market,symbol,date,close_t,close_t5,momentum,ma_cross,pred_bilstm,pred_tft
US,AAPL,2024-05-15 00:00:00-04:00,188.8368682861328,190.01136779785156,0.03960449103695307,0.058728087402421414,157.71400451660156,152.606201171875
US,AAPL,2024-05-22 00:00:00-04:00,190.01136779785156,190.39956665039065,0.006219651503323487,0.048927413905392125,158.7936248779297,152.606201171875
US,AAPL,2024-05-30 00:00:00-04:00,190.39956665039065,193.57472229003903,0.002043029619954506,0.015649086125000267,158.75375366210938,152.606201171875
US,AAPL,2024-06-06 00:00:00-04:00,193.57472229003903,213.2427520751953,0.01667627555832918,0.020953098300216855,159.76199340820312,152.606201171875
US,AAPL,2024-06-13 00:00:00-04:00,213.2427520751953,206.524169921875,0.10160432908015271,0.051309953613976056,164.2751922607422,152.606201171875
US,AAPL,2024-06-21 00:00:00-04:00,206.524169921875,209.6395721435547,-0.03150673159081696,0.05942812367434369,161.61875915527344,152.606201171875
US,AAPL,2024-06-28 00:00:00-04:00,209.6395721435547,226.759521484375,0.015084927942614179,0.026626951054931514,162.590576171875,152.606201171875
US,AAPL,2024-07-08 00:00:00-04:00,226.759521484375,233.3088836669922,0.0816637296373468,0.04653656636055814,166.2506103515625,152.606201171875
US,AAPL,2024-07-15 00:00:00-04:00,233.3088836669922,222.91748046875,0.028882413138574536,0.05338716623415052,168.11997985839844,152.606201171875
US,AAPL,2024-07-22 00:00:00-04:00,222.91748046875,217.22412109375,-0.04453925214898424,0.019373138989892347,166.0321807861328,152.606201171875
US,AAPL,2024-07-29 00:00:00-04:00,217.22412109375,208.2958526611328,-0.02554021049864741,-0.02473839882735862,164.54812622070312,157.2693328857422
US,AAPL,2024-08-05 00:00:00-04:00,208.2958526611328,216.7680206298828,-0.04110164372014613,-0.02735744999972567,162.8677215576172,168.24244689941406
US,AAPL,2024-08-12 00:00:00-04:00,216.7680206298828,225.0987548828125,0.04067372374683331,-0.029322954707732718,164.1007537841797,168.2198486328125
US,AAPL,2024-08-19 00:00:00-04:00,225.0987548828125,226.38421630859375,0.03843156489929789,0.025817395242547336,166.51754760742188,168.3485565185547
US,AAPL,2024-08-26 00:00:00-04:00,226.38421630859375,221.98968505859375,0.005710655425217537,0.028279139539902687,166.72010803222656,168.3534393310547
US,AAPL,2024-09-03 00:00:00-04:00,221.98968505859375,219.3389892578125,-0.019411827033072093,0.02111721992590332,166.74668884277344,164.5621337890625
US,AAPL,2024-09-10 00:00:00-04:00,219.3389892578125,216.03062438964844,-0.011940625980354058,-0.01602308276587816,165.16680908203125,164.5442352294922
US,AAPL,2024-09-17 00:00:00-04:00,216.03062438964844,226.5735626220703,-0.015083341449501186,-0.015533182756898078,164.5099334716797,164.54208374023438
US,AAPL,2024-09-24 00:00:00-04:00,226.5735626220703,225.41763305664065,0.04880297995809091,0.011759584400852452,167.68687438964844,164.5422821044922
US,AAPL,2024-10-01 00:00:00-04:00,225.41763305664065,224.9791717529297,-0.005101784833377865,0.018970199819974054,166.15818786621094,164.5418701171875
US,AAPL,2024-10-08 00:00:00-04:00,224.9791717529297,233.03086853027344,-0.0019451065019425728,0.0014666105644773886,166.2394561767578,164.5400848388672
US,AAPL,2024-10-15 00:00:00-04:00,233.03086853027344,235.03382873535156,0.035788631963611595,0.012007538383494998,168.23985290527344,164.5399932861328
US,AAPL,2024-10-22 00:00:00-04:00,235.03382873535156,232.85150146484375,0.008595257004837098,0.020681250097722037,168.63723754882812,164.53550720214844
US,AAPL,2024-10-29 00:00:00-04:00,232.85150146484375,222.66729736328125,-0.009285162405132441,0.006545778061322505,168.1569061279297,164.53343200683594
US,AAPL,2024-11-05 00:00:00-05:00,222.66729736328125,223.69039916992188,-0.04373690544185782,-0.023708745072719695,165.8395538330078,164.53192138671875
US,AAPL,2024-11-12 00:00:00-05:00,223.69039916992188,227.73065185546875,0.00459475557819089,-0.016668195294742394,166.38050842285156,164.5336151123047
US,AAPL,2024-11-19 00:00:00-05:00,227.73065185546875,234.49432373046875,0.018061806409839676,-0.0006352355591803249,167.14991760253906,164.5320281982422
US,AAPL,2024-11-26 00:00:00-05:00,234.49432373046875,242.4252014160156,0.02970031403279272,0.0183001622097283,168.48089599609375,164.53341674804688
US,AAPL,2024-12-04 00:00:00-05:00,242.4252014160156,245.89682006835935,0.03382119259595684,0.03846961789034009,170.19505310058594,164.53018188476562
US,AAPL,2024-12-11 00:00:00-05:00,245.89682006835935,247.4530792236328,0.014320370291809104,0.040981154589396995,171.28515625,164.52664184570312
US,AAPL,2024-12-18 00:00:00-05:00,247.4530792236328,258.39666748046875,0.006328911267908355,0.034433908580998374,171.92478942871094,164.52447509765625
US,AAPL,2024-12-26 00:00:00-05:00,258.39666748046875,242.7743682861328,0.04422490231752496,0.03176880469793075,173.42877197265625,164.52330017089844
US,AAPL,2025-01-03 00:00:00-05:00,242.7743682861328,233.83592224121097,-0.06045859393878128,-0.0032134300151884787,170.16946411132812,164.52235412597656
US,AAPL,2025-01-13 00:00:00-05:00,233.83592224121097,222.10421752929688,-0.036817914955449615,-0.033662459346079365,168.33059692382812,164.52261352539062
US,AAPL,2025-01-21 00:00:00-05:00,222.10421752929688,237.68663024902344,-0.05017066924307878,-0.05481832601283487,166.14634704589844,164.52317810058594
US,AAPL,2025-01-28 00:00:00-05:00,237.68663024902344,232.23977661132812,0.07015811267821226,-0.03872494297707929,168.0707550048828,164.5241241455078
US,AAPL,2025-02-04 00:00:00-05:00,232.23977661132812,232.3153533935547,-0.02291611283305528,0.0063661145705877775,167.56005859375,164.5236358642578
US,AAPL,2025-02-11 00:00:00-05:00,232.3153533935547,244.54930114746097,0.00032542565846949145,-0.00040963454162401547,167.33030700683594,164.52333068847656
US,AAPL,2025-02-19 00:00:00-05:00,244.54930114746097,240.0452117919922,0.05266095234429602,0.03734525616596551,170.91329956054688,164.52285766601562
US,AAPL,2025-02-26 00:00:00-05:00,240.0452117919922,235.4312744140625,-0.01841791955378702,0.0293901560469767,170.34823608398438,164.52197265625
US,AAPL,2025-03-05 00:00:00-05:00,235.4312744140625,216.69583129882812,-0.019221118153057937,-0.005131616079483536,168.48695373535156,164.5226287841797
US,AAPL,2025-03-12 00:00:00-04:00,216.69583129882812,214.95811462402344,-0.0795792452037769,-0.04362711544889308,165.15525817871094,164.5236053466797
US,AAPL,2025-03-19 00:00:00-04:00,214.95811462402344,221.2398681640625,-0.008019151380943446,-0.07773966931041487,163.92868041992188,164.52685546875
US,AAPL,2025-03-26 00:00:00-04:00,221.2398681640625,223.59678649902344,0.02922315145453469,-0.02192778458973421,165.99591064453125,164.52816772460938
US,AAPL,2025-04-02 00:00:00-04:00,223.59678649902344,198.5895843505859,0.0106532260867791,0.006728377071782088,165.96597290039062,164.52951049804688
US,AAPL,2025-04-09 00:00:00-04:00,198.5895843505859,194.0155792236328,-0.11184061515368315,-0.10466155174558256,156.79913330078125,164.54371643066406
US,AAPL,2025-04-16 00:00:00-04:00,194.0155792236328,208.09710693359375,-0.023032452290540295,-0.04615637625301605,159.7616424560547,168.07620239257812
US,AAPL,2025-04-24 00:00:00-04:00,208.09710693359375,213.04063415527344,0.07257936587520031,-0.00845607798548953,161.76092529296875,168.34811401367188
US,AAPL,2025-05-01 00:00:00-04:00,213.04063415527344,197.2313690185547,0.02375586712628941,0.05880583674216311,163.56588745117188,168.36019897460938
US,AAPL,2025-05-08 00:00:00-04:00,197.2313690185547,211.4499969482422,-0.0742077453881228,-0.0141790533453241,160.02113342285156,168.20413208007812
US,ADBE,2024-05-15 00:00:00-04:00,485.3500061035156,483.9299926757813,-0.0056340913042659535,0.00836415041553451,468.820068359375,481.9978942871094
US,ADBE,2024-05-22 00:00:00-04:00,483.9299926757813,445.8699951171875,-0.0029257513338353247,0.004989015660461504,468.72637939453125,481.9978942871094
US,ADBE,2024-05-30 00:00:00-04:00,445.8699951171875,458.1300048828125,-0.0786477344546257,-0.01879985663320316,462.3831481933594,481.9978942871094
US,ADBE,2024-06-06 00:00:00-04:00,458.1300048828125,458.739990234375,0.027496826204693958,-0.04754978934868659,462.3382873535156,481.9978942871094
US,ADBE,2024-06-13 00:00:00-04:00,458.739990234375,533.4400024414062,0.0013314678040319272,-0.01109197595327982,462.5718994140625,481.9978942871094
US,ADBE,2024-06-21 00:00:00-04:00,533.4400024414062,555.5399780273438,0.1628373671300516,0.10011242125804398,480.82989501953125,481.9978942871094
US,ADBE,2024-06-28 00:00:00-04:00,555.5399780273438,575.4000244140625,0.041429168200345146,0.08831796065668396,484.164306640625,481.9978942871094
US,ADBE,2024-07-08 00:00:00-04:00,575.4000244140625,565.7100219726562,0.03574908588440273,0.09017128814555053,489.58990478515625,481.998046875
US,ADBE,2024-07-15 00:00:00-04:00,565.7100219726562,554.8200073242188,-0.016840462339697826,0.025760146778118775,486.75726318359375,481.998046875
US,ADBE,2024-07-22 00:00:00-04:00,554.8200073242188,536.6099853515625,-0.019250170980643966,0.0027219868671246594,485.23968505859375,481.998046875
US,ADBE,2024-07-29 00:00:00-04:00,536.6099853515625,509.3200073242187,-0.03282149477716101,-0.03518312167697424,481.2775573730469,481.998046875
US,ADBE,2024-08-05 00:00:00-04:00,509.3200073242187,530.9299926757812,-0.0508562620381815,-0.02523580012856963,475.00677490234375,481.998046875
US,ADBE,2024-08-12 00:00:00-04:00,530.9299926757812,563.1199951171875,0.04242909181026189,-0.025694701673196207,480.4385681152344,481.9978942871094
US,ADBE,2024-08-19 00:00:00-04:00,563.1199951171875,559.4400024414062,0.06062946694567972,0.02343089589273628,486.9360046386719,481.998046875
US,ADBE,2024-08-26 00:00:00-04:00,559.4400024414062,571.0399780273438,-0.006535006229028362,0.033776731045072284,486.50592041015625,481.998046875
US,ADBE,2024-09-03 00:00:00-04:00,571.0399780273438,574.47998046875,0.02073497700435256,0.03231708451368043,490.2968444824219,481.998046875
US,ADBE,2024-09-10 00:00:00-04:00,574.47998046875,515.030029296875,0.006024100892707551,0.01426975612835557,489.4922790527344,481.998046875
US,ADBE,2024-09-17 00:00:00-04:00,515.030029296875,524.0700073242188,-0.1034848092066959,-0.024614815077884544,476.7939453125,481.998046875
US,ADBE,2024-09-24 00:00:00-04:00,524.0700073242188,502.7999877929687,0.01755233192846095,-0.055081112841840585,477.8556213378906,481.998046875
US,ADBE,2024-10-01 00:00:00-04:00,502.7999877929687,496.239990234375,-0.04058621793651174,-0.04569135837166505,474.36529541015625,481.998046875
US,ADBE,2024-10-08 00:00:00-04:00,496.239990234375,508.0299987792969,-0.013046932613082762,-0.04005913776094072,471.2253723144531,481.9978942871094
US,ADBE,2024-10-15 00:00:00-04:00,508.0299987792969,493.1099853515625,0.023758682848904256,-0.014355296225478709,475.49713134765625,481.9978942871094
US,ADBE,2024-10-22 00:00:00-04:00,493.1099853515625,485.3900146484375,-0.029368370890664797,-0.012437481759618452,471.001953125,481.9978942871094
US,ADBE,2024-10-29 00:00:00-04:00,485.3900146484375,486.4200134277344,-0.01565567709528548,-0.02441532466770524,468.95379638671875,481.9978942871094
US,ADBE,2024-11-05 00:00:00-05:00,486.4200134277344,526.4199829101562,0.002122002406750978,-0.017081724176944202,469.1266784667969,481.9978942871094
US,ADBE,2024-11-12 00:00:00-05:00,526.4199829101562,499.6099853515625,0.08223339578597444,0.027972140572272597,477.19097900390625,481.9978942871094
US,ADBE,2024-11-19 00:00:00-05:00,499.6099853515625,525.2999877929688,-0.05092891309023384,0.03322097184169248,472.4984436035156,481.998046875
US,ADBE,2024-11-26 00:00:00-05:00,525.2999877929688,536.489990234375,0.05142011407824221,0.016763906139724005,478.268798828125,481.9978942871094
US,ADBE,2024-12-04 00:00:00-05:00,536.489990234375,549.9299926757812,0.021302118220905886,0.01359061851743415,479.70513916015625,481.9978942871094
US,ADBE,2024-12-11 00:00:00-05:00,549.9299926757812,441.30999755859375,0.025051730108766268,0.04634293201918793,484.3599548339844,481.998046875
US,ADBE,2024-12-18 00:00:00-05:00,441.30999755859375,450.1600036621094,-0.197516041248592,-0.09806575362148573,458.7720031738281,481.9978942871094
US,ADBE,2024-12-26 00:00:00-05:00,450.1600036621094,430.5700073242187,0.020053944285140624,-0.09580184057406327,457.9163818359375,481.9978942871094
US,ADBE,2025-01-03 00:00:00-05:00,430.5700073242187,408.5,-0.04351785182718049,-0.06738411959555746,455.4866943359375,481.9978942871094
US,ADBE,2025-01-13 00:00:00-05:00,408.5,436.3599853515625,-0.0512576513663201,-0.053590557173215925,449.6457824707031,481.9978942871094
US,ADBE,2025-01-21 00:00:00-05:00,436.3599853515625,442.8399963378906,0.06820069853503674,-0.018028669829009525,456.7275390625,481.9978942871094
US,ADBE,2025-01-28 00:00:00-05:00,442.8399963378906,440.2300109863281,0.014850149426756776,0.01795953399526229,457.9568786621094,481.9978942871094
US,ADBE,2025-02-04 00:00:00-05:00,440.2300109863281,458.8200073242187,-0.005893743503626703,0.024328248390561136,457.81024169921875,481.9978942871094
US,ADBE,2025-02-11 00:00:00-05:00,458.8200073242187,456.989990234375,0.042227916938783805,0.014815678726079584,461.5079040527344,481.9978942871094
US,ADBE,2025-02-19 00:00:00-05:00,456.989990234375,441.5,-0.003988529402883079,0.033464045015844324,463.3458251953125,481.9978942871094
US,ADBE,2025-02-26 00:00:00-05:00,441.5,451.239990234375,-0.03389568823253808,-0.004267407124772915,458.6495056152344,481.9978942871094
US,ADBE,2025-03-05 00:00:00-05:00,451.239990234375,438.6000061035156,0.02206113303369195,-0.011870999828057727,460.1164855957031,481.9978942871094
US,ADBE,2025-03-12 00:00:00-04:00,438.6000061035156,387.8900146484375,-0.028011666528700463,-0.015732933677233385,457.6169738769531,481.9978942871094
US,ADBE,2025-03-19 00:00:00-04:00,387.8900146484375,397.80999755859375,-0.11561785396580648,-0.09192324040736166,444.4938659667969,481.9978942871094
US,ADBE,2025-03-26 00:00:00-04:00,397.80999755859375,385.7799987792969,0.02557421571975027,-0.05373037406792769,447.35845947265625,481.9978942871094
US,ADBE,2025-04-02 00:00:00-04:00,385.7799987792969,364.6400146484375,-0.030240564221931,-0.039998214046984004,443.1412658691406,481.9978942871094
US,ADBE,2025-04-09 00:00:00-04:00,364.6400146484375,344.19000244140625,-0.05479803047786691,-0.07524408024967999,435.3505554199219,481.9978942871094
US,ADBE,2025-04-16 00:00:00-04:00,344.19000244140625,360.9100036621094,-0.056082742939630004,-0.05727792176084856,433.7669372558594,481.9978942871094
US,ADBE,2025-04-24 00:00:00-04:00,360.9100036621094,374.6300048828125,0.04857782359192564,-0.024952675016847392,436.93499755859375,481.9978942871094
US,ADBE,2025-05-01 00:00:00-04:00,374.6300048828125,383.989990234375,0.038015020590972615,0.04301548513205766,441.9870910644531,481.9978942871094
US,ADBE,2025-05-08 00:00:00-04:00,383.989990234375,404.69000244140625,0.024984612096114356,0.052502196167617976,444.48712158203125,481.9978942871094
US,AMD,2024-05-15 00:00:00-04:00,159.6699981689453,165.52000427246094,0.03938291396990756,0.004622674227995782,114.33739471435547,98.73248291015625
US,AMD,2024-05-22 00:00:00-04:00,165.52000427246094,166.75,0.03663810465711781,0.05390448537911796,117.21085357666016,98.73248291015625
US,AMD,2024-05-30 00:00:00-04:00,166.75,166.77999877929688,0.007431100143728608,0.04367445612398768,117.08287811279297,98.73248291015625
US,AMD,2024-06-06 00:00:00-04:00,166.77999877929688,159.89999389648438,0.00017990272441914534,0.014970817045102613,116.54280090332031,98.73248291015625
US,AMD,2024-06-13 00:00:00-04:00,159.89999389648438,161.22999572753906,-0.04125197825380089,-0.01685142016666541,114.84400939941406,98.73248291015625
US,AMD,2024-06-21 00:00:00-04:00,161.22999572753906,162.2100067138672,0.008317710330343786,-0.02271652428898774,115.51579284667969,98.73248291015625
US,AMD,2024-06-28 00:00:00-04:00,162.2100067138672,178.69000244140625,0.006078341575994628,-0.00843435598075859,115.52044677734375,98.73248291015625
US,AMD,2024-07-08 00:00:00-04:00,178.69000244140625,179.8300018310547,0.10159666509729703,0.032961936217810184,119.6622543334961,98.73248291015625
US,AMD,2024-07-15 00:00:00-04:00,179.8300018310547,155.8699951171875,0.006379760333946161,0.0843564354914148,121.05796813964844,98.73248291015625
US,AMD,2024-07-22 00:00:00-04:00,155.8699951171875,139.75,-0.1332369819824445,-0.041920474745853475,113.2139663696289,98.73248291015625
US,AMD,2024-07-29 00:00:00-04:00,139.75,134.82000732421875,-0.10341948817710578,-0.1200373099408264,109.90425109863281,98.73248291015625
US,AMD,2024-08-05 00:00:00-04:00,134.82000732421875,136.77000427246094,-0.03527722844923975,-0.12016005627068904,107.95243835449219,98.73248291015625
US,AMD,2024-08-12 00:00:00-04:00,136.77000427246094,155.27999877929688,0.014463705995451992,-0.07014948004564381,108.44774627685547,98.73248291015625
US,AMD,2024-08-19 00:00:00-04:00,155.27999877929688,149.99000549316406,0.13533665225279945,0.04772112689391417,112.75505828857422,98.73248291015625
US,AMD,2024-08-26 00:00:00-04:00,149.99000549316406,136.94000244140625,-0.03406744801467709,0.08081808717099426,113.1897964477539,98.73248291015625
US,AMD,2024-09-03 00:00:00-04:00,136.94000244140625,142.83999633789062,-0.08700581754664027,0.0046169523060144435,110.19510650634766,98.73248291015625
US,AMD,2024-09-10 00:00:00-04:00,142.83999633789062,150.82000732421875,0.043084517243300535,-0.04948317527548485,110.2818832397461,98.73248291015625
US,AMD,2024-09-17 00:00:00-04:00,150.82000732421875,158.32000732421875,0.05586678235031073,0.02479138679005377,113.56175231933594,98.73248291015625
US,AMD,2024-09-24 00:00:00-04:00,158.32000732421875,159.75,0.04972815034995448,0.050352067517659194,115.07782745361328,98.73248291015625
US,AMD,2024-10-01 00:00:00-04:00,159.75,172.8000030517578,0.009032292885464699,0.07406010140841501,116.12187957763672,98.73248291015625
US,AMD,2024-10-08 00:00:00-04:00,172.8000030517578,156.63999938964844,0.08169015994840567,0.050933820854115464,119.13800811767578,98.73248291015625
US,AMD,2024-10-15 00:00:00-04:00,156.63999938964844,154.08999633789062,-0.09351853805968424,0.01350105523117473,115.54633331298828,98.73248291015625
US,AMD,2024-10-22 00:00:00-04:00,154.08999633789062,166.25,-0.01627938624676939,-0.042624529115100174,113.92266845703125,98.73248291015625
US,AMD,2024-10-29 00:00:00-04:00,166.25,141.66000366210938,0.07891494549357225,-0.023639981371508023,116.56673431396484,98.73248291015625
US,AMD,2024-11-05 00:00:00-05:00,141.66000366210938,143.6300048828125,-0.14790975240836468,-0.07823552035595205,110.58856964111328,98.73248291015625
US,AMD,2024-11-12 00:00:00-05:00,143.6300048828125,139.38999938964844,0.013906545035831108,-0.02796173157765025,111.44935607910156,98.73248291015625
US,AMD,2024-11-19 00:00:00-05:00,139.38999938964844,137.72000122070312,-0.029520332444627262,-0.056440801663946605,109.95108795166016,98.73248291015625
US,AMD,2024-11-26 00:00:00-05:00,137.72000122070312,143.99000549316406,-0.011980760285944414,-0.023017202389367664,110.27800750732422,98.73248291015625
US,AMD,2024-12-04 00:00:00-05:00,143.99000549316406,130.14999389648438,0.045527187168789895,-0.004664871510571933,111.36434173583984,98.73248291015625
US,AMD,2024-12-11 00:00:00-05:00,130.14999389648438,121.41000366210938,-0.09611786282858881,-0.028676653405740216,107.6166763305664,98.73248291015625
US,AMD,2024-12-18 00:00:00-05:00,121.41000366210938,125.05999755859376,-0.06715321278713549,-0.06333267706814127,106.07786560058594,98.73248291015625
US,AMD,2024-12-26 00:00:00-05:00,125.05999755859376,125.37000274658205,0.03006337028571804,-0.06068081452428664,106.56609344482422,98.73248291015625
US,AMD,2025-01-03 00:00:00-05:00,125.37000274658205,117.31999969482422,0.002478851703503704,-0.027739525419726796,105.78233337402344,98.73248291015625
US,AMD,2025-01-13 00:00:00-05:00,117.31999969482422,122.27999877929688,-0.06420996151710856,-0.009246634581738356,104.2613525390625,98.73248291015625
US,AMD,2025-01-21 00:00:00-05:00,122.27999877929688,114.16999816894533,0.04227752384397143,-0.01880046654502976,105.69151306152344,98.73248291015625
US,AMD,2025-01-28 00:00:00-05:00,114.16999816894533,119.5,-0.06632319832607525,-0.011677137852258102,103.76972961425781,98.73248291015625
US,AMD,2025-02-04 00:00:00-05:00,119.5,111.0999984741211,0.046684785114627925,-0.021431710131922688,104.36647033691406,98.73248291015625
US,AMD,2025-02-11 00:00:00-05:00,111.0999984741211,114.69000244140624,-0.07029289979814979,-0.055280416611197536,102.62437438964844,98.73248291015625
US,AMD,2025-02-19 00:00:00-05:00,114.69000244140624,104.73999786376952,0.03231326747606911,-0.017052983774285102,103.51675415039062,98.73248291015625
US,AMD,2025-02-26 00:00:00-05:00,104.73999786376952,101.66999816894533,-0.08675564012408199,-0.03447293600873769,101.1891860961914,98.73248291015625
US,AMD,2025-03-05 00:00:00-05:00,101.66999816894533,100.79000091552734,-0.029310671734185,-0.07350086064164729,100.29440307617188,98.73248291015625
US,AMD,2025-03-12 00:00:00-04:00,100.79000091552734,106.2300033569336,-0.008655427060750842,-0.060653664988780664,99.94100189208984,98.73248291015625
US,AMD,2025-03-19 00:00:00-04:00,106.2300033569336,110.19000244140624,0.05397363222533902,0.0024651190914601884,101.55037689208984,98.73248291015625
US,AMD,2025-03-26 00:00:00-04:00,110.19000244140624,102.95999908447266,0.03727759539992692,0.07309634630364115,103.45527648925781,98.73248291015625
US,AMD,2025-04-02 00:00:00-04:00,102.95999908447266,96.83999633789062,-0.06561396857013546,-0.0019879399504407758,100.64497375488281,98.73248291015625
US,AMD,2025-04-09 00:00:00-04:00,96.83999633789062,88.29000091552734,-0.05944058664531382,-0.1332252141552528,96.92646789550781,98.73248291015625
US,AMD,2025-04-16 00:00:00-04:00,88.29000091552734,94.47000122070312,-0.08828991889395521,-0.06524951524901224,97.40767669677734,98.73248291015625
US,AMD,2025-04-24 00:00:00-04:00,94.47000122070312,96.6500015258789,0.06999660483737657,-0.04526695786326018,97.8274917602539,98.73248291015625
US,AMD,2025-05-01 00:00:00-04:00,96.6500015258789,101.6999969482422,0.023076111749832817,0.05843753655592221,99.3450927734375,98.73248291015625
US,AMD,2025-05-08 00:00:00-04:00,101.6999969482422,114.98999786376952,0.05225033980999072,0.059734149959427274,100.84107208251953,98.73248291015625
US,AMZN,2024-05-15 00:00:00-04:00,185.9900054931641,183.1300048828125,-0.010691460142744247,0.026855181797907468,150.76605224609375,147.19219970703125
US,AMZN,2024-05-22 00:00:00-04:00,183.1300048828125,179.32000732421875,-0.015377173643111197,-0.0018481365310690778,150.30345153808594,147.19219970703125
US,AMZN,2024-05-30 00:00:00-04:00,179.32000732421875,185.0,-0.020804878812905714,-0.020365536343085244,149.65501403808594,147.19219970703125
US,AMZN,2024-06-06 00:00:00-04:00,185.0,183.8300018310547,0.03167517535013009,-0.01607726821151434,150.2483673095703,147.19219970703125
US,AMZN,2024-06-13 00:00:00-04:00,183.8300018310547,189.0800018310547,-0.0063243144267314255,0.017543762628134285,150.85877990722656,147.19219970703125
US,AMZN,2024-06-21 00:00:00-04:00,189.0800018310547,193.25,0.028558994438921292,0.011508701881419947,151.21751403808594,147.19219970703125
US,AMZN,2024-06-28 00:00:00-04:00,193.25,199.2899932861328,0.022054147073000685,0.03082941797382288,153.01498413085938,147.19219970703125
US,AMZN,2024-07-08 00:00:00-04:00,199.2899932861328,192.72000122070312,0.03125481648710382,0.04482724557078255,154.14944458007812,147.19219970703125
US,AMZN,2024-07-15 00:00:00-04:00,192.72000122070312,182.5500030517578,-0.032966994263463834,0.017564413513721178,152.76992797851562,147.19219970703125
US,AMZN,2024-07-22 00:00:00-04:00,182.5500030517578,183.1999969482422,-0.052770849442340007,-0.03649218806745591,150.2239990234375,147.19219970703125
US,AMZN,2024-07-29 00:00:00-04:00,183.1999969482422,161.02000427246094,0.003560634815766628,-0.043858537394656394,150.24008178710938,147.19219970703125
US,AMZN,2024-08-05 00:00:00-04:00,161.02000427246094,166.8000030517578,-0.12106983103306257,-0.04843722694928154,144.39503479003906,147.19219970703125
US,AMZN,2024-08-12 00:00:00-04:00,166.8000030517578,178.22000122070312,0.035896153433933486,-0.07104074649416603,146.4570770263672,147.19219970703125
US,AMZN,2024-08-19 00:00:00-04:00,178.22000122070312,175.5,0.06846521558756624,0.0002548659235914741,149.03160095214844,147.19219970703125
US,AMZN,2024-08-26 00:00:00-04:00,175.5,176.25,-0.015262042431111511,0.02418959387984687,148.6898651123047,147.19219970703125
US,AMZN,2024-09-03 00:00:00-04:00,176.25,179.5500030517578,0.004273504273504258,0.007890868563437792,148.70846557617188,147.19219970703125
US,AMZN,2024-09-10 00:00:00-04:00,179.5500030517578,186.8800048828125,0.018723421570257193,0.00029351300771529587,149.0638885498047,147.19219970703125
US,AMZN,2024-09-17 00:00:00-04:00,186.8800048828125,193.9600067138672,0.04082429243368879,0.04300030210415873,151.2985382080078,147.19219970703125
US,AMZN,2024-09-24 00:00:00-04:00,193.9600067138672,185.1300048828125,0.03788528278075742,0.05203543634108021,152.582763671875,147.19219970703125
US,AMZN,2024-10-01 00:00:00-04:00,185.1300048828125,182.72000122070312,-0.04552485834917941,0.017883550144865312,150.75685119628906,147.19219970703125
US,AMZN,2024-10-08 00:00:00-04:00,182.72000122070312,187.69000244140625,-0.013017898765977476,-0.020929737432223705,150.07598876953125,147.19219970703125
US,AMZN,2024-10-15 00:00:00-04:00,187.69000244140625,189.6999969482422,0.027200094064688596,-0.002132499838503721,151.38775634765625,147.19219970703125
US,AMZN,2024-10-22 00:00:00-04:00,189.6999969482422,190.8300018310547,0.010709118656777816,0.008239881591875609,151.74481201171875,147.19219970703125
US,AMZN,2024-10-29 00:00:00-04:00,190.8300018310547,199.5,0.005956799688936254,0.0052559218204750735,151.8871307373047,147.19219970703125
US,AMZN,2024-11-05 00:00:00-05:00,199.5,208.91000366210935,0.04543309797073225,0.026614524781273463,153.64906311035156,147.19219970703125
US,AMZN,2024-11-12 00:00:00-05:00,208.91000366210935,204.61000061035156,0.04716793815593667,0.06948349598740666,156.20361328125,147.19219970703125
US,AMZN,2024-11-19 00:00:00-05:00,204.61000061035156,207.86000061035156,-0.020583040430713906,0.0381204482312989,154.70098876953125,147.19219970703125
US,AMZN,2024-11-26 00:00:00-05:00,207.86000061035156,218.16000366210935,0.015883876595988777,-0.006124855994142697,155.21963500976562,147.19219970703125
US,AMZN,2024-12-04 00:00:00-05:00,218.16000366210935,230.2599945068359,0.04955259800593326,0.020429082514585417,158.20614624023438,147.19219970703125
US,AMZN,2024-12-11 00:00:00-05:00,230.2599945068359,220.52000427246097,0.05546383682440381,0.0683163249809966,160.91751098632812,147.1922149658203
US,AMZN,2024-12-18 00:00:00-05:00,220.52000427246097,227.0500030517578,-0.042299967283660256,0.0531863564666748,160.38999938964844,147.1922149658203
US,AMZN,2024-12-26 00:00:00-05:00,227.0500030517578,224.19000244140625,0.029611820482412066,0.013954131798735503,160.67344665527344,147.1922149658203
US,AMZN,2025-01-03 00:00:00-05:00,224.19000244140625,218.4600067138672,-0.012596346936404101,-0.01615270811420122,159.6839141845703,147.1922149658203
US,AMZN,2025-01-13 00:00:00-05:00,218.4600067138672,230.7100067138672,-0.025558658571479542,-0.011473756054039663,158.62049865722656,147.1922149658203
US,AMZN,2025-01-21 00:00:00-05:00,230.7100067138672,238.1499938964844,0.056074336828363824,0.0017443384748712099,161.0362091064453,147.19223022460938
US,AMZN,2025-01-28 00:00:00-05:00,238.1499938964844,242.05999755859375,0.032248220563074526,0.04429978863493478,162.71075439453125,147.19223022460938
US,AMZN,2025-02-04 00:00:00-05:00,242.05999755859375,232.7599945068359,0.01641823960662747,0.03483707918370449,163.50350952148438,147.19223022460938
US,AMZN,2025-02-11 00:00:00-05:00,232.7599945068359,226.6300048828125,-0.03842023938509975,0.005156568794518979,161.57763671875,147.19223022460938
US,AMZN,2025-02-19 00:00:00-05:00,226.6300048828125,214.3500061035156,-0.026336096273809506,-0.024361894913193405,160.34262084960938,147.19223022460938
US,AMZN,2025-02-26 00:00:00-05:00,214.3500061035156,208.36000061035156,-0.05418522929321179,-0.05725950328264884,157.46607971191406,147.19223022460938
US,AMZN,2025-03-05 00:00:00-05:00,208.36000061035156,198.88999938964844,-0.027944974679736112,-0.062325705183718605,155.56069946289062,147.19223022460938
US,AMZN,2025-03-12 00:00:00-04:00,198.88999938964844,195.5399932861328,-0.045450188102143074,-0.06798942186580614,153.66944885253906,147.19223022460938
US,AMZN,2025-03-19 00:00:00-04:00,195.5399932861328,201.1300048828125,-0.016843512060918497,-0.04399977773764496,152.822998046875,147.19223022460938
US,AMZN,2025-03-26 00:00:00-04:00,201.1300048828125,196.0099945068359,0.02858756156598541,-8.238223001166833e-05,155.04306030273438,147.1922149658203
US,AMZN,2025-04-02 00:00:00-04:00,196.0099945068359,191.1000061035156,-0.02545622359508093,-0.01259236927000118,152.2786407470703,147.1922149658203
US,AMZN,2025-04-09 00:00:00-04:00,191.1000061035156,174.3300018310547,-0.025049683898384467,-0.07570871230891862,149.2252960205078,147.1922149658203
US,AMZN,2025-04-16 00:00:00-04:00,174.3300018310547,186.5399932861328,-0.08775512159521803,-0.040884140718680184,148.52603149414062,147.1922149658203
US,AMZN,2025-04-24 00:00:00-04:00,186.5399932861328,190.1999969482422,0.07003953035525678,-0.03304561438155651,150.23008728027344,147.19219970703125
US,AMZN,2025-05-01 00:00:00-04:00,190.1999969482422,192.0800018310547,0.019620477076437437,0.040828713852605114,151.5137939453125,147.19219970703125
US,AMZN,2025-05-08 00:00:00-04:00,192.0800018310547,205.1699981689453,0.009884358112393077,0.028748018355983174,152.04100036621094,147.19219970703125
US,CRM,2024-05-15 00:00:00-04:00,285.86724853515625,282.16888427734375,0.03072025214486307,0.013408379385039915,225.71539306640625,219.35081481933594
US,CRM,2024-05-22 00:00:00-04:00,282.16888427734375,216.74172973632812,-0.012937348635647106,0.025688247573498968,225.86981201171875,219.35081481933594
US,CRM,2024-05-30 00:00:00-04:00,216.74172973632812,241.34771728515625,-0.23187232252266088,-0.04817010980043035,211.5694122314453,219.35081481933594
US,CRM,2024-06-06 00:00:00-04:00,241.34771728515625,227.69761657714844,0.1135267656060599,-0.10788704114494818,213.28115844726562,219.35081481933594
US,CRM,2024-06-13 00:00:00-04:00,227.69761657714844,243.6343688964844,-0.056557819819277544,-0.06887303992691651,216.57110595703125,219.35081481933594
US,CRM,2024-06-21 00:00:00-04:00,243.6343688964844,255.6043243408203,0.06999086138407717,-0.029134002962181604,217.6551971435547,219.35081481933594
US,CRM,2024-06-28 00:00:00-04:00,255.6043243408203,255.87274169921875,0.04913081638913486,0.031016941183267255,220.17767333984375,219.35081481933594
US,CRM,2024-07-08 00:00:00-04:00,255.87274169921875,251.78030395507812,0.00105012839313523,0.05640181103233233,220.56570434570312,219.35081481933594
US,CRM,2024-07-15 00:00:00-04:00,251.78030395507812,252.99508666992188,-0.01599403561693702,0.01708788486827406,219.25291442871094,219.35081481933594
US,CRM,2024-07-22 00:00:00-04:00,252.99508666992188,257.48583984375,0.0048247726123187284,-0.0037311092045851924,218.87953186035156,219.35081481933594
US,CRM,2024-07-29 00:00:00-04:00,257.48583984375,237.9894256591797,0.017750357261629768,0.007812000259837193,221.1301727294922,219.35081481933594
US,CRM,2024-08-05 00:00:00-04:00,237.9894256591797,250.23692321777344,-0.07571839366545874,-0.008827634553546071,215.3712615966797,219.35081481933594
US,CRM,2024-08-12 00:00:00-04:00,250.23692321777344,264.2468566894531,0.05146236024844719,-0.01960127117456334,219.56381225585938,219.35081481933594
US,CRM,2024-08-19 00:00:00-04:00,264.2468566894531,264.1472473144531,0.055986675713268985,0.026662865759986998,221.79611206054688,219.35081481933594
US,CRM,2024-08-26 00:00:00-04:00,264.1472473144531,247.00079345703125,-0.00037695576116947294,0.02888741026422359,221.6585235595703,219.35081481933594
US,CRM,2024-09-03 00:00:00-04:00,247.00079345703125,245.10891723632812,-0.06491248359294821,-1.952800757876183e-06,218.0269775390625,219.35081481933594
US,CRM,2024-09-10 00:00:00-04:00,245.10891723632812,254.100341796875,-0.007659393292727357,-0.03978479700491999,217.6913604736328,219.35081481933594
US,CRM,2024-09-17 00:00:00-04:00,254.100341796875,269.7080078125,0.03668338411318417,-0.002500389571714723,220.4557647705078,219.35081481933594
US,CRM,2024-09-24 00:00:00-04:00,269.7080078125,270.1368103027344,0.061423238966367144,0.03634747562448837,222.7066192626953,219.35081481933594
US,CRM,2024-10-01 00:00:00-04:00,270.1368103027344,290.78082275390625,0.0015898767474953335,0.05745066204618654,222.90948486328125,219.35081481933594
US,CRM,2024-10-08 00:00:00-04:00,290.78082275390625,287.56951904296875,0.07642058269673324,0.05838559665090304,227.14578247070312,219.35081481933594
US,CRM,2024-10-15 00:00:00-04:00,287.56951904296875,287.549560546875,-0.011043725925678705,0.040155360520911065,227.4434051513672,219.35081481933594
US,CRM,2024-10-22 00:00:00-04:00,287.549560546875,298.0810241699219,-6.940407370070734e-05,0.021428819355849615,227.32974243164062,219.35081481933594
US,CRM,2024-10-29 00:00:00-04:00,298.0810241699219,296.6847839355469,0.03662486425998246,0.0065648410737824126,229.1484375,219.35081481933594
US,CRM,2024-11-05 00:00:00-05:00,296.6847839355469,340.22662353515625,-0.004684096340124899,0.013535050066382226,229.12152099609375,219.35081481933594
US,CRM,2024-11-12 00:00:00-05:00,340.22662353515625,322.5545654296875,0.14676128321116932,0.07999216014048605,239.96266174316406,219.35081481933594
US,CRM,2024-11-19 00:00:00-05:00,322.5545654296875,342.2511291503906,-0.05194202006252657,0.060995710947025605,234.63922119140625,219.35081481933594
US,CRM,2024-11-26 00:00:00-05:00,342.2511291503906,366.8742980957031,0.0610642844086382,0.04860508677255493,240.2935028076172,219.35081481933594
US,CRM,2024-12-04 00:00:00-05:00,366.8742980957031,353.8895263671875,0.07194474129694606,0.01781145540545226,244.81129455566406,219.35081481933594
US,CRM,2024-12-11 00:00:00-05:00,353.8895263671875,336.7009582519531,-0.03539297191412527,0.04639198485097662,242.42886352539062,219.35081481933594
US,CRM,2024-12-18 00:00:00-05:00,336.7009582519531,341.18389892578125,-0.04857043465423139,0.017323407801675295,240.97348022460938,219.35081481933594
US,CRM,2024-12-26 00:00:00-05:00,341.18389892578125,332.37774658203125,0.013314309222944187,-0.01361139393955435,240.36485290527344,219.35081481933594
US,CRM,2025-01-03 00:00:00-05:00,332.37774658203125,318.5694580078125,-0.02581057421371935,-0.032605193082091644,237.8740692138672,219.35081481933594
US,CRM,2025-01-13 00:00:00-05:00,318.5694580078125,326.3272399902344,-0.041543962302575066,-0.0413414275306514,234.3889617919922,219.35081481933594
US,CRM,2025-01-21 00:00:00-05:00,326.3272399902344,359.38531494140625,0.024351932639542717,-0.022971745589454473,236.33035278320312,219.35081481933594
US,CRM,2025-01-28 00:00:00-05:00,359.38531494140625,343.6001281738281,0.10130344911494715,0.03282659478567096,243.7503662109375,219.35081481933594
US,CRM,2025-02-04 00:00:00-05:00,343.6001281738281,323.8910827636719,-0.04392273727197704,0.03365614951674689,240.1207275390625,219.35081481933594
US,CRM,2025-02-11 00:00:00-05:00,323.8910827636719,324.0208740234375,-0.057360413440199265,-0.01170349800811954,235.9090576171875,219.35081481933594
US,CRM,2025-02-19 00:00:00-05:00,324.0208740234375,306.84783935546875,0.0004007250173674315,-0.026629358792473523,236.2471923828125,219.35081481933594
US,CRM,2025-02-26 00:00:00-05:00,306.84783935546875,291.511962890625,-0.05299977885599605,-0.0556836958398057,231.93519592285156,219.35081481933594
US,CRM,2025-03-05 00:00:00-05:00,291.511962890625,284.133544921875,-0.049978766339227376,-0.07080487798140589,226.49542236328125,219.35081481933594
US,CRM,2025-03-12 00:00:00-04:00,284.133544921875,278.95172119140625,-0.025310858242611367,-0.07275265459328029,225.14535522460938,219.35081481933594
US,CRM,2025-03-19 00:00:00-04:00,278.95172119140625,280.5491638183594,-0.018237282514085185,-0.042752136594356505,224.6541290283203,219.35081481933594
US,CRM,2025-03-26 00:00:00-04:00,280.5491638183594,271.114013671875,0.0057265917562021595,-0.002285973040149547,225.954345703125,219.35081481933594
US,CRM,2025-04-02 00:00:00-04:00,271.114013671875,264.7540283203125,-0.03363100434187405,-0.024260883979569492,222.517578125,219.35081481933594
US,CRM,2025-04-09 00:00:00-04:00,264.7540283203125,249.83999633789065,-0.023458711209446648,-0.07667861343898774,219.41729736328125,219.35081481933594
US,CRM,2025-04-16 00:00:00-04:00,249.83999633789065,264.70001220703125,-0.05633165273080609,-0.03931823134639889,218.6627197265625,219.35081481933594
US,CRM,2025-04-24 00:00:00-04:00,264.70001220703125,269.3299865722656,0.059478130351248826,-0.028607817041638506,221.76527404785156,219.35081481933594
US,CRM,2025-05-01 00:00:00-04:00,269.3299865722656,279.739990234375,0.01749140215986511,0.050790275984443634,223.072998046875,219.35081481933594
US,CRM,2025-05-08 00:00:00-04:00,279.739990234375,290.760009765625,0.03865148398288798,0.05474332843590912,225.26669311523438,219.35081481933594
US,CSCO,2024-05-15 00:00:00-04:00,48.221824645996094,46.04713821411133,0.03479161751682991,0.014975204032555256,45.461002349853516,47.45993423461914
US,CSCO,2024-05-22 00:00:00-04:00,46.04713821411133,44.77532577514648,-0.04509755588573172,-0.0031203705538004334,45.04206466674805,47.45993423461914
US,CSCO,2024-05-30 00:00:00-04:00,44.77532577514648,44.88212203979492,-0.027619793287720462,-0.024194912479161945,44.72865295410156,47.45993423461914
US,CSCO,2024-06-06 00:00:00-04:00,44.88212203979492,44.19282531738281,0.0023851588525509726,-0.015018815768963023,44.78328323364258,47.45993423461914
US,CSCO,2024-06-13 00:00:00-04:00,44.19282531738281,45.91121673583984,-0.01535793521083828,-0.017756454974849567,44.56966018676758,47.45993423461914
US,CSCO,2024-06-21 00:00:00-04:00,45.91121673583984,46.12479782104492,0.038883945665748376,0.0012225903918918757,44.978633880615234,47.45993423461914
US,CSCO,2024-06-28 00:00:00-04:00,46.12479782104492,45.10017776489258,0.004652045848272168,0.017939177659604733,45.06723403930664,46.91548538208008
US,CSCO,2024-07-08 00:00:00-04:00,45.10017776489258,46.412254333496094,-0.02221408232785471,0.010466355911660674,44.87467575073242,46.91548156738281
US,CSCO,2024-07-15 00:00:00-04:00,46.412254333496094,45.844337463378906,0.029092492172500428,0.003845035999061386,45.063716888427734,45.839256286621094
US,CSCO,2024-07-22 00:00:00-04:00,45.844337463378906,46.989959716796875,-0.012236356071748,0.013712289534878463,45.09711837768555,45.83925247192383
US,CSCO,2024-07-29 00:00:00-04:00,46.989959716796875,43.80768585205078,0.024989394913452756,0.004073816937375518,45.20872116088867,46.91548156738281
US,CSCO,2024-08-05 00:00:00-04:00,43.80768585205078,43.92518615722656,-0.06772242163911812,-0.0020245139385499655,44.808982849121094,47.45993423461914
US,CSCO,2024-08-12 00:00:00-04:00,43.92518615722656,48.93849182128906,0.0026821847100668705,-0.032576413663160886,44.60051345825195,46.91548538208008
US,CSCO,2024-08-19 00:00:00-04:00,48.93849182128906,49.73160934448242,0.1141328268050541,0.01942533557591153,45.65823745727539,47.45993423461914
US,CSCO,2024-08-26 00:00:00-04:00,49.73160934448242,49.016822814941406,0.016206415311890376,0.05951483339047603,45.96501541137695,47.45993423461914
US,CSCO,2024-09-03 00:00:00-04:00,49.016822814941406,47.773292541503906,-0.014372881532745296,0.03816507375171296,45.79142379760742,47.45993423461914
US,CSCO,2024-09-10 00:00:00-04:00,47.773292541503906,49.555362701416016,-0.02536945893315723,-0.00841440470066157,45.416873931884766,47.45993423461914
US,CSCO,2024-09-17 00:00:00-04:00,49.555362701416016,51.42556381225586,0.03730264474369038,0.0016717071426355368,45.8842887878418,45.83925247192383
US,CSCO,2024-09-24 00:00:00-04:00,51.42556381225586,51.6409797668457,0.03773963116985524,0.02938661480963156,46.32464599609375,47.45993423461914
US,CSCO,2024-10-01 00:00:00-04:00,51.6409797668457,52.0257682800293,0.004188888533653845,0.039061047779389346,46.466251373291016,47.45993423461914
US,CSCO,2024-10-08 00:00:00-04:00,52.0257682800293,53.35773849487305,0.00745122410381982,0.0210141982715486,46.44182586669922,47.45993423461914
US,CSCO,2024-10-15 00:00:00-04:00,53.35773849487305,55.84407806396485,0.025602124848486785,0.02553175620911352,46.83348083496094,47.45993423461914
US,CSCO,2024-10-22 00:00:00-04:00,55.84407806396485,54.936370849609375,0.04659754403441796,0.04914531655797805,47.46101379394531,47.45993423461914
US,CSCO,2024-10-29 00:00:00-04:00,54.936370849609375,55.40995788574219,-0.016254314617134002,0.019508238624976304,47.21500015258789,47.45993423461914
US,CSCO,2024-11-05 00:00:00-05:00,55.40995788574219,57.9259033203125,0.008620646555435485,0.001965349761642088,47.204200744628906,47.45993423461914
US,CSCO,2024-11-12 00:00:00-05:00,57.9259033203125,56.24860382080078,0.04540601600452954,0.03053401982471593,47.996646881103516,47.45993423461914
US,CSCO,2024-11-19 00:00:00-05:00,56.24860382080078,58.79414749145508,-0.028955948951486676,0.016270572776231562,47.61631774902344,47.45993423461914
US,CSCO,2024-11-26 00:00:00-05:00,58.79414749145508,58.82374954223633,0.045255232979008575,0.01542582549364302,48.06037902832031,47.45993423461914
US,CSCO,2024-12-04 00:00:00-05:00,58.82374954223633,57.8075065612793,0.0005034863510104959,0.016182025700399283,48.20540237426758,47.45993423461914
US,CSCO,2024-12-11 00:00:00-05:00,57.8075065612793,56.761661529541016,-0.017276066025463943,0.0090799204352352,47.95770263671875,47.95530319213867
US,CSCO,2024-12-18 00:00:00-05:00,56.761661529541016,59.17893981933594,-0.01809185508857103,-0.008096812754515015,47.776676177978516,47.95530319213867
US,CSCO,2024-12-26 00:00:00-05:00,59.17893981933594,58.46963119506836,0.04258646108406938,-0.00016100905077554017,48.190711975097656,47.95530319213867
US,CSCO,2025-01-03 00:00:00-05:00,58.46963119506836,58.37029266357422,-0.011985828513200625,0.005158103422853166,48.10588836669922,48.44353103637695
US,CSCO,2025-01-13 00:00:00-05:00,58.37029266357422,60.625240325927734,-0.0016989765364300302,0.00510963312754753,48.02538299560547,48.44353103637695
US,CSCO,2025-01-21 00:00:00-05:00,60.625240325927734,59.035850524902344,0.0386317689950646,0.016454542827927465,48.55462646484375,48.44353103637695
US,CSCO,2025-01-28 00:00:00-05:00,59.035850524902344,60.93318557739258,-0.026216635059599924,0.02065325772700155,48.41314697265625,48.44353103637695
US,CSCO,2025-02-04 00:00:00-05:00,60.93318557739258,62.01595687866211,0.03213869260153879,0.007992417972821686,48.539398193359375,48.44353103637695
US,CSCO,2025-02-11 00:00:00-05:00,62.01595687866211,64.40996551513672,0.01776981280412926,0.02381305279578494,49.04325485229492,48.44353103637695
US,CSCO,2025-02-19 00:00:00-05:00,64.40996551513672,63.65501403808594,0.03860310728025418,0.03390238497940046,49.6863899230957,48.44353103637695
US,CSCO,2025-02-26 00:00:00-05:00,63.65501403808594,63.53580856323242,-0.01172103526236734,0.019661532236433743,49.322113037109375,48.44353485107422
US,CSCO,2025-03-05 00:00:00-05:00,63.53580856323242,60.05902099609375,-0.001872680049715969,0.0020442237539031183,48.958709716796875,48.44353103637695
US,CSCO,2025-03-12 00:00:00-04:00,60.05902099609375,60.71464157104492,-0.054721701757812435,-0.021975168909002307,48.52546310424805,48.926544189453125
US,CSCO,2025-03-19 00:00:00-04:00,60.71464157104492,61.390132904052734,0.010916271428963453,-0.033517597366385155,48.47488784790039,48.926544189453125
US,CSCO,2025-03-26 00:00:00-04:00,61.390132904052734,61.40999984741211,0.011125674393011042,-0.014235792183141638,48.75935745239258,48.92654800415039
US,CSCO,2025-04-02 00:00:00-04:00,61.40999984741211,58.130001068115234,0.00032361785875956173,0.004137794448796139,48.842864990234375,48.92654800415039
US,CSCO,2025-04-09 00:00:00-04:00,58.130001068115234,55.7599983215332,-0.053411476753734255,-0.0640188680780337,47.328163146972656,48.92654800415039
US,CSCO,2025-04-16 00:00:00-04:00,55.7599983215332,56.290000915527344,-0.04077073289238242,-0.02813427229510923,47.672019958496094,48.44353103637695
US,CSCO,2025-04-24 00:00:00-04:00,56.290000915527344,58.119998931884766,0.009505068327619881,-0.03158558355561425,47.46431350708008,48.926544189453125
US,CSCO,2025-05-01 00:00:00-04:00,58.119998931884766,59.709999084472656,0.032510179189793265,0.018886018191107468,47.96055221557617,48.44353103637695
US,CSCO,2025-05-08 00:00:00-04:00,59.709999084472656,64.26000213623047,0.027357195144675384,0.03783387814963546,48.469635009765625,47.95530319213867
US,DIS,2024-05-15 00:00:00-04:00,101.84675598144533,102.09451293945312,-0.025322506583454363,-0.04574794580503139,115.69754791259766,120.4321060180664
US,DIS,2024-05-22 00:00:00-04:00,102.09451293945312,100.78636932373048,0.002432644570956599,-0.04254283391873537,115.74969482421875,120.4321060180664
US,DIS,2024-05-30 00:00:00-04:00,100.78636932373048,100.30076599121094,-0.012813064855879519,-0.0344178187388805,115.4254379272461,120.4321060180664
US,DIS,2024-06-06 00:00:00-04:00,100.30076599121094,99.19083404541016,-0.004818144911637456,-0.005030950114439436,115.35839080810547,120.4321060180664
US,DIS,2024-06-13 00:00:00-04:00,99.19083404541016,101.35124206542967,-0.011066036583390004,-0.008615142111083385,115.13395690917969,120.4321060180664
US,DIS,2024-06-21 00:00:00-04:00,101.35124206542967,98.39802551269533,0.02178031912737488,-0.0024098866393923446,115.54454040527344,120.4321060180664
US,DIS,2024-06-28 00:00:00-04:00,98.39802551269533,96.9404525756836,-0.02913843473992972,-0.0011801008661820322,115.08032989501953,120.4321060180664
US,DIS,2024-07-08 00:00:00-04:00,96.9404525756836,96.44265747070312,-0.014813030336911392,-0.024665461353710838,114.46632385253906,120.4321060180664
US,DIS,2024-07-15 00:00:00-04:00,96.44265747070312,93.7147445678711,-0.005135060666153102,-0.022488359134587688,114.50069427490234,120.4321060180664
US,DIS,2024-07-22 00:00:00-04:00,93.7147445678711,91.7335205078125,-0.028285335290151092,-0.015802606966975663,113.81322479248047,120.4321060180664
US,DIS,2024-07-29 00:00:00-04:00,91.7335205078125,87.39275360107422,-0.021141006884180635,-0.05200972054218678,112.947265625,120.4321060180664
US,DIS,2024-08-05 00:00:00-04:00,87.39275360107422,85.5708236694336,-0.047319310135585546,-0.024209355565696034,112.19898223876953,120.4321060180664
US,DIS,2024-08-12 00:00:00-04:00,85.5708236694336,90.41934204101562,-0.020847608715446553,-0.049381569503132994,111.5040512084961,120.4321060180664
US,DIS,2024-08-19 00:00:00-04:00,90.41934204101562,91.37510681152344,0.05666088233896427,-0.012057643641887217,112.89351654052734,120.4321060180664
US,DIS,2024-08-26 00:00:00-04:00,91.37510681152344,88.73680114746094,0.01057035750242763,0.014237215808783565,113.14360046386719,120.4321060180664
US,DIS,2024-09-03 00:00:00-04:00,88.73680114746094,88.01002502441406,-0.02887335244931044,0.012125198462628939,112.70814514160156,120.4321060180664
US,DIS,2024-09-10 00:00:00-04:00,88.01002502441406,92.45034790039062,-0.008190244787381173,-0.008679479880370544,112.47322845458984,120.4321060180664
US,DIS,2024-09-17 00:00:00-04:00,92.45034790039062,93.27668762207033,0.05045246691777239,0.007581129758678085,113.59223937988281,120.4321060180664
US,DIS,2024-09-24 00:00:00-04:00,93.27668762207033,93.63510131835938,0.008938200238792327,0.03152912876038094,113.5636215209961,120.4321060180664
US,DIS,2024-10-01 00:00:00-04:00,93.63510131835938,92.10189056396484,0.003842478816799666,0.034385584726607465,113.98853302001953,120.43209838867188
US,DIS,2024-10-08 00:00:00-04:00,92.10189056396484,93.8043441772461,-0.016374316178519588,0.004185633604757433,113.44397735595703,120.4321060180664
US,DIS,2024-10-15 00:00:00-04:00,93.8043441772461,96.31322479248048,0.018484458927571,-0.0004839077733421737,113.98995208740234,120.4321060180664
US,DIS,2024-10-22 00:00:00-04:00,96.31322479248048,95.70591735839844,0.026745889406718515,0.02038965896239575,114.46807861328125,120.4321060180664
US,DIS,2024-10-29 00:00:00-04:00,95.70591735839844,96.2037124633789,-0.0063055456339518035,0.008065554523404073,114.30549621582031,120.4321060180664
US,DIS,2024-11-05 00:00:00-05:00,96.2037124633789,100.5444793701172,0.00520129913301326,0.0029753985022771268,114.2911376953125,120.4321060180664
US,DIS,2024-11-12 00:00:00-05:00,100.5444793701172,111.92405700683594,0.045120575865413404,0.027628233204177954,115.40514373779297,120.4321060180664
US,DIS,2024-11-19 00:00:00-05:00,111.92405700683594,114.94068908691406,0.11317953713628603,0.10021494499319794,118.19444274902344,120.4321060180664
US,DIS,2024-11-26 00:00:00-05:00,114.94068908691406,116.47389221191406,0.026952490472123225,0.0935667055038163,118.98101043701172,120.4321060180664
US,DIS,2024-12-04 00:00:00-05:00,116.47389221191406,114.1043930053711,0.013339080678737236,0.05844613635781104,119.23273468017578,120.4321060180664
US,DIS,2024-12-11 00:00:00-05:00,114.1043930053711,111.3499984741211,-0.02034360800986945,0.0073784451313090305,118.6612777709961,120.4321060180664
US,DIS,2024-12-18 00:00:00-05:00,111.3499984741211,112.5500030517578,-0.024139250546824642,-0.017481418165286255,118.37288665771484,120.4321060180664
US,DIS,2024-12-26 00:00:00-05:00,112.5500030517578,111.16000366210938,0.010776871073919114,-0.018280098554540825,118.2772216796875,120.4321060180664
US,DIS,2025-01-03 00:00:00-05:00,111.16000366210938,108.08000183105467,-0.012350060879245062,-0.013849925458660706,118.03777313232422,120.4321060180664
US,DIS,2025-01-13 00:00:00-05:00,108.08000183105467,108.6999969482422,-0.027707824123656133,-0.014591426369221616,117.1888427734375,120.4321060180664
US,DIS,2025-01-21 00:00:00-05:00,108.6999969482422,112.13999938964844,0.005736446212840418,-0.02227872537843234,117.23374938964844,120.4321060180664
US,DIS,2025-01-28 00:00:00-05:00,112.13999938964844,113.3000030517578,0.031646757479157905,0.013351017399195753,118.45612335205078,120.4321060180664
US,DIS,2025-02-04 00:00:00-05:00,113.3000030517578,109.0199966430664,0.010344245304289235,0.025335917147951692,118.53726959228516,120.4321060180664
US,DIS,2025-02-11 00:00:00-05:00,109.0199966430664,111.3499984741211,-0.037775871963006025,-0.0034225313685881664,117.21993255615234,120.4321060180664
US,DIS,2025-02-19 00:00:00-05:00,111.3499984741211,111.83000183105467,0.021372242733442404,-0.011646768376187056,117.87799072265625,120.4321060180664
US,DIS,2025-02-26 00:00:00-05:00,111.83000183105467,109.30999755859376,0.004310762133015622,-0.0047577146875877885,118.09768676757812,120.4321060180664
US,DIS,2025-03-05 00:00:00-05:00,109.30999755859376,98.76000213623048,-0.022534241538044175,0.006327774414239373,117.54136657714844,120.4321060180664
US,DIS,2025-03-12 00:00:00-04:00,98.76000213623048,100.29000091552734,-0.09651446032379729,-0.05855892039521249,114.55538177490234,120.4321060180664
US,DIS,2025-03-19 00:00:00-04:00,100.29000091552734,100.77999877929688,0.015492089370212403,-0.06439376307448785,115.31739044189453,120.4321060180664
US,DIS,2025-03-26 00:00:00-04:00,100.77999877929688,97.87999725341795,0.00488580974470465,-0.028482768180347007,115.62384033203125,120.4321060180664
US,DIS,2025-04-02 00:00:00-04:00,97.87999725341795,91.44000244140624,-0.02877556619374222,-0.013877928420335417,114.60941314697266,120.4321060180664
US,DIS,2025-04-09 00:00:00-04:00,91.44000244140624,82.7699966430664,-0.06579479968045088,-0.10521071239094049,111.7626953125,120.4321060180664
US,DIS,2025-04-16 00:00:00-04:00,82.7699966430664,90.01000213623047,-0.09481633384574195,-0.0839105378749202,111.24665069580078,120.4321060180664
US,DIS,2025-04-24 00:00:00-04:00,90.01000213623047,90.80999755859376,0.08747137594297039,-0.026779335079390787,112.73578643798828,120.4321060180664
US,DIS,2025-05-01 00:00:00-04:00,90.80999755859376,105.12000274658205,0.008887850276378062,0.044053968672053356,113.15663146972656,120.4321060180664
US,DIS,2025-05-08 00:00:00-04:00,105.12000274658205,112.22000122070312,0.15758182548958843,0.08024618493979196,116.71695709228516,120.4321060180664
US,GOOGL,2024-05-15 00:00:00-04:00,171.6891632080078,175.540771484375,0.018479192307445214,0.03174939999693338,128.2609100341797,118.9207534790039
US,GOOGL,2024-05-22 00:00:00-04:00,175.540771484375,171.29107666015625,0.022433613190256052,0.038358706688229605,128.90142822265625,118.9207534790039
US,GOOGL,2024-05-30 00:00:00-04:00,171.29107666015625,175.88906860351562,-0.024209161144065128,0.012841069221251944,127.98489379882812,118.9207534790039
US,GOOGL,2024-06-06 00:00:00-04:00,175.88906860351562,174.52662658691406,0.026843149293070523,0.0028361122640592207,128.87374877929688,118.9207534790039
US,GOOGL,2024-06-13 00:00:00-04:00,174.52662658691406,178.98046875,-0.007746030082590005,0.0038809616838231253,128.88046264648438,118.9207534790039
US,GOOGL,2024-06-21 00:00:00-04:00,178.98046875,181.4913330078125,0.025519556815979172,0.009627994169118859,129.23452758789062,118.9207534790039
US,GOOGL,2024-06-28 00:00:00-04:00,181.4913330078125,188.34646606445312,0.014028705340579206,0.030874506414636294,129.9813690185547,118.9207534790039
US,GOOGL,2024-07-08 00:00:00-04:00,188.34646606445312,185.8555145263672,0.03777113178371749,0.033901233858492086,130.7001190185547,118.9207534790039
US,GOOGL,2024-07-15 00:00:00-04:00,185.8555145263672,181.01307678222656,-0.01322536913027883,0.021404335709853672,130.00975036621094,118.9207534790039
US,GOOGL,2024-07-22 00:00:00-04:00,181.01307678222656,168.9169921875,-0.02605485103028049,-0.021645174921598564,128.7355194091797,118.9207534790039
US,GOOGL,2024-07-29 00:00:00-04:00,168.9169921875,158.67416381835938,-0.06682436876800413,-0.05460452000489513,127.2060546875,118.9207534790039
US,GOOGL,2024-08-05 00:00:00-04:00,158.67416381835938,161.70315551757812,-0.06063823560018733,-0.05147596553086842,126.74423217773438,118.9207534790039
US,GOOGL,2024-08-12 00:00:00-04:00,161.70315551757812,166.0673370361328,0.019089381827063878,-0.0537705068903912,126.87010192871094,118.9207534790039
US,GOOGL,2024-08-19 00:00:00-04:00,166.0673370361328,165.55917358398438,0.026988845731463096,-0.016751002262518577,127.16625213623047,118.9207534790039
US,GOOGL,2024-08-26 00:00:00-04:00,165.55917358398438,156.79098510742188,-0.0030599843486252,0.008105748937103252,127.01683807373047,118.9207534790039
US,GOOGL,2024-09-03 00:00:00-04:00,156.79098510742188,148.31900024414062,-0.052961054870901525,-0.005872376542368829,126.19087982177734,118.9207534790039
US,GOOGL,2024-09-10 00:00:00-04:00,148.31900024414062,158.95455932617188,-0.05403362226136188,-0.051918709753769665,124.35647583007812,118.9207534790039
US,GOOGL,2024-09-17 00:00:00-04:00,158.95455932617188,161.917724609375,0.07170732721043538,-0.017549760525557345,126.21043395996094,118.9207534790039
US,GOOGL,2024-09-24 00:00:00-04:00,161.917724609375,166.60696411132812,0.018641587229484724,0.02468089427072484,126.4910659790039,118.9207534790039
US,GOOGL,2024-10-01 00:00:00-04:00,166.60696411132812,164.00294494628906,0.02896063116787162,0.035078684700202034,127.23780059814453,118.9207534790039
US,GOOGL,2024-10-08 00:00:00-04:00,164.00294494628906,165.08047485351562,-0.01562971379335043,0.020707224342683572,127.04549407958984,118.9207534790039
US,GOOGL,2024-10-15 00:00:00-04:00,165.08047485351562,164.76119995117188,0.006570186331589678,-0.0012307379873994773,127.20108795166016,118.9207534790039
US,GOOGL,2024-10-22 00:00:00-04:00,164.76119995117188,169.290771484375,-0.001934056117945282,-0.0007883199700865484,126.97187805175781,118.9207534790039
US,GOOGL,2024-10-29 00:00:00-04:00,169.290771484375,169.3506622314453,0.027491736735017147,0.0051797639928659045,128.00814819335938,118.9207534790039
US,GOOGL,2024-11-05 00:00:00-05:00,169.3506622314453,181.2033843994141,0.0003537744352226646,0.030719620545618165,127.38160705566406,118.9207534790039
US,GOOGL,2024-11-12 00:00:00-05:00,181.2033843994141,177.71142578125,0.06998922833717702,0.05556978386870082,129.5221710205078,118.9207534790039
US,GOOGL,2024-11-19 00:00:00-05:00,177.71142578125,168.73207092285156,-0.01927093486547138,0.01748648702882516,128.44927978515625,118.9207534790039
US,GOOGL,2024-11-26 00:00:00-05:00,168.73207092285156,173.9700164794922,-0.050527729542001354,-0.02827595909333591,127.41888427734375,118.9207534790039
US,GOOGL,2024-12-04 00:00:00-05:00,173.9700164794922,195.1752166748047,0.031042975576560883,-0.01637217574382377,128.92457580566406,118.9207534790039
US,GOOGL,2024-12-11 00:00:00-05:00,195.1752166748047,188.18325805664065,0.12188997060773521,0.03756051325324017,131.9695587158203,118.9207534790039
US,GOOGL,2024-12-18 00:00:00-05:00,188.18325805664065,195.375,-0.035824008484713676,0.08006070258219666,132.05894470214844,118.9207534790039
US,GOOGL,2024-12-26 00:00:00-05:00,195.375,191.56936645507812,0.03821669375707559,0.04862614895281547,131.47662353515625,118.9207534790039
US,GOOGL,2025-01-03 00:00:00-05:00,191.56936645507812,190.7902679443359,-0.019478610594609758,0.008491335781207532,130.5659942626953,118.9207534790039
US,GOOGL,2025-01-13 00:00:00-05:00,190.7902679443359,197.8221740722656,-0.00406692638368622,0.006499837663864527,131.0733184814453,118.9207534790039
US,GOOGL,2025-01-21 00:00:00-05:00,197.8221740722656,195.07533264160156,0.036856733855949564,0.006827511348117099,132.70150756835938,118.9207534790039
US,GOOGL,2025-01-28 00:00:00-05:00,195.07533264160156,206.14259338378903,-0.0138854071518828,0.014165966521703321,131.9227294921875,118.9207534790039
US,GOOGL,2025-02-04 00:00:00-05:00,206.14259338378903,185.10682678222656,0.056733266027645834,0.025051430924402984,134.22857666015625,118.9207534790039
US,GOOGL,2025-02-11 00:00:00-05:00,185.10682678222656,185.0568695068359,-0.10204473639467038,-0.03677686998566854,129.2139129638672,118.9207534790039
US,GOOGL,2025-02-19 00:00:00-05:00,185.0568695068359,172.5312957763672,-0.0002698834843591902,-0.04138851178206571,129.2452392578125,118.9207534790039
US,GOOGL,2025-02-26 00:00:00-05:00,172.5312957763672,172.8209686279297,-0.0676849973948469,-0.05237791540511494,128.36961364746094,118.9207534790039
US,GOOGL,2025-03-05 00:00:00-05:00,172.8209686279297,167.11000061035156,0.0016789583029501731,-0.057277506137410006,128.27651977539062,118.9207534790039
US,GOOGL,2025-03-12 00:00:00-04:00,167.11000061035156,163.88999938964844,-0.03304557347941617,-0.03817502571681297,127.40519714355469,118.9207534790039
US,GOOGL,2025-03-19 00:00:00-04:00,163.88999938964844,165.05999755859375,-0.019268752372344045,-0.03850185852893917,126.95379638671875,118.9207534790039
US,GOOGL,2025-03-26 00:00:00-04:00,165.05999755859375,157.0399932861328,0.007138923505415562,-0.005515262183788061,127.85991668701172,118.9207534790039
US,GOOGL,2025-04-02 00:00:00-04:00,157.0399932861328,158.7100067138672,-0.04858841870280506,-0.040930596780722084,125.27864837646484,118.9207534790039
US,GOOGL,2025-04-09 00:00:00-04:00,158.7100067138672,153.3300018310547,0.01063431927618308,-0.06073311372927692,124.8907470703125,118.9207534790039
US,GOOGL,2025-04-16 00:00:00-04:00,153.3300018310547,159.27999877929688,-0.03389833441637946,-0.008240560324869084,125.07324981689453,118.9207534790039
US,GOOGL,2025-04-24 00:00:00-04:00,159.27999877929688,161.3000030517578,0.038805171050595444,-0.005098526283506932,125.55613708496094,118.9207534790039
US,GOOGL,2025-05-01 00:00:00-04:00,161.3000030517578,154.27999877929688,0.01268209623268457,0.038284339676285084,126.29187774658203,118.9207534790039
US,GOOGL,2025-05-08 00:00:00-04:00,154.27999877929688,163.9600067138672,-0.04352141438093071,0.014302248271546247,125.46833801269531,118.9207534790039
US,INTC,2024-05-15 00:00:00-04:00,31.072887420654297,31.221940994262695,0.042333362956815,-0.03897094653076516,37.09154510498047,45.76994323730469
US,INTC,2024-05-22 00:00:00-04:00,31.221940994262695,29.99969482421875,0.004796901285373467,0.021231354842305317,37.243995666503906,45.76994323730469
US,INTC,2024-05-30 00:00:00-04:00,29.99969482421875,30.22824478149414,-0.039147027094457165,-0.013230389429252365,36.920623779296875,42.65225601196289
US,INTC,2024-06-06 00:00:00-04:00,30.22824478149414,30.26799201965332,0.007618409407647686,-0.011290613702421237,36.94603729248047,44.06731414794922
US,INTC,2024-06-13 00:00:00-04:00,30.26799201965332,30.894020080566406,0.0013149039398911988,-0.0037249466265604214,36.964447021484375,42.65229415893555
US,INTC,2024-06-21 00:00:00-04:00,30.894020080566406,30.77477645874023,0.02068284082097671,0.004852076000172012,36.922325134277344,39.29465866088867
US,INTC,2024-06-28 00:00:00-04:00,30.77477645874023,33.77574157714844,-0.0038597638479941354,0.0004891159526769773,37.03110885620117,39.29465866088867
US,INTC,2024-07-08 00:00:00-04:00,33.77574157714844,34.242774963378906,0.09751379095902135,0.026575518821519095,37.46070098876953,37.53122329711914
US,INTC,2024-07-15 00:00:00-04:00,34.242774963378906,33.15964889526367,0.013827479854548796,0.0774003479426677,37.95398712158203,37.531219482421875
US,INTC,2024-07-22 00:00:00-04:00,33.15964889526367,30.63566017150879,-0.031630791291698435,0.0390991272243264,37.65103530883789,37.531219482421875
US,INTC,2024-07-29 00:00:00-04:00,30.63566017150879,19.983234405517575,-0.07611626804997307,-0.041410592926571343,37.135902404785156,37.53121566772461
US,INTC,2024-08-05 00:00:00-04:00,19.983234405517575,19.36000061035156,-0.34771327617408376,-0.16682770752157883,34.42979049682617,35.747901916503906
US,INTC,2024-08-12 00:00:00-04:00,19.36000061035156,21.520000457763672,-0.031187833887087568,-0.2916245089417818,34.36705780029297,32.973175048828125
US,INTC,2024-08-19 00:00:00-04:00,21.520000457763672,20.1299991607666,0.11157023653486808,-0.15420853269853751,34.699745178222656,32.97315979003906
US,INTC,2024-08-26 00:00:00-04:00,20.1299991607666,20.100000381469727,-0.06459113696234176,-0.052564900115395274,34.514312744140625,30.918737411499023
US,INTC,2024-09-03 00:00:00-04:00,20.100000381469727,18.979999542236328,-0.0014902523868626227,0.0023473357868213363,34.4757194519043,29.931983947753906
US,INTC,2024-09-10 00:00:00-04:00,18.979999542236328,21.469999313354492,-0.055721433730216874,-0.05262638830886057,34.20099639892578,27.458751678466797
US,INTC,2024-09-17 00:00:00-04:00,21.469999313354492,22.809999465942383,0.13119071818611738,0.005548223928985019,34.43208694458008,26.57766342163086
US,INTC,2024-09-24 00:00:00-04:00,22.809999465942383,22.690000534057617,0.062412677943329165,0.07011865908283732,34.895145416259766,26.315061569213867
US,INTC,2024-10-01 00:00:00-04:00,22.690000534057617,23.31999969482422,-0.005260803800716252,0.11011927079671713,35.134342193603516,25.81119728088379
US,INTC,2024-10-08 00:00:00-04:00,23.31999969482422,22.65999984741211,0.027765497837735742,0.025282550854539343,35.0732421875,25.811176300048828
US,INTC,2024-10-15 00:00:00-04:00,22.65999984741211,22.399999618530273,-0.028301880619603703,0.02070537988411436,35.152523040771484,25.572031021118164
US,INTC,2024-10-22 00:00:00-04:00,22.399999618530273,22.899999618530273,-0.011473973108235946,-0.018539465332772176,35.04983901977539,26.05992317199707
US,INTC,2024-10-29 00:00:00-04:00,22.899999618530273,23.31999969482422,0.022321428951560307,-0.007870549271374427,35.0421257019043,26.0599308013916
US,INTC,2024-11-05 00:00:00-05:00,23.31999969482422,24.15999984741211,0.018340614990844273,-0.007344202354667595,35.120174407958984,26.05994987487793
US,INTC,2024-11-12 00:00:00-05:00,24.15999984741211,24.200000762939453,0.036020590204995706,0.0895018498509712,35.55147171020508,26.85407066345215
US,INTC,2024-11-19 00:00:00-05:00,24.200000762939453,24.049999237060547,0.0016556670438732102,0.03710245151694469,35.46162414550781,26.57765769958496
US,INTC,2024-11-26 00:00:00-05:00,24.049999237060547,21.959999084472656,-0.006198409964871643,0.005611026505315531,35.46398162841797,26.85405731201172
US,INTC,2024-12-04 00:00:00-05:00,21.959999084472656,20.1200008392334,-0.08690229600370403,-0.048610560075829756,34.90357971191406,26.315065383911133
US,INTC,2024-12-11 00:00:00-05:00,20.1200008392334,19.299999237060547,-0.0837886303255938,-0.11385968382309797,34.45705795288086,26.854122161865234
US,INTC,2024-12-18 00:00:00-05:00,19.299999237060547,20.440000534057617,-0.04075554512770563,-0.08062291524256604,34.38867950439453,26.854076385498047
US,INTC,2024-12-26 00:00:00-05:00,20.440000534057617,20.559999465942383,0.05906742704984147,-0.05164452168984024,34.552181243896484,26.85407829284668
US,INTC,2025-01-03 00:00:00-05:00,20.559999465942383,19.200000762939453,0.005870789077760508,-0.0031352852629019656,34.53154754638672,26.85407257080078
US,INTC,2025-01-13 00:00:00-05:00,19.200000762939453,21.770000457763672,-0.06614779855689035,-0.01980667010923487,34.24781036376953,26.315065383911133
US,INTC,2025-01-21 00:00:00-05:00,21.770000457763672,19.799999237060547,0.13385414545320895,0.01715228014760406,34.69890213012695,26.0599422454834
US,INTC,2025-01-28 00:00:00-05:00,19.799999237060547,19.290000915527344,-0.0904915562369949,0.029956085610783223,34.44479751586914,25.811193466186523
US,INTC,2025-02-04 00:00:00-05:00,19.290000915527344,20.969999313354492,-0.025757491979020664,-0.026680258321884365,34.27366256713867,25.81119728088379
US,INTC,2025-02-11 00:00:00-05:00,20.969999313354492,25.719999313354492,0.08709167019659625,-0.018489575290978832,34.338951110839844,25.811193466186523
US,INTC,2025-02-19 00:00:00-05:00,25.719999313354492,23.520000457763672,0.22651407513280275,0.1622997026630424,35.545433044433594,25.572036743164062
US,INTC,2025-02-26 00:00:00-05:00,23.520000457763672,20.809999465942383,-0.08553650522255352,0.10224316486813967,35.26778793334961,25.572036743164062
US,INTC,2025-03-05 00:00:00-05:00,20.809999465942383,20.68000030517578,-0.11522112836212761,-0.019379764028450208,34.57539749145508,25.811199188232422
US,INTC,2025-03-12 00:00:00-04:00,20.68000030517578,24.1200008392334,-0.00624695646818052,-0.11213851871770841,34.407283782958984,25.5720272064209
US,INTC,2025-03-19 00:00:00-04:00,24.1200008392334,23.420000076293945,0.1663443173739536,0.07678221696756293,35.40365982055664,25.572036743164062
US,INTC,2025-03-26 00:00:00-04:00,23.420000076293945,21.979999542236328,-0.0290215894935143,0.05080739876317919,35.36817932128906,26.315061569213867
US,INTC,2025-04-02 00:00:00-04:00,21.979999542236328,21.530000686645508,-0.061485932082263606,-0.013329279102689107,34.917030334472656,26.315046310424805
US,INTC,2025-04-09 00:00:00-04:00,21.530000686645508,19.229999542236328,-0.020473105776281364,-0.11368200065001077,34.09553909301758,26.0599365234375
US,INTC,2025-04-16 00:00:00-04:00,19.229999542236328,21.489999771118164,-0.10682773205092422,-0.08672893550473704,34.26455307006836,25.811193466186523
US,INTC,2025-04-24 00:00:00-04:00,21.489999771118164,19.979999542236328,0.11752471568800726,-0.037559013491843984,34.52751541137695,26.0599422454834
US,INTC,2025-05-01 00:00:00-04:00,19.979999542236328,21.0,-0.07026525104533621,0.007633586478678733,34.44444274902344,26.57766342163086
US,INTC,2025-05-08 00:00:00-04:00,21.0,21.549999237060547,0.051051075131781865,0.01760941846845654,34.56581115722656,26.0599365234375
US,JNJ,2024-05-15 00:00:00-04:00,147.92446899414062,149.93089294433594,0.024974939631499105,0.014525340515244123,148.8076629638672,151.23739624023438
US,JNJ,2024-05-22 00:00:00-04:00,149.93089294433594,141.9020233154297,0.013563840815780104,0.02324019282618317,148.89688110351562,151.23739624023438
US,JNJ,2024-05-30 00:00:00-04:00,141.9020233154297,143.01551818847656,-0.05355046896097049,-0.019647184019798036,147.60060119628906,151.23739624023438
US,JNJ,2024-06-06 00:00:00-04:00,143.01551818847656,142.06808471679688,0.00784692738715731,-0.012899327611885059,147.8027801513672,151.23739624023438
US,JNJ,2024-06-13 00:00:00-04:00,142.06808471679688,145.29135131835938,-0.006624689989453425,-0.010924522211789522,147.81419372558594,151.23739624023438
US,JNJ,2024-06-21 00:00:00-04:00,145.29135131835938,142.76158142089844,0.022688182275335533,0.001299942244451735,148.5927276611328,151.23739624023438
US,JNJ,2024-06-28 00:00:00-04:00,142.76158142089844,142.0973663330078,-0.017411703274187063,0.0017613849574011908,147.90130615234375,151.23739624023438
US,JNJ,2024-07-08 00:00:00-04:00,142.0973663330078,145.76995849609375,-0.004652617891170219,-0.0034906498717465206,147.9297637939453,151.23739624023438
US,JNJ,2024-07-15 00:00:00-04:00,145.76995849609375,150.65370178222656,0.02584560332018504,0.01257397901416546,148.4569549560547,151.23739624023438
US,JNJ,2024-07-22 00:00:00-04:00,150.65370178222656,154.8732452392578,0.03350308483667219,0.035309912447575975,149.091552734375,151.23739624023438
US,JNJ,2024-07-29 00:00:00-04:00,154.8732452392578,157.50070190429688,0.028008229516528482,0.037909873322224064,150.15582275390625,151.23739624023438
US,JNJ,2024-08-05 00:00:00-04:00,157.50070190429688,156.16256713867188,0.016965207005122274,0.035780876515677074,150.98452758789062,151.23739624023438
US,JNJ,2024-08-12 00:00:00-04:00,156.16256713867188,155.91836547851562,-0.008496055887027731,0.009809291530030517,150.22891235351562,151.23739624023438
US,JNJ,2024-08-19 00:00:00-04:00,155.91836547851562,160.78257751464844,-0.001563765661840022,-0.0020242684232202324,150.05010986328125,151.23739624023438
US,JNJ,2024-08-26 00:00:00-04:00,160.78257751464844,164.51255798339844,0.03119717180977677,0.01218718083635606,151.3311309814453,151.23739624023438
US,JNJ,2024-09-03 00:00:00-04:00,164.51255798339844,164.72906494140625,0.023198909523702405,0.026223457505222925,152.26846313476562,151.23739624023438
US,JNJ,2024-09-10 00:00:00-04:00,164.72906494140625,164.42398071289062,0.0013160512526324553,0.02230209526825977,152.53945922851562,151.23739624023438
US,JNJ,2024-09-17 00:00:00-04:00,164.42398071289062,160.20191955566406,-0.0018520364249268173,0.007817149248147581,152.4057159423828,151.23739624023438
US,JNJ,2024-09-24 00:00:00-04:00,160.20191955566406,159.4244384765625,-0.025677891624573457,-0.006199687530010434,151.24884033203125,151.23739624023438
US,JNJ,2024-10-01 00:00:00-04:00,159.4244384765625,157.16085815429688,-0.004853132105145708,-0.017811491689626258,150.906494140625,151.23739624023438
US,JNJ,2024-10-08 00:00:00-04:00,157.16085815429688,161.5010223388672,-0.014198452532723893,-0.01659205895771887,150.2826385498047,151.23739624023438
US,JNJ,2024-10-15 00:00:00-04:00,161.5010223388672,160.86129760742188,0.027616063156827853,-0.0014792538668412236,151.44175720214844,151.23739624023438
US,JNJ,2024-10-22 00:00:00-04:00,160.86129760742188,157.5545196533203,-0.003961118773000871,0.013441073635205525,151.2892303466797,151.23739624023438
US,JNJ,2024-10-29 00:00:00-04:00,157.5545196533203,155.8420867919922,-0.020556703217523897,0.0020513704749711703,150.6237030029297,151.23739624023438
US,JNJ,2024-11-05 00:00:00-05:00,155.8420867919922,150.22251892089844,-0.010868827280208326,-0.015133916894080723,149.86412048339844,151.23739624023438
US,JNJ,2024-11-12 00:00:00-05:00,150.22251892089844,150.57681274414062,-0.03605937257882319,-0.02998254543062384,148.9056854248047,151.23739624023438
US,JNJ,2024-11-19 00:00:00-05:00,150.57681274414062,153.29295349121094,0.0023584601415767015,-0.0273975606140886,149.1595458984375,151.23739624023438
US,JNJ,2024-11-26 00:00:00-05:00,153.29295349121094,149.27511596679688,0.018038240400835015,-0.005091328083723146,149.60055541992188,151.23739624023438
US,JNJ,2024-12-04 00:00:00-05:00,149.27511596679688,145.47552490234375,-0.02621019057242202,0.0008558158944302896,148.8253631591797,151.23739624023438
US,JNJ,2024-12-11 00:00:00-05:00,145.47552490234375,143.60052490234375,-0.025453613215067006,-0.02138670742491966,148.34890747070312,151.23739624023438
US,JNJ,2024-12-18 00:00:00-05:00,143.60052490234375,144.42393493652344,-0.012888766005544006,-0.03252465699077589,148.14080810546875,151.23739624023438
US,JNJ,2024-12-26 00:00:00-05:00,144.42393493652344,143.04498291015625,0.005734032203152717,-0.02224649911563914,148.12574768066406,151.23739624023438
US,JNJ,2025-01-03 00:00:00-05:00,143.04498291015625,143.32275390625,-0.009547946654224981,-0.01139768165372046,148.016845703125,151.23739624023438
US,JNJ,2025-01-13 00:00:00-05:00,143.32275390625,146.97352600097656,0.0019418436805169748,-0.006143412091085043,147.95199584960938,151.23739624023438
US,JNJ,2025-01-21 00:00:00-05:00,146.97352600097656,149.18582153320312,0.025472383101950324,0.01151060085106037,148.77618408203125,151.23739624023438
US,JNJ,2025-01-28 00:00:00-05:00,149.18582153320312,152.27113342285156,0.015052340325643732,0.018328557231370946,149.30503845214844,151.23739624023438
US,JNJ,2025-02-04 00:00:00-05:00,152.27113342285156,154.89016723632812,0.02068099942702517,0.030874236040977943,149.42388916015625,151.23739624023438
US,JNJ,2025-02-11 00:00:00-05:00,154.89016723632812,157.88999938964844,0.0171998050753559,0.026221026647535783,149.87432861328125,151.23739624023438
US,JNJ,2025-02-19 00:00:00-05:00,157.88999938964844,163.0800018310547,0.019367479594384118,0.02514116678164413,150.42433166503906,151.23739624023438
US,JNJ,2025-02-26 00:00:00-05:00,163.0800018310547,165.1199951171875,0.032871001719356086,0.04682679427803116,152.24571228027344,151.23739624023438
US,JNJ,2025-03-05 00:00:00-05:00,165.1199951171875,162.85000610351562,0.012509156630045704,0.03813054065252319,152.77020263671875,151.23739624023438
US,JNJ,2025-03-12 00:00:00-04:00,162.85000610351562,162.99000549316406,-0.013747511390494127,0.020784285086699716,152.27566528320312,151.23739624023438
US,JNJ,2025-03-19 00:00:00-04:00,162.99000549316406,161.72000122070312,0.0008596830482121565,-0.006922737544886481,152.2301025390625,151.23739624023438
US,JNJ,2025-03-26 00:00:00-04:00,161.72000122070312,155.36000061035156,-0.007791915023367513,-0.010152062066155487,151.64088439941406,151.23739624023438
US,JNJ,2025-04-02 00:00:00-04:00,155.36000061035156,150.97000122070312,-0.03932723573055086,-0.01645400875024905,150.0304412841797,151.23739624023438
US,JNJ,2025-04-09 00:00:00-04:00,150.97000122070312,153.91000366210938,-0.028256947556653977,-0.04254186652002179,148.56553649902344,151.23739624023438
US,JNJ,2025-04-16 00:00:00-04:00,153.91000366210938,154.92999267578125,0.0194740837095726,-0.029192001184975114,149.94351196289062,151.23739624023438
US,JNJ,2025-04-24 00:00:00-04:00,154.92999267578125,154.4600067138672,0.0066271781521825,0.006140089211748023,149.943359375,151.23739624023438
US,JNJ,2025-05-01 00:00:00-04:00,154.4600067138672,155.66000366210938,-0.0030335376242971446,0.006616951223930911,149.8288116455078,151.23739624023438
US,JNJ,2025-05-08 00:00:00-04:00,155.66000366210938,149.61000061035156,0.007768981587998658,0.004606570078402372,150.13453674316406,151.23739624023438
US,JPM,2024-05-15 00:00:00-04:00,197.52891540527344,193.8150634765625,0.03301818586906835,0.03333756148472733,143.11529541015625,132.4385528564453
US,JPM,2024-05-22 00:00:00-04:00,193.8150634765625,194.8119201660156,-0.018801560880801538,0.019895039779509682,143.0969696044922,132.4385528564453
US,JPM,2024-05-30 00:00:00-04:00,194.8119201660156,192.44677734375,0.005143339591732188,0.005776869177484434,143.1494598388672,132.4385528564453
US,JPM,2024-06-06 00:00:00-04:00,192.44677734375,189.2704620361328,-0.012140647349762057,-0.00013027507723162302,142.8561553955078,132.4385528564453
US,JPM,2024-06-13 00:00:00-04:00,189.2704620361328,191.85061645507812,-0.016504902557779033,-0.014020147271163075,141.27267456054688,132.4385528564453
US,JPM,2024-06-21 00:00:00-04:00,191.85061645507812,197.6755218505859,0.01363210292397743,-0.007406026762661777,141.43504333496094,132.4385528564453
US,JPM,2024-06-28 00:00:00-04:00,197.6755218505859,201.6306610107422,0.030361671508476462,0.007540277136809381,142.80528259277344,132.4385528564453
US,JPM,2024-07-08 00:00:00-04:00,201.6306610107422,206.42648315429688,0.020008239376981596,0.037574619581839386,146.42825317382812,132.4385528564453
US,JPM,2024-07-15 00:00:00-04:00,206.42648315429688,206.6525115966797,0.023785182866107757,0.029373769647265346,148.36668395996094,132.4385528564453
US,JPM,2024-07-22 00:00:00-04:00,206.6525115966797,207.21267700195312,0.0010949585485786617,0.030085901149738525,151.09976196289062,132.4385528564453
US,JPM,2024-07-29 00:00:00-04:00,207.21267700195312,191.5378265380859,0.002710663426954696,0.005777797286401487,151.72964477539062,132.4385528564453
US,JPM,2024-08-05 00:00:00-04:00,191.5378265380859,202.633056640625,-0.07564619448316601,-0.014144271570014189,147.08624267578125,132.4385528564453
US,JPM,2024-08-12 00:00:00-04:00,202.633056640625,211.7333221435547,0.05792709619336156,-0.021844714375873098,147.0889434814453,132.4385528564453
US,JPM,2024-08-19 00:00:00-04:00,211.7333221435547,215.38914489746097,0.04491007367603039,0.019244091133262975,151.30288696289062,132.4385528564453
US,JPM,2024-08-26 00:00:00-04:00,215.38914489746097,216.49964904785156,0.01726616631192157,0.03431712339033566,155.44532775878906,132.4385528564453
US,JPM,2024-09-03 00:00:00-04:00,216.49964904785156,202.0139312744141,0.0051558037008747615,0.03916868488916214,158.58665466308594,132.4385528564453
US,JPM,2024-09-10 00:00:00-04:00,202.0139312744141,205.64027404785156,-0.06690873558984745,-0.008279071491446244,154.88433837890625,132.4385528564453
US,JPM,2024-09-17 00:00:00-04:00,205.64027404785156,207.93991088867188,0.017950953929565694,-0.03675686218135732,150.4876251220703,132.4385528564453
US,JPM,2024-09-24 00:00:00-04:00,207.93991088867188,203.46839904785156,0.011182813539166947,-0.013927056871018917,150.94334411621094,132.4385528564453
US,JPM,2024-10-01 00:00:00-04:00,203.46839904785156,208.38360595703125,-0.02150386533162596,-0.0033439934642996993,150.55783081054688,132.4385528564453
US,JPM,2024-10-08 00:00:00-04:00,208.38360595703125,219.89291381835935,0.02415710219464473,0.0028996598152359887,151.34425354003906,132.4385528564453
US,JPM,2024-10-15 00:00:00-04:00,219.89291381835935,221.6034698486328,0.055231349934991236,0.03472529695281823,157.10629272460938,132.4385528564453
US,JPM,2024-10-22 00:00:00-04:00,221.6034698486328,220.3971710205078,0.007779041173134216,0.04289057769923388,160.77639770507812,132.4385528564453
US,JPM,2024-10-29 00:00:00-04:00,220.3971710205078,219.0030212402344,-0.005443501534289963,0.023182407710680808,161.5686492919922,132.4385528564453
US,JPM,2024-11-05 00:00:00-05:00,219.0030212402344,236.8701171875,-0.006325624661233431,-0.00010129507741662991,160.7242889404297,132.4385528564453
US,JPM,2024-11-12 00:00:00-05:00,236.8701171875,240.3604736328125,0.0815837875024854,0.05442845331538693,167.48379516601562,132.4385528564453
US,JPM,2024-11-19 00:00:00-05:00,240.3604736328125,247.16322326660156,0.014735317762981648,0.04746017602928987,169.0991973876953,132.4385528564453
US,JPM,2024-11-26 00:00:00-05:00,247.16322326660156,240.6669921875,0.028302280865785345,0.03713382427043865,170.4221649169922,132.4385528564453
US,JPM,2024-12-04 00:00:00-05:00,240.6669921875,240.7955322265625,-0.026283162168080465,0.01061820620585685,169.66876220703125,132.4385528564453
US,JPM,2024-12-11 00:00:00-05:00,240.7955322265625,227.7832946777344,0.0005340991628894898,-0.0031928695090177595,169.38059997558594,132.4385528564453
US,JPM,2024-12-18 00:00:00-05:00,227.7832946777344,240.409912109375,-0.054038533973234104,-0.025000249605466873,167.40667724609375,132.4385528564453
US,JPM,2024-12-26 00:00:00-05:00,240.409912109375,240.54833984375,0.055432587580685366,-0.013137218358952762,168.31304931640625,132.4385528564453
US,JPM,2025-01-03 00:00:00-05:00,240.54833984375,242.71499633789065,0.0005757987811751963,0.0006693527259695742,168.75238037109375,132.4385528564453
US,JPM,2025-01-13 00:00:00-05:00,242.71499633789065,261.4197692871094,0.009007156297765384,0.01348483522397892,169.0809326171875,132.4385528564453
US,JPM,2025-01-21 00:00:00-05:00,261.4197692871094,265.504638671875,0.07706476003311824,0.04761896570513824,172.3838348388672,132.4385528564453
US,JPM,2025-01-28 00:00:00-05:00,265.504638671875,266.2997131347656,0.015625709547158806,0.05887619082491047,173.421875,132.4385528564453
US,JPM,2025-02-04 00:00:00-05:00,266.2997131347656,273.3065490722656,0.0029945784257021657,0.038138276875961274,173.70938110351562,132.4385528564453
US,JPM,2025-02-11 00:00:00-05:00,273.3065490722656,277.5404968261719,0.02631184185299551,0.031592093320974346,174.37997436523438,132.4385528564453
US,JPM,2025-02-19 00:00:00-05:00,277.5404968261719,257.20574951171875,0.015491570795790777,0.02399175299706857,175.07876586914062,132.4385528564453
US,JPM,2025-02-26 00:00:00-05:00,257.20574951171875,249.99017333984375,-0.07326767641836829,-0.03107467064897107,172.4254150390625,132.4385528564453
US,JPM,2025-03-05 00:00:00-05:00,249.99017333984375,226.5048370361328,-0.028053712584470203,-0.038679677844944305,171.30906677246094,132.4385528564453
US,JPM,2025-03-12 00:00:00-04:00,226.5048370361328,237.64620971679688,-0.09394503787868613,-0.08681456003839538,166.8996124267578,132.4385528564453
US,JPM,2025-03-19 00:00:00-04:00,237.64620971679688,249.4932403564453,0.04918823291569163,-0.05585423642410359,167.1374969482422,132.4385528564453
US,JPM,2025-03-26 00:00:00-04:00,249.4932403564453,244.3151397705078,0.049851544671242864,0.012911786130246128,170.64913940429688,132.4385528564453
US,JPM,2025-04-02 00:00:00-04:00,244.3151397705078,234.33999633789065,-0.02075447246001405,0.02138812898849496,169.6904296875,132.4385528564453
US,JPM,2025-04-09 00:00:00-04:00,234.33999633789065,229.61000061035156,-0.04082900241870846,-0.06174718719141059,162.552978515625,132.4385528564453
US,JPM,2025-04-16 00:00:00-04:00,229.61000061035156,244.63999938964844,-0.02018432961276906,-0.013278138968021103,165.73886108398438,132.4385528564453
US,JPM,2025-04-24 00:00:00-04:00,244.63999938964844,246.88999938964844,0.06545881598947778,0.0137092134369039,168.6239471435547,132.4385528564453
US,JPM,2025-05-01 00:00:00-04:00,246.88999938964844,253.47000122070312,0.009197187727328027,0.0476873735629606,169.97662353515625,132.4385528564453
US,JPM,2025-05-08 00:00:00-04:00,253.47000122070312,267.489990234375,0.026651552704935355,0.04267339985293961,171.5302734375,132.4385528564453
US,META,2024-05-15 00:00:00-04:00,479.7896728515625,466.0796813964844,0.018916624491967404,0.019116353805069597,311.23846435546875,272.51812744140625
US,META,2024-05-22 00:00:00-04:00,466.0796813964844,465.3523254394531,-0.028575003237553465,0.019480312818893175,308.798828125,272.51812744140625
US,META,2024-05-30 00:00:00-04:00,465.3523254394531,491.9653015136719,-0.0015605828489495543,0.008142859900164279,309.964599609375,272.51812744140625
US,META,2024-06-06 00:00:00-04:00,491.9653015136719,502.2676696777344,0.057188875222847324,0.01533985495130552,314.7174987792969,272.51812744140625
US,META,2024-06-13 00:00:00-04:00,502.2676696777344,493.4710388183594,0.020941249580741506,0.04420711303255587,317.94891357421875,272.51812744140625
US,META,2024-06-21 00:00:00-04:00,493.4710388183594,502.8860473632813,-0.017513830553774423,0.024112270053764373,314.5864562988281,272.51812744140625
US,META,2024-06-28 00:00:00-04:00,502.8860473632813,527.9196166992188,0.019079151164507202,0.021179852404192623,317.7293395996094,272.51812744140625
US,META,2024-07-08 00:00:00-04:00,527.9196166992188,494.8473205566406,0.04977980492239298,0.02101034483303832,321.7625427246094,272.51812744140625
US,META,2024-07-15 00:00:00-04:00,494.8473205566406,486.1105346679687,-0.06264646187872391,0.006920415100583055,314.2565612792969,272.51812744140625
US,META,2024-07-22 00:00:00-04:00,486.1105346679687,464.4779052734375,-0.017655518229025002,-0.053121408204073406,309.54034423828125,272.51812744140625
US,META,2024-07-29 00:00:00-04:00,464.4779052734375,474.4714050292969,-0.0445014618111641,-0.0559288396071953,308.47320556640625,272.51812744140625
US,META,2024-08-05 00:00:00-04:00,474.4714050292969,514.5849609375,0.021515554652650648,-0.01032409388642963,311.4080810546875,272.51812744140625
US,META,2024-08-12 00:00:00-04:00,514.5849609375,527.8798217773438,0.08454367425098308,0.046914832647826366,319.01531982421875,272.51812744140625
US,META,2024-08-19 00:00:00-04:00,527.8798217773438,519.7413330078125,0.025836085095884753,0.06934547923578505,321.7543029785156,272.51812744140625
US,META,2024-08-26 00:00:00-04:00,519.7413330078125,510.4060974121094,-0.01541731362666865,0.034594881192058224,318.56024169921875,272.51812744140625
US,META,2024-09-03 00:00:00-04:00,510.4060974121094,503.45452880859375,-0.017961310757562576,-0.005489248301789429,316.2369689941406,272.51812744140625
US,META,2024-09-10 00:00:00-04:00,503.45452880859375,535.411376953125,-0.01361968173727135,-0.025059309249296113,315.7362976074219,272.51812744140625
US,META,2024-09-17 00:00:00-04:00,535.411376953125,562.3756713867188,0.06347514286971645,0.012348428004424372,322.95684814453125,272.51812744140625
US,META,2024-09-24 00:00:00-04:00,562.3756713867188,575.4933471679688,0.050361825680731664,0.05755581970853196,329.7654113769531,272.51812744140625
US,META,2024-10-01 00:00:00-04:00,575.4933471679688,591.8855590820312,0.023325468096626834,0.055889576668668006,330.2212219238281,272.51812744140625
US,META,2024-10-08 00:00:00-04:00,591.8855590820312,585.2767944335938,0.028483755711042447,0.04633445846128725,337.8940124511719,272.51812744140625
US,META,2024-10-15 00:00:00-04:00,585.2767944335938,581.0239868164062,-0.011165612248906998,0.022173571693112626,344.1877746582031,272.51812744140625
US,META,2024-10-22 00:00:00-04:00,581.0239868164062,592.2749633789062,-0.007266318531051974,-0.005211928409087907,340.0952453613281,272.51812744140625
US,META,2024-10-29 00:00:00-04:00,592.2749633789062,571.460205078125,0.019364048331545147,-0.01109277162987099,338.2254943847656,272.51812744140625
US,META,2024-11-05 00:00:00-05:00,571.460205078125,583.8292236328125,-0.03514374165342704,-0.010856832762674573,335.1780700683594,272.51812744140625
US,META,2024-11-12 00:00:00-05:00,583.8292236328125,560.1394653320312,0.02164458425061544,0.012133339716818847,340.79412841796875,272.51812744140625
US,META,2024-11-19 00:00:00-05:00,560.1394653320312,572.5682983398438,-0.040576520225168555,-0.0153871116010037,330.0076599121094,272.51812744140625
US,META,2024-11-26 00:00:00-05:00,572.5682983398438,612.7401733398438,0.022188818637238983,-0.011217581717350655,326.63909912109375,272.51812744140625
US,META,2024-12-04 00:00:00-05:00,612.7401733398438,631.608154296875,0.07016084389666344,0.027485720731304397,342.39056396484375,272.51812744140625
US,META,2024-12-11 00:00:00-05:00,631.608154296875,596.6591796875,0.03079279240691557,0.05786509276466423,370.6807556152344,272.51812744140625
US,META,2024-12-18 00:00:00-05:00,596.6591796875,602.8136596679688,-0.05533331761411664,0.03271880238395819,379.337646484375,272.51812744140625
US,META,2024-12-26 00:00:00-05:00,602.8136596679688,604.092529296875,0.010314900348457057,-0.01423863396326408,372.0992736816406,272.51812744140625
US,META,2025-01-03 00:00:00-05:00,604.092529296875,607.789306640625,0.0021215007463677438,-0.019512719136657197,366.1058044433594,272.51812744140625
US,META,2025-01-13 00:00:00-05:00,607.789306640625,615.9120483398438,0.006119554810672501,0.015296836020973315,373.5877380371094,272.51812744140625
US,META,2025-01-21 00:00:00-05:00,615.9120483398438,673.7305908203125,0.013364403767013977,0.008300932691629237,376.76568603515625,272.51812744140625
US,META,2025-01-28 00:00:00-05:00,673.7305908203125,703.5640869140625,0.09387467356145307,0.04933406104901805,395.41644287109375,272.51812744140625
US,META,2025-02-04 00:00:00-05:00,703.5640869140625,719.16015625,0.044281047202303414,0.07687788279955332,412.82330322265625,272.51812744140625
US,META,2025-02-11 00:00:00-05:00,719.16015625,703.1444702148438,0.022167233413439513,0.07193132705410665,418.81793212890625,272.51812744140625
US,META,2025-02-19 00:00:00-05:00,703.1444702148438,673.1011962890625,-0.022269985198663855,0.0409144385475253,418.2549133300781,272.51812744140625
US,META,2025-02-26 00:00:00-05:00,673.1011962890625,655.886474609375,-0.042727028652592036,-0.03572026077145107,409.49444580078125,272.51812744140625
US,META,2025-03-05 00:00:00-05:00,655.886474609375,619.00927734375,-0.025575235602901314,-0.052271029054491325,403.6588134765625,272.51812744140625
US,META,2025-03-12 00:00:00-04:00,619.00927734375,584.0599975585938,-0.05622496985867542,-0.07763310832041403,390.8658447265625,272.51812744140625
US,META,2025-03-19 00:00:00-04:00,584.0599975585938,610.97998046875,-0.056460025825668114,-0.06434882105754758,376.0718994140625,272.51812744140625
US,META,2025-03-26 00:00:00-04:00,610.97998046875,583.9299926757812,0.046091125950558975,-0.016430619606664254,378.9610290527344,272.51812744140625
US,META,2025-04-02 00:00:00-04:00,583.9299926757812,585.77001953125,-0.04427311639935527,-0.02537737626462211,363.4748840332031,272.51812744140625
US,META,2025-04-09 00:00:00-04:00,585.77001953125,502.30999755859375,0.0031511086577982184,-0.08518279695672948,322.47161865234375,272.51812744140625
US,META,2025-04-16 00:00:00-04:00,502.30999755859375,533.1500244140625,-0.14247916279403194,-0.06016260722382183,307.56298828125,272.51812744140625
US,META,2025-04-24 00:00:00-04:00,533.1500244140625,572.2100219726562,0.061396402630571334,-0.055772403623621236,314.39508056640625,272.51812744140625
US,META,2025-05-01 00:00:00-04:00,572.2100219726562,598.010009765625,0.07326267611357817,0.04564658235549546,332.4576721191406,272.51812744140625
US,META,2025-05-08 00:00:00-04:00,598.010009765625,643.8800048828125,0.045088318628228485,0.08939118522144551,342.5614318847656,272.51812744140625
US,MSFT,2024-05-15 00:00:00-04:00,419.8609313964844,427.2443237304687,0.03240379991751574,0.0237051370665049,309.3785095214844,276.6055603027344
US,MSFT,2024-05-22 00:00:00-04:00,427.2443237304687,411.5149230957031,0.017585328335805617,0.03383376606396005,311.77789306640625,276.6055603027344
US,MSFT,2024-05-30 00:00:00-04:00,411.5149230957031,421.28997802734375,-0.03681593823745832,0.018660679176369932,309.3883972167969,276.6055603027344
US,MSFT,2024-06-06 00:00:00-04:00,421.28997802734375,438.2201843261719,0.023753828556461132,-0.006538366818441554,309.2385559082031,276.6055603027344
US,MSFT,2024-06-13 00:00:00-04:00,438.2201843261719,446.3578186035156,0.040186586868508956,0.017663203631712587,314.51922607421875,276.6055603027344
US,MSFT,2024-06-21 00:00:00-04:00,446.3578186035156,443.54931640625,0.018569738611781572,0.03555855406801367,316.3906555175781,276.6055603027344
US,MSFT,2024-06-28 00:00:00-04:00,443.54931640625,462.6925659179687,-0.006292042124527719,0.029586111644389623,316.4587097167969,276.6055603027344
US,MSFT,2024-07-08 00:00:00-04:00,462.6925659179687,450.5060119628906,0.0431592357459194,0.031398411081585254,320.16876220703125,276.6055603027344
US,MSFT,2024-07-15 00:00:00-04:00,450.5060119628906,439.56982421875,-0.02633833965086574,0.0077164294581375525,317.179443359375,276.6055603027344
US,MSFT,2024-07-22 00:00:00-04:00,439.56982421875,423.4831848144531,-0.024275342512058318,-0.02303751136159482,313.5488586425781,276.6055603027344
US,MSFT,2024-07-29 00:00:00-04:00,423.4831848144531,392.1434326171875,-0.036596323309698864,-0.04238297440209482,310.2080078125,276.6055603027344
US,MSFT,2024-08-05 00:00:00-04:00,392.1434326171875,403.7147521972656,-0.07400471452248325,-0.052775548556293406,302.983154296875,276.6055603027344
US,MSFT,2024-08-12 00:00:00-04:00,403.7147521972656,419.07672119140625,0.029507875480281553,-0.04493554662238075,305.2073974609375,276.6055603027344
US,MSFT,2024-08-19 00:00:00-04:00,419.07672119140625,411.0835266113281,0.03805154235888408,0.0075522359680435525,309.5942077636719,276.6055603027344
US,MSFT,2024-08-26 00:00:00-04:00,411.0835266113281,407.0570983886719,-0.01907334427298668,0.015224914251521282,307.91998291015625,276.6055603027344
US,MSFT,2024-09-03 00:00:00-04:00,407.0570983886719,411.7893981933594,-0.009794671792973997,-0.0003259781077951107,307.9737243652344,276.6055603027344
US,MSFT,2024-09-10 00:00:00-04:00,411.7893981933594,432.6174621582031,0.011625641275929688,-0.015996766732095158,307.0403747558594,276.6055603027344
US,MSFT,2024-09-17 00:00:00-04:00,432.6174621582031,426.6722717285156,0.0505794079600459,0.029184130413725917,313.685791015625,276.6055603027344
US,MSFT,2024-09-24 00:00:00-04:00,426.6722717285156,418.2416076660156,-0.013742372765141453,0.02995859851794136,311.882568359375,276.6055603027344
US,MSFT,2024-10-01 00:00:00-04:00,418.2416076660156,412.2964172363281,-0.01975910932375824,0.008687691630121286,310.03558349609375,276.6055603027344
US,MSFT,2024-10-08 00:00:00-04:00,412.2964172363281,416.3029479980469,-0.01421472737460161,-0.027553669084666277,307.3795166015625,276.6055603027344
US,MSFT,2024-10-15 00:00:00-04:00,416.3029479980469,425.0219421386719,0.009717597811242262,-0.014325948565795388,309.3584899902344,276.6055603027344
US,MSFT,2024-10-22 00:00:00-04:00,425.0219421386719,429.43609619140625,0.020943868359697193,-0.0014331227313865158,310.2445068359375,276.6055603027344
US,MSFT,2024-10-29 00:00:00-04:00,429.43609619140625,409.0653381347656,0.010385708630765711,0.01778364525728504,311.8368225097656,276.6055603027344
US,MSFT,2024-11-05 00:00:00-05:00,409.0653381347656,420.5679931640625,-0.0474360637992598,-0.013504210239179026,305.98602294921875,276.6055603027344
US,MSFT,2024-11-12 00:00:00-05:00,420.5679931640625,415.3585205078125,0.028119358833349484,0.0029827598521203758,309.53045654296875,276.6055603027344
US,MSFT,2024-11-19 00:00:00-05:00,415.3585205078125,426.350830078125,-0.012386754914603726,-0.0014806526386953456,307.8041076660156,276.6055603027344
US,MSFT,2024-11-26 00:00:00-05:00,426.350830078125,435.7447204589844,0.026464630018600444,0.0008941515314373483,310.2084045410156,276.6055603027344
US,MSFT,2024-12-04 00:00:00-05:00,435.7447204589844,447.2704162597656,0.02203324051025768,0.017232331718461058,313.16265869140625,276.6055603027344
US,MSFT,2024-12-11 00:00:00-05:00,447.2704162597656,435.71484375,0.026450569013529046,0.03970236230062785,316.0440368652344,276.6055603027344
US,MSFT,2024-12-18 00:00:00-05:00,435.71484375,436.43206787109375,-0.025835763085780283,0.02975352782973717,315.65155029296875,276.6055603027344
US,MSFT,2024-12-26 00:00:00-05:00,436.43206787109375,421.7286071777344,0.0016460860385680842,-0.005898493492666357,312.5755920410156,276.6055603027344
US,MSFT,2025-01-03 00:00:00-05:00,421.7286071777344,415.5921936035156,-0.03369014739242815,-0.0336092352403341,309.4406433105469,276.6055603027344
US,MSFT,2025-01-13 00:00:00-05:00,415.5921936035156,426.8588562011719,-0.014550622058305374,-0.02456244137596364,308.77349853515625,276.6055603027344
US,MSFT,2025-01-21 00:00:00-05:00,426.8588562011719,445.4872741699219,0.027109899490568745,-0.0051240467642109655,312.1574401855469,276.6055603027344
US,MSFT,2025-01-28 00:00:00-05:00,445.4872741699219,410.7906494140625,0.04364069691451067,0.035274308057333004,314.30267333984375,276.6055603027344
US,MSFT,2025-02-04 00:00:00-05:00,410.7906494140625,409.8642272949219,-0.07788465971448844,-0.019501936915498952,306.16363525390625,276.6055603027344
US,MSFT,2025-02-11 00:00:00-05:00,409.8642272949219,413.1814575195313,-0.002255217153706024,-0.02951765159225117,306.9812316894531,276.6055603027344
US,MSFT,2025-02-19 00:00:00-05:00,413.1814575195313,398.99749755859375,0.008093485607423956,-0.02605897656650613,307.35345458984375,276.6055603027344
US,MSFT,2025-02-26 00:00:00-05:00,398.99749755859375,400.2851257324219,-0.03432864593219809,-0.01462425105116294,304.30145263671875,276.6055603027344
US,MSFT,2025-03-05 00:00:00-05:00,400.2851257324219,382.5676574707031,0.0032271585203087483,-0.028363808782436606,303.1301574707031,276.6055603027344
US,MSFT,2025-03-12 00:00:00-04:00,382.5676574707031,387.1093444824219,-0.04426211998085161,-0.030050483840138864,300.2874450683594,276.6055603027344
US,MSFT,2025-03-19 00:00:00-04:00,387.1093444824219,389.2554016113281,0.011871591659748493,-0.018533265771179752,301.68359375,276.6055603027344
US,MSFT,2025-03-26 00:00:00-04:00,389.2554016113281,381.4397583007813,0.005543800891129713,0.005117275300407176,303.1285095214844,276.6055603027344
US,MSFT,2025-04-02 00:00:00-04:00,381.4397583007813,389.7744140625,-0.02007844535539871,-0.011707211691165176,299.8341064453125,276.6055603027344
US,MSFT,2025-04-09 00:00:00-04:00,389.7744140625,370.9290161132813,0.021850516576582102,-0.03738544677481148,298.24090576171875,276.6055603027344
US,MSFT,2025-04-16 00:00:00-04:00,370.9290161132813,386.59027099609375,-0.0483494997857834,0.005722000187972531,299.05413818359375,276.6055603027344
US,MSFT,2025-04-24 00:00:00-04:00,386.59027099609375,424.6204528808594,0.04222170335153708,-0.012465196037919068,300.2668762207031,276.6055603027344
US,MSFT,2025-05-01 00:00:00-04:00,424.6204528808594,437.3670654296875,0.09837335478406262,0.050882909993115844,311.5526428222656,276.6055603027344
US,MSFT,2025-05-08 00:00:00-04:00,437.3670654296875,453.1300048828125,0.030018837911240714,0.09576239814876208,313.8868103027344,276.6055603027344
US,NFLX,2024-05-15 00:00:00-04:00,613.52001953125,640.469970703125,0.006645198324459756,0.05163659205547955,467.64154052734375,445.8959655761719
US,NFLX,2024-05-22 00:00:00-04:00,640.469970703125,647.6599731445312,0.04392676736525347,0.056703717052003055,474.21954345703125,445.8959655761719
US,NFLX,2024-05-30 00:00:00-04:00,647.6599731445312,648.52001953125,0.01122613513559867,0.04137547928674734,475.98175048828125,445.8959655761719
US,NFLX,2024-06-06 00:00:00-04:00,648.52001953125,653.260009765625,0.0013279288861145488,0.012116247674871072,474.97137451171875,445.8959655761719
US,NFLX,2024-06-13 00:00:00-04:00,653.260009765625,686.1199951171875,0.007308934329893324,0.00860377026161796,475.70709228515625,445.8959655761719
US,NFLX,2024-06-21 00:00:00-04:00,686.1199951171875,674.8800048828125,0.050301541285761475,0.03906639099624343,483.2872009277344,445.8959655761719
US,NFLX,2024-06-28 00:00:00-04:00,674.8800048828125,685.739990234375,-0.016381959882185382,0.02234297224854398,482.1073913574219,445.8959655761719
US,NFLX,2024-07-08 00:00:00-04:00,685.739990234375,656.4500122070312,0.016091727822708624,0.016690632493223223,483.7598876953125,445.8959655761719
US,NFLX,2024-07-15 00:00:00-04:00,656.4500122070312,647.5,-0.042712950162543284,-0.016724359797174793,476.59796142578125,445.8959655761719
US,NFLX,2024-07-22 00:00:00-04:00,647.5,626.9600219726562,-0.013633958474523755,-0.03206110163507869,474.6588134765625,445.8959655761719
US,NFLX,2024-07-29 00:00:00-04:00,626.9600219726562,598.5499877929688,-0.03172197378740349,-0.033997881975591504,471.5893249511719,445.8959655761719
US,NFLX,2024-08-05 00:00:00-04:00,598.5499877929688,633.1400146484375,-0.045313948551773175,-0.035536075739507345,464.5373229980469,445.8959655761719
US,NFLX,2024-08-12 00:00:00-04:00,633.1400146484375,688.530029296875,0.05778970438711806,-0.010421038415376116,471.6556701660156,445.8959655761719
US,NFLX,2024-08-19 00:00:00-04:00,688.530029296875,688.4400024414062,0.08748462167439186,0.04947165395424569,482.6362609863281,445.8959655761719
US,NFLX,2024-08-26 00:00:00-04:00,688.4400024414062,675.3200073242188,-0.00013075225718284234,0.06440666238117054,484.25048828125,445.8959655761719
US,NFLX,2024-09-03 00:00:00-04:00,675.3200073242188,673.6199951171875,-0.01905757229484084,0.03235471706341886,484.14764404296875,445.8959655761719
US,NFLX,2024-09-10 00:00:00-04:00,673.6199951171875,706.9099731445312,-0.002517343168562558,-0.00805233857653409,481.0804443359375,445.8959655761719
US,NFLX,2024-09-17 00:00:00-04:00,706.9099731445312,722.260009765625,0.049419521790698084,0.00869551589417994,487.37652587890625,445.8959655761719
US,NFLX,2024-09-24 00:00:00-04:00,722.260009765625,706.1300048828125,0.021714273675914608,0.01988493845550332,489.3685607910156,445.8959655761719
US,NFLX,2024-10-01 00:00:00-04:00,706.1300048828125,721.760009765625,-0.022332684441502937,0.021321211608981372,488.21978759765625,445.8959655761719
US,NFLX,2024-10-08 00:00:00-04:00,721.760009765625,705.97998046875,0.022134741159181237,0.009630604670950005,489.3199768066406,445.8959655761719
US,NFLX,2024-10-15 00:00:00-04:00,705.97998046875,764.239990234375,-0.021863263527164944,0.01109623040578156,488.6459045410156,445.8959655761719
US,NFLX,2024-10-22 00:00:00-04:00,764.239990234375,759.4400024414062,0.08252360035328765,0.024506566305604327,500.6342468261719,445.8959655761719
US,NFLX,2024-10-29 00:00:00-04:00,759.4400024414062,763.9099731445312,-0.006280733610258604,0.03082770838749571,497.41375732421875,445.8959655761719
US,NFLX,2024-11-05 00:00:00-05:00,763.9099731445312,819.5,0.0058858773421932575,0.020176247496186406,498.28564453125,445.8959655761719
US,NFLX,2024-11-12 00:00:00-05:00,819.5,871.3200073242188,0.07277039024198095,0.04908277624769064,508.7215881347656,445.8959655761719
US,NFLX,2024-11-19 00:00:00-05:00,871.3200073242188,872.5999755859375,0.06323368801002904,0.06860010839120267,516.4928588867188,445.8959655761719
US,NFLX,2024-11-26 00:00:00-05:00,872.5999755859375,911.0599975585938,0.0014689990485234894,0.07677615449221831,521.9464111328125,445.8959655761719
US,NFLX,2024-12-04 00:00:00-05:00,911.0599975585938,936.5599975585938,0.044075204043904526,0.04685945177813311,527.6915283203125,445.8959655761719
US,NFLX,2024-12-11 00:00:00-05:00,936.5599975585938,889.5499877929688,0.027989375088724566,0.04211031047648306,533.5687255859375,445.8959655761719
US,NFLX,2024-12-18 00:00:00-05:00,889.5499877929688,924.1400146484376,-0.05019433873768875,0.011828912017403326,528.6813354492188,445.8959655761719
US,NFLX,2024-12-26 00:00:00-05:00,924.1400146484376,881.0499877929688,0.0388848601316818,0.0038855958320749284,532.2482299804688,445.8959655761719
US,NFLX,2025-01-03 00:00:00-05:00,881.0499877929688,840.2899780273438,-0.04662716273773859,-0.02017682757006245,523.912353515625,445.8959655761719
US,NFLX,2025-01-13 00:00:00-05:00,840.2899780273438,869.6799926757812,-0.046262993394652785,-0.03781528388997457,513.0763549804688,445.8959655761719
US,NFLX,2025-01-21 00:00:00-05:00,869.6799926757812,971.8300170898438,0.034976038530690534,-0.03518045258723068,519.1614379882812,445.8959655761719
US,NFLX,2025-01-28 00:00:00-05:00,971.8300170898438,994.8699951171876,0.11745702473822961,0.08679725651083237,544.2666015625,445.8959655761719
US,NFLX,2025-02-04 00:00:00-05:00,994.8699951171876,1008.0800170898438,0.023707827111923763,0.0701281332920145,547.529052734375,445.8959655761719
US,NFLX,2025-02-11 00:00:00-05:00,1008.0800170898438,1043.3299560546875,0.013278138889996516,0.06393758113342018,554.4732666015625,445.8959655761719
US,NFLX,2025-02-19 00:00:00-05:00,1043.3299560546875,990.0599975585938,0.034967401761027306,0.03929804537402615,560.3277587890625,445.8959655761719
US,NFLX,2025-02-26 00:00:00-05:00,990.0599975585938,990.9199829101562,-0.05105763348110126,-0.011737867374453259,547.4089965820312,445.8959655761719
US,NFLX,2025-03-05 00:00:00-05:00,990.9199829101562,919.6799926757812,0.0008686194308256123,-0.031075251315080932,545.7953491210938,445.8959655761719
US,NFLX,2025-03-12 00:00:00-04:00,919.6799926757812,959.489990234375,-0.07189277788621817,-0.08368863346885669,527.4943237304688,445.8959655761719
US,NFLX,2025-03-19 00:00:00-04:00,959.489990234375,970.6500244140624,0.04328679309720296,-0.021075382101986007,537.3958740234375,445.8959655761719
US,NFLX,2025-03-26 00:00:00-04:00,970.6500244140624,935.52001953125,0.011631214805025047,0.028938202593167706,546.189697265625,445.8959655761719
US,NFLX,2025-04-02 00:00:00-04:00,935.52001953125,945.469970703125,-0.03619224643199159,0.007672614872035188,533.8732299804688,445.8959655761719
US,NFLX,2025-04-09 00:00:00-04:00,945.469970703125,961.6300048828124,0.010635743719156876,-0.04478971883398852,525.8660888671875,445.8959655761719
US,NFLX,2025-04-16 00:00:00-04:00,961.6300048828124,1096.8699951171875,0.017092064984009614,0.0059439297172467764,541.8919677734375,445.8959655761719
US,NFLX,2025-04-24 00:00:00-04:00,1096.8699951171875,1133.469970703125,0.1406362005632884,0.08259515157062247,566.30322265625,445.8959655761719
US,NFLX,2025-05-01 00:00:00-04:00,1133.469970703125,1144.4300537109375,0.03336765136147912,0.12528884392991801,580.581787109375,445.8959655761719
US,NFLX,2025-05-08 00:00:00-04:00,1144.4300537109375,1177.97998046875,0.009669495700017183,0.0814222490237404,586.0261840820312,445.8959655761719
US,NVDA,2024-05-15 00:00:00-04:00,94.59890747070312,94.91880798339844,0.046652918687993816,0.05035960639711923,44.89435958862305,25.045114517211914
US,NVDA,2024-05-22 00:00:00-04:00,94.91880798339844,110.46369934082033,0.0033816512394118092,0.04748135999511671,46.24900817871094,25.045114517211914
US,NVDA,2024-05-30 00:00:00-04:00,110.46369934082033,120.958251953125,0.16377040217509609,0.1422982772825705,52.61342239379883,25.045116424560547
US,NVDA,2024-06-06 00:00:00-04:00,120.958251953125,129.5780792236328,0.09500453701016465,0.13443501569151883,55.9366569519043,25.04511833190918
US,NVDA,2024-06-13 00:00:00-04:00,129.5780792236328,126.53881072998048,0.0712628293756119,0.11208969119446821,58.159523010253906,25.04511833190918
US,NVDA,2024-06-21 00:00:00-04:00,126.53881072998048,123.50955963134766,-0.023455113024225316,0.08931738027906277,60.37459182739258,25.045122146606445
US,NVDA,2024-06-28 00:00:00-04:00,123.50955963134766,128.16839599609375,-0.023939304322188604,-0.001711174705869567,58.519779205322266,25.045122146606445
US,NVDA,2024-07-08 00:00:00-04:00,128.16839599609375,128.40835571289062,0.03772045158813486,-0.001767979800866848,58.99624252319336,25.045127868652344
US,NVDA,2024-07-15 00:00:00-04:00,128.40835571289062,123.50955963134766,0.0018722222037028668,0.01992901827511573,60.352298736572266,25.045127868652344
US,NVDA,2024-07-22 00:00:00-04:00,123.50955963134766,111.5625,-0.038150134812848346,-0.031149107419314093,57.65966033935547,25.045127868652344
US,NVDA,2024-07-29 00:00:00-04:00,111.5625,100.4252471923828,-0.09672983748794295,-0.06754482253479621,54.94047927856445,25.045129776000977
US,NVDA,2024-08-05 00:00:00-04:00,100.4252471923828,108.9931411743164,-0.09982971704306731,-0.09241982453397657,51.075035095214844,25.045127868652344
US,NVDA,2024-08-12 00:00:00-04:00,108.9931411743164,129.96795654296875,0.08531613534911453,-0.06814385823434543,51.1841926574707,25.04512596130371
US,NVDA,2024-08-19 00:00:00-04:00,129.96795654296875,126.42884063720705,0.1924416081843776,0.08981252593984523,57.279685974121094,25.04512596130371
US,NVDA,2024-08-26 00:00:00-04:00,126.42884063720705,107.973388671875,-0.027230680545413,0.10176192602238454,59.33604049682617,25.045122146606445
US,NVDA,2024-09-03 00:00:00-04:00,107.973388671875,108.0733642578125,-0.1459750154499222,0.011711556449884197,56.088356018066406,25.04512596130371
US,NVDA,2024-09-10 00:00:00-04:00,108.0733642578125,115.57140350341795,0.0009259280195541564,-0.10661555522143529,51.94496154785156,25.04512596130371
US,NVDA,2024-09-17 00:00:00-04:00,115.57140350341795,120.85055541992188,0.06937916013902035,-0.0009900930554345155,55.09232711791992,25.045127868652344
US,NVDA,2024-09-24 00:00:00-04:00,120.85055541992188,116.9811782836914,0.0456787038702684,0.01564503822985852,55.78617858886719,25.04512596130371
US,NVDA,2024-10-01 00:00:00-04:00,116.9811782836914,132.86862182617188,-0.032017868041942066,0.05173728731538296,56.87834167480469,25.04512596130371
US,NVDA,2024-10-08 00:00:00-04:00,132.86862182617188,131.57884216308594,0.13581196373276194,0.04255972530496388,59.43660354614258,25.04512596130371
US,NVDA,2024-10-15 00:00:00-04:00,131.57884216308594,143.56690979003906,-0.00970718026091455,0.07900695235399335,61.996944427490234,25.045127868652344
US,NVDA,2024-10-22 00:00:00-04:00,143.56690979003906,141.22727966308594,0.09110938681231495,0.07191400479790766,64.21510314941406,25.045127868652344
US,NVDA,2024-10-29 00:00:00-04:00,141.22727966308594,139.8874969482422,-0.016296444148409583,0.04174583647562402,64.39766693115234,25.045127868652344
US,NVDA,2024-11-05 00:00:00-05:00,139.8874969482422,148.26612854003906,-0.009486713317993223,-0.00826374355937387,63.43922805786133,25.04513168334961
US,NVDA,2024-11-12 00:00:00-05:00,148.26612854003906,146.98634338378906,0.05989550013105838,0.04337031182008699,66.3091812133789,25.04513168334961
US,NVDA,2024-11-19 00:00:00-05:00,146.98634338378906,136.89797973632812,-0.008631675817342144,0.015503121039202927,65.59228515625,25.04513168334961
US,NVDA,2024-11-26 00:00:00-05:00,136.89797973632812,145.1166534423828,-0.06863470044369835,-0.006652022157864201,64.46378326416016,25.045133590698242
US,NVDA,2024-12-04 00:00:00-05:00,145.1166534423828,139.29718017578125,0.06003502551231388,-0.025299407520998907,64.47738647460938,25.045133590698242
US,NVDA,2024-12-11 00:00:00-05:00,139.29718017578125,128.8981475830078,-0.04010203604172924,-0.008849128856877497,63.90648651123047,25.045133590698242
US,NVDA,2024-12-18 00:00:00-05:00,128.8981475830078,139.91712951660156,-0.07465357575545128,-0.042257888783736264,61.830326080322266,25.04513168334961
US,NVDA,2024-12-26 00:00:00-05:00,139.91712951660156,144.4567108154297,0.08548596035096434,-0.0020215830710026417,63.371341705322266,25.04513168334961
US,NVDA,2025-01-03 00:00:00-05:00,144.4567108154297,133.21774291992188,0.03244478581365895,0.00946228851816544,63.99965286254883,25.04513168334961
US,NVDA,2025-01-13 00:00:00-05:00,133.21774291992188,140.81704711914062,-0.07780163228185144,0.020741442265429066,63.24245834350586,25.04513168334961
US,NVDA,2025-01-21 00:00:00-05:00,140.81704711914062,128.9781494140625,0.057044234744216826,-0.012795259282729177,63.46824264526367,25.045129776000977
US,NVDA,2025-01-28 00:00:00-05:00,128.9781494140625,118.63909149169922,-0.08407290130904133,-0.006367001530218075,61.403236389160156,25.04513168334961
US,NVDA,2025-02-04 00:00:00-05:00,118.63909149169922,132.7877960205078,-0.08016131390729986,-0.09451139407342435,57.193992614746094,25.04513168334961
US,NVDA,2025-02-11 00:00:00-05:00,132.7877960205078,139.21719360351562,0.11925836881344054,-0.007257804422548864,60.33674621582031,25.04513168334961
US,NVDA,2025-02-19 00:00:00-05:00,139.21719360351562,131.26792907714844,0.04841858797034981,0.043468308873877204,63.044677734375,25.04513168334961
US,NVDA,2025-02-26 00:00:00-05:00,131.26792907714844,117.28921508789062,-0.05709973258767409,0.019549331876731912,61.55391311645508,25.045127868652344
US,NVDA,2025-03-05 00:00:00-05:00,117.28921508789062,115.73999786376952,-0.10648994074586393,-0.08463446347216041,56.71590042114258,25.045129776000977
US,NVDA,2025-03-12 00:00:00-04:00,115.73999786376952,117.5199966430664,-0.01320852239449466,-0.11019604196798116,54.07365417480469,25.045129776000977
US,NVDA,2025-03-19 00:00:00-04:00,117.5199966430664,113.76000213623048,0.015379288164425464,-0.016897197266800057,55.809486389160156,25.045129776000977
US,NVDA,2025-03-26 00:00:00-04:00,113.76000213623048,110.41999816894533,-0.03199450828998773,0.01695011401642499,55.9327278137207,25.045127868652344
US,NVDA,2025-04-02 00:00:00-04:00,110.41999816894533,114.33000183105467,-0.029360090581621257,-0.03777258439386577,53.006221771240234,25.04512596130371
US,NVDA,2025-04-09 00:00:00-04:00,114.33000183105467,104.48999786376952,0.03541028551845238,-0.09781105890162112,50.39315414428711,25.045127868652344
US,NVDA,2025-04-16 00:00:00-04:00,104.48999786376952,106.43000030517578,-0.0860666824953411,-0.004022962110532546,51.76805114746094,25.04512596130371
US,NVDA,2025-04-24 00:00:00-04:00,106.43000030517578,111.61000061035156,0.018566393732111885,-0.038466647125176334,50.08583450317383,25.045122146606445
US,NVDA,2025-05-01 00:00:00-04:00,111.61000061035156,117.37000274658205,0.04867049037228899,0.04328585169141008,52.643436431884766,25.045122146606445
US,NVDA,2025-05-08 00:00:00-04:00,117.37000274658205,134.8300018310547,0.05160829768597153,0.058427578670006364,54.944976806640625,25.045122146606445
US,PG,2024-05-15 00:00:00-04:00,162.53665161132812,163.80563354492188,0.008723486803783764,0.017555573896291143,139.94790649414062,135.65077209472656
US,PG,2024-05-22 00:00:00-04:00,163.80563354492188,158.700439453125,0.007807358654269958,0.015189051890061478,140.20053100585938,135.65077209472656
US,PG,2024-05-30 00:00:00-04:00,158.700439453125,164.4498748779297,-0.03116616920502202,-0.011803478713796944,138.70919799804688,135.65077209472656
US,PG,2024-06-06 00:00:00-04:00,164.4498748779297,162.4390411376953,0.03622822623942934,0.001205204268379667,140.19189453125,135.65077209472656
US,PG,2024-06-13 00:00:00-04:00,162.4390411376953,164.24488830566406,-0.01222763922275405,0.003790676849080299,139.88368225097656,135.65077209472656
US,PG,2024-06-21 00:00:00-04:00,164.24488830566406,160.98458862304688,0.01111707601399825,0.010231424007822953,140.31637573242188,135.65077209472656
US,PG,2024-06-28 00:00:00-04:00,160.98458862304688,162.54641723632812,-0.01985023531782426,-3.296137226471707e-05,139.6158447265625,135.65077209472656
US,PG,2024-07-08 00:00:00-04:00,162.54641723632812,160.6527099609375,0.009701727517149816,-0.012019610379727874,139.48330688476562,135.65077209472656
US,PG,2024-07-15 00:00:00-04:00,160.6527099609375,165.22288513183594,-0.011650255401429943,-0.002310163123737108,139.74502563476562,135.65077209472656
US,PG,2024-07-22 00:00:00-04:00,165.22288513183594,166.87266540527344,0.028447544843841488,0.01307595166547193,140.58120727539062,135.65077209472656
US,PG,2024-07-29 00:00:00-04:00,166.87266540527344,165.0363311767578,0.009985180152985995,0.012698689152006448,140.41696166992188,135.65077209472656
US,PG,2024-08-05 00:00:00-04:00,165.0363311767578,163.80882263183594,-0.01100440401102143,-0.007192484816816447,140.2667236328125,135.65077209472656
US,PG,2024-08-12 00:00:00-04:00,163.80882263183594,165.3898468017578,-0.007437808003664226,0.010180863514171579,140.1085662841797,135.65077209472656
US,PG,2024-08-19 00:00:00-04:00,165.3898468017578,167.28512573242188,0.009651642350639866,0.0023199518126288954,139.537841796875,135.65077209472656
US,PG,2024-08-26 00:00:00-04:00,167.28512573242188,171.38009643554688,0.011459463608644693,0.011233408271017487,139.61770629882812,135.65077209472656
US,PG,2024-09-03 00:00:00-04:00,171.38009643554688,174.5912628173828,0.024478988703843463,0.007758114234344582,140.02113342285156,135.65077209472656
US,PG,2024-09-10 00:00:00-04:00,174.5912628173828,172.71563720703125,0.018737102199283706,0.0284519933498657,140.989990234375,135.65077209472656
US,PG,2024-09-17 00:00:00-04:00,172.71563720703125,170.12313842773438,-0.010742952310926368,0.01107503715901692,140.78099060058594,135.65077209472656
US,PG,2024-09-24 00:00:00-04:00,170.12313842773438,169.92672729492188,-0.015010214600252425,-0.0027987926258790097,140.30201721191406,135.65077209472656
US,PG,2024-10-01 00:00:00-04:00,169.92672729492188,165.13453674316406,-0.001154523333085189,-0.007544401400857992,139.97512817382812,135.65077209472656
US,PG,2024-10-08 00:00:00-04:00,165.13453674316406,170.44720458984375,-0.028201511487010333,-0.019677144860057116,138.16416931152344,135.65077209472656
US,PG,2024-10-15 00:00:00-04:00,170.44720458984375,167.62661743164062,0.03217175493060265,-0.003489120951483571,139.30152893066406,135.65077209472656
US,PG,2024-10-22 00:00:00-04:00,167.62661743164062,165.12753295898438,-0.01654815733112469,0.002246620467368121,138.94288635253906,135.65077209472656
US,PG,2024-10-29 00:00:00-04:00,165.12753295898438,163.7347412109375,-0.014908637488168619,-0.0038774268243467747,138.36190795898438,135.65077209472656
US,PG,2024-11-05 00:00:00-05:00,163.7347412109375,163.81378173828125,-0.008434642746057541,-0.019440267131831113,137.59503173828125,135.65077209472656
US,PG,2024-11-12 00:00:00-05:00,163.81378173828125,168.67364501953125,0.00048273522625175147,-0.015594236146336038,138.46932983398438,135.65077209472656
US,PG,2024-11-19 00:00:00-05:00,168.67364501953125,177.1191864013672,0.02966699889154878,0.011652940162481418,139.63002014160156,135.65077209472656
US,PG,2024-11-26 00:00:00-05:00,177.1191864013672,172.9705047607422,0.05007030814362268,0.03968095372197955,141.58026123046875,135.65077209472656
US,PG,2024-12-04 00:00:00-05:00,172.9705047607422,168.54525756835938,-0.02342310691978755,0.03528603437049638,141.62742614746094,135.65077209472656
US,PG,2024-12-11 00:00:00-05:00,168.54525756835938,167.01419067382812,-0.025583825395572135,-0.00562218045166285,140.2762908935547,135.65077209472656
US,PG,2024-12-18 00:00:00-05:00,167.01419067382812,168.08099365234375,-0.009084010529992304,-0.02057744333980993,139.25784301757812,135.65077209472656
US,PG,2024-12-26 00:00:00-05:00,168.08099365234375,163.11245727539062,0.006387499015571896,-0.020722929016702252,138.65589904785156,135.65077209472656
US,PG,2025-01-03 00:00:00-05:00,163.11245727539062,156.89930725097656,-0.02956037008699497,-0.01599895356127956,137.66773986816406,135.65077209472656
US,PG,2025-01-13 00:00:00-05:00,156.89930725097656,159.74411010742188,-0.038091204854599825,-0.03842575487626232,136.91514587402344,135.65077209472656
US,PG,2025-01-21 00:00:00-05:00,159.74411010742188,165.16050720214844,0.018131392077434416,-0.022235217122488438,139.52928161621094,135.65077209472656
US,PG,2025-01-28 00:00:00-05:00,165.16050720214844,167.08848571777344,0.03390670924320305,0.01900333447791125,141.0919647216797,135.65077209472656
US,PG,2025-02-04 00:00:00-05:00,167.08848571777344,168.3804168701172,0.011673362768650497,0.026470330745968385,140.39109802246094,135.65077209472656
US,PG,2025-02-11 00:00:00-05:00,168.3804168701172,165.45864868164062,0.007732017839493288,0.01972453457207579,139.90652465820312,135.65077209472656
US,PG,2025-02-19 00:00:00-05:00,165.45864868164062,170.2388458251953,-0.017352185264693287,-0.0005875628574770753,139.00570678710938,135.65077209472656
US,PG,2025-02-26 00:00:00-05:00,170.2388458251953,173.52833557128906,0.028890584938550345,0.012190059187963564,140.22433471679688,135.65077209472656
US,PG,2025-03-05 00:00:00-05:00,173.52833557128906,167.32699584960938,0.019322791635179914,0.02277199120326001,141.12374877929688,135.65077209472656
US,PG,2025-03-12 00:00:00-04:00,167.32699584960938,167.52577209472656,-0.03573675562128609,0.01417563060378546,140.6529083251953,135.65077209472656
US,PG,2025-03-19 00:00:00-04:00,167.52577209472656,165.54808044433594,0.0011879508390615356,-0.01797159647097346,139.16970825195312,135.65077209472656
US,PG,2025-03-26 00:00:00-04:00,165.54808044433594,168.4499969482422,-0.011805297929158964,-0.027039371453136285,137.84906005859375,135.65077209472656
US,PG,2025-04-02 00:00:00-04:00,168.4499969482422,161.31448364257812,0.01752914619195467,0.0004073871781118399,139.1067352294922,135.65077209472656
US,PG,2025-04-09 00:00:00-04:00,161.31448364257812,165.35926818847656,-0.042359830424078426,-0.020352390417278654,136.91482543945312,135.65077209472656
US,PG,2025-04-16 00:00:00-04:00,165.35926818847656,159.52999877929688,0.025073908148634638,0.0029326124443642687,138.74098205566406,135.65077209472656
US,PG,2025-04-24 00:00:00-04:00,159.52999877929688,159.97999572753906,-0.03525214808362287,0.0006365508105732332,137.5655517578125,135.65077209472656
US,PG,2025-05-01 00:00:00-04:00,159.97999572753906,158.64999389648438,0.002820766950952791,-0.014258681642060234,137.81634521484375,135.65077209472656
US,PG,2025-05-08 00:00:00-04:00,158.64999389648438,162.41000366210938,-0.008313550859945007,-0.02324168967478546,138.58482360839844,135.65077209472656
US,PYPL,2024-05-15 00:00:00-04:00,63.900001525878906,62.189998626708984,0.0014104395964731342,-0.012787356606920763,113.30499267578125,63.27338409423828
US,PYPL,2024-05-22 00:00:00-04:00,62.189998626708984,62.5099983215332,-0.026760608111681905,-0.015416846274669882,113.0273208618164,63.27339172363281
US,PYPL,2024-05-30 00:00:00-04:00,62.5099983215332,67.0199966430664,0.005145516994541133,-0.031823386299921874,112.70982360839844,63.27339172363281
US,PYPL,2024-06-06 00:00:00-04:00,67.0199966430664,61.540000915527344,0.072148431333098,0.009923309319429086,113.14722442626953,63.27339172363281
US,PYPL,2024-06-13 00:00:00-04:00,61.540000915527344,60.61000061035156,-0.08176657717135227,0.01843604056851844,112.91531372070312,63.27339172363281
US,PYPL,2024-06-21 00:00:00-04:00,60.61000061035156,58.029998779296875,-0.015112126931105196,-0.04189581928278796,111.83634948730469,65.73116302490234
US,PYPL,2024-06-28 00:00:00-04:00,58.029998779296875,59.09000015258789,-0.04256726291162671,-0.05194086354899263,111.26982879638672,65.73114013671875
US,PYPL,2024-07-08 00:00:00-04:00,59.09000015258789,60.470001220703125,0.018266437973270877,-0.026455370175293424,111.95298767089844,60.81562423706055
US,PYPL,2024-07-15 00:00:00-04:00,60.470001220703125,60.77000045776367,0.023354223465081425,0.005763375049490538,112.30886840820312,60.815616607666016
US,PYPL,2024-07-22 00:00:00-04:00,60.77000045776367,58.939998626708984,0.004961125037282743,0.018537971281189947,112.36170959472656,63.27339172363281
US,PYPL,2024-07-29 00:00:00-04:00,58.939998626708984,60.459999084472656,-0.030113572770607,-0.017119611764616294,111.71981048583984,60.815616607666016
US,PYPL,2024-08-05 00:00:00-04:00,60.459999084472656,63.459999084472656,0.025788946270434376,0.04835166391490131,112.08118438720703,60.81562423706055
US,PYPL,2024-08-12 00:00:00-04:00,63.459999084472656,69.43000030517578,0.04961958394687538,0.03326129894635077,113.2297134399414,60.815616607666016
US,PYPL,2024-08-19 00:00:00-04:00,69.43000030517578,72.04000091552734,0.09407502847197269,0.06488227417087344,114.36738586425781,60.815616607666016
US,PYPL,2024-08-26 00:00:00-04:00,72.04000091552734,72.0,0.03759182772403058,0.07798325814967955,115.24629974365234,60.815616607666016
US,PYPL,2024-09-03 00:00:00-04:00,72.0,68.8499984741211,-0.0005552597864934006,0.047852854808703604,115.32245635986328,63.27339172363281
US,PYPL,2024-09-10 00:00:00-04:00,68.8499984741211,71.7699966430664,-0.04375002119276261,0.00027727226771423474,114.44216918945312,65.73116302490234
US,PYPL,2024-09-17 00:00:00-04:00,71.7699966430664,78.33999633789062,0.04241101283455895,-0.008435264846743729,115.16970825195312,68.18896484375
US,PYPL,2024-09-24 00:00:00-04:00,78.33999633789062,77.47000122070312,0.09154242722761685,0.05968427763068851,116.41401672363281,68.18893432617188
US,PYPL,2024-10-01 00:00:00-04:00,77.47000122070312,81.16000366210938,-0.011105376025741687,0.05722749722020315,116.67984008789062,70.64483642578125
US,PYPL,2024-10-08 00:00:00-04:00,81.16000366210938,79.55000305175781,0.04763137192800415,0.03918659707721028,117.32638549804688,70.64483642578125
US,PYPL,2024-10-15 00:00:00-04:00,79.55000305175781,80.91000366210938,-0.01983736492982946,0.021811783090542214,117.42693328857422,73.08077239990234
US,PYPL,2024-10-22 00:00:00-04:00,80.91000366210938,80.27999877929688,0.017096172950071375,0.013477831085496605,117.56331634521484,75.2860107421875
US,PYPL,2024-10-29 00:00:00-04:00,80.27999877929688,79.25,-0.007786489362223814,0.014573318901865306,116.65349578857422,75.28602600097656
US,PYPL,2024-11-05 00:00:00-05:00,79.25,86.4000015258789,-0.012830079658178839,-0.022283167553211136,116.68251037597656,75.2859878540039
US,PYPL,2024-11-12 00:00:00-05:00,86.4000015258789,84.08999633789062,0.09022083944326686,0.03349980066025671,118.7294921875,77.086181640625
US,PYPL,2024-11-19 00:00:00-05:00,84.08999633789062,86.94000244140625,-0.02673617068509404,0.03887679990000059,118.33628845214844,77.08604431152344
US,PYPL,2024-11-26 00:00:00-05:00,86.94000244140625,89.33000183105469,0.03389233235382383,0.0324373052234177,119.25894165039062,77.08604431152344
US,PYPL,2024-12-04 00:00:00-05:00,89.33000183105469,90.75,0.027490215350053582,0.014706393477025737,119.0064468383789,75.2859878540039
US,PYPL,2024-12-11 00:00:00-05:00,90.75,85.44999694824219,0.01589609470322051,0.029994176749307266,119.94254302978516,77.0862045288086
US,PYPL,2024-12-18 00:00:00-05:00,85.44999694824219,88.13999938964844,-0.05840223748493456,0.01718369629365779,119.56642150878906,78.4355697631836
US,PYPL,2024-12-26 00:00:00-05:00,88.13999938964844,87.5999984741211,0.03148042758896308,-0.010862526940684014,119.35346221923828,78.4355697631836
US,PYPL,2025-01-03 00:00:00-05:00,87.5999984741211,83.98999786376953,-0.006126627175706112,-0.022324703325935946,119.22706604003906,78.43557739257812
US,PYPL,2025-01-13 00:00:00-05:00,83.98999786376953,89.7699966430664,-0.041210053347410014,-0.01044905295643861,118.52279663085938,78.4355697631836
US,PYPL,2025-01-21 00:00:00-05:00,89.7699966430664,88.19000244140625,0.06881770361123163,0.02318824543500564,119.90618896484375,78.43556213378906
US,PYPL,2025-01-28 00:00:00-05:00,88.19000244140625,77.7249984741211,-0.01760047076689053,0.016961883941302158,119.61737823486328,79.51307678222656
US,PYPL,2025-02-04 00:00:00-05:00,77.7249984741211,76.20999908447266,-0.11866428934774254,-0.014077060767954563,116.69059753417969,79.51303100585938
US,PYPL,2025-02-11 00:00:00-05:00,76.20999908447266,78.36000061035156,-0.019491790535742015,-0.09312241994520987,115.98554229736328,79.51309204101562
US,PYPL,2025-02-19 00:00:00-05:00,78.36000061035156,72.05000305175781,0.02821154115873692,-0.0647321126909236,116.73596954345703,79.51309967041016
US,PYPL,2025-02-26 00:00:00-05:00,72.05000305175781,69.5,-0.08052574667489454,-0.05653653584385265,115.40528106689453,79.51307678222656
US,PYPL,2025-03-05 00:00:00-05:00,69.5,68.62000274658203,-0.03539212968424155,-0.07051603992709699,114.05362701416016,78.43556213378906
US,PYPL,2025-03-12 00:00:00-04:00,68.62000274658203,70.0,-0.012661830984431188,-0.05524938830715154,114.15560150146484,78.43553161621094
US,PYPL,2025-03-19 00:00:00-04:00,70.0,69.97000122070312,0.020110714051038148,-0.023124887787707493,114.6785888671875,77.08604431152344
US,PYPL,2025-03-26 00:00:00-04:00,69.97000122070312,67.1500015258789,-0.0004285539899553381,0.013517009036847938,115.01140594482422,77.08604431152344
US,PYPL,2025-04-02 00:00:00-04:00,67.1500015258789,63.95000076293945,-0.04030298192977333,-0.030498302316817272,113.7098617553711,75.2860107421875
US,PYPL,2025-04-09 00:00:00-04:00,63.95000076293945,60.2400016784668,-0.047654515118755514,-0.09683636253511607,111.58090209960938,75.2860107421875
US,PYPL,2025-04-16 00:00:00-04:00,60.2400016784668,64.7699966430664,-0.05801405848649632,-0.04734478393940755,112.4565200805664,70.64482879638672
US,PYPL,2025-04-24 00:00:00-04:00,64.7699966430664,65.41000366210938,0.07519911750299446,-0.008267521547016488,113.02115631103516,68.18892669677734
US,PYPL,2025-05-01 00:00:00-04:00,65.41000366210938,70.4800033569336,0.009881226682315836,0.052958671813867486,113.53694152832031,65.73114776611328
US,PYPL,2025-05-08 00:00:00-04:00,70.4800033569336,71.56999969482422,0.07751107492692522,0.0648577763373539,114.55233001708984,68.18892669677734
US,TSLA,2024-05-15 00:00:00-04:00,173.99000549316406,180.11000061035156,-0.004178089070735247,0.015126381516176624,212.569091796875,229.11981201171875
US,TSLA,2024-05-22 00:00:00-04:00,180.11000061035156,178.7899932861328,0.035174406138104075,0.006680543744714829,213.78982543945312,229.11981201171875
US,TSLA,2024-05-30 00:00:00-04:00,178.7899932861328,177.94000244140625,-0.007328895229279597,-0.0006184604970687069,212.3440399169922,229.11981201171875
US,TSLA,2024-06-06 00:00:00-04:00,177.94000244140625,182.47000122070312,-0.004754129854271261,0.0010497533528559533,212.32528686523438,229.11981201171875
US,TSLA,2024-06-13 00:00:00-04:00,182.47000122070312,183.0099945068359,0.025458012347665093,-0.004426342775073477,214.2137451171875,229.11981201171875
US,TSLA,2024-06-21 00:00:00-04:00,183.0099945068359,197.8800048828125,0.0029593537705940864,0.02699411023082443,213.47047424316406,229.11981201171875
US,TSLA,2024-06-28 00:00:00-04:00,197.8800048828125,252.94000244140625,0.08125244971482237,0.05662783158848339,218.28392028808594,229.11981201171875
US,TSLA,2024-07-08 00:00:00-04:00,252.94000244140625,252.63999938964844,0.2782494249037497,0.20701239503558888,233.2332000732422,229.11981201171875
US,TSLA,2024-07-15 00:00:00-04:00,252.63999938964844,251.5099945068359,-0.0011860640818460721,0.16928469297521276,230.47584533691406,229.11981201171875
US,TSLA,2024-07-22 00:00:00-04:00,251.5099945068359,232.1000061035156,-0.004472786912375293,0.06728159471929995,228.8921356201172,229.11981201171875
US,TSLA,2024-07-29 00:00:00-04:00,232.1000061035156,198.8800048828125,-0.07717382540355766,-0.062182509096588845,224.35769653320312,229.11981201171875
US,TSLA,2024-08-05 00:00:00-04:00,198.8800048828125,197.4900054931641,-0.14312796358086743,-0.08734399329179177,217.81521606445312,229.11981201171875
US,TSLA,2024-08-12 00:00:00-04:00,197.4900054931641,222.72000122070312,-0.00698913593886652,-0.11052436774405339,217.4752655029297,229.11981201171875
US,TSLA,2024-08-19 00:00:00-04:00,222.72000122070312,213.2100067138672,0.1277532787775042,-0.003466606143150419,223.99142456054688,229.11981201171875
US,TSLA,2024-08-26 00:00:00-04:00,213.2100067138672,210.6000061035156,-0.04269932855025471,0.03240248647515376,221.7609405517578,229.11981201171875
US,TSLA,2024-09-03 00:00:00-04:00,210.6000061035156,226.1699981689453,-0.012241454566690568,-0.0003894437630180825,221.5136260986328,229.11981201171875
US,TSLA,2024-09-10 00:00:00-04:00,226.1699981689453,227.8699951171875,0.07393158411294931,0.02594516883947806,224.3029327392578,229.11981201171875
US,TSLA,2024-09-17 00:00:00-04:00,227.8699951171875,254.27000427246097,0.00751645647966237,0.043692650755944085,225.0999298095703,229.11981201171875
US,TSLA,2024-09-24 00:00:00-04:00,254.27000427246097,258.0199890136719,0.115855574322967,0.07754116252774246,232.60531616210938,229.11981201171875
US,TSLA,2024-10-01 00:00:00-04:00,258.0199890136719,244.5,0.014748042152831431,0.08731069646382439,232.67994689941406,229.11981201171875
US,TSLA,2024-10-08 00:00:00-04:00,244.5,219.57000732421875,-0.052398998485948645,0.005622880205106373,228.31222534179688,229.11981201171875
US,TSLA,2024-10-15 00:00:00-04:00,219.57000732421875,217.97000122070312,-0.10196316022814422,-0.06596826050347415,222.84759521484375,229.11981201171875
US,TSLA,2024-10-22 00:00:00-04:00,217.97000122070312,259.5199890136719,-0.007286997541303686,-0.0743961618382315,222.54747009277344,229.11981201171875
US,TSLA,2024-10-29 00:00:00-04:00,259.5199890136719,251.44000244140625,0.1906225056671802,0.07084901115652986,237.182861328125,229.11981201171875
US,TSLA,2024-11-05 00:00:00-05:00,251.44000244140625,328.489990234375,-0.03113435155023825,0.052721940010671986,227.61045837402344,229.11981201171875
US,TSLA,2024-11-12 00:00:00-05:00,328.489990234375,346.0,0.30643488325181645,0.2191351464221476,261.9683532714844,229.11981201171875
US,TSLA,2024-11-19 00:00:00-05:00,346.0,338.2300109863281,0.05330454591061273,0.14604629406369773,247.3947296142578,229.11981201171875
US,TSLA,2024-11-26 00:00:00-05:00,338.2300109863281,357.92999267578125,-0.022456615646450517,0.10501895476636736,249.1230926513672,229.11981201171875
US,TSLA,2024-12-04 00:00:00-05:00,357.92999267578125,424.7699890136719,0.058244333883930244,0.04342236049350667,257.38873291015625,229.11981201171875
US,TSLA,2024-12-11 00:00:00-05:00,424.7699890136719,440.1300048828125,0.18674041769513106,0.11592440595949816,279.6932373046875,229.11981201171875
US,TSLA,2024-12-18 00:00:00-05:00,440.1300048828125,454.1300048828125,0.03616078411002399,0.1672357578253929,286.7878723144531,229.11981201171875
US,TSLA,2024-12-26 00:00:00-05:00,454.1300048828125,410.44000244140625,0.03180878341554472,0.08046611651033908,269.6230163574219,229.11981201171875
US,TSLA,2025-01-03 00:00:00-05:00,410.44000244140625,403.30999755859375,-0.09620593656365073,-0.03404279753287498,257.3783264160156,229.11981201171875
US,TSLA,2025-01-13 00:00:00-05:00,403.30999755859375,424.0700073242187,-0.017371613001660013,-0.05764854598766156,260.39361572265625,229.11981201171875
US,TSLA,2025-01-21 00:00:00-05:00,424.0700073242187,398.0899963378906,0.05147407674318538,0.0025965192595598374,270.7005310058594,229.11981201171875
US,TSLA,2025-01-28 00:00:00-05:00,398.0899963378906,392.2099914550781,-0.06126349550220678,-0.005156081664585033,258.1432189941406,229.11981201171875
US,TSLA,2025-02-04 00:00:00-05:00,392.2099914550781,328.5,-0.014770541678775784,-0.02560671091683775,262.61505126953125,229.11981201171875
US,TSLA,2025-02-11 00:00:00-05:00,328.5,360.55999755859375,-0.16243847133704437,-0.08984720956188663,243.9186553955078,229.11981201171875
US,TSLA,2025-02-19 00:00:00-05:00,360.55999755859375,290.79998779296875,0.0975951219439688,-0.06665890399423591,257.0915832519531,229.11981201171875
US,TSLA,2025-02-26 00:00:00-05:00,290.79998779296875,279.1000061035156,-0.19347684223979522,-0.09480996124004781,238.21995544433594,229.11981201171875
US,TSLA,2025-03-05 00:00:00-05:00,279.1000061035156,248.08999633789065,-0.04023377641192605,-0.14285582238198902,234.79164123535156,229.11981201171875
US,TSLA,2025-03-12 00:00:00-04:00,248.08999633789065,235.86000061035156,-0.11110716262085518,-0.1843442153765671,227.85252380371094,229.11981201171875
US,TSLA,2025-03-19 00:00:00-04:00,235.86000061035156,272.05999755859375,-0.04929660973061656,-0.1257331812242799,226.1107635498047,229.11981201171875
US,TSLA,2025-03-26 00:00:00-04:00,272.05999755859375,282.760009765625,0.15348086515121206,0.02779623069470194,240.5035858154297,229.11981201171875
US,TSLA,2025-04-02 00:00:00-04:00,282.760009765625,272.20001220703125,0.03932960487778714,0.05913432487647974,233.90322875976562,229.11981201171875
US,TSLA,2025-04-09 00:00:00-04:00,272.20001220703125,241.5500030517578,-0.03734614936301195,-0.031068680445919594,229.20281982421875,229.11981201171875
US,TSLA,2025-04-16 00:00:00-04:00,241.5500030517578,259.510009765625,-0.11260105724007641,-0.028409667436625874,228.75192260742188,229.11981201171875
US,TSLA,2025-04-24 00:00:00-04:00,259.510009765625,280.5199890136719,0.07435316285224314,-0.036145811021148555,232.0833740234375,229.11981201171875
US,TSLA,2025-05-01 00:00:00-04:00,280.5199890136719,284.82000732421875,0.08096018826796669,0.1116600180422469,239.88040161132812,229.11981201171875
US,TSLA,2025-05-08 00:00:00-04:00,284.82000732421875,342.82000732421875,0.015328741191192874,0.05967493721202466,235.1941680908203,229.11981201171875
US,V,2024-05-15 00:00:00-04:00,278.9521179199219,273.5910949707031,0.015548924750834692,0.02029963472433427,228.73426818847656,217.29881286621094
US,V,2024-05-22 00:00:00-04:00,273.5910949707031,269.34197998046875,-0.019218434293292286,0.0108827252637973,228.81800842285156,217.29881286621094
US,V,2024-05-30 00:00:00-04:00,269.34197998046875,275.0405578613281,-0.015530896539923456,-0.011927282733457445,227.67799377441406,217.29881286621094
US,V,2024-06-06 00:00:00-04:00,275.0405578613281,269.2327880859375,0.02115740695628876,-0.008127314290412913,229.13711547851562,217.29881286621094
US,V,2024-06-13 00:00:00-04:00,269.2327880859375,273.2337341308594,-0.021116048558623257,-0.001275869825969722,227.8126983642578,217.29881286621094
US,V,2024-06-21 00:00:00-04:00,273.2337341308594,260.5757141113281,0.014860545304923312,0.0010834837893767268,228.65829467773438,217.29881286621094
US,V,2024-06-28 00:00:00-04:00,260.5757141113281,264.4773254394531,-0.046326710205808475,-0.008560161353171059,225.9637908935547,217.29881286621094
US,V,2024-07-08 00:00:00-04:00,264.4773254394531,266.5125732421875,0.014973042831067929,-0.014411087226222752,227.34860229492188,217.29881286621094
US,V,2024-07-15 00:00:00-04:00,266.5125732421875,265.7778625488281,0.007695358380354955,-0.015171726898738691,227.06307983398438,217.29881286621094
US,V,2024-07-22 00:00:00-04:00,265.7778625488281,259.7120056152344,-0.002756758093704348,0.003343792533963663,227.231689453125,217.29881286621094
US,V,2024-07-29 00:00:00-04:00,259.7120056152344,254.5892333984375,-0.02282303302247135,-0.02365654037840914,225.63876342773438,217.29881286621094
US,V,2024-08-05 00:00:00-04:00,254.5892333984375,258.53173828125,-0.019724818668515054,-0.0019031195419199065,225.51336669921875,217.29881286621094
US,V,2024-08-12 00:00:00-04:00,258.53173828125,265.07733154296875,0.015485748671242527,-0.013300879467952886,224.93804931640625,217.29881286621094
US,V,2024-08-19 00:00:00-04:00,265.07733154296875,266.8082275390625,0.025318335401427472,0.01279410833705552,227.2371826171875,217.29881286621094
US,V,2024-08-26 00:00:00-04:00,266.8082275390625,277.08428955078125,0.0065297775031101235,0.0170370416836485,227.59812927246094,217.29881286621094
US,V,2024-09-03 00:00:00-04:00,277.08428955078125,283.84869384765625,0.03851478684334908,0.028732446528506816,229.65098571777344,217.29881286621094
US,V,2024-09-10 00:00:00-04:00,283.84869384765625,290.03619384765625,0.02441280343913288,0.036284601097496205,230.84788513183594,217.29881286621094
US,V,2024-09-17 00:00:00-04:00,290.03619384765625,271.3543701171875,0.021798585422841077,0.035586800725451395,232.04330444335938,217.29881286621094
US,V,2024-09-24 00:00:00-04:00,271.3543701171875,276.1492004394531,-0.06441204279587787,0.007523285012109415,228.21766662597656,217.29881286621094
US,V,2024-10-01 00:00:00-04:00,276.1492004394531,273.5229797363281,0.017669994849152104,-0.02854840670608305,229.0987091064453,217.29881286621094
US,V,2024-10-08 00:00:00-04:00,273.5229797363281,277.8303527832031,-0.009510151392601252,-0.0153418654414611,228.99244689941406,217.29881286621094
US,V,2024-10-15 00:00:00-04:00,277.8303527832031,283.3016357421875,0.01574775564022901,0.0012855820096955295,229.9981231689453,217.29881286621094
US,V,2024-10-22 00:00:00-04:00,283.3016357421875,280.40679931640625,0.019692891378408017,0.03201745459220362,230.87533569335938,217.29881286621094
US,V,2024-10-29 00:00:00-04:00,280.40679931640625,291.7571716308594,-0.010218212888878697,0.0055831104541719245,230.0249481201172,217.29881286621094
US,V,2024-11-05 00:00:00-05:00,291.7571716308594,308.8166198730469,0.04047823498618364,0.021130762810184,232.3099822998047,217.29881286621094
US,V,2024-11-12 00:00:00-05:00,308.8166198730469,310.8099670410156,0.05847139299722737,0.05406330455713704,236.20458984375,217.29881286621094
US,V,2024-11-19 00:00:00-05:00,310.8099670410156,310.7800598144531,0.006454792390345521,0.04187556470780729,236.4113006591797,217.29881286621094
US,V,2024-11-26 00:00:00-05:00,310.7800598144531,308.866455078125,-9.622351190097245e-05,0.018478728567351554,236.38595581054688,217.29881286621094
US,V,2024-12-04 00:00:00-05:00,308.866455078125,312.74346923828125,-0.006157424441808224,0.010449617905747388,236.82884216308594,217.29881286621094
US,V,2024-12-11 00:00:00-05:00,312.74346923828125,308.7468566894531,0.012552396339627014,-0.0014869642889119294,236.8867645263672,217.29881286621094
US,V,2024-12-18 00:00:00-05:00,308.7468566894531,319.8397521972656,-0.012779203858556243,0.006833051331682771,237.30645751953125,217.29881286621094
US,V,2024-12-26 00:00:00-05:00,319.8397521972656,313.8597717285156,0.03592877228534852,0.012288080593961803,239.04078674316406,217.29881286621094
US,V,2025-01-03 00:00:00-05:00,313.8597717285156,305.89642333984375,-0.01869680184426159,0.003031034932043708,238.0011444091797,217.29881286621094
US,V,2025-01-13 00:00:00-05:00,305.89642333984375,322.5506896972656,-0.025372313070947006,-0.013947893817256696,235.20938110351562,217.29881286621094
US,V,2025-01-21 00:00:00-05:00,322.5506896972656,333.364501953125,0.05444413561815131,0.00554489052898921,239.3404083251953,217.29881286621094
US,V,2025-01-28 00:00:00-05:00,333.364501953125,343.9988708496094,0.03352593127613157,0.037034474758639524,243.63633728027344,217.29881286621094
US,V,2025-02-04 00:00:00-05:00,343.9988708496094,350.13848876953125,0.031900123840959305,0.05327279980199906,247.57481384277344,217.29881286621094
US,V,2025-02-11 00:00:00-05:00,350.13848876953125,354.6410217285156,0.017847785095219226,0.043888710432566924,250.30352783203125,217.29881286621094
US,V,2025-02-19 00:00:00-05:00,354.6410217285156,350.04864501953125,0.012859291690003438,0.0315782916072922,252.58108520507812,217.29881286621094
US,V,2025-02-26 00:00:00-05:00,350.04864501953125,352.0952453613281,-0.012949366902343051,0.004090166641299131,251.4166717529297,217.29881286621094
US,V,2025-03-05 00:00:00-05:00,352.0952453613281,332.28814697265625,0.005846616951431738,0.012262924978089673,252.2104034423828,217.29881286621094
US,V,2025-03-12 00:00:00-04:00,332.28814697265625,339.3064880371094,-0.05625494422211064,-0.031667453052701355,246.70166015625,217.29881286621094
US,V,2025-03-19 00:00:00-04:00,339.3064880371094,343.6093444824219,0.02112125012100008,-0.03246764698189375,246.16860961914062,217.29881286621094
US,V,2025-03-26 00:00:00-04:00,343.6093444824219,345.7557678222656,0.012681326756244893,-0.00396149817081104,248.32896423339844,217.29881286621094
US,V,2025-04-02 00:00:00-04:00,345.7557678222656,331.8788146972656,0.0062466966463816664,0.019714601507278218,249.33090209960938,217.29881286621094
US,V,2025-04-09 00:00:00-04:00,331.8788146972656,330.7806396484375,-0.04013513125870227,-0.044145025541652005,240.30140686035156,217.29881286621094
US,V,2025-04-16 00:00:00-04:00,330.7806396484375,335.15338134765625,-0.0033089639958786554,-0.01016911605476023,244.42066955566406,217.29881286621094
US,V,2025-04-24 00:00:00-04:00,335.15338134765625,341.8822326660156,0.013219460799961613,-0.007237438149320097,244.460205078125,217.29881286621094
US,V,2025-05-01 00:00:00-04:00,341.8822326660156,350.68756103515625,0.020076931019769484,0.028612189885675487,247.33811950683594,217.29881286621094
US,V,2025-05-08 00:00:00-04:00,350.68756103515625,362.2999877929687,0.0257554430380198,0.032773917837273014,250.92239379882812,217.29881286621094
US,WMT,2024-05-15 00:00:00-04:00,59.22185134887695,64.58675384521484,-0.004359878878714252,0.007644026809966231,49.58200454711914,46.24571228027344
US,WMT,2024-05-22 00:00:00-04:00,64.58675384521484,64.23041534423828,0.09058991527862159,0.05865495769559259,51.07417297363281,46.24571228027344
US,WMT,2024-05-30 00:00:00-04:00,64.23041534423828,66.46744537353516,-0.005517207163415305,0.041378622966467216,51.03023910522461,46.24571228027344
US,WMT,2024-06-06 00:00:00-04:00,66.46744537353516,66.02201080322266,0.034828204322012724,0.037394208431745124,51.5298957824707,46.24571228027344
US,WMT,2024-06-13 00:00:00-04:00,66.02201080322266,67.21971893310547,-0.006701544911335677,0.012951958781991513,51.44602584838867,46.24571228027344
US,WMT,2024-06-21 00:00:00-04:00,67.21971893310547,67.02173614501953,0.018141042893294435,0.017928805676516335,51.78024673461914,46.24571228027344
US,WMT,2024-06-28 00:00:00-04:00,67.02173614501953,68.97172546386719,-0.0029453081808176185,0.013133190210603551,51.77787780761719,46.24571228027344
US,WMT,2024-07-08 00:00:00-04:00,68.97172546386719,68.90243530273438,0.029094879228857007,0.014613263403214782,52.17558288574219,46.24571228027344
US,WMT,2024-07-15 00:00:00-04:00,68.90243530273438,69.66460418701172,-0.0010046169015898165,0.01839303203479492,52.26301956176758,46.24571228027344
US,WMT,2024-07-22 00:00:00-04:00,69.66460418701172,68.91233825683594,0.011061566705568904,0.018937067261409535,52.531253814697266,46.24571228027344
US,WMT,2024-07-29 00:00:00-04:00,68.91233825683594,66.90296173095703,-0.01079839523894166,0.0047059782991616395,52.302921295166016,46.24571228027344
US,WMT,2024-08-05 00:00:00-04:00,66.90296173095703,68.0016860961914,-0.02915844356332775,-0.015462647757425674,51.87642288208008,46.24571228027344
US,WMT,2024-08-12 00:00:00-04:00,68.0016860961914,73.17865753173828,0.01642265658810116,-0.021950969485885263,51.890411376953125,46.24571228027344
US,WMT,2024-08-19 00:00:00-04:00,73.17865753173828,75.47169494628906,0.07613004519070032,0.028312362769573607,53.27726745605469,46.24571228027344
US,WMT,2024-08-26 00:00:00-04:00,75.47169494628906,76.60330963134766,0.031334783827597024,0.0664890814895982,53.90174102783203,46.24571228027344
US,WMT,2024-09-03 00:00:00-04:00,76.60330963134766,78.23127746582031,0.014993895206195207,0.05324966950318588,54.167362213134766,46.24571228027344
US,WMT,2024-09-10 00:00:00-04:00,78.23127746582031,78.02281951904297,0.02125192556701827,0.029466104127441106,54.37019729614258,46.24571228027344
US,WMT,2024-09-17 00:00:00-04:00,78.02281951904297,80.0776138305664,-0.0026646368758125316,0.030846991635965493,54.78534698486328,46.24571228027344
US,WMT,2024-09-24 00:00:00-04:00,80.0776138305664,80.67321014404297,0.02633581206357105,0.014762912447119803,54.973140716552734,46.24571228027344
US,WMT,2024-10-01 00:00:00-04:00,80.67321014404297,79.12466430664062,0.0074377380267194315,0.01701671199329091,55.091434478759766,46.24571228027344
US,WMT,2024-10-08 00:00:00-04:00,79.12466430664062,81.05042266845703,-0.01919529215011273,0.002076153638041589,54.837886810302734,46.24571228027344
US,WMT,2024-10-15 00:00:00-04:00,81.05042266845703,81.4177017211914,0.024338281605256418,0.003300231982320323,55.08314514160156,46.24571228027344
US,WMT,2024-10-22 00:00:00-04:00,81.4177017211914,81.10005187988281,0.004531488432043762,0.008045730965706488,55.225669860839844,46.24571228027344
US,WMT,2024-10-29 00:00:00-04:00,81.10005187988281,83.06551361083984,-0.00390148376327748,0.019048471069273765,55.44883728027344,46.24571228027344
US,WMT,2024-11-05 00:00:00-05:00,83.06551361083984,84.36589050292969,0.02423502433596547,0.00821074029501112,55.5689697265625,46.24571228027344
US,WMT,2024-11-12 00:00:00-05:00,84.36589050292969,85.96407318115234,0.015654834787178773,0.019836622572446228,56.014923095703125,46.24571228027344
US,WMT,2024-11-19 00:00:00-05:00,85.96407318115234,90.63948059082033,0.01894346955499926,0.017024216554340166,56.29064178466797,46.24571228027344
US,WMT,2024-11-26 00:00:00-05:00,90.63948059082033,93.75642395019533,0.05438792319455921,0.0484425188336286,57.310096740722656,46.24571228027344
US,WMT,2024-12-04 00:00:00-05:00,93.75642395019533,94.26268768310548,0.034388362985507515,0.05796291151820565,57.95051956176758,46.24571228027344
US,WMT,2024-12-11 00:00:00-05:00,94.26268768310548,93.06878662109376,0.005399776480159879,0.047663232052000515,58.225067138671875,46.24571228027344
US,WMT,2024-12-18 00:00:00-05:00,93.06878662109376,92.31269073486328,-0.01266568025330872,0.017703219232100054,58.18497085571289,46.24571228027344
US,WMT,2024-12-26 00:00:00-05:00,92.31269073486328,90.3130340576172,-0.008124054408367165,-0.013276208867973871,57.766441345214844,46.24571228027344
US,WMT,2025-01-03 00:00:00-05:00,90.3130340576172,91.05917358398438,-0.021661774359815977,-0.02507595009093566,57.32625198364258,46.24571228027344
US,WMT,2025-01-13 00:00:00-05:00,91.05917358398438,92.60120391845705,0.008261703685994659,-0.006005329494139899,57.61650085449219,46.24571228027344
US,WMT,2025-01-21 00:00:00-05:00,92.60120391845705,96.78955078125,0.01693437655735419,0.0010699681629411373,57.77265548706055,46.24571228027344
US,WMT,2025-01-28 00:00:00-05:00,96.78955078125,100.25164794921876,0.04522993962887489,0.03199469918201325,58.62979507446289,46.2457160949707
US,WMT,2025-02-04 00:00:00-05:00,100.25164794921876,101.94290161132812,0.035769327784083815,0.047851578504477965,59.23381042480469,46.2457160949707
US,WMT,2025-02-11 00:00:00-05:00,101.94290161132812,103.46502685546876,0.016870083402180436,0.05459431735450626,59.73556900024414,46.2457160949707
US,WMT,2025-02-19 00:00:00-05:00,103.46502685546876,95.70514678955078,0.014931154794317614,0.03917262948355704,59.98188400268555,46.2457160949707
US,WMT,2025-02-26 00:00:00-05:00,95.70514678955078,95.48628997802734,-0.07500002949554951,-0.04400701460805401,58.68961715698242,46.2457160949707
US,WMT,2025-03-05 00:00:00-05:00,95.48628997802734,84.76173400878906,-0.002286782047413727,-0.03009288589976855,58.49246597290039,46.2457160949707
US,WMT,2025-03-12 00:00:00-04:00,84.76173400878906,85.88592529296875,-0.11231513939546867,-0.07432706778467058,56.68754959106445,46.2457160949707
US,WMT,2025-03-19 00:00:00-04:00,85.88592529296875,85.00447845458984,0.01326295759904017,-0.06665797424989095,56.43141555786133,46.2457160949707
US,WMT,2025-03-26 00:00:00-04:00,85.00447845458984,89.54350280761719,-0.010262995192427238,-0.038772910556647,56.291446685791016,46.2457160949707
US,WMT,2025-04-02 00:00:00-04:00,89.54350280761719,89.3838882446289,0.05339747311610332,0.005066107101666439,56.987281799316406,46.2457160949707
US,WMT,2025-04-09 00:00:00-04:00,89.3838882446289,90.97005462646484,-0.0017825365100045953,-0.010011915276129879,56.4255485534668,46.2457160949707
US,WMT,2025-04-16 00:00:00-04:00,90.97005462646484,95.60883331298828,0.01774555138499756,0.05586717048250911,57.96120071411133,46.2457160949707
US,WMT,2025-04-24 00:00:00-04:00,95.60883331298828,97.17505645751952,0.050992370022980404,0.048797965159755874,58.34714126586914,46.2457160949707
US,WMT,2025-05-01 00:00:00-04:00,97.17505645751952,97.19499969482422,0.01638157365025039,0.044958343512053967,58.71709442138672,46.2457160949707
US,WMT,2025-05-08 00:00:00-04:00,97.19499969482422,96.3499984741211,0.00020523000481520448,0.03305249120216591,58.99829864501953,46.2457160949707
London,AAL.L,2024-05-17 00:00:00+01:00,2677.302978515625,2614.8076171875,-0.03461329891843068,0.03309761364355923,2642.964111328125,2175.234619140625
London,AAL.L,2024-05-24 00:00:00+01:00,2614.8076171875,2502.815673828125,-0.02334265558647164,-0.0026195744838862778,2633.69287109375,2335.0751953125
London,AAL.L,2024-06-03 00:00:00+01:00,2502.815673828125,2372.825439453125,-0.04282989793330727,-0.04607530932691406,2604.82470703125,2491.217529296875
London,AAL.L,2024-06-10 00:00:00+01:00,2372.825439453125,2370.825439453125,-0.05193759801582842,-0.06482168960587831,2580.665283203125,2678.619873046875
London,AAL.L,2024-06-17 00:00:00+01:00,2370.825439453125,2499.81591796875,-0.000842877005086784,-0.044048424745874115,2577.142578125,2491.216796875
London,AAL.L,2024-06-24 00:00:00+01:00,2499.81591796875,2432.321044921875,0.05440741286519146,0.00782126062060029,2591.7265625,2405.50390625
London,AAL.L,2024-07-01 00:00:00+01:00,2432.321044921875,2413.822265625,-0.026999937300070775,0.027411080076627625,2591.697509765625,2405.50390625
London,AAL.L,2024-07-08 00:00:00+01:00,2413.822265625,2364.325927734375,-0.00760540198239712,-0.005592674752063043,2586.257568359375,2335.074951171875
London,AAL.L,2024-07-15 00:00:00+01:00,2364.325927734375,2233.83544921875,-0.020505377962370064,-0.020867497031111126,2572.9873046875,2405.50390625
London,AAL.L,2024-07-22 00:00:00+01:00,2233.83544921875,2339.327880859375,-0.0551914086737898,-0.051694969198748386,2537.914306640625,2678.620361328125
London,AAL.L,2024-07-29 00:00:00+01:00,2339.327880859375,2193.83837890625,0.04722479969485649,-0.026327049272134695,2547.228271484375,2588.736572265625
London,AAL.L,2024-08-05 00:00:00+01:00,2193.83837890625,2232.335693359375,-0.06219286451614381,-0.011428653349935036,2524.064453125,2491.216796875
London,AAL.L,2024-08-12 00:00:00+01:00,2232.335693359375,2234.83544921875,0.017547926421233484,-0.019988266299959756,2534.737548828125,2588.73681640625
London,AAL.L,2024-08-19 00:00:00+01:00,2234.83544921875,2278.832275390625,0.0011197938853064748,-0.01658628150952246,2527.919677734375,2405.50439453125
London,AAL.L,2024-08-27 00:00:00+01:00,2278.832275390625,2108.3447265625,0.01968683027077245,0.008161682372781254,2546.39013671875,2276.076416015625
London,AAL.L,2024-09-03 00:00:00+01:00,2108.3447265625,2008.8521728515625,-0.07481355721930039,-0.008501586633616665,2514.6787109375,2276.07666015625
London,AAL.L,2024-09-10 00:00:00+01:00,2008.8521728515625,2136.8427734375,-0.04718988904302801,-0.05833772349437194,2481.2333984375,2335.074951171875
London,AAL.L,2024-09-17 00:00:00+01:00,2136.8427734375,2263.33349609375,0.06371329972192785,-0.031167813289309065,2505.375732421875,2276.076904296875
London,AAL.L,2024-09-24 00:00:00+01:00,2263.33349609375,2442.820068359375,0.05919514726521813,0.019864287825402505,2532.914306640625,2276.07666015625
London,AAL.L,2024-10-01 00:00:00+01:00,2442.820068359375,2281.33203125,0.07930186716866872,0.10642986817038946,2583.752197265625,2222.68115234375
London,AAL.L,2024-10-08 00:00:00+01:00,2281.33203125,2223.836181640625,-0.06610721731045555,0.06350606096131473,2558.68408203125,2276.07666015625
London,AAL.L,2024-10-15 00:00:00+01:00,2223.836181640625,2379.324951171875,-0.025202753839331127,-0.01404836843689794,2541.311279296875,2276.07666015625
London,AAL.L,2024-10-22 00:00:00+01:00,2379.324951171875,2482.817138671875,0.0699191652761666,-0.007988471723310298,2568.754638671875,2276.076904296875
London,AAL.L,2024-10-29 00:00:00+00:00,2482.817138671875,2427.8212890625,0.04349644946522657,0.022736622808258167,2589.79638671875,2335.075439453125
London,AAL.L,2024-11-05 00:00:00+00:00,2427.8212890625,2219.836669921875,-0.022150584009096086,0.01598053561135737,2579.645751953125,2335.074951171875
London,AAL.L,2024-11-12 00:00:00+00:00,2219.836669921875,2304.330322265625,-0.08566718649251892,-0.009358526404815937,2542.19580078125,2335.074951171875
London,AAL.L,2024-11-19 00:00:00+00:00,2304.330322265625,2372.325439453125,0.03806300413386876,-0.03696339460617415,2556.461181640625,2335.074951171875
London,AAL.L,2024-11-26 00:00:00+00:00,2372.325439453125,2570.810791015625,0.029507539145102735,0.005725709058399309,2565.451416015625,2335.074951171875
London,AAL.L,2024-12-03 00:00:00+00:00,2570.810791015625,2504.815673828125,0.08366699958680845,0.04870177390689312,2614.27783203125,2335.074951171875
London,AAL.L,2024-12-10 00:00:00+00:00,2504.815673828125,2429.821044921875,-0.025670935184392896,0.03903662769157079,2600.3154296875,2335.074951171875
London,AAL.L,2024-12-17 00:00:00+00:00,2429.821044921875,2381.32470703125,-0.029940178708493637,0.009279209254850151,2585.38037109375,2405.50390625
London,AAL.L,2024-12-24 00:00:00+00:00,2381.32470703125,2346.3271484375,-0.019958810543672878,-0.039211889310421855,2566.269775390625,2405.50390625
London,AAL.L,2025-01-03 00:00:00+00:00,2346.3271484375,2422.821533203125,-0.014696676387900398,-0.028687553575372227,2565.541259765625,2405.50390625
London,AAL.L,2025-01-10 00:00:00+00:00,2422.821533203125,2547.8125,0.032601755819330336,-0.0002606466175458788,2580.20068359375,2491.217041015625
London,AAL.L,2025-01-17 00:00:00+00:00,2547.8125,2535.3134765625,0.05158901102865343,0.03305346888132399,2605.43994140625,2405.50390625
London,AAL.L,2025-01-24 00:00:00+00:00,2535.3134765625,2380.32470703125,-0.004905786213663665,0.048756594258672736,2610.3330078125,2405.504150390625
London,AAL.L,2025-01-31 00:00:00+00:00,2380.32470703125,2468.818359375,-0.06113199451035589,-0.03268401819895961,2575.4873046875,2335.074951171875
London,AAL.L,2025-02-07 00:00:00+00:00,2468.818359375,2462.818603515625,0.0371771347339076,-0.025779078398900812,2587.72998046875,2491.217041015625
London,AAL.L,2025-02-14 00:00:00+00:00,2462.818603515625,2439.8203125,-0.0024302135621244725,0.00565755180133265,2596.774169921875,2491.2177734375
London,AAL.L,2025-02-21 00:00:00+00:00,2439.8203125,2335.828125,-0.00933819932283908,0.0078077960849674,2585.100341796875,2491.217041015625
London,AAL.L,2025-02-28 00:00:00+00:00,2335.828125,2381.32470703125,-0.042622887827933,-0.018118885348430203,2559.0634765625,2405.503662109375
London,AAL.L,2025-03-07 00:00:00+00:00,2381.32470703125,2313.0,0.01947770965864626,-0.012065674471777865,2575.989501953125,2405.50390625
London,AAL.L,2025-03-14 00:00:00+00:00,2313.0,2255.0,-0.028691890202755643,-0.041214277413760825,2554.12939453125,2335.074951171875
London,AAL.L,2025-03-21 00:00:00+00:00,2255.0,2253.5,-0.025075659316904475,-0.001984088448213517,2550.01318359375,2335.074951171875
London,AAL.L,2025-03-28 00:00:00+00:00,2253.5,1832.4000244140625,-0.000665188470066469,0.0012860716198090927,2547.43896484375,2405.50390625
London,AAL.L,2025-04-04 00:00:00+01:00,1832.4000244140625,1952.800048828125,-0.1868648660243788,-0.08508511530853202,2455.21044921875,2405.50390625
London,AAL.L,2025-04-11 00:00:00+01:00,1952.800048828125,2034.0,0.0657061901385656,-0.13428176527834867,2460.77001953125,2335.074951171875
London,AAL.L,2025-04-22 00:00:00+01:00,2034.0,2127.5,0.04158129308763736,-0.021187610300910098,2484.2626953125,2276.076904296875
London,AAL.L,2025-04-29 00:00:00+01:00,2127.5,2067.5,0.04596853490658792,0.05604779205466204,2510.901123046875,2222.68115234375
London,AAL.L,2025-05-07 00:00:00+01:00,2067.5,2200.5,-0.02820211515863691,0.028922517890473287,2496.037109375,2222.68115234375
London,AZN.L,2024-05-17 00:00:00+01:00,12107.521484375,12293.4833984375,-0.021018553985707955,0.019466304293855874,10145.7568359375,9740.5185546875
London,AZN.L,2024-05-24 00:00:00+01:00,12293.4833984375,12343.4736328125,0.015359205788111785,0.008251874700607287,10206.318359375,9740.5185546875
London,AZN.L,2024-06-03 00:00:00+01:00,12343.4736328125,12597.4208984375,0.004066401096808336,-0.008599915640701172,10178.77734375,9740.5185546875
London,AZN.L,2024-06-10 00:00:00+01:00,12597.4208984375,12425.45703125,0.02057340366085736,0.02012046280506885,10258.8515625,9740.5185546875
London,AZN.L,2024-06-17 00:00:00+01:00,12425.45703125,12475.4462890625,-0.013650720141360817,0.0073233876938720854,10223.5390625,9740.5185546875
London,AZN.L,2024-06-24 00:00:00+01:00,12475.4462890625,12301.4814453125,0.004023132323163425,0.0038470025765373617,10218.599609375,9740.5185546875
London,AZN.L,2024-07-01 00:00:00+01:00,12301.4814453125,12041.53515625,-0.013944578792545403,-0.002650220522247615,10190.2431640625,9740.5185546875
London,AZN.L,2024-07-08 00:00:00+01:00,12041.53515625,12101.5224609375,-0.021131299528281855,-0.02202836400360164,10130.833984375,9740.5185546875
London,AZN.L,2024-07-15 00:00:00+01:00,12101.5224609375,12257.490234375,0.004981699086462843,-0.012457340948935358,10169.095703125,9740.5185546875
London,AZN.L,2024-07-22 00:00:00+01:00,12257.490234375,12361.4697265625,0.012888276986713798,-0.0015755207294907425,10177.4248046875,9740.5185546875
London,AZN.L,2024-07-29 00:00:00+01:00,12361.4697265625,12455.4501953125,0.008482934940131415,0.005728621658259936,10184.1171875,9740.5185546875
London,AZN.L,2024-08-05 00:00:00+01:00,12455.4501953125,12778.166015625,0.007602693759630741,0.016852072204780244,10241.134765625,9740.5185546875
London,AZN.L,2024-08-12 00:00:00+01:00,12778.166015625,13048.126953125,0.02590960705972334,0.022778864780118813,10292.123046875,9740.5185546875
London,AZN.L,2024-08-19 00:00:00+01:00,13048.126953125,13156.111328125,0.02112673580620994,0.035384611506138475,10361.80078125,9740.5185546875
London,AZN.L,2024-08-27 00:00:00+01:00,13156.111328125,13188.1064453125,0.008275852571631992,0.021999939241665434,10374.017578125,9740.5185546875
London,AZN.L,2024-09-03 00:00:00+01:00,13188.1064453125,12404.2197265625,0.0024319585316294745,0.0192396020689376,10404.794921875,9740.5185546875
London,AZN.L,2024-09-10 00:00:00+01:00,12404.2197265625,11966.2822265625,-0.059438913539298865,-0.025345552157873263,10159.2666015625,9740.5185546875
London,AZN.L,2024-09-17 00:00:00+01:00,11966.2822265625,11520.3466796875,-0.03530552583345459,-0.05529953941743104,10120.6728515625,9740.5185546875
London,AZN.L,2024-09-24 00:00:00+01:00,11520.3466796875,11798.306640625,-0.03726600613556663,-0.05601301716794804,10017.513671875,9740.5185546875
London,AZN.L,2024-10-01 00:00:00+01:00,11798.306640625,11676.32421875,0.024127742737776625,-0.03025870312434431,10067.5322265625,9740.5185546875
London,AZN.L,2024-10-08 00:00:00+01:00,11676.32421875,11848.298828125,-0.010338977074470956,0.0007192074400701465,10052.265625,9740.5185546875
London,AZN.L,2024-10-15 00:00:00+01:00,11848.298828125,11862.296875,0.0147284887052761,0.004779314654725697,10109.7822265625,9740.5185546875
London,AZN.L,2024-10-22 00:00:00+01:00,11862.296875,11532.3447265625,0.001181439384510874,0.01194949827854952,10095.1201171875,9740.5185546875
London,AZN.L,2024-10-29 00:00:00+00:00,11532.3447265625,10112.548828125,-0.027815199022111825,-0.01322092646630657,10025.6064453125,9740.5185546875
London,AZN.L,2024-11-05 00:00:00+00:00,10112.548828125,9988.56640625,-0.12311424364268941,-0.0599269359486122,9788.0126953125,9740.5185546875
London,AZN.L,2024-11-12 00:00:00+00:00,9988.56640625,10022.5615234375,-0.012260254460297881,-0.10778223801223397,9696.7080078125,9740.5185546875
London,AZN.L,2024-11-19 00:00:00+00:00,10022.5615234375,10490.494140625,0.003403403031512875,-0.052606820710492386,9667.3505859375,9740.5185546875
London,AZN.L,2024-11-26 00:00:00+00:00,10490.494140625,10788.451171875,0.0466879266436282,0.0005297096103351606,9806.615234375,9740.5185546875
London,AZN.L,2024-12-03 00:00:00+00:00,10788.451171875,10510.4912109375,0.028402573535230013,0.03862915435820913,9833.50390625,9740.5185546875
London,AZN.L,2024-12-10 00:00:00+00:00,10510.4912109375,10504.4921875,-0.0257645844161698,0.019204114833664132,9817.2099609375,9740.5185546875
London,AZN.L,2024-12-17 00:00:00+00:00,10504.4921875,10434.501953125,-0.0005707652779592953,0.0013944123633327088,9787.32421875,9740.5185546875
London,AZN.L,2024-12-24 00:00:00+00:00,10434.501953125,10592.4794921875,-0.006662886042057892,-0.016742561368426334,9785.8544921875,9740.5185546875
London,AZN.L,2025-01-03 00:00:00+00:00,10592.4794921875,10980.423828125,0.015139921365886266,0.0019062179423430248,9822.8740234375,9740.5185546875
London,AZN.L,2025-01-10 00:00:00+00:00,10980.423828125,10936.4296875,0.036624506681710356,0.025775200528133757,9902.9365234375,9740.5185546875
London,AZN.L,2025-01-17 00:00:00+00:00,10936.4296875,11048.4140625,-0.004006597679072632,0.015415337899644888,9892.423828125,9740.5185546875
London,AZN.L,2025-01-24 00:00:00+00:00,11048.4140625,11342.3720703125,0.010239573443972638,0.02041499758495746,9926.98828125,9740.5185546875
London,AZN.L,2025-01-31 00:00:00+00:00,11342.3720703125,11598.3349609375,0.02660635328741323,0.026239915567490835,9985.12890625,9740.5185546875
London,AZN.L,2025-02-07 00:00:00+00:00,11598.3349609375,11706.3193359375,0.02256696298078209,0.024107579415616698,10044.0791015625,9740.5185546875
London,AZN.L,2025-02-14 00:00:00+00:00,11706.3193359375,11708.0,0.009310334230187678,0.03706315765526691,10078.734375,9740.5185546875
London,AZN.L,2025-02-21 00:00:00+00:00,11708.0,11968.0,0.00014356895743827813,0.015834747550686812,10035.1357421875,9740.5185546875
London,AZN.L,2025-02-28 00:00:00+00:00,11968.0,12072.0,0.022207037922787887,0.019682835719151415,10119.83203125,9740.5185546875
London,AZN.L,2025-03-07 00:00:00+00:00,12072.0,11994.0,0.008689839572192604,0.014815903416308895,10123.73046875,9740.5185546875
London,AZN.L,2025-03-14 00:00:00+00:00,11994.0,11608.0,-0.006461232604373812,-0.006989890969783086,10108.3671875,9740.5185546875
London,AZN.L,2025-03-21 00:00:00+00:00,11608.0,11416.0,-0.032182758045689486,-0.007157894736842141,10048.58984375,9740.5185546875
London,AZN.L,2025-03-28 00:00:00+00:00,11416.0,10808.0,-0.016540317022742945,-0.0345015775560672,9971.15625,9740.5185546875
London,AZN.L,2025-04-04 00:00:00+01:00,10808.0,10008.0,-0.053258584442887225,-0.02718933601784268,9912.1875,9740.5185546875
London,AZN.L,2025-04-11 00:00:00+01:00,10008.0,10140.0,-0.07401924500370094,-0.09579539355891986,9670.7919921875,9740.5185546875
London,AZN.L,2025-04-22 00:00:00+01:00,10140.0,10618.0,0.01318944844124692,-0.044081140340624825,9705.1533203125,9740.5185546875
London,AZN.L,2025-04-29 00:00:00+01:00,10618.0,10504.0,0.04714003944773171,-0.001140055047009425,9776.2177734375,9740.5185546875
London,AZN.L,2025-05-07 00:00:00+01:00,10504.0,10022.0,-0.010736485213787894,0.030408197791043312,9797.0625,9740.5185546875
London,BARC.L,2024-05-17 00:00:00+01:00,216.68304443359375,216.08322143554688,0.013087161563279492,0.04881140053189914,170.28530883789062,161.981201171875
London,BARC.L,2024-05-24 00:00:00+01:00,216.08322143554688,219.13229370117188,-0.002768204589402967,0.020734103618073707,168.52203369140625,161.981201171875
London,BARC.L,2024-06-03 00:00:00+01:00,219.13229370117188,214.6836700439453,0.014110638694520228,0.015840503793586258,169.60293579101562,161.981201171875
London,BARC.L,2024-06-10 00:00:00+01:00,214.6836700439453,204.83670043945312,-0.020301086535848945,-0.0039350176791242975,171.37124633789062,161.981201171875
London,BARC.L,2024-06-17 00:00:00+01:00,204.83670043945312,207.48590087890625,-0.045867343345101785,-0.036106246703800915,168.468017578125,161.981201171875
London,BARC.L,2024-06-24 00:00:00+01:00,207.48590087890625,213.13414001464844,0.012933231368058351,-0.02296823284381433,167.74851989746094,161.981201171875
London,BARC.L,2024-07-01 00:00:00+01:00,213.13414001464844,221.9813995361328,0.027222279257609117,-0.0017214229943027792,167.43470764160156,161.981201171875
London,BARC.L,2024-07-08 00:00:00+01:00,221.9813995361328,225.6802520751953,0.041510287938273605,0.04300856770465322,171.0709686279297,161.981201171875
London,BARC.L,2024-07-15 00:00:00+01:00,225.6802520751953,230.77870178222656,0.016662894038833365,0.03468499183464324,172.97445678710938,161.981201171875
London,BARC.L,2024-07-22 00:00:00+01:00,230.77870178222656,232.6781005859375,0.022591474708794967,0.043626738766725515,173.87725830078125,161.981201171875
London,BARC.L,2024-07-29 00:00:00+01:00,232.6781005859375,206.13629150390625,0.008230390365499662,0.02305527345898528,173.75755310058594,161.981201171875
London,BARC.L,2024-08-05 00:00:00+01:00,206.13629150390625,220.03201293945312,-0.11407093755361075,-0.01907878278143138,164.5124053955078,161.981201171875
London,BARC.L,2024-08-12 00:00:00+01:00,220.03201293945312,228.959228515625,0.06741035910837434,-0.0395784200700513,170.37728881835938,161.981201171875
London,BARC.L,2024-08-19 00:00:00+01:00,228.959228515625,230.1590118408203,0.040572348800119284,0.010243638245533537,174.03579711914062,161.981201171875
London,BARC.L,2024-08-27 00:00:00+01:00,230.1590118408203,223.01028442382812,0.005240161460071668,0.023356817487825587,173.4195556640625,161.981201171875
London,BARC.L,2024-09-03 00:00:00+01:00,223.01028442382812,216.6614227294922,-0.031059950074587173,0.010690458569177164,170.96128845214844,161.981201171875
London,BARC.L,2024-09-10 00:00:00+01:00,216.6614227294922,224.95994567871097,-0.02846891886954417,-0.011074640001315528,169.44903564453125,161.981201171875
London,BARC.L,2024-09-17 00:00:00+01:00,224.95994567871097,226.35968017578125,0.03830180216059831,-0.017086476096304315,173.0925750732422,161.981201171875
London,BARC.L,2024-09-24 00:00:00+01:00,226.35968017578125,219.660888671875,0.006222149871379257,0.00877927731344097,173.65171813964844,161.981201171875
London,BARC.L,2024-10-01 00:00:00+01:00,219.660888671875,228.40931701660156,-0.029593572047390437,0.00650478923114739,171.10055541992188,161.981201171875
London,BARC.L,2024-10-08 00:00:00+01:00,228.40931701660156,234.00833129882812,0.03982697328423712,0.0043676845169571266,170.96974182128906,161.981201171875
London,BARC.L,2024-10-15 00:00:00+01:00,234.00833129882812,242.15687561035156,0.02451307308895645,0.0261358039240267,172.0255126953125,161.981201171875
London,BARC.L,2024-10-22 00:00:00+01:00,242.15687561035156,238.7574920654297,0.03482159915544947,0.04477547352436306,176.32650756835938,161.981201171875
London,BARC.L,2024-10-29 00:00:00+00:00,238.7574920654297,244.8563995361328,-0.014037939399217159,0.02758848286628912,175.5259246826172,161.981201171875
London,BARC.L,2024-11-05 00:00:00+00:00,244.8563995361328,257.45416259765625,0.02554436058924492,0.009743628946356608,176.06094360351562,161.981201171875
London,BARC.L,2024-11-12 00:00:00+00:00,257.45416259765625,255.8044586181641,0.051449596928604846,0.045221002076505146,179.9398651123047,161.981201171875
London,BARC.L,2024-11-19 00:00:00+00:00,255.8044586181641,260.903564453125,-0.006407758036797717,0.03528093062378912,178.73802185058594,161.981201171875
London,BARC.L,2024-11-26 00:00:00+00:00,260.903564453125,264.5528869628906,0.019933608125932922,0.025259829453964988,177.61883544921875,161.981201171875
London,BARC.L,2024-12-03 00:00:00+00:00,264.5528869628906,264.1529846191406,0.013987246657265473,0.013357463514033219,177.89999389648438,161.981201171875
London,BARC.L,2024-12-10 00:00:00+00:00,264.1529846191406,264.5028991699219,-0.0015116158751504738,0.013062387876318304,181.19540405273438,161.981201171875
London,BARC.L,2024-12-17 00:00:00+00:00,264.5028991699219,263.5030517578125,0.0013246662773307438,0.01511395190649445,183.78546142578125,161.981201171875
London,BARC.L,2024-12-24 00:00:00+00:00,263.5030517578125,266.402587890625,-0.00378010001118001,-0.008497297121459968,181.07374572753906,161.981201171875
London,BARC.L,2025-01-03 00:00:00+00:00,266.402587890625,258.0040588378906,0.011003804750912227,0.0024380598593647385,180.13601684570312,161.981201171875
London,BARC.L,2025-01-10 00:00:00+00:00,258.0040588378906,289.2984924316406,-0.03152570370743735,-0.0006117241793315298,174.1051025390625,161.981201171875
London,BARC.L,2025-01-17 00:00:00+00:00,289.2984924316406,292.997802734375,0.12129434604520295,0.030147251684589316,181.35752868652344,161.981201171875
London,BARC.L,2025-01-24 00:00:00+00:00,292.997802734375,296.9471130371094,0.012787174491095898,0.06964584297271159,186.5314178466797,161.981201171875
London,BARC.L,2025-01-31 00:00:00+00:00,296.9471130371094,304.645751953125,0.013478975834896323,0.0393976611910436,185.48765563964844,161.981201171875
London,BARC.L,2025-02-07 00:00:00+00:00,304.645751953125,294.54754638671875,0.02592595980232182,0.02741870605887775,184.37400817871094,161.981201171875
London,BARC.L,2025-02-14 00:00:00+00:00,294.54754638671875,303.74591064453125,-0.033147370352828776,0.013811257268879773,184.2256622314453,161.981201171875
London,BARC.L,2025-02-21 00:00:00+00:00,303.74591064453125,311.29998779296875,0.031228792670829897,0.01642523359767134,186.2403564453125,161.981201171875
London,BARC.L,2025-02-28 00:00:00+00:00,311.29998779296875,298.75,0.02486972460767678,0.0054975834338724106,185.43238830566406,161.981201171875
London,BARC.L,2025-03-07 00:00:00+00:00,298.75,294.75,-0.040314771233833646,9.077389739009512e-05,191.3478546142578,161.981201171875
London,BARC.L,2025-03-14 00:00:00+00:00,294.75,297.45001220703125,-0.013389121338912124,-0.03668288702081335,190.42974853515625,161.981201171875
London,BARC.L,2025-03-21 00:00:00+00:00,297.45001220703125,293.5,0.009160346758375848,0.005698170349987208,189.61338806152344,161.981201171875
London,BARC.L,2025-03-28 00:00:00+00:00,293.5,250.0500030517578,-0.01327958327425438,0.0155135407846696,186.69308471679688,161.981201171875
London,BARC.L,2025-04-04 00:00:00+01:00,250.0500030517578,257.95001220703125,-0.14804087546249467,-0.045421610587514705,176.4783935546875,161.981201171875
London,BARC.L,2025-04-11 00:00:00+01:00,257.95001220703125,280.0,0.03159371749192985,-0.11503020376740558,177.4723663330078,161.981201171875
London,BARC.L,2025-04-22 00:00:00+01:00,280.0,298.0,0.08548163112809393,-0.003292613816485268,183.53646850585938,161.981201171875
London,BARC.L,2025-04-29 00:00:00+01:00,298.0,296.1499938964844,0.06428571428571428,0.06676832416367628,191.96188354492188,161.981201171875
London,BARC.L,2025-05-07 00:00:00+01:00,296.1499938964844,320.29998779296875,-0.00620807417287117,0.06266915555082786,188.30088806152344,161.981201171875
London,BP.L,2024-05-16 00:00:00+01:00,489.1972351074219,482.44866943359375,-0.02924830339650142,-0.023227678738131696,413.5898132324219,464.77056884765625
London,BP.L,2024-05-23 00:00:00+01:00,482.44866943359375,488.0474853515625,-0.013795183597769545,-0.03224070956311864,410.4045715332031,464.77056884765625
London,BP.L,2024-05-31 00:00:00+01:00,488.0474853515625,462.6028442382813,0.01160499815356908,-0.017551821690405478,411.7616882324219,464.77056884765625
London,BP.L,2024-06-07 00:00:00+01:00,462.6028442382813,459.9034118652344,-0.05213558491127612,-0.03902797427917526,404.95050048828125,464.77056884765625
London,BP.L,2024-06-14 00:00:00+01:00,459.9034118652344,470.9010925292969,-0.005835312961578909,-0.023953886545331704,405.1067199707031,464.77056884765625
London,BP.L,2024-06-21 00:00:00+01:00,470.9010925292969,475.1002197265625,0.02391302256153982,-0.008586012254935715,407.7149353027344,480.6545104980469
London,BP.L,2024-06-28 00:00:00+01:00,475.1002197265625,482.0987548828125,0.008917216935538042,0.011756641931222722,408.8252868652344,480.6545104980469
London,BP.L,2024-07-05 00:00:00+01:00,482.0987548828125,453.40478515625,0.014730650220027064,0.024247181756408054,412.1786804199219,480.65447998046875
London,BP.L,2024-07-12 00:00:00+01:00,453.40478515625,457.2039489746094,-0.059518862963123365,-0.026968433071212217,402.2882995605469,480.6545104980469
London,BP.L,2024-07-19 00:00:00+01:00,457.2039489746094,454.4045715332031,0.00837918774291313,-0.029853936239642276,404.1366882324219,480.6545104980469
London,BP.L,2024-07-26 00:00:00+01:00,454.4045715332031,444.7065734863281,-0.006122819909330501,-0.017713190610507357,401.38653564453125,464.77191162109375
London,BP.L,2024-08-02 00:00:00+01:00,444.7065734863281,433.6589050292969,-0.02134221056393215,-0.0040448907608910956,402.2611389160156,464.7705383300781
London,BP.L,2024-08-09 00:00:00+01:00,433.6589050292969,441.1573486328125,-0.024842602101475153,-0.03402097583690311,396.9928283691406,464.7705383300781
London,BP.L,2024-08-16 00:00:00+01:00,441.1573486328125,429.2098388671875,0.017291109479255384,-0.01132791230347896,399.519287109375,464.7705383300781
London,BP.L,2024-08-23 00:00:00+01:00,429.2098388671875,430.15966796875,-0.027082195961716238,-0.01719948220110812,396.5476989746094,464.7705383300781
London,BP.L,2024-09-02 00:00:00+01:00,430.15966796875,406.5646057128906,0.0022129714082728125,-0.00527185675328079,396.6983642578125,464.7705383300781
London,BP.L,2024-09-09 00:00:00+01:00,406.5646057128906,406.064697265625,-0.05485187016085735,-0.04101674880244699,390.10784912109375,464.7705383300781
London,BP.L,2024-09-16 00:00:00+01:00,406.064697265625,411.6635437011719,-0.0012295916571218868,-0.04093468158007596,389.638671875,464.7705383300781
London,BP.L,2024-09-23 00:00:00+01:00,411.6635437011719,391.6177673339844,0.013788064988777826,-0.00516244066000171,391.6981506347656,464.7716979980469
London,BP.L,2024-09-30 00:00:00+01:00,391.6177673339844,422.0113830566406,-0.04869456300881192,-0.024768583807840416,385.09368896484375,480.65447998046875
London,BP.L,2024-10-07 00:00:00+01:00,422.0113830566406,408.3142395019531,0.07761041060411222,0.015305784316421933,393.4877624511719,480.65447998046875
London,BP.L,2024-10-14 00:00:00+01:00,408.3142395019531,404.7649841308594,-0.0324568106563351,0.0043599925418722485,390.25189208984375,464.7705383300781
London,BP.L,2024-10-21 00:00:00+01:00,404.7649841308594,399.0162048339844,-0.008692460432981775,-0.011657334710957978,388.92559814453125,480.65447998046875
London,BP.L,2024-10-28 00:00:00+00:00,399.0162048339844,381.9197998046875,-0.01420275844566743,-0.005509330305911608,388.2223815917969,480.65447998046875
London,BP.L,2024-11-04 00:00:00+00:00,381.9197998046875,372.9216613769531,-0.042846392758434604,-0.04766944074485835,382.6897888183594,480.65447998046875
London,BP.L,2024-11-11 00:00:00+00:00,372.9216613769531,387.0187072753906,-0.023560282636134633,-0.02556144882304745,381.3730773925781,480.65447998046875
London,BP.L,2024-11-18 00:00:00+00:00,387.0187072753906,387.7685546875,0.03780162795152853,-0.018892454984073215,383.9726257324219,480.65447998046875
London,BP.L,2024-11-25 00:00:00+00:00,387.7685546875,380.52008056640625,0.0019374965551104406,0.016367812351369082,386.1849670410156,480.65447998046875
London,BP.L,2024-12-02 00:00:00+00:00,380.52008056640625,393.7673034667969,-0.018692784738399526,0.004661166711089626,383.54205322265625,480.6545104980469
London,BP.L,2024-12-09 00:00:00+00:00,393.7673034667969,385.0191345214844,0.034813466034885776,0.003922499436591398,384.7723388671875,480.65447998046875
London,BP.L,2024-12-16 00:00:00+00:00,385.0191345214844,380.62005615234375,-0.022216595609366396,0.016584434335578768,386.3211975097656,480.6545104980469
London,BP.L,2024-12-23 00:00:00+00:00,380.62005615234375,403.0653381347656,-0.011425609728742292,-0.013201931321677574,382.3445739746094,480.65447998046875
London,BP.L,2025-01-02 00:00:00+00:00,403.0653381347656,422.6112365722656,0.05897030810546178,0.007245913539736248,387.5389404296875,480.6545104980469
London,BP.L,2025-01-09 00:00:00+00:00,422.6112365722656,428.7099304199219,0.048493126518770024,0.055870673925976,394.6543273925781,480.65447998046875
London,BP.L,2025-01-16 00:00:00+00:00,428.7099304199219,423.6610107421875,0.014430978923139381,0.05529075884759771,395.7256164550781,480.65447998046875
London,BP.L,2025-01-23 00:00:00+00:00,423.6610107421875,421.4114990234375,-0.011777006594619666,0.03100206184927501,394.8016052246094,429.0937805175781
London,BP.L,2025-01-30 00:00:00+00:00,421.4114990234375,428.909912109375,-0.005309697285594495,-0.009130867851343205,393.3807067871094,429.0946350097656
London,BP.L,2025-02-06 00:00:00+00:00,428.909912109375,463.8025817871094,0.017793565442124848,-0.0010966987756046986,395.6754150390625,464.7705383300781
London,BP.L,2025-02-13 00:00:00+00:00,463.8025817871094,451.9050903320313,0.08135197786904147,0.061117300716619694,406.00079345703125,464.7705383300781
London,BP.L,2025-02-20 00:00:00+00:00,451.9050903320313,437.2581787109375,-0.025652059566454,0.04774601847489901,403.4213562011719,464.7705383300781
London,BP.L,2025-02-28 00:00:00+00:00,437.2581787109375,413.3631896972656,-0.03241147739746009,-0.013651617237082636,398.0397033691406,429.0960388183594
London,BP.L,2025-03-07 00:00:00+00:00,413.3631896972656,428.909912109375,-0.054647323199569886,-0.06607153892865858,390.68475341796875,480.65447998046875
London,BP.L,2025-03-14 00:00:00+00:00,428.909912109375,449.905517578125,0.03761032138225784,-0.03425054768681424,394.3104248046875,464.7705383300781
London,BP.L,2025-03-21 00:00:00+00:00,449.905517578125,435.4085388183594,0.04895108477557408,0.031125002058787876,401.9162292480469,464.7706298828125
London,BP.L,2025-03-28 00:00:00+00:00,435.4085388183594,370.6221618652344,-0.03222227377384468,0.030004104226261097,398.66046142578125,480.65447998046875
London,BP.L,2025-04-04 00:00:00+01:00,370.6221618652344,331.63037109375,-0.1487944566474203,-0.03441609973486348,385.8197021484375,480.65447998046875
London,BP.L,2025-04-11 00:00:00+01:00,331.63037109375,358.8746337890625,-0.10520631193571894,-0.16657930929244302,371.3094177246094,480.65447998046875
London,BP.L,2025-04-22 00:00:00+01:00,358.8746337890625,353.1258544921875,0.08215249588105644,-0.09186220383454946,376.94287109375,480.65447998046875
London,BP.L,2025-04-29 00:00:00+01:00,353.1258544921875,350.7763366699219,-0.01601890675910511,-0.019685545253017356,375.70184326171875,464.7705383300781
London,BP.L,2025-05-07 00:00:00+01:00,350.7763366699219,380.91998291015625,-0.00665348569745583,2.8459571662420302e-05,375.57415771484375,464.7705383300781
London,GLEN.L,2024-05-16 00:00:00+01:00,492.8991394042969,483.3511047363281,0.0635314301209251,0.027104003263787035,408.3843688964844,407.20538330078125
London,GLEN.L,2024-05-23 00:00:00+01:00,483.3511047363281,480.6516418457031,-0.019371173338846193,0.033339264299906635,407.6795349121094,407.20538330078125
London,GLEN.L,2024-05-31 00:00:00+01:00,480.6516418457031,469.6539001464844,-0.005584890288184208,0.006344652533283535,405.67266845703125,407.20538330078125
London,GLEN.L,2024-06-07 00:00:00+01:00,469.6539001464844,454.4570007324219,-0.022880899058177362,-0.021477159491584463,403.88714599609375,407.20538330078125
London,GLEN.L,2024-06-14 00:00:00+01:00,454.4570007324219,454.60699462890625,-0.03235765615769959,-0.030696330093695545,400.0562744140625,407.20538330078125
London,GLEN.L,2024-06-21 00:00:00+01:00,454.60699462890625,451.0077209472656,0.00033005079961934136,-0.029302960616528484,400.0877380371094,407.20538330078125
London,GLEN.L,2024-06-28 00:00:00+01:00,451.0077209472656,482.951171875,-0.007917330186656524,-0.0158427612841765,399.0118103027344,407.20538330078125
London,GLEN.L,2024-07-05 00:00:00+01:00,482.951171875,478.2521667480469,0.07082683830920344,0.025854233361587875,405.4810485839844,407.20538330078125
London,GLEN.L,2024-07-12 00:00:00+01:00,478.2521667480469,441.859619140625,-0.009729772698779837,0.027629180764779715,405.53448486328125,407.20538330078125
London,GLEN.L,2024-07-19 00:00:00+01:00,441.859619140625,433.5113220214844,-0.07609489331721986,-0.02027142493428491,398.02734375,407.20538330078125
London,GLEN.L,2024-07-26 00:00:00+01:00,433.5113220214844,404.9671325683594,-0.018893550705939788,-0.05571437405063939,393.0201110839844,407.20538330078125
London,GLEN.L,2024-08-02 00:00:00+01:00,404.9671325683594,405.01715087890625,-0.06584416139357574,-0.06334110595126718,388.71612548828125,407.20538330078125
London,GLEN.L,2024-08-09 00:00:00+01:00,405.01715087890625,403.7673950195313,0.00012351202486393653,-0.06541967029973339,386.26605224609375,407.20538330078125
London,GLEN.L,2024-08-16 00:00:00+01:00,403.7673950195313,411.0158996582031,-0.0030856862645517458,-0.020949188625566606,386.0496520996094,407.20538330078125
London,GLEN.L,2024-08-23 00:00:00+01:00,411.0158996582031,399.6182556152344,0.017952179220219522,0.005215358566697859,387.7663269042969,407.20538330078125
London,GLEN.L,2024-09-02 00:00:00+01:00,399.6182556152344,369.9743041992187,-0.02773042126216263,-0.004531276135337214,385.1683349609375,407.20538330078125
London,GLEN.L,2024-09-09 00:00:00+01:00,369.9743041992187,377.6227416992187,-0.07418067367912706,-0.057089185833736567,378.55975341796875,407.20538330078125
London,GLEN.L,2024-09-16 00:00:00+01:00,377.6227416992187,399.7682189941406,0.020672888395734557,-0.050078442323257755,379.0271911621094,407.20538330078125
London,GLEN.L,2024-09-24 00:00:00+01:00,399.7682189941406,429.0122375488281,0.058644448147566974,0.0020849327279295338,382.9634704589844,407.20538330078125
London,GLEN.L,2024-10-01 00:00:00+01:00,429.0122375488281,417.4145812988281,0.0731524347489867,0.08652557448223552,392.4444580078125,407.20538330078125
London,GLEN.L,2024-10-08 00:00:00+01:00,417.4145812988281,403.4674377441406,-0.02703339260498372,0.07037590174974628,391.2958068847656,407.20538330078125
London,GLEN.L,2024-10-15 00:00:00+01:00,403.4674377441406,407.8165588378906,-0.03341316805773664,0.010894446613099351,388.6955261230469,407.20538330078125
London,GLEN.L,2024-10-22 00:00:00+01:00,407.8165588378906,404.5172424316406,0.010779360827894102,-0.030081150492566544,387.3312072753906,407.20538330078125
London,GLEN.L,2024-10-29 00:00:00+00:00,404.5172424316406,407.316650390625,-0.008090197258423526,-0.02879584265069579,386.6830749511719,407.20538330078125
London,GLEN.L,2024-11-05 00:00:00+00:00,407.316650390625,376.3730163574219,0.006920367453699949,-0.0028502716645226744,386.4814147949219,407.20538330078125
London,GLEN.L,2024-11-12 00:00:00+00:00,376.3730163574219,379.3723754882813,-0.07596947977335944,-0.019138054308018404,381.1024475097656,407.20538330078125
London,GLEN.L,2024-11-19 00:00:00+00:00,379.3723754882813,378.6725158691406,0.00796911308862569,-0.0437060766603774,379.5362854003906,407.20538330078125
London,GLEN.L,2024-11-26 00:00:00+00:00,378.6725158691406,381.9218444824219,-0.0018447827632149805,-0.0221699494169183,380.2017517089844,407.20538330078125
London,GLEN.L,2024-12-03 00:00:00+00:00,381.9218444824219,385.821044921875,0.008580840903711362,-0.015039213139601881,379.4187316894531,407.20538330078125
London,GLEN.L,2024-12-10 00:00:00+00:00,385.821044921875,362.6258239746094,0.010209419795658148,0.006467047816840932,380.5445556640625,407.20538330078125
London,GLEN.L,2024-12-17 00:00:00+00:00,362.6258239746094,355.2773132324219,-0.06011911805371428,-0.016682048492439705,375.9514465332031,407.20538330078125
London,GLEN.L,2024-12-24 00:00:00+00:00,355.2773132324219,361.5260314941406,-0.02026471987472689,-0.04423520732647179,373.412353515625,407.20538330078125
London,GLEN.L,2025-01-03 00:00:00+00:00,361.5260314941406,358.62664794921875,0.017588283937597815,-0.027519694939090233,373.1440734863281,407.20538330078125
London,GLEN.L,2025-01-10 00:00:00+00:00,358.62664794921875,380.0722351074219,-0.008019847237387245,0.003148258598705045,374.3809814453125,407.20538330078125
London,GLEN.L,2025-01-17 00:00:00+00:00,380.0722351074219,375.3232116699219,0.05979920142810968,0.023782689046043748,377.7734680175781,407.20538330078125
London,GLEN.L,2025-01-24 00:00:00+00:00,375.3232116699219,350.4283142089844,-0.01249505488386371,0.03136744066086483,378.6087341308594,407.20538330078125
London,GLEN.L,2025-01-31 00:00:00+00:00,350.4283142089844,358.5266418457031,-0.06632922421763598,-0.036097213999505606,371.7953796386719,407.20538330078125
London,GLEN.L,2025-02-07 00:00:00+00:00,358.5266418457031,353.12774658203125,0.023109798233624357,-0.03497091133498886,372.39825439453125,407.20538330078125
London,GLEN.L,2025-02-14 00:00:00+00:00,353.12774658203125,323.78375244140625,-0.015058560880938265,-0.02304470942664716,371.4023742675781,407.20538330078125
London,GLEN.L,2025-02-21 00:00:00+00:00,323.78375244140625,319.084716796875,-0.08309739017862317,-0.03204867962726754,365.32562255859375,407.20538330078125
London,GLEN.L,2025-02-28 00:00:00+00:00,319.084716796875,319.084716796875,-0.014512882777778069,-0.06016269553691278,363.0677795410156,407.20538330078125
London,GLEN.L,2025-03-07 00:00:00+00:00,319.084716796875,320.68438720703125,0.0,-0.031666949734896144,363.804443359375,407.20538330078125
London,GLEN.L,2025-03-14 00:00:00+00:00,320.68438720703125,299.1387939453125,0.0050133094001321155,-0.023592512878112815,362.41827392578125,407.20538330078125
London,GLEN.L,2025-03-21 00:00:00+00:00,299.1387939453125,292.4901428222656,-0.06718628695761575,-0.013178573703272245,359.303955078125,407.20538330078125
London,GLEN.L,2025-03-28 00:00:00+00:00,292.4901428222656,236.85153198242188,-0.02222597422206085,-0.03780598146429859,357.28802490234375,407.20538330078125
London,GLEN.L,2025-04-04 00:00:00+01:00,236.85153198242188,253.59811401367188,-0.19022388345460606,-0.10081641105653016,346.42022705078125,407.20538330078125
London,GLEN.L,2025-04-11 00:00:00+01:00,253.59811401367188,256.24755859375,0.07070497662009156,-0.14113706572038476,345.98358154296875,407.20538330078125
London,GLEN.L,2025-04-22 00:00:00+01:00,256.24755859375,263.84600830078125,0.010447414368134122,-0.036834426013251154,347.6740417480469,407.20538330078125
London,GLEN.L,2025-04-29 00:00:00+01:00,263.84600830078125,252.0,0.029652769176535587,0.031028401646524317,350.8566589355469,407.20538330078125
London,GLEN.L,2025-05-07 00:00:00+01:00,252.0,273.75,-0.04489743232073817,-0.022831184963695295,345.5390625,407.20538330078125
London,GSK.L,2024-05-17 00:00:00+01:00,1774.2315673828125,1773.73193359375,-0.013533411542968388,0.04444290560671971,1549.9364013671875,1464.6290283203125
London,GSK.L,2024-05-24 00:00:00+01:00,1773.73193359375,1597.30810546875,-0.00028160573751911944,0.009942874727934647,1554.4844970703125,1464.6290283203125
London,GSK.L,2024-06-03 00:00:00+01:00,1597.30810546875,1620.29833984375,-0.09946476397228099,-0.02739577094015322,1513.710693359375,1464.6290283203125
London,GSK.L,2024-06-10 00:00:00+01:00,1620.29833984375,1599.3074951171875,0.014393111946460202,-0.05714175528117316,1526.1492919921875,1464.6290283203125
London,GSK.L,2024-06-17 00:00:00+01:00,1599.3074951171875,1607.8037109375,-0.012954925775327752,-0.044734418706633194,1500.809326171875,1464.6290283203125
London,GSK.L,2024-06-24 00:00:00+01:00,1607.8037109375,1525.33935546875,0.005312434191831139,-0.018552916530753194,1485.0771484375,1464.6290283203125
London,GSK.L,2024-07-01 00:00:00+01:00,1525.33935546875,1508.8465576171875,-0.051290064146366166,-0.028607122495469706,1461.5897216796875,1464.6290283203125
London,GSK.L,2024-07-08 00:00:00+01:00,1508.8465576171875,1497.3515625,-0.010812543315316336,-0.039821637817809674,1457.0218505859375,1464.6290283203125
London,GSK.L,2024-07-15 00:00:00+01:00,1497.3515625,1523.840087890625,-0.007618399007610632,-0.02469017067270518,1456.260009765625,1464.6290283203125
London,GSK.L,2024-07-22 00:00:00+01:00,1523.840087890625,1556.325927734375,0.017690251276994307,-0.0009686167911068244,1462.7708740234375,1464.6290283203125
London,GSK.L,2024-07-29 00:00:00+01:00,1556.325927734375,1546.330322265625,0.021318404799757218,0.00921453951268103,1471.18994140625,1464.6290283203125
London,GSK.L,2024-08-05 00:00:00+01:00,1546.330322265625,1571.3194580078125,-0.0064225656661140995,0.009037375625707833,1469.9556884765625,1464.6290283203125
London,GSK.L,2024-08-12 00:00:00+01:00,1571.3194580078125,1598.457763671875,0.01616028307947448,0.010177961794264334,1472.9254150390625,1464.6290283203125
London,GSK.L,2024-08-19 00:00:00+01:00,1598.457763671875,1617.4512939453125,0.017271030105151075,0.026786461539738626,1478.5889892578125,1464.6290283203125
London,GSK.L,2024-08-27 00:00:00+01:00,1617.4512939453125,1654.4388427734375,0.011882409848482212,0.019038119260081476,1485.958740234375,1464.6290283203125
London,GSK.L,2024-09-03 00:00:00+01:00,1654.4388427734375,1670.4334716796875,0.0228677976063838,0.03318840937031009,1497.876220703125,1464.6290283203125
London,GSK.L,2024-09-10 00:00:00+01:00,1670.4334716796875,1608.954345703125,0.00966770635017089,0.01906520114044441,1508.415283203125,1464.6290283203125
London,GSK.L,2024-09-17 00:00:00+01:00,1608.954345703125,1529.9810791015625,-0.03680429482458991,-0.0017110713835954972,1498.33740234375,1464.6290283203125
London,GSK.L,2024-09-24 00:00:00+01:00,1529.9810791015625,1520.9840087890625,-0.049083596941372876,-0.04323740742629978,1470.337646484375,1464.6290283203125
London,GSK.L,2024-10-01 00:00:00+01:00,1520.9840087890625,1452.5074462890625,-0.005880510834672115,-0.04261699809639374,1458.574951171875,1464.6290283203125
London,GSK.L,2024-10-08 00:00:00+01:00,1452.5074462890625,1493.493408203125,-0.045021224486454625,-0.049137895363734585,1446.90234375,1464.6290283203125
London,GSK.L,2024-10-15 00:00:00+01:00,1493.493408203125,1453.0072021484375,0.028217385059729372,-0.014928836405479706,1456.273681640625,1464.6290283203125
London,GSK.L,2024-10-22 00:00:00+01:00,1453.0072021484375,1451.0079345703125,-0.027108392867564057,-0.008257805761842207,1446.982666015625,1464.6290283203125
London,GSK.L,2024-10-29 00:00:00+00:00,1451.0079345703125,1391.0283203125,-0.0013759515955384938,-0.013578516396640095,1452.4779052734375,1464.6290283203125
London,GSK.L,2024-11-05 00:00:00+00:00,1391.0283203125,1369.0357666015625,-0.04133651707120012,-0.0343500053142044,1445.649169921875,1464.6290283203125
London,GSK.L,2024-11-12 00:00:00+00:00,1369.0357666015625,1303.20166015625,-0.015810284657609808,-0.03402883330136408,1443.2255859375,1464.6290283203125
London,GSK.L,2024-11-19 00:00:00+00:00,1303.20166015625,1337.693603515625,-0.04808793754799878,-0.04625404995435556,1431.1536865234375,1464.6290283203125
London,GSK.L,2024-11-26 00:00:00+00:00,1337.693603515625,1367.686767578125,0.02646708058616154,-0.023644440988905058,1438.9407958984375,1464.6290283203125
London,GSK.L,2024-12-03 00:00:00+00:00,1367.686767578125,1373.185546875,0.022421550034831705,0.0008890959509664231,1442.4859619140625,1464.6290283203125
London,GSK.L,2024-12-10 00:00:00+00:00,1373.185546875,1333.1947021484375,0.0040204960866969675,0.01478622284166553,1449.19482421875,1464.6290283203125
London,GSK.L,2024-12-17 00:00:00+00:00,1333.1947021484375,1339.193359375,-0.029122681066350298,-0.007121817592867119,1435.2608642578125,1464.6290283203125
London,GSK.L,2024-12-24 00:00:00+00:00,1339.193359375,1339.6932373046875,0.004499460744102679,-0.008739391761937054,1440.564697265625,1464.6290283203125
London,GSK.L,2025-01-03 00:00:00+00:00,1339.6932373046875,1349.1910400390625,0.00037326792743419546,0.0026092155162389385,1441.721923828125,1464.6290283203125
London,GSK.L,2025-01-10 00:00:00+00:00,1349.1910400390625,1358.6888427734375,0.007089535477154074,0.009963800691836111,1442.730224609375,1464.6290283203125
London,GSK.L,2025-01-17 00:00:00+00:00,1358.6888427734375,1356.1895751953125,0.007039627786217695,-0.006026244946700343,1446.7401123046875,1464.6290283203125
London,GSK.L,2025-01-24 00:00:00+00:00,1356.1895751953125,1404.6783447265625,-0.0018394701564070637,0.00794418772216976,1443.860595703125,1464.6290283203125
London,GSK.L,2025-01-31 00:00:00+00:00,1404.6783447265625,1442.669677734375,0.03575368106207932,0.028573529081957316,1453.0177001953125,1464.6290283203125
London,GSK.L,2025-02-07 00:00:00+00:00,1442.669677734375,1434.6715087890625,0.027046286539861075,0.040299661103243345,1460.7108154296875,1464.6290283203125
London,GSK.L,2025-02-14 00:00:00+00:00,1434.6715087890625,1428.8319091796875,-0.005544005719918643,0.025864658698673937,1452.9835205078125,1464.6290283203125
London,GSK.L,2025-02-21 00:00:00+00:00,1428.8319091796875,1466.327392578125,-0.004070339149833679,0.003933170557112842,1453.4266357421875,1464.6290283203125
London,GSK.L,2025-02-28 00:00:00+00:00,1466.327392578125,1533.8194580078125,0.02624205349666653,0.013763111578131149,1459.9632568359375,1464.6290283203125
London,GSK.L,2025-03-07 00:00:00+00:00,1533.8194580078125,1510.822265625,0.046027964676443434,0.02664699544589899,1468.2137451171875,1464.6290283203125
London,GSK.L,2025-03-14 00:00:00+00:00,1510.822265625,1508.822509765625,-0.014993415465391347,0.024047393602888878,1459.79541015625,1464.6290283203125
London,GSK.L,2025-03-21 00:00:00+00:00,1508.822509765625,1488.3248291015625,-0.0013236208552617201,0.012215250621485874,1459.3564453125,1464.6290283203125
London,GSK.L,2025-03-28 00:00:00+00:00,1488.3248291015625,1417.333251953125,-0.013585216638401398,-0.014475414642843076,1454.138671875,1464.6290283203125
London,GSK.L,2025-04-04 00:00:00+01:00,1417.333251953125,1293.8477783203125,-0.04769898059907529,-0.028061838297076536,1444.2734375,1464.6290283203125
London,GSK.L,2025-04-11 00:00:00+01:00,1293.8477783203125,1361.8397216796875,-0.08712522158260672,-0.09519255148774464,1426.1754150390625,1464.6290283203125
London,GSK.L,2025-04-22 00:00:00+01:00,1361.8397216796875,1431.83154296875,0.05255018750941698,-0.036857686745728646,1438.0411376953125,1464.6290283203125
London,GSK.L,2025-04-29 00:00:00+01:00,1431.83154296875,1378.8377685546875,0.05139505051500115,0.01980486088042621,1452.6378173828125,1464.6290283203125
London,GSK.L,2025-05-07 00:00:00+01:00,1378.8377685546875,1359.8399658203125,-0.037011179614178324,0.0528885524933993,1441.9801025390625,1464.6290283203125
London,HSBA.L,2024-05-17 00:00:00+01:00,696.7606811523438,693.1619262695312,0.0014368365629331414,0.017575831301735345,544.6903686523438,509.6599426269531
London,HSBA.L,2024-05-24 00:00:00+01:00,693.1619262695312,693.0618896484375,-0.0051649798562982685,-0.0030942988199993415,545.3036499023438,509.6599426269531
London,HSBA.L,2024-06-03 00:00:00+01:00,693.0618896484375,693.36181640625,-0.0001443192669743354,-0.009350545866114057,544.2312622070312,509.6599426269531
London,HSBA.L,2024-06-10 00:00:00+01:00,693.36181640625,682.7654418945312,0.0004327560962336108,-0.004249683666666448,544.4622802734375,509.6599426269531
London,HSBA.L,2024-06-17 00:00:00+01:00,682.7654418945312,690.4628295898438,-0.015282604638716113,-0.01491109330818463,541.5519409179688,509.6599426269531
London,HSBA.L,2024-06-24 00:00:00+01:00,690.4628295898438,690.6627197265625,0.011273839041932021,0.0035332741536515666,542.7093505859375,509.6599426269531
London,HSBA.L,2024-07-01 00:00:00+01:00,690.6627197265625,672.6688842773438,0.00028950166200480965,0.0013247195961745284,543.82177734375,509.6599426269531
London,HSBA.L,2024-07-08 00:00:00+01:00,672.6688842773438,663.572021484375,-0.026052999438485158,-0.0033955221395182145,540.26318359375,509.6599426269531
London,HSBA.L,2024-07-15 00:00:00+01:00,663.572021484375,667.3707275390625,-0.013523537368227756,-0.019726831828470237,537.4368286132812,509.6599426269531
London,HSBA.L,2024-07-22 00:00:00+01:00,667.3707275390625,669.7698974609375,0.005724632642271521,-0.017000296346285415,537.5291137695312,509.6599426269531
London,HSBA.L,2024-07-29 00:00:00+01:00,669.7698974609375,625.5850830078125,0.0035949582786196643,-0.007632332140287801,537.8207397460938,509.6599426269531
London,HSBA.L,2024-08-05 00:00:00+01:00,625.5850830078125,643.678955078125,-0.06597014082094066,-0.0065447773984109725,527.5137329101562,509.6599426269531
London,HSBA.L,2024-08-12 00:00:00+01:00,643.678955078125,663.4495239257812,0.02892311943136039,-0.027763197229814462,532.9027099609375,509.6599426269531
London,HSBA.L,2024-08-19 00:00:00+01:00,663.4495239257812,660.7501831054688,0.03071495299276439,-0.0005199800752569983,536.5946655273438,509.6599426269531
London,HSBA.L,2024-08-27 00:00:00+01:00,660.7501831054688,658.250732421875,-0.0040686453497470465,0.004325602277386542,534.5711059570312,509.6599426269531
London,HSBA.L,2024-09-03 00:00:00+01:00,658.250732421875,648.8528442382812,-0.003782746864853692,0.014927716992358064,536.632080078125,509.6599426269531
London,HSBA.L,2024-09-10 00:00:00+01:00,648.8528442382812,661.6499633789062,-0.014277064529828132,-0.0016329061211438622,536.1217041015625,509.6599426269531
London,HSBA.L,2024-09-17 00:00:00+01:00,661.6499633789062,672.047607421875,0.01972268327751281,-0.0018715478133521923,535.9107055664062,509.6599426269531
London,HSBA.L,2024-09-24 00:00:00+01:00,672.047607421875,664.54931640625,0.015714720197172127,0.009325111932064534,537.9473266601562,509.6599426269531
London,HSBA.L,2024-10-01 00:00:00+01:00,664.54931640625,665.8489990234375,-0.01115738071650929,0.014475723617314307,539.416015625,509.6599426269531
London,HSBA.L,2024-10-08 00:00:00+01:00,665.8489990234375,669.04833984375,0.0019557353910404363,0.02022369502051613,541.7911987304688,509.6599426269531
London,HSBA.L,2024-10-15 00:00:00+01:00,669.04833984375,681.3455200195312,0.00480490445281867,-0.0019308878141320873,537.6071166992188,509.6599426269531
London,HSBA.L,2024-10-22 00:00:00+01:00,681.3455200195312,713.5382080078125,0.018380107151380276,0.0022702506528891053,540.9235229492188,509.6599426269531
London,HSBA.L,2024-10-29 00:00:00+00:00,713.5382080078125,722.2362060546875,0.04724869694213063,0.013299241565645437,548.1091918945312,509.6599426269531
London,HSBA.L,2024-11-05 00:00:00+00:00,722.2362060546875,693.8177490234375,0.012189954159791405,0.036836815828322766,551.242919921875,509.6599426269531
London,HSBA.L,2024-11-12 00:00:00+00:00,693.8177490234375,724.2140502929688,-0.039347870949989705,0.011920034963988746,545.080810546875,509.6599426269531
London,HSBA.L,2024-11-19 00:00:00+00:00,724.2140502929688,732.5130615234375,0.04381020997562346,0.01348636810258319,552.7940673828125,509.6599426269531
London,HSBA.L,2024-11-26 00:00:00+00:00,732.5130615234375,743.61181640625,0.011459334746559469,0.017780185465075427,554.4859008789062,509.6599426269531
London,HSBA.L,2024-12-03 00:00:00+00:00,743.61181640625,749.9110107421875,0.015151613624103888,0.02049527470349477,557.6390991210938,509.6599426269531
London,HSBA.L,2024-12-10 00:00:00+00:00,749.9110107421875,757.6101684570312,0.008471078857219316,0.022107089603837338,560.0040283203125,509.6599426269531
London,HSBA.L,2024-12-17 00:00:00+00:00,757.6101684570312,771.908447265625,0.0102667617951413,0.023540027079280712,561.609619140625,509.6599426269531
London,HSBA.L,2024-12-24 00:00:00+00:00,771.908447265625,782.2072143554688,0.01887287077695121,0.018138793543633236,562.9635009765625,509.6599426269531
London,HSBA.L,2025-01-03 00:00:00+00:00,782.2072143554688,799.0051879882812,0.013341954122053856,0.023353830479396986,568.5182495117188,509.6599426269531
London,HSBA.L,2025-01-10 00:00:00+00:00,799.0051879882812,822.6024169921875,0.021475094226347524,0.020443436040134877,569.9102172851562,509.6599426269531
London,HSBA.L,2025-01-17 00:00:00+00:00,822.6024169921875,817.9029541015625,0.02953326130875178,0.027528552227681358,577.5382690429688,509.6599426269531
London,HSBA.L,2025-01-24 00:00:00+00:00,817.9029541015625,845.5997314453125,-0.005712921325721876,0.028565001028437953,579.037109375,509.6599426269531
London,HSBA.L,2025-01-31 00:00:00+00:00,845.5997314453125,853.898681640625,0.03386315846502108,0.024215349204188996,582.2361450195312,509.6599426269531
London,HSBA.L,2025-02-07 00:00:00+00:00,853.898681640625,869.5968627929688,0.009814277236261493,0.012353743858789956,583.3226928710938,509.6599426269531
London,HSBA.L,2025-02-14 00:00:00+00:00,869.5968627929688,885.6949462890625,0.018384126231676845,0.03779715068568512,590.7560424804688,509.6599426269531
London,HSBA.L,2025-02-21 00:00:00+00:00,885.6949462890625,933.4892578125,0.018512122323429248,0.03510652117294466,593.240234375,509.6599426269531
London,HSBA.L,2025-02-28 00:00:00+00:00,933.4892578125,876.2960815429688,0.05396249772417572,0.0351297606213965,600.833251953125,509.6599426269531
London,HSBA.L,2025-03-07 00:00:00+00:00,876.2960815429688,869.8967895507812,-0.061268167566872034,0.016183221764925593,593.0365600585938,509.6599426269531
London,HSBA.L,2025-03-14 00:00:00+00:00,869.8967895507812,881.4954223632812,-0.007302659599846328,-0.040377814240851184,585.7659912109375,509.6599426269531
London,HSBA.L,2025-03-21 00:00:00+00:00,881.4954223632812,885.2949829101562,0.013333343624005733,-0.003927487243177263,593.287841796875,509.6599426269531
London,HSBA.L,2025-03-28 00:00:00+00:00,885.2949829101562,759.9098510742188,0.004310357660948894,0.00645075249277105,593.737060546875,509.6599426269531
London,HSBA.L,2025-04-04 00:00:00+01:00,759.9098510742188,743.4118041992188,-0.14163090750132734,-0.03153596343002141,565.2490844726562,509.6599426269531
London,HSBA.L,2025-04-11 00:00:00+01:00,743.4118041992188,800.205078125,-0.021710531652771925,-0.12454670368778997,553.3944702148438,509.6599426269531
London,HSBA.L,2025-04-22 00:00:00+01:00,800.205078125,855.4984741210938,0.07639544274785526,-0.031919279871907125,573.9078369140625,509.6599426269531
London,HSBA.L,2025-04-29 00:00:00+01:00,855.4984741210938,843.0999755859375,0.06909903162031217,0.05110236467597651,585.1209106445312,509.6599426269531
London,HSBA.L,2025-05-07 00:00:00+01:00,843.0999755859375,871.0999755859375,-0.014492718467901455,0.04858570588729316,581.0405883789062,509.6599426269531
London,LLOY.L,2024-05-17 00:00:00+01:00,55.4919319152832,54.77229690551758,0.02246777182026327,0.03479805025854965,45.43416213989258,44.82944869995117
London,LLOY.L,2024-05-24 00:00:00+01:00,54.77229690551758,55.37199783325195,-0.012968281783093394,0.0330239294873822,45.36387252807617,44.82944869995117
London,LLOY.L,2024-06-03 00:00:00+01:00,55.37199783325195,54.19259262084961,0.0109489826356719,0.008232572868535515,45.42646408081055,44.82944869995117
London,LLOY.L,2024-06-10 00:00:00+01:00,54.19259262084961,54.51243209838867,-0.021299668759542034,-0.004416129561831239,45.24207305908203,44.82944869995117
London,LLOY.L,2024-06-17 00:00:00+01:00,54.51243209838867,55.65185546875,0.005901903970101152,-0.01609361627156669,45.12104797363281,44.82944869995117
London,LLOY.L,2024-06-24 00:00:00+01:00,55.65185546875,55.59188461303711,0.020902082818554213,0.008832182675152511,45.642765045166016,44.82944869995117
London,LLOY.L,2024-07-01 00:00:00+01:00,55.59188461303711,58.99016571044922,-0.0010776074797104185,0.008715222015945212,45.353939056396484,44.82944869995117
London,LLOY.L,2024-07-08 00:00:00+01:00,58.99016571044922,58.7702751159668,0.06112908603597078,0.02672948152750565,46.12228775024414,44.82944869995117
London,LLOY.L,2024-07-15 00:00:00+01:00,58.7702751159668,58.9501838684082,-0.003727580552354226,0.03369437450233792,46.24851989746094,44.82944869995117
London,LLOY.L,2024-07-22 00:00:00+01:00,58.9501838684082,61.06911087036133,0.003061220184632507,0.02401889833162052,45.971885681152344,44.82944869995117
London,LLOY.L,2024-07-29 00:00:00+01:00,61.06911087036133,54.5421257019043,0.035944366292107066,0.027039936843953116,46.57566452026367,44.82944869995117
London,LLOY.L,2024-08-05 00:00:00+01:00,54.5421257019043,56.78138732910156,-0.10687866706153037,-0.028140058439158677,45.163230895996094,44.82944869995117
London,LLOY.L,2024-08-12 00:00:00+01:00,56.78138732910156,59.20059967041016,0.04105563540804735,-0.027819405407213837,45.9157600402832,44.82944869995117
London,LLOY.L,2024-08-19 00:00:00+01:00,59.20059967041016,59.18060302734375,0.04260572795248896,0.0022529298715900925,46.23192596435547,44.82944869995117
London,LLOY.L,2024-08-27 00:00:00+01:00,59.18060302734375,57.24123764038086,-0.00033777771133636225,0.01873937700320316,46.076873779296875,44.82944869995117
London,LLOY.L,2024-09-03 00:00:00+01:00,57.24123764038086,56.46149444580078,-0.03277028769150647,0.0032820708341112503,45.790645599365234,44.82944869995117
London,LLOY.L,2024-09-10 00:00:00+01:00,56.46149444580078,58.56081008911133,-0.013622053378349874,-0.017592284862260166,45.717769622802734,44.82944869995117
London,LLOY.L,2024-09-17 00:00:00+01:00,58.56081008911133,59.26057434082031,0.0371813687171485,0.0013633755912068057,46.186519622802734,44.82944869995117
London,LLOY.L,2024-09-24 00:00:00+01:00,59.26057434082031,58.180931091308594,0.011949360854881741,0.009124839096321447,45.9743766784668,44.82944869995117
London,LLOY.L,2024-10-01 00:00:00+01:00,58.180931091308594,58.240909576416016,-0.01821857552885764,0.01189204451457826,46.057533264160156,44.82944869995117
London,LLOY.L,2024-10-08 00:00:00+01:00,58.240909576416016,60.06031799316406,0.0010308959307181453,-0.001439645800960676,46.03235626220703,44.82944869995117
London,LLOY.L,2024-10-15 00:00:00+01:00,60.06031799316406,61.97968673706055,0.03123935443282977,0.015469978906627269,46.39474105834961,44.82944869995117
London,LLOY.L,2024-10-22 00:00:00+01:00,61.97968673706055,54.52213287353515,0.031957352342272705,0.03682082440533918,46.78084945678711,44.82944869995117
London,LLOY.L,2024-10-29 00:00:00+00:00,54.52213287353515,54.84202575683594,-0.12032254850146218,-0.018709473742497207,45.04727554321289,44.82944869995117
London,LLOY.L,2024-11-05 00:00:00+00:00,54.84202575683594,53.84235382080078,0.005867211468832068,-0.07349575985474299,45.33544158935547,44.82944869995117
London,LLOY.L,2024-11-12 00:00:00+00:00,53.84235382080078,55.301876068115234,-0.01822820952069859,-0.05248790551736371,45.29961395263672,44.82944869995117
London,LLOY.L,2024-11-19 00:00:00+00:00,55.301876068115234,53.402496337890625,0.027107326179907743,-0.0009354487632488029,45.44362258911133,44.82944869995117
London,LLOY.L,2024-11-26 00:00:00+00:00,53.402496337890625,52.92265319824219,-0.03434566537824402,-0.0007322479758591349,45.05614471435547,44.82944869995117
London,LLOY.L,2024-12-03 00:00:00+00:00,52.92265319824219,52.92265319824219,-0.008985406536285323,-0.023576850081216683,44.96033477783203,44.82944869995117
London,LLOY.L,2024-12-10 00:00:00+00:00,52.92265319824219,54.20223617553711,0.0,-0.016749851007671568,45.052059173583984,44.82944869995117
London,LLOY.L,2024-12-17 00:00:00+00:00,54.20223617553711,54.20223617553711,0.02417836030445697,0.0171377810626554,45.44778060913086,44.82944869995117
London,LLOY.L,2024-12-24 00:00:00+00:00,54.20223617553711,54.34218978881836,0.0,0.008468903273255668,45.09627914428711,44.82944869995117
London,LLOY.L,2025-01-03 00:00:00+00:00,54.34218978881836,52.862674713134766,0.0025820634563489264,0.006693839345892405,45.343509674072266,44.82944869995117
London,LLOY.L,2025-01-10 00:00:00+00:00,52.862674713134766,58.52082061767578,-0.02722590093320132,-0.003154802433498083,44.9255256652832,44.82944869995117
London,LLOY.L,2025-01-17 00:00:00+00:00,58.52082061767578,61.79974365234375,0.10703480168655055,0.0209504302068948,46.237857818603516,44.82944869995117
London,LLOY.L,2025-01-24 00:00:00+00:00,61.79974365234375,62.319576263427734,0.056030024870799444,0.08206063584320589,47.203704833984375,44.82944869995117
London,LLOY.L,2025-01-31 00:00:00+00:00,62.319576263427734,62.53950500488281,0.008411565815034994,0.06259103621223572,46.56145477294922,44.82944869995117
London,LLOY.L,2025-02-07 00:00:00+00:00,62.53950500488281,64.13898468017578,0.003529047446109601,0.030424622338528717,46.905364990234375,44.82944869995117
London,LLOY.L,2025-02-14 00:00:00+00:00,64.13898468017578,67.177978515625,0.02557550903493855,0.021777223034418425,47.29191207885742,44.82944869995117
London,LLOY.L,2025-02-21 00:00:00+00:00,67.177978515625,72.95609283447266,0.047381383578223746,0.021938087415590557,47.43077087402344,44.82944869995117
London,LLOY.L,2025-02-28 00:00:00+00:00,72.95609283447266,70.89675903320312,0.0860120302295746,0.08169499237199962,49.16314697265625,44.82944869995117
London,LLOY.L,2025-03-07 00:00:00+00:00,70.89675903320312,69.5372085571289,-0.02822702972789226,0.06585849322540849,48.84688186645508,44.82944869995117
London,LLOY.L,2025-03-14 00:00:00+00:00,69.5372085571289,70.55687713623047,-0.019176482742144785,-0.0055027321298108944,47.795127868652344,44.82944869995117
London,LLOY.L,2025-03-21 00:00:00+00:00,70.55687713623047,73.3759536743164,0.014663639801759443,0.0018891604239017479,48.710872650146484,44.82944869995117
London,LLOY.L,2025-03-28 00:00:00+00:00,73.3759536743164,64.97870635986328,0.039954667106976594,0.03082635522364119,49.37935256958008,44.82944869995117
London,LLOY.L,2025-04-04 00:00:00+01:00,64.97870635986328,66.76000213623047,-0.11444140612774611,-0.004343830589619069,47.605770111083984,44.82944869995117
London,LLOY.L,2025-04-11 00:00:00+01:00,66.76000213623047,71.27999877929688,0.027413530926609475,-0.06245545839379607,47.46735382080078,44.82944869995117
London,LLOY.L,2025-04-22 00:00:00+01:00,71.27999877929688,73.18000030517578,0.06770516025213569,0.007067646274592887,48.965511322021484,44.82944869995117
London,LLOY.L,2025-04-29 00:00:00+01:00,73.18000030517578,72.23999786376953,0.02665546518542805,0.04612233628054252,49.28531265258789,44.82944869995117
London,LLOY.L,2025-05-07 00:00:00+01:00,72.23999786376953,74.94000244140625,-0.012845072936406687,0.022936588408493996,48.63268280029297,44.82944869995117
London,NWG.L,2024-05-17 00:00:00+01:00,320.8309326171875,307.3380432128906,0.005324217669341547,0.05577859440708144,244.55320739746094,233.14369201660156
London,NWG.L,2024-05-24 00:00:00+01:00,307.3380432128906,319.5316467285156,-0.042056073877379085,-0.004625044361264208,240.61712646484375,233.14369201660156
London,NWG.L,2024-06-03 00:00:00+01:00,319.5316467285156,310.7362365722656,0.03967489149131653,-0.005950135189186412,244.7859649658203,233.14369201660156
London,NWG.L,2024-06-10 00:00:00+01:00,310.7362365722656,307.8377685546875,-0.027525943819026066,-0.004841333254938962,242.3197021484375,233.14369201660156
London,NWG.L,2024-06-17 00:00:00+01:00,307.8377685546875,315.5337219238281,-0.009327743843303149,-0.014581943386252627,241.19046020507812,233.14369201660156
London,NWG.L,2024-06-24 00:00:00+01:00,315.5337219238281,314.8340759277344,0.0250000297405788,0.00652385272484346,243.47689819335938,233.14369201660156
London,NWG.L,2024-07-01 00:00:00+01:00,314.8340759277344,329.2265319824219,-0.002217341436053122,-4.805920863204527e-05,243.49241638183594,233.14369201660156
London,NWG.L,2024-07-08 00:00:00+01:00,329.2265319824219,322.6300048828125,0.04571441643436036,0.02918549546536231,245.4112548828125,233.14369201660156
London,NWG.L,2024-07-15 00:00:00+01:00,322.6300048828125,338.42169189453125,-0.02003643831464219,0.016023502967561498,244.1072540283203,233.14369201660156
London,NWG.L,2024-07-22 00:00:00+01:00,338.42169189453125,371.2043762207031,0.04894674014419298,0.03067903121840243,247.86758422851562,233.14369201660156
London,NWG.L,2024-07-29 00:00:00+01:00,371.2043762207031,322.2301940917969,0.09686933524458752,0.05173267553416627,254.9848175048828,233.14369201660156
London,NWG.L,2024-08-05 00:00:00+01:00,322.2301940917969,334.4837646484375,-0.13193320247870188,0.019351204077728168,239.68115234375,233.14369201660156
London,NWG.L,2024-08-12 00:00:00+01:00,334.4837646484375,351.8777160644531,0.03802738160890606,-0.025667193517183717,248.99488830566406,233.14369201660156
London,NWG.L,2024-08-19 00:00:00+01:00,351.8777160644531,349.2785949707031,0.05200237875311431,0.00720603309763046,250.43179321289062,233.14369201660156
London,NWG.L,2024-08-27 00:00:00+01:00,349.2785949707031,333.5840759277344,-0.007386432772213181,0.015064729962628975,249.1390838623047,233.14369201660156
London,NWG.L,2024-09-03 00:00:00+01:00,333.5840759277344,325.6867980957031,-0.04493409922324376,-0.0004376157040599793,247.6619873046875,233.14369201660156
London,NWG.L,2024-09-10 00:00:00+01:00,325.6867980957031,341.08148193359375,-0.023674025236570584,-0.025250980849081506,245.3914794921875,233.14369201660156
London,NWG.L,2024-09-17 00:00:00+01:00,341.08148193359375,341.181396484375,0.047268369267356336,-0.010315943937044714,248.6251983642578,233.14369201660156
London,NWG.L,2024-09-24 00:00:00+01:00,341.181396484375,340.28173828125,0.0002929345510487291,0.004811675498219037,247.0894775390625,233.14369201660156
London,NWG.L,2024-10-01 00:00:00+01:00,340.28173828125,348.4788818359375,-0.0026368911446970067,0.016929036574057976,249.25140380859375,233.14369201660156
London,NWG.L,2024-10-08 00:00:00+01:00,348.4788818359375,354.87664794921875,0.024089284356224816,0.00656634638830389,250.61404418945312,233.14369201660156
London,NWG.L,2024-10-15 00:00:00+01:00,354.87664794921875,358.57537841796875,0.018359121446829274,0.02506397109206704,251.471923828125,233.14369201660156
London,NWG.L,2024-10-22 00:00:00+01:00,358.57537841796875,364.3733520507813,0.010422580606879617,0.027947713833013532,251.68838500976562,233.14369201660156
London,NWG.L,2024-10-29 00:00:00+00:00,364.3733520507813,386.565673828125,0.01616946946662412,0.026007387643146362,254.5034637451172,233.14369201660156
London,NWG.L,2024-11-05 00:00:00+00:00,386.565673828125,387.46533203125,0.060905446714036415,0.03777617858823423,258.85687255859375,233.14369201660156
London,NWG.L,2024-11-12 00:00:00+00:00,387.46533203125,391.8638000488281,0.0023273101158096665,0.04245294270450173,257.9376220703125,233.14369201660156
London,NWG.L,2024-11-19 00:00:00+00:00,391.8638000488281,391.3639831542969,0.011351900812698767,0.03251626613866998,260.3600158691406,233.14369201660156
London,NWG.L,2024-11-26 00:00:00+00:00,391.3639831542969,407.558349609375,-0.0012754862645362186,0.018494155040544635,257.99365234375,233.14369201660156
London,NWG.L,2024-12-03 00:00:00+00:00,407.558349609375,409.8575439453125,0.04137929690043407,0.019531196153525388,264.8437194824219,233.14369201660156
London,NWG.L,2024-12-10 00:00:00+00:00,409.8575439453125,399.1612548828125,0.005641386903595835,0.028881363340181654,263.09747314453125,233.14369201660156
London,NWG.L,2024-12-17 00:00:00+00:00,399.1612548828125,399.66107177734375,-0.02609757761083742,0.005898085825627453,261.4211730957031,233.14369201660156
London,NWG.L,2024-12-24 00:00:00+00:00,399.66107177734375,402.8599853515625,0.0012521678605255104,-0.013395961434270576,261.56451416015625,233.14369201660156
London,NWG.L,2025-01-03 00:00:00+00:00,402.8599853515625,374.2699279785156,0.008004065945159011,-0.007514328272553716,261.7095031738281,233.14369201660156
London,NWG.L,2025-01-10 00:00:00+00:00,374.2699279785156,414.1560363769531,-0.07096772678502006,-0.020313119932410695,254.18051147460938,233.14369201660156
London,NWG.L,2025-01-17 00:00:00+00:00,414.1560363769531,421.2535705566406,0.10657043330696636,0.0028661869818000785,267.3468017578125,233.14369201660156
London,NWG.L,2025-01-24 00:00:00+00:00,421.2535705566406,432.9495239257813,0.01713734331093386,0.042582756830207735,264.90228271484375,233.14369201660156
London,NWG.L,2025-01-31 00:00:00+00:00,432.9495239257813,444.1456298828125,0.02776463913097693,0.048272827191000234,270.2021484375,233.14369201660156
London,NWG.L,2025-02-07 00:00:00+00:00,444.1456298828125,427.9512634277344,0.025860072221607355,0.03544045636893234,271.7924499511719,233.14369201660156
London,NWG.L,2025-02-14 00:00:00+00:00,427.9512634277344,451.64300537109375,-0.036461839012917885,0.021409634355431972,266.41497802734375,233.14369201660156
London,NWG.L,2025-02-21 00:00:00+00:00,451.64300537109375,478.6336364746094,0.05536084121728524,0.01140910717442467,272.62078857421875,233.14369201660156
London,NWG.L,2025-02-28 00:00:00+00:00,478.6336364746094,454.94189453125,0.05976098551850417,0.038488286005523564,276.295166015625,233.14369201660156
London,NWG.L,2025-03-07 00:00:00+00:00,454.94189453125,440.8999938964844,-0.04949869824833375,0.029885145328516716,274.6434631347656,233.14369201660156
London,NWG.L,2025-03-14 00:00:00+00:00,440.8999938964844,457.7999877929687,-0.030865261703879154,-0.03130875574364467,270.35198974609375,233.14369201660156
London,NWG.L,2025-03-21 00:00:00+00:00,457.7999877929687,459.1000061035156,0.038330673917977176,0.006247447501567249,273.3889465332031,233.14369201660156
London,NWG.L,2025-03-28 00:00:00+00:00,459.1000061035156,413.3999938964844,0.002839708049828138,0.013544640968514932,275.9752197265625,233.14369201660156
London,NWG.L,2025-04-04 00:00:00+01:00,413.3999938964844,430.6000061035156,-0.09954260858085684,-0.00936925110432485,264.6416931152344,233.14369201660156
London,NWG.L,2025-04-11 00:00:00+01:00,430.6000061035156,459.7000122070313,0.04160622269224845,-0.05816469541831826,272.40887451171875,233.14369201660156
London,NWG.L,2025-04-22 00:00:00+01:00,459.7000122070313,484.7000122070313,0.06758013397826113,0.019738467255650205,273.1972961425781,233.14369201660156
London,NWG.L,2025-04-29 00:00:00+01:00,484.7000122070313,475.8999938964844,0.05438329200813885,0.05693872335320216,280.81103515625,233.14369201660156
London,NWG.L,2025-05-07 00:00:00+01:00,475.8999938964844,493.0,-0.018155597460121742,0.04327137164737738,277.6045227050781,233.14369201660156
London,REL.L,2024-05-17 00:00:00+01:00,3457.44921875,3519.439453125,-0.00028907636536346093,0.02183598862365521,2607.74951171875,2314.087646484375
London,REL.L,2024-05-24 00:00:00+01:00,3519.439453125,3421.455078125,0.01792947067416706,0.020794297877607226,2619.261962890625,2314.087646484375
London,REL.L,2024-06-03 00:00:00+01:00,3421.455078125,3502.442138671875,-0.02784090373056347,-0.007625831338668676,2604.656005859375,2314.087646484375
London,REL.L,2024-06-10 00:00:00+01:00,3502.442138671875,3567.431640625,0.023670356236638712,0.014614465193536041,2624.707763671875,2314.087646484375
London,REL.L,2024-06-17 00:00:00+01:00,3567.431640625,3611.4248046875,0.018555481969437793,0.017322821642507202,2639.829345703125,2314.087646484375
London,REL.L,2024-06-24 00:00:00+01:00,3611.4248046875,3576.43017578125,0.012331887053284252,0.022250611420470356,2655.037841796875,2314.087646484375
London,REL.L,2024-07-01 00:00:00+01:00,3576.43017578125,3592.427734375,-0.009689978553846124,0.012907013694312797,2657.5654296875,2314.087646484375
London,REL.L,2024-07-08 00:00:00+01:00,3592.427734375,3539.436279296875,0.004473052123897592,-0.0018673788032623762,2646.52197265625,2314.087646484375
London,REL.L,2024-07-15 00:00:00+01:00,3539.436279296875,3511.440673828125,-0.014750875729820145,-0.006208064083972009,2641.658935546875,2314.087646484375
London,REL.L,2024-07-22 00:00:00+01:00,3511.440673828125,3660.4169921875,-0.007909622679889372,-0.01904989713648375,2621.686767578125,2314.087646484375
London,REL.L,2024-07-29 00:00:00+01:00,3660.4169921875,3466.61962890625,0.042425981868280616,0.004050863784852865,2652.46630859375,2314.087646484375
London,REL.L,2024-08-05 00:00:00+01:00,3466.61962890625,3530.612548828125,-0.052944067218263835,0.010770255841905607,2633.53173828125,2314.087646484375
London,REL.L,2024-08-12 00:00:00+01:00,3530.612548828125,3539.611572265625,0.018459746603946003,-0.01159035405122777,2628.564208984375,2314.087646484375
London,REL.L,2024-08-19 00:00:00+01:00,3539.611572265625,3491.61669921875,0.0025488561299333856,-0.0029949548387169234,2630.9453125,2314.087646484375
London,REL.L,2024-08-27 00:00:00+01:00,3491.61669921875,3552.610107421875,-0.013559361547728965,-0.006806451216533893,2622.799072265625,2314.087646484375
London,REL.L,2024-09-03 00:00:00+01:00,3552.610107421875,3600.604736328125,0.01746852918213282,0.006494433756979445,2636.68310546875,2314.087646484375
London,REL.L,2024-09-10 00:00:00+01:00,3600.604736328125,3647.599609375,0.01350968089799176,0.0029816994577605005,2640.552978515625,2314.087646484375
London,REL.L,2024-09-17 00:00:00+01:00,3647.599609375,3627.601806640625,0.013051938907018279,0.019408487744496883,2662.57080078125,2314.087646484375
London,REL.L,2024-09-24 00:00:00+01:00,3627.601806640625,3545.61083984375,-0.005482455553229348,0.010339735849995035,2664.248046875,2314.087646484375
London,REL.L,2024-10-01 00:00:00+01:00,3545.61083984375,3536.61181640625,-0.022601975400603158,-0.006665458270744162,2638.519287109375,2314.087646484375
London,REL.L,2024-10-08 00:00:00+01:00,3536.61181640625,3671.59716796875,-0.002538074211747565,-0.015658099680804338,2629.25,2314.087646484375
London,REL.L,2024-10-15 00:00:00+01:00,3671.59716796875,3592.605712890625,0.038167986358103034,0.003017282802051602,2658.04931640625,2314.087646484375
London,REL.L,2024-10-22 00:00:00+01:00,3592.605712890625,3659.598388671875,-0.021514194358589145,0.021159232984325982,2661.424072265625,2314.087646484375
London,REL.L,2024-10-29 00:00:00+00:00,3659.598388671875,3653.59912109375,0.01864737773501668,0.009189826008555668,2669.09814453125,2314.087646484375
London,REL.L,2024-11-05 00:00:00+00:00,3653.59912109375,3633.601318359375,-0.0016393240298431255,-0.00475698053264384,2660.6015625,2314.087646484375
London,REL.L,2024-11-12 00:00:00+00:00,3633.601318359375,3567.6083984375,-0.0054734529080980865,0.006239963111656532,2671.175048828125,2314.087646484375
London,REL.L,2024-11-19 00:00:00+00:00,3567.6083984375,3721.591552734375,-0.01816184939950205,-0.011778988242248767,2645.849853515625,2314.087646484375
London,REL.L,2024-11-26 00:00:00+00:00,3721.591552734375,3747.588623046875,0.04316145078151368,0.008470495780117382,2678.134521484375,2314.087646484375
London,REL.L,2024-12-03 00:00:00+00:00,3747.588623046875,3691.594970703125,0.006985471120117603,0.01772365049454039,2686.43798828125,2314.087646484375
London,REL.L,2024-12-10 00:00:00+00:00,3691.594970703125,3706.59326171875,-0.014941248353514847,0.01601208393382847,2688.032958984375,2314.087646484375
London,REL.L,2024-12-17 00:00:00+00:00,3706.59326171875,3616.60302734375,0.004062821391472404,0.002601399455050224,2682.709228515625,2314.087646484375
London,REL.L,2024-12-24 00:00:00+00:00,3616.60302734375,3649.599365234375,-0.024278421726065313,-0.01581133586342176,2660.697509765625,2314.087646484375
London,REL.L,2025-01-03 00:00:00+00:00,3649.599365234375,3810.581787109375,0.009123571937852182,-0.01252392098742483,2660.475341796875,2314.087646484375
London,REL.L,2025-01-10 00:00:00+00:00,3810.581787109375,3950.56640625,0.044109614717850576,0.016846228250390505,2701.0625,2314.087646484375
London,REL.L,2025-01-17 00:00:00+00:00,3950.56640625,3927.569091796875,0.036735760301529696,0.032809587945434204,2732.59130859375,2314.087646484375
London,REL.L,2025-01-24 00:00:00+00:00,3927.569091796875,4024.558349609375,-0.0058212701896979135,0.04501329880897287,2756.652587890625,2314.087646484375
London,REL.L,2025-01-31 00:00:00+00:00,4024.558349609375,4038.556884765625,0.02469447527099433,0.024275401624746618,2770.575927734375,2314.087646484375
London,REL.L,2025-02-07 00:00:00+00:00,4038.556884765625,4072.552978515625,0.0034782785936271488,0.017912456522368947,2779.397216796875,2314.087646484375
London,REL.L,2025-02-14 00:00:00+00:00,4072.552978515625,3905.5712890625,0.008417881614653178,0.021013100845165722,2802.381591796875,2314.087646484375
London,REL.L,2025-02-21 00:00:00+00:00,3905.5712890625,3817.5810546875,-0.04100172307985217,-0.008394601229410603,2763.515380859375,2314.087646484375
London,REL.L,2025-02-28 00:00:00+00:00,3817.5810546875,3686.595458984375,-0.022529414485766952,-0.037528806017416594,2721.668701171875,2314.087646484375
London,REL.L,2025-03-07 00:00:00+00:00,3686.595458984375,3782.5849609375,-0.03431114986865613,-0.043717653547323154,2686.98486328125,2314.087646484375
London,REL.L,2025-03-14 00:00:00+00:00,3782.5849609375,3873.574951171875,0.026037438341436347,-0.030472656988629332,2690.646240234375,2314.087646484375
London,REL.L,2025-03-21 00:00:00+00:00,3873.574951171875,3886.573486328125,0.024054975942119583,0.010595371817732069,2720.177001953125,2314.087646484375
London,REL.L,2025-03-28 00:00:00+00:00,3886.573486328125,3815.581298828125,0.0033556947574533424,0.02234953972986431,2733.508056640625,2314.087646484375
London,REL.L,2025-04-04 00:00:00+01:00,3815.581298828125,3736.58984375,-0.0182660093137903,0.0173092699318782,2736.14306640625,2314.087646484375
London,REL.L,2025-04-11 00:00:00+01:00,3736.58984375,3933.568359375,-0.020702338357299732,-0.043443983343776416,2692.488037109375,2314.087646484375
London,REL.L,2025-04-22 00:00:00+01:00,3933.568359375,4001.560791015625,0.052716119205450385,0.018309276974462163,2743.48583984375,2314.087646484375
London,REL.L,2025-04-29 00:00:00+01:00,4001.560791015625,4081.552001953125,0.017285178603436924,0.032801153411377015,2766.57177734375,2314.087646484375
London,REL.L,2025-05-07 00:00:00+01:00,4081.552001953125,3998.0,0.019990002680228658,0.049041596780480035,2796.675537109375,2314.087646484375
London,RIO.L,2024-05-17 00:00:00+01:00,5782.345703125,5652.4052734375,0.03211419643738811,0.02079774450934435,5403.53076171875,5299.66552734375
London,RIO.L,2024-05-24 00:00:00+01:00,5652.4052734375,5431.5068359375,-0.02247192339559967,0.025370254038629803,5398.3388671875,5299.66552734375
London,RIO.L,2024-06-03 00:00:00+01:00,5431.5068359375,5354.5419921875,-0.03908043157097629,-0.018756704732156515,5270.81982421875,5299.66552734375
London,RIO.L,2024-06-10 00:00:00+01:00,5354.5419921875,5178.62255859375,-0.014170072150284874,-0.034623219249572346,5162.74951171875,5299.66552734375
London,RIO.L,2024-06-17 00:00:00+01:00,5178.62255859375,5225.60107421875,-0.03285424483558519,-0.04111824008981524,5143.40771484375,5299.66552734375
London,RIO.L,2024-06-24 00:00:00+01:00,5225.60107421875,5231.5986328125,0.009071623794447259,-0.01737065556883499,5247.06103515625,5299.66552734375
London,RIO.L,2024-07-01 00:00:00+01:00,5231.5986328125,5203.611328125,0.0011477260718082416,-0.007061990758518544,5260.88623046875,5299.66552734375
London,RIO.L,2024-07-08 00:00:00+01:00,5203.611328125,5189.61767578125,-0.005349665876882126,0.005145420974892678,5276.21630859375,5299.66552734375
London,RIO.L,2024-07-15 00:00:00+01:00,5189.61767578125,4942.2314453125,-0.002689219363505413,-0.001765923601228181,5264.72314453125,5299.66552734375
London,RIO.L,2024-07-22 00:00:00+01:00,4942.2314453125,4987.21044921875,-0.04766945195659489,-0.03440952357481486,5176.7080078125,5299.66552734375
London,RIO.L,2024-07-29 00:00:00+01:00,4987.21044921875,4934.23486328125,0.009100950532964447,-0.029711099960071263,5209.880859375,5299.66552734375
London,RIO.L,2024-08-05 00:00:00+01:00,4934.23486328125,4939.732421875,-0.010622288045975425,-0.013961431606907104,5175.09619140625,5299.66552734375
London,RIO.L,2024-08-12 00:00:00+01:00,4939.732421875,4822.2861328125,0.0011141663796063739,-0.008062040010128002,5174.4267578125,5299.66552734375
London,RIO.L,2024-08-19 00:00:00+01:00,4822.2861328125,4811.791015625,-0.023775840274749216,-0.020201160717875255,5116.81494140625,5299.66552734375
London,RIO.L,2024-08-27 00:00:00+01:00,4811.791015625,4594.39111328125,-0.0021763779457397714,-0.016997114264515334,5148.4423828125,5299.66552734375
London,RIO.L,2024-09-03 00:00:00+01:00,4594.39111328125,4558.9072265625,-0.045180661761452634,-0.019031295852379948,5114.04931640625,5299.66552734375
London,RIO.L,2024-09-10 00:00:00+01:00,4558.9072265625,4787.30224609375,-0.007723305622844068,-0.03400410630242978,5095.64404296875,5299.66552734375
London,RIO.L,2024-09-17 00:00:00+01:00,4787.30224609375,5046.68310546875,0.050098632891782735,0.006334366248720302,5161.74951171875,5299.66552734375
London,RIO.L,2024-09-24 00:00:00+01:00,5046.68310546875,5295.56884765625,0.05418100759914313,0.03128837341183588,5210.50244140625,5299.66552734375
London,RIO.L,2024-10-01 00:00:00+01:00,5295.56884765625,5041.685546875,0.04931669712286846,0.08099757102954896,5278.01513671875,5299.66552734375
London,RIO.L,2024-10-08 00:00:00+01:00,5041.685546875,5038.68701171875,-0.047942592776150095,0.04715850918859932,5204.22314453125,5299.66552734375
London,RIO.L,2024-10-15 00:00:00+01:00,5038.68701171875,4998.70556640625,-0.0005947485475583658,-0.007485877569966881,5206.318359375,5299.66552734375
London,RIO.L,2024-10-22 00:00:00+01:00,4998.70556640625,5128.6455078125,-0.007934893598176118,-0.03045790612439836,5216.7861328125,5299.66552734375
London,RIO.L,2024-10-29 00:00:00+00:00,5128.6455078125,5022.6943359375,0.025994717968489622,-0.013130687332075008,5255.47216796875,5299.66552734375
London,RIO.L,2024-11-05 00:00:00+00:00,5022.6943359375,4742.82275390625,-0.020658704469553202,-0.00017397658072415556,5231.1083984375,5299.66552734375
London,RIO.L,2024-11-12 00:00:00+00:00,4742.82275390625,4891.2548828125,-0.05572140435239348,-0.008446316904467177,5144.291015625,5299.66552734375
London,RIO.L,2024-11-19 00:00:00+00:00,4891.2548828125,4922.240234375,0.031296157711986794,-0.0292265431454517,5160.62109375,5299.66552734375
London,RIO.L,2024-11-26 00:00:00+00:00,4922.240234375,5017.69677734375,0.006334847049451531,0.002213587809835049,5196.82275390625,5299.66552734375
London,RIO.L,2024-12-03 00:00:00+00:00,5017.69677734375,5100.65869140625,0.019392906161328494,0.0067289679073718744,5212.412109375,5299.66552734375
London,RIO.L,2024-12-10 00:00:00+00:00,5100.65869140625,4817.78857421875,0.016533863591976283,0.018426620111843706,5238.3154296875,5299.66552734375
London,RIO.L,2024-12-17 00:00:00+00:00,4817.78857421875,4697.84326171875,-0.05545756622847331,-0.0065957299162329175,5153.359375,5299.66552734375
London,RIO.L,2024-12-24 00:00:00+00:00,4697.84326171875,4695.84423828125,-0.024896342098086,-0.040496294246792686,5106.98388671875,5299.66552734375
London,RIO.L,2025-01-03 00:00:00+00:00,4695.84423828125,4815.78955078125,-0.00042551939818624707,-0.027092908306914354,5126.0341796875,5299.66552734375
London,RIO.L,2025-01-10 00:00:00+00:00,4815.78955078125,5038.68701171875,0.025542864374032526,-0.005538281708770576,5173.53369140625,5299.66552734375
London,RIO.L,2025-01-17 00:00:00+00:00,5038.68701171875,4984.7119140625,0.0462847179236352,0.035039605810343266,5213.546875,5299.66552734375
London,RIO.L,2025-01-24 00:00:00+00:00,4984.7119140625,4888.755859375,-0.01071213542947147,0.03263373458910279,5202.236328125,5299.66552734375
London,RIO.L,2025-01-31 00:00:00+00:00,4888.755859375,5012.69873046875,-0.019250070283258647,-0.005675275388774104,5148.484375,5299.66552734375
London,RIO.L,2025-02-07 00:00:00+00:00,5012.69873046875,5051.68115234375,0.025352640765660128,-0.0010484036705108446,5204.4013671875,5299.66552734375
London,RIO.L,2025-02-14 00:00:00+00:00,5051.68115234375,5079.66796875,0.007776733446606787,0.011829299462573939,5237.76171875,5299.66552734375
London,RIO.L,2025-02-21 00:00:00+00:00,5079.66796875,4791.80029296875,0.005540099535629839,0.020242019847872772,5246.8603515625,5299.66552734375
London,RIO.L,2025-02-28 00:00:00+00:00,4791.80029296875,4802.5,-0.0566705693270122,-0.02043114966386761,5128.4384765625,5299.66552734375
London,RIO.L,2025-03-07 00:00:00+00:00,4802.5,4818.0,0.0022329200670048177,-0.02086552435886868,5115.26708984375,5299.66552734375
London,RIO.L,2025-03-14 00:00:00+00:00,4818.0,4757.0,0.003227485684539344,-0.024602783084568425,5096.90966796875,5299.66552734375
London,RIO.L,2025-03-21 00:00:00+00:00,4757.0,4716.0,-0.012660855126608528,0.005527248292131359,5132.0390625,5299.66552734375
London,RIO.L,2025-03-28 00:00:00+00:00,4716.0,4239.0,-0.008618877443767103,-0.0007391711951524327,5166.1533203125,5299.66552734375
London,RIO.L,2025-04-04 00:00:00+01:00,4239.0,4303.5,-0.10114503816793896,-0.04746935589358425,5050.0361328125,5299.66552734375
London,RIO.L,2025-04-11 00:00:00+01:00,4303.5,4467.0,0.015215852795470663,-0.0840698110235365,5016.96533203125,5299.66552734375
London,RIO.L,2025-04-22 00:00:00+01:00,4467.0,4546.5,0.03799233182293471,-0.022351602757143763,5052.92578125,5299.66552734375
London,RIO.L,2025-04-29 00:00:00+01:00,4546.5,4539.5,0.017797179314976486,0.032698225923244006,5095.134765625,5299.66552734375
London,RIO.L,2025-05-07 00:00:00+01:00,4539.5,4684.0,-0.0015396458814472824,0.015662111068912132,5072.29638671875,5299.66552734375
London,SHEL.L,2024-05-17 00:00:00+01:00,2804.1005859375,2771.605224609375,-0.04794186654221888,-0.004916314648424347,2160.4921875,2051.76123046875
London,SHEL.L,2024-05-24 00:00:00+01:00,2771.605224609375,2782.103759765625,-0.011588514866794908,-0.025308265635129,2147.428466796875,2051.76123046875
London,SHEL.L,2024-06-03 00:00:00+01:00,2782.103759765625,2757.107421875,0.003787889798674282,-0.014655739550846869,2158.794921875,2051.76123046875
London,SHEL.L,2024-06-10 00:00:00+01:00,2757.107421875,2725.61181640625,-0.008984689303151883,-0.02190257304331522,2139.188232421875,2051.76123046875
London,SHEL.L,2024-06-17 00:00:00+01:00,2725.61181640625,2794.10205078125,-0.011423423410659495,-0.010587141856481241,2136.976318359375,2051.76123046875
London,SHEL.L,2024-06-24 00:00:00+01:00,2794.10205078125,2857.093017578125,0.02512838914284754,0.003002728492187634,2150.53173828125,2051.76123046875
London,SHEL.L,2024-07-01 00:00:00+01:00,2857.093017578125,2834.59619140625,0.02254426132333376,0.0211233173959835,2170.450439453125,2051.76123046875
London,SHEL.L,2024-07-08 00:00:00+01:00,2834.59619140625,2807.100341796875,-0.00787402651347524,0.024553868870734075,2172.587890625,2051.76123046875
London,SHEL.L,2024-07-15 00:00:00+01:00,2807.100341796875,2792.602294921875,-0.009700094035522633,0.001144779499437254,2160.53466796875,2051.76123046875
London,SHEL.L,2024-07-22 00:00:00+01:00,2792.602294921875,2771.10546875,-0.0051647768550088236,-0.009146389046811643,2155.393310546875,2051.76123046875
London,SHEL.L,2024-07-29 00:00:00+01:00,2771.10546875,2693.116455078125,-0.007697775730889145,-0.016881345120300484,2157.485107421875,2051.76123046875
London,SHEL.L,2024-08-05 00:00:00+01:00,2693.116455078125,2798.601318359375,-0.028143646841076175,-0.003976376365363188,2136.958740234375,2051.76123046875
London,SHEL.L,2024-08-12 00:00:00+01:00,2798.601318359375,2812.599365234375,0.03916832600474751,-0.00433790727785166,2154.40087890625,2051.76123046875
London,SHEL.L,2024-08-19 00:00:00+01:00,2812.599365234375,2724.612060546875,0.005001801000796391,0.007821581641280329,2155.765869140625,2051.76123046875
London,SHEL.L,2024-08-27 00:00:00+01:00,2724.612060546875,2611.628173828125,-0.03128326976642404,-0.016518453116834753,2137.812255859375,2051.76123046875
London,SHEL.L,2024-09-03 00:00:00+01:00,2611.628173828125,2508.142822265625,-0.041467880273594715,-0.023287627089852436,2118.843017578125,2051.76123046875
London,SHEL.L,2024-09-10 00:00:00+01:00,2508.142822265625,2560.63525390625,-0.03962484116213649,-0.05218476310459219,2084.346923828125,2051.76123046875
London,SHEL.L,2024-09-17 00:00:00+01:00,2560.63525390625,2571.6337890625,0.020928804841028992,-0.030781728146242915,2093.167724609375,2051.76123046875
London,SHEL.L,2024-09-24 00:00:00+01:00,2571.6337890625,2477.647216796875,0.004295236949296788,-0.004509128943202989,2097.378662109375,2051.76123046875
London,SHEL.L,2024-10-01 00:00:00+01:00,2477.647216796875,2575.63330078125,-0.03654741692435459,-0.029003705275011504,2063.393310546875,2051.76123046875
London,SHEL.L,2024-10-08 00:00:00+01:00,2575.63330078125,2502.1435546875,0.03954803707327326,0.01566708377004078,2105.20751953125,2051.76123046875
London,SHEL.L,2024-10-15 00:00:00+01:00,2502.1435546875,2563.635009765625,-0.028532689832616587,0.01137134455958888,2086.998046875,2051.76123046875
London,SHEL.L,2024-10-22 00:00:00+01:00,2563.635009765625,2481.646484375,0.024575510450999927,0.003980142601758274,2092.81689453125,2051.76123046875
London,SHEL.L,2024-10-29 00:00:00+00:00,2481.646484375,2608.128662109375,-0.03198135658091228,-0.011505066914105022,2079.986328125,2051.76123046875
London,SHEL.L,2024-11-05 00:00:00+00:00,2608.128662109375,2517.641357421875,0.0509670408459606,0.006264435832877169,2104.069580078125,2051.76123046875
London,SHEL.L,2024-11-12 00:00:00+00:00,2517.641357421875,2572.1337890625,-0.03469434081304745,0.004985940666529798,2089.59814453125,2051.76123046875
London,SHEL.L,2024-11-19 00:00:00+00:00,2572.1337890625,2554.13623046875,0.021644239152643463,0.0006264128489141818,2095.51904296875,2051.76123046875
London,SHEL.L,2024-11-26 00:00:00+00:00,2554.13623046875,2555.635986328125,-0.006997131591786165,0.003594147087212951,2096.36572265625,2051.76123046875
London,SHEL.L,2024-12-03 00:00:00+00:00,2555.635986328125,2522.140869140625,0.0005871871051685851,-0.009187947736536639,2088.479736328125,2051.76123046875
London,SHEL.L,2024-12-10 00:00:00+00:00,2522.140869140625,2413.15625,-0.013106372490717999,-0.01267413330341427,2082.74951171875,2051.76123046875
London,SHEL.L,2024-12-17 00:00:00+00:00,2413.15625,2428.654052734375,-0.0432111546480588,-0.01996830876183775,2060.509765625,2051.76123046875
London,SHEL.L,2024-12-24 00:00:00+00:00,2428.654052734375,2566.134521484375,0.0064222127076831725,-0.028787201079799374,2057.11572265625,2051.76123046875
London,SHEL.L,2025-01-03 00:00:00+00:00,2566.134521484375,2624.626220703125,0.056607678889141644,0.007473944660224996,2088.1083984375,2051.76123046875
London,SHEL.L,2025-01-10 00:00:00+00:00,2624.626220703125,2720.112548828125,0.022793699523170563,0.04330573040461205,2109.725830078125,2051.76123046875
London,SHEL.L,2025-01-17 00:00:00+00:00,2720.112548828125,2619.626953125,0.03638092440432139,0.05416253373469826,2134.067626953125,2051.76123046875
London,SHEL.L,2025-01-24 00:00:00+00:00,2619.626953125,2678.11865234375,-0.03694170513143513,0.02599003450155779,2118.448486328125,2051.76123046875
London,SHEL.L,2025-01-31 00:00:00+00:00,2678.11865234375,2644.623291015625,0.022328255230758876,-0.010451785682545456,2120.211669921875,2051.76123046875
London,SHEL.L,2025-02-07 00:00:00+00:00,2644.623291015625,2673.619140625,-0.012507049043107732,-0.005615090176716797,2117.1923828125,2051.76123046875
London,SHEL.L,2025-02-14 00:00:00+00:00,2673.619140625,2637.12451171875,0.010964075567163167,0.0068644833391764415,2121.334228515625,2051.76123046875
London,SHEL.L,2025-02-21 00:00:00+00:00,2637.12451171875,2635.624755859375,-0.013649898129364346,0.00831182576127687,2119.938720703125,2051.76123046875
London,SHEL.L,2025-02-28 00:00:00+00:00,2635.624755859375,2554.13623046875,-0.0005687087783342593,-0.00681040518847309,2113.95068359375,2051.76123046875
London,SHEL.L,2025-03-07 00:00:00+00:00,2554.13623046875,2633.125,-0.030918105928950723,-0.026847801298643392,2090.94384765625,2051.76123046875
London,SHEL.L,2025-03-14 00:00:00+00:00,2633.125,2726.611572265625,0.03092582478137973,-0.011844722381221251,2107.083740234375,2051.76123046875
London,SHEL.L,2025-03-21 00:00:00+00:00,2726.611572265625,2796.101806640625,0.03550403883812003,0.03422818814395523,2140.8505859375,2051.76123046875
London,SHEL.L,2025-03-28 00:00:00+00:00,2796.101806640625,2481.146728515625,0.025485930992825034,0.046134229042887664,2158.35400390625,2051.76123046875
London,SHEL.L,2025-04-04 00:00:00+01:00,2481.146728515625,2307.67138671875,-0.11264077630399394,0.004091005712260509,2102.083740234375,2051.76123046875
London,SHEL.L,2025-04-11 00:00:00+01:00,2307.67138671875,2431.65380859375,-0.06991740544931768,-0.11405836601554087,2031.66748046875,2051.76123046875
London,SHEL.L,2025-04-22 00:00:00+01:00,2431.65380859375,2442.652099609375,0.05372620321443988,-0.060442772430024716,2059.354736328125,2051.76123046875
London,SHEL.L,2025-04-29 00:00:00+01:00,2442.652099609375,2428.654052734375,0.004522967445758752,-0.011926288240412863,2064.6298828125,2051.76123046875
London,SHEL.L,2025-05-07 00:00:00+01:00,2428.654052734375,2514.141845703125,-0.005730675636222871,0.015100103245619279,2061.9638671875,2051.76123046875
London,SSE.L,2024-05-17 00:00:00+01:00,1830.86181640625,1739.8934326171875,0.010761634535999098,0.05804818355012653,1655.638916015625,1634.139892578125
London,SSE.L,2024-05-24 00:00:00+01:00,1739.8934326171875,1776.8804931640625,-0.04968610026922837,0.010610188406380505,1636.5025634765625,1634.139892578125
London,SSE.L,2024-06-03 00:00:00+01:00,1776.8804931640625,1788.8763427734375,0.021258233322507758,-0.025822616507465757,1637.990234375,1634.139892578125
London,SSE.L,2024-06-10 00:00:00+01:00,1788.8763427734375,1738.39404296875,0.006751072824269677,-6.987532578972555e-05,1636.8914794921875,1634.139892578125
London,SSE.L,2024-06-17 00:00:00+01:00,1738.39404296875,1825.3636474609375,-0.02822011706321792,-0.0030357262282476594,1636.43212890625,1634.139892578125
London,SSE.L,2024-06-24 00:00:00+01:00,1825.3636474609375,1798.373046875,0.05002870600250375,0.02295765129744698,1652.26171875,1634.139892578125
London,SSE.L,2024-07-01 00:00:00+01:00,1798.373046875,1828.3626708984375,-0.014786423857778286,0.0045992963936702935,1640.3154296875,1634.139892578125
London,SSE.L,2024-07-08 00:00:00+01:00,1828.3626708984375,1820.865234375,0.016675975029513346,0.011927204433340721,1656.573486328125,1634.139892578125
London,SSE.L,2024-07-15 00:00:00+01:00,1820.865234375,1840.8582763671875,-0.004100628744379997,0.013096351614668045,1653.75146484375,1634.139892578125
London,SSE.L,2024-07-22 00:00:00+01:00,1840.8582763671875,1858.25439453125,0.01097996799255152,0.006918060677255866,1654.807373046875,1634.139892578125
London,SSE.L,2024-07-29 00:00:00+01:00,1858.25439453125,1855.2547607421875,0.009450004048324967,0.0008723641063295151,1656.2255859375,1634.139892578125
London,SSE.L,2024-08-05 00:00:00+01:00,1855.2547607421875,1877.7518310546875,-0.0016142212809453493,0.014364879836533895,1661.564208984375,1634.139892578125
London,SSE.L,2024-08-12 00:00:00+01:00,1877.7518310546875,1897.7491455078125,0.012126135336529176,0.005006246631678701,1661.09814453125,1634.139892578125
London,SSE.L,2024-08-19 00:00:00+01:00,1897.7491455078125,1874.752197265625,0.01064960455498154,0.014702833559298023,1667.1951904296875,1634.139892578125
London,SSE.L,2024-08-27 00:00:00+01:00,1874.752197265625,1907.2479248046875,-0.012118012697633906,-0.0033549879437358987,1663.3564453125,1634.139892578125
London,SSE.L,2024-09-03 00:00:00+01:00,1907.2479248046875,1979.7384033203125,0.017333345487717366,0.00432049006252222,1668.121337890625,1634.139892578125
London,SSE.L,2024-09-10 00:00:00+01:00,1979.7384033203125,2012.7340087890625,0.0380078948168463,0.03175541492996792,1688.892333984375,1634.139892578125
London,SSE.L,2024-09-17 00:00:00+01:00,2012.7340087890625,1949.242431640625,0.016666649196384498,0.031644417470640285,1695.0767822265625,1634.139892578125
London,SSE.L,2024-09-24 00:00:00+01:00,1949.242431640625,1911.2474365234375,-0.031544941791208925,0.002269262370881542,1678.1627197265625,1634.139892578125
London,SSE.L,2024-10-01 00:00:00+01:00,1911.2474365234375,1818.2596435546875,-0.019492185528307115,-0.01880625677529102,1667.7840576171875,1634.139892578125
London,SSE.L,2024-10-08 00:00:00+01:00,1818.2596435546875,1898.2491455078125,-0.04865293273480853,-0.04146630918913796,1648.8155517578125,1634.139892578125
London,SSE.L,2024-10-15 00:00:00+01:00,1898.2491455078125,1879.2515869140625,0.04399234302794408,-0.021867944115423588,1666.0294189453125,1634.139892578125
London,SSE.L,2024-10-22 00:00:00+01:00,1879.2515869140625,1808.260986328125,-0.01000793738730632,0.013940157873487236,1666.0301513671875,1634.139892578125
London,SSE.L,2024-10-29 00:00:00+00:00,1808.260986328125,1750.2686767578125,-0.037775996082840546,-0.010502873368727128,1646.7591552734375,1634.139892578125
London,SSE.L,2024-11-05 00:00:00+00:00,1750.2686767578125,1700.7752685546875,-0.032070763019707904,-0.0386991897678457,1635.99462890625,1634.139892578125
London,SSE.L,2024-11-12 00:00:00+00:00,1700.7752685546875,1712.773681640625,-0.02827760609577168,-0.05204449863003069,1620.6260986328125,1634.139892578125
London,SSE.L,2024-11-19 00:00:00+00:00,1712.773681640625,1734.770751953125,0.007054672835249853,-0.029588819641201858,1622.4261474609375,1634.139892578125
London,SSE.L,2024-11-26 00:00:00+00:00,1734.770751953125,1747.76904296875,0.012842952077258385,-0.003249331300568037,1633.084228515625,1634.139892578125
London,SSE.L,2024-12-03 00:00:00+00:00,1747.76904296875,1675.778564453125,0.007492800418147816,0.021395937098957152,1633.4755859375,1634.139892578125
London,SSE.L,2024-12-10 00:00:00+00:00,1675.778564453125,1616.786376953125,-0.04118992655536591,-0.012861351756162098,1614.5843505859375,1634.139892578125
London,SSE.L,2024-12-17 00:00:00+00:00,1616.786376953125,1605.287841796875,-0.03520285361762676,-0.035846800712225235,1603.8858642578125,1634.139892578125
London,SSE.L,2024-12-24 00:00:00+00:00,1605.287841796875,1627.0,-0.007111969348677527,-0.04525992261502687,1593.98681640625,1634.139892578125
London,SSE.L,2025-01-03 00:00:00+00:00,1627.0,1541.0,0.013525398771363939,-0.017071037512529696,1600.4019775390625,1634.139892578125
London,SSE.L,2025-01-10 00:00:00+00:00,1541.0,1595.5,-0.05285802089735714,-0.019052139562106718,1590.644287109375,1634.139892578125
London,SSE.L,2025-01-17 00:00:00+00:00,1595.5,1560.5,0.03536664503569109,-0.014081917421645773,1592.0906982421875,1634.139892578125
London,SSE.L,2025-01-24 00:00:00+00:00,1560.5,1631.5,-0.02193669696020062,-0.00334912708385271,1587.5440673828125,1634.139892578125
London,SSE.L,2025-01-31 00:00:00+00:00,1631.5,1560.0,0.04549823774431272,0.007235158446810663,1603.5797119140625,1634.139892578125
London,SSE.L,2025-02-07 00:00:00+00:00,1560.0,1507.5,-0.043824701195219085,0.00729627937028221,1588.8013916015625,1634.139892578125
London,SSE.L,2025-02-14 00:00:00+00:00,1507.5,1494.5,-0.033653846153846145,-0.03660126562152188,1572.5723876953125,1634.139892578125
London,SSE.L,2025-02-21 00:00:00+00:00,1494.5,1528.0,-0.008623548922056412,-0.04204233317175632,1567.9256591796875,1634.139892578125
London,SSE.L,2025-02-28 00:00:00+00:00,1528.0,1470.5,0.0224155235864838,-0.008380254026450262,1576.774658203125,1634.139892578125
London,SSE.L,2025-03-07 00:00:00+00:00,1470.5,1524.0,-0.03763089005235598,-0.010292081602695569,1561.6844482421875,1634.139892578125
London,SSE.L,2025-03-14 00:00:00+00:00,1524.0,1556.5,0.03638218293097584,0.003478028225536889,1573.89404296875,1634.139892578125
London,SSE.L,2025-03-21 00:00:00+00:00,1556.5,1606.0,0.021325459317585338,0.01908548707753477,1587.3896484375,1634.139892578125
London,SSE.L,2025-03-28 00:00:00+00:00,1606.0,1601.0,0.03180212014134276,0.022603427555438538,1593.8055419921875,1634.139892578125
London,SSE.L,2025-04-04 00:00:00+01:00,1601.0,1553.5,-0.0031133250311332628,0.03399822337075031,1603.4407958984375,1634.139892578125
London,SSE.L,2025-04-11 00:00:00+01:00,1553.5,1635.0,-0.029668956901936272,-0.018110464181168906,1584.7745361328125,1634.139892578125
London,SSE.L,2025-04-22 00:00:00+01:00,1635.0,1644.0,0.05246218216929521,0.027079395835649445,1602.149169921875,1634.139892578125
London,SSE.L,2025-04-29 00:00:00+01:00,1644.0,1709.5,0.005504587155963359,0.01750875747575087,1607.093017578125,1634.139892578125
London,SSE.L,2025-05-07 00:00:00+01:00,1709.5,1691.0,0.039841849148418484,0.05353679981916959,1622.791259765625,1634.139892578125
London,ULVR.L,2024-05-17 00:00:00+01:00,4314.591796875,4294.59814453125,0.006615928900294943,0.03759772198384015,4079.843994140625,4032.76611328125
London,ULVR.L,2024-05-24 00:00:00+01:00,4294.59814453125,4305.59423828125,-0.004633961515949414,0.011349474988024078,4076.8388671875,4032.76611328125
London,ULVR.L,2024-06-03 00:00:00+01:00,4305.59423828125,4367.57421875,0.0025604476553882094,-0.0017564182064697675,4079.157958984375,4032.76611328125
London,ULVR.L,2024-06-10 00:00:00+01:00,4367.57421875,4432.55224609375,0.014395220970355949,0.01664272953182544,4096.7060546875,4032.76611328125
London,ULVR.L,2024-06-17 00:00:00+01:00,4432.55224609375,4435.55224609375,0.01487737221838148,0.017008566864169294,4107.56689453125,4032.76611328125
London,ULVR.L,2024-06-24 00:00:00+01:00,4435.55224609375,4343.58203125,0.0006768109733266137,0.014293862463635065,4096.7421875,4032.76611328125
London,ULVR.L,2024-07-01 00:00:00+01:00,4343.58203125,4346.58056640625,-0.020734783346255337,-0.0043162253811884765,4082.52783203125,4032.76611328125
London,ULVR.L,2024-07-08 00:00:00+01:00,4346.58056640625,4404.56201171875,0.0006903369464825726,-0.01447094358290002,4088.130615234375,4032.76611328125
London,ULVR.L,2024-07-15 00:00:00+01:00,4404.56201171875,4484.53564453125,0.013339553800204573,0.004091751777792307,4105.8330078125,4032.76611328125
London,ULVR.L,2024-07-22 00:00:00+01:00,4484.53564453125,4733.45458984375,0.01815700008303267,0.017468863935624634,4116.0771484375,4032.76611328125
London,ULVR.L,2024-07-29 00:00:00+01:00,4733.45458984375,4751.44873046875,0.05550606908789968,0.0331902892936049,4146.74755859375,4032.76611328125
London,ULVR.L,2024-08-05 00:00:00+01:00,4751.44873046875,4712.8212890625,0.0038014816205502733,0.047047206587979895,4086.551025390625,4032.76611328125
London,ULVR.L,2024-08-12 00:00:00+01:00,4712.8212890625,4733.81591796875,-0.008129613428963456,0.025166785812348325,4040.000732421875,4032.76611328125
London,ULVR.L,2024-08-19 00:00:00+01:00,4733.81591796875,4839.7890625,0.004454789948215243,0.004026848664050897,4207.138671875,4032.76611328125
London,ULVR.L,2024-08-27 00:00:00+01:00,4839.7890625,4956.76025390625,0.02238641011134246,0.002491314930123112,4236.435546875,4032.76611328125
London,ULVR.L,2024-09-03 00:00:00+01:00,4956.76025390625,4998.74951171875,0.024168654851628668,0.023033122329248368,4316.5048828125,4032.76611328125
London,ULVR.L,2024-09-10 00:00:00+01:00,4998.74951171875,4935.765625,0.008471109285426826,0.02812781230264738,4381.7802734375,4032.76611328125
London,ULVR.L,2024-09-17 00:00:00+01:00,4935.765625,4855.78564453125,-0.012599928556350837,0.007519691340124757,4379.89208984375,4032.76611328125
London,ULVR.L,2024-09-24 00:00:00+01:00,4855.78564453125,4862.783203125,-0.016204169027728144,-0.013241065495326998,4334.40869140625,4032.76611328125
London,ULVR.L,2024-10-01 00:00:00+01:00,4862.783203125,4779.8046875,0.00144107650254921,-0.009180273768069847,4317.98779296875,4032.76611328125
London,ULVR.L,2024-10-08 00:00:00+01:00,4779.8046875,4865.783203125,-0.017063996513699164,-0.015003534337867719,4280.7060546875,4032.76611328125
London,ULVR.L,2024-10-15 00:00:00+01:00,4865.783203125,4757.81005859375,0.017987872150895257,-0.004093286279390984,4282.83544921875,4032.76611328125
London,ULVR.L,2024-10-22 00:00:00+01:00,4757.81005859375,4778.8046875,-0.022190290858397743,-0.001730211724607078,4268.40478515625,4032.76611328125
London,ULVR.L,2024-10-29 00:00:00+00:00,4778.8046875,4724.81787109375,0.00441266646791183,-0.008046037094499137,4254.21728515625,4032.76611328125
London,ULVR.L,2024-11-05 00:00:00+00:00,4724.81787109375,4512.23046875,-0.011297138078788627,-0.009492368301273868,4216.85107421875,4032.76611328125
London,ULVR.L,2024-11-12 00:00:00+00:00,4512.23046875,4556.22314453125,-0.044993777145221014,-0.03575420177810806,4124.5673828125,4032.76611328125
London,ULVR.L,2024-11-19 00:00:00+00:00,4556.22314453125,4691.19970703125,0.009749651771097767,-0.022817720235602135,4139.20947265625,4032.76611328125
London,ULVR.L,2024-11-26 00:00:00+00:00,4691.19970703125,4693.19970703125,0.029624660210510134,0.003633733998085864,4180.26611328125,4032.76611328125
London,ULVR.L,2024-12-03 00:00:00+00:00,4693.19970703125,4600.21533203125,0.00042633017669291284,0.024131828938262823,4182.2470703125,4032.76611328125
London,ULVR.L,2024-12-10 00:00:00+00:00,4600.21533203125,4651.20654296875,-0.0198125758127643,0.0006370627826288722,4147.5966796875,4032.76611328125
London,ULVR.L,2024-12-17 00:00:00+00:00,4651.20654296875,4562.22216796875,0.011084526974737274,-0.0015991916545681217,4157.88525390625,4032.76611328125
London,ULVR.L,2024-12-24 00:00:00+00:00,4562.22216796875,4560.22216796875,-0.019131460660356647,-0.015351475331684461,4140.2294921875,4032.76611328125
London,ULVR.L,2025-01-03 00:00:00+00:00,4560.22216796875,4533.22705078125,-0.0004383828595726502,-0.009305009035388112,4150.2666015625,4032.76611328125
London,ULVR.L,2025-01-10 00:00:00+00:00,4533.22705078125,4586.2177734375,-0.005919693425709638,-0.012773010171739818,4142.52880859375,4032.76611328125
London,ULVR.L,2025-01-17 00:00:00+00:00,4586.2177734375,4543.22509765625,0.01168940405204677,-0.005878346225312248,4132.03369140625,4032.76611328125
London,ULVR.L,2025-01-24 00:00:00+00:00,4543.22509765625,4631.21044921875,-0.009374320606896469,0.0087897718100729,4114.375,4032.76611328125
London,ULVR.L,2025-01-31 00:00:00+00:00,4631.21044921875,4697.19873046875,0.019366276086097978,0.01667144275411192,4115.76025390625,4032.76611328125
London,ULVR.L,2025-02-07 00:00:00+00:00,4697.19873046875,4398.25,0.014248603464161569,0.01093070105122318,4119.5380859375,4032.76611328125
London,ULVR.L,2025-02-14 00:00:00+00:00,4398.25,4396.25048828125,-0.0636440456584465,-0.0018824885597584773,4082.48486328125,4032.76611328125
London,ULVR.L,2025-02-21 00:00:00+00:00,4396.25048828125,4486.61767578125,-0.0004546152944352455,-0.04169450471223435,4078.970947265625,4032.76611328125
London,ULVR.L,2025-02-28 00:00:00+00:00,4486.61767578125,4606.607421875,0.020555513781775003,-0.015427931813105755,4107.171875,4032.76611328125
London,ULVR.L,2025-03-07 00:00:00+00:00,4606.607421875,4539.61279296875,0.026743920423943024,0.014356312684666417,4122.666015625,4032.76611328125
London,ULVR.L,2025-03-14 00:00:00+00:00,4539.61279296875,4555.61181640625,-0.014543160024472312,0.02032379678331453,4074.211181640625,4032.76611328125
London,ULVR.L,2025-03-21 00:00:00+00:00,4555.61181640625,4586.60888671875,0.003524314554377961,0.0029194083442110053,4065.29638671875,4032.76611328125
London,ULVR.L,2025-03-28 00:00:00+00:00,4586.60888671875,4693.60009765625,0.0068041509157714675,-0.008788975880567484,4074.714599609375,4032.76611328125
London,ULVR.L,2025-04-04 00:00:00+01:00,4693.60009765625,4670.60205078125,0.02332686600928846,0.019181684881758088,4089.758056640625,4032.76611328125
London,ULVR.L,2025-04-11 00:00:00+01:00,4670.60205078125,4880.583984375,-0.004899873529166654,-0.0032564641306599418,4058.830078125,4032.76611328125
London,ULVR.L,2025-04-22 00:00:00+01:00,4880.583984375,4686.6005859375,0.04495821551712509,0.0292369878368699,4117.5048828125,4032.76611328125
London,ULVR.L,2025-04-29 00:00:00+01:00,4686.6005859375,4797.5908203125,-0.039745940047037465,0.011361693388240335,4177.4306640625,4032.76611328125
London,ULVR.L,2025-05-07 00:00:00+01:00,4797.5908203125,4560.611328125,0.023682460738820854,0.012653375534113609,4217.3359375,4032.76611328125
London,VOD.L,2024-05-17 00:00:00+01:00,77.18000030517578,73.5,0.11210372634351828,0.06717257218379791,95.32070922851562,67.82258605957031
London,VOD.L,2024-05-24 00:00:00+01:00,73.5,76.5,-0.04768075007287864,0.04795934969518134,94.36908721923828,67.82258605957031
London,VOD.L,2024-06-03 00:00:00+01:00,76.5,70.87999725341797,0.04081632653061229,0.02297910031674122,94.88743591308594,67.82259368896484
London,VOD.L,2024-06-10 00:00:00+01:00,70.87999725341797,69.77999877929688,-0.07346408819061478,-0.01344164587734431,93.70765686035156,70.15968322753906
London,VOD.L,2024-06-17 00:00:00+01:00,69.77999877929688,72.30000305175781,-0.015519166432643283,-0.05372527954481843,93.36141204833984,67.82258605957031
London,VOD.L,2024-06-24 00:00:00+01:00,72.30000305175781,70.23999786376953,0.03611356142941924,-0.009682703619618094,94.02143859863281,70.15967559814453
London,VOD.L,2024-07-01 00:00:00+01:00,70.23999786376953,70.41999816894531,-0.028492463361496356,-0.016656106745938204,93.53328704833984,67.82256317138672
London,VOD.L,2024-07-08 00:00:00+01:00,70.41999816894531,69.69999694824219,0.002562646791716805,-0.005913104150089166,93.63330841064453,67.82257080078125
London,VOD.L,2024-07-15 00:00:00+01:00,69.69999694824219,70.41999816894531,-0.010224385677712777,0.0053257658241110395,93.60652160644531,67.82258605957031
London,VOD.L,2024-07-22 00:00:00+01:00,70.41999816894531,73.22000122070312,0.01033000361876324,0.001380428884742102,93.68995666503906,67.82258605957031
London,VOD.L,2024-07-29 00:00:00+01:00,73.22000122070312,69.4000015258789,0.03976147578192624,0.0164365540048661,94.3697280883789,70.15967559814453
London,VOD.L,2024-08-05 00:00:00+01:00,69.4000015258789,74.44000244140625,-0.052171532793475306,0.008262860195709765,93.55447387695312,67.82256317138672
London,VOD.L,2024-08-12 00:00:00+01:00,74.44000244140625,75.5,0.07262248998147292,0.01794890079856315,94.54058837890625,70.15967559814453
London,VOD.L,2024-08-19 00:00:00+01:00,75.5,74.73999786376953,0.014239622834887777,0.02368470301024317,94.72433471679688,70.15966033935547
London,VOD.L,2024-08-27 00:00:00+01:00,74.73999786376953,75.66000366210938,-0.010066253460006225,0.007930636363611798,94.53887176513672,67.82256317138672
London,VOD.L,2024-09-03 00:00:00+01:00,75.66000366210938,75.4800033569336,0.012309416973984355,0.01041161092030296,94.82866668701172,70.15967559814453
London,VOD.L,2024-09-10 00:00:00+01:00,75.4800033569336,77.62000274658203,-0.002379068153097741,0.021986530325524223,94.98133087158203,70.15966033935547
London,VOD.L,2024-09-17 00:00:00+01:00,77.62000274658203,75.80000305175781,0.028351871945854423,0.021836142942880832,95.51258850097656,73.42903900146484
London,VOD.L,2024-09-24 00:00:00+01:00,75.80000305175781,75.12000274658203,-0.023447560299195702,-0.00030130365982550256,94.8775634765625,73.42903900146484
London,VOD.L,2024-10-01 00:00:00+01:00,75.12000274658203,73.83999633789062,-0.008970979918186295,-0.01370794672654485,94.77745056152344,73.42903900146484
London,VOD.L,2024-10-08 00:00:00+01:00,73.83999633789062,74.30000305175781,-0.017039488310583772,-0.024101815328029907,94.47894287109375,73.42903137207031
London,VOD.L,2024-10-15 00:00:00+01:00,74.30000305175781,73.72000122070312,0.0062297770406460895,-0.009482635498651804,94.56771850585938,73.42903900146484
London,VOD.L,2024-10-22 00:00:00+01:00,73.72000122070312,71.80000305175781,-0.0078062154405385,0.003377090855532172,94.49603271484375,73.42903137207031
London,VOD.L,2024-10-29 00:00:00+00:00,71.80000305175781,72.45999908447266,-0.026044467405761718,-0.011528997289311338,94.16959381103516,73.42903137207031
London,VOD.L,2024-11-05 00:00:00+00:00,72.45999908447266,67.0199966430664,0.009192144911736033,-0.018816714864218653,94.13993072509766,73.42903137207031
London,VOD.L,2024-11-12 00:00:00+00:00,67.0199966430664,70.69999694824219,-0.07507593858874306,-0.022328284628485906,93.26933288574219,70.15966033935547
London,VOD.L,2024-11-19 00:00:00+00:00,70.69999694824219,71.04000091552734,0.05490898969712932,-0.024978383630429257,93.7031021118164,70.15966033935547
London,VOD.L,2024-11-26 00:00:00+00:00,71.04000091552734,70.33999633789062,0.004809108655748018,-0.007171730913434926,93.7091293334961,70.15966033935547
London,VOD.L,2024-12-03 00:00:00+00:00,70.33999633789062,69.80000305175781,-0.009853667914068387,0.005264340590237726,93.5947265625,70.15966796875
London,VOD.L,2024-12-10 00:00:00+00:00,69.80000305175781,67.5999984741211,-0.0076769023919032175,0.0038980324264137334,93.58778381347656,70.15967559814453
London,VOD.L,2024-12-17 00:00:00+00:00,67.5999984741211,67.76000213623047,-0.03151868884597875,-0.022965116280648568,92.99038696289062,70.15967559814453
London,VOD.L,2024-12-24 00:00:00+00:00,67.76000213623047,68.62000274658203,0.0023669181319674326,-0.03409106961899777,92.8707046508789,67.82258605957031
London,VOD.L,2025-01-03 00:00:00+00:00,68.62000274658203,66.18000030517578,0.012691862208365157,-0.008159462437613119,93.285400390625,67.82259368896484
London,VOD.L,2025-01-10 00:00:00+00:00,66.18000030517578,69.58000183105469,-0.03555818046841719,-0.01003323721630256,92.63602447509766,67.82258605957031
London,VOD.L,2025-01-17 00:00:00+00:00,69.58000183105469,67.0,0.05137506059535335,0.012831143060027417,93.37289428710938,67.82258605957031
London,VOD.L,2025-01-24 00:00:00+00:00,67.0,68.68000030517578,-0.03707964592066437,0.00756984116392001,92.95189666748047,67.82258605957031
London,VOD.L,2025-01-31 00:00:00+00:00,68.68000030517578,68.94000244140625,0.02507463142053412,0.00537113087606933,93.25186920166016,66.52839660644531
London,VOD.L,2025-02-07 00:00:00+00:00,68.94000244140625,66.5199966430664,0.003785703772206883,-0.009486459812844461,93.0114517211914,66.52837371826172
London,VOD.L,2025-02-14 00:00:00+00:00,66.5199966430664,66.19999694824219,-0.03510307096952403,-0.001304795474728504,92.75840759277344,66.52840423583984
London,VOD.L,2025-02-21 00:00:00+00:00,66.19999694824219,70.18000030517578,-0.004810578938259313,-0.02608543448231837,92.51483917236328,66.52840423583984
London,VOD.L,2025-02-28 00:00:00+00:00,70.18000030517578,72.5,0.06012089940193377,0.022824294679002044,93.36951446533203,66.52840423583984
London,VOD.L,2025-03-07 00:00:00+00:00,72.5,73.63999938964844,0.03305784674744605,0.02990510031884641,93.7919692993164,67.82258605957031
London,VOD.L,2025-03-14 00:00:00+00:00,73.63999938964844,75.33999633789062,0.015724129512392215,0.042388992263873826,94.25804138183594,67.82258605957031
London,VOD.L,2025-03-21 00:00:00+00:00,75.33999633789062,73.23999786376953,0.023085238489031656,0.044912980131519786,94.66439056396484,67.82258605957031
London,VOD.L,2025-03-28 00:00:00+00:00,73.23999786376953,66.77999877929688,-0.027873620602566263,-0.0018468039058319174,94.1902084350586,67.82258605957031
London,VOD.L,2025-04-04 00:00:00+01:00,66.77999877929688,66.18000030517578,-0.08820315774023657,-0.026102757954305056,93.16136932373047,67.82259368896484
London,VOD.L,2025-04-11 00:00:00+01:00,66.18000030517578,72.19999694824219,-0.008984703280753958,-0.07922928910411753,92.4773178100586,66.52839660644531
London,VOD.L,2025-04-22 00:00:00+01:00,72.19999694824219,71.9000015258789,0.09096398632980351,0.007180617577530191,93.87334442138672,66.52825164794922
London,VOD.L,2025-04-29 00:00:00+01:00,71.9000015258789,71.58000183105469,-0.004155061427195572,0.02278011876571462,93.95048522949219,67.82258605957031
London,VOD.L,2025-05-07 00:00:00+01:00,71.58000183105469,68.33999633789062,-0.00445062153036313,0.04499134365157853,94.009521484375,67.82258605957031
Pakistan,BAHL.KA,2024-05-08T19:00:00.000000000,85.48468017578125,91.11994934082033,0.021095837479814472,0.06746500747454154,55.465755462646484,37.437599182128906
Pakistan,BAHL.KA,2024-05-15T19:00:00.000000000,91.11994934082033,91.49504089355467,0.06592139262206209,0.05491419692627164,56.815547943115234,37.437599182128906
Pakistan,BAHL.KA,2024-05-22T19:00:00.000000000,91.49504089355467,88.9140625,0.0041164591886611035,0.04852222762493885,57.25433349609375,37.437599182128906
Pakistan,BAHL.KA,2024-05-29T19:00:00.000000000,88.9140625,87.41370391845703,-0.02820894300224841,0.017389852535985018,56.783878326416016,37.437599182128906
Pakistan,BAHL.KA,2024-06-05T19:00:00.000000000,87.41370391845703,91.37894439697266,-0.016874255200553523,-0.012539484820896174,56.55668258666992,37.437599182128906
Pakistan,BAHL.KA,2024-06-12T19:00:00.000000000,91.37894439697266,97.18389892578124,0.045361771676150076,-0.0187399695268462,56.68775939941406,37.437599182128906
Pakistan,BAHL.KA,2024-06-24T19:00:00.000000000,97.18389892578124,101.74748992919922,0.0635261718891218,0.0809244100649047,58.92693328857422,37.437599182128906
Pakistan,BAHL.KA,2024-07-01T19:00:00.000000000,101.74748992919922,103.67652130126952,0.04695830331836315,0.07165652519796373,59.52263259887695,37.437599182128906
Pakistan,BAHL.KA,2024-07-08T19:00:00.000000000,103.67652130126952,104.57852172851562,0.018959006982998794,0.055681033153663906,59.65899658203125,37.437599182128906
Pakistan,BAHL.KA,2024-07-15T19:00:00.000000000,104.57852172851562,99.72022247314452,0.008700141709278908,0.016908308460833243,59.32102966308594,37.437599182128906
Pakistan,BAHL.KA,2024-07-22T19:00:00.000000000,99.72022247314452,99.12185668945312,-0.04645599474032713,-0.00312250639582079,58.372257232666016,37.437599182128906
Pakistan,BAHL.KA,2024-07-29T19:00:00.000000000,99.12185668945312,93.07577514648438,-0.006000445735593218,-0.03143047487429129,57.889503479003906,37.437599182128906
Pakistan,BAHL.KA,2024-08-05T19:00:00.000000000,93.07577514648438,89.00337982177734,-0.06099645168987311,-0.041361196796152355,57.02942657470703,37.43760299682617
Pakistan,BAHL.KA,2024-08-12T19:00:00.000000000,89.00337982177734,91.42623901367188,-0.04375354723930924,-0.07152881609560724,56.25788116455078,37.43760299682617
Pakistan,BAHL.KA,2024-08-20T19:00:00.000000000,91.42623901367188,89.42022705078125,0.02722210321390195,-0.03431100047003521,56.62124252319336,37.43760299682617
Pakistan,BAHL.KA,2024-08-27T19:00:00.000000000,89.42022705078125,89.28156280517578,-0.02194131558436574,-0.01051922451688525,56.91892623901367,37.43760299682617
Pakistan,BAHL.KA,2024-09-03T19:00:00.000000000,89.28156280517578,86.9150161743164,-0.0015507033495533173,-0.011018366802584723,56.620887756347656,37.43760299682617
Pakistan,BAHL.KA,2024-09-10T19:00:00.000000000,86.9150161743164,87.17385864257812,-0.02650655472982133,-0.013728929346514707,56.495323181152344,37.43760299682617
Pakistan,BAHL.KA,2024-09-17T19:00:00.000000000,87.17385864257812,91.86072540283205,0.0029781098785344184,-0.011355194519426348,56.32686233520508,37.43760299682617
Pakistan,BAHL.KA,2024-09-24T19:00:00.000000000,91.86072540283205,91.90694427490234,0.05376458990384436,0.01383440271720282,56.940277099609375,37.437599182128906
Pakistan,BAHL.KA,2024-10-01T19:00:00.000000000,91.90694427490234,99.70914459228516,0.0005031407260025489,0.030880812237404687,57.21820831298828,37.437599182128906
Pakistan,BAHL.KA,2024-10-08T19:00:00.000000000,99.70914459228516,99.29315185546876,0.08489239174404162,0.04569006135200393,58.718013763427734,37.437599182128906
Pakistan,BAHL.KA,2024-10-15T19:00:00.000000000,99.29315185546876,99.96797943115234,-0.004172062036209456,0.05686386471130778,59.22751998901367,37.437599182128906
Pakistan,BAHL.KA,2024-10-22T19:00:00.000000000,99.96797943115234,104.33604431152344,0.006796315386038421,0.023530184613989702,58.93075942993164,37.437599182128906
Pakistan,BAHL.KA,2024-10-29T19:00:00.000000000,104.33604431152344,101.13040161132812,0.0436946400760192,0.03480449192982982,59.57957458496094,37.437599182128906
Pakistan,BAHL.KA,2024-11-05T19:00:00.000000000,101.13040161132812,98.56397247314452,-0.03072421157374916,0.015666065022844844,58.83402633666992,37.437599182128906
Pakistan,BAHL.KA,2024-11-12T19:00:00.000000000,98.56397247314452,101.12085723876952,-0.025377424565632634,-0.008402156677875139,58.118011474609375,37.437599182128906
Pakistan,BAHL.KA,2024-11-19T19:00:00.000000000,101.12085723876952,128.38790893554688,0.02594137291211207,-0.009482783547159035,58.46642303466797,37.43760299682617
Pakistan,BAHL.KA,2024-11-26T19:00:00.000000000,128.38790893554688,128.70274353027344,0.2696481462018623,0.10492572606059536,63.203922271728516,37.43760299682617
Pakistan,BAHL.KA,2024-12-03T19:00:00.000000000,128.70274353027344,124.03738403320312,0.0024522137429983104,0.161127587896418,64.88903045654297,37.43760299682617
Pakistan,BAHL.KA,2024-12-10T19:00:00.000000000,124.03738403320312,117.51161193847656,-0.03624910681078786,0.07260053382546094,63.866241455078125,37.43760299682617
Pakistan,BAHL.KA,2024-12-17T19:00:00.000000000,117.51161193847656,119.23847198486328,-0.05261133282994501,-0.026183716716926764,62.901023864746094,37.43760299682617
Pakistan,BAHL.KA,2024-12-25T19:00:00.000000000,119.23847198486328,129.27517700195312,0.014695228989717313,-0.04104736075520521,62.92580795288086,37.43760299682617
Pakistan,BAHL.KA,2025-01-01T19:00:00.000000000,129.27517700195312,122.6826171875,0.08417337835697825,0.02477344893837663,64.93289184570312,37.43760299682617
Pakistan,BAHL.KA,2025-01-08T19:00:00.000000000,122.6826171875,126.95681762695312,-0.05099633175790219,0.03177584120808996,64.16069030761719,37.43760299682617
Pakistan,BAHL.KA,2025-01-15T19:00:00.000000000,126.95681762695312,127.78684997558594,0.03483949509261541,0.023500833366912666,65.04385375976562,37.43760299682617
Pakistan,BAHL.KA,2025-01-22T19:00:00.000000000,127.78684997558594,133.3776397705078,0.0065379107963445815,0.012844365277831171,65.10651397705078,37.43760299682617
Pakistan,BAHL.KA,2025-01-29T19:00:00.000000000,133.3776397705078,133.90237426757812,0.04375090078509647,0.00419876382436235,65.82279205322266,37.43760299682617
Pakistan,BAHL.KA,2025-02-06T19:00:00.000000000,133.90237426757812,134.6300048828125,0.003934201399673709,0.03724279958410737,66.5618896484375,37.43760299682617
Pakistan,BAHL.KA,2025-02-13T19:00:00.000000000,134.6300048828125,137.99000549316406,0.005434038188003587,0.02413767623936036,66.91144561767578,37.43760299682617
Pakistan,BAHL.KA,2025-02-20T19:00:00.000000000,137.99000549316406,144.9600067138672,0.024957293979720463,0.03525179363684017,68.00214385986328,37.43760299682617
Pakistan,BAHL.KA,2025-02-27T19:00:00.000000000,144.9600067138672,142.0500030517578,0.05051091342298997,0.03633173400699885,69.06614685058594,37.43760299682617
Pakistan,BAHL.KA,2025-03-06T19:00:00.000000000,142.0500030517578,142.80999755859375,-0.0200745276443961,0.01744714902889144,68.9641342163086,37.43760299682617
Pakistan,BAHL.KA,2025-03-13T19:00:00.000000000,142.80999755859375,142.6300048828125,0.0053501900070993536,0.007261589385673339,69.1110610961914,37.43760299682617
Pakistan,BAHL.KA,2025-03-20T19:00:00.000000000,142.6300048828125,142.25999450683594,-0.0012603646723500228,0.0035072808488378904,69.14444732666016,37.43760299682617
Pakistan,BAHL.KA,2025-03-27T19:00:00.000000000,142.25999450683594,145.44000244140625,-0.0025941973169009147,-0.0008308897400568505,68.94660949707031,37.43760299682617
Pakistan,BAHL.KA,2025-04-07T19:00:00.000000000,145.44000244140625,143.0,0.022353494006479124,0.0029035512921202766,69.43302154541016,37.43760299682617
Pakistan,BAHL.KA,2025-04-14T19:00:00.000000000,143.0,143.02000427246094,-0.016776694172493944,-0.004439581497420408,68.88813018798828,37.43760299682617
Pakistan,BAHL.KA,2025-04-21T19:00:00.000000000,143.02000427246094,140.7100067138672,0.00013989001720937644,-0.005431275226527643,69.02970123291016,37.43760299682617
Pakistan,BAHL.KA,2025-04-28T19:00:00.000000000,140.7100067138672,130.3800048828125,-0.016151569637720575,-0.011898586815699774,68.21942138671875,37.43760299682617
Pakistan,BAHL.KA,2025-05-06T19:00:00.000000000,130.3800048828125,138.0500030517578,-0.0734134129640166,-0.02644166156341099,66.83186340332031,37.43760299682617
Pakistan,DGKC.KA,2024-05-08T19:00:00.000000000,85.23999786376953,88.37000274658203,0.100723078208385,0.0924673076903284,75.9699935913086,72.65929412841797
Pakistan,DGKC.KA,2024-05-15T19:00:00.000000000,88.37000274658203,86.31999969482422,0.036719908039121174,0.11486650030748713,76.01779174804688,72.65929412841797
Pakistan,DGKC.KA,2024-05-22T19:00:00.000000000,86.31999969482422,86.83000183105469,-0.023197951658285976,0.03534701687694097,75.74759674072266,72.65929412841797
Pakistan,DGKC.KA,2024-05-29T19:00:00.000000000,86.83000183105469,84.91999816894531,0.005908273146820298,-0.006565043142565896,76.34430694580078,72.6593017578125
Pakistan,DGKC.KA,2024-06-05T19:00:00.000000000,84.91999816894531,95.31999969482422,-0.02199704735496466,-0.005305295920897013,75.87886047363281,72.65929412841797
Pakistan,DGKC.KA,2024-06-12T19:00:00.000000000,95.31999969482422,90.20999908447266,0.12246822597886164,0.0251769668735784,77.68741607666016,72.65929412841797
Pakistan,DGKC.KA,2024-06-24T19:00:00.000000000,90.20999908447266,90.33999633789062,-0.05360890292395826,0.035729424035302326,76.38340759277344,72.65929412841797
Pakistan,DGKC.KA,2024-07-01T19:00:00.000000000,90.33999633789062,91.16999816894533,0.001441051488053402,0.010091307845907282,76.6562728881836,72.65929412841797
Pakistan,DGKC.KA,2024-07-08T19:00:00.000000000,91.16999816894533,90.25,0.00918753447753451,-0.0020004130772331985,77.03988647460938,72.65929412841797
Pakistan,DGKC.KA,2024-07-15T19:00:00.000000000,90.25,88.0,-0.01009101883758401,-0.011424487796553029,76.59732818603516,72.6593017578125
Pakistan,DGKC.KA,2024-07-22T19:00:00.000000000,88.0,88.58999633789062,-0.024930747922437657,-0.01264623569675083,76.34891510009766,72.65929412841797
Pakistan,DGKC.KA,2024-07-29T19:00:00.000000000,88.58999633789062,81.52999877929688,0.006704503839666254,-0.0017900806936381741,77.06707000732422,72.65929412841797
Pakistan,DGKC.KA,2024-08-05T19:00:00.000000000,81.52999877929688,77.4800033569336,-0.07969294333940657,-0.04738228051948579,75.2592544555664,72.65929412841797
Pakistan,DGKC.KA,2024-08-12T19:00:00.000000000,77.4800033569336,78.13999938964844,-0.04967491086718512,-0.0594364215823433,74.97663879394531,72.65929412841797
Pakistan,DGKC.KA,2024-08-20T19:00:00.000000000,78.13999938964844,79.66000366210938,0.008518275737216863,-0.06294093053961314,74.83686828613281,72.65929412841797
Pakistan,DGKC.KA,2024-08-27T19:00:00.000000000,79.66000366210938,79.16999816894531,0.019452319994032408,0.0037746215418745788,75.26336669921875,72.65929412841797
Pakistan,DGKC.KA,2024-09-03T19:00:00.000000000,79.16999816894531,81.41000366210938,-0.006151211029847503,-0.010414635716448406,75.24717712402344,72.65929412841797
Pakistan,DGKC.KA,2024-09-10T19:00:00.000000000,81.41000366210938,75.02999877929688,0.02829361557371768,0.014981075999086713,75.68792724609375,72.6593017578125
Pakistan,DGKC.KA,2024-09-17T19:00:00.000000000,75.02999877929688,75.55999755859375,-0.07836880722045636,-0.01818961511111261,74.29680633544922,72.65929412841797
Pakistan,DGKC.KA,2024-09-24T19:00:00.000000000,75.55999755859375,75.16999816894531,0.00706382497560587,-0.03878613970754574,74.36516571044922,72.6593017578125
Pakistan,DGKC.KA,2024-10-01T19:00:00.000000000,75.16999816894531,80.75,-0.005161453179587605,-0.031270293103651925,74.44918823242188,72.65929412841797
Pakistan,DGKC.KA,2024-10-08T19:00:00.000000000,80.75,78.19000244140625,0.0742317675532409,0.030234608351786818,75.38837432861328,72.65929412841797
Pakistan,DGKC.KA,2024-10-15T19:00:00.000000000,78.19000244140625,83.13999938964844,-0.03170275614357587,0.02790317589414637,74.92010498046875,72.65929412841797
Pakistan,DGKC.KA,2024-10-22T19:00:00.000000000,83.13999938964844,85.69999694824219,0.0633072872961169,0.025377993445921065,75.9534683227539,72.65929412841797
Pakistan,DGKC.KA,2024-10-29T19:00:00.000000000,85.69999694824219,87.56999969482422,0.030791406992871417,0.06541122246457509,76.3509750366211,72.65929412841797
Pakistan,DGKC.KA,2024-11-05T19:00:00.000000000,87.56999969482422,86.8499984741211,0.02182033620971313,0.049584392648164055,76.41680145263672,72.65929412841797
Pakistan,DGKC.KA,2024-11-12T19:00:00.000000000,86.8499984741211,84.08000183105469,-0.008222007801898856,0.021553527188778787,76.21031951904297,72.65929412841797
Pakistan,DGKC.KA,2024-11-19T19:00:00.000000000,84.08000183105469,81.94000244140625,-0.03189403214430442,-0.01311747191172441,75.97960662841797,72.65929412841797
Pakistan,DGKC.KA,2024-11-26T19:00:00.000000000,81.94000244140625,93.23999786376952,-0.02545194270985418,-0.04700733305038185,75.34822082519531,72.65929412841797
Pakistan,DGKC.KA,2024-12-03T19:00:00.000000000,93.23999786376952,107.91000366210938,0.1379057247459039,0.040145021337804954,77.82515716552734,72.65929412841797
Pakistan,DGKC.KA,2024-12-10T19:00:00.000000000,107.91000366210938,98.08000183105467,0.15733597312790382,0.14805511253224224,79.9833984375,72.6593017578125
Pakistan,DGKC.KA,2024-12-17T19:00:00.000000000,98.08000183105467,94.12000274658205,-0.09109444442087744,0.11091633365663967,78.84268951416016,72.65929412841797
Pakistan,DGKC.KA,2024-12-25T19:00:00.000000000,94.12000274658205,106.76000213623048,-0.04037519382691113,-0.022997723346666943,76.60243225097656,72.65929412841797
Pakistan,DGKC.KA,2025-01-01T19:00:00.000000000,106.76000213623048,95.2300033569336,0.13429663218010757,0.021041711548166475,79.85834503173828,72.65929412841797
Pakistan,DGKC.KA,2025-01-08T19:00:00.000000000,95.2300033569336,102.0500030517578,-0.10799923706056225,-0.0232433967816148,76.87935638427734,72.65929412841797
Pakistan,DGKC.KA,2025-01-15T19:00:00.000000000,102.0500030517578,110.18000030517578,0.07161608163828381,0.01295266653878735,78.41829681396484,72.65929412841797
Pakistan,DGKC.KA,2025-01-22T19:00:00.000000000,110.18000030517578,105.56999969482422,0.07966680068882126,0.04022469006924023,81.07025909423828,72.65929412841797
Pakistan,DGKC.KA,2025-01-29T19:00:00.000000000,105.56999969482422,102.12999725341795,-0.041840629856442324,0.025441463238920603,78.86592864990234,72.65929412841797
Pakistan,DGKC.KA,2025-02-06T19:00:00.000000000,102.12999725341795,106.08999633789062,-0.032585037902343794,0.000829831915573731,78.58672332763672,72.65929412841797
Pakistan,DGKC.KA,2025-02-13T19:00:00.000000000,106.08999633789062,116.98999786376952,0.03877410350503219,0.008286615792930885,80.29186248779297,72.65929412841797
Pakistan,DGKC.KA,2025-02-20T19:00:00.000000000,116.98999786376952,120.98999786376952,0.1027429720250248,0.04859360759125608,83.82982635498047,72.65929412841797
Pakistan,DGKC.KA,2025-02-27T19:00:00.000000000,120.98999786376952,126.68000030517578,0.0341909571163328,0.08864705597571887,84.34774780273438,72.65929412841797
Pakistan,DGKC.KA,2025-03-06T19:00:00.000000000,126.68000030517578,134.52999877929688,0.04702870106513268,0.04773345403571794,85.31475830078125,72.65929412841797
Pakistan,DGKC.KA,2025-03-13T19:00:00.000000000,134.52999877929688,132.6199951171875,0.061967149157011514,0.06769308843681388,88.61021423339844,72.65929412841797
Pakistan,DGKC.KA,2025-03-20T19:00:00.000000000,132.6199951171875,135.3300018310547,-0.014197604099014605,0.05502274966156384,88.85603332519531,72.65929412841797
Pakistan,DGKC.KA,2025-03-27T19:00:00.000000000,135.3300018310547,126.0999984741211,0.020434375008629324,0.030282673770422264,88.96882629394531,72.6593017578125
Pakistan,DGKC.KA,2025-04-07T19:00:00.000000000,126.0999984741211,125.72000122070312,-0.06820367421893847,-0.008949952718717236,87.55645751953125,72.65929412841797
Pakistan,DGKC.KA,2025-04-14T19:00:00.000000000,125.72000122070312,126.48999786376952,-0.003013459619477743,-0.02684537529000164,86.6889419555664,72.65929412841797
Pakistan,DGKC.KA,2025-04-21T19:00:00.000000000,126.48999786376952,127.75,0.006124694842427392,-0.02826974446236752,86.41019439697266,72.65929412841797
Pakistan,DGKC.KA,2025-04-28T19:00:00.000000000,127.75,130.75999450683594,0.009961278816586816,-0.02442022466550653,85.65779876708984,72.65929412841797
Pakistan,DGKC.KA,2025-05-06T19:00:00.000000000,130.75999450683594,147.47999572753906,0.02356160083628911,0.04024675373495956,89.15789031982422,72.65929412841797
Pakistan,EFERT.KA,2024-05-08T19:00:00.000000000,137.13632202148438,140.77430725097656,-0.042300626928147955,0.0027368975737644963,79.03409576416016,52.126121520996094
Pakistan,EFERT.KA,2024-05-15T19:00:00.000000000,140.77430725097656,143.10116577148438,0.026528239753449423,-0.02327270299335582,78.87039947509766,52.126121520996094
Pakistan,EFERT.KA,2024-05-22T19:00:00.000000000,143.10116577148438,146.03741455078125,0.016528999971276104,0.0036391297019990887,79.75833892822266,52.126121520996094
Pakistan,EFERT.KA,2024-05-29T19:00:00.000000000,146.03741455078125,145.99124145507812,0.020518692237530223,0.027749457932180865,80.68805694580078,52.126121520996094
Pakistan,EFERT.KA,2024-06-05T19:00:00.000000000,145.99124145507812,152.25157165527344,-0.00031617305637154924,0.02189508192307943,80.91558074951172,52.126121520996094
Pakistan,EFERT.KA,2024-06-12T19:00:00.000000000,152.25157165527344,151.07891845703125,0.04288154643935704,0.009803260381522128,81.19635772705078,52.126121520996094
Pakistan,EFERT.KA,2024-06-24T19:00:00.000000000,151.07891845703125,157.71783447265625,-0.007702076146033465,0.029789176575799603,82.53329467773438,52.126129150390625
Pakistan,EFERT.KA,2024-07-01T19:00:00.000000000,157.71783447265625,155.74183654785156,0.04394336472241278,0.03053673227944853,83.77818298339844,52.126129150390625
Pakistan,EFERT.KA,2024-07-08T19:00:00.000000000,155.74183654785156,156.960693359375,-0.012528690438919687,0.019420217950940843,83.72789764404297,52.126129150390625
Pakistan,EFERT.KA,2024-07-15T19:00:00.000000000,156.960693359375,156.7667694091797,0.007826136114357007,0.007869235015790732,83.98092651367188,52.126129150390625
Pakistan,EFERT.KA,2024-07-22T19:00:00.000000000,156.7667694091797,154.8092803955078,-0.0012354937153042922,0.009147372321550495,84.32587432861328,52.126129150390625
Pakistan,EFERT.KA,2024-07-29T19:00:00.000000000,154.8092803955078,158.401123046875,-0.012486632345931725,0.00534065509356596,84.17031860351562,52.126129150390625
Pakistan,EFERT.KA,2024-08-05T19:00:00.000000000,158.401123046875,153.25375366210938,0.02320172693904854,-0.003200649331923655,83.93204498291016,52.126129150390625
Pakistan,EFERT.KA,2024-08-12T19:00:00.000000000,153.25375366210938,152.11639404296875,-0.03249578844994927,-0.010189493475428413,83.26995849609375,52.126129150390625
Pakistan,EFERT.KA,2024-08-20T19:00:00.000000000,152.11639404296875,149.10845947265625,-0.007421414431702966,-0.019527630905562532,82.62293243408203,52.126129150390625
Pakistan,EFERT.KA,2024-08-27T19:00:00.000000000,149.10845947265625,153.77073669433594,-0.01977390135518753,-0.01603562544118109,82.21576690673828,52.126129150390625
Pakistan,EFERT.KA,2024-09-03T19:00:00.000000000,153.77073669433594,156.96665954589844,0.03126769090210235,-0.006718433668654544,82.50578308105469,52.126129150390625
Pakistan,EFERT.KA,2024-09-10T19:00:00.000000000,156.96665954589844,168.54718017578125,0.020783686937231316,0.023642449074556815,84.05670166015625,52.126129150390625
Pakistan,EFERT.KA,2024-09-17T19:00:00.000000000,168.54718017578125,177.279541015625,0.07377694513844557,0.045777870518697306,86.07400512695312,52.126129150390625
Pakistan,EFERT.KA,2024-09-24T19:00:00.000000000,177.279541015625,175.8883819580078,0.05180959319958123,0.09571049846721902,89.80358123779297,52.126129150390625
Pakistan,EFERT.KA,2024-10-01T19:00:00.000000000,175.8883819580078,191.3227996826172,-0.007847262293479096,0.05539087903180495,90.55389404296875,52.126129150390625
Pakistan,EFERT.KA,2024-10-08T19:00:00.000000000,191.3227996826172,185.84274291992188,0.08775120649125223,0.05637286799065522,93.37017822265625,52.126129150390625
Pakistan,EFERT.KA,2024-10-15T19:00:00.000000000,185.84274291992188,186.19992065429688,-0.02864298856062164,0.015621173758355367,92.627685546875,52.126129150390625
Pakistan,EFERT.KA,2024-10-22T19:00:00.000000000,186.19992065429688,189.1427764892578,0.0019219353350208301,0.012837703795419264,93.09058380126953,52.126129150390625
Pakistan,EFERT.KA,2024-10-29T19:00:00.000000000,189.1427764892578,185.5262756347656,0.01580481787865362,0.024507547595881585,94.73589324951172,52.126129150390625
Pakistan,EFERT.KA,2024-11-05T19:00:00.000000000,185.5262756347656,189.9612579345703,-0.0191204809489387,-0.005638005304503202,93.71417236328125,52.126129150390625
Pakistan,EFERT.KA,2024-11-12T19:00:00.000000000,189.9612579345703,188.6859588623047,0.023904874307591806,0.008860280555893274,94.47041320800781,52.12613296508789
Pakistan,EFERT.KA,2024-11-19T19:00:00.000000000,188.6859588623047,193.72052001953125,-0.006713469294380436,0.0024054329274074693,94.59211730957031,52.12613296508789
Pakistan,EFERT.KA,2024-11-26T19:00:00.000000000,193.72052001953125,195.28131103515625,0.026682224727175186,0.015311547267703673,94.98306274414062,52.12613296508789
Pakistan,EFERT.KA,2024-12-03T19:00:00.000000000,195.28131103515625,193.08287048339844,0.008056921463289735,0.010137546819723342,95.64888000488281,52.12613296508789
Pakistan,EFERT.KA,2024-12-10T19:00:00.000000000,193.08287048339844,187.39161682128903,-0.011257813357070434,0.02227520237951719,96.48571014404297,52.12613296508789
Pakistan,EFERT.KA,2024-12-17T19:00:00.000000000,187.39161682128903,189.6662139892578,-0.029475704643611822,-0.00042923698624286466,95.83243560791016,52.12613296508789
Pakistan,EFERT.KA,2024-12-25T19:00:00.000000000,189.6662139892578,208.1959991455078,0.012138201305653906,-0.024389755555507375,94.86621856689453,52.12613296508789
Pakistan,EFERT.KA,2025-01-01T19:00:00.000000000,208.1959991455078,207.58689880371097,0.09769681571911093,0.013719380210632792,97.15687561035156,52.12613296508789
Pakistan,EFERT.KA,2025-01-08T19:00:00.000000000,207.58689880371097,208.67185974121097,-0.002925610214878138,0.08922253312621686,101.59689331054688,52.12613296508789
Pakistan,EFERT.KA,2025-01-15T19:00:00.000000000,208.67185974121097,208.65284729003903,0.005226538590597185,0.029772547760801293,101.04427337646484,52.12613296508789
Pakistan,EFERT.KA,2025-01-22T19:00:00.000000000,208.65284729003903,211.7363739013672,-9.111171576037247e-05,0.009014716165596015,101.29832458496094,52.12613296508789
Pakistan,EFERT.KA,2025-01-29T19:00:00.000000000,211.7363739013672,201.9623260498047,0.014778262800516195,0.004739114086091956,102.24365997314453,52.12613296508789
Pakistan,EFERT.KA,2025-02-06T19:00:00.000000000,201.9623260498047,208.1198577880859,-0.046161401895526644,-0.013783220733696644,100.41512298583984,52.12613296508789
Pakistan,EFERT.KA,2025-02-13T19:00:00.000000000,208.1198577880859,213.90626525878903,0.03048851663930008,-0.011288759447359964,100.50883483886719,52.12613296508789
Pakistan,EFERT.KA,2025-02-20T19:00:00.000000000,213.90626525878903,212.5072479248047,0.027803245361598394,0.016971429910615177,102.23046875,52.12613296508789
Pakistan,EFERT.KA,2025-02-27T19:00:00.000000000,212.5072479248047,213.6017303466797,-0.006540328925343952,0.021597306143753325,102.95327758789062,52.12613296508789
Pakistan,EFERT.KA,2025-03-06T19:00:00.000000000,213.6017303466797,216.2601776123047,0.00515032984786612,0.0038821604049759095,102.72843933105469,52.12613296508789
Pakistan,EFERT.KA,2025-03-13T19:00:00.000000000,216.2601776123047,210.09259033203125,0.0124458133429457,0.000703058822210112,103.00638580322266,52.12614059448242
Pakistan,EFERT.KA,2025-03-20T19:00:00.000000000,210.09259033203125,204.84275817871097,-0.028519292587145806,-0.009294942550064134,102.04798126220703,52.12614059448242
Pakistan,EFERT.KA,2025-03-27T19:00:00.000000000,204.84275817871097,194.7673797607422,-0.024988183281587584,-0.02755608947335475,100.03551483154297,52.12614059448242
Pakistan,EFERT.KA,2025-04-07T19:00:00.000000000,194.7673797607422,186.2709197998047,-0.04918591463789368,-0.028832943110436826,98.5809326171875,52.12614059448242
Pakistan,EFERT.KA,2025-04-14T19:00:00.000000000,186.2709197998047,177.89288330078125,-0.04362362923080243,-0.07112054936773704,94.46295928955078,52.12614059448242
Pakistan,EFERT.KA,2025-04-21T19:00:00.000000000,177.89288330078125,168.3800048828125,-0.04497769436059995,-0.05421011862381697,92.68470001220703,52.12613296508789
Pakistan,EFERT.KA,2025-04-28T19:00:00.000000000,168.3800048828125,161.3800048828125,-0.05347531751387924,-0.07578089775208019,88.69773864746094,52.12613296508789
Pakistan,EFERT.KA,2025-05-06T19:00:00.000000000,161.3800048828125,178.02999877929688,-0.0415726321238189,-0.0642633369195097,86.81998443603516,52.12613296508789
Pakistan,ENGRO.KA,2024-01-24T19:00:00.000000000,309.7638854980469,299.876708984375,0.04478873387309856,0.045844585871447574,304.7383117675781,181.0395965576172
Pakistan,ENGRO.KA,2024-01-31T19:00:00.000000000,299.876708984375,294.6209411621094,-0.03191842876639739,0.010217957724685034,295.9792175292969,181.0395965576172
Pakistan,ENGRO.KA,2024-02-08T19:00:00.000000000,294.6209411621094,285.0412902832031,-0.017526428911621372,0.004620794362933722,298.5614929199219,181.0395965576172
Pakistan,ENGRO.KA,2024-02-15T19:00:00.000000000,285.0412902832031,292.4310607910156,-0.032515173025787214,-0.029873240228615927,294.50665283203125,181.0395965576172
Pakistan,ENGRO.KA,2024-02-22T19:00:00.000000000,292.4310607910156,324.0495300292969,0.02592526332051892,-0.012526730954977361,298.2258605957031,181.0395965576172
Pakistan,ENGRO.KA,2024-02-29T19:00:00.000000000,324.0495300292969,319.34356689453125,0.10812281415234892,0.023270206961651718,310.4481201171875,181.0395965576172
Pakistan,ENGRO.KA,2024-03-07T19:00:00.000000000,319.34356689453125,310.5187072753906,-0.014522357536948638,0.06952788204968985,316.8046875,181.0395965576172
Pakistan,ENGRO.KA,2024-03-14T19:00:00.000000000,310.5187072753906,316.95794677734375,-0.027634374178751475,0.017311049685076352,312.02117919921875,181.0395965576172
Pakistan,ENGRO.KA,2024-03-21T19:00:00.000000000,316.95794677734375,335.0549011230469,0.020737042088231794,0.006376872009986823,312.5151062011719,181.0395965576172
Pakistan,ENGRO.KA,2024-03-31T19:00:00.000000000,335.0549011230469,346.5915222167969,0.05709575837963099,0.028322302119089038,325.6529846191406,181.0395965576172
Pakistan,ENGRO.KA,2024-04-08T19:00:00.000000000,346.5915222167969,340.4224853515625,0.03443203204931855,0.06395665672355877,332.1037902832031,181.0395965576172
Pakistan,ENGRO.KA,2024-04-18T19:00:00.000000000,340.4224853515625,343.9543151855469,-0.01779915684543365,0.0184247827241395,323.1009826660156,181.0395965576172
Pakistan,ENGRO.KA,2024-04-25T19:00:00.000000000,343.9543151855469,347.038818359375,0.010374842984701704,0.005475736263441222,329.7249755859375,181.0395965576172
Pakistan,ENGRO.KA,2024-05-05T19:00:00.000000000,347.038818359375,338.1854248046875,0.008967769955623872,0.0021245309163420156,331.8359375,181.0395965576172
Pakistan,ENGRO.KA,2024-05-12T19:00:00.000000000,338.1854248046875,330.7052001953125,-0.02551124855871134,0.0017060588915032149,321.6462707519531,181.0395965576172
Pakistan,ENGRO.KA,2024-05-19T19:00:00.000000000,330.7052001953125,323.3017883300781,-0.022118707847019303,-0.011354508428504495,324.3984069824219,181.0395965576172
Pakistan,ENGRO.KA,2024-05-26T19:00:00.000000000,323.3017883300781,318.8462829589844,-0.02238674160812093,-0.03142796184992347,317.7733154296875,181.0395965576172
Pakistan,ENGRO.KA,2024-06-02T19:00:00.000000000,318.8462829589844,311.1836242675781,-0.013781258044093692,-0.03365273286732173,316.7874450683594,181.0395965576172
Pakistan,ENGRO.KA,2024-06-09T19:00:00.000000000,311.1836242675781,324.0603942871094,-0.024032454197974618,-0.03189155892179307,307.3331604003906,181.0395965576172
Pakistan,ENGRO.KA,2024-06-19T19:00:00.000000000,324.0603942871094,318.9039001464844,0.041379973158416794,-0.008356567562549766,318.232421875,181.0395965576172
Pakistan,ENGRO.KA,2024-06-26T19:00:00.000000000,318.9039001464844,317.17547607421875,-0.015912139315785945,0.008803304282038349,312.1570129394531,181.0395965576172
Pakistan,ENGRO.KA,2024-07-03T19:00:00.000000000,317.17547607421875,312.9984436035156,-0.00541989004045329,0.002290032555476662,314.3612060546875,181.0395965576172
Pakistan,ENGRO.KA,2024-07-10T19:00:00.000000000,312.9984436035156,334.7958068847656,-0.01316946859323298,-0.010110513724873593,315.9461975097656,181.0395965576172
Pakistan,ENGRO.KA,2024-07-17T19:00:00.000000000,334.7958068847656,317.2811279296875,0.06964048456695004,0.012381576940424077,319.9710388183594,181.0395965576172
Pakistan,ENGRO.KA,2024-07-24T19:00:00.000000000,317.2811279296875,317.6651916503906,-0.05231451109872043,0.00577305282213203,316.4900817871094,181.0395965576172
Pakistan,ENGRO.KA,2024-07-31T19:00:00.000000000,317.6651916503906,320.4306945800781,0.0012104839742885787,-0.004286892482294968,312.09747314453125,181.0395965576172
Pakistan,ENGRO.KA,2024-08-07T19:00:00.000000000,320.4306945800781,319.3456115722656,0.008705715962519012,-0.0009008978828960457,315.2748718261719,181.0395965576172
Pakistan,ENGRO.KA,2024-08-15T19:00:00.000000000,319.3456115722656,312.0958251953125,-0.0033863266727131025,0.002137894823362796,315.6383361816406,181.0395965576172
Pakistan,ENGRO.KA,2024-08-22T19:00:00.000000000,312.0958251953125,317.06024169921875,-0.02270200721174631,-0.003847601681686963,310.8220520019531,181.0395965576172
Pakistan,ENGRO.KA,2024-08-29T19:00:00.000000000,317.06024169921875,314.80670166015625,0.01590670589970067,-0.023394129627482885,314.4267272949219,181.0395965576172
Pakistan,ENGRO.KA,2024-09-05T19:00:00.000000000,314.80670166015625,312.5137939453125,-0.007107608405850896,-0.0028691077673718146,319.0255126953125,181.0395965576172
Pakistan,ENGRO.KA,2024-09-12T19:00:00.000000000,312.5137939453125,315.81048583984375,-0.007283541623326117,-0.0020995619082685435,307.3396301269531,181.0395965576172
Pakistan,ENGRO.KA,2024-09-19T19:00:00.000000000,315.81048583984375,304.25738525390625,0.01054894842532339,0.0006709813165968193,312.04608154296875,181.0395965576172
Pakistan,ENGRO.KA,2024-09-26T19:00:00.000000000,304.25738525390625,308.4200439453125,-0.036582384385413946,-0.005451014493753292,306.8501281738281,181.0395965576172
Pakistan,ENGRO.KA,2024-10-03T19:00:00.000000000,308.4200439453125,315.6235046386719,0.013681372723072904,-0.020076375295174476,300.020263671875,181.0395965576172
Pakistan,ENGRO.KA,2024-10-10T19:00:00.000000000,315.6235046386719,303.26348876953125,0.023356006961196885,0.022721420021796446,314.22991943359375,181.0395965576172
Pakistan,ENGRO.KA,2024-10-17T19:00:00.000000000,303.26348876953125,311.8446350097656,-0.03916063185246754,-0.008360151138881,304.7315368652344,181.0395965576172
Pakistan,ENGRO.KA,2024-10-24T19:00:00.000000000,311.8446350097656,299.7306213378906,0.02829600844813762,-0.0009458372799912018,305.907470703125,181.0395965576172
Pakistan,ENGRO.KA,2024-10-31T19:00:00.000000000,299.7306213378906,324.9200134277344,-0.03884631098911051,-0.018830617324146592,304.78887939453125,181.0395965576172
Pakistan,ENGRO.KA,2024-11-07T19:00:00.000000000,324.9200134277344,320.95001220703125,0.08404010233391324,0.0189344870139998,316.9100341796875,181.0395965576172
Pakistan,ENGRO.KA,2024-11-14T19:00:00.000000000,320.95001220703125,337.760009765625,-0.01221839547161685,0.025016778248905913,311.74761962890625,181.0395965576172
Pakistan,ENGRO.KA,2024-11-21T19:00:00.000000000,337.760009765625,335.8800048828125,0.05237574986521687,0.033671644277977864,321.870361328125,181.0395965576172
Pakistan,ENGRO.KA,2024-11-28T19:00:00.000000000,335.8800048828125,407.5400085449219,-0.005566096720914571,0.017534987945700742,320.7320861816406,181.0395965576172
Pakistan,ENGRO.KA,2024-12-05T19:00:00.000000000,407.5400085449219,431.3699951171875,0.21335001375598805,0.1209980631231129,345.3648986816406,181.0395965576172
Pakistan,ENGRO.KA,2024-12-12T19:00:00.000000000,431.3699951171875,396.05999755859375,0.058472753772931485,0.16216870410941286,361.40704345703125,181.0395965576172
Pakistan,ENGRO.KA,2024-12-19T19:00:00.000000000,396.05999755859375,451.8999938964844,-0.08185547895838541,0.06100338690227236,351.528076171875,181.0395965576172
Pakistan,ENGRO.KA,2024-12-29T19:00:00.000000000,451.8999938964844,485.3800048828125,0.14098873070267492,0.05416559123451892,366.3705749511719,181.0395965576172
Pakistan,ENGRO.KA,2025-01-05T19:00:00.000000000,485.3800048828125,485.3800048828125,0.07408721274290908,0.08005473935256391,375.3537292480469,181.0395965576172
Pakistan,FFC.KA,2024-05-08T19:00:00.000000000,125.19827270507812,125.91010284423828,0.03127259445436392,0.03646233153200029,85.62547302246094,70.06651306152344
Pakistan,FFC.KA,2024-05-15T19:00:00.000000000,125.91010284423828,127.59746551513672,0.005685622682966018,0.016082459920058856,84.74528503417969,70.06651306152344
Pakistan,FFC.KA,2024-05-22T19:00:00.000000000,127.59746551513672,122.412353515625,0.013401328668485313,0.01194321771387341,85.04515075683594,70.06651306152344
Pakistan,FFC.KA,2024-05-29T19:00:00.000000000,122.412353515625,120.0922393798828,-0.04063648112898144,-0.00044227143016173365,84.8809585571289,70.06651306152344
Pakistan,FFC.KA,2024-06-05T19:00:00.000000000,120.0922393798828,127.5798797607422,-0.018953267943223162,-0.02418727598639847,83.93045806884766,70.06651306152344
Pakistan,FFC.KA,2024-06-12T19:00:00.000000000,127.5798797607422,133.38897705078125,0.062349077838194544,-0.017229725303329557,84.26725769042969,70.06651306152344
Pakistan,FFC.KA,2024-06-24T19:00:00.000000000,133.38897705078125,150.1131134033203,0.045533020574507255,0.05070347143894738,86.9297103881836,70.06651306152344
Pakistan,FFC.KA,2024-07-01T19:00:00.000000000,150.1131134033203,148.75970458984375,0.1253786986174441,0.11246370281868279,89.37843322753906,70.06651306152344
Pakistan,FFC.KA,2024-07-08T19:00:00.000000000,148.75970458984375,153.83056640625,-0.009015926608891611,0.0793399028702102,90.19599151611328,70.06651306152344
Pakistan,FFC.KA,2024-07-15T19:00:00.000000000,153.83056640625,143.73280334472656,0.03408760342989048,0.05151146598469625,92.69526672363281,70.06651306152344
Pakistan,FFC.KA,2024-07-22T19:00:00.000000000,143.73280334472656,157.15255737304688,-0.06564211065085945,0.002949808263803977,92.46747589111328,70.06651306152344
Pakistan,FFC.KA,2024-07-29T19:00:00.000000000,157.15255737304688,165.51022338867188,0.09336597990185003,8.264197164464804e-05,94.14396667480469,70.06651306152344
Pakistan,FFC.KA,2024-08-05T19:00:00.000000000,165.51022338867188,152.96290588378906,0.05318186452280038,0.06890489474587591,100.98303985595703,70.06651306152344
Pakistan,FFC.KA,2024-08-12T19:00:00.000000000,152.96290588378906,160.1889190673828,-0.07580992429342337,0.012713276563177889,98.82048034667969,70.06651306152344
Pakistan,FFC.KA,2024-08-20T19:00:00.000000000,160.1889190673828,165.4551544189453,0.04724029752078307,0.01122511349012778,98.86300659179688,70.06651306152344
Pakistan,FFC.KA,2024-08-27T19:00:00.000000000,165.4551544189453,168.98458862304688,0.03287515380103967,0.030581029039585594,100.7573013305664,70.06651306152344
Pakistan,FFC.KA,2024-09-03T19:00:00.000000000,168.98458862304688,165.2786865234375,0.021331666677272265,0.03608849843200157,101.76537322998047,70.06651306152344
Pakistan,FFC.KA,2024-09-10T19:00:00.000000000,165.2786865234375,172.5139923095703,-0.021930414659742214,0.019513121208182937,102.04503631591797,70.06651306152344
Pakistan,FFC.KA,2024-09-17T19:00:00.000000000,172.5139923095703,200.94435119628903,0.04377639935507838,0.009588455159993847,102.34457397460938,70.06651306152344
Pakistan,FFC.KA,2024-09-24T19:00:00.000000000,200.94435119628903,209.0062713623047,0.16480030695540004,0.10318924047940259,109.97399139404297,70.06651306152344
Pakistan,FFC.KA,2024-10-01T19:00:00.000000000,209.0062713623047,230.11773681640625,0.04012016320946743,0.10945259481605207,111.9720458984375,70.06651306152344
Pakistan,FFC.KA,2024-10-08T19:00:00.000000000,230.11773681640625,236.1734619140625,0.10100876550974691,0.14490233753236015,116.20772552490234,70.06651306152344
Pakistan,FFC.KA,2024-10-15T19:00:00.000000000,236.1734619140625,237.6502227783203,0.026315768534120654,0.08306210149881732,117.59619140625,70.06651306152344
Pakistan,FFC.KA,2024-10-22T19:00:00.000000000,237.6502227783203,261.8453063964844,0.006252865382458506,0.03497873093476467,116.90766906738281,70.06651306152344
Pakistan,FFC.KA,2024-10-29T19:00:00.000000000,261.8453063964844,263.702880859375,0.10180963996290116,0.09755078990365273,122.71621704101562,70.06651306152344
Pakistan,FFC.KA,2024-11-05T19:00:00.000000000,263.702880859375,259.57904052734375,0.007094167500859783,0.0668478371689305,122.67936706542969,70.06651306152344
Pakistan,FFC.KA,2024-11-12T19:00:00.000000000,259.57904052734375,275.0898742675781,-0.015638207358949496,0.03099781127966339,122.13754272460938,70.06651306152344
Pakistan,FFC.KA,2024-11-19T19:00:00.000000000,275.0898742675781,303.8731994628906,0.05975379872243769,0.006561874224274344,123.03733825683594,70.06651306152344
Pakistan,FFC.KA,2024-11-26T19:00:00.000000000,303.8731994628906,312.58526611328125,0.10463244156822427,0.08739642479609921,127.63817596435547,70.06651306152344
Pakistan,FFC.KA,2024-12-03T19:00:00.000000000,312.58526611328125,325.4676208496094,0.028670072470325048,0.08962102879398759,129.2159881591797,70.06651306152344
Pakistan,FFC.KA,2024-12-10T19:00:00.000000000,325.4676208496094,348.9010314941406,0.041212290318442424,0.08779176197157579,131.06777954101562,70.06651306152344
Pakistan,FFC.KA,2024-12-17T19:00:00.000000000,348.9010314941406,346.7183837890625,0.07199920712038899,0.13615314630367914,135.6186065673828,70.06651306152344
Pakistan,FFC.KA,2024-12-25T19:00:00.000000000,346.7183837890625,351.8267517089844,-0.00625577888300044,0.049224202108447024,134.9239044189453,70.06651306152344
Pakistan,FFC.KA,2025-01-01T19:00:00.000000000,351.8267517089844,354.6038513183594,0.014733478692695146,-0.008350309904505249,133.83375549316406,70.06651306152344
Pakistan,FFC.KA,2025-01-08T19:00:00.000000000,354.6038513183594,357.7060241699219,0.007893372507591812,0.0005373614206898303,134.82164001464844,70.06651306152344
Pakistan,FFC.KA,2025-01-15T19:00:00.000000000,357.7060241699219,365.7122192382813,0.008748277380601355,0.012577202561382617,134.88134765625,70.06651306152344
Pakistan,FFC.KA,2025-01-22T19:00:00.000000000,365.7122192382813,364.4769287109375,0.022382052656055418,0.023601091955088416,135.69302368164062,70.06651306152344
Pakistan,FFC.KA,2025-01-29T19:00:00.000000000,364.4769287109375,355.55120849609375,-0.0033777666218446356,0.023924907227885983,136.22479248046875,70.06651306152344
Pakistan,FFC.KA,2025-02-06T19:00:00.000000000,355.55120849609375,362.82366943359375,-0.024489122662473495,-0.017853592052412215,134.40054321289062,70.06651306152344
Pakistan,FFC.KA,2025-02-13T19:00:00.000000000,362.82366943359375,368.39642333984375,0.020454046460033126,-0.007069220356705763,134.74545288085938,70.06651306152344
Pakistan,FFC.KA,2025-02-20T19:00:00.000000000,368.39642333984375,369.1487731933594,0.015359400104600907,0.008499337706312948,135.71253967285156,70.06651306152344
Pakistan,FFC.KA,2025-02-27T19:00:00.000000000,369.1487731933594,367.820556640625,0.002042228984458827,0.02519290196244839,135.9185028076172,70.06651306152344
Pakistan,FFC.KA,2025-03-06T19:00:00.000000000,367.820556640625,369.1858825683594,-0.0035980521924656728,0.0035415014035968806,135.6178436279297,70.06651306152344
Pakistan,FFC.KA,2025-03-13T19:00:00.000000000,369.1858825683594,370.765380859375,0.0037119348092018445,-0.008494271160569444,135.35205078125,70.06651306152344
Pakistan,FFC.KA,2025-03-20T19:00:00.000000000,370.765380859375,362.49127197265625,0.004278327979464924,0.004017107563033306,135.984375,70.06651306152344
Pakistan,FFC.KA,2025-03-27T19:00:00.000000000,362.49127197265625,355.6582946777344,-0.022316293035613777,-0.007162298759328278,135.12042236328125,70.06651306152344
Pakistan,FFC.KA,2025-04-07T19:00:00.000000000,355.6582946777344,345.80584716796875,-0.01885004639625454,-0.014485634350778875,134.6258544921875,70.06651306152344
Pakistan,FFC.KA,2025-04-14T19:00:00.000000000,345.80584716796875,353.1094055175781,-0.027702004022408744,-0.031982758643259945,133.62890625,70.06651306152344
Pakistan,FFC.KA,2025-04-21T19:00:00.000000000,353.1094055175781,349.6291809082031,0.021120401547350953,-0.03025393219548922,133.09010314941406,70.06651306152344
Pakistan,FFC.KA,2025-04-28T19:00:00.000000000,349.6291809082031,349.0899963378906,-0.009855938570295986,-0.0017653249568625462,133.58836364746094,70.06651306152344
Pakistan,FFC.KA,2025-05-06T19:00:00.000000000,349.0899963378906,372.3599853515625,-0.0015421612375485783,-0.0013415585597738033,133.1178436279297,70.06651306152344
Pakistan,HBL.KA,2024-05-08T19:00:00.000000000,100.79067993164062,102.93856811523438,0.008436129804462844,-0.012563875986507655,83.05288696289062,80.79039001464844
Pakistan,HBL.KA,2024-05-15T19:00:00.000000000,102.93856811523438,100.5510482788086,0.021310384899184243,-0.002904863619096698,83.57996368408203,80.79039001464844
Pakistan,HBL.KA,2024-05-22T19:00:00.000000000,100.5510482788086,100.94156646728516,-0.02319363752712278,-0.004595068536861535,82.86058807373047,80.79039001464844
Pakistan,HBL.KA,2024-05-29T19:00:00.000000000,100.94156646728516,96.58367156982422,0.0038837803798299486,0.006295933418752453,83.12950897216797,80.79039001464844
Pakistan,HBL.KA,2024-06-05T19:00:00.000000000,96.58367156982422,97.1960906982422,-0.04317245164679817,-0.0197433461418437,82.11503601074219,80.79039001464844
Pakistan,HBL.KA,2024-06-12T19:00:00.000000000,97.1960906982422,112.10700225830078,0.0063408143267285055,-0.046833508338806396,81.74588012695312,80.79039001464844
Pakistan,HBL.KA,2024-06-24T19:00:00.000000000,112.10700225830078,111.85848999023438,0.1534106099632282,0.07804711572617307,86.28316497802734,80.79039001464844
Pakistan,HBL.KA,2024-07-01T19:00:00.000000000,111.85848999023438,124.74578094482422,-0.0022167417115821486,0.07186189237579632,85.50843048095703,80.79039001464844
Pakistan,HBL.KA,2024-07-08T19:00:00.000000000,124.74578094482422,132.04148864746094,0.11521066443606509,0.12047701131929989,89.11349487304688,80.79039764404297
Pakistan,HBL.KA,2024-07-15T19:00:00.000000000,132.04148864746094,125.42031860351562,0.05848460482894935,0.09169529129200527,90.33805847167969,80.79039764404297
Pakistan,HBL.KA,2024-07-22T19:00:00.000000000,125.42031860351562,118.60389709472656,-0.05014461826936267,0.04878780706043173,88.90831756591797,80.79039764404297
Pakistan,HBL.KA,2024-07-29T19:00:00.000000000,118.60389709472656,117.59210205078124,-0.05434862217450942,-0.024297197696816486,87.51139068603516,80.79039764404297
Pakistan,HBL.KA,2024-08-05T19:00:00.000000000,117.59210205078124,121.594970703125,-0.008530875196598564,-0.049035316599825296,87.02153015136719,80.79039764404297
Pakistan,HBL.KA,2024-08-12T19:00:00.000000000,121.594970703125,120.6985321044922,0.034040284870621385,-0.009978663542043131,87.78756713867188,80.79039764404297
Pakistan,HBL.KA,2024-08-20T19:00:00.000000000,120.6985321044922,113.53596496582033,-0.007372332864172937,0.0077945866714250744,87.62113952636719,80.79039764404297
Pakistan,HBL.KA,2024-08-27T19:00:00.000000000,113.53596496582033,110.04298400878906,-0.059342620111328515,-0.027134068171199677,85.91392517089844,80.79039764404297
Pakistan,HBL.KA,2024-09-03T19:00:00.000000000,110.04298400878906,107.34603118896484,-0.030765413920450846,-0.05739825896324002,85.07772064208984,80.79039764404297
Pakistan,HBL.KA,2024-09-10T19:00:00.000000000,107.34603118896484,106.64886474609376,-0.024508176001559634,-0.04993200288160693,84.71074676513672,80.79039764404297
Pakistan,HBL.KA,2024-09-17T19:00:00.000000000,106.64886474609376,118.74845123291016,-0.006494571202579791,-0.03577870384972415,84.22967529296875,80.79039764404297
Pakistan,HBL.KA,2024-09-24T19:00:00.000000000,118.74845123291016,116.15241241455078,0.11345255775223406,0.05251913636268535,87.40833282470703,80.79039764404297
Pakistan,HBL.KA,2024-10-01T19:00:00.000000000,116.15241241455078,126.36229705810548,-0.02186166464830408,0.041162366702901076,86.44703674316406,80.79039764404297
Pakistan,HBL.KA,2024-10-08T19:00:00.000000000,126.36229705810548,123.69286346435548,0.0879007541153376,0.05476252406416493,88.86137390136719,80.79039764404297
Pakistan,HBL.KA,2024-10-15T19:00:00.000000000,123.69286346435548,127.27045440673828,-0.021125237953869336,0.04296897717474968,88.63336181640625,80.79039764404297
Pakistan,HBL.KA,2024-10-22T19:00:00.000000000,127.27045440673828,129.38626098632812,0.02892317990046167,0.02009803586170511,88.8065185546875,80.79039764404297
Pakistan,HBL.KA,2024-10-29T19:00:00.000000000,129.38626098632812,124.1344985961914,0.016624491437958078,0.044587750110087976,89.97919464111328,80.79039764404297
Pakistan,HBL.KA,2024-11-05T19:00:00.000000000,124.1344985961914,118.40100860595705,-0.04058979948954289,-0.013952226513954447,88.16045379638672,80.79039764404297
Pakistan,HBL.KA,2024-11-12T19:00:00.000000000,118.40100860595705,126.65647888183594,-0.04618772424324491,-0.037619480034746244,87.06449890136719,80.79039764404297
Pakistan,HBL.KA,2024-11-19T19:00:00.000000000,126.65647888183594,160.53797912597656,0.06972466174974401,0.01363681963950536,89.78703308105469,80.79039764404297
Pakistan,HBL.KA,2024-11-26T19:00:00.000000000,160.53797912597656,164.13674926757812,0.2675070438027125,0.10407716454574412,95.6502685546875,80.79039764404297
Pakistan,HBL.KA,2024-12-03T19:00:00.000000000,164.13674926757812,155.0406036376953,0.022416939351015186,0.20821634658730082,97.81709289550781,80.79039764404297
Pakistan,HBL.KA,2024-12-10T19:00:00.000000000,155.0406036376953,152.75477600097656,-0.05541809296499556,0.06701571576143528,95.15520477294922,80.79039764404297
Pakistan,HBL.KA,2024-12-17T19:00:00.000000000,152.75477600097656,148.15475463867188,-0.014743412906598086,-0.01176070299894183,95.03759002685547,80.79039764404297
Pakistan,HBL.KA,2024-12-25T19:00:00.000000000,148.15475463867188,167.2065887451172,-0.0301137645756836,-0.05805336921555271,93.82588958740234,80.79039764404297
Pakistan,HBL.KA,2025-01-01T19:00:00.000000000,167.2065887451172,164.4956817626953,0.12859414571547156,0.0346689585882094,97.81228637695312,80.79039764404297
Pakistan,HBL.KA,2025-01-08T19:00:00.000000000,164.4956817626953,162.7954864501953,-0.016212919614993604,0.05977513896733888,97.095703125,80.79039764404297
Pakistan,HBL.KA,2025-01-15T19:00:00.000000000,162.7954864501953,162.13427734375,-0.010335805136530762,0.017244413653086932,96.82360076904297,80.79039764404297
Pakistan,HBL.KA,2025-01-22T19:00:00.000000000,162.13427734375,164.1178741455078,-0.004061593603503222,-0.0022110520596662075,96.88265991210938,80.79039764404297
Pakistan,HBL.KA,2025-01-29T19:00:00.000000000,164.1178741455078,155.0406036376953,0.01223428404070459,0.0005888032090506368,97.14551544189453,80.79039764404297
Pakistan,HBL.KA,2025-02-06T19:00:00.000000000,155.0406036376953,153.5104217529297,-0.0553094570294308,-0.016269856128720783,95.48139190673828,80.79039764404297
Pakistan,HBL.KA,2025-02-13T19:00:00.000000000,153.5104217529297,149.42990112304688,-0.00986955577354054,-0.035083074599250086,94.99238586425781,80.79039764404297
Pakistan,HBL.KA,2025-02-20T19:00:00.000000000,149.42990112304688,144.01756286621094,-0.02658139156473871,-0.033506616549016766,94.32410430908203,80.79039764404297
Pakistan,HBL.KA,2025-02-27T19:00:00.000000000,144.01756286621094,145.4532928466797,-0.03621991459647145,-0.053142867761039714,92.81078338623047,80.79039764404297
Pakistan,HBL.KA,2025-03-06T19:00:00.000000000,145.4532928466797,148.67425537109375,0.009969131207993698,-0.034093968226737825,93.04696655273438,80.79039764404297
Pakistan,HBL.KA,2025-03-13T19:00:00.000000000,148.67425537109375,147.88792419433594,0.02214430805502099,0.00397528016389237,93.91124725341797,80.79039764404297
Pakistan,HBL.KA,2025-03-20T19:00:00.000000000,147.88792419433594,148.32476806640625,-0.005288953186919354,0.015173128388421553,93.97413635253906,80.79039764404297
Pakistan,HBL.KA,2025-03-27T19:00:00.000000000,148.32476806640625,146.73269653320312,0.0029538846694221466,0.004164806858964809,93.73341369628906,80.79039764404297
Pakistan,HBL.KA,2025-04-07T19:00:00.000000000,146.73269653320312,148.02383422851562,-0.010733686315223756,0.004208928012798374,93.76802825927734,80.79039764404297
Pakistan,HBL.KA,2025-04-14T19:00:00.000000000,148.02383422851562,139.97610473632812,0.008799250104562395,-0.009011230520934665,93.79147338867188,80.79039764404297
Pakistan,HBL.KA,2025-04-21T19:00:00.000000000,139.97610473632812,147.9073486328125,-0.054367795119829254,-0.02316168491287318,92.12996673583984,80.79039764404297
Pakistan,HBL.KA,2025-04-28T19:00:00.000000000,147.9073486328125,140.49000549316406,0.056661413113505255,-0.024527804904560746,93.58319091796875,80.79039764404297
Pakistan,HBL.KA,2025-05-06T19:00:00.000000000,140.49000549316406,156.07000732421875,-0.050148577526478166,0.005880856137278512,92.42122650146484,80.79039764404297
Pakistan,HUBC.KA,2024-05-08T19:00:00.000000000,123.34016418457033,123.35833740234376,0.03940401074505817,0.03868882530067541,75.39713287353516,44.0507926940918
Pakistan,HUBC.KA,2024-05-15T19:00:00.000000000,123.35833740234376,124.79549407958984,0.00014734225378720822,0.02318267611305358,75.08457946777344,44.0507926940918
Pakistan,HUBC.KA,2024-05-22T19:00:00.000000000,124.79549407958984,127.1149444580078,0.011650259783890116,0.010928665291340955,75.19739532470703,44.0507926940918
Pakistan,HUBC.KA,2024-05-29T19:00:00.000000000,127.1149444580078,128.00633239746094,0.01858601062101406,0.016803171232796066,75.86190795898438,44.05078887939453
Pakistan,HUBC.KA,2024-06-05T19:00:00.000000000,128.00633239746094,131.70835876464844,0.0070124558780546575,0.023079562448430346,76.0890121459961,44.05078887939453
Pakistan,HUBC.KA,2024-06-12T19:00:00.000000000,131.70835876464844,149.11788940429688,0.028920650235432666,0.002417917127053304,76.26445770263672,44.0507926940918
Pakistan,HUBC.KA,2024-06-24T19:00:00.000000000,149.11788940429688,149.0996856689453,0.13218242792591295,0.08035518009607334,81.69924926757812,44.05078887939453
Pakistan,HUBC.KA,2024-07-01T19:00:00.000000000,149.0996856689453,147.47152709960938,-0.0001220761333484699,0.09078569245298995,81.2314682006836,44.05078887939453
Pakistan,HUBC.KA,2024-07-08T19:00:00.000000000,147.47152709960938,148.48117065429688,-0.010919932943058153,0.05430480965069773,81.05714416503906,44.05078887939453
Pakistan,HUBC.KA,2024-07-15T19:00:00.000000000,148.48117065429688,139.4398651123047,0.006846362647384474,0.002155054804786838,80.97628021240234,44.05078887939453
Pakistan,HUBC.KA,2024-07-22T19:00:00.000000000,139.4398651123047,134.2552032470703,-0.06089193331484921,-0.029623528883594763,78.6844711303711,44.05078887939453
Pakistan,HUBC.KA,2024-07-29T19:00:00.000000000,134.2552032470703,131.0625457763672,-0.03718206311415073,-0.05997670362007934,77.48580932617188,44.05078887939453
Pakistan,HUBC.KA,2024-08-05T19:00:00.000000000,131.0625457763672,133.1455078125,-0.02378051199123854,-0.04866355573034009,77.11387634277344,44.05078887939453
Pakistan,HUBC.KA,2024-08-12T19:00:00.000000000,133.1455078125,132.79986572265625,0.015892885521138655,-0.0226964590520623,77.86135864257812,44.05078887939453
Pakistan,HUBC.KA,2024-08-20T19:00:00.000000000,132.79986572265625,138.2937774658203,-0.002595972598117946,0.004066655360189353,77.49578094482422,44.0507926940918
Pakistan,HUBC.KA,2024-08-27T19:00:00.000000000,138.2937774658203,140.549560546875,0.04136985917318414,0.020771527600983664,78.66348266601562,44.0507926940918
Pakistan,HUBC.KA,2024-09-03T19:00:00.000000000,140.549560546875,135.67416381835938,0.016311529863389573,0.027921099933676308,79.01753234863281,44.0507926940918
Pakistan,HUBC.KA,2024-09-10T19:00:00.000000000,135.67416381835938,139.82188415527344,-0.03468809656569238,0.004851940501921392,78.13807678222656,44.0507926940918
Pakistan,HUBC.KA,2024-09-17T19:00:00.000000000,139.82188415527344,123.4441909790039,0.03057118776473189,0.0017244257225654813,78.88763427734375,44.0507926940918
Pakistan,HUBC.KA,2024-09-24T19:00:00.000000000,123.4441909790039,119.16921997070312,-0.11713254527511563,-0.04124045803666776,75.47923278808594,44.0507926940918
Pakistan,HUBC.KA,2024-10-01T19:00:00.000000000,119.16921997070312,107.75971221923828,-0.034630799346628605,-0.0973479811966027,74.05300903320312,44.0507926940918
Pakistan,HUBC.KA,2024-10-08T19:00:00.000000000,107.75971221923828,97.94850158691406,-0.09574206959036724,-0.08917633079171783,71.2965087890625,44.0507926940918
Pakistan,HUBC.KA,2024-10-15T19:00:00.000000000,97.94850158691406,102.70486450195312,-0.09104711241584618,-0.13952617305564974,67.81311798095703,44.0507926940918
Pakistan,HUBC.KA,2024-10-22T19:00:00.000000000,102.70486450195312,99.45050811767578,0.04855983336119274,-0.08157228019956397,68.71116638183594,44.0507926940918
Pakistan,HUBC.KA,2024-10-29T19:00:00.000000000,99.45050811767578,104.45721435546876,-0.03168648729598833,-0.02456373773803877,68.68889617919922,44.0507926940918
Pakistan,HUBC.KA,2024-11-05T19:00:00.000000000,104.45721435546876,105.4970703125,0.05034369690568852,0.01621444949432549,69.76233673095703,44.0507926940918
Pakistan,HUBC.KA,2024-11-12T19:00:00.000000000,105.4970703125,107.6056671142578,0.009954850542850835,0.04358131026407852,70.43550109863281,44.0507926940918
Pakistan,HUBC.KA,2024-11-19T19:00:00.000000000,107.6056671142578,106.25770568847656,0.01998725457978856,0.027269676530866427,70.70462799072266,44.0507926940918
Pakistan,HUBC.KA,2024-11-26T19:00:00.000000000,106.25770568847656,109.85868072509766,-0.012526862775265712,-0.0023992581245185773,70.19705200195312,44.0507926940918
Pakistan,HUBC.KA,2024-12-03T19:00:00.000000000,109.85868072509766,115.01943969726562,0.03388907198107893,-0.0008963787853234484,70.80686950683594,44.0507926940918
Pakistan,HUBC.KA,2024-12-10T19:00:00.000000000,115.01943969726562,126.67929077148438,0.046976342134326776,0.06430387475828181,72.98291778564453,44.0507926940918
Pakistan,HUBC.KA,2024-12-17T19:00:00.000000000,126.67929077148438,122.18287658691406,0.10137287318480959,0.10199742451472726,76.9968032836914,44.0507926940918
Pakistan,HUBC.KA,2024-12-25T19:00:00.000000000,122.18287658691406,127.70951080322266,-0.03549446920003174,0.050421494214746954,75.09296417236328,44.0507926940918
Pakistan,HUBC.KA,2025-01-01T19:00:00.000000000,127.70951080322266,122.55838012695312,0.04523247750168369,0.026220697338422472,76.0391616821289,44.0507926940918
Pakistan,HUBC.KA,2025-01-08T19:00:00.000000000,122.55838012695312,126.80445098876952,-0.04033474597053699,0.0071122647291130825,75.2104263305664,44.0507926940918
Pakistan,HUBC.KA,2025-01-15T19:00:00.000000000,126.80445098876952,127.65174102783205,0.03464529196141508,-0.003213235353571653,75.81887817382812,44.0507926940918
Pakistan,HUBC.KA,2025-01-22T19:00:00.000000000,127.65174102783205,125.3313217163086,0.006681863550180633,0.0288291953885762,76.05850982666016,44.0507926940918
Pakistan,HUBC.KA,2025-01-29T19:00:00.000000000,125.3313217163086,121.71109771728516,-0.018177733361408155,-0.009483937873714932,75.0224838256836,44.0507926940918
Pakistan,HUBC.KA,2025-02-06T19:00:00.000000000,121.71109771728516,126.0245590209961,-0.02888522956151318,-0.019343533164600912,74.57038116455078,44.0507926940918
Pakistan,HUBC.KA,2025-02-13T19:00:00.000000000,126.0245590209961,125.2542953491211,0.03544016432856756,-0.0008416415856488113,75.69125366210938,44.0507926940918
Pakistan,HUBC.KA,2025-02-20T19:00:00.000000000,125.2542953491211,126.33267211914062,-0.006112012435184777,0.01460728765535002,75.56229400634766,44.0507926940918
Pakistan,HUBC.KA,2025-02-27T19:00:00.000000000,126.33267211914062,132.0399932861328,0.00860949931508359,0.010495852200299582,75.74584197998047,44.0507926940918
Pakistan,HUBC.KA,2025-03-06T19:00:00.000000000,132.0399932861328,133.24000549316406,0.04517692114997596,0.013175967577485626,76.92756652832031,44.0507926940918
Pakistan,HUBC.KA,2025-03-13T19:00:00.000000000,133.24000549316406,141.07000732421875,0.009088248016120515,0.024864777251654147,77.34732055664062,44.0507926940918
Pakistan,HUBC.KA,2025-03-20T19:00:00.000000000,141.07000732421875,146.32000732421875,0.05876614761514998,0.05353314681836552,79.59014892578125,44.0507926940918
Pakistan,HUBC.KA,2025-03-27T19:00:00.000000000,146.32000732421875,136.3699951171875,0.037215564807719925,0.057411755590028646,80.43484497070312,44.05078887939453
Pakistan,HUBC.KA,2025-04-07T19:00:00.000000000,136.3699951171875,142.47000122070312,-0.06800172026361251,0.018708247106491438,78.30613708496094,44.0507926940918
Pakistan,HUBC.KA,2025-04-14T19:00:00.000000000,142.47000122070312,145.77999877929688,0.044731292233850084,-0.009532759600573981,79.6993179321289,44.05078887939453
Pakistan,HUBC.KA,2025-04-21T19:00:00.000000000,145.77999877929688,137.1199951171875,0.0232329439898451,0.01262062488102722,80.51863861083984,44.05078887939453
Pakistan,HUBC.KA,2025-04-28T19:00:00.000000000,137.1199951171875,127.27999877929688,-0.059404607865446324,-0.014142809049097815,78.16053771972656,44.05078887939453
Pakistan,HUBC.KA,2025-05-06T19:00:00.000000000,127.27999877929688,137.97000122070312,-0.07176193617481552,-0.04218062603886319,76.39724731445312,44.05078887939453
Pakistan,LUCK.KA,2024-05-08T19:00:00.000000000,833.25634765625,888.8958129882812,-0.0007409497522177233,0.025213798489997385,662.32470703125,621.1097412109375
Pakistan,LUCK.KA,2024-05-15T19:00:00.000000000,888.8958129882812,869.452392578125,0.06677352712467388,0.03747992070275208,674.3683471679688,621.1097412109375
Pakistan,LUCK.KA,2024-05-22T19:00:00.000000000,869.452392578125,894.9051513671875,-0.02187367757396852,0.019515011181612252,670.0059204101562,621.1097412109375
Pakistan,LUCK.KA,2024-05-29T19:00:00.000000000,894.9051513671875,911.9368896484376,0.029274470927142193,0.01813592813200149,674.0711059570312,621.1097412109375
Pakistan,LUCK.KA,2024-06-05T19:00:00.000000000,911.9368896484376,953.98291015625,0.01903189210077727,0.020028206847958696,679.0596923828125,621.1097412109375
Pakistan,LUCK.KA,2024-06-12T19:00:00.000000000,953.98291015625,901.3032836914062,0.04610628321442456,0.01595027881318445,680.7655029296875,621.1097412109375
Pakistan,LUCK.KA,2024-06-24T19:00:00.000000000,901.3032836914062,898.5726928710938,-0.055220723457420795,0.017445991037817743,678.6047973632812,621.1097412109375
Pakistan,LUCK.KA,2024-07-01T19:00:00.000000000,898.5726928710938,920.726806640625,-0.0030296026539801124,-0.009541663105506859,675.0220947265625,621.1097412109375
Pakistan,LUCK.KA,2024-07-08T19:00:00.000000000,920.726806640625,921.32470703125,0.02465478190611936,0.007754199275528784,682.8560791015625,621.1097412109375
Pakistan,LUCK.KA,2024-07-15T19:00:00.000000000,921.32470703125,904.5521850585938,0.0006493787150680941,-0.001927199515300182,680.0720825195312,621.1097412109375
Pakistan,LUCK.KA,2024-07-22T19:00:00.000000000,904.5521850585938,892.2842407226562,-0.018204789087553852,0.005445365163472937,678.2528686523438,621.1097412109375
Pakistan,LUCK.KA,2024-07-29T19:00:00.000000000,892.2842407226562,852.5004272460938,-0.013562450612114585,-0.012710409157696057,674.6697387695312,621.1097412109375
Pakistan,LUCK.KA,2024-08-05T19:00:00.000000000,852.5004272460938,865.4760131835938,-0.04458648002607535,-0.03281013373396924,666.4558715820312,621.1097412109375
Pakistan,LUCK.KA,2024-08-12T19:00:00.000000000,865.4760131835938,846.9693603515625,0.01522062103759425,-0.026411618184866148,666.6751708984375,621.1097412109375
Pakistan,LUCK.KA,2024-08-20T19:00:00.000000000,846.9693603515625,827.266845703125,-0.021383207102361856,-0.0238383504422659,663.0601806640625,621.1097412109375
Pakistan,LUCK.KA,2024-08-27T19:00:00.000000000,827.266845703125,839.0364990234375,-0.023262370010952105,-0.01828127480509234,658.9613037109375,621.1097412109375
Pakistan,LUCK.KA,2024-09-03T19:00:00.000000000,839.0364990234375,875.97998046875,0.014227154613345006,-0.020446783363489374,658.7197265625,621.1097412109375
Pakistan,LUCK.KA,2024-09-10T19:00:00.000000000,875.97998046875,855.4400024414062,0.044030839526422616,0.014171882534590674,670.0989990234375,621.1097412109375
Pakistan,LUCK.KA,2024-09-17T19:00:00.000000000,855.4400024414062,896.1900024414062,-0.02344799936678066,0.008365238495618543,664.4454345703125,621.1097412109375
Pakistan,LUCK.KA,2024-09-24T19:00:00.000000000,896.1900024414062,895.1099853515625,0.04763630398824037,0.03532060290488159,675.0260009765625,621.1097412109375
Pakistan,LUCK.KA,2024-10-01T19:00:00.000000000,895.1099853515625,904.8400268554688,-0.0012051206629192235,0.023375522239127422,674.5275268554688,621.1097412109375
Pakistan,LUCK.KA,2024-10-08T19:00:00.000000000,904.8400268554688,840.5399780273438,0.010870218926319675,0.03218883231684244,679.3951416015625,621.1097412109375
Pakistan,LUCK.KA,2024-10-15T19:00:00.000000000,840.5399780273438,863.5999755859375,-0.07106233910935922,-0.039862499241773985,659.7256469726562,621.1097412109375
Pakistan,LUCK.KA,2024-10-22T19:00:00.000000000,863.5999755859375,900.72998046875,0.027434742143631397,-0.029284368712493514,666.7881469726562,621.1097412109375
Pakistan,LUCK.KA,2024-10-29T19:00:00.000000000,900.72998046875,1001.6199951171876,0.04299444874071523,0.030391259140583937,682.2482299804688,621.1097412109375
Pakistan,LUCK.KA,2024-11-05T19:00:00.000000000,1001.6199951171876,1018.3499755859376,0.11200916682703665,0.0686877208141925,699.7681884765625,621.1097412109375
Pakistan,LUCK.KA,2024-11-12T19:00:00.000000000,1018.3499755859376,1027.93994140625,0.016702921816963645,0.08183718157117559,704.5520629882812,621.1097412109375
Pakistan,LUCK.KA,2024-11-19T19:00:00.000000000,1027.93994140625,995.7100219726562,0.009417161143244979,0.06907153086180728,710.9419555664062,621.1097412109375
Pakistan,LUCK.KA,2024-11-26T19:00:00.000000000,995.7100219726562,1067.02001953125,-0.03135389348671702,0.0020328319669125072,695.969482421875,621.1097412109375
Pakistan,LUCK.KA,2024-12-03T19:00:00.000000000,1067.02001953125,1218.530029296875,0.07161723391848307,0.01781730163597417,715.0335693359375,621.1097412109375
Pakistan,LUCK.KA,2024-12-10T19:00:00.000000000,1218.530029296875,1135.68994140625,0.1419935961765595,0.09556823653499813,756.6116943359375,621.1097412109375
Pakistan,LUCK.KA,2024-12-17T19:00:00.000000000,1135.68994140625,1064.0,-0.0679836244482428,0.09430436744016224,747.2424926757812,621.1097412109375
Pakistan,LUCK.KA,2024-12-25T19:00:00.000000000,1064.0,1192.449951171875,-0.06312457193860599,-0.024603198062183584,720.2324829101562,621.1097412109375
Pakistan,LUCK.KA,2025-01-01T19:00:00.000000000,1192.449951171875,1102.260009765625,0.12072363831943145,-0.029401491015310532,739.7572021484375,621.1097412109375
Pakistan,LUCK.KA,2025-01-08T19:00:00.000000000,1102.260009765625,1099.1500244140625,-0.07563415245865557,-0.002447973014465643,732.9451293945312,621.1097412109375
Pakistan,LUCK.KA,2025-01-15T19:00:00.000000000,1099.1500244140625,1106.8299560546875,-0.0028214625623801393,-0.007882982071246825,724.58154296875,621.1097412109375
Pakistan,LUCK.KA,2025-01-22T19:00:00.000000000,1106.8299560546875,1113.719970703125,0.006987155047118332,-0.0031890066904173286,726.9429931640625,621.1097412109375
Pakistan,LUCK.KA,2025-01-29T19:00:00.000000000,1113.719970703125,1209.3399658203125,0.006224998348433708,-0.014745120073567541,722.2256469726562,621.1097412109375
Pakistan,LUCK.KA,2025-02-06T19:00:00.000000000,1209.3399658203125,1366.3699951171875,0.08585640702556474,0.060531596580922775,752.4030151367188,621.1097412109375
Pakistan,LUCK.KA,2025-02-13T19:00:00.000000000,1366.3699951171875,1422.52001953125,0.12984771340981793,0.07319189941633764,778.5098876953125,621.1097412109375
Pakistan,LUCK.KA,2025-02-20T19:00:00.000000000,1422.52001953125,284.8320007324219,0.04109430433536909,0.1430719916600658,815.7125244140625,621.1097412109375
Pakistan,LUCK.KA,2025-02-27T19:00:00.000000000,284.8320007324219,1448.949951171875,-0.7997694255112979,-0.3466076495982494,512.4035034179688,621.1097412109375
Pakistan,LUCK.KA,2025-03-06T19:00:00.000000000,1448.949951171875,1464.1099853515625,4.087033575742965,0.1787028466617373,830.9364624023438,621.1097412109375
Pakistan,LUCK.KA,2025-03-13T19:00:00.000000000,1464.1099853515625,1527.7900390625,0.010462772828990108,0.14895613399863716,821.2236328125,621.1097412109375
Pakistan,LUCK.KA,2025-03-20T19:00:00.000000000,1527.7900390625,1496.5999755859375,0.043494036887977705,0.18219375714604102,831.1776733398438,621.1097412109375
Pakistan,LUCK.KA,2025-03-27T19:00:00.000000000,1496.5999755859375,1574.1500244140625,-0.020415150432386397,0.014169451682098044,820.985595703125,621.1097412109375
Pakistan,LUCK.KA,2025-04-07T19:00:00.000000000,1574.1500244140625,343.2460021972656,0.05181748636455996,0.01135869038656212,828.3303833007812,621.1097412109375
Pakistan,LUCK.KA,2025-04-14T19:00:00.000000000,343.2460021972656,350.2900085449219,-0.781948355065439,-0.5485999579817056,497.1116943359375,621.1097412109375
Pakistan,LUCK.KA,2025-04-21T19:00:00.000000000,350.2900085449219,349.1600036621094,0.020521743305281115,-0.6454221795171662,532.52294921875,621.1097412109375
Pakistan,LUCK.KA,2025-04-28T19:00:00.000000000,349.1600036621094,304.9200134277344,-0.003225912401859432,-0.4978114984473586,553.330322265625,621.1097412109375
Pakistan,LUCK.KA,2025-05-06T19:00:00.000000000,304.9200134277344,351.1000061035156,-0.12670406051773075,-0.18678104830408648,532.8836669921875,621.1097412109375
Pakistan,MARI.KA,2024-05-08T19:00:00.000000000,2622.62353515625,2698.399658203125,0.01124418833754226,0.011189864428124308,1869.7703857421875,1541.197021484375
Pakistan,MARI.KA,2024-05-15T19:00:00.000000000,2698.399658203125,2680.841064453125,0.028893252131347413,0.007155846229031315,1886.81787109375,1541.197021484375
Pakistan,MARI.KA,2024-05-22T19:00:00.000000000,2680.841064453125,2650.082275390625,-0.006507039717642216,0.011262607557371185,1888.1009521484375,1541.197021484375
Pakistan,MARI.KA,2024-05-29T19:00:00.000000000,2650.082275390625,2542.0947265625,-0.011473559350589357,0.012862240957911997,1892.121826171875,1541.197021484375
Pakistan,MARI.KA,2024-06-05T19:00:00.000000000,2542.0947265625,2583.350341796875,-0.04074875328623806,-0.024238925164039027,1861.2884521484375,1541.197021484375
Pakistan,MARI.KA,2024-06-12T19:00:00.000000000,2583.350341796875,2550.571044921875,0.0162289842322918,-0.04735826135841448,1841.553466796875,1541.197021484375
Pakistan,MARI.KA,2024-06-24T19:00:00.000000000,2550.571044921875,2575.4609375,-0.012688676539396537,-0.007137862736261491,1847.762451171875,1541.197021484375
Pakistan,MARI.KA,2024-07-01T19:00:00.000000000,2575.4609375,2569.630615234375,0.009758556864228662,0.008114819025499376,1855.9766845703125,1541.197021484375
Pakistan,MARI.KA,2024-07-08T19:00:00.000000000,2569.630615234375,2595.45361328125,-0.00226379759084383,0.012161691260800023,1856.408447265625,1541.197021484375
Pakistan,MARI.KA,2024-07-15T19:00:00.000000000,2595.45361328125,2588.132080078125,0.010049303543388843,-0.0028703116817224705,1854.3453369140625,1541.197021484375
Pakistan,MARI.KA,2024-07-22T19:00:00.000000000,2588.132080078125,2558.15234375,-0.002820906975821047,-9.837654543487506e-05,1855.6810302734375,1541.197021484375
Pakistan,MARI.KA,2024-07-29T19:00:00.000000000,2558.15234375,2493.18115234375,-0.011583541875196723,-0.0066563305568843045,1851.3284912109375,1541.197021484375
Pakistan,MARI.KA,2024-08-05T19:00:00.000000000,2493.18115234375,3267.143310546875,-0.02539770219900528,-0.017861260055475503,1834.9599609375,1541.197021484375
Pakistan,MARI.KA,2024-08-12T19:00:00.000000000,3267.143310546875,3144.83935546875,0.3104315775352109,0.10799929257232632,2007.32080078125,1541.197021484375
Pakistan,MARI.KA,2024-08-20T19:00:00.000000000,3144.83935546875,3261.447265625,-0.03743452412488546,0.1404370511612374,2021.367431640625,1541.197021484375
Pakistan,MARI.KA,2024-08-27T19:00:00.000000000,3261.447265625,3503.457275390625,0.03707913091124149,0.07139445494808827,2036.365478515625,1541.197021484375
Pakistan,MARI.KA,2024-09-03T19:00:00.000000000,3503.457275390625,383.3699645996094,0.0742032570375617,0.057007310650777576,2091.86962890625,1541.197021484375
Pakistan,MARI.KA,2024-09-10T19:00:00.000000000,383.3699645996094,457.489990234375,-0.890573814816433,-0.8463482101632549,1407.0291748046875,1541.197021484375
Pakistan,MARI.KA,2024-09-17T19:00:00.000000000,457.489990234375,423.8699951171875,0.19333811325615025,-0.7762440903208709,1457.736328125,1541.197021484375
Pakistan,MARI.KA,2024-09-24T19:00:00.000000000,423.8699951171875,437.5199890136719,-0.07348793598732895,-0.6200354574495507,1351.4219970703125,1541.197021484375
Pakistan,MARI.KA,2024-10-01T19:00:00.000000000,437.5199890136719,413.0799865722656,0.03220325584194872,0.032387844547611566,1416.8369140625,1541.197021484375
Pakistan,MARI.KA,2024-10-08T19:00:00.000000000,413.0799865722656,426.239990234375,-0.05586031051176166,-0.014088882612730336,1347.001220703125,1541.197021484375
Pakistan,MARI.KA,2024-10-15T19:00:00.000000000,426.239990234375,427.3699951171875,0.03185824559381589,-0.022377833149270998,1386.037109375,1541.197021484375
Pakistan,MARI.KA,2024-10-22T19:00:00.000000000,427.3699951171875,413.6000061035156,0.002651100104875459,0.017539751905594425,1367.6629638671875,1541.197021484375
Pakistan,MARI.KA,2024-10-29T19:00:00.000000000,413.6000061035156,412.2099914550781,-0.03222029897044143,0.0072526570248789834,1375.947998046875,1541.197021484375
Pakistan,MARI.KA,2024-11-05T19:00:00.000000000,412.2099914550781,456.25,-0.0033607703769946706,-0.017404869742536855,1352.186767578125,1541.197021484375
Pakistan,MARI.KA,2024-11-12T19:00:00.000000000,456.25,457.7999877929687,0.10683877018473797,0.003364103497454307,1627.867431640625,1541.197021484375
Pakistan,MARI.KA,2024-11-19T19:00:00.000000000,457.7999877929687,455.0400085449219,0.003397233518835474,0.07353531649401357,1400.3616943359375,1541.197021484375
Pakistan,MARI.KA,2024-11-26T19:00:00.000000000,455.0400085449219,508.5899963378906,-0.006028788382788197,0.03496281145141911,1416.5897216796875,1541.197021484375
Pakistan,MARI.KA,2024-12-03T19:00:00.000000000,508.5899963378906,700.1400146484375,0.11768193298915652,0.049049618326688194,1475.3729248046875,1541.197021484375
Pakistan,MARI.KA,2024-12-10T19:00:00.000000000,700.1400146484375,728.780029296875,0.37662954381683766,0.24008225755350043,1566.5908203125,1541.197021484375
Pakistan,MARI.KA,2024-12-17T19:00:00.000000000,728.780029296875,673.0599975585938,0.040906124559697554,0.36055962344912795,1683.7694091796875,1541.197021484375
Pakistan,MARI.KA,2024-12-25T19:00:00.000000000,673.0599975585938,713.489990234375,-0.07645658428928104,0.06248994434669686,1526.731201171875,1541.197021484375
Pakistan,MARI.KA,2025-01-01T19:00:00.000000000,713.489990234375,669.4500122070312,0.06006892821209675,0.008725907593953641,1425.97509765625,1541.197021484375
Pakistan,MARI.KA,2025-01-08T19:00:00.000000000,669.4500122070312,682.4600219726562,-0.0617247314329904,-0.040289775794773885,1424.7923583984375,1541.197021484375
Pakistan,MARI.KA,2025-01-15T19:00:00.000000000,682.4600219726562,595.25,0.019433877852558235,-0.009116821233157268,1416.5426025390625,1541.197021484375
Pakistan,MARI.KA,2025-01-22T19:00:00.000000000,595.25,602.0,-0.12778773725173664,-0.060974285961587826,1528.2030029296875,1541.197021484375
Pakistan,MARI.KA,2025-01-29T19:00:00.000000000,602.0,555.1099853515625,0.011339773204535941,-0.1363941408580871,1537.6312255859375,1541.197021484375
Pakistan,MARI.KA,2025-02-06T19:00:00.000000000,555.1099853515625,579.4400024414062,-0.07789038978145768,-0.0743308499038301,1417.8157958984375,1541.197021484375
Pakistan,MARI.KA,2025-02-13T19:00:00.000000000,579.4400024414062,562.010009765625,0.043829182922074494,-0.011429529655224369,1408.2459716796875,1541.197021484375
Pakistan,MARI.KA,2025-02-20T19:00:00.000000000,562.010009765625,548.5599975585938,-0.030080754870809634,-0.001423689577681908,1377.4110107421875,1541.197021484375
Pakistan,MARI.KA,2025-02-27T19:00:00.000000000,548.5599975585938,567.3200073242188,-0.023931979810538073,-0.017023256253895336,1390.47265625,1541.197021484375
Pakistan,MARI.KA,2025-03-06T19:00:00.000000000,567.3200073242188,605.6599731445312,0.03419864709260212,-0.01837896653006721,1390.8516845703125,1541.197021484375
Pakistan,MARI.KA,2025-03-13T19:00:00.000000000,605.6599731445312,693.239990234375,0.06758084559919553,0.01878233168384691,1486.4564208984375,1541.197021484375
Pakistan,MARI.KA,2025-03-20T19:00:00.000000000,693.239990234375,684.1599731445312,0.14460261693559895,0.12657219892771798,1579.9921875,1541.197021484375
Pakistan,MARI.KA,2025-03-27T19:00:00.000000000,684.1599731445312,688.0999755859375,-0.013097941863933649,0.10084419761450847,1397.6746826171875,1541.197021484375
Pakistan,MARI.KA,2025-04-07T19:00:00.000000000,688.0999755859375,673.9299926757812,0.005758890604630418,0.04458966679567311,1559.0577392578125,1541.197021484375
Pakistan,MARI.KA,2025-04-14T19:00:00.000000000,673.9299926757812,651.5599975585938,-0.02059291296746535,0.015578043491101923,1464.1712646484375,1541.197021484375
Pakistan,MARI.KA,2025-04-21T19:00:00.000000000,651.5599975585938,624.219970703125,-0.0331933514761219,-0.027682907754936092,1429.2635498046875,1541.197021484375
Pakistan,MARI.KA,2025-04-28T19:00:00.000000000,624.219970703125,599.030029296875,-0.04196087383803837,-0.060586757996721086,1459.842529296875,1541.197021484375
Pakistan,MARI.KA,2025-05-06T19:00:00.000000000,599.030029296875,647.3599853515625,-0.040354270270904546,-0.0514411980067534,1441.5240478515625,1541.197021484375
Pakistan,MCB.KA,2024-05-08T19:00:00.000000000,177.7879638671875,189.25648498535156,0.02404371123640625,0.00819238924028487,119.90872192382812,91.38641357421875
Pakistan,MCB.KA,2024-05-15T19:00:00.000000000,189.25648498535156,179.01675415039062,0.06450673526320028,0.021690344020799834,122.16143798828125,91.38641357421875
Pakistan,MCB.KA,2024-05-22T19:00:00.000000000,179.01675415039062,176.31520080566406,-0.054105046047713934,0.022171494537954528,122.12394714355469,91.38641357421875
Pakistan,MCB.KA,2024-05-29T19:00:00.000000000,176.31520080566406,175.8446044921875,-0.015091064283608957,-0.007428344732649861,121.12763977050781,91.38641357421875
Pakistan,MCB.KA,2024-06-05T19:00:00.000000000,175.8446044921875,187.04296875,-0.0026690626294624265,-0.01478331395587118,120.42500305175781,91.38641357421875
Pakistan,MCB.KA,2024-06-12T19:00:00.000000000,187.04296875,209.92767333984375,0.06368329747820067,-0.02094607443002916,119.94158935546875,91.38641357421875
Pakistan,MCB.KA,2024-06-24T19:00:00.000000000,209.92767333984375,200.49839782714844,0.12234998590313895,0.12628111423832689,130.0409393310547,91.38641357421875
Pakistan,MCB.KA,2024-07-01T19:00:00.000000000,200.49839782714844,195.26087951660156,-0.04491678187387249,0.058846792045730956,127.94271850585938,91.38641357421875
Pakistan,MCB.KA,2024-07-08T19:00:00.000000000,195.26087951660156,199.9319305419922,-0.026122494580042455,0.010472683108086578,126.67367553710938,91.38641357421875
Pakistan,MCB.KA,2024-07-15T19:00:00.000000000,199.9319305419922,197.7184295654297,0.02392210378727433,-0.03148162281534039,126.89322662353516,91.38641357421875
Pakistan,MCB.KA,2024-07-22T19:00:00.000000000,197.7184295654297,198.9384765625,-0.011071272960561873,0.001747583962382393,127.0900650024414,91.38641357421875
Pakistan,MCB.KA,2024-07-29T19:00:00.000000000,198.9384765625,192.9602203369141,0.006170628604282857,-0.0007054889171682621,127.18988037109375,91.38641357421875
Pakistan,MCB.KA,2024-08-05T19:00:00.000000000,192.9602203369141,198.56375122070312,-0.0300507791598964,-0.005475785075563566,126.43042755126953,91.38641357421875
Pakistan,MCB.KA,2024-08-12T19:00:00.000000000,198.56375122070312,193.40219116210935,0.029039824239447398,-0.005063673248853706,127.21044921875,91.38641357421875
Pakistan,MCB.KA,2024-08-20T19:00:00.000000000,193.40219116210935,192.27781677246097,-0.02599447294313406,-0.00044644835864249277,126.48440551757812,91.38641357421875
Pakistan,MCB.KA,2024-08-27T19:00:00.000000000,192.27781677246097,194.90740966796875,-0.005813659001959959,-0.006865059668786366,126.191162109375,91.38641357421875
Pakistan,MCB.KA,2024-09-03T19:00:00.000000000,194.90740966796875,196.85693359375,0.013676007662493994,-0.007221530136997889,126.22775268554688,91.38641357421875
Pakistan,MCB.KA,2024-09-10T19:00:00.000000000,196.85693359375,199.6588134765625,0.010002307911753272,0.01335568370316409,127.48130798339844,91.38641357421875
Pakistan,MCB.KA,2024-09-17T19:00:00.000000000,199.6588134765625,221.76556396484375,0.014233076944064837,0.005691539651318411,127.25443267822266,91.38641357421875
Pakistan,MCB.KA,2024-09-24T19:00:00.000000000,221.76556396484375,220.36007690429688,0.11072263780069158,0.06592305167969204,131.4809112548828,91.38641357421875
Pakistan,MCB.KA,2024-10-01T19:00:00.000000000,220.36007690429688,225.33816528320312,-0.006337715538061062,0.05822817896647092,131.2654571533203,91.38641357421875
Pakistan,MCB.KA,2024-10-08T19:00:00.000000000,225.33816528320312,232.60128784179688,0.02259069995273344,0.044969279467589995,131.41575622558594,91.38641357421875
Pakistan,MCB.KA,2024-10-15T19:00:00.000000000,232.60128784179688,219.2266387939453,0.03223210124865239,0.04937099085061658,133.1367645263672,91.38641357421875
Pakistan,MCB.KA,2024-10-22T19:00:00.000000000,219.2266387939453,238.8760528564453,-0.05750032242705505,-0.005063144436294742,130.37786865234375,91.38641357421875
Pakistan,MCB.KA,2024-10-29T19:00:00.000000000,238.8760528564453,231.48745727539065,0.08963059494320302,0.02475901595302732,133.66311645507812,91.38641357421875
Pakistan,MCB.KA,2024-11-05T19:00:00.000000000,231.48745727539065,227.6006774902344,-0.03093066673156597,0.001861707794746037,132.29074096679688,91.38641357421875
Pakistan,MCB.KA,2024-11-12T19:00:00.000000000,227.6006774902344,229.140380859375,-0.016790455219058864,0.0008964392539518862,131.67886352539062,91.38641357421875
Pakistan,MCB.KA,2024-11-19T19:00:00.000000000,229.140380859375,262.2998962402344,0.006764933154500996,0.0010269882724973645,132.2275848388672,91.38641357421875
Pakistan,MCB.KA,2024-11-26T19:00:00.000000000,262.2998962402344,257.9249267578125,0.1447126659059259,0.05414952259554062,138.50967407226562,91.38641357421875
Pakistan,MCB.KA,2024-12-03T19:00:00.000000000,257.9249267578125,248.00148010253903,-0.016679265013566535,0.06210661964512276,139.16552734375,91.38641357421875
Pakistan,MCB.KA,2024-12-10T19:00:00.000000000,248.00148010253903,252.25437927246097,-0.03847416680510074,0.039420389636465325,137.61602783203125,91.38641357421875
Pakistan,MCB.KA,2024-12-17T19:00:00.000000000,252.25437927246097,251.51271057128903,0.01714868462947683,-0.01658000547092564,137.28659057617188,91.38641357421875
Pakistan,MCB.KA,2024-12-25T19:00:00.000000000,251.51271057128903,265.82049560546875,-0.002940161845003453,-0.01458500349049896,137.20864868164062,91.38641357421875
Pakistan,MCB.KA,2025-01-01T19:00:00.000000000,265.82049560546875,265.09759521484375,0.05688692631748449,0.03211324895863554,140.83706665039062,91.38641357421875
Pakistan,MCB.KA,2025-01-08T19:00:00.000000000,265.09759521484375,264.5530700683594,-0.002719505841633607,0.04111976336863221,141.25668334960938,91.38641357421875
Pakistan,MCB.KA,2025-01-15T19:00:00.000000000,264.5530700683594,268.59942626953125,-0.002054055398137744,0.014683605331871963,141.08018493652344,91.38641357421875
Pakistan,MCB.KA,2025-01-22T19:00:00.000000000,268.59942626953125,264.4779357910156,0.015295064238439293,0.006182601475585914,141.64401245117188,91.38641357421875
Pakistan,MCB.KA,2025-01-29T19:00:00.000000000,264.4779357910156,261.7553405761719,-0.015344375584703696,-0.0050405736182185246,140.815185546875,91.38641357421875
Pakistan,MCB.KA,2025-02-06T19:00:00.000000000,261.7553405761719,260.3752746582031,-0.010294224380952066,-0.0044474735648241115,140.7401123046875,91.38641357421875
Pakistan,MCB.KA,2025-02-13T19:00:00.000000000,260.3752746582031,254.5169677734375,-0.005272350565726613,-0.015350081439656216,140.05332946777344,91.38641357421875
Pakistan,MCB.KA,2025-02-20T19:00:00.000000000,254.5169677734375,268.65576171875,-0.022499474623525084,-0.01745985170197084,138.9704132080078,91.38641357421875
Pakistan,MCB.KA,2025-02-27T19:00:00.000000000,268.65576171875,272.41107177734375,0.055551478822812195,0.023962065922490172,141.86526489257812,91.38641357421875
Pakistan,MCB.KA,2025-03-06T19:00:00.000000000,272.41107177734375,273.1419982910156,0.013978148224213838,0.015862635984761342,142.46987915039062,91.38641357421875
Pakistan,MCB.KA,2025-03-13T19:00:00.000000000,273.1419982910156,272.2603454589844,0.002683174765632401,0.02221079880298893,143.18359375,91.38641357421875
Pakistan,MCB.KA,2025-03-20T19:00:00.000000000,272.2603454589844,271.9212341308594,-0.003227818634803703,0.008782884443989891,143.2306671142578,91.38641357421875
Pakistan,MCB.KA,2025-03-27T19:00:00.000000000,271.9212341308594,272.1634521484375,-0.001245540651736543,-0.0033499565439552015,142.77005004882812,91.38641357421875
Pakistan,MCB.KA,2025-04-07T19:00:00.000000000,272.1634521484375,263.3564758300781,0.0008907653657586057,0.007259718922022262,143.453125,91.38641357421875
Pakistan,MCB.KA,2025-04-14T19:00:00.000000000,263.3564758300781,276.5814514160156,-0.032359143921925515,-0.017374419887873138,141.14854431152344,91.38641357421875
Pakistan,MCB.KA,2025-04-21T19:00:00.000000000,276.5814514160156,280.04998779296875,0.05021701305902382,0.002617782414618075,143.62124633789062,91.38641357421875
Pakistan,MCB.KA,2025-04-28T19:00:00.000000000,280.04998779296875,273.2200012207031,0.01254074110608383,0.013912441013887333,144.04344177246094,91.38641357421875
Pakistan,MCB.KA,2025-05-06T19:00:00.000000000,273.2200012207031,280.8699951171875,-0.02438845516863508,0.004502439889848553,142.91741943359375,91.38641357421875
Pakistan,MLCF.KA,2024-05-08T19:00:00.000000000,38.11000061035156,40.130001068115234,0.04382367467474513,0.015346782546553417,34.79813766479492,34.40763473510742
Pakistan,MLCF.KA,2024-05-15T19:00:00.000000000,40.130001068115234,37.689998626708984,0.05300447193419866,0.05490192043340003,35.2813835144043,34.40763473510742
Pakistan,MLCF.KA,2024-05-22T19:00:00.000000000,37.689998626708984,38.09000015258789,-0.06080245144436147,-0.000911265621243218,34.746299743652344,34.40763473510742
Pakistan,MLCF.KA,2024-05-29T19:00:00.000000000,38.09000015258789,37.59000015258789,0.010612935538698798,-0.02085951520107554,34.750938415527344,34.40763473510742
Pakistan,MLCF.KA,2024-06-05T19:00:00.000000000,37.59000015258789,39.310001373291016,-0.013126804883092924,-0.01203666786862645,34.73023986816406,34.40763473510742
Pakistan,MLCF.KA,2024-06-12T19:00:00.000000000,39.310001373291016,37.880001068115234,0.045756882514529806,-0.004662259209912922,34.881980895996094,34.40763473510742
Pakistan,MLCF.KA,2024-06-24T19:00:00.000000000,37.880001068115234,37.72999954223633,-0.036377518575905876,0.005034914993716555,34.77369689941406,34.40763473510742
Pakistan,MLCF.KA,2024-07-01T19:00:00.000000000,37.72999954223633,39.72999954223633,-0.003959913454310016,-0.0042437961989052475,34.717708587646484,34.40763473510742
Pakistan,MLCF.KA,2024-07-08T19:00:00.000000000,39.72999954223633,38.75,0.05300821691665081,0.007192345519968946,35.105804443359375,34.40763473510742
Pakistan,MLCF.KA,2024-07-15T19:00:00.000000000,38.75,36.779998779296875,-0.024666487629694145,0.008986886796297444,34.91842269897461,34.40763473510742
Pakistan,MLCF.KA,2024-07-22T19:00:00.000000000,36.779998779296875,36.279998779296875,-0.05083874117943543,-0.010047823165876046,34.57627487182617,34.40763473510742
Pakistan,MLCF.KA,2024-07-29T19:00:00.000000000,36.279998779296875,33.66999816894531,-0.013594345203770009,-0.032350951907335834,34.523902893066406,34.40763473510742
Pakistan,MLCF.KA,2024-08-05T19:00:00.000000000,33.66999816894531,32.4900016784668,-0.07194048230897288,-0.06336388676899518,33.913028717041016,34.40763473510742
Pakistan,MLCF.KA,2024-08-12T19:00:00.000000000,32.4900016784668,33.060001373291016,-0.0350459327190239,-0.0612990002291004,33.71663284301758,34.40763473510742
Pakistan,MLCF.KA,2024-08-20T19:00:00.000000000,33.060001373291016,32.95000076293945,0.017543849349875407,-0.046143539475495654,33.68834686279297,34.40763473510742
Pakistan,MLCF.KA,2024-08-27T19:00:00.000000000,32.95000076293945,33.88999938964844,-0.0033273020502785355,-0.00635724619846012,33.70546340942383,34.40763473510742
Pakistan,MLCF.KA,2024-09-03T19:00:00.000000000,33.88999938964844,33.25,0.028528030499053836,-0.004970032380006706,33.77988815307617,34.40763473510742
Pakistan,MLCF.KA,2024-09-10T19:00:00.000000000,33.25,32.779998779296875,-0.018884609063873903,0.014177986857453195,33.87287139892578,34.40763473510742
Pakistan,MLCF.KA,2024-09-17T19:00:00.000000000,32.779998779296875,33.130001068115234,-0.014135375058740629,0.004140648533443869,33.73058319091797,34.40763473510742
Pakistan,MLCF.KA,2024-09-24T19:00:00.000000000,33.130001068115234,33.25,0.01067731244210468,-0.014193989178459265,33.63584518432617,34.40763473510742
Pakistan,MLCF.KA,2024-10-01T19:00:00.000000000,33.25,35.34000015258789,0.0036220624212492947,-0.007503858841648059,33.73851776123047,34.40763473510742
Pakistan,MLCF.KA,2024-10-08T19:00:00.000000000,35.34000015258789,38.119998931884766,0.06285714744625226,0.039355969391557055,34.21067810058594,34.40763473510742
Pakistan,MLCF.KA,2024-10-15T19:00:00.000000000,38.119998931884766,38.81999969482422,0.07866436806150667,0.0648314590971919,34.69761276245117,34.40763473510742
Pakistan,MLCF.KA,2024-10-22T19:00:00.000000000,38.81999969482422,38.2400016784668,0.018363084537076135,0.06545714869259323,34.900733947753906,34.40763473510742
Pakistan,MLCF.KA,2024-10-29T19:00:00.000000000,38.2400016784668,42.599998474121094,-0.014940701208577045,0.036791486157980335,34.92945861816406,34.40763473510742
Pakistan,MLCF.KA,2024-11-05T19:00:00.000000000,42.599998474121094,41.380001068115234,0.11401664760149433,0.05787976572586073,35.797996520996094,34.40763473510742
Pakistan,MLCF.KA,2024-11-12T19:00:00.000000000,41.380001068115234,39.43000030517578,-0.02863843778649411,0.06433961379184927,35.56758499145508,34.40763473510742
Pakistan,MLCF.KA,2024-11-19T19:00:00.000000000,39.43000030517578,39.79999923706055,-0.047124231817432194,-0.002734822666488723,35.11294937133789,34.40763473510742
Pakistan,MLCF.KA,2024-11-26T19:00:00.000000000,39.79999923706055,45.4900016784668,0.009383690819708024,-0.040969297469240384,34.88215255737305,34.40763473510742
Pakistan,MLCF.KA,2024-12-03T19:00:00.000000000,45.4900016784668,49.470001220703125,0.14296488820301012,0.05881493453320008,36.302581787109375,34.40763473510742
Pakistan,MLCF.KA,2024-12-10T19:00:00.000000000,49.470001220703125,45.59000015258789,0.08749174313880737,0.13302489876921686,37.11573028564453,34.40763473510742
Pakistan,MLCF.KA,2024-12-17T19:00:00.000000000,45.59000015258789,42.97999954223633,-0.07843139220484718,0.07839738454297995,36.65938186645508,34.40763473510742
Pakistan,MLCF.KA,2024-12-25T19:00:00.000000000,42.97999954223633,48.18000030517578,-0.057249409993770484,-0.0428137240252533,36.062129974365234,34.40763473510742
Pakistan,MLCF.KA,2025-01-01T19:00:00.000000000,48.18000030517578,42.220001220703125,0.12098652439094204,-0.01258152035989435,37.0070686340332,34.40763473510742
Pakistan,MLCF.KA,2025-01-08T19:00:00.000000000,42.220001220703125,43.33000183105469,-0.12370276145125714,-0.03370883596041696,35.909339904785156,34.40763473510742
Pakistan,MLCF.KA,2025-01-15T19:00:00.000000000,43.33000183105469,47.599998474121094,0.02629087110985817,-0.01375765257449213,36.04362106323242,34.40763473510742
Pakistan,MLCF.KA,2025-01-22T19:00:00.000000000,47.599998474121094,44.290000915527344,0.0985459603651826,0.016757664023265173,36.6993408203125,34.40763473510742
Pakistan,MLCF.KA,2025-01-29T19:00:00.000000000,44.290000915527344,42.27000045776367,-0.06953776606512518,0.008164638185801154,36.12432098388672,34.40763473510742
Pakistan,MLCF.KA,2025-02-06T19:00:00.000000000,42.27000045776367,45.939998626708984,-0.04560849889383256,-0.01906918668563562,35.79586410522461,34.40763473510742
Pakistan,MLCF.KA,2025-02-13T19:00:00.000000000,45.939998626708984,46.939998626708984,0.08682276151409996,0.007194873287803771,36.58329391479492,34.40763473510742
Pakistan,MLCF.KA,2025-02-20T19:00:00.000000000,46.939998626708984,53.15999984741211,0.021767523506598607,0.041608306230650705,37.01082992553711,34.40763473510742
Pakistan,MLCF.KA,2025-02-27T19:00:00.000000000,53.15999984741211,56.630001068115234,0.13250961658878113,0.0931738076507016,37.82802963256836,34.40763473510742
Pakistan,MLCF.KA,2025-03-06T19:00:00.000000000,56.630001068115234,58.810001373291016,0.06527466573858631,0.09234690166191584,38.451053619384766,34.40763473510742
Pakistan,MLCF.KA,2025-03-13T19:00:00.000000000,58.810001373291016,59.400001525878906,0.03849550174921679,0.08646597754257446,39.0825080871582,34.40763473510742
Pakistan,MLCF.KA,2025-03-20T19:00:00.000000000,59.400001525878906,59.65999984741211,0.010032309791032201,0.07350180087796576,39.6055793762207,34.40763473510742
Pakistan,MLCF.KA,2025-03-27T19:00:00.000000000,59.65999984741211,60.790000915527344,0.004377076007648473,0.031937702782287136,39.71462631225586,34.40763473510742
Pakistan,MLCF.KA,2025-04-07T19:00:00.000000000,60.790000915527344,61.900001525878906,0.018940681713130347,0.028175816285681998,40.10188674926758,34.40763473510742
Pakistan,MLCF.KA,2025-04-14T19:00:00.000000000,61.900001525878906,67.30000305175781,0.018259591933449615,0.026612326931729324,40.562686920166016,34.40763473510742
Pakistan,MLCF.KA,2025-04-21T19:00:00.000000000,67.30000305175781,68.91999816894531,0.08723750230638183,0.059118325659276216,42.14240646362305,34.40763473510742
Pakistan,MLCF.KA,2025-04-28T19:00:00.000000000,68.91999816894531,67.08999633789062,0.02407124879239042,0.0476399549098705,42.153587341308594,34.40763473510742
Pakistan,MLCF.KA,2025-05-06T19:00:00.000000000,67.08999633789062,75.30999755859375,-0.026552551939551083,0.04926099461406164,42.44166564941406,34.40763473510742
Pakistan,OGDC.KA,2024-05-08T19:00:00.000000000,123.76886749267578,127.96065521240234,0.022410022983475386,0.017254953759104685,93.87543487548828,71.18855285644531
Pakistan,OGDC.KA,2024-05-15T19:00:00.000000000,127.96065521240234,129.42591857910156,0.03386786842801648,0.022934938684167294,95.6525650024414,71.18855285644531
Pakistan,OGDC.KA,2024-05-22T19:00:00.000000000,129.42591857910156,122.52616119384766,0.011450889840060707,0.012662880595979198,96.67241668701172,71.18855285644531
Pakistan,OGDC.KA,2024-05-29T19:00:00.000000000,122.52616119384766,116.05301666259766,-0.05331047645635956,-0.0029589224286082905,96.47099304199219,71.18855285644531
Pakistan,OGDC.KA,2024-06-05T19:00:00.000000000,116.05301666259766,119.86457061767578,-0.05283071360579794,-0.039804132842491735,94.73443603515625,71.18855285644531
Pakistan,OGDC.KA,2024-06-12T19:00:00.000000000,119.86457061767578,119.67909240722656,0.03284321308216831,-0.06605388948109192,92.02729034423828,71.18855285644531
Pakistan,OGDC.KA,2024-06-24T19:00:00.000000000,119.67909240722656,125.88331604003906,-0.0015473981134994652,0.016565160293515513,92.58557891845703,71.18855285644531
Pakistan,OGDC.KA,2024-07-01T19:00:00.000000000,125.88331604003906,124.45511627197266,0.05184049701598403,0.04551769101168501,94.01152038574219,71.18855285644531
Pakistan,OGDC.KA,2024-07-08T19:00:00.000000000,124.45511627197266,123.09188079833984,-0.011345425374814089,0.02547178664160188,95.10653686523438,71.18855285644531
Pakistan,OGDC.KA,2024-07-15T19:00:00.000000000,123.09188079833984,122.29431915283205,-0.010953631433309075,-0.009592460130498415,95.32958984375,71.18855285644531
Pakistan,OGDC.KA,2024-07-22T19:00:00.000000000,122.29431915283205,122.09957122802734,-0.006479400918525502,-0.006987559448639047,95.16494750976562,71.18855285644531
Pakistan,OGDC.KA,2024-07-29T19:00:00.000000000,122.09957122802734,120.26334381103516,-0.001592452749676121,-0.011395008793562589,94.8923568725586,71.18855285644531
Pakistan,OGDC.KA,2024-08-05T19:00:00.000000000,120.26334381103516,124.13055419921876,-0.015038770394721013,-0.016082385921049935,94.1847152709961,71.18855285644531
Pakistan,OGDC.KA,2024-08-12T19:00:00.000000000,124.13055419921876,124.33457946777344,0.032156185464625064,0.01664994970450251,94.51751708984375,71.18855285644531
Pakistan,OGDC.KA,2024-08-20T19:00:00.000000000,124.33457946777344,122.98985290527344,0.0016436345577515166,0.004710119749303132,94.86361694335938,71.18855285644531
Pakistan,OGDC.KA,2024-08-27T19:00:00.000000000,122.98985290527344,127.71025848388672,-0.010815386743223243,0.011487814573044375,95.47795104980469,71.18855285644531
Pakistan,OGDC.KA,2024-09-03T19:00:00.000000000,127.71025848388672,127.10746002197266,0.038380447387386774,0.003182277809200107,96.0361328125,71.18855285644531
Pakistan,OGDC.KA,2024-09-10T19:00:00.000000000,127.10746002197266,131.9391326904297,-0.004720047309199615,0.017501051389068323,96.46817016601562,71.18855285644531
Pakistan,OGDC.KA,2024-09-17T19:00:00.000000000,131.9391326904297,133.8031768798828,0.03801250270929657,0.033085886243313434,98.02235412597656,71.18855285644531
Pakistan,OGDC.KA,2024-09-24T19:00:00.000000000,133.8031768798828,137.03045654296875,0.014128061564772754,0.025451300717463043,98.32489776611328,71.18855285644531
Pakistan,OGDC.KA,2024-10-01T19:00:00.000000000,137.03045654296875,159.64013671875,0.024119604170408593,0.0268563959761563,99.79595184326172,71.18855285644531
Pakistan,OGDC.KA,2024-10-08T19:00:00.000000000,159.64013671875,161.0286102294922,0.16499748118909263,0.10422823410905013,105.12538146972656,71.18855285644531
Pakistan,OGDC.KA,2024-10-15T19:00:00.000000000,161.0286102294922,160.62974548339844,0.008697521433399746,0.09809297453711707,106.93891906738281,71.18855285644531
Pakistan,OGDC.KA,2024-10-22T19:00:00.000000000,160.62974548339844,165.15972900390625,-0.0024769806155894303,0.05490984192766302,106.50959014892578,71.18855285644531
Pakistan,OGDC.KA,2024-10-29T19:00:00.000000000,165.15972900390625,172.37786865234375,0.02820139885595463,0.047602237469206,108.76604461669922,71.18855285644531
Pakistan,OGDC.KA,2024-11-05T19:00:00.000000000,172.37786865234375,183.53887939453125,0.04370399304946049,0.04316442913746843,109.70198822021484,71.18855285644531
Pakistan,OGDC.KA,2024-11-12T19:00:00.000000000,183.53887939453125,188.2118377685547,0.06474735318080382,0.08673355076104516,109.92027282714844,71.18855285644531
Pakistan,OGDC.KA,2024-11-19T19:00:00.000000000,188.2118377685547,181.79135131835935,0.025460318758831146,0.060148723595989884,109.06051635742188,71.18855285644531
Pakistan,OGDC.KA,2024-11-26T19:00:00.000000000,181.79135131835935,186.2711944580078,-0.03411308516146927,0.013787352420344678,108.39105987548828,71.18855285644531
Pakistan,OGDC.KA,2024-12-03T19:00:00.000000000,186.2711944580078,197.77980041503903,0.024642773746718083,0.002773251149090994,109.75109100341797,71.18855285644531
Pakistan,OGDC.KA,2024-12-10T19:00:00.000000000,197.77980041503903,213.1406707763672,0.061784142151005916,0.01793732069240228,109.90524291992188,71.18855285644531
Pakistan,OGDC.KA,2024-12-17T19:00:00.000000000,213.1406707763672,211.846923828125,0.07766652777024508,0.1071577776834034,111.7391357421875,71.18855285644531
Pakistan,OGDC.KA,2024-12-25T19:00:00.000000000,211.846923828125,215.55438232421875,-0.0060699205999947825,0.06170301718575377,110.37506866455078,71.18855285644531
Pakistan,OGDC.KA,2025-01-01T19:00:00.000000000,215.55438232421875,205.6774749755859,0.01750064824685249,0.03786984367780266,109.76530456542969,71.18855285644531
Pakistan,OGDC.KA,2025-01-08T19:00:00.000000000,205.6774749755859,211.20004272460935,-0.045820953590156366,-0.023814825018194874,108.716064453125,71.18855285644531
Pakistan,OGDC.KA,2025-01-15T19:00:00.000000000,211.20004272460935,206.5271148681641,0.02685062012589845,0.00571768645942905,109.6806411743164,71.18855285644531
Pakistan,OGDC.KA,2025-01-22T19:00:00.000000000,206.5271148681641,199.73008728027344,-0.022125600905007592,-0.010241700341456439,109.09536743164062,71.18855285644531
Pakistan,OGDC.KA,2025-01-29T19:00:00.000000000,199.73008728027344,191.6586151123047,-0.03291106638578434,-0.04107336425198149,108.54913330078125,71.18855285644531
Pakistan,OGDC.KA,2025-02-06T19:00:00.000000000,191.6586151123047,194.8929901123047,-0.04041189926804756,-0.054057626764315136,108.2956314086914,71.18855285644531
Pakistan,OGDC.KA,2025-02-13T19:00:00.000000000,194.8929901123047,195.7522735595703,0.016875708916631593,-0.01184238620668987,109.09993743896484,71.18855285644531
Pakistan,OGDC.KA,2025-02-20T19:00:00.000000000,195.7522735595703,205.2526702880859,0.004409001302563498,-0.0029909072974211304,108.81202697753906,71.18855285644531
Pakistan,OGDC.KA,2025-02-27T19:00:00.000000000,205.2526702880859,216.1143798828125,0.04853275293185533,0.03038691217091838,109.54046630859375,71.18855285644531
Pakistan,OGDC.KA,2025-03-06T19:00:00.000000000,216.1143798828125,214.9344482421875,0.052918724903707526,0.035174990808214845,110.07261657714844,71.18855285644531
Pakistan,OGDC.KA,2025-03-13T19:00:00.000000000,214.9344482421875,223.54795837402344,-0.005459755344668915,0.038814095070549115,109.95462799072266,71.18855285644531
Pakistan,OGDC.KA,2025-03-20T19:00:00.000000000,223.54795837402344,228.8379669189453,0.04007505638244768,0.04245861838718956,109.98629760742188,71.18855285644531
Pakistan,OGDC.KA,2025-03-27T19:00:00.000000000,228.8379669189453,211.29632568359375,0.023663864270551782,0.03321677695595171,110.15801239013672,71.18855285644531
Pakistan,OGDC.KA,2025-04-07T19:00:00.000000000,211.29632568359375,210.73585510253903,-0.07665529226435064,0.0031444852490836173,108.61498260498047,71.18855285644531
Pakistan,OGDC.KA,2025-04-14T19:00:00.000000000,210.73585510253903,209.71324157714844,-0.0026525334940940004,-0.04529105307491832,109.04552459716797,71.18855285644531
Pakistan,OGDC.KA,2025-04-21T19:00:00.000000000,209.71324157714844,204.334716796875,-0.004852584411385585,-0.030070753069901368,109.0912094116211,71.18855285644531
Pakistan,OGDC.KA,2025-04-28T19:00:00.000000000,204.334716796875,193.34169006347656,-0.025647044220118098,-0.019847472743383388,108.65274810791016,71.18855285644531
Pakistan,OGDC.KA,2025-05-06T19:00:00.000000000,193.34169006347656,212.6699981689453,-0.053799114050337216,-0.04062071269066503,107.99370574951172,71.18855285644531
Pakistan,PPL.KA,2024-05-08T19:00:00.000000000,117.02123260498048,118.2250518798828,0.05070238485945833,0.06314336945792265,91.3931884765625,70.03996276855469
Pakistan,PPL.KA,2024-05-15T19:00:00.000000000,118.2250518798828,117.76278686523438,0.01028718676179019,0.04866215000091745,91.5640640258789,70.03996276855469
Pakistan,PPL.KA,2024-05-22T19:00:00.000000000,117.76278686523438,115.00843048095705,-0.003910042814936454,0.017217673192835514,90.60037994384766,70.03996276855469
Pakistan,PPL.KA,2024-05-29T19:00:00.000000000,115.00843048095705,112.60079193115234,-0.023389021758030926,-0.012925520941255986,89.92466735839844,70.03997039794922
Pakistan,PPL.KA,2024-06-05T19:00:00.000000000,112.60079193115234,118.3117218017578,-0.020934452715649865,-0.026622930248420884,88.46782684326172,70.03996276855469
Pakistan,PPL.KA,2024-06-12T19:00:00.000000000,118.3117218017578,112.4948501586914,0.05071838104031534,-0.033083516038616256,88.63922882080078,70.03996276855469
Pakistan,PPL.KA,2024-06-24T19:00:00.000000000,112.4948501586914,119.17847442626952,-0.04916564102425203,0.005108570501540122,89.00215911865234,70.03996276855469
Pakistan,PPL.KA,2024-07-01T19:00:00.000000000,119.17847442626952,118.86066436767578,0.05941271318775776,0.014226976376348732,90.48258972167969,70.03996276855469
Pakistan,PPL.KA,2024-07-08T19:00:00.000000000,118.86066436767578,116.010009765625,-0.002666673324387525,0.035861531436597094,90.76714324951172,70.03996276855469
Pakistan,PPL.KA,2024-07-15T19:00:00.000000000,116.010009765625,111.34880828857422,-0.02398316227842001,-0.003948501910651214,89.09103393554688,70.03996276855469
Pakistan,PPL.KA,2024-07-22T19:00:00.000000000,111.34880828857422,109.2108154296875,-0.040179304238210145,-0.01816067527440246,87.95805358886719,70.03996276855469
Pakistan,PPL.KA,2024-07-29T19:00:00.000000000,109.2108154296875,107.51583862304688,-0.01920085981832731,-0.03977940322975171,86.04179382324219,70.03997039794922
Pakistan,PPL.KA,2024-08-05T19:00:00.000000000,107.51583862304688,107.7662353515625,-0.015520228467956976,-0.03692842926916262,85.0538330078125,70.03997039794922
Pakistan,PPL.KA,2024-08-12T19:00:00.000000000,107.7662353515625,108.45000457763672,0.0023289287580550155,-0.013509238275255187,85.34309387207031,70.03996276855469
Pakistan,PPL.KA,2024-08-20T19:00:00.000000000,108.45000457763672,107.7373504638672,0.006344930059434484,-0.004815678907154397,84.04443359375,70.03996276855469
Pakistan,PPL.KA,2024-08-27T19:00:00.000000000,107.7373504638672,108.88337707519533,-0.00657126863705515,0.0017602263474858493,84.25870513916016,70.03996276855469
Pakistan,PPL.KA,2024-09-03T19:00:00.000000000,108.88337707519533,108.44036865234376,0.010637226610770156,-0.003586186502294475,84.39163208007812,70.03996276855469
Pakistan,PPL.KA,2024-09-10T19:00:00.000000000,108.44036865234376,110.27981567382812,-0.004068650649452388,0.0030696041949698216,84.12139892578125,70.03996276855469
Pakistan,PPL.KA,2024-09-17T19:00:00.000000000,110.27981567382812,104.75186157226562,0.016962751458191372,0.013517734332076259,85.1077880859375,70.03996276855469
Pakistan,PPL.KA,2024-09-24T19:00:00.000000000,104.75186157226562,104.867431640625,-0.050126617167300935,-0.011036594069110617,84.7071762084961,70.03996276855469
Pakistan,PPL.KA,2024-10-01T19:00:00.000000000,104.867431640625,123.38703155517578,0.0011032746017562989,-0.03209432441983795,82.16815948486328,70.03996276855469
Pakistan,PPL.KA,2024-10-08T19:00:00.000000000,123.38703155517578,130.6266632080078,0.17660010953654748,0.07522296474963475,92.9078598022461,70.03996276855469
Pakistan,PPL.KA,2024-10-15T19:00:00.000000000,130.6266632080078,128.5648956298828,0.05867416989924612,0.11584566778408933,94.07231903076172,70.03996276855469
Pakistan,PPL.KA,2024-10-22T19:00:00.000000000,128.5648956298828,140.39541625976562,-0.015783665658226864,0.0709860430796383,93.45756530761719,70.03996276855469
Pakistan,PPL.KA,2024-10-29T19:00:00.000000000,140.39541625976562,143.18368530273438,0.09201983614517095,0.06582975649555678,96.44505310058594,70.03996276855469
Pakistan,PPL.KA,2024-11-05T19:00:00.000000000,143.18368530273438,147.32684326171875,0.0198601145055175,0.0781895231740708,97.07660675048828,70.03996276855469
Pakistan,PPL.KA,2024-11-12T19:00:00.000000000,147.32684326171875,152.93284606933594,0.028935963969808798,0.0651392168257372,97.54503631591797,70.03996276855469
Pakistan,PPL.KA,2024-11-19T19:00:00.000000000,152.93284606933594,149.88929748535156,0.038051468988977044,0.04553410082179132,98.32913208007812,70.03996276855469
Pakistan,PPL.KA,2024-11-26T19:00:00.000000000,149.88929748535156,164.3313751220703,-0.019901209336053993,0.011129839253680496,97.58260345458984,70.03996276855469
Pakistan,PPL.KA,2024-12-03T19:00:00.000000000,164.3313751220703,182.0329742431641,0.09635162669389485,0.06776564928922357,99.97042846679688,70.03996276855469
Pakistan,PPL.KA,2024-12-10T19:00:00.000000000,182.0329742431641,194.27584838867188,0.10771892529922833,0.08915863951652514,101.79861450195312,70.03996276855469
Pakistan,PPL.KA,2024-12-17T19:00:00.000000000,194.27584838867188,188.1691436767578,0.06725635394581553,0.16202118583320524,104.70844268798828,70.03996276855469
Pakistan,PPL.KA,2024-12-25T19:00:00.000000000,188.1691436767578,194.6293029785156,-0.031433164557319926,0.054105369184562324,103.75605010986328,70.03996276855469
Pakistan,PPL.KA,2025-01-01T19:00:00.000000000,194.6293029785156,180.22650146484375,0.034331661267775315,0.02744977572833851,104.19859313964844,70.03996276855469
Pakistan,PPL.KA,2025-01-08T19:00:00.000000000,180.22650146484375,183.7118225097656,-0.07400119762676083,-0.04488551746841085,102.2348403930664,70.03996276855469
Pakistan,PPL.KA,2025-01-15T19:00:00.000000000,183.7118225097656,179.02871704101562,0.019338560181737297,-0.00995112710928081,102.84056854248047,70.03996276855469
Pakistan,PPL.KA,2025-01-22T19:00:00.000000000,179.02871704101562,175.3077392578125,-0.025491584617538865,-0.026865530275959282,102.05233764648438,70.03997039794922
Pakistan,PPL.KA,2025-01-29T19:00:00.000000000,175.3077392578125,165.0284423828125,-0.020784250955396377,-0.04522031259712311,101.16631317138672,70.03996276855469
Pakistan,PPL.KA,2025-02-06T19:00:00.000000000,165.0284423828125,170.30064392089844,-0.0586357277694568,-0.05152834745088963,100.13570404052734,70.03996276855469
Pakistan,PPL.KA,2025-02-13T19:00:00.000000000,170.30064392089844,169.0734100341797,0.03194722959243679,-0.003698311008332733,101.21517181396484,70.03996276855469
Pakistan,PPL.KA,2025-02-20T19:00:00.000000000,169.0734100341797,170.1337127685547,-0.007206278605081384,-0.011504568248057345,100.6989517211914,70.03996276855469
Pakistan,PPL.KA,2025-02-27T19:00:00.000000000,170.1337127685547,183.2307586669922,0.0062712565752394145,0.0034135259772936077,100.81267547607422,70.03996276855469
Pakistan,PPL.KA,2025-03-06T19:00:00.000000000,183.2307586669922,181.69207763671875,0.0769808974677133,0.007484863837131206,102.43450927734375,70.03996276855469
Pakistan,PPL.KA,2025-03-13T19:00:00.000000000,181.69207763671875,189.92916870117188,-0.008397504007882639,0.042614616166053665,102.40866088867188,70.03997039794922
Pakistan,PPL.KA,2025-03-20T19:00:00.000000000,189.92916870117188,190.0283966064453,0.04533544429450931,0.048496890052899255,103.33773803710938,70.03996276855469
Pakistan,PPL.KA,2025-03-27T19:00:00.000000000,190.0283966064453,172.8992462158203,0.0005224468992941489,0.027773291461543392,103.30793762207031,70.03996276855469
Pakistan,PPL.KA,2025-04-07T19:00:00.000000000,172.8992462158203,171.40069580078125,-0.09013995116792994,-0.01400947166986799,101.44783782958984,70.03997039794922
Pakistan,PPL.KA,2025-04-14T19:00:00.000000000,171.40069580078125,169.36624145507812,-0.008667188827234718,-0.06553672307377867,100.87100982666016,70.03996276855469
Pakistan,PPL.KA,2025-04-21T19:00:00.000000000,169.36624145507812,155.90904235839844,-0.011869580436638216,-0.04456884957874763,100.6014404296875,70.03996276855469
Pakistan,PPL.KA,2025-04-28T19:00:00.000000000,155.90904235839844,144.1786346435547,-0.0794562067450083,-0.05089309365223815,99.00382995605469,70.03997039794922
Pakistan,PPL.KA,2025-05-06T19:00:00.000000000,144.1786346435547,169.91000366210938,-0.07523879011377854,-0.08942959501864711,97.09798431396484,70.03996276855469
Pakistan,PSO.KA,2024-05-08T19:00:00.000000000,169.4315948486328,169.92648315429688,0.019644925402231506,-0.006532385185356704,150.54046630859375,149.85662841796875
Pakistan,PSO.KA,2024-05-15T19:00:00.000000000,169.92648315429688,168.4703826904297,0.002920873796331769,0.009328138413892129,151.09446716308594,149.85662841796875
Pakistan,PSO.KA,2024-05-22T19:00:00.000000000,168.4703826904297,162.19863891601562,-0.008569002528846625,-0.00818380014951925,149.8949737548828,149.85662841796875
Pakistan,PSO.KA,2024-05-29T19:00:00.000000000,162.19863891601562,157.03091430664062,-0.03722757480725036,-0.021793347139805075,149.2577362060547,149.85662841796875
Pakistan,PSO.KA,2024-06-05T19:00:00.000000000,157.03091430664062,163.3502197265625,-0.031860468397954866,-0.043184110477683335,148.26593017578125,149.85662841796875
Pakistan,PSO.KA,2024-06-12T19:00:00.000000000,163.3502197265625,159.61953735351562,0.04024242900083941,-0.03543715457560803,148.77218627929688,149.85662841796875
Pakistan,PSO.KA,2024-06-24T19:00:00.000000000,159.61953735351562,159.61953735351562,-0.02283855129972756,0.0004475228464566605,148.9525909423828,149.85662841796875
Pakistan,PSO.KA,2024-07-01T19:00:00.000000000,159.61953735351562,169.78372192382812,0.0,-0.00041922174779440713,148.47735595703125,149.85662841796875
Pakistan,PSO.KA,2024-07-08T19:00:00.000000000,169.78372192382812,162.68402099609375,0.06367757192405255,0.03355827695946645,150.7242889404297,149.85662841796875
Pakistan,PSO.KA,2024-07-15T19:00:00.000000000,162.68402099609375,154.61358642578125,-0.041816146137493626,0.006344678060013154,148.92626953125,149.85662841796875
Pakistan,PSO.KA,2024-07-22T19:00:00.000000000,154.61358642578125,153.5381622314453,-0.04960803477132081,-0.017490589629491793,147.5785369873047,149.85662841796875
Pakistan,PSO.KA,2024-07-29T19:00:00.000000000,153.5381622314453,148.53221130371094,-0.006955560757606283,-0.03579419602703526,147.3817138671875,149.85662841796875
Pakistan,PSO.KA,2024-08-05T19:00:00.000000000,148.53221130371094,150.58787536621094,-0.03260395236585123,-0.03804897395920459,146.55990600585938,149.85662841796875
Pakistan,PSO.KA,2024-08-12T19:00:00.000000000,150.58787536621094,148.494140625,0.0138398536213582,-0.020598697981294323,146.56504821777344,149.85662841796875
Pakistan,PSO.KA,2024-08-20T19:00:00.000000000,148.494140625,152.9956817626953,-0.013903740497827166,-0.013473116073975944,146.18614196777344,149.85662841796875
Pakistan,PSO.KA,2024-08-27T19:00:00.000000000,152.9956817626953,155.82223510742188,0.030314604460140115,0.009254324346237297,147.29981994628906,149.85662841796875
Pakistan,PSO.KA,2024-09-03T19:00:00.000000000,155.82223510742188,152.88148498535156,0.018474726293979282,0.01622455697492131,147.48568725585938,149.85662841796875
Pakistan,PSO.KA,2024-09-10T19:00:00.000000000,152.88148498535156,160.09539794921875,-0.018872467848012775,0.009564519455948384,147.07443237304688,149.85662841796875
Pakistan,PSO.KA,2024-09-17T19:00:00.000000000,160.09539794921875,157.4306182861328,0.04718630882319319,0.020771891892372274,148.46324157714844,149.85662841796875
Pakistan,PSO.KA,2024-09-24T19:00:00.000000000,157.4306182861328,157.11656188964844,-0.016644948557054673,0.015586952970298329,148.12384033203125,149.85662841796875
Pakistan,PSO.KA,2024-10-01T19:00:00.000000000,157.11656188964844,181.19464111328125,-0.0019948876521184156,-0.008430010843483937,147.61929321289062,149.85662841796875
Pakistan,PSO.KA,2024-10-08T19:00:00.000000000,181.19464111328125,204.02999877929688,0.15324978432600989,0.0770956293616949,153.79360961914062,149.85662841796875
Pakistan,PSO.KA,2024-10-15T19:00:00.000000000,204.02999877929688,195.32000732421875,0.12602667234368803,0.1462404010961762,160.35540771484375,149.85662841796875
Pakistan,PSO.KA,2024-10-22T19:00:00.000000000,195.32000732421875,223.47000122070312,-0.042689758894229546,0.09673511754358888,158.3511505126953,149.85662841796875
Pakistan,PSO.KA,2024-10-29T19:00:00.000000000,223.47000122070312,237.19000244140625,0.14412242904413364,0.13085621335213093,167.12156677246094,149.85662841796875
Pakistan,PSO.KA,2024-11-05T19:00:00.000000000,237.19000244140625,246.05999755859375,0.061395270710868255,0.10404425204439671,165.68324279785156,149.85662841796875
Pakistan,PSO.KA,2024-11-12T19:00:00.000000000,246.05999755859375,256.8599853515625,0.03739615930641382,0.08584429786840331,168.7769012451172,149.85662841796875
Pakistan,PSO.KA,2024-11-19T19:00:00.000000000,256.8599853515625,285.8699951171875,0.043891684548996945,0.06495639509908235,170.6448211669922,149.85662841796875
Pakistan,PSO.KA,2024-11-26T19:00:00.000000000,285.8699951171875,307.989990234375,0.11294094611863814,0.07790395868939215,171.90635681152344,149.85662841796875
Pakistan,PSO.KA,2024-12-03T19:00:00.000000000,307.989990234375,309.9599914550781,0.0773778133242693,0.11256355479278146,173.25656127929688,149.85662841796875
Pakistan,PSO.KA,2024-12-10T19:00:00.000000000,309.9599914550781,395.05999755859375,0.006396315734819691,0.08140522123848637,172.52609252929688,149.85662841796875
Pakistan,PSO.KA,2024-12-17T19:00:00.000000000,395.05999755859375,419.0799865722656,0.27455158229944976,0.19484646078742962,179.8101043701172,149.85662841796875
Pakistan,PSO.KA,2024-12-25T19:00:00.000000000,419.0799865722656,432.0400085449219,0.06080086357037273,0.19076428755326225,180.69810485839844,149.85662841796875
Pakistan,PSO.KA,2025-01-01T19:00:00.000000000,432.0400085449219,387.9500122070313,0.030924936498778477,0.14441067969597499,183.30792236328125,149.85662841796875
Pakistan,PSO.KA,2025-01-08T19:00:00.000000000,387.9500122070313,389.0199890136719,-0.10205072554827122,-0.0008565852842860044,178.39247131347656,149.85662841796875
Pakistan,PSO.KA,2025-01-15T19:00:00.000000000,389.0199890136719,384.5199890136719,0.0027580275112082386,-0.04388083229890216,179.6751251220703,149.85662841796875
Pakistan,PSO.KA,2025-01-22T19:00:00.000000000,384.5199890136719,370.6300048828125,-0.011567528988444487,-0.0496487573360902,179.05862426757812,149.85662841796875
Pakistan,PSO.KA,2025-01-29T19:00:00.000000000,370.6300048828125,343.1099853515625,-0.03612291825579317,-0.05161322221368414,178.18838500976562,149.85662841796875
Pakistan,PSO.KA,2025-02-06T19:00:00.000000000,343.1099853515625,336.6600036621094,-0.07425200110269381,-0.06200778773289295,175.92770385742188,149.85662841796875
Pakistan,PSO.KA,2025-02-13T19:00:00.000000000,336.6600036621094,337.9800109863281,-0.018798583442111827,-0.03187553582170877,176.25933837890625,149.85662841796875
Pakistan,PSO.KA,2025-02-20T19:00:00.000000000,337.9800109863281,335.3399963378906,0.003920891433077944,-0.04548033085975334,175.49447631835938,149.85662841796875
Pakistan,PSO.KA,2025-02-27T19:00:00.000000000,335.3399963378906,371.1400146484375,-0.007811156170843159,-0.017518073245241683,176.17825317382812,149.85662841796875
Pakistan,PSO.KA,2025-03-06T19:00:00.000000000,371.1400146484375,396.2699890136719,0.10675737669679752,-0.005187998013630013,180.31947326660156,149.85662841796875
Pakistan,PSO.KA,2025-03-13T19:00:00.000000000,396.2699890136719,419.8299865722656,0.06771022625797629,0.09425740789776049,179.5886688232422,149.85662841796875
Pakistan,PSO.KA,2025-03-20T19:00:00.000000000,419.8299865722656,420.760009765625,0.05945440788295708,0.1291023509227518,180.4992218017578,149.85662841796875
Pakistan,PSO.KA,2025-03-27T19:00:00.000000000,420.760009765625,391.7999877929687,0.002215237651204127,0.07009521928265516,178.94956970214844,149.85662841796875
Pakistan,PSO.KA,2025-04-07T19:00:00.000000000,391.7999877929687,394.0700073242187,-0.06882788596945766,0.0010010951947576618,177.15798950195312,149.85662841796875
Pakistan,PSO.KA,2025-04-14T19:00:00.000000000,394.0700073242187,385.6600036621094,0.005793822363387768,-0.042770660588149045,178.6123809814453,149.85662841796875
Pakistan,PSO.KA,2025-04-21T19:00:00.000000000,385.6600036621094,357.239990234375,-0.02134139494455367,-0.03081899530451837,176.98843383789062,149.85662841796875
Pakistan,PSO.KA,2025-04-28T19:00:00.000000000,357.239990234375,345.75,-0.07369188704523832,-0.059991240410732005,174.79644775390625,149.85662841796875
Pakistan,PSO.KA,2025-05-06T19:00:00.000000000,345.75,378.9100036621094,-0.03216322513847547,-0.05842761020766418,175.9239501953125,149.85662841796875
Pakistan,UBL.KA,2024-05-09T19:00:00.000000000,175.11619567871094,192.1060791015625,0.004067568959126078,0.018930778693213357,107.34162902832031,79.97994232177734
Pakistan,UBL.KA,2024-05-16T19:00:00.000000000,192.1060791015625,199.09243774414065,0.09702062882877627,0.04187104116624685,111.32772827148438,79.97994232177734
Pakistan,UBL.KA,2024-05-23T19:00:00.000000000,199.09243774414065,200.54714965820312,0.03636719189341542,0.06252201168102478,112.65705108642578,79.97994232177734
Pakistan,UBL.KA,2024-05-30T19:00:00.000000000,200.54714965820312,194.7731170654297,0.007306716068904429,0.05650630047399052,113.51976776123047,79.97994232177734
Pakistan,UBL.KA,2024-06-06T19:00:00.000000000,194.7731170654297,215.3459625244141,-0.028791396948868342,0.01758249690361957,112.84408569335938,79.97994232177734
Pakistan,UBL.KA,2024-06-13T19:00:00.000000000,215.3459625244141,230.9170379638672,0.10562466611895638,0.020376328489507767,115.6914291381836,79.97994232177734
Pakistan,UBL.KA,2024-06-25T19:00:00.000000000,230.9170379638672,235.02084350585935,0.07230725506491797,0.12213126963068843,122.19281768798828,79.97994232177734
Pakistan,UBL.KA,2024-07-02T19:00:00.000000000,235.02084350585935,233.38650512695312,0.01777177456534984,0.0770204171956328,122.66818237304688,79.97994232177734
Pakistan,UBL.KA,2024-07-09T19:00:00.000000000,233.38650512695312,233.64691162109375,-0.006954014607923331,0.04061866006182924,122.72476959228516,79.97994232177734
Pakistan,UBL.KA,2024-07-16T19:00:00.000000000,233.64691162109375,231.28521728515625,0.0011157735705369376,-0.004362039170158871,122.40596008300781,79.97994232177734
Pakistan,UBL.KA,2024-07-23T19:00:00.000000000,231.28521728515625,233.41343688964844,-0.010107962992326969,0.0013236472568360913,122.42707824707031,79.97994232177734
Pakistan,UBL.KA,2024-07-30T19:00:00.000000000,233.41343688964844,225.5201416015625,0.009201710465862822,0.0002936587255613077,123.52957916259766,79.97994232177734
Pakistan,UBL.KA,2024-08-06T19:00:00.000000000,225.5201416015625,228.8987274169922,-0.03381679903808488,-0.019137215791917295,121.17438507080078,79.97994232177734
Pakistan,UBL.KA,2024-08-14T19:00:00.000000000,228.8987274169922,232.57107543945312,0.014981304070830204,-0.010722183282369513,121.27770233154297,79.97994232177734
Pakistan,UBL.KA,2024-08-21T19:00:00.000000000,232.57107543945312,231.3592071533203,0.016043549319393557,-0.002313244129140357,122.0174560546875,79.97994232177734
Pakistan,UBL.KA,2024-08-28T19:00:00.000000000,231.3592071533203,239.6587677001953,-0.00521074378592834,0.01505595883406019,122.24527740478516,79.97994232177734
Pakistan,UBL.KA,2024-09-04T19:00:00.000000000,239.6587677001953,244.1023406982422,0.03587305060816082,0.009769148840776731,122.85309600830078,79.97994232177734
Pakistan,UBL.KA,2024-09-11T19:00:00.000000000,244.1023406982422,248.5,0.018541249463510656,0.02203171733786813,124.11652374267578,79.97994232177734
Pakistan,UBL.KA,2024-09-18T19:00:00.000000000,248.5,269.6620178222656,0.01801563757716762,0.02728398510518759,125.50720977783203,79.97994232177734
Pakistan,UBL.KA,2024-09-25T19:00:00.000000000,269.6620178222656,271.34210205078125,0.08515902544171272,0.0861556858236967,131.4033203125,79.97994232177734
Pakistan,UBL.KA,2024-10-02T19:00:00.000000000,271.34210205078125,273.4537353515625,0.0062303332226156805,0.0542047547498421,131.61708068847656,79.97994232177734
Pakistan,UBL.KA,2024-10-09T19:00:00.000000000,273.4537353515625,268.3399658203125,0.007782180814631001,0.03821078956873136,132.4830322265625,79.97994232177734
Pakistan,UBL.KA,2024-10-16T19:00:00.000000000,268.3399658203125,284.2872314453125,-0.01870067536168607,0.009111205260948996,131.8144989013672,79.97994232177734
Pakistan,UBL.KA,2024-10-23T19:00:00.000000000,284.2872314453125,286.3713073730469,0.059429334636193154,0.005029597206653635,133.74974060058594,79.97994232177734
Pakistan,UBL.KA,2024-10-30T19:00:00.000000000,286.3713073730469,299.94183349609375,0.007330881225790398,0.04574674047294569,136.2471160888672,79.97994232177734
Pakistan,UBL.KA,2024-11-06T19:00:00.000000000,299.94183349609375,307.6977844238281,0.047387869432634844,0.06308234672882951,138.8570556640625,79.97994232177734
Pakistan,UBL.KA,2024-11-13T19:00:00.000000000,307.6977844238281,317.62353515625,0.025858183359525944,0.031499220589670474,139.4803924560547,79.97994232177734
Pakistan,UBL.KA,2024-11-20T19:00:00.000000000,317.62353515625,319.2984313964844,0.03225811570599402,0.0436914080054247,142.5234832763672,79.97994232177734
Pakistan,UBL.KA,2024-11-27T19:00:00.000000000,319.2984313964844,342.6805725097656,0.005273212009967887,0.04583102850212084,145.49119567871094,79.97994232177734
Pakistan,UBL.KA,2024-12-04T19:00:00.000000000,342.6805725097656,344.1556396484375,0.07322973999908822,0.03868467992191693,146.9813690185547,79.97994232177734
Pakistan,UBL.KA,2024-12-11T19:00:00.000000000,344.1556396484375,317.6996765136719,0.0043044959563030005,0.05440832265479756,149.54454040527344,79.97994232177734
Pakistan,UBL.KA,2024-12-18T19:00:00.000000000,317.6996765136719,355.3565673828125,-0.07687208950517554,-0.012007214545627809,145.29063415527344,79.97994232177734
Pakistan,UBL.KA,2024-12-26T19:00:00.000000000,355.3565673828125,369.3839111328125,0.11852983699062758,0.02228269972028163,150.68399047851562,79.97994232177734
Pakistan,UBL.KA,2025-01-02T19:00:00.000000000,369.3839111328125,352.0638732910156,0.039473996085990004,0.053286280156847,154.17747497558594,79.97994232177734
Pakistan,UBL.KA,2025-01-09T19:00:00.000000000,352.0638732910156,377.4348754882813,-0.04688898817677367,0.02614089172076639,151.7140350341797,79.97994232177734
Pakistan,UBL.KA,2025-01-16T19:00:00.000000000,377.4348754882813,370.0501098632813,0.07206363424938522,0.02273658907179832,154.8731231689453,79.97994232177734
Pakistan,UBL.KA,2025-01-23T19:00:00.000000000,370.0501098632813,390.3773498535156,-0.019565668422788063,0.016960989882615962,154.9879913330078,79.97994232177734
Pakistan,UBL.KA,2025-01-30T19:00:00.000000000,390.3773498535156,392.29974365234375,0.05493104703507434,0.016285355163454973,156.9072265625,79.97994232177734
Pakistan,UBL.KA,2025-02-09T19:00:00.000000000,392.29974365234375,391.5193786621094,0.00492445014945031,0.04122957291229734,159.4492950439453,79.97994232177734
Pakistan,UBL.KA,2025-02-16T19:00:00.000000000,391.5193786621094,382.3835144042969,-0.0019892059652374394,0.02278616259452315,159.2666778564453,79.97994232177734
Pakistan,UBL.KA,2025-02-23T19:00:00.000000000,382.3835144042969,371.972412109375,-0.02333438587134906,-0.008088052303007465,156.8831787109375,79.97994232177734
Pakistan,UBL.KA,2025-03-02T19:00:00.000000000,371.972412109375,383.8014526367187,-0.027226859691221295,-0.017517321361600335,156.66456604003906,79.97994232177734
Pakistan,UBL.KA,2025-03-09T19:00:00.000000000,383.8014526367187,378.7630310058594,0.03180085442429381,-0.013548427485432502,156.87269592285156,79.97994232177734
Pakistan,UBL.KA,2025-03-16T19:00:00.000000000,378.7630310058594,372.8147583007813,-0.013127677334844212,-0.0018312731854014386,156.72406005859375,79.97994232177734
Pakistan,UBL.KA,2025-03-23T19:00:00.000000000,372.8147583007813,401.9887390136719,-0.01570447012550713,-0.003958518098978514,155.98974609375,79.97994232177734
Pakistan,UBL.KA,2025-03-30T19:00:00.000000000,401.9887390136719,441.2298278808594,0.07825328816343013,0.03234048986531168,160.96942138671875,79.97994232177734
Pakistan,UBL.KA,2025-04-08T19:00:00.000000000,441.2298278808594,468.7993469238281,0.09761738342091442,0.13193172581675094,170.62503051757812,79.97994232177734
Pakistan,UBL.KA,2025-04-15T19:00:00.000000000,468.7993469238281,507.5023498535156,0.06248335289429496,0.08539810721087115,175.1476593017578,79.97994232177734
Pakistan,UBL.KA,2025-04-22T19:00:00.000000000,507.5023498535156,461.0400085449219,0.08255771511553767,0.1360844334212501,184.09634399414062,79.97994232177734
Pakistan,UBL.KA,2025-04-29T19:00:00.000000000,461.0400085449219,477.8399963378906,-0.09155098754124891,-0.0647554202982985,171.26576232910156,79.97994232177734
Pakistan,UBL.KA,2025-05-06T19:00:00.000000000,477.8399963378906,499.8299865722656,0.03643932735033295,0.022557152641943468,176.78150939941406,79.97994232177734
