Date,Open,High,Low,Close,Volume,Dividends,Stock Splits,Returns,Volatility,Volume_MA,Price_MA,Hour,Day,Month,Year,DayOfWeek,Ticker
2020-05-18 00:00:00-04:00,371.5899963378906,375.489990234375,367.2099914550781,367.9700012207031,2351900,0.0,0.0,,,,,0,18,5,2020,0,ADBE
2020-05-19 00:00:00-04:00,369.8800048828125,376.0,368.8900146484375,372.20001220703125,2753700,0.0,0.0,0.011495532169186307,,,,0,19,5,2020,1,ADBE
2020-05-20 00:00:00-04:00,377.2099914550781,384.3999938964844,377.05999755859375,383.6300048828125,2824700,0.0,0.0,0.03070927539202617,,,,0,20,5,2020,2,ADBE
2020-05-21 00:00:00-04:00,382.0,385.1199951171875,380.6000061035156,382.1700134277344,2261100,0.0,0.0,-0.003805728010049969,,,,0,21,5,2020,3,ADBE
2020-05-22 00:00:00-04:00,381.3900146484375,386.5199890136719,380.95001220703125,385.260009765625,1688200,0.0,0.0,0.008085397151325502,,,,0,22,5,2020,4,ADBE
2020-05-26 00:00:00-04:00,391.0,391.2699890136719,374.80999755859375,376.6300048828125,3526000,0.0,0.0,-0.0224004689406061,,,,0,26,5,2020,1,ADBE
2020-05-27 00:00:00-04:00,373.239990234375,375.70001220703125,361.44000244140625,375.1700134277344,3553300,0.0,0.0,-0.003876460813397986,,,,0,27,5,2020,2,ADBE
2020-05-28 00:00:00-04:00,372.5,386.8999938964844,372.5,379.8299865722656,2903600,0.0,0.0,0.012420963770412907,,,,0,28,5,2020,3,ADBE
2020-05-29 00:00:00-04:00,382.6199951171875,389.04998779296875,377.0799865722656,386.6000061035156,5892000,0.0,0.0,0.017823815313649405,,,,0,29,5,2020,4,ADBE
2020-06-01 00:00:00-04:00,387.0799865722656,389.989990234375,382.8999938964844,389.67999267578125,2034100,0.0,0.0,0.00796685598458291,,,,0,1,6,2020,0,ADBE
2020-06-02 00:00:00-04:00,389.9200134277344,390.9100036621094,382.0299987792969,390.44000244140625,2509600,0.0,0.0,0.0019503433070975351,,,,0,2,6,2020,1,ADBE
2020-06-03 00:00:00-04:00,390.82000732421875,391.1400146484375,387.4599914550781,389.9200134277344,2537100,0.0,0.0,-0.001331802608391608,,,,0,3,6,2020,2,ADBE
2020-06-04 00:00:00-04:00,389.5,395.7200012207031,382.2799987792969,385.79998779296875,2422600,0.0,0.0,-0.010566335383883074,,,,0,4,6,2020,3,ADBE
2020-06-05 00:00:00-04:00,384.6400146484375,396.1700134277344,382.0,392.8999938964844,2793700,0.0,0.0,0.018403334183944242,,,,0,5,6,2020,4,ADBE
2020-06-08 00:00:00-04:00,391.0,398.1000061035156,385.8399963378906,397.7799987792969,2593000,0.0,0.0,0.012420475842761736,,,,0,8,6,2020,0,ADBE
2020-06-09 00:00:00-04:00,397.0299987792969,402.30999755859375,394.1499938964844,397.1600036621094,2279300,0.0,0.0,-0.0015586382399570553,,,,0,9,6,2020,1,ADBE
2020-06-10 00:00:00-04:00,399.5899963378906,409.9800109863281,399.489990234375,406.82000732421875,3611600,0.0,0.0,0.024322700103326156,,,,0,10,6,2020,2,ADBE
2020-06-11 00:00:00-04:00,400.0,404.20001220703125,387.3699951171875,387.6700134277344,4123700,0.0,0.0,-0.047072399468354176,,,,0,11,6,2020,3,ADBE
2020-06-12 00:00:00-04:00,409.29998779296875,411.7200012207031,395.4100036621094,406.5400085449219,8332600,0.0,0.0,0.04867540553457084,,,,0,12,6,2020,4,ADBE
2020-06-15 00:00:00-04:00,398.79998779296875,406.1099853515625,397.0,401.3399963378906,3781500,0.0,0.0,-0.012790899044950121,,3238665.0,387.77550354003904,0,15,6,2020,0,ADBE
2020-06-16 00:00:00-04:00,407.8299865722656,414.67999267578125,405.4800109863281,411.6700134277344,3764400,0.0,0.0,0.02573881792022248,0.020701911360201757,3309290.0,389.96050415039065,0,16,6,2020,1,ADBE
2020-06-17 00:00:00-04:00,414.0,417.4599914550781,411.3599853515625,413.489990234375,2112300,0.0,0.0,0.004420960349982073,0.02066041907388308,3277220.0,392.02500305175784,0,17,6,2020,2,ADBE
2020-06-18 00:00:00-04:00,413.5,420.8399963378906,413.0,420.4599914550781,2578400,0.0,0.0,0.016856517413522898,0.019991353501573734,3264905.0,393.8665023803711,0,18,6,2020,3,ADBE
2020-06-19 00:00:00-04:00,423.760009765625,429.2699890136719,419.6499938964844,428.010009765625,3931600,0.0,0.0,0.01795656772103027,0.0200912092680797,3348430.0,396.15850219726565,0,19,6,2020,4,ADBE
2020-06-22 00:00:00-04:00,428.9599914550781,438.95001220703125,428.5400085449219,438.6400146484375,3156300,0.0,0.0,0.024835879162343533,0.020532604539219453,3421835.0,398.82750244140624,0,22,6,2020,0,ADBE
2020-06-23 00:00:00-04:00,440.07000732421875,446.1499938964844,436.010009765625,440.54998779296875,3065900,0.0,0.0,0.004354306676881858,0.019375133016163164,3398830.0,402.02350158691405,0,23,6,2020,1,ADBE
2020-06-24 00:00:00-04:00,440.0,442.6700134277344,427.4700012207031,431.67999267578125,3329400,0.0,0.0,-0.02013391297914613,0.0202241601605859,3387635.0,404.84900054931643,0,24,6,2020,2,ADBE
2020-06-25 00:00:00-04:00,430.010009765625,437.989990234375,427.5799865722656,436.95001220703125,2275200,0.0,0.0,0.012208162575670034,0.020221343780470677,3356215.0,407.7050018310547,0,25,6,2020,3,ADBE
2020-06-26 00:00:00-04:00,436.0,438.17999267578125,424.7099914550781,426.9200134277344,3829700,0.0,0.0,-0.022954568026295363,0.021131665970379285,3253100.0,409.72100219726565,0,26,6,2020,4,ADBE
2020-06-29 00:00:00-04:00,427.1099853515625,428.4800109863281,416.0299987792969,424.20001220703125,2623900,0.0,0.0,-0.006371219748786849,0.02127505314196533,3282590.0,411.44700317382814,0,29,6,2020,0,ADBE
2020-06-30 00:00:00-04:00,426.67999267578125,436.9100036621094,423.8599853515625,435.30999755859375,2944700,0.0,0.0,0.02619044090489142,0.021807854219256233,3304345.0,413.6905029296875,0,30,6,2020,1,ADBE
2020-07-01 00:00:00-04:00,434.79998779296875,442.04998779296875,433.6199951171875,439.80999755859375,2581700,0.0,0.0,0.010337460718196079,0.021766441046142854,3306575.0,416.1850021362305,0,1,7,2020,2,ADBE
2020-07-02 00:00:00-04:00,445.0,448.1600036621094,441.3599853515625,442.95001220703125,2503000,0.0,0.0,0.007139479925121872,0.02140293257845789,3310595.0,419.0425033569336,0,2,7,2020,3,ADBE
2020-07-06 00:00:00-04:00,448.0,455.5299987792969,444.69000244140625,452.5899963378906,2761200,0.0,0.0,0.02176314226254883,0.02150884030735427,3308970.0,422.0270034790039,0,6,7,2020,0,ADBE
2020-07-07 00:00:00-04:00,452.5899963378906,459.44000244140625,448.7200012207031,449.3599853515625,2684600,0.0,0.0,-0.007136726424498141,0.021708247241304584,3313550.0,424.6060028076172,0,7,7,2020,1,ADBE
2020-07-08 00:00:00-04:00,453.760009765625,458.239990234375,452.0,457.67999267578125,1999200,0.0,0.0,0.018515238551357616,0.021787791210644985,3299545.0,427.63200225830076,0,8,7,2020,2,ADBE
2020-07-09 00:00:00-04:00,460.44000244140625,463.79998779296875,451.8800048828125,460.8399963378906,2269800,0.0,0.0,0.006904395456822865,0.02141833114305911,3232455.0,430.3330017089844,0,9,7,2020,3,ADBE
2020-07-10 00:00:00-04:00,460.8299865722656,467.2099914550781,455.4800109863281,466.20001220703125,3676200,0.0,0.0,0.011630969342362851,0.017325792402966448,3210080.0,434.2595016479492,0,10,7,2020,4,ADBE
2020-07-13 00:00:00-04:00,469.7699890136719,470.6099853515625,440.6400146484375,442.4700012207031,3480700,0.0,0.0,-0.05090092313380301,0.019604978407149747,2967485.0,436.0560012817383,0,13,7,2020,0,ADBE
2020-07-14 00:00:00-04:00,435.739990234375,437.2099914550781,416.2900085449219,433.7799987792969,5666700,0.0,0.0,-0.0196397550510361,0.019977845883723644,3061745.0,437.6780014038086,0,14,7,2020,1,ADBE
2020-07-15 00:00:00-04:00,434.9100036621094,439.6300048828125,428.7300109863281,433.010009765625,2566200,0.0,0.0,-0.001775068043336936,0.01934563187665402,3001835.0,438.7450012207031,0,15,7,2020,2,ADBE
2020-07-16 00:00:00-04:00,428.42999267578125,430.5899963378906,418.510009765625,426.2900085449219,2677700,0.0,0.0,-0.01551927454134483,0.019762160926609575,3030105.0,439.38500213623047,0,16,7,2020,3,ADBE
2020-07-17 00:00:00-04:00,428.1199951171875,433.5,423.70001220703125,432.4200134277344,2568200,0.0,0.0,0.014379893405750632,0.019669820252382484,3029595.0,439.9830032348633,0,17,7,2020,4,ADBE
2020-07-20 00:00:00-04:00,434.05999755859375,456.8900146484375,433.0,455.2699890136719,3512500,0.0,0.0,0.052842086111623,0.02253564507548924,3008640.0,441.34600219726565,0,20,7,2020,0,ADBE
2020-07-21 00:00:00-04:00,456.07000732421875,456.989990234375,441.75,444.2799987792969,2027600,0.0,0.0,-0.024139500734903452,0.02273616963450338,2952205.0,441.6280014038086,0,21,7,2020,1,ADBE
2020-07-22 00:00:00-04:00,447.54998779296875,449.3699951171875,441.760009765625,445.04998779296875,1400300,0.0,0.0,0.0017331165386411662,0.02272266785669363,2868925.0,441.8530014038086,0,22,7,2020,2,ADBE
2020-07-23 00:00:00-04:00,445.0400085449219,448.80999755859375,430.29998779296875,431.739990234375,2313900,0.0,0.0,-0.02990674738493726,0.023293400634362273,2818150.0,441.85600128173826,0,23,7,2020,3,ADBE
2020-07-24 00:00:00-04:00,425.0,435.0,423.44000244140625,430.30999755859375,1900800,0.0,0.0,-0.003312161736523378,0.023132548969845915,2799430.0,441.5240005493164,0,24,7,2020,4,ADBE
2020-07-27 00:00:00-04:00,431.7699890136719,438.3599853515625,431.010009765625,437.1000061035156,1622000,0.0,0.0,0.015779341831344107,0.02277328333038251,2689045.0,442.03300018310546,0,27,7,2020,0,ADBE
2020-07-28 00:00:00-04:00,436.8299865722656,438.260009765625,431.3299865722656,432.260009765625,1463400,0.0,0.0,-0.011072972478395227,0.02288201530045927,2631020.0,442.43600006103514,0,28,7,2020,1,ADBE
2020-07-29 00:00:00-04:00,435.1600036621094,440.4800109863281,435.0400085449219,436.29998779296875,1489300,0.0,0.0,0.009346175764753939,0.02221365334177091,2558250.0,442.4854995727539,0,29,7,2020,2,ADBE
2020-07-30 00:00:00-04:00,429.9800109863281,440.5,426.80999755859375,438.8800048828125,1449000,0.0,0.0,0.005913401700730736,0.022130820223275505,2501615.0,442.43899993896486,0,30,7,2020,3,ADBE
2020-07-31 00:00:00-04:00,441.9800109863281,444.44000244140625,434.79998779296875,444.32000732421875,2034000,0.0,0.0,0.012395193175544161,0.022249353951038713,2478165.0,442.5074996948242,0,31,7,2020,4,ADBE
2020-08-03 00:00:00-04:00,449.8399963378906,450.739990234375,442.2799987792969,447.9700012207031,2075200,0.0,0.0,0.008214786271870445,0.02176535055206987,2443865.0,442.27649993896483,0,3,8,2020,0,ADBE
2020-08-04 00:00:00-04:00,448.260009765625,449.0799865722656,440.70001220703125,446.9200134277344,2622600,0.0,0.0,-0.002343879702005891,0.021712289426214924,2440765.0,442.1545013427734,0,4,8,2020,1,ADBE
2020-08-05 00:00:00-04:00,449.0899963378906,454.0400085449219,446.3500061035156,449.510009765625,2353100,0.0,0.0,0.005795212252917903,0.02132272270807381,2458460.0,441.7460021972656,0,5,8,2020,2,ADBE
2020-08-06 00:00:00-04:00,451.3500061035156,464.3699951171875,449.1300048828125,464.1099853515625,2362000,0.0,0.0,0.03247975633189992,0.022534239018681845,2463070.0,441.90950164794924,0,6,8,2020,3,ADBE
2020-08-07 00:00:00-04:00,460.8699951171875,461.7900085449219,445.0899963378906,449.57000732421875,3289700,0.0,0.0,-0.03132873346030196,0.023455557602473875,2443745.0,441.07800140380857,0,7,8,2020,4,ADBE
2020-08-10 00:00:00-04:00,450.3699951171875,451.1300048828125,436.5,443.2900085449219,1836800,0.0,0.0,-0.013968900676169627,0.020652308421449453,2361550.0,441.1190017700195,0,10,8,2020,0,ADBE
2020-08-11 00:00:00-04:00,440.260009765625,444.4800109863281,431.5899963378906,435.2300109863281,1900200,0.0,0.0,-0.01818222248015533,0.0205807142434763,2173225.0,441.1915023803711,0,11,8,2020,1,ADBE
2020-08-12 00:00:00-04:00,437.3699951171875,447.92999267578125,437.3699951171875,445.3599853515625,2223700,0.0,0.0,0.023274990486702896,0.021196559769109016,2156100.0,441.80900115966796,0,12,8,2020,2,ADBE
2020-08-13 00:00:00-04:00,446.07000732421875,455.8999938964844,446.07000732421875,450.0199890136719,2028000,0.0,0.0,0.010463453869639538,0.020884820372143672,2123615.0,442.9955001831055,0,13,8,2020,3,ADBE
2020-08-14 00:00:00-04:00,451.3900146484375,452.80999755859375,444.42999267578125,447.6000061035156,1111000,0.0,0.0,-0.005377500931592505,0.020781147635486857,2050755.0,443.7544998168945,0,14,8,2020,4,ADBE
2020-08-17 00:00:00-04:00,450.0,456.1000061035156,449.20001220703125,451.5799865722656,1555700,0.0,0.0,0.008891823982302594,0.017114371554384725,1952915.0,443.5699996948242,0,17,8,2020,0,ADBE
2020-08-18 00:00:00-04:00,454.7900085449219,464.5,452.8399963378906,463.510009765625,2097700,0.0,0.0,0.026418405483189522,0.01713655553592057,1956420.0,444.5315002441406,0,18,8,2020,1,ADBE
2020-08-19 00:00:00-04:00,464.2900085449219,468.1099853515625,457.5899963378906,462.010009765625,2439200,0.0,0.0,-0.003236176066097163,0.017180575107879733,2008365.0,445.37950134277344,0,19,8,2020,2,ADBE
2020-08-20 00:00:00-04:00,460.989990234375,479.79998779296875,458.8900146484375,478.4800109863281,2485000,0.0,0.0,0.03564858092372991,0.017023185222152487,2016920.0,447.7165023803711,0,20,8,2020,3,ADBE
2020-08-21 00:00:00-04:00,477.0899963378906,477.2799987792969,470.3399963378906,473.2200012207031,2645600,0.0,0.0,-0.010993165116306769,0.0173116650072937,2054160.0,449.86200256347655,0,21,8,2020,4,ADBE
2020-08-24 00:00:00-04:00,478.1400146484375,480.0199890136719,469.5199890136719,476.29998779296875,1840500,0.0,0.0,0.0065085722588238415,0.017128339438197745,2065085.0,451.8220016479492,0,24,8,2020,0,ADBE
2020-08-25 00:00:00-04:00,476.6700134277344,484.6499938964844,474.42999267578125,484.42999267578125,3967400,0.0,0.0,0.017069084801963896,0.01694158883900454,2190285.0,454.43050079345704,0,25,8,2020,1,ADBE
2020-08-26 00:00:00-04:00,496.95001220703125,533.7000122070312,492.2300109863281,528.489990234375,7780300,0.0,0.0,0.09095224949889125,0.025495731526196656,2504835.0,459.04000091552734,0,26,8,2020,2,ADBE
2020-08-27 00:00:00-04:00,519.010009765625,523.3200073242188,504.4599914550781,510.32000732421875,3631800,0.0,0.0,-0.03438094050201068,0.02735414763309216,2613975.0,462.6120010375977,0,27,8,2020,3,ADBE
2020-08-28 00:00:00-04:00,512.3300170898438,518.7999877929688,510.94000244140625,516.4400024414062,1926300,0.0,0.0,0.011992465569352628,0.02735082407187935,2608590.0,466.218000793457,0,28,8,2020,4,ADBE
2020-08-31 00:00:00-04:00,513.8599853515625,516.72998046875,507.7699890136719,513.3900146484375,2346700,0.0,0.0,-0.005905793080610122,0.02752383755495904,2622165.0,469.48900146484374,0,31,8,2020,0,ADBE
2020-09-01 00:00:00-04:00,515.0,528.5399780273438,514.47998046875,527.9500122070312,2404000,0.0,0.0,0.028360500093801422,0.027818867183580898,2611235.0,473.5405014038086,0,1,9,2020,1,ADBE
2020-09-02 00:00:00-04:00,536.25,536.8800048828125,521.4099731445312,533.7999877929688,2783400,0.0,0.0,0.011080548253957545,0.02781468370282137,2632750.0,477.75500030517577,0,2,9,2020,2,ADBE
2020-09-03 00:00:00-04:00,526.0399780273438,527.6300048828125,493.4200134277344,507.79998779296875,5837600,0.0,0.0,-0.04870738215543746,0.03004107689465715,2806530.0,479.9395004272461,0,3,9,2020,3,ADBE
2020-09-04 00:00:00-04:00,504.6499938964844,511.3500061035156,471.7099914550781,491.94000244140625,3900300,0.0,0.0,-0.03123274071055837,0.03003498619151811,2837060.0,482.0580001831055,0,4,9,2020,4,ADBE
2020-09-08 00:00:00-04:00,471.8900146484375,481.4800109863281,461.17999267578125,462.1300048828125,4533100,0.0,0.0,-0.06059681548695428,0.03322027613494035,2971875.0,483.0,0,8,9,2020,1,ADBE
2020-09-09 00:00:00-04:00,473.9100036621094,483.489990234375,462.4800109863281,479.4599914550781,3312100,0.0,0.0,0.0375002410342522,0.03371629347221364,3042470.0,485.2114990234375,0,9,9,2020,2,ADBE
2020-09-10 00:00:00-04:00,491.1499938964844,501.8500061035156,473.5,476.260009765625,4248100,0.0,0.0,-0.0066741370426794955,0.033544624662453754,3143690.0,486.7565002441406,0,10,9,2020,3,ADBE
2020-09-11 00:00:00-04:00,487.0799865722656,489.4100036621094,464.4800109863281,471.3500061035156,4414200,0.0,0.0,-0.010309502291669714,0.03365177395597286,3263000.0,487.8230010986328,0,11,9,2020,4,ADBE
2020-09-14 00:00:00-04:00,484.989990234375,490.44000244140625,476.8699951171875,485.9100036621094,4463800,0.0,0.0,0.030889991238052916,0.034158414649331996,3430640.0,489.7385009765625,0,14,9,2020,0,ADBE
2020-09-15 00:00:00-04:00,493.739990234375,499.69000244140625,491.489990234375,497.6700134277344,5682400,0.0,0.0,0.024202032633603876,0.034428640960080525,3636975.0,492.0430023193359,0,15,9,2020,1,ADBE
2020-09-16 00:00:00-04:00,505.5,505.5,475.5,476.0,8462600,0.0,0.0,-0.043542935766775925,0.03571399773318165,3955220.0,492.66750183105466,0,16,9,2020,2,ADBE
2020-09-17 00:00:00-04:00,464.44000244140625,475.1700134277344,460.5,474.29998779296875,4560800,0.0,0.0,-0.003571454216452219,0.03571662953230361,4061300.0,493.28200073242186,0,17,9,2020,3,ADBE
2020-09-18 00:00:00-04:00,477.3999938964844,478.3399963378906,452.5199890136719,467.54998779296875,7182300,0.0,0.0,-0.014231499417508675,0.03497079672298652,4296165.0,492.7354995727539,0,18,9,2020,4,ADBE
2020-09-21 00:00:00-04:00,460.30999755859375,475.8599853515625,456.7300109863281,475.6400146484375,3913700,0.0,0.0,0.017303020140492453,0.03509947080952791,4359570.0,492.85650024414065,0,21,9,2020,0,ADBE
2020-09-22 00:00:00-04:00,479.30999755859375,487.20001220703125,469.55999755859375,486.7799987792969,2629100,0.0,0.0,0.023421040677356286,0.03544537167686234,4399000.0,493.38050079345703,0,22,9,2020,1,ADBE
2020-09-23 00:00:00-04:00,486.8800048828125,488.0,468.2300109863281,470.3900146484375,2671300,0.0,0.0,-0.03367020866091608,0.03609584741700874,4334195.0,492.67850189208986,0,23,9,2020,2,ADBE
2020-09-24 00:00:00-04:00,466.92999267578125,471.42999267578125,460.2699890136719,467.6700134277344,2838800,0.0,0.0,-0.0057824382661184615,0.028912678124732024,4087120.0,489.6375030517578,0,24,9,2020,3,ADBE
2020-09-25 00:00:00-04:00,469.2300109863281,481.5799865722656,466.010009765625,479.7799987792969,2541100,0.0,0.0,0.02589429513088448,0.028906378999431867,4032585.0,488.1105026245117,0,25,9,2020,4,ADBE
2020-09-28 00:00:00-04:00,487.9700012207031,489.3900146484375,481.17999267578125,488.510009765625,2844800,0.0,0.0,0.018195862704864396,0.029104693556749404,4078510.0,486.71400299072263,0,28,9,2020,0,ADBE
2020-09-29 00:00:00-04:00,489.94000244140625,493.45001220703125,484.1700134277344,489.3299865722656,2030400,0.0,0.0,0.00167852611051722,0.02910559362979568,4062695.0,485.51100158691406,0,29,9,2020,1,ADBE
2020-09-30 00:00:00-04:00,488.1300048828125,497.239990234375,486.2200012207031,490.42999267578125,3508200,0.0,0.0,0.002247984251325219,0.028245454821356746,4117905.0,483.63500061035154,0,30,9,2020,2,ADBE
2020-10-01 00:00:00-04:00,497.42999267578125,501.5,495.760009765625,499.510009765625,2264600,0.0,0.0,0.01851440006819982,0.02849242117268993,4091965.0,481.9205017089844,0,1,10,2020,3,ADBE
2020-10-02 00:00:00-04:00,487.989990234375,496.7799987792969,478.6400146484375,478.989990234375,2780900,0.0,0.0,-0.041080296951162554,0.027892097730312485,3939130.0,480.48000183105466,0,2,10,2020,4,ADBE
2020-10-05 00:00:00-04:00,483.25,486.69000244140625,478.989990234375,486.4700012207031,1984100,0.0,0.0,0.015616215659680188,0.027317100747350005,3843320.0,480.20650177001954,0,5,10,2020,0,ADBE
2020-10-06 00:00:00-04:00,485.0,491.510009765625,477.5,478.9800109863281,2041500,0.0,0.0,-0.015396612772792362,0.023685710927430728,3718740.0,481.0490020751953,0,6,10,2020,1,ADBE
2020-10-07 00:00:00-04:00,484.3500061035156,493.9800109863281,481.42999267578125,493.1499938964844,2025800,0.0,0.0,0.029583662334837335,0.023121710480261886,3654425.0,481.73350219726564,0,7,10,2020,2,ADBE
2020-10-08 00:00:00-04:00,499.04998779296875,499.489990234375,487.55999755859375,490.8399963378906,1590700,0.0,0.0,-0.00468416827980056,0.023088196513151284,3521555.0,482.4625015258789,0,8,10,2020,3,ADBE
2020-10-09 00:00:00-04:00,491.7699890136719,502.1700134277344,491.17999267578125,502.1600036621094,1853800,0.0,0.0,0.02306252018718169,0.023373862389477307,3393535.0,484.0030014038086,0,9,10,2020,4,ADBE
2020-10-12 00:00:00-04:00,508.260009765625,516.0,499.5400085449219,510.8900146484375,3149700,0.0,0.0,0.01738491899526573,0.022724955160184003,3327830.0,485.252001953125,0,12,10,2020,0,ADBE
2020-10-13 00:00:00-04:00,512.1900024414062,519.5999755859375,511.8999938964844,514.3099975585938,2438100,0.0,0.0,0.006694166674033886,0.022186224102577604,3165615.0,486.084001159668,0,13,10,2020,1,ADBE
2020-10-14 00:00:00-04:00,514.3400268554688,516.9500122070312,501.6000061035156,506.30999755859375,2032900,0.0,0.0,-0.015554821096178673,0.019939120330321598,2844130.0,487.59950103759763,0,14,10,2020,2,ADBE
2020-10-15 00:00:00-04:00,499.260009765625,502.5,491.8500061035156,501.1499938964844,2042800,0.0,0.0,-0.010191392006854927,0.020113053230923886,2718230.0,488.94200134277344,0,15,10,2020,3,ADBE
2020-10-16 00:00:00-04:00,504.0,510.3399963378906,500.70001220703125,502.82000732421875,2441200,0.0,0.0,0.0033323624624832515,0.01970262074685561,2481175.0,490.70550231933595,0,16,10,2020,4,ADBE
2020-10-19 00:00:00-04:00,507.75,507.75,493.20001220703125,495.20001220703125,1931400,0.0,0.0,-0.01515451852788774,0.01987035163213009,2382060.0,491.6835021972656,0,19,10,2020,0,ADBE
2020-10-20 00:00:00-04:00,495.25,500.1700134277344,491.9100036621094,494.5799865722656,1453900,0.0,0.0,-0.001252071121731757,0.019239772146846572,2323300.0,492.07350158691406,0,20,10,2020,1,ADBE
2020-10-21 00:00:00-04:00,492.04998779296875,499.80999755859375,490.57000732421875,495.9599914550781,1369700,0.0,0.0,0.002790256217961362,0.017426490503722376,2258220.0,493.3520004272461,0,21,10,2020,2,ADBE
2020-10-22 00:00:00-04:00,496.7200012207031,496.8599853515625,479.3999938964844,483.6000061035156,2613700,0.0,0.0,-0.02492133552002851,0.018419489956248633,2246965.0,494.1485000610352,0,22,10,2020,3,ADBE
2020-10-23 00:00:00-04:00,486.4100036621094,488.510009765625,479.510009765625,488.5,1899300,0.0,0.0,0.010132328028621851,0.017657476550816262,2214875.0,494.5845001220703,0,23,10,2020,4,ADBE
2020-10-26 00:00:00-04:00,480.8800048828125,488.7799987792969,470.1300048828125,475.20001220703125,2337400,0.0,0.0,-0.027226177672402763,0.018247332135814386,2189505.0,493.91900024414065,0,26,10,2020,0,ADBE
2020-10-27 00:00:00-04:00,479.7799987792969,481.8900146484375,473.4700012207031,478.55999755859375,1896500,0.0,0.0,0.007070676063237746,0.018332069302113507,2182810.0,493.38050079345703,0,27,10,2020,1,ADBE
2020-10-28 00:00:00-04:00,469.1700134277344,470.9700012207031,455.8800048828125,456.9700012207031,2677300,0.0,0.0,-0.04511450277506157,0.020791186614211,2141265.0,491.70750122070314,0,28,10,2020,2,ADBE
2020-10-29 00:00:00-04:00,459.32000732421875,464.7300109863281,457.2799987792969,461.1099853515625,2125300,0.0,0.0,0.009059640938793079,0.020371865971076656,2134300.0,489.7875,0,29,10,2020,3,ADBE
2020-10-30 00:00:00-04:00,458.32000732421875,459.5,442.510009765625,447.1000061035156,3127000,0.0,0.0,-0.03038316170352562,0.019461441882548558,2151605.0,488.19300079345703,0,30,10,2020,4,ADBE
2020-11-02 00:00:00-05:00,451.0,456.19000244140625,438.94000244140625,444.94000244140625,2479000,0.0,0.0,-0.0048311420993567555,0.018948068988650126,2176350.0,486.1165008544922,0,2,11,2020,0,ADBE
2020-11-03 00:00:00-05:00,448.989990234375,457.8399963378906,445.6700134277344,454.0199890136719,1758600,0.0,0.0,0.020407215630069864,0.019525069754621743,2162205.0,484.8684997558594,0,3,11,2020,1,ADBE
2020-11-04 00:00:00-05:00,477.92999267578125,494.94000244140625,474.4700012207031,487.2300109863281,4524300,0.0,0.0,0.0731466075861611,0.024963773011403113,2287130.0,484.57250061035154,0,4,11,2020,2,ADBE
2020-11-05 00:00:00-05:00,499.2699890136719,502.5299987792969,489.79998779296875,496.4700012207031,2401000,0.0,0.0,0.018964329015098924,0.025303515696415015,2327645.0,484.8540008544922,0,5,11,2020,3,ADBE
2020-11-06 00:00:00-05:00,494.95001220703125,498.7200012207031,483.0,494.6300048828125,1956300,0.0,0.0,-0.0037061581432241697,0.02477024737967047,2332770.0,484.47750091552734,0,6,11,2020,4,ADBE
2020-11-09 00:00:00-05:00,494.70001220703125,499.4100036621094,470.760009765625,471.1400146484375,3625300,0.0,0.0,-0.0474900228503935,0.02649696189924488,2356550.0,482.49000091552733,0,9,11,2020,0,ADBE
2020-11-10 00:00:00-05:00,466.7200012207031,468.010009765625,446.0,452.0,4920300,0.0,0.0,-0.040624897171427254,0.027608225217974364,2480660.0,479.37450103759767,0,10,11,2020,1,ADBE
2020-11-11 00:00:00-05:00,458.489990234375,470.1199951171875,457.5,467.75,2634200,0.0,0.0,0.03484513274336276,0.028964484765885538,2510725.0,477.44650115966795,0,11,11,2020,2,ADBE
2020-11-12 00:00:00-05:00,473.489990234375,474.92999267578125,461.1499938964844,462.5799865722656,2115000,0.0,0.0,-0.0110529415878875,0.028975509130806015,2514335.0,475.518000793457,0,12,11,2020,3,ADBE
2020-11-13 00:00:00-05:00,467.45001220703125,470.6000061035156,459.0,469.3399963378906,2965600,0.0,0.0,0.014613709978498868,0.029226294986840526,2540555.0,473.8440002441406,0,13,11,2020,4,ADBE
2020-11-16 00:00:00-05:00,460.42999267578125,469.5299987792969,458.25,460.95001220703125,2522200,0.0,0.0,-0.017876132859597993,0.0292919504239523,2570095.0,472.1315002441406,0,16,11,2020,0,ADBE
2020-11-17 00:00:00-05:00,461.6600036621094,469.9100036621094,460.0,467.95001220703125,2407600,0.0,0.0,0.015186028451293465,0.02957789321481329,2617780.0,470.8000015258789,0,17,11,2020,1,ADBE
2020-11-18 00:00:00-05:00,466.7099914550781,467.8999938964844,459.260009765625,459.4700012207031,2063200,0.0,0.0,-0.01812161719225769,0.029755687531195382,2652455.0,468.97550201416016,0,18,11,2020,2,ADBE
2020-11-19 00:00:00-05:00,460.0,471.0400085449219,459.260009765625,466.4100036621094,3132700,0.0,0.0,0.015104364643977464,0.029577238891489416,2678405.0,468.11600189208986,0,19,11,2020,3,ADBE
2020-11-20 00:00:00-05:00,465.1600036621094,470.0,462.3599853515625,462.9200134277344,1849900,0.0,0.0,-0.007482665909763209,0.029478020276145607,2675935.0,466.8370025634766,0,20,11,2020,4,ADBE
2020-11-23 00:00:00-05:00,464.6300048828125,467.0,456.1700134277344,460.6099853515625,2370000,0.0,0.0,-0.00499012358326667,0.02890113317913428,2677565.0,466.1075012207031,0,23,11,2020,0,ADBE
2020-11-24 00:00:00-05:00,461.4100036621094,464.489990234375,456.67999267578125,462.70001220703125,2584900,0.0,0.0,0.004537519641206966,0.02886867923362399,2711985.0,465.314501953125,0,24,11,2020,1,ADBE
2020-11-25 00:00:00-05:00,466.2900085449219,472.5299987792969,464.8500061035156,470.0799865722656,2634500,0.0,0.0,0.015949803696854614,0.027168913473105346,2709845.0,465.9700012207031,0,25,11,2020,2,ADBE
2020-11-27 00:00:00-05:00,476.8999938964844,482.4100036621094,474.8599853515625,477.0299987792969,1815500,0.0,0.0,0.014784743885204454,0.02727977457266483,2694355.0,466.76600189208983,0,27,11,2020,4,ADBE
2020-11-30 00:00:00-05:00,480.0,480.8599853515625,469.20001220703125,478.4700012207031,2787000,0.0,0.0,0.003018683196216454,0.026190441151621453,2677355.0,468.3345016479492,0,30,11,2020,0,ADBE
2020-12-01 00:00:00-05:00,482.010009765625,482.010009765625,471.6300048828125,479.1499938964844,2531100,0.0,0.0,0.0014211814200397743,0.02612023201085456,2679960.0,470.0450012207031,0,1,12,2020,1,ADBE
2020-12-02 00:00:00-05:00,475.6700134277344,481.32000732421875,470.1199951171875,481.260009765625,2107100,0.0,0.0,0.004403664606111857,0.02583575680716413,2697385.0,471.4070022583008,0,2,12,2020,2,ADBE
2020-12-03 00:00:00-05:00,482.2099914550781,492.80999755859375,481.5,484.2799987792969,3062700,0.0,0.0,0.006275171326083351,0.01997340412135604,2624305.0,471.2595016479492,0,3,12,2020,3,ADBE
2020-12-04 00:00:00-05:00,485.6700134277344,491.3900146484375,484.3599853515625,486.0,2749800,0.0,0.0,0.0035516668560309217,0.019490130890851075,2641745.0,470.7360015869141,0,4,12,2020,4,ADBE
2020-12-07 00:00:00-05:00,487.0,499.2900085449219,487.0,492.25,3441700,0.0,0.0,0.012860082304526843,0.01971455130956125,2716015.0,470.61700134277345,0,7,12,2020,0,ADBE
2020-12-08 00:00:00-05:00,492.2900085449219,496.0400085449219,486.20001220703125,495.2799987792969,2175700,0.0,0.0,0.0061554063571291895,0.016269331268833863,2643535.0,471.8240005493164,0,8,12,2020,1,ADBE
2020-12-09 00:00:00-05:00,496.0299987792969,497.0,479.260009765625,483.739990234375,3449100,0.0,0.0,-0.023299968852697917,0.014171083547063496,2569975.0,473.41100006103517,0,9,12,2020,2,ADBE
2020-12-10 00:00:00-05:00,483.739990234375,488.2900085449219,470.95001220703125,476.8699951171875,3922000,0.0,0.0,-0.014201834158591997,0.01261903227446418,2634365.0,473.8669998168945,0,10,12,2020,3,ADBE
2020-12-11 00:00:00-05:00,475.9800109863281,478.8900146484375,468.82000732421875,475.9100036621094,3561300,0.0,0.0,-0.0020131093692363766,0.01232140335742557,2706680.0,474.5335006713867,0,11,12,2020,4,ADBE
2020-12-14 00:00:00-05:00,475.6099853515625,488.4100036621094,475.5,486.4200134277344,3945200,0.0,0.0,0.02208402783036889,0.012842276740946599,2755660.0,475.3875015258789,0,14,12,2020,0,ADBE
2020-12-15 00:00:00-05:00,489.04998779296875,489.5,480.5299987792969,482.6400146484375,2558600,0.0,0.0,-0.00777105932105826,0.01220773195027229,2757480.0,476.47200164794924,0,15,12,2020,1,ADBE
2020-12-16 00:00:00-05:00,485.0,491.5,484.1099853515625,489.8999938964844,2555600,0.0,0.0,0.015042224075297872,0.012199827563666835,2764880.0,477.5695007324219,0,16,12,2020,2,ADBE
2020-12-17 00:00:00-05:00,493.0,496.989990234375,490.6300048828125,495.3599853515625,2178400,0.0,0.0,0.011145114356200247,0.011337915009585912,2770640.0,479.36399993896487,0,17,12,2020,3,ADBE
2020-12-18 00:00:00-05:00,497.6099853515625,504.07000732421875,493.57000732421875,502.95001220703125,4667400,0.0,0.0,0.015322244589623057,0.011349418208036408,2847375.0,481.1910003662109,0,18,12,2020,4,ADBE
2020-12-21 00:00:00-05:00,498.04998779296875,502.0,491.5,498.3900146484375,2412900,0.0,0.0,-0.009066502530905018,0.011437760758635923,2875525.0,482.9645004272461,0,21,12,2020,0,ADBE
2020-12-22 00:00:00-05:00,498.3599853515625,506.9200134277344,495.8299865722656,504.1700134277344,1701500,0.0,0.0,0.011597340655739474,0.011371044197073849,2842100.0,485.1425018310547,0,22,12,2020,1,ADBE
2020-12-23 00:00:00-05:00,505.1300048828125,505.4599914550781,496.5899963378906,496.9100036621094,1428300,0.0,0.0,-0.01439992378020638,0.012138214064671672,2784270.0,486.8530014038086,0,23,12,2020,2,ADBE
2020-12-24 00:00:00-05:00,499.1600036621094,503.010009765625,497.2799987792969,499.8599853515625,589200,0.0,0.0,0.005936651843819751,0.011805836624611613,2682005.0,488.3420013427734,0,24,12,2020,3,ADBE
2020-12-28 00:00:00-05:00,505.6099853515625,506.0400085449219,496.82000732421875,498.95001220703125,1515400,0.0,0.0,-0.0018204560700958439,0.011524512277216147,2667000.0,489.43800201416013,0,28,12,2020,0,ADBE
2020-12-29 00:00:00-05:00,501.1700134277344,505.3500061035156,499.739990234375,502.1099853515625,1434100,0.0,0.0,0.006333245950939315,0.011558990081158078,2599355.0,490.6200012207031,0,29,12,2020,1,ADBE
2020-12-30 00:00:00-05:00,503.04998779296875,504.3699951171875,496.3299865722656,497.45001220703125,1529900,0.0,0.0,-0.00928078166234525,0.01185441310478183,2549295.0,491.53500213623045,0,30,12,2020,2,ADBE
2020-12-31 00:00:00-05:00,497.989990234375,500.6600036621094,494.8900146484375,500.1199951171875,1462100,0.0,0.0,0.005367339118779624,0.011866894553651386,2517045.0,492.4780014038086,0,31,12,2020,3,ADBE
2021-01-04 00:00:00-05:00,500.29998779296875,500.7900085449219,476.2799987792969,485.3399963378906,3612900,0.0,0.0,-0.02955290514996034,0.013742195173376322,2544555.0,492.53100128173827,0,4,1,2021,0,ADBE
2021-01-05 00:00:00-05:00,485.8800048828125,486.0799865722656,479.20001220703125,485.69000244140625,2010100,0.0,0.0,0.0007211565215241578,0.013720412779847133,2507570.0,492.51550140380857,0,5,1,2021,1,ADBE
2021-01-06 00:00:00-05:00,474.1000061035156,475.8699951171875,466.0,466.30999755859375,4156600,0.0,0.0,-0.03990200495253249,0.016010609301667943,2543315.0,491.21850128173827,0,6,1,2021,2,ADBE
2021-01-07 00:00:00-05:00,471.0,479.6400146484375,468.25,477.739990234375,2901200,0.0,0.0,0.02451157542326765,0.01703133064444915,2579590.0,490.3415008544922,0,7,1,2021,3,ADBE
2021-01-08 00:00:00-05:00,480.0,485.5400085449219,477.2099914550781,485.1000061035156,2266100,0.0,0.0,0.015405902833317109,0.016637769568209733,2520440.0,490.40950164794924,0,8,1,2021,4,ADBE
2021-01-11 00:00:00-05:00,481.989990234375,482.5899963378906,471.29998779296875,474.239990234375,2382400,0.0,0.0,-0.022387169104308824,0.017106636395916353,2443460.0,490.2780014038086,0,11,1,2021,0,ADBE
2021-01-12 00:00:00-05:00,474.4100036621094,475.0,464.0,471.6499938964844,2964900,0.0,0.0,-0.005461362160982253,0.01714388358428391,2413640.0,490.0650009155273,0,12,1,2021,1,ADBE
2021-01-13 00:00:00-05:00,472.0,477.8500061035156,469.29998779296875,472.04998779296875,2105900,0.0,0.0,0.0008480735750251434,0.016321917572402637,2321675.0,489.34649963378905,0,13,1,2021,2,ADBE
2021-01-14 00:00:00-05:00,472.4100036621094,473.54998779296875,462.20001220703125,463.2699890136719,3508300,0.0,0.0,-0.01859972250046449,0.01672015710615432,2369160.0,488.3779983520508,0,14,1,2021,3,ADBE
2021-01-15 00:00:00-05:00,462.5,467.8800048828125,457.489990234375,458.0799865722656,3200400,0.0,0.0,-0.01120297572578799,0.016345199709677523,2401400.0,486.78699798583983,0,15,1,2021,4,ADBE
2021-01-19 00:00:00-05:00,461.1700134277344,461.5899963378906,453.3399963378906,456.5,4419200,0.0,0.0,-0.0034491499707035578,0.015991885452442532,2513440.0,484.84399871826173,0,19,1,2021,1,ADBE
2021-01-20 00:00:00-05:00,462.7300109863281,472.3900146484375,458.7699890136719,469.7300109863281,3859000,0.0,0.0,0.028981404132153665,0.017110946674807004,2473020.0,483.18299865722656,0,20,1,2021,2,ADBE
2021-01-21 00:00:00-05:00,470.260009765625,474.69000244140625,466.1000061035156,472.0199890136719,2768700,0.0,0.0,0.004875094147242853,0.01714636433438645,2490810.0,481.86449737548827,0,21,1,2021,3,ADBE
2021-01-22 00:00:00-05:00,472.5,476.3500061035156,470.6099853515625,472.44000244140625,2534300,0.0,0.0,0.0008898212734846922,0.01684511240776729,2532450.0,480.2779968261719,0,22,1,2021,4,ADBE
2021-01-25 00:00:00-05:00,474.510009765625,477.70001220703125,463.9800109863281,473.44000244140625,2697400,0.0,0.0,0.0021166708890703045,0.01666637242698492,2595905.0,479.10449676513673,0,25,1,2021,0,ADBE
2021-01-26 00:00:00-05:00,473.7300109863281,477.2200012207031,467.760009765625,476.2799987792969,2363100,0.0,0.0,0.00599864042591558,0.01666798725995517,2684600.0,477.9254974365234,0,26,1,2021,1,ADBE
2021-01-27 00:00:00-05:00,470.989990234375,473.6700134277344,455.07000732421875,460.0,3586400,0.0,0.0,-0.03418157138872602,0.018127801518079512,2788150.0,475.9779968261719,0,27,1,2021,2,ADBE
2021-01-28 00:00:00-05:00,459.07000732421875,475.0199890136719,459.07000732421875,465.6700134277344,3000700,0.0,0.0,0.012326116147248545,0.018353946400346714,2866480.0,474.15599822998047,0,28,1,2021,3,ADBE
2021-01-29 00:00:00-05:00,462.1700134277344,465.0,455.1099853515625,458.7699890136719,3061100,0.0,0.0,-0.014817411933554347,0.018485441397177425,2943040.0,472.2219970703125,0,29,1,2021,4,ADBE
2021-02-01 00:00:00-05:00,462.2799987792969,474.79998779296875,459.82000732421875,470.0,2554800,0.0,0.0,0.02447852138382456,0.019456811356541603,2997675.0,470.71599731445315,0,1,2,2021,0,ADBE
2021-02-02 00:00:00-05:00,473.6499938964844,487.3699951171875,472.54998779296875,484.92999267578125,3022000,0.0,0.0,0.031765941863364455,0.01986612228622897,2968130.0,470.6954971313477,0,2,2,2021,1,ADBE
2021-02-03 00:00:00-05:00,487.0899963378906,488.8500061035156,479.1700134277344,481.9200134277344,2146900,0.0,0.0,-0.006207038734474257,0.019915904889784102,2974970.0,470.5069976806641,0,3,2,2021,2,ADBE
2021-02-04 00:00:00-05:00,484.2200012207031,489.8800048828125,481.9200134277344,489.3800048828125,2005100,0.0,0.0,0.015479729513654616,0.017848085448195078,2867395.0,471.660498046875,0,4,2,2021,3,ADBE
2021-02-05 00:00:00-05:00,490.9200134277344,495.1000061035156,488.0,492.1199951171875,1675000,0.0,0.0,0.0055989010728607624,0.017110063674373736,2806085.0,472.37949829101564,0,5,2,2021,4,ADBE
2021-02-08 00:00:00-05:00,494.260009765625,497.8599853515625,489.2099914550781,493.760009765625,1727000,0.0,0.0,0.003332550322502126,0.01680851170169787,2779130.0,472.81249847412107,0,8,2,2021,0,ADBE
2021-02-09 00:00:00-05:00,495.0,497.95001220703125,492.010009765625,496.04998779296875,1571500,0.0,0.0,0.004637836159373743,0.015888942267229002,2738585.0,473.90299835205076,0,9,2,2021,1,ADBE
2021-02-10 00:00:00-05:00,499.1700134277344,499.989990234375,490.2699890136719,492.6700134277344,1764500,0.0,0.0,-0.006813777740974469,0.015926860284037725,2678565.0,474.9539993286133,0,10,2,2021,2,ADBE
2021-02-11 00:00:00-05:00,494.5299987792969,497.0,491.0799865722656,496.6199951171875,1609800,0.0,0.0,0.00801749970933141,0.015973008543752634,2653760.0,476.18249969482423,0,11,2,2021,3,ADBE
2021-02-12 00:00:00-05:00,495.1600036621094,499.3599853515625,491.760009765625,498.8399963378906,1450600,0.0,0.0,0.004470221180239209,0.015169620871793469,2550875.0,477.9610000610352,0,12,2,2021,4,ADBE
2021-02-16 00:00:00-05:00,500.0299987792969,506.510009765625,497.6000061035156,501.6400146484375,1845900,0.0,0.0,0.005613058958989781,0.014753750686507803,2483150.0,480.1390014648438,0,16,2,2021,1,ADBE
2021-02-17 00:00:00-05:00,495.4100036621094,495.54998779296875,485.510009765625,491.2300109863281,2112000,0.0,0.0,-0.020751940351897535,0.015729085802700625,2367790.0,481.87550201416013,0,17,2,2021,2,ADBE
2021-02-18 00:00:00-05:00,486.32000732421875,489.79998779296875,480.0,488.3699951171875,1803200,0.0,0.0,-0.00582215215922588,0.014686077630041094,2265000.0,482.8075012207031,0,18,2,2021,3,ADBE
2021-02-19 00:00:00-05:00,487.1600036621094,488.6499938964844,476.1000061035156,479.1199951171875,2720700,0.0,0.0,-0.01894055755366464,0.015393463608046406,2262600.0,483.1625015258789,0,19,2,2021,4,ADBE
2021-02-22 00:00:00-05:00,470.4800109863281,472.1000061035156,466.6600036621094,467.3299865722656,2510500,0.0,0.0,-0.02460763204432359,0.01641290619310071,2261410.0,482.90700073242186,0,22,2,2021,0,ADBE
2021-02-23 00:00:00-05:00,461.0199890136719,471.44000244140625,450.1199951171875,467.79998779296875,4164300,0.0,0.0,0.0010057159484895273,0.01640576432596487,2334755.0,482.625,0,23,2,2021,1,ADBE
2021-02-24 00:00:00-05:00,463.489990234375,477.3500061035156,460.2900085449219,476.6199951171875,3390600,0.0,0.0,0.01885422735009179,0.01691647345771329,2386130.0,482.64199981689455,0,24,2,2021,2,ADBE
2021-02-25 00:00:00-05:00,471.239990234375,476.30999755859375,456.010009765625,459.1600036621094,3252500,0.0,0.0,-0.03663293951984792,0.017185228087968706,2369435.0,482.6,0,25,2,2021,3,ADBE
2021-02-26 00:00:00-05:00,462.79998779296875,467.32000732421875,456.010009765625,459.6700134277344,3154500,0.0,0.0,0.0011107451902545584,0.016944844617984844,2377125.0,482.3,0,26,2,2021,4,ADBE
2021-03-01 00:00:00-05:00,465.67999267578125,470.5,462.6499938964844,469.57000732421875,2358600,0.0,0.0,0.02153717581588732,0.017276123105747842,2342000.0,482.84000091552736,0,1,3,2021,0,ADBE
2021-03-02 00:00:00-05:00,473.0299987792969,473.79998779296875,463.4599914550781,466.5899963378906,2211000,0.0,0.0,-0.006346254956336117,0.016455563512282275,2324810.0,482.66950073242185,0,2,3,2021,1,ADBE
2021-03-03 00:00:00-05:00,463.2200012207031,464.67999267578125,448.0899963378906,448.45001220703125,2808100,0.0,0.0,-0.03887778193539093,0.01680321495567191,2314115.0,480.8455017089844,0,3,3,2021,2,ADBE
2021-03-04 00:00:00-05:00,446.45001220703125,457.5299987792969,437.6300048828125,439.05999755859375,4486400,0.0,0.0,-0.020938821257301066,0.017233192351138963,2431090.0,478.70250091552737,0,4,3,2021,3,ADBE
2021-03-05 00:00:00-05:00,444.8800048828125,444.95001220703125,423.7099914550781,440.8299865722656,4615000,0.0,0.0,0.004031314680257747,0.016716885474276716,2561585.0,476.275,0,5,3,2021,4,ADBE
2021-03-08 00:00:00-05:00,439.760009765625,440.989990234375,420.7799987792969,421.20001220703125,3885100,0.0,0.0,-0.04452958048037958,0.018675351214487462,2672090.0,472.7290008544922,0,8,3,2021,0,ADBE
2021-03-09 00:00:00-05:00,437.8399963378906,442.75,436.0,439.17999267578125,3926400,0.0,0.0,0.04268751174658636,0.02171236068643934,2782060.0,470.0,0,9,3,2021,1,ADBE
2021-03-10 00:00:00-05:00,445.7300109863281,448.4599914550781,436.82000732421875,437.010009765625,2747300,0.0,0.0,-0.004940987627726989,0.02157954096981496,2840850.0,467.0480010986328,0,10,3,2021,2,ADBE
2021-03-11 00:00:00-05:00,448.1400146484375,454.07000732421875,447.30999755859375,451.05999755859375,2762200,0.0,0.0,0.03215026539209931,0.023208473323602246,2890735.0,464.9675003051758,0,11,3,2021,3,ADBE
2021-03-12 00:00:00-05:00,443.45001220703125,445.8900146484375,438.6000061035156,444.29998779296875,2183100,0.0,0.0,-0.01498694143177004,0.023143906124400825,2919400.0,462.3514999389648,0,12,3,2021,4,ADBE
2021-03-15 00:00:00-04:00,444.3999938964844,447.7900085449219,437.7699890136719,447.5899963378906,2508400,0.0,0.0,0.0074049260304165365,0.02321826626730064,2972290.0,459.7889999389648,0,15,3,2021,0,ADBE
2021-03-16 00:00:00-04:00,452.010009765625,457.4100036621094,449.6700134277344,450.5400085449219,2618800,0.0,0.0,0.006590880562943324,0.023243137096842784,3010935.0,457.23399963378904,0,16,3,2021,1,ADBE
2021-03-17 00:00:00-04:00,445.44000244140625,453.94000244140625,441.0199890136719,451.010009765625,2502700,0.0,0.0,0.0010431953029454988,0.022980123442713832,3030470.0,455.2229995727539,0,17,3,2021,2,ADBE
2021-03-18 00:00:00-04:00,443.1600036621094,446.8599853515625,438.5,439.17999267578125,2931200,0.0,0.0,-0.02623005439722148,0.023511746782000232,3086870.0,452.7634994506836,0,18,3,2021,3,ADBE
2021-03-19 00:00:00-04:00,439.17999267578125,444.5,438.1400146484375,441.5,3923800,0.0,0.0,0.005282588831252655,0.02338104057112617,3147025.0,450.8824996948242,0,19,3,2021,4,ADBE
2021-03-22 00:00:00-04:00,444.8599853515625,457.82000732421875,444.8599853515625,452.4100036621094,2944300,0.0,0.0,0.02471122007272797,0.023672144709925503,3168715.0,450.1365005493164,0,22,3,2021,0,ADBE
2021-03-23 00:00:00-04:00,457.3500061035156,466.8800048828125,456.4100036621094,460.20001220703125,5317000,0.0,0.0,0.01721891311391066,0.02403207214183861,3226350.0,449.75650177001955,0,23,3,2021,1,ADBE
2021-03-24 00:00:00-04:00,464.760009765625,465.6099853515625,448.3399963378906,451.510009765625,5214100,0.0,0.0,-0.018883099111037915,0.023910105057297043,3317525.0,448.5010025024414,0,24,3,2021,2,ADBE
2021-03-25 00:00:00-04:00,448.3299865722656,456.8699951171875,445.4100036621094,450.989990234375,3201500,0.0,0.0,-0.0011517342251613494,0.02251433271297697,3314975.0,448.0925018310547,0,25,3,2021,3,ADBE
2021-03-26 00:00:00-04:00,450.25,469.7699890136719,449.04998779296875,469.0899963378906,3615900,0.0,0.0,0.040133941984187294,0.024295930211062296,3338045.0,448.5635009765625,0,26,3,2021,4,ADBE
2021-03-29 00:00:00-04:00,469.0299987792969,472.0,462.5,469.32000732421875,3141900,0.0,0.0,0.0004903344520748032,0.02382426853709257,3377210.0,448.5510009765625,0,29,3,2021,0,ADBE
2021-03-30 00:00:00-04:00,462.5799865722656,469.0899963378906,461.5,465.4599914550781,2436300,0.0,0.0,-0.008224699158146054,0.023855294949117728,3388475.0,448.4945007324219,0,30,3,2021,1,ADBE
2021-03-31 00:00:00-04:00,469.70001220703125,482.4100036621094,468.70001220703125,475.3699951171875,3155900,0.0,0.0,0.02129077438241178,0.02242565568327422,3405865.0,449.8404998779297,0,31,3,2021,2,ADBE
2021-04-01 00:00:00-04:00,483.1199951171875,487.0400085449219,480.7099914550781,483.3399963378906,2664700,0.0,0.0,0.0167658903644905,0.02187135129598356,3314780.0,452.0544998168945,0,1,4,2021,3,ADBE
2021-04-05 00:00:00-04:00,483.69000244140625,495.510009765625,480.5,491.6199951171875,2982500,0.0,0.0,0.017130795800123666,0.02203499921424134,3233155.0,454.5940002441406,0,5,4,2021,0,ADBE
2021-04-06 00:00:00-04:00,492.32000732421875,495.5899963378906,487.57000732421875,491.3399963378906,1878300,0.0,0.0,-0.0005695431066227163,0.018701472475060533,3132815.0,458.1009994506836,0,6,4,2021,1,ADBE
2021-04-07 00:00:00-04:00,492.9800109863281,494.8500061035156,487.8900146484375,493.4100036621094,1576800,0.0,0.0,0.004212983554457539,0.016818277714584304,3015335.0,460.8125,0,7,4,2021,2,ADBE
2021-04-08 00:00:00-04:00,500.1600036621094,504.6000061035156,498.1400146484375,499.8399963378906,2026000,0.0,0.0,0.013031743637254234,0.016684110303629342,2979270.0,463.9539993286133,0,8,4,2021,3,ADBE
2021-04-09 00:00:00-04:00,498.3699951171875,504.44000244140625,492.6000061035156,504.0400085449219,1886900,0.0,0.0,0.008402713343875767,0.01560013610041165,2935505.0,466.6029998779297,0,9,4,2021,4,ADBE
2021-04-12 00:00:00-04:00,499.2900085449219,506.94000244140625,498.44000244140625,506.0299987792969,1584600,0.0,0.0,0.003948079915560232,0.014835498416919786,2905580.0,469.6895004272461,0,12,4,2021,0,ADBE
2021-04-13 00:00:00-04:00,506.8500061035156,517.260009765625,506.7799987792969,514.8599853515625,2195400,0.0,0.0,0.017449531833223952,0.01503183543622566,2889930.0,473.05299987792966,0,13,4,2021,1,ADBE
2021-04-14 00:00:00-04:00,514.0,517.780029296875,509.1300048828125,510.6300048828125,1956400,0.0,0.0,-0.008215787960024978,0.015419522772320275,2856810.0,476.05749969482423,0,14,4,2021,2,ADBE
2021-04-15 00:00:00-04:00,515.6699829101562,524.5900268554688,515.0999755859375,523.25,2122300,0.0,0.0,0.024714558479742577,0.01588870331636435,2837790.0,479.669499206543,0,15,4,2021,3,ADBE
2021-04-16 00:00:00-04:00,524.2100219726562,525.4400024414062,518.5499877929688,525.0800170898438,2031600,0.0,0.0,0.003497404853977537,0.013814939949077013,2792810.0,483.9645004272461,0,16,4,2021,4,ADBE
2021-04-19 00:00:00-04:00,523.1300048828125,524.0,514.4400024414062,516.1699829101562,1917700,0.0,0.0,-0.016968907384953713,0.014982022464733277,2692505.0,487.69799957275393,0,19,4,2021,0,ADBE
2021-04-20 00:00:00-04:00,515.2899780273438,517.2899780273438,510.6000061035156,514.2100219726562,1677500,0.0,0.0,-0.003797123045493178,0.014655942984574635,2629165.0,490.7880004882812,0,20,4,2021,1,ADBE
2021-04-21 00:00:00-04:00,515.02001953125,515.47998046875,509.54998779296875,512.3400268554688,1678100,0.0,0.0,-0.0036366368551388195,0.014596754459720118,2447220.0,493.39500122070314,0,21,4,2021,2,ADBE
2021-04-22 00:00:00-04:00,508.0799865722656,512.77001953125,504.05999755859375,507.2900085449219,2084600,0.0,0.0,-0.009856770983797225,0.013928015377723143,2290745.0,496.18400115966796,0,22,4,2021,3,ADBE
2021-04-23 00:00:00-04:00,508.7900085449219,517.5,508.3999938964844,515.8400268554688,2257500,0.0,0.0,0.01685430062987292,0.01402759599100888,2243545.0,499.42650299072267,0,23,4,2021,4,ADBE
2021-04-26 00:00:00-04:00,513.5700073242188,516.3099975585938,510.25,515.7000122070312,1387500,0.0,0.0,-0.0002714303682306296,0.011694713388220009,2132125.0,501.7570037841797,0,26,4,2021,0,ADBE
2021-04-27 00:00:00-04:00,518.0,519.1599731445312,511.3500061035156,517.3200073242188,1944000,0.0,0.0,0.003141351713866536,0.01165811396740712,2072230.0,504.15700378417966,0,27,4,2021,1,ADBE
2021-04-28 00:00:00-04:00,515.239990234375,519.1300048828125,510.0199890136719,515.47998046875,1472200,0.0,0.0,-0.003556844563167183,0.011424977497589337,2024025.0,506.65800323486326,0,28,4,2021,2,ADBE
2021-04-29 00:00:00-04:00,518.1099853515625,520.4500122070312,510.6199951171875,516.0900268554688,1592500,0.0,0.0,0.00118345311133905,0.01080011217829696,1945855.0,508.69400482177736,0,29,4,2021,3,ADBE
2021-04-30 00:00:00-04:00,514.1300048828125,515.0499877929688,507.1499938964844,508.3399963378906,1950500,0.0,0.0,-0.015016818993381809,0.011181202551434895,1910145.0,509.94400482177736,0,30,4,2021,4,ADBE
2021-05-03 00:00:00-04:00,510.9700012207031,511.739990234375,501.1199951171875,503.4599914550781,1458600,0.0,0.0,-0.009599883774576656,0.010945967625207303,1833950.0,510.5360046386719,0,3,5,2021,0,ADBE
2021-05-04 00:00:00-04:00,499.4700012207031,499.4700012207031,484.8299865722656,490.70001220703125,2528900,0.0,0.0,-0.025344574473869397,0.012459635089416513,1866480.0,510.5040054321289,0,4,5,2021,1,ADBE
2021-05-05 00:00:00-04:00,495.69000244140625,498.6300048828125,484.44000244140625,486.69000244140625,1875300,0.0,0.0,-0.00817201888296093,0.012547138655844557,1881405.0,510.1680053710937,0,5,5,2021,2,ADBE
2021-05-06 00:00:00-04:00,485.6700134277344,485.6700134277344,475.9200134277344,483.6099853515625,2537100,0.0,0.0,-0.0063284987864827835,0.012180700317914711,1906960.0,509.3565048217773,0,6,5,2021,3,ADBE
2021-05-07 00:00:00-04:00,496.0,499.1499938964844,485.7799987792969,488.7300109863281,1632300,0.0,0.0,0.010587096606459845,0.012284262806562802,1894230.0,508.5910049438477,0,7,5,2021,4,ADBE
2021-05-10 00:00:00-04:00,487.5400085449219,489.0400085449219,478.6300048828125,479.3800048828125,1970900,0.0,0.0,-0.019131229704200003,0.0128208589271561,1913545.0,507.2585052490234,0,10,5,2021,0,ADBE
2021-05-11 00:00:00-04:00,471.0299987792969,486.9100036621094,468.5,485.19000244140625,2293700,0.0,0.0,0.012119816219731572,0.0124311432892359,1918460.0,505.77500610351564,0,11,5,2021,1,ADBE
2021-05-12 00:00:00-04:00,477.19000244140625,480.989990234375,469.57000732421875,472.0899963378906,2399500,0.0,0.0,-0.02699974450750897,0.01351687014604774,1940615.0,503.8480056762695,0,12,5,2021,2,ADBE
2021-05-13 00:00:00-04:00,478.010009765625,480.4599914550781,471.760009765625,474.1600036621094,1996500,0.0,0.0,0.00438477269223303,0.011928451238673334,1934325.0,501.393505859375,0,13,5,2021,3,ADBE
2021-05-14 00:00:00-04:00,481.6300048828125,488.3299865722656,478.69000244140625,486.55999755859375,1857100,0.0,0.0,0.026151496964557763,0.013705599268595192,1925600.0,499.4675048828125,0,14,5,2021,4,ADBE
2021-05-17 00:00:00-04:00,487.0299987792969,487.8699951171875,478.1099853515625,482.739990234375,1581000,0.0,0.0,-0.007851050935930526,0.01338945293528978,1908765.0,497.79600524902344,0,17,5,2021,0,ADBE
2021-05-18 00:00:00-04:00,484.6300048828125,488.32000732421875,480.4599914550781,480.6199951171875,1395100,0.0,0.0,-0.004391587935688168,0.013391374709482465,1894645.0,496.11650390625,0,18,5,2021,1,ADBE
2021-05-19 00:00:00-04:00,473.0199890136719,480.8699951171875,472.0,480.4700012207031,2047500,0.0,0.0,-0.00031208417878625383,0.01340742711187765,1913115.0,494.5230026245117,0,19,5,2021,2,ADBE
2021-05-20 00:00:00-04:00,483.67999267578125,495.3599853515625,482.6099853515625,491.6700134277344,1991100,0.0,0.0,0.02331053380768,0.014534247140980354,1908440.0,493.7420028686523,0,20,5,2021,3,ADBE
2021-05-21 00:00:00-04:00,494.19000244140625,496.2300109863281,487.1300048828125,488.07000732421875,1567800,0.0,0.0,-0.007321996471612691,0.01392321681139617,1873955.0,492.35350189208987,0,21,5,2021,4,ADBE
2021-05-24 00:00:00-04:00,494.6400146484375,499.989990234375,492.010009765625,497.8299865722656,1846900,0.0,0.0,0.01999708874051631,0.014816075009636906,1896925.0,491.4600006103516,0,24,5,2021,0,ADBE
2021-05-25 00:00:00-04:00,499.0199890136719,505.6000061035156,498.8699951171875,505.0799865722656,2322500,0.0,0.0,0.014563204699497456,0.0152252658229835,1915850.0,490.8479995727539,0,25,5,2021,1,ADBE
2021-05-26 00:00:00-04:00,506.2699890136719,509.5,504.6300048828125,506.9800109863281,1695600,0.0,0.0,0.00376182874906017,0.015250695207506904,1927020.0,490.4230010986328,0,26,5,2021,2,ADBE
2021-05-27 00:00:00-04:00,505.0,505.0,497.45001220703125,498.2799987792969,2957300,0.0,0.0,-0.017160463960118277,0.015675848727702973,1995260.0,489.5324996948242,0,27,5,2021,3,ADBE
2021-05-28 00:00:00-04:00,506.0799865722656,511.3699951171875,504.19000244140625,504.5799865722656,1924800,0.0,0.0,0.012643469150683595,0.015653499926916517,1993975.0,489.344499206543,0,28,5,2021,4,ADBE
2021-06-01 00:00:00-04:00,504.5400085449219,506.0,492.30999755859375,495.9100036621094,2189000,0.0,0.0,-0.01718257390479072,0.015980176645663955,2030495.0,488.96699981689454,0,1,6,2021,1,ADBE
2021-06-02 00:00:00-04:00,495.17999267578125,501.82000732421875,493.0899963378906,495.7699890136719,1761300,0.0,0.0,-0.000282338826407047,0.014885619212537043,1992115.0,489.2204986572266,0,2,6,2021,2,ADBE
2021-06-03 00:00:00-04:00,492.3999938964844,496.760009765625,487.3399963378906,493.1400146484375,1539100,0.0,0.0,-0.0053048276892812,0.014810111357122029,1975305.0,489.5429992675781,0,3,6,2021,3,ADBE
2021-06-04 00:00:00-04:00,498.7300109863281,506.5,497.7200012207031,504.5,1644200,0.0,0.0,0.023036024281382073,0.015509171958539335,1930660.0,490.5875,0,4,6,2021,4,ADBE
2021-06-07 00:00:00-04:00,504.989990234375,509.7799987792969,502.0,509.4700012207031,1768500,0.0,0.0,0.00985134037800428,0.015489167459635736,1937470.0,491.62449951171874,0,7,6,2021,0,ADBE
2021-06-08 00:00:00-04:00,511.1499938964844,516.2899780273438,508.07000732421875,509.20001220703125,1747800,0.0,0.0,-0.0005299409445599368,0.014678524911408813,1926315.0,493.11549987792966,0,8,6,2021,1,ADBE
2021-06-09 00:00:00-04:00,513.989990234375,518.3200073242188,512.47998046875,514.6799926757812,1702400,0.0,0.0,0.010761940961073524,0.014637810488625391,1896750.0,494.5899993896484,0,9,6,2021,2,ADBE
2021-06-10 00:00:00-04:00,513.989990234375,536.4099731445312,513.010009765625,535.52001953125,3152400,0.0,0.0,0.0404912317401791,0.015115880923518468,1934395.0,497.7615005493164,0,10,6,2021,3,ADBE
2021-06-11 00:00:00-04:00,529.75,541.8499755859375,529.75,541.260009765625,2871300,0.0,0.0,0.010718535302189691,0.015137092542190462,1978135.0,501.1165008544922,0,11,6,2021,4,ADBE
2021-06-14 00:00:00-04:00,545.0399780273438,561.3599853515625,543.25,556.9500122070312,3522600,0.0,0.0,0.028987921069949962,0.015340381619332752,2061410.0,504.63600158691406,0,14,6,2021,0,ADBE
2021-06-15 00:00:00-04:00,554.989990234375,555.0,547.22998046875,548.4600219726562,2424800,0.0,0.0,-0.01524372034885435,0.015796533780519338,2103600.0,507.9220031738281,0,15,6,2021,1,ADBE
2021-06-16 00:00:00-04:00,548.4600219726562,553.989990234375,535.719970703125,543.3300170898438,2842000,0.0,0.0,-0.009353470950100085,0.016014383734366356,2175945.0,511.05750427246096,0,16,6,2021,2,ADBE
2021-06-17 00:00:00-04:00,539.989990234375,552.719970703125,538.75,551.3599853515625,3566400,0.0,0.0,0.014779172895192705,0.016043356206412885,2251890.0,514.6020034790039,0,17,6,2021,3,ADBE
2021-06-18 00:00:00-04:00,569.9600219726562,570.0,556.3900146484375,565.5900268554688,6762000,0.0,0.0,0.0258089848410612,0.016185922920643452,2490435.0,518.2980041503906,0,18,6,2021,4,ADBE
2021-06-21 00:00:00-04:00,565.989990234375,570.1900024414062,560.3499755859375,567.3499755859375,2625900,0.0,0.0,0.0031117039673658198,0.01585974982304883,2543340.0,522.2620025634766,0,21,6,2021,0,ADBE
2021-06-22 00:00:00-04:00,568.510009765625,576.3099975585938,567.0,575.739990234375,2370400,0.0,0.0,0.014788076160173746,0.015688553541547655,2569515.0,526.157502746582,0,22,6,2021,1,ADBE
2021-06-23 00:00:00-04:00,577.989990234375,579.7999877929688,570.7100219726562,574.22998046875,1616700,0.0,0.0,-0.002622728647023953,0.015746816297531652,2534225.0,529.6150024414062,0,23,6,2021,2,ADBE
2021-06-24 00:00:00-04:00,575.9000244140625,580.969970703125,574.9600219726562,578.260009765625,1835000,0.0,0.0,0.007018145053285574,0.01573326635935515,2541195.0,533.1790023803711,0,24,6,2021,3,ADBE
2021-06-25 00:00:00-04:00,578.6400146484375,582.0,577.0599975585938,579.6599731445312,2133500,0.0,0.0,0.002420992901573271,0.014747657280654993,2500005.0,537.2480010986328,0,25,6,2021,4,ADBE
2021-06-28 00:00:00-04:00,582.7100219726562,589.4099731445312,581.0,588.7999877929688,1714000,0.0,0.0,0.01576788992149125,0.014819210965256648,2489465.0,541.459001159668,0,28,6,2021,0,ADBE
2021-06-29 00:00:00-04:00,586.780029296875,591.3400268554688,583.9000244140625,590.75,1204800,0.0,0.0,0.0033118414528854334,0.01366033349160318,2440255.0,546.2010009765625,0,29,6,2021,1,ADBE
2021-06-30 00:00:00-04:00,590.75,592.239990234375,585.0,585.6400146484375,1704200,0.0,0.0,-0.008649996363203516,0.014077363884801707,2437400.0,550.6945022583008,0,30,6,2021,2,ADBE
2021-07-01 00:00:00-04:00,583.3300170898438,587.780029296875,581.3499755859375,584.72998046875,1646100,0.0,0.0,-0.0015539139350541076,0.013908336981818833,2442750.0,555.2740005493164,0,1,7,2021,3,ADBE
2021-07-02 00:00:00-04:00,588.6699829101562,594.0800170898438,587.9600219726562,593.0700073242188,1744600,0.0,0.0,0.014263039580735937,0.013564674451096732,2447770.0,559.7025009155274,0,2,7,2021,4,ADBE
2021-07-06 00:00:00-04:00,595.8699951171875,600.6599731445312,592.47998046875,596.9000244140625,1657400,0.0,0.0,0.006457951072460721,0.013564238261189895,2442215.0,564.0740020751953,0,6,7,2021,1,ADBE
2021-07-07 00:00:00-04:00,600.0,607.6699829101562,597.4000244140625,605.77001953125,2022500,0.0,0.0,0.014860101783199964,0.013489005203880165,2455950.0,568.9025024414062,0,7,7,2021,2,ADBE
2021-07-08 00:00:00-04:00,595.6400146484375,607.2999877929688,593.3300170898438,605.9500122070312,1846600,0.0,0.0,0.0002971303794805369,0.013611557358851976,2463160.0,573.4660034179688,0,8,7,2021,3,ADBE
2021-07-09 00:00:00-04:00,601.4299926757812,605.9500122070312,597.4400024414062,604.5,2145200,0.0,0.0,-0.002392956808021096,0.011481939576316576,2412800.0,576.9150024414063,0,9,7,2021,4,ADBE
2021-07-12 00:00:00-04:00,606.0,607.4199829101562,596.47998046875,600.2000122070312,1696200,0.0,0.0,-0.0071132965971361095,0.011795643375621194,2354045.0,579.8620025634766,0,12,7,2021,0,ADBE
2021-07-13 00:00:00-04:00,600.5599975585938,609.3300170898438,598.4199829101562,605.010009765625,1435600,0.0,0.0,0.008013991104243168,0.010426793633381587,2249695.0,582.2650024414063,0,13,7,2021,1,ADBE
2021-07-14 00:00:00-04:00,608.1400146484375,611.2999877929688,604.010009765625,608.8300170898438,1376900,0.0,0.0,0.0063139572280772605,0.009372084328741101,2197300.0,585.2835021972656,0,14,7,2021,2,ADBE
2021-07-15 00:00:00-04:00,608.4000244140625,609.9500122070312,602.6500244140625,606.1699829101562,1618100,0.0,0.0,-0.004369091708720685,0.009022323785790628,2136105.0,588.4255004882813,0,15,7,2021,3,ADBE
2021-07-16 00:00:00-04:00,608.7100219726562,611.6199951171875,603.6599731445312,606.0999755859375,1249700,0.0,0.0,-0.00011549124204834893,0.008830996407751117,2020270.0,591.1625,0,16,7,2021,4,ADBE
2021-07-19 00:00:00-04:00,602.75,610.6900024414062,598.1400146484375,602.0499877929688,2046600,0.0,0.0,-0.00668204579459597,0.007671455802990875,1784500.0,592.985498046875,0,19,7,2021,0,ADBE
2021-07-20 00:00:00-04:00,605.3900146484375,612.75,598.47998046875,608.719970703125,1675700,0.0,0.0,0.011078785890533016,0.007873219367127881,1736990.0,595.0539978027343,0,20,7,2021,1,ADBE
2021-07-21 00:00:00-04:00,605.719970703125,612.5800170898438,603.3200073242188,612.260009765625,1381000,0.0,0.0,0.005815546117882375,0.007443329755154955,1687520.0,596.8799987792969,0,21,7,2021,2,ADBE
2021-07-22 00:00:00-04:00,614.5800170898438,623.9500122070312,614.5800170898438,623.6799926757812,1477900,0.0,0.0,0.01865217836867683,0.008074959871938658,1680580.0,599.3524993896484,0,22,7,2021,3,ADBE
2021-07-23 00:00:00-04:00,625.760009765625,631.6400146484375,622.0,625.8699951171875,2030400,0.0,0.0,0.0035114200665800066,0.00804788192118551,1690350.0,601.7329986572265,0,23,7,2021,4,ADBE
2021-07-26 00:00:00-04:00,624.1799926757812,625.8699951171875,619.72998046875,620.7999877929688,1389800,0.0,0.0,-0.00810073555814006,0.008488013393125132,1653165.0,603.7899993896484,0,26,7,2021,0,ADBE
2021-07-27 00:00:00-04:00,621.0,623.9199829101562,610.6400146484375,618.280029296875,1540300,0.0,0.0,-0.004059211574814259,0.008126012426336038,1644480.0,605.2640014648438,0,27,7,2021,1,ADBE
2021-07-28 00:00:00-04:00,620.989990234375,626.0,617.5700073242188,620.9199829101562,1468100,0.0,0.0,0.0042698348453587,0.00813401230175968,1657645.0,606.7725006103516,0,28,7,2021,2,ADBE
2021-07-29 00:00:00-04:00,617.0399780273438,625.6699829101562,617.0399780273438,621.7000122070312,1068900,0.0,0.0,0.0012562476942989953,0.007708185151857485,1625880.0,608.5755004882812,0,29,7,2021,3,ADBE
2021-07-30 00:00:00-04:00,619.030029296875,622.7999877929688,617.2899780273438,621.6300048828125,1403400,0.0,0.0,-0.0001126062776969361,0.0076698123817278445,1613745.0,610.4205017089844,0,30,7,2021,4,ADBE
2021-08-02 00:00:00-04:00,625.8699951171875,627.5999755859375,612.9299926757812,618.75,1466800,0.0,0.0,-0.004632988852195763,0.007379679508390176,1599855.0,611.7045013427735,0,2,8,2021,0,ADBE
2021-08-03 00:00:00-04:00,620.22998046875,624.7000122070312,614.0,621.280029296875,1067300,0.0,0.0,0.004088936237373719,0.007325665030829508,1570350.0,612.9235015869141,0,3,8,2021,1,ADBE
2021-08-04 00:00:00-04:00,622.469970703125,627.0800170898438,617.6199951171875,625.6799926757812,1306800,0.0,0.0,0.007082093695955249,0.0067959487853053386,1534565.0,613.9190002441406,0,4,8,2021,2,ADBE
2021-08-05 00:00:00-04:00,626.989990234375,632.469970703125,623.0,632.0800170898438,1158200,0.0,0.0,0.010228910128150526,0.007050740380099139,1500145.0,615.2255004882812,0,5,8,2021,3,ADBE
2021-08-06 00:00:00-04:00,629.27001953125,631.8400268554688,625.1699829101562,631.3800048828125,1127700,0.0,0.0,-0.0011074740350979217,0.007013033642525276,1449270.0,616.5695007324218,0,6,8,2021,4,ADBE
2021-08-09 00:00:00-04:00,634.97998046875,634.97998046875,626.9199829101562,629.219970703125,1118900,0.0,0.0,-0.0034211317478899383,0.006800314237563277,1420405.0,618.0204986572265,0,9,8,2021,0,ADBE
2021-08-10 00:00:00-04:00,630.47998046875,633.2999877929688,620.5999755859375,621.739990234375,1540100,0.0,0.0,-0.011887703532981408,0.007365938656341697,1425630.0,618.8569976806641,0,10,8,2021,1,ADBE
2021-08-11 00:00:00-04:00,623.760009765625,627.4199829101562,621.6500244140625,626.030029296875,1328300,0.0,0.0,0.006900053285751717,0.007387691035213346,1423200.0,619.7169982910157,0,11,8,2021,2,ADBE
2021-08-12 00:00:00-04:00,626.0,636.6400146484375,624.0399780273438,634.3499755859375,1163100,0.0,0.0,0.013290011500577847,0.007707757173882514,1400450.0,621.1259979248047,0,12,8,2021,3,ADBE
2021-08-13 00:00:00-04:00,634.489990234375,638.4299926757812,632.3499755859375,637.3099975585938,932800,0.0,0.0,0.004666228559277785,0.007702958992834082,1384605.0,622.6864990234375,0,13,8,2021,4,ADBE
2021-08-16 00:00:00-04:00,637.030029296875,638.02001953125,628.1900024414062,636.9400024414062,1105500,0.0,0.0,-0.0005805575286829123,0.007434571208566075,1337550.0,624.4309997558594,0,16,8,2021,0,ADBE
2021-08-17 00:00:00-04:00,636.5499877929688,637.0,630.219970703125,635.010009765625,1346300,0.0,0.0,-0.003030101215787284,0.007280131815176377,1321080.0,625.7455017089844,0,17,8,2021,1,ADBE
2021-08-18 00:00:00-04:00,632.7999877929688,637.1400146484375,626.0499877929688,626.77001953125,1386500,0.0,0.0,-0.012976158025314155,0.007961726389576807,1321355.0,626.4710021972656,0,18,8,2021,2,ADBE
2021-08-19 00:00:00-04:00,624.8800048828125,642.5499877929688,623.6300048828125,637.6599731445312,1693700,0.0,0.0,0.017374720031161806,0.007818193546421852,1332145.0,627.1700012207032,0,19,8,2021,3,ADBE
2021-08-20 00:00:00-04:00,639.8400268554688,652.0,634.530029296875,647.3400268554688,1434000,0.0,0.0,0.015180588587365262,0.008417124777003926,1302325.0,628.2435028076172,0,20,8,2021,4,ADBE
2021-08-23 00:00:00-04:00,645.8699951171875,658.5,645.52001953125,656.8599853515625,1652400,0.0,0.0,0.014706271976318464,0.00856011003852782,1315455.0,630.0465026855469,0,23,8,2021,0,ADBE
2021-08-24 00:00:00-04:00,659.1400146484375,660.0,653.4000244140625,657.239990234375,866400,0.0,0.0,0.0005785173268075816,0.00842449986787401,1281760.0,631.9945007324219,0,24,8,2021,1,ADBE
2021-08-25 00:00:00-04:00,658.6099853515625,661.0599975585938,651.6400146484375,656.7999877929688,1047900,0.0,0.0,-0.0006694699773964752,0.008460527323188324,1260750.0,633.7885009765625,0,25,8,2021,2,ADBE
2021-08-26 00:00:00-04:00,653.5900268554688,657.9099731445312,649.3499755859375,652.3900146484375,1619200,0.0,0.0,-0.006714331952639041,0.008723041251198674,1288265.0,635.3230010986329,0,26,8,2021,3,ADBE
2021-08-27 00:00:00-04:00,652.52001953125,662.6099853515625,651.8599853515625,658.52001953125,1142300,0.0,0.0,0.009396227325943807,0.008834543940907796,1275210.0,637.1675018310547,0,27,8,2021,4,ADBE
2021-08-30 00:00:00-04:00,659.780029296875,667.6699829101562,659.780029296875,665.989990234375,1341500,0.0,0.0,0.01134357419906884,0.008837612630008174,1268945.0,639.5295013427734,0,30,8,2021,0,ADBE
2021-08-31 00:00:00-04:00,667.9000244140625,667.9000244140625,660.4600219726562,663.7000122070312,1877800,0.0,0.0,-0.0034384571253659457,0.008980317346716987,1309470.0,641.6505004882813,0,31,8,2021,1,ADBE
2021-09-01 00:00:00-04:00,664.510009765625,668.9600219726562,662.0,665.8900146484375,1261200,0.0,0.0,0.003299687209773694,0.008937222567822102,1307190.0,643.661001586914,0,1,9,2021,2,ADBE
2021-09-02 00:00:00-04:00,669.8200073242188,669.8499755859375,661.6699829101562,664.6400146484375,1402400,0.0,0.0,-0.0018771868814700943,0.00884250358224875,1319400.0,645.2890014648438,0,2,9,2021,3,ADBE
2021-09-03 00:00:00-04:00,664.4299926757812,673.8800048828125,664.2999877929688,666.5900268554688,1640300,0.0,0.0,0.0029339374158245946,0.008800561293734221,1345030.0,647.0495025634766,0,3,9,2021,4,ADBE
2021-09-07 00:00:00-04:00,667.3499755859375,668.8699951171875,656.5499877929688,661.3900146484375,1382300,0.0,0.0,-0.0078009151015376865,0.009014200041633738,1358200.0,648.6580047607422,0,7,9,2021,1,ADBE
2021-09-08 00:00:00-04:00,660.1500244140625,664.0800170898438,657.0999755859375,663.219970703125,1367700,0.0,0.0,0.002766833508456079,0.008351392140950898,1349580.0,650.7320037841797,0,8,9,2021,2,ADBE
2021-09-09 00:00:00-04:00,664.8400268554688,667.4600219726562,659.9299926757812,661.6799926757812,1110200,0.0,0.0,-0.00232197173693538,0.00839474535177947,1338675.0,652.514501953125,0,9,9,2021,3,ADBE
2021-09-10 00:00:00-04:00,666.1799926757812,668.8699951171875,658.2000122070312,658.9400024414062,1204200,0.0,0.0,-0.00414095977618234,0.008150331083562778,1340730.0,653.7440032958984,0,10,9,2021,4,ADBE
2021-09-13 00:00:00-04:00,663.0399780273438,663.5999755859375,640.239990234375,645.1500244140625,2242500,0.0,0.0,-0.02092751688507477,0.009582341489771508,1406215.0,654.1360046386719,0,13,9,2021,0,ADBE
2021-09-14 00:00:00-04:00,646.0,649.5800170898438,642.4600219726562,645.010009765625,2150200,0.0,0.0,-0.00021702649482913117,0.009580218712127523,1458450.0,654.5395050048828,0,14,9,2021,1,ADBE
2021-09-15 00:00:00-04:00,652.3200073242188,663.3099975585938,650.97998046875,661.0800170898438,2009300,0.0,0.0,0.02491435339128767,0.01095132616188613,1491600.0,655.8430053710938,0,15,9,2021,2,ADBE
2021-09-16 00:00:00-04:00,657.530029296875,666.469970703125,654.7100219726562,665.1099853515625,2046100,0.0,0.0,0.006096037026590562,0.010388033554065774,1524580.0,657.7600036621094,0,16,9,2021,3,ADBE
2021-09-17 00:00:00-04:00,663.2100219726562,665.0,652.0399780273438,654.47998046875,3553200,0.0,0.0,-0.015982326407554592,0.01063753519587347,1617555.0,658.6010040283203,0,17,9,2021,4,ADBE
2021-09-20 00:00:00-04:00,646.0399780273438,653.9299926757812,633.0499877929688,641.2899780273438,2637400,0.0,0.0,-0.02015340856103698,0.011142893677721057,1677725.0,658.2985015869141,0,20,9,2021,0,ADBE
2021-09-21 00:00:00-04:00,646.8800048828125,650.9500122070312,640.2999877929688,645.8900146484375,2449300,0.0,0.0,0.007173099188675591,0.010724481745209435,1717570.0,657.7500030517579,0,21,9,2021,1,ADBE
2021-09-22 00:00:00-04:00,624.7899780273438,628.9400024414062,615.0599975585938,626.0800170898438,5689600,0.0,0.0,-0.030670852791208514,0.012623339813557503,1958730.0,656.1920043945313,0,22,9,2021,2,ADBE
2021-09-23 00:00:00-04:00,632.2899780273438,633.8200073242188,627.02001953125,630.8400268554688,2985500,0.0,0.0,0.007602877644539152,0.012815352109203468,2055610.0,654.8940063476563,0,23,9,2021,3,ADBE
2021-09-24 00:00:00-04:00,628.0,629.030029296875,618.219970703125,622.7100219726562,2809000,0.0,0.0,-0.012887585658345024,0.013009373333339106,2115100.0,653.4100067138672,0,24,9,2021,4,ADBE
2021-09-27 00:00:00-04:00,615.7999877929688,616.6599731445312,602.72998046875,603.6500244140625,4152200,0.0,0.0,-0.030608143254567177,0.014150689058892314,2265595.0,650.6665069580079,0,27,9,2021,0,ADBE
2021-09-28 00:00:00-04:00,596.3099975585938,596.3099975585938,578.3300170898438,578.77001953125,5108900,0.0,0.0,-0.04121594280885266,0.0158783883612682,2453965.0,646.3055084228515,0,28,9,2021,1,ADBE
2021-09-29 00:00:00-04:00,585.4500122070312,586.5499877929688,576.0700073242188,577.7000122070312,2726800,0.0,0.0,-0.0018487607998171063,0.015900448420855848,2496415.0,642.0055084228516,0,29,9,2021,2,ADBE
2021-09-30 00:00:00-04:00,580.6400146484375,586.1900024414062,573.239990234375,575.719970703125,2743600,0.0,0.0,-0.0034274562265314,0.015746108765399166,2570535.0,637.4970062255859,0,30,9,2021,3,ADBE
2021-10-01 00:00:00-04:00,577.52001953125,581.469970703125,568.6099853515625,577.469970703125,2915300,0.0,0.0,0.003039672217489242,0.01587032452902475,2646180.0,633.1385040283203,0,1,10,2021,4,ADBE
2021-10-04 00:00:00-04:00,574.5900268554688,576.7999877929688,552.1400146484375,558.489990234375,3977000,0.0,0.0,-0.03286747611419527,0.016701958611111487,2763015.0,627.7335021972656,0,4,10,2021,0,ADBE
2021-10-05 00:00:00-04:00,563.9099731445312,570.2899780273438,559.2100219726562,566.7000122070312,2337800,0.0,0.0,0.014700392336863377,0.017502528857752168,2810790.0,622.9990020751953,0,5,10,2021,1,ADBE
2021-10-06 00:00:00-04:00,561.239990234375,572.1599731445312,560.2100219726562,570.3099975585938,2043200,0.0,0.0,0.006370187530971183,0.01763236942843491,2844565.0,618.3535034179688,0,6,10,2021,2,ADBE
2021-10-07 00:00:00-04:00,578.4600219726562,586.1500244140625,576.1900024414062,578.9600219726562,2648500,0.0,0.0,0.015167232647318007,0.018316244842931727,2921480.0,614.2175048828125,0,7,10,2021,3,ADBE
2021-10-08 00:00:00-04:00,581.2999877929688,583.6099853515625,575.52001953125,576.8599853515625,2050700,0.0,0.0,-0.0036272567040784853,0.018320078268038047,2963805.0,610.1135040283203,0,8,10,2021,4,ADBE
2021-10-11 00:00:00-04:00,574.5,582.280029296875,571.5,573.0700073242188,1410600,0.0,0.0,-0.0065700137357143085,0.01800222235634332,2922210.0,606.5095031738281,0,11,10,2021,0,ADBE
2021-10-12 00:00:00-04:00,579.1599731445312,584.219970703125,574.4199829101562,580.6900024414062,1740200,0.0,0.0,0.013296796237455943,0.018468426001233846,2901710.0,603.2935028076172,0,12,10,2021,1,ADBE
2021-10-13 00:00:00-04:00,585.260009765625,593.5399780273438,582.6599731445312,591.1199951171875,2142300,0.0,0.0,0.017961378070795453,0.017931844088264075,2908360.0,599.7955017089844,0,13,10,2021,2,ADBE
2021-10-14 00:00:00-04:00,600.0,609.4400024414062,596.969970703125,607.510009765625,2500900,0.0,0.0,0.027727051671104785,0.019265860192116124,2931100.0,596.9155029296875,0,14,10,2021,3,ADBE
2021-10-15 00:00:00-04:00,611.6900024414062,612.25,607.5499877929688,610.0900268554688,1960100,0.0,0.0,0.004246871736054425,0.019153212085649424,2851445.0,594.6960052490234,0,15,10,2021,4,ADBE
2021-10-18 00:00:00-04:00,610.6500244140625,623.469970703125,607.5700073242188,622.8300170898438,1905100,0.0,0.0,0.02088214800041821,0.01945174159873466,2814830.0,593.7730072021484,0,18,10,2021,0,ADBE
2021-10-19 00:00:00-04:00,625.260009765625,639.3900146484375,625.260009765625,636.0700073242188,2470000,0.0,0.0,0.021257790843540958,0.02002045098492325,2815865.0,593.2820068359375,0,19,10,2021,1,ADBE
2021-10-20 00:00:00-04:00,639.280029296875,641.2899780273438,630.1699829101562,632.3699951171875,1497200,0.0,0.0,-0.005816988954716273,0.01878732944542758,2606245.0,593.5965057373047,0,20,10,2021,2,ADBE
2021-10-21 00:00:00-04:00,632.0,639.1699829101562,629.0,638.6599731445312,1586600,0.0,0.0,0.009946673744661405,0.018840092269463697,2536300.0,593.9875030517578,0,21,10,2021,3,ADBE
2021-10-22 00:00:00-04:00,640.4299926757812,644.4299926757812,634.4500122070312,643.5800170898438,1786500,0.0,0.0,0.007703698606768672,0.018614802383149248,2485175.0,595.0310028076171,0,22,10,2021,4,ADBE
2021-10-25 00:00:00-04:00,644.469970703125,649.6199951171875,639.0700073242188,646.969970703125,1629400,0.0,0.0,0.005267338207003425,0.01698288355616228,2359035.0,597.1970001220703,0,25,10,2021,0,ADBE
2021-10-26 00:00:00-04:00,650.9099731445312,659.1900024414062,642.0999755859375,642.5,2154000,0.0,0.0,-0.006909085282995497,0.013615798074560079,2211290.0,600.3834991455078,0,26,10,2021,1,ADBE
2021-10-27 00:00:00-04:00,644.47998046875,648.8099975585938,639.8099975585938,640.0800170898438,1629900,0.0,0.0,-0.0037665103660019517,0.013675598808595351,2156445.0,603.5024993896484,0,27,10,2021,2,ADBE
2021-10-28 00:00:00-04:00,638.0,642.489990234375,633.27001953125,639.280029296875,2085000,0.0,0.0,-0.0012498246650566314,0.013611568901146622,2123515.0,606.6805023193359,0,28,10,2021,3,ADBE
2021-10-29 00:00:00-04:00,637.77001953125,651.3099975585938,637.0,650.3599853515625,1927700,0.0,0.0,0.017331928962138976,0.013857507624336003,2074135.0,610.3250030517578,0,29,10,2021,4,ADBE
2021-11-01 00:00:00-04:00,651.0499877929688,654.0,634.780029296875,640.2000122070312,2215800,0.0,0.0,-0.01562207603999366,0.01167256866433982,1986075.0,614.4105041503906,0,1,11,2021,0,ADBE
2021-11-02 00:00:00-04:00,641.1199951171875,647.739990234375,639.22998046875,640.4000244140625,1770000,0.0,0.0,0.00031242143582876913,0.011610693999389523,1957685.0,618.0955047607422,0,2,11,2021,1,ADBE
2021-11-03 00:00:00-04:00,645.52001953125,656.5,640.0,655.1799926757812,1970700,0.0,0.0,0.023079274981667508,0.012209634132402492,1954060.0,622.3390045166016,0,3,11,2021,2,ADBE
2021-11-04 00:00:00-04:00,659.4400024414062,676.0800170898438,657.75,674.0800170898438,2480600,0.0,0.0,0.028847071988376882,0.013044086251094471,1945665.0,627.095004272461,0,4,11,2021,3,ADBE
2021-11-05 00:00:00-04:00,676.739990234375,677.760009765625,661.1099853515625,662.719970703125,2517600,0.0,0.0,-0.016852667485623862,0.013952912780644049,1969010.0,631.3880035400391,0,5,11,2021,4,ADBE
2021-11-08 00:00:00-05:00,666.5599975585938,668.25,661.4000244140625,666.02001953125,1497200,0.0,0.0,0.004979552411290333,0.013593766854331715,1973340.0,636.0355041503906,0,8,11,2021,0,ADBE
2021-11-09 00:00:00-05:00,667.6900024414062,669.6599731445312,663.0,667.9199829101562,1128000,0.0,0.0,0.002852712115535949,0.013565240530504865,1942730.0,640.3970031738281,0,9,11,2021,1,ADBE
2021-11-10 00:00:00-05:00,663.2000122070312,665.8099975585938,645.8599853515625,647.5,2038200,0.0,0.0,-0.030572498851113128,0.015695520027075215,1937525.0,643.2160034179688,0,10,11,2021,2,ADBE
2021-11-11 00:00:00-05:00,649.6099853515625,652.5700073242188,642.0999755859375,643.1699829101562,1271100,0.0,0.0,-0.006687285080839822,0.014902531297225751,1876035.0,644.9990020751953,0,11,11,2021,3,ADBE
2021-11-12 00:00:00-05:00,649.010009765625,658.469970703125,647.1599731445312,657.5999755859375,1286500,0.0,0.0,0.022435737144463452,0.015527012691261657,1842355.0,647.3744995117188,0,12,11,2021,4,ADBE
2021-11-15 00:00:00-05:00,658.3699951171875,663.6699829101562,655.1900024414062,659.72998046875,1077600,0.0,0.0,0.003239058640345238,0.015001981561645512,1800980.0,649.2194976806641,0,15,11,2021,0,ADBE
2021-11-16 00:00:00-05:00,659.1400146484375,673.739990234375,658.989990234375,671.030029296875,1422000,0.0,0.0,0.01712829363931001,0.014763836176771385,1748580.0,650.9674987792969,0,16,11,2021,1,ADBE
2021-11-17 00:00:00-05:00,671.760009765625,672.739990234375,662.8400268554688,670.6699829101562,1221900,0.0,0.0,-0.0005365577857908699,0.01464872686677494,1734815.0,652.8824981689453,0,17,11,2021,2,ADBE
2021-11-18 00:00:00-05:00,670.6199951171875,676.5499877929688,665.0800170898438,670.9600219726562,1493800,0.0,0.0,0.00043246167249266776,0.014567105976783875,1730175.0,654.4975006103516,0,18,11,2021,3,ADBE
2021-11-19 00:00:00-05:00,681.260009765625,699.5,678.9099731445312,688.3699951171875,3090900,0.0,0.0,0.025947854677459192,0.015449942807776264,1795395.0,656.7369995117188,0,19,11,2021,4,ADBE
2021-11-22 00:00:00-05:00,696.280029296875,699.5399780273438,672.6599731445312,673.5700073242188,2284700,0.0,0.0,-0.021500047791085386,0.0164163759622233,1828160.0,658.0670013427734,0,22,11,2021,0,ADBE
2021-11-23 00:00:00-05:00,662.7000122070312,667.5700073242188,648.6099853515625,665.1599731445312,2502800,0.0,0.0,-0.012485761076412305,0.016624288917793204,1845600.0,659.2,0,23,11,2021,1,ADBE
2021-11-24 00:00:00-05:00,655.8300170898438,668.8699951171875,647.1400146484375,668.3200073242188,2426800,0.0,0.0,0.004750788242335879,0.01658145462786862,1885445.0,660.6119995117188,0,24,11,2021,2,ADBE
2021-11-26 00:00:00-05:00,670.25,684.0,659.6799926757812,662.0999755859375,2204000,0.0,0.0,-0.009306966228924796,0.01676884019484154,1891395.0,661.7529968261719,0,26,11,2021,4,ADBE
2021-11-29 00:00:00-05:00,668.0,691.3599853515625,665.77001953125,687.489990234375,2728800,0.0,0.0,0.03834770515731889,0.018369554477541374,1931450.0,663.6094970703125,0,29,11,2021,0,ADBE
2021-11-30 00:00:00-05:00,687.219970703125,694.8900146484375,667.8300170898438,669.8499755859375,4703600,0.0,0.0,-0.02565857670512961,0.019028580290552863,2055840.0,665.0919952392578,0,30,11,2021,1,ADBE
2021-12-01 00:00:00-05:00,676.0,678.780029296875,656.280029296875,657.4099731445312,2831800,0.0,0.0,-0.01857132625932334,0.01959951714006369,2108930.0,665.9424926757813,0,1,12,2021,2,ADBE
2021-12-02 00:00:00-05:00,655.9500122070312,674.8499755859375,653.6199951171875,671.8800048828125,2675400,0.0,0.0,0.02201066659982054,0.019538937632259893,2144165.0,666.7774932861328,0,2,12,2021,3,ADBE
2021-12-03 00:00:00-05:00,658.0999755859375,662.0900268554688,604.2999877929688,616.530029296875,6741800,0.0,0.0,-0.08238074534691875,0.026066536696751116,2357225.0,663.8999938964844,0,3,12,2021,4,ADBE
2021-12-06 00:00:00-05:00,617.469970703125,625.9000244140625,605.72998046875,622.0399780273438,3170000,0.0,0.0,0.008937032210341256,0.02604146834302129,2389845.0,661.8659942626953,0,6,12,2021,0,ADBE
2021-12-07 00:00:00-05:00,644.1900024414062,655.219970703125,640.0499877929688,649.9600219726562,3943500,0.0,0.0,0.0448846455719043,0.028117453014723483,2512160.0,661.0629943847656,0,7,12,2021,1,ADBE
2021-12-08 00:00:00-05:00,647.2999877929688,654.6500244140625,641.6099853515625,653.0999755859375,2416200,0.0,0.0,0.004830994995278948,0.028134589318028615,2576570.0,660.3219940185547,0,8,12,2021,2,ADBE
2021-12-09 00:00:00-05:00,650.9199829101562,655.719970703125,630.8800048828125,632.5700073242188,2550700,0.0,0.0,-0.031434648643647534,0.028183326004479814,2602195.0,659.5754943847656,0,9,12,2021,3,ADBE
2021-12-10 00:00:00-05:00,638.1300048828125,654.969970703125,635.0999755859375,654.4500122070312,2873000,0.0,0.0,0.03458906465604539,0.029220265253320492,2682290.0,660.1394958496094,0,10,12,2021,4,ADBE
2021-12-13 00:00:00-05:00,652.77001953125,675.2100219726562,650.97998046875,658.2999877929688,3829400,0.0,0.0,0.005882764938691221,0.028821294294770865,2809435.0,660.1744964599609,0,13,12,2021,0,ADBE
2021-12-14 00:00:00-05:00,635.3599853515625,636.0,599.0999755859375,614.8599853515625,5934200,0.0,0.0,-0.06598815623108878,0.03240373690720516,3052265.0,657.9309967041015,0,14,12,2021,1,ADBE
2021-12-15 00:00:00-05:00,615.9600219726562,631.25,604.6199951171875,630.3300170898438,4288800,0.0,0.0,0.025160251287837276,0.03271468676471569,3195605.0,655.89599609375,0,15,12,2021,2,ADBE
2021-12-16 00:00:00-05:00,578.4000244140625,591.5800170898438,556.1500244140625,566.0900268554688,10961200,0.0,0.0,-0.10191485173268944,0.03952292483495157,3682570.0,650.6669982910156,0,16,12,2021,3,ADBE
2021-12-17 00:00:00-05:00,566.0900268554688,566.989990234375,545.1400146484375,556.6400146484375,7999200,0.0,0.0,-0.0166934794091399,0.03952358661432829,4007840.0,644.9509979248047,0,17,12,2021,4,ADBE
2021-12-20 00:00:00-05:00,545.6099853515625,557.27001953125,543.5,549.77001953125,3441100,0.0,0.0,-0.012341899497696818,0.03868407433228969,4025350.0,638.0209991455079,0,20,12,2021,0,ADBE
2021-12-21 00:00:00-05:00,550.9099731445312,559.8900146484375,538.0499877929688,557.52001953125,4104700,0.0,0.0,0.014096803617279496,0.03896649144168471,4116350.0,632.2184997558594,0,21,12,2021,1,ADBE
2021-12-22 00:00:00-05:00,560.2999877929688,564.9199829101562,552.239990234375,563.97998046875,4526200,0.0,0.0,0.011586957797374398,0.03921324695690748,4217520.0,627.1595001220703,0,22,12,2021,2,ADBE
2021-12-23 00:00:00-05:00,568.9600219726562,572.5700073242188,566.1599731445312,569.6199951171875,2147700,0.0,0.0,0.010000380942156495,0.039316721000553154,4203565.0,622.2244995117187,0,23,12,2021,3,ADBE
2021-12-27 00:00:00-05:00,575.0399780273438,580.8800048828125,572.0900268554688,577.6799926757812,1980100,0.0,0.0,0.014149779901837078,0.03959935101105049,4192370.0,618.0035003662109,0,27,12,2021,0,ADBE
2021-12-28 00:00:00-05:00,582.8400268554688,582.8800048828125,568.3499755859375,569.3599853515625,2107800,0.0,0.0,-0.014402450196831174,0.038221063473572285,4161320.0,612.0970001220703,0,28,12,2021,1,ADBE
2021-12-29 00:00:00-05:00,573.3300170898438,576.9600219726562,562.780029296875,569.2899780273438,2484200,0.0,0.0,-0.0001229579282350235,0.03804956274360026,4050350.0,607.0690002441406,0,29,12,2021,2,ADBE
2021-12-30 00:00:00-05:00,570.5700073242188,578.989990234375,566.0399780273438,570.530029296875,1564600,0.0,0.0,0.002178241875657516,0.03801139280614732,3986990.0,602.7250030517578,0,30,12,2021,3,ADBE
2021-12-31 00:00:00-05:00,570.0,570.1699829101562,565.0700073242188,567.0599975585938,1581400,0.0,0.0,-0.006082119362862848,0.03742277491729891,3932290.0,597.4840026855469,0,31,12,2021,4,ADBE
2022-01-03 00:00:00-05:00,566.6500244140625,575.0,553.27001953125,564.3699951171875,2862700,0.0,0.0,-0.004743770417570792,0.03304481147898402,3738335.0,594.8760009765625,0,3,1,2022,0,ADBE
2022-01-04 00:00:00-05:00,563.9000244140625,564.2999877929688,541.3099975585938,554.0,4344800,0.0,0.0,-0.0183744621558668,0.033051968914955904,3797075.0,591.4740020751954,0,4,1,2022,1,ADBE
2022-01-05 00:00:00-05:00,535.0,538.75,514.0,514.4299926757812,7394800,0.0,0.0,-0.07142600600039484,0.03398810146982106,3969640.0,584.6975006103515,0,5,1,2022,2,ADBE
2022-01-06 00:00:00-05:00,510.0,526.3099975585938,508.20001220703125,514.1199951171875,3913600,0.0,0.0,-0.0006026039752878853,0.0338759880344831,4044510.0,577.748501586914,0,6,1,2022,3,ADBE
2022-01-07 00:00:00-05:00,513.6599731445312,520.4199829101562,504.0,510.70001220703125,3605400,0.0,0.0,-0.006652110290666147,0.03355337948919294,4097245.0,571.6550018310547,0,7,1,2022,4,ADBE
2022-01-10 00:00:00-05:00,500.0,526.5800170898438,497.010009765625,525.8300170898438,5429700,0.0,0.0,0.0296260123774561,0.03322231081012951,4225080.0,565.2240020751954,0,10,1,2022,0,ADBE
2022-01-11 00:00:00-05:00,525.5499877929688,535.1799926757812,520.97998046875,529.8900146484375,3422200,0.0,0.0,0.007721121705952516,0.03327204354494312,4204720.0,558.8035034179687,0,11,1,2022,1,ADBE
2022-01-12 00:00:00-05:00,533.0900268554688,541.5900268554688,529.280029296875,532.3699951171875,2901800,0.0,0.0,0.0046801796602931045,0.030692688843508037,4053100.0,554.67900390625,0,12,1,2022,2,ADBE
2022-01-13 00:00:00-05:00,532.219970703125,535.27001953125,516.3200073242188,516.9000244140625,3406500,0.0,0.0,-0.02905868257980937,0.030118870738726447,4008985.0,549.0075042724609,0,13,1,2022,3,ADBE
2022-01-14 00:00:00-05:00,514.489990234375,522.5700073242188,511.2699890136719,520.5999755859375,2659800,0.0,0.0,0.007157962849912991,0.020976435066047475,3593915.0,546.7330017089844,0,14,1,2022,4,ADBE
2022-01-18 00:00:00-05:00,510.3900146484375,519.3900146484375,504.9800109863281,513.3400268554688,3461000,0.0,0.0,-0.01394534973286854,0.020897522098925325,3367005.0,544.568002319336,0,18,1,2022,1,ADBE
2022-01-19 00:00:00-05:00,516.47998046875,528.9199829101562,515.2999877929688,516.5800170898438,2985900,0.0,0.0,0.006311586988885232,0.02091378278765637,3344245.0,542.9085021972656,0,19,1,2022,2,ADBE
2022-01-20 00:00:00-05:00,522.3800048828125,532.030029296875,509.6400146484375,510.8500061035156,3208100,0.0,0.0,-0.011092204105393355,0.020592646385997056,3299415.0,540.5750015258789,0,20,1,2022,3,ADBE
2022-01-21 00:00:00-05:00,508.5,513.8599853515625,499.2699890136719,499.9100036621094,4276100,0.0,0.0,-0.02141529276832277,0.020587128118056925,3286910.0,537.3715026855468,0,21,1,2022,4,ADBE
2022-01-24 00:00:00-05:00,491.07000732421875,520.4299926757812,483.30999755859375,519.6599731445312,7538000,0.0,0.0,0.0395070499444754,0.022725577120962608,3556425.0,534.873501586914,0,24,1,2022,0,ADBE
2022-01-25 00:00:00-05:00,505.510009765625,514.260009765625,500.010009765625,502.7200012207031,4051500,0.0,0.0,-0.03259818496568456,0.023125481229066776,3659995.0,531.1255020141601,0,25,1,2022,1,ADBE
2022-01-26 00:00:00-05:00,514.0,520.489990234375,494.2200012207031,500.80999755859375,4449500,0.0,0.0,-0.003799338911265715,0.02306025109524034,3777080.0,527.6980026245117,0,26,1,2022,2,ADBE
2022-01-27 00:00:00-05:00,508.94000244140625,513.22998046875,485.6199951171875,493.04998779296875,5865400,0.0,0.0,-0.015494917840008005,0.0231053985983459,3946140.0,523.886003112793,0,27,1,2022,3,ADBE
2022-01-28 00:00:00-05:00,494.0899963378906,519.0,480.6199951171875,518.1599731445312,4339000,0.0,0.0,0.05092786933017046,0.026444233978982195,4084860.0,521.2675003051758,0,28,1,2022,4,ADBE
2022-01-31 00:00:00-05:00,518.97998046875,534.9400024414062,514.3900146484375,534.2999877929688,3995100,0.0,0.0,0.031148709828915155,0.027609366752416903,4205545.0,519.6294998168945,0,31,1,2022,0,ADBE
2022-02-01 00:00:00-05:00,536.0,538.77001953125,527.719970703125,535.97998046875,2307400,0.0,0.0,0.003144287318292527,0.027633553311427046,4177780.0,518.2099990844727,0,1,2,2022,1,ADBE
2022-02-02 00:00:00-05:00,536.25,540.4600219726562,529.3200073242188,533.0900268554688,2494100,0.0,0.0,-0.0053919058893837635,0.027385266956206897,4085245.0,517.1645004272461,0,2,2,2022,2,ADBE
2022-02-03 00:00:00-05:00,522.8699951171875,525.1799926757812,508.75,510.8299865722656,3058700,0.0,0.0,-0.04175662488849796,0.023995343919171814,3868440.0,516.9845001220704,0,3,2,2022,3,ADBE
2022-02-04 00:00:00-05:00,503.7699890136719,519.969970703125,503.7699890136719,513.5399780273438,2583700,0.0,0.0,0.00530507512541023,0.024024904376259145,3801945.0,516.9554992675781,0,4,2,2022,4,ADBE
2022-02-07 00:00:00-05:00,516.0,516.0,500.95001220703125,507.1000061035156,3120500,0.0,0.0,-0.012540351675376704,0.02414925918287125,3777700.0,516.7754989624024,0,7,2,2022,0,ADBE
2022-02-08 00:00:00-05:00,501.6300048828125,513.510009765625,501.07000732421875,511.30999755859375,3205500,0.0,0.0,0.008302093086977269,0.023221704231947138,3666490.0,516.0494979858398,0,8,2,2022,1,ADBE
2022-02-09 00:00:00-05:00,520.3499755859375,522.47998046875,515.0599975585938,521.75,2542200,0.0,0.0,0.0204181465084885,0.02364650551875741,3622490.0,515.642497253418,0,9,2,2022,2,ADBE
2022-02-10 00:00:00-05:00,508.0799865722656,514.47998046875,492.2799987792969,495.0199890136719,4735800,0.0,0.0,-0.051231453735176125,0.026170962333594908,3714190.0,513.7749969482422,0,10,2,2022,3,ADBE
2022-02-11 00:00:00-05:00,497.9200134277344,499.92999267578125,472.8999938964844,473.9700012207031,5027000,0.0,0.0,-0.04252351068673188,0.0270275087926975,3795215.0,511.62849578857424,0,11,2,2022,4,ADBE
2022-02-14 00:00:00-05:00,473.20001220703125,478.57000732421875,469.2099914550781,474.010009765625,3372100,0.0,0.0,8.441155520144683e-05,0.02692017993528334,3830830.0,509.2989974975586,0,14,2,2022,0,ADBE
2022-02-15 00:00:00-05:00,482.5299987792969,482.5299987792969,472.3900146484375,479.5,3743100,0.0,0.0,0.011582013293536919,0.02704526657571253,3844935.0,507.6069961547852,0,15,2,2022,1,ADBE
2022-02-16 00:00:00-05:00,476.489990234375,480.2099914550781,467.2699890136719,477.70001220703125,3750500,0.0,0.0,-0.003753884865419721,0.02695528423570425,3883165.0,505.66299591064455,0,16,2,2022,2,ADBE
2022-02-17 00:00:00-05:00,473.1400146484375,476.45001220703125,456.04998779296875,457.7099914550781,4021100,0.0,0.0,-0.04184638945181696,0.02825359758572554,3923815.0,503.00599517822263,0,17,2,2022,3,ADBE
2022-02-18 00:00:00-05:00,458.69000244140625,459.29998779296875,441.7699890136719,442.55999755859375,5194200,0.0,0.0,-0.033099548140345214,0.02872564304678217,3969720.0,500.13849487304685,0,18,2,2022,4,ADBE
2022-02-22 00:00:00-05:00,440.3500061035156,451.0899963378906,435.04998779296875,438.3999938964844,4287600,0.0,0.0,-0.009399863713526413,0.026685677133254395,3807200.0,496.0754959106445,0,22,2,2022,1,ADBE
2022-02-23 00:00:00-05:00,447.7799987792969,449.5899963378906,428.05999755859375,429.45001220703125,4263000,0.0,0.0,-0.02041510450286732,0.026232862978864065,3817775.0,492.41199645996096,0,23,2,2022,2,ADBE
2022-02-24 00:00:00-05:00,418.5899963378906,465.92999267578125,416.80999755859375,463.82000732421875,6448800,0.0,0.0,0.08003258619216957,0.03274689279988437,3917740.0,490.5624969482422,0,24,2,2022,3,ADBE
2022-02-25 00:00:00-05:00,465.3900146484375,468.5199890136719,456.0199890136719,465.5400085449219,2869700,0.0,0.0,0.0037083377032953724,0.03265268548697019,3767955.0,489.18699798583987,0,25,2,2022,4,ADBE
2022-02-28 00:00:00-05:00,462.3999938964844,468.4800109863281,458.8599853515625,467.67999267578125,3302300,0.0,0.0,0.004596778132019308,0.030226116094796352,3716120.0,486.66299896240236,0,28,2,2022,0,ADBE
2022-03-01 00:00:00-05:00,468.0,479.2099914550781,462.9200134277344,466.67999267578125,3352800,0.0,0.0,-0.0021382141970166524,0.029042606230164705,3684005.0,483.281999206543,0,1,3,2022,1,ADBE
2022-03-02 00:00:00-05:00,471.94000244140625,477.489990234375,466.0400085449219,471.17999267578125,2948500,0.0,0.0,0.009642581791858174,0.02919034302123777,3716060.0,480.04199981689453,0,2,3,2022,2,ADBE
2022-03-03 00:00:00-05:00,475.8299865722656,476.04998779296875,455.45001220703125,459.0799865722656,2906300,0.0,0.0,-0.025680220492387607,0.02951800966566785,3736670.0,476.34149780273435,0,3,3,2022,3,ADBE
2022-03-04 00:00:00-05:00,455.489990234375,463.5199890136719,447.0,452.1300048828125,2751600,0.0,0.0,-0.0151389341568674,0.028450915647349004,3721315.0,473.40649871826173,0,4,3,2022,4,ADBE
2022-03-07 00:00:00-05:00,456.2200012207031,457.67999267578125,437.17999267578125,437.9700012207031,3676100,0.0,0.0,-0.03131843387783895,0.028880348671148685,3775935.0,469.6279998779297,0,7,3,2022,0,ADBE
2022-03-08 00:00:00-05:00,432.510009765625,443.79998779296875,421.3599853515625,431.5299987792969,3734800,0.0,0.0,-0.014704209017642245,0.02890412649801314,3806650.0,465.84949951171876,0,8,3,2022,1,ADBE
2022-03-09 00:00:00-05:00,443.79998779296875,453.1099853515625,438.92999267578125,450.8699951171875,2905700,0.0,0.0,0.044817269697585704,0.03103883082707336,3791660.0,462.82749938964844,0,9,3,2022,2,ADBE
2022-03-10 00:00:00-05:00,444.67999267578125,447.6499938964844,433.010009765625,438.95001220703125,2722300,0.0,0.0,-0.02643773823773321,0.030720985524758583,3800665.0,458.6875,0,10,3,2022,3,ADBE
2022-03-11 00:00:00-05:00,439.6600036621094,440.6099853515625,415.42999267578125,416.3800048828125,4434500,0.0,0.0,-0.051418172221336156,0.03073478847994193,3785600.0,454.75550079345703,0,11,3,2022,4,ADBE
2022-03-14 00:00:00-04:00,413.3599853515625,422.3800048828125,407.94000244140625,411.5,3731400,0.0,0.0,-0.01172007499300054,0.029676275787214518,3720820.0,451.6320007324219,0,14,3,2022,0,ADBE
2022-03-15 00:00:00-04:00,415.9700012207031,422.9599914550781,413.1700134277344,421.6600036621094,3201700,0.0,0.0,0.02469016685810299,0.030468758522768924,3712300.0,449.0145004272461,0,15,3,2022,1,ADBE
2022-03-16 00:00:00-04:00,431.739990234375,442.5199890136719,424.3500061035156,442.3599853515625,4141200,0.0,0.0,0.049091641392767116,0.032645758346939245,3732205.0,447.1574996948242,0,16,3,2022,2,ADBE
2022-03-17 00:00:00-04:00,441.260009765625,446.82000732421875,436.510009765625,444.3599853515625,3556700,0.0,0.0,0.00452120459858163,0.03269510126897986,3722515.0,445.4904983520508,0,17,3,2022,3,ADBE
2022-03-18 00:00:00-04:00,439.20001220703125,453.739990234375,435.7900085449219,453.3299865722656,5898100,0.0,0.0,0.020186338816278404,0.031755922115790695,3816365.0,445.27149810791013,0,18,3,2022,4,ADBE
2022-03-21 00:00:00-04:00,451.4200134277344,459.5799865722656,445.95001220703125,453.5899963378906,3704200,0.0,0.0,0.0005735551878909284,0.03078704995139522,3741865.0,445.822998046875,0,21,3,2022,0,ADBE
2022-03-22 00:00:00-04:00,453.5,471.9800109863281,450.69000244140625,466.45001220703125,5377000,0.0,0.0,0.028351630267350325,0.031226487861258256,3796335.0,447.22549896240236,0,22,3,2022,1,ADBE
2022-03-23 00:00:00-04:00,437.510009765625,437.9800109863281,416.4700012207031,422.8999938964844,13979800,0.0,0.0,-0.09336481331512425,0.037753080844257686,4282175.0,446.897998046875,0,23,3,2022,2,ADBE
2022-03-24 00:00:00-04:00,426.0799865722656,432.2099914550781,421.489990234375,432.1400146484375,5544300,0.0,0.0,0.021849186297729917,0.03322457233210451,4236950.0,445.3139984130859,0,24,3,2022,3,ADBE
2022-03-25 00:00:00-04:00,435.44000244140625,438.6199951171875,426.0,431.6199951171875,3283600,0.0,0.0,-0.001203358896706308,0.03319055414152602,4257645.0,443.61799774169924,0,25,3,2022,4,ADBE
2022-03-28 00:00:00-04:00,433.4200134277344,450.32000732421875,433.1499938964844,450.010009765625,4472600,0.0,0.0,0.042606957176403615,0.03471610350708531,4316160.0,442.73449859619143,0,28,3,2022,0,ADBE
2022-03-29 00:00:00-04:00,459.1600036621094,467.79998779296875,452.44000244140625,466.3299865722656,4323800,0.0,0.0,0.03626580843199556,0.03571726754043651,4364710.0,442.7169982910156,0,29,3,2022,1,ADBE
2022-03-30 00:00:00-04:00,461.5199890136719,466.7699890136719,456.8399963378906,460.05999755859375,3889200,0.0,0.0,-0.01344539101969211,0.035782010525881605,4411745.0,442.16099853515624,0,30,3,2022,2,ADBE
2022-03-31 00:00:00-04:00,461.5899963378906,465.42999267578125,455.42999267578125,455.6199951171875,4141300,0.0,0.0,-0.009650920455958056,0.03536717974241793,4473495.0,441.98799896240234,0,31,3,2022,3,ADBE
2022-04-01 00:00:00-04:00,455.0,461.54998779296875,450.9599914550781,458.19000244140625,2718400,0.0,0.0,0.005640681602566033,0.03519680959820204,4471835.0,442.290998840332,0,1,4,2022,4,ADBE
2022-04-04 00:00:00-04:00,461.0400085449219,473.489990234375,460.6099853515625,468.80999755859375,2974500,0.0,0.0,0.023178146752657725,0.03464658709992458,4436755.0,443.83299865722654,0,4,4,2022,0,ADBE
2022-04-05 00:00:00-04:00,469.32000732421875,471.760009765625,455.07000732421875,458.5799865722656,2481900,0.0,0.0,-0.02182123043365669,0.03488444637931355,4374110.0,445.185498046875,0,5,4,2022,1,ADBE
2022-04-06 00:00:00-04:00,448.239990234375,450.010009765625,439.57000732421875,444.3299865722656,3824900,0.0,0.0,-0.031074186439129292,0.03429164593799593,4420070.0,444.8584976196289,0,6,4,2022,2,ADBE
2022-04-07 00:00:00-04:00,444.0899963378906,455.9200134277344,440.760009765625,452.7200012207031,2757800,0.0,0.0,0.018882395746371516,0.033959520919087736,4421845.0,445.5469970703125,0,7,4,2022,3,ADBE
2022-04-08 00:00:00-04:00,449.95001220703125,454.4100036621094,443.3699951171875,445.3399963378906,2260700,0.0,0.0,-0.016301477431775124,0.031891264728550486,4313155.0,446.99499664306643,0,8,4,2022,4,ADBE
2022-04-11 00:00:00-04:00,438.80999755859375,440.0,429.739990234375,434.44000244140625,2932100,0.0,0.0,-0.024475667997747697,0.03234364039281804,4273190.0,448.1419967651367,0,11,4,2022,0,ADBE
2022-04-12 00:00:00-04:00,442.69000244140625,444.44000244140625,425.1600036621094,426.7699890136719,2199000,0.0,0.0,-0.017654942879641533,0.03225039896841875,4223055.0,448.39749603271486,0,12,4,2022,1,ADBE
2022-04-13 00:00:00-04:00,427.29998779296875,433.5199890136719,425.6700134277344,431.6700134277344,3078900,0.0,0.0,0.011481651803556314,0.0303454817366854,4169940.0,447.8629974365234,0,13,4,2022,2,ADBE
2022-04-14 00:00:00-04:00,435.8599853515625,435.95001220703125,420.0299987792969,420.44000244140625,2597000,0.0,0.0,-0.02601526776704899,0.030829457588991534,4121955.0,446.6669982910156,0,14,4,2022,3,ADBE
2022-04-18 00:00:00-04:00,419.3999938964844,429.69000244140625,418.7300109863281,425.4700012207031,2594700,0.0,0.0,0.011963654148246405,0.0305675239579169,3956785.0,445.2739990234375,0,18,4,2022,0,ADBE
2022-04-19 00:00:00-04:00,422.0199890136719,437.489990234375,420.6400146484375,436.3999938964844,1962700,0.0,0.0,0.025689220495974663,0.03121852114369454,3869710.0,444.4144989013672,0,19,4,2022,1,ADBE
2022-04-20 00:00:00-04:00,440.5899963378906,442.44000244140625,427.20001220703125,428.1099853515625,2094400,0.0,0.0,-0.018996353485028483,0.030628939971140263,3705580.0,442.49749755859375,0,20,4,2022,2,ADBE
2022-04-21 00:00:00-04:00,432.69000244140625,438.94000244140625,416.3599853515625,417.4800109863281,2390100,0.0,0.0,-0.024830008009519067,0.02295661561185575,3126095.0,442.22649841308595,0,21,4,2022,3,ADBE
2022-04-22 00:00:00-04:00,420.7099914550781,424.3299865722656,408.0199890136719,408.6700134277344,3198800,0.0,0.0,-0.021102800916813824,0.0227744497354447,3008820.0,441.0529983520508,0,22,4,2022,4,ADBE
2022-04-25 00:00:00-04:00,405.70001220703125,414.0799865722656,401.6700134277344,413.95001220703125,3368800,0.0,0.0,0.012919956458294246,0.02303564172059463,3013080.0,440.169499206543,0,25,4,2022,0,ADBE
2022-04-26 00:00:00-04:00,410.1700134277344,411.6099853515625,397.4700012207031,399.1199951171875,2820100,0.0,0.0,-0.035825623028190035,0.021709268521387652,2930455.0,437.62499847412107,0,26,4,2022,1,ADBE
2022-04-27 00:00:00-04:00,401.44000244140625,412.4599914550781,396.80999755859375,397.8999938964844,3080700,0.0,0.0,-0.003056727890430322,0.019356066881021854,2868300.0,434.20349884033203,0,27,4,2022,2,ADBE
2022-04-28 00:00:00-04:00,406.1300048828125,414.2699890136719,398.489990234375,410.5299987792969,2593900,0.0,0.0,0.03174165638740445,0.0212023667001414,2803535.0,431.7269989013672,0,28,4,2022,3,ADBE
2022-04-29 00:00:00-04:00,407.4700012207031,413.0,394.6400146484375,395.95001220703125,3033200,0.0,0.0,-0.03551503328774741,0.02223473028709537,2748130.0,428.7434997558594,0,29,4,2022,4,ADBE
2022-05-02 00:00:00-04:00,397.1300048828125,407.9800109863281,394.0400085449219,407.2900085449219,3010000,0.0,0.0,0.028639969663547538,0.02347019327444389,2762710.0,426.19850006103513,0,2,5,2022,0,ADBE
2022-05-03 00:00:00-04:00,406.5899963378906,413.92999267578125,403.5,407.5799865722656,2196100,0.0,0.0,0.0007119694106412222,0.022539070552826963,2723790.0,423.1369995117187,0,3,5,2022,1,ADBE
2022-05-04 00:00:00-04:00,407.2900085449219,424.2300109863281,395.04998779296875,423.3500061035156,3330400,0.0,0.0,0.03869183976346657,0.02439232633900701,2766215.0,421.37550048828126,0,4,5,2022,2,ADBE
2022-05-05 00:00:00-04:00,415.54998779296875,417.989990234375,395.7099914550781,400.510009765625,3507700,0.0,0.0,-0.05395062243675952,0.02621173981380455,2750355.0,419.1845016479492,0,5,5,2022,3,ADBE
2022-05-06 00:00:00-04:00,395.0,401.260009765625,382.82000732421875,391.010009765625,3522200,0.0,0.0,-0.023719756731072295,0.025910915499368047,2788575.0,416.0990020751953,0,6,5,2022,4,ADBE
2022-05-09 00:00:00-04:00,381.95001220703125,389.6300048828125,374.8599853515625,376.9100036621094,4324900,0.0,0.0,-0.03606047352078612,0.026651147677824047,2891785.0,412.67750244140626,0,9,5,2022,0,ADBE
2022-05-10 00:00:00-04:00,385.7200012207031,400.8299865722656,374.7799987792969,393.0299987792969,5334400,0.0,0.0,0.04276881738495497,0.02862740945152875,3011900.0,410.6070022583008,0,10,5,2022,1,ADBE
2022-05-11 00:00:00-04:00,389.989990234375,409.989990234375,377.80999755859375,379.3299865722656,3822000,0.0,0.0,-0.034857421188158155,0.029290848322049524,3093050.0,408.2350021362305,0,11,5,2022,2,ADBE
2022-05-12 00:00:00-04:00,373.3999938964844,390.1300048828125,370.2699890136719,388.489990234375,4048200,0.0,0.0,0.02414785012089804,0.029808917258919324,3141515.0,406.0760009765625,0,12,5,2022,3,ADBE
2022-05-13 00:00:00-04:00,396.4700012207031,408.9700012207031,393.94000244140625,405.45001220703125,3379300,0.0,0.0,0.04365626502351927,0.031239852993191132,3180630.0,405.3265014648438,0,13,5,2022,4,ADBE
2022-05-16 00:00:00-04:00,399.739990234375,407.1700134277344,396.6000061035156,402.8599853515625,2645200,0.0,0.0,-0.006388030034504499,0.03109743523607309,3183155.0,404.19600067138674,0,16,5,2022,0,ADBE
2022-05-17 00:00:00-04:00,413.0799865722656,416.7200012207031,403.5400085449219,409.6499938964844,2614700,0.0,0.0,0.016854512217182593,0.030740118305835083,3215755.0,402.8585006713867,0,17,5,2022,1,ADBE
2022-05-18 00:00:00-04:00,404.3800048828125,411.6600036621094,396.1099853515625,397.8800048828125,2915900,0.0,0.0,-0.02873181786656165,0.0310867398709262,3256830.0,401.34700164794924,0,18,5,2022,2,ADBE
2022-05-19 00:00:00-04:00,399.010009765625,403.0400085449219,391.57000732421875,394.3800048828125,2797200,0.0,0.0,-0.008796621989161868,0.03070383348951305,3277185.0,400.19200134277344,0,19,5,2022,3,ADBE
2022-05-20 00:00:00-04:00,401.3900146484375,406.239990234375,385.6199951171875,399.0899963378906,3432400,0.0,0.0,0.011942774473258755,0.030532708660741082,3288865.0,399.71300048828124,0,20,5,2022,4,ADBE
2022-05-23 00:00:00-04:00,404.010009765625,407.8800048828125,398.8900146484375,406.760009765625,2337500,0.0,0.0,0.019218756416135685,0.030712992425489166,3237300.0,399.35350036621094,0,23,5,2022,0,ADBE
2022-05-24 00:00:00-04:00,401.6099853515625,404.3299865722656,391.0400085449219,398.4100036621094,2630800,0.0,0.0,-0.02052809003600653,0.029966421527057356,3227835.0,399.31800079345703,0,24,5,2022,1,ADBE
2022-05-25 00:00:00-04:00,395.32000732421875,406.1000061035156,394.7099914550781,402.5,2726700,0.0,0.0,0.010265797294988,0.03003497205819307,3210135.0,399.5480010986328,0,25,5,2022,2,ADBE
2022-05-26 00:00:00-04:00,405.0899963378906,411.54998779296875,402.4599914550781,408.6000061035156,2419500,0.0,0.0,0.015155294667119623,0.029363073932316703,3201415.0,399.4515014648438,0,26,5,2022,3,ADBE
2022-05-27 00:00:00-04:00,414.79998779296875,428.54998779296875,414.6300048828125,428.2200012207031,3560400,0.0,0.0,0.04801760847800107,0.029954187612675397,3227775.0,401.0650009155273,0,27,5,2022,4,ADBE
2022-05-31 00:00:00-04:00,427.2200012207031,427.2900085449219,412.7900085449219,416.4800109863281,7944200,0.0,0.0,-0.02741579141774897,0.030183631595327762,3474485.0,401.52450103759764,0,31,5,2022,1,ADBE
2022-06-01 00:00:00-04:00,428.0,437.54998779296875,413.7900085449219,418.1600036621094,3409900,0.0,0.0,0.0040337894531903284,0.03018792159414965,3535175.0,402.05350189208986,0,1,6,2022,2,ADBE
2022-06-02 00:00:00-04:00,418.1099853515625,441.8999938964844,415.8399963378906,441.2799987792969,3415700,0.0,0.0,0.055289829047996175,0.03145932611413301,3539440.0,402.9500015258789,0,2,6,2022,3,ADBE
2022-06-03 00:00:00-04:00,430.7099914550781,438.010009765625,427.260009765625,429.760009765625,2355300,0.0,0.0,-0.026105848997324488,0.02937456524394543,3481820.0,404.4125015258789,0,3,6,2022,4,ADBE
2022-06-06 00:00:00-04:00,437.5899963378906,440.0,427.0400085449219,429.4599914550781,1563800,0.0,0.0,-0.000698106626324968,0.028676514918436948,3383900.0,406.3350006103516,0,6,6,2022,0,ADBE
2022-06-07 00:00:00-04:00,423.9800109863281,435.20001220703125,423.1199951171875,433.4200134277344,1611200,0.0,0.0,0.009220933384828323,0.026994960982269587,3248215.0,409.16050109863284,0,7,6,2022,1,ADBE
2022-06-08 00:00:00-04:00,430.5400085449219,433.75,426.4200134277344,428.8399963378906,1790100,0.0,0.0,-0.010567156448596737,0.025925394338879373,3071000.0,410.9510009765625,0,8,6,2022,2,ADBE
2022-06-09 00:00:00-04:00,424.1700134277344,436.0400085449219,423.4800109863281,426.4200134277344,2572400,0.0,0.0,-0.005643090501869841,0.024355638543493926,3008520.0,413.3055023193359,0,9,6,2022,3,ADBE
2022-06-10 00:00:00-04:00,412.8999938964844,413.9599914550781,390.19000244140625,393.8399963378906,4406100,0.0,0.0,-0.07640358347149934,0.030136245083575965,3026415.0,413.57300262451173,0,10,6,2022,4,ADBE
2022-06-13 00:00:00-04:00,377.3599853515625,385.6499938964844,371.0899963378906,371.6499938964844,4724800,0.0,0.0,-0.056342683952212425,0.03099073124175671,3093690.0,411.88300170898435,0,13,6,2022,0,ADBE
2022-06-14 00:00:00-04:00,371.44000244140625,376.8900146484375,367.30999755859375,370.82000732421875,3197200,0.0,0.0,-0.002233247910389591,0.03098696707844246,3121290.0,410.2810028076172,0,14,6,2022,1,ADBE
2022-06-15 00:00:00-04:00,376.0299987792969,382.75,368.5,376.9200134277344,3664500,0.0,0.0,0.016450045798586554,0.03097299350593645,3173780.0,408.6445037841797,0,15,6,2022,2,ADBE
2022-06-16 00:00:00-04:00,369.3699951171875,376.1199951171875,360.8999938964844,365.0799865722656,5775300,0.0,0.0,-0.0314125714572564,0.03109262065278842,3316750.0,407.00450286865237,0,16,6,2022,3,ADBE
2022-06-17 00:00:00-04:00,349.239990234375,367.32000732421875,338.0,360.7900085449219,9475100,0.0,0.0,-0.011750789375288284,0.031124469581531835,3650645.0,405.3250030517578,0,17,6,2022,4,ADBE
2022-06-21 00:00:00-04:00,355.0199890136719,372.79998779296875,353.510009765625,362.989990234375,5343500,0.0,0.0,0.006097679085753205,0.030994304236464126,3746200.0,403.520002746582,0,21,6,2022,1,ADBE
2022-06-22 00:00:00-04:00,360.7900085449219,372.54998779296875,358.2200012207031,365.3299865722656,3168200,0.0,0.0,0.0064464486648232455,0.030614167088234483,3787735.0,401.44850158691406,0,22,6,2022,2,ADBE
2022-06-23 00:00:00-04:00,371.7099914550781,378.17999267578125,367.4700012207031,376.6400146484375,2534300,0.0,0.0,0.030958389652842477,0.03138638438385118,3782910.0,400.3600021362305,0,23,6,2022,3,ADBE
2022-06-24 00:00:00-04:00,380.6400146484375,388.05999755859375,378.2200012207031,387.7200012207031,3305300,0.0,0.0,0.02941797509913524,0.03207557511030542,3811840.0,399.6210021972656,0,24,6,2022,4,ADBE
2022-06-27 00:00:00-04:00,388.79998779296875,389.3900146484375,379.3800048828125,381.07000732421875,2244600,0.0,0.0,-0.017151536870802175,0.032012759477824455,3803095.0,398.24450225830077,0,27,6,2022,0,ADBE
2022-06-28 00:00:00-04:00,381.0,382.9800109863281,364.45001220703125,365.6300048828125,2654500,0.0,0.0,-0.04051749585285447,0.030681904160868256,3757800.0,395.11500244140626,0,28,6,2022,1,ADBE
2022-06-29 00:00:00-04:00,367.94000244140625,370.3699951171875,362.6400146484375,368.5,2027900,0.0,0.0,0.007849451847113498,0.03048475903511256,3461985.0,392.7160018920898,0,29,6,2022,2,ADBE
2022-06-30 00:00:00-04:00,362.8999938964844,370.4200134277344,357.55999755859375,366.05999755859375,2595500,0.0,0.0,-0.006621444888483707,0.030399546185611883,3421265.0,390.1110015869141,0,30,6,2022,3,ADBE
2022-07-01 00:00:00-04:00,364.17999267578125,369.5299987792969,359.07000732421875,368.4800109863281,2471600,0.0,0.0,0.006610974823456406,0.02697419310677232,3374060.0,386.47100219726565,0,1,7,2022,4,ADBE
2022-07-05 00:00:00-04:00,363.5,378.5199890136719,359.82000732421875,376.489990234375,3120500,0.0,0.0,0.021737893533508634,0.027458973806259248,3412320.0,383.8075012207031,0,5,7,2022,1,ADBE
2022-07-06 00:00:00-04:00,378.5400085449219,385.3900146484375,374.0899963378906,382.8299865722656,2284600,0.0,0.0,0.016839747409868266,0.027920995554615937,3448360.0,381.4760009765625,0,6,7,2022,2,ADBE
2022-07-07 00:00:00-04:00,382.5,392.07000732421875,382.3800048828125,390.8900146484375,2368500,0.0,0.0,0.02105380549820235,0.028367812099673727,3486225.0,379.34950103759763,0,7,7,2022,3,ADBE
2022-07-08 00:00:00-04:00,384.3500061035156,391.8599853515625,383.8399963378906,389.44000244140625,1611200,0.0,0.0,-0.00370951457620472,0.028335340305588527,3477280.0,377.37950134277344,0,8,7,2022,4,ADBE
2022-07-11 00:00:00-04:00,386.57000732421875,388.04998779296875,380.4599914550781,384.1600036621094,1832200,0.0,0.0,-0.013557926114925234,0.028408553861511227,3440270.0,375.26650085449216,0,11,7,2022,0,ADBE
2022-07-12 00:00:00-04:00,383.8999938964844,391.5199890136719,372.9100036621094,375.5400085449219,2639600,0.0,0.0,-0.022438554339377026,0.023366184931903632,3351945.0,374.35150146484375,0,12,7,2022,1,ADBE
2022-07-13 00:00:00-04:00,368.20001220703125,374.4100036621094,364.70001220703125,371.94000244140625,1994000,0.0,0.0,-0.009586211912451903,0.01970751619407866,3215405.0,374.36600189208986,0,13,7,2022,2,ADBE
2022-07-14 00:00:00-04:00,368.8299865722656,374.19000244140625,361.4599914550781,372.9599914550781,2098400,0.0,0.0,0.0027423482469663973,0.019706267140381054,3160465.0,374.47300109863284,0,14,7,2022,3,ADBE
2022-07-15 00:00:00-04:00,377.7900085449219,384.4700012207031,376.8599853515625,379.8599853515625,2488300,0.0,0.0,0.01850062755944548,0.01979888581380826,3101655.0,374.61999969482423,0,15,7,2022,4,ADBE
2022-07-18 00:00:00-04:00,383.8299865722656,385.57000732421875,374.010009765625,375.2300109863281,1866400,0.0,0.0,-0.012188634085660066,0.018594186242218435,2906210.0,375.1275009155273,0,18,7,2022,0,ADBE
2022-07-19 00:00:00-04:00,382.8900146484375,388.32000732421875,378.0,387.8299865722656,1977600,0.0,0.0,0.033579338584398544,0.019623518706000587,2531335.0,376.47949981689453,0,19,7,2022,1,ADBE
2022-07-20 00:00:00-04:00,392.19000244140625,403.1300048828125,390.07000732421875,401.489990234375,2746800,0.0,0.0,0.03522162838113618,0.020845309819800584,2401500.0,378.40449981689454,0,20,7,2022,2,ADBE
2022-07-21 00:00:00-04:00,404.1199951171875,409.6499938964844,399.239990234375,408.9100036621094,2009900,0.0,0.0,0.01848119158189432,0.02105403781005491,2343585.0,380.58350067138673,0,21,7,2022,3,ADBE
2022-07-22 00:00:00-04:00,410.0299987792969,414.6199951171875,398.6300048828125,401.8999938964844,2413200,0.0,0.0,-0.017143160360091114,0.02078183924141681,2337530.0,381.84649963378905,0,22,7,2022,4,ADBE
2022-07-25 00:00:00-04:00,400.1099853515625,400.7699890136719,388.57000732421875,391.9599914550781,2340500,0.0,0.0,-0.024732526977759628,0.020748836096793413,2289290.0,382.0584991455078,0,25,7,2022,0,ADBE
2022-07-26 00:00:00-04:00,393.5799865722656,393.5799865722656,378.1600036621094,379.260009765625,2368500,0.0,0.0,-0.032401219426265504,0.02169966617192954,2295485.0,381.96799926757814,0,26,7,2022,1,ADBE
2022-07-27 00:00:00-04:00,385.0799865722656,394.9100036621094,383.4100036621094,392.7799987792969,2678000,0.0,0.0,0.03564833798856615,0.02088545169879279,2296660.0,383.3254989624023,0,27,7,2022,2,ADBE
2022-07-28 00:00:00-04:00,392.760009765625,406.1499938964844,390.05999755859375,403.5,2421700,0.0,0.0,0.027292635200415916,0.021526807149877075,2316350.0,385.0754989624023,0,28,7,2022,3,ADBE
2022-07-29 00:00:00-04:00,404.69000244140625,411.3800048828125,400.8900146484375,410.1199951171875,2669800,0.0,0.0,0.016406431517193232,0.021501475085757296,2320065.0,387.278498840332,0,29,7,2022,4,ADBE
2022-08-01 00:00:00-04:00,406.510009765625,417.1600036621094,405.07000732421875,411.0899963378906,1910000,0.0,0.0,0.0023651644207836053,0.021515227268816522,2291985.0,389.4089981079102,0,1,8,2022,0,ADBE
2022-08-02 00:00:00-04:00,405.3399963378906,412.4200134277344,402.25,409.9599914550781,2165500,0.0,0.0,-0.0027488017049281943,0.021249961213858696,2244235.0,391.08249816894534,0,2,8,2022,1,ADBE
2022-08-03 00:00:00-04:00,412.80999755859375,426.0400085449219,412.0199890136719,424.5400085449219,2403500,0.0,0.0,0.035564487739631945,0.022213747692276166,2250180.0,393.1679992675781,0,3,8,2022,2,ADBE
2022-08-04 00:00:00-04:00,425.45001220703125,431.1499938964844,419.6300048828125,430.5899963378906,2745600,0.0,0.0,0.014250689384269322,0.022012888370400156,2269035.0,395.15299835205076,0,4,8,2022,3,ADBE
2022-08-05 00:00:00-04:00,423.0,434.5400085449219,421.0,433.42999267578125,2481400,0.0,0.0,0.006595592935378036,0.02191678620497451,2312545.0,397.35249786376954,0,5,8,2022,4,ADBE
2022-08-08 00:00:00-04:00,435.0,440.29998779296875,432.4800109863281,434.3399963378906,2202000,0.0,0.0,0.0020995401275565317,0.021471850258389075,2331035.0,399.8614974975586,0,8,8,2022,0,ADBE
2022-08-09 00:00:00-04:00,434.3399963378906,434.5899963378906,424.6199951171875,426.57000732421875,1977300,0.0,0.0,-0.01788918607354617,0.021172546325580577,2297920.0,402.4129974365234,0,9,8,2022,1,ADBE
2022-08-10 00:00:00-04:00,441.4200134277344,443.2200012207031,436.20001220703125,438.3999938964844,2634400,0.0,0.0,0.027732813768301723,0.021314693533901974,2329940.0,405.73599700927736,0,10,8,2022,2,ADBE
2022-08-11 00:00:00-04:00,445.260009765625,445.6099853515625,434.3999938964844,434.8900146484375,1756600,0.0,0.0,-0.008006339637120607,0.021600279854800442,2312850.0,408.83249816894534,0,11,8,2022,3,ADBE
2022-08-12 00:00:00-04:00,439.6099853515625,446.0,436.5799865722656,445.6700134277344,2150400,0.0,0.0,0.024787873752427636,0.021806958070079537,2295955.0,412.1229995727539,0,12,8,2022,4,ADBE
2022-08-15 00:00:00-04:00,445.07000732421875,451.1499938964844,442.1400146484375,451.0199890136719,2503400,0.0,0.0,0.012004342730599804,0.02127838150689495,2327805.0,415.9124984741211,0,15,8,2022,0,ADBE
2022-08-16 00:00:00-04:00,446.1199951171875,450.0899963378906,440.1000061035156,447.55999755859375,2139500,0.0,0.0,-0.0076714813963006945,0.020811065449384672,2335900.0,418.8989990234375,0,16,8,2022,1,ADBE
2022-08-17 00:00:00-04:00,440.8699951171875,442.989990234375,436.1099853515625,437.82000732421875,1894400,0.0,0.0,-0.02176242355774849,0.02070106048238912,2293280.0,420.7154998779297,0,17,8,2022,2,ADBE
2022-08-18 00:00:00-04:00,438.6099853515625,441.3900146484375,437.010009765625,439.0299987792969,1402300,0.0,0.0,0.002763673278599388,0.02044080920939413,2262900.0,422.22149963378905,0,18,8,2022,3,ADBE
2022-08-19 00:00:00-04:00,431.5799865722656,432.5,424.6199951171875,425.05999755859375,2007700,0.0,0.0,-0.03182015183369269,0.021468308836350494,2242625.0,423.3794998168945,0,19,8,2022,4,ADBE
2022-08-22 00:00:00-04:00,419.4100036621094,419.7900085449219,410.0799865722656,411.3500061035156,2074600,0.0,0.0,-0.03225425006781124,0.022038457190748567,2229330.0,424.34900054931643,0,22,8,2022,0,ADBE
2022-08-23 00:00:00-04:00,410.3699951171875,415.70001220703125,409.20001220703125,410.4100036621094,1392200,0.0,0.0,-0.0022851645252429664,0.020492263806307445,2180515.0,425.9065002441406,0,23,8,2022,1,ADBE
2022-08-24 00:00:00-04:00,410.67999267578125,413.239990234375,405.3299865722656,405.6499938964844,1883900,0.0,0.0,-0.011598181630932958,0.019362635605197766,2140810.0,426.55,0,24,8,2022,2,ADBE
2022-08-25 00:00:00-04:00,405.7900085449219,406.6700134277344,392.9200134277344,403.92999267578125,3062400,0.0,0.0,-0.0042401115409409496,0.018438617375128658,2172845.0,426.5714996337891,0,25,8,2022,3,ADBE
2022-08-26 00:00:00-04:00,403.989990234375,405.5400085449219,380.5,381.0199890136719,3600100,0.0,0.0,-0.05671775821930192,0.021970612743412134,2219360.0,425.11649932861326,0,26,8,2022,4,ADBE
2022-08-29 00:00:00-04:00,380.0899963378906,382.8599853515625,374.82000732421875,375.260009765625,2410300,0.0,0.0,-0.015117262647971419,0.022074960278131165,2244375.0,423.325,0,29,8,2022,0,ADBE
2022-08-30 00:00:00-04:00,379.9200134277344,380.6600036621094,371.05999755859375,375.07000732421875,1835000,0.0,0.0,-0.0005063221138988938,0.022089027857320066,2227850.0,421.580500793457,0,30,8,2022,1,ADBE
2022-08-31 00:00:00-04:00,378.5299987792969,381.1499938964844,372.5,373.44000244140625,3193900,0.0,0.0,-0.004345868373856643,0.020012450064456826,2267370.0,419.02550048828124,0,31,8,2022,2,ADBE
2022-09-01 00:00:00-04:00,371.0,371.6400146484375,361.7200012207031,370.5299987792969,2574400,0.0,0.0,-0.00779242620791798,0.019425321661871015,2258810.0,416.0225006103516,0,1,9,2022,3,ADBE
2022-09-02 00:00:00-04:00,374.5299987792969,382.0,365.42999267578125,368.1400146484375,2450500,0.0,0.0,-0.0064501771482285974,0.01915121856420312,2257265.0,412.75800170898435,0,2,9,2022,4,ADBE
2022-09-06 00:00:00-04:00,367.2300109863281,374.29998779296875,365.3699951171875,368.29998779296875,2564400,0.0,0.0,0.000434544298815176,0.019108790382509497,2275385.0,409.4560012817383,0,6,9,2022,1,ADBE
2022-09-07 00:00:00-04:00,368.20001220703125,381.5199890136719,367.19000244140625,379.7200012207031,2385500,0.0,0.0,0.031007368466582363,0.020832155026054833,2295795.0,407.1135009765625,0,7,9,2022,2,ADBE
2022-09-08 00:00:00-04:00,377.20001220703125,386.6600036621094,375.20001220703125,383.6300048828125,2276800,0.0,0.0,0.01029707060344398,0.019698141477431545,2277915.0,404.37500152587893,0,8,9,2022,3,ADBE
2022-09-09 00:00:00-04:00,390.19000244140625,396.0899963378906,389.6700134277344,394.7799987792969,2998900,0.0,0.0,0.029064446874770278,0.02122991008348484,2340030.0,402.3695007324219,0,9,9,2022,4,ADBE
2022-09-12 00:00:00-04:00,391.0899963378906,396.3900146484375,389.2799987792969,396.3599853515625,2854800,0.0,0.0,0.00400219508878652,0.020198750047426817,2375250.0,399.9039993286133,0,12,9,2022,0,ADBE
2022-09-13 00:00:00-04:00,382.54998779296875,383.5799865722656,367.3699951171875,368.3900146484375,4175100,0.0,0.0,-0.07056708985978055,0.024401845086630156,2458835.0,395.7725006103516,0,13,9,2022,1,ADBE
2022-09-14 00:00:00-04:00,369.57000732421875,374.239990234375,365.6099853515625,371.5199890136719,3004400,0.0,0.0,0.008496360489633092,0.024740755515817583,2502080.0,391.97050018310546,0,14,9,2022,2,ADBE
2022-09-15 00:00:00-04:00,323.1499938964844,329.0,305.0,309.1300048828125,27840200,0.0,0.0,-0.1679317021312774,0.043326801147536356,3799370.0,385.53600006103517,0,15,9,2022,3,ADBE
2022-09-16 00:00:00-04:00,298.32000732421875,300.20001220703125,292.1400146484375,299.5,14948100,0.0,0.0,-0.031151957851723644,0.0432058447053734,4476660.0,378.5595001220703,0,16,9,2022,4,ADBE
2022-09-19 00:00:00-04:00,294.8800048828125,299.2799987792969,293.4599914550781,296.05999755859375,6593400,0.0,0.0,-0.011485817834411494,0.04310199311866463,4705945.0,372.1095001220703,0,19,9,2022,0,ADBE
2022-09-20 00:00:00-04:00,292.82000732421875,294.0799865722656,287.80999755859375,291.05999755859375,6548800,0.0,0.0,-0.016888468692939362,0.04295165649261734,4929655.0,366.0949996948242,0,20,9,2022,1,ADBE
2022-09-21 00:00:00-04:00,292.8399963378906,297.94000244140625,286.2200012207031,286.29998779296875,4913100,0.0,0.0,-0.016354050043124735,0.042826989897879614,5105700.0,359.8894989013672,0,21,9,2022,2,ADBE
2022-09-22 00:00:00-04:00,282.0,289.54998779296875,280.05999755859375,287.05999755859375,5657600,0.0,0.0,0.0026545923787275605,0.04303778347135418,5294385.0,353.95999908447266,0,22,9,2022,3,ADBE
2022-09-23 00:00:00-04:00,285.57000732421875,288.54998779296875,280.70001220703125,284.55999755859375,4739300,0.0,0.0,-0.008708980774967512,0.04298410070172795,5378230.0,347.99149932861326,0,23,9,2022,4,ADBE
2022-09-26 00:00:00-04:00,286.0299987792969,288.8999938964844,276.75,276.9599914550781,6746200,0.0,0.0,-0.026707921593760564,0.04201560576363954,5535535.0,342.7884994506836,0,26,9,2022,0,ADBE
2022-09-27 00:00:00-04:00,281.70001220703125,284.5,274.7300109863281,277.57000732421875,6390900,0.0,0.0,0.002202541478773634,0.04218908034527047,5734565.0,337.9039993286133,0,27,9,2022,1,ADBE
2022-09-28 00:00:00-04:00,280.3800048828125,282.739990234375,275.3699951171875,281.3999938964844,4985100,0.0,0.0,0.013798272404092815,0.04255023758727242,5892070.0,333.2204986572266,0,28,9,2022,2,ADBE
2022-09-29 00:00:00-04:00,277.79998779296875,279.5899963378906,275.010009765625,278.25,5155300,0.0,0.0,-0.011194008403721312,0.04250173561151119,5990140.0,328.46099853515625,0,29,9,2022,3,ADBE
2022-09-30 00:00:00-04:00,279.69000244140625,284.2900085449219,274.8500061035156,275.20001220703125,4578800,0.0,0.0,-0.010961321807614555,0.04248459880936693,6090360.0,323.69449920654296,0,30,9,2022,4,ADBE
2022-10-03 00:00:00-04:00,278.2699890136719,286.8999938964844,277.0,285.239990234375,3738100,0.0,0.0,0.036482476678782794,0.04393651830060645,6154740.0,319.5494979858398,0,3,10,2022,0,ADBE
2022-10-04 00:00:00-04:00,290.95001220703125,296.7900085449219,290.17999267578125,294.9700012207031,4509200,0.0,0.0,0.03411166498194462,0.0450561310346739,6251980.0,315.88299865722655,0,4,10,2022,1,ADBE
2022-10-05 00:00:00-04:00,291.4100036621094,298.80999755859375,289.17999267578125,297.3800048828125,3469600,0.0,0.0,0.008170334787048983,0.04424447783978272,6306185.0,311.76599884033203,0,5,10,2022,2,ADBE
2022-10-06 00:00:00-04:00,297.1499938964844,305.5,297.1000061035156,298.4100036621094,4884000,0.0,0.0,0.003463577787292005,0.04409640880935931,6436545.0,307.5049987792969,0,6,10,2022,3,ADBE
2022-10-07 00:00:00-04:00,291.3599853515625,293.7099914550781,286.8299865722656,288.7699890136719,3495900,0.0,0.0,-0.03230459612658598,0.04325412038579367,6461395.0,302.2044982910156,0,7,10,2022,4,ADBE
2022-10-10 00:00:00-04:00,289.75,290.2799987792969,283.04998779296875,285.7200012207031,2906300,0.0,0.0,-0.010561997122299105,0.043047561072843056,6463970.0,296.67249908447263,0,10,10,2022,0,ADBE
2022-10-11 00:00:00-04:00,285.69000244140625,288.2799987792969,281.44000244140625,284.8299865722656,3209800,0.0,0.0,-0.003114988956443465,0.041084957905797095,6415705.0,292.49449768066404,0,11,10,2022,1,ADBE
2022-10-12 00:00:00-04:00,284.69000244140625,289.7900085449219,283.0899963378906,286.1499938964844,3044100,0.0,0.0,0.004634369225319679,0.04099302576269896,6417690.0,288.2259979248047,0,12,10,2022,2,ADBE
2022-10-13 00:00:00-04:00,279.7099914550781,298.1700134277344,276.6000061035156,294.739990234375,4737200,0.0,0.0,0.03001920853088702,0.019810159582828384,5262540.0,287.5064971923828,0,13,10,2022,3,ADBE
2022-10-14 00:00:00-04:00,295.1199951171875,297.5899963378906,287.45001220703125,287.94000244140625,3563300,0.0,0.0,-0.023071140728346484,0.019263336498113726,4693300.0,286.9284973144531,0,14,10,2022,4,ADBE
2022-10-17 00:00:00-04:00,297.45001220703125,297.9599914550781,291.3999938964844,293.5,4600600,0.0,0.0,0.019309569741790877,0.01967400334808323,4593660.0,286.8004974365234,0,17,10,2022,0,ADBE
2022-10-18 00:00:00-04:00,302.67999267578125,303.489990234375,286.80999755859375,292.9800109863281,5472000,0.0,0.0,-0.0017716831811648293,0.019287771295203197,4539820.0,286.89649810791013,0,18,10,2022,1,ADBE
2022-10-19 00:00:00-04:00,295.3999938964844,303.7099914550781,292.70001220703125,299.8299865722656,5529100,0.0,0.0,0.023380351317746184,0.01950502434698503,4570620.0,287.572998046875,0,19,10,2022,2,ADBE
2022-10-20 00:00:00-04:00,301.0299987792969,309.19000244140625,299.3399963378906,302.3800048828125,3621600,0.0,0.0,0.008504880848307916,0.019551411565040706,4468820.0,288.33899841308596,0,20,10,2022,3,ADBE
2022-10-21 00:00:00-04:00,300.989990234375,307.42999267578125,298.2300109863281,306.3699951171875,3659300,0.0,0.0,0.0131952846416592,0.019487122946610296,4414820.0,289.42949829101565,0,21,10,2022,4,ADBE
2022-10-24 00:00:00-04:00,308.42999267578125,317.3299865722656,306.20001220703125,316.2200012207031,4817400,0.0,0.0,0.03215068792800024,0.01906456389456956,4318380.0,291.3924987792969,0,24,10,2022,0,ADBE
2022-10-25 00:00:00-04:00,319.1199951171875,324.2300109863281,316.739990234375,323.7900085449219,3814600,0.0,0.0,0.023939052858757526,0.01940390230075548,4189565.0,293.70349884033203,0,25,10,2022,1,ADBE
2022-10-26 00:00:00-04:00,318.1600036621094,330.5799865722656,316.5400085449219,320.4800109863281,4207700,0.0,0.0,-0.01022266738083899,0.019760327891968008,4150695.0,295.6574996948242,0,26,10,2022,2,ADBE
2022-10-27 00:00:00-04:00,322.9599914550781,323.8500061035156,316.8699951171875,318.6499938964844,2870200,0.0,0.0,-0.005710237852936895,0.019535619649828105,4036440.0,297.67749938964846,0,27,10,2022,3,ADBE
2022-10-28 00:00:00-04:00,318.6700134277344,327.04998779296875,318.6700134277344,325.67999267578125,3008400,0.0,0.0,0.02206181990883893,0.019333732058104316,3957920.0,300.2014984130859,0,28,10,2022,4,ADBE
2022-10-31 00:00:00-04:00,323.489990234375,325.5799865722656,317.4200134277344,318.5,3253200,0.0,0.0,-0.02204615830647305,0.019326070457557395,3933675.0,301.8644989013672,0,31,10,2022,0,ADBE
2022-11-01 00:00:00-04:00,321.010009765625,322.8399963378906,312.7900085449219,316.0199890136719,2467700,0.0,0.0,-0.0077865337090364806,0.018330172593961386,3831600.0,302.9169982910156,0,1,11,2022,1,ADBE
2022-11-02 00:00:00-04:00,318.8399963378906,318.8399963378906,301.0899963378906,301.2200012207031,3480000,0.0,0.0,-0.046832441957741056,0.021467849392205623,3832120.0,303.10899810791017,0,2,11,2022,2,ADBE
2022-11-03 00:00:00-04:00,297.07000732421875,299.6099853515625,285.3699951171875,285.92999267578125,4897100,0.0,0.0,-0.05076026984582249,0.024352198751079825,3832775.0,302.48499755859376,0,3,11,2022,3,ADBE
2022-11-04 00:00:00-04:00,290.3800048828125,291.010009765625,278.2300109863281,285.75,5738300,0.0,0.0,-0.0006294991095436853,0.023273391266522888,3944895.0,302.33399810791013,0,4,11,2022,4,ADBE
2022-11-07 00:00:00-05:00,288.9700012207031,300.3599853515625,287.57000732421875,299.5400085449219,3980700,0.0,0.0,0.04825899753253493,0.02551263019903066,3998615.0,303.0249984741211,0,7,11,2022,0,ADBE
2022-11-08 00:00:00-05:00,301.1499938964844,309.8999938964844,297.7699890136719,302.1700134277344,4230600,0.0,0.0,0.008780145582516052,0.025509188830852597,4049655.0,303.89199981689455,0,8,11,2022,1,ADBE
2022-11-09 00:00:00-05:00,299.6499938964844,303.2900085449219,297.3500061035156,298.8699951171875,2778200,0.0,0.0,-0.01092106484396771,0.025701820163377763,4036360.0,304.5279998779297,0,9,11,2022,2,ADBE
2022-11-10 00:00:00-05:00,318.54998779296875,330.3699951171875,317.8699951171875,329.95001220703125,5502900,0.0,0.0,0.10399176095832985,0.03388982424682721,4074645.0,306.2885009765625,0,10,11,2022,3,ADBE
2022-11-11 00:00:00-05:00,330.3399963378906,342.30999755859375,329.489990234375,341.1499938964844,4110100,0.0,0.0,0.03394448030032371,0.03369626125396752,4101985.0,308.9490005493164,0,11,11,2022,4,ADBE
2022-11-14 00:00:00-05:00,338.07000732421875,345.1099853515625,334.42999267578125,340.3699951171875,3464500,0.0,0.0,-0.0022863807511412926,0.03369593508510414,4045180.0,311.2925003051758,0,14,11,2022,0,ADBE
2022-11-15 00:00:00-05:00,348.4100036621094,350.9700012207031,342.55999755859375,345.9599914550781,2948600,0.0,0.0,0.016423293527874083,0.033664912133233894,3919010.0,313.9414993286133,0,15,11,2022,1,ADBE
2022-11-16 00:00:00-05:00,345.0,345.0199890136719,336.7200012207031,338.4100036621094,2123200,0.0,0.0,-0.02182329743163114,0.03415346177189223,3748715.0,315.8705001831055,0,16,11,2022,2,ADBE
2022-11-17 00:00:00-05:00,331.739990234375,339.8699951171875,329.3500061035156,337.8299865722656,2740400,0.0,0.0,-0.0017139478253216378,0.03420005303935951,3704655.0,317.64299926757815,0,17,11,2022,3,ADBE
2022-11-18 00:00:00-05:00,344.29998779296875,344.70001220703125,329.1400146484375,330.8599853515625,3421700,0.0,0.0,-0.020631683088357722,0.03466402626135229,3692775.0,318.86749877929685,0,18,11,2022,4,ADBE
2022-11-21 00:00:00-05:00,329.5299987792969,330.25,320.6000061035156,321.489990234375,3219900,0.0,0.0,-0.028320121900601625,0.03475409439691366,3612900.0,319.1309982299805,0,21,11,2022,0,ADBE
2022-11-22 00:00:00-05:00,322.489990234375,331.5400085449219,320.20001220703125,330.8800048828125,2573800,0.0,0.0,0.02920779785893779,0.03495344364723827,3550860.0,319.485498046875,0,22,11,2022,1,ADBE
2022-11-23 00:00:00-05:00,329.92999267578125,338.5,327.5899963378906,335.7799987792969,2240800,0.0,0.0,0.014808975532443647,0.03495412825079182,3452515.0,320.25049743652346,0,23,11,2022,2,ADBE
2022-11-25 00:00:00-05:00,332.8900146484375,335.510009765625,332.010009765625,334.29998779296875,1197800,0.0,0.0,-0.004407680599525232,0.03493844940092611,3368895.0,321.03299713134766,0,25,11,2022,4,ADBE
2022-11-28 00:00:00-05:00,335.8299865722656,338.19000244140625,328.07000732421875,328.9700012207031,2314800,0.0,0.0,-0.01594372350251616,0.03487866868135674,3334215.0,321.19749755859374,0,28,11,2022,0,ADBE
2022-11-29 00:00:00-05:00,326.69000244140625,329.70001220703125,323.6700134277344,326.7799987792969,2392600,0.0,0.0,-0.0066571493852930486,0.03450976555846916,3291185.0,321.6114974975586,0,29,11,2022,1,ADBE
2022-11-30 00:00:00-05:00,327.1199951171875,345.0299987792969,326.3800048828125,344.92999267578125,4979800,0.0,0.0,0.05554193636172533,0.036432258919654716,3416790.0,323.05699768066404,0,30,11,2022,2,ADBE
2022-12-01 00:00:00-05:00,348.0299987792969,350.6700134277344,341.5,344.1099853515625,3365200,0.0,0.0,-0.002377315228106358,0.034402995741676205,3411050.0,325.20149688720704,0,1,12,2022,3,ADBE
2022-12-02 00:00:00-05:00,337.20001220703125,343.5299987792969,334.2200012207031,341.5299987792969,2741800,0.0,0.0,-0.007497563808355534,0.03182906589392482,3303285.0,327.9814971923828,0,2,12,2022,4,ADBE
2022-12-05 00:00:00-05:00,337.79998779296875,340.510009765625,330.8299865722656,334.0899963378906,2542300,0.0,0.0,-0.02178433071179242,0.032523401596284036,3143485.0,330.3984970092773,0,5,12,2022,0,ADBE
2022-12-06 00:00:00-05:00,334.0899963378906,334.2200012207031,327.3999938964844,331.1499938964844,2182200,0.0,0.0,-0.008800031349734838,0.031316675110910734,3053560.0,331.97899627685547,0,6,12,2022,1,ADBE
2022-12-07 00:00:00-05:00,327.5299987792969,331.0,325.489990234375,326.67999267578125,2055900,0.0,0.0,-0.013498418550780378,0.031588034487144666,2944825.0,333.2044952392578,0,7,12,2022,2,ADBE
2022-12-08 00:00:00-05:00,325.7099914550781,336.20001220703125,324.3500061035156,332.5799865722656,2065800,0.0,0.0,0.018060469048497563,0.03151466578054227,2909205.0,334.8899948120117,0,8,12,2022,3,ADBE
2022-12-09 00:00:00-05:00,331.5,334.69000244140625,328.5,330.6400146484375,1969200,0.0,0.0,-0.005833098809770343,0.02147648005384041,2732520.0,334.924494934082,0,9,12,2022,4,ADBE
2022-12-12 00:00:00-05:00,334.760009765625,338.2699890136719,332.6499938964844,338.1700134277344,2914700,0.0,0.0,0.02277400933248619,0.020686756813690612,2672750.0,334.7754959106445,0,12,12,2022,0,ADBE
2022-12-13 00:00:00-05:00,353.6300048828125,355.6700134277344,338.7900085449219,342.4599914550781,3428000,0.0,0.0,0.012685861717483427,0.020878742115793592,2670925.0,334.87999572753904,0,13,12,2022,1,ADBE
2022-12-14 00:00:00-05:00,343.8900146484375,345.95001220703125,335.0,339.9200134277344,3236500,0.0,0.0,-0.007416860628161714,0.02060114134138945,2685320.0,334.5779968261719,0,14,12,2022,2,ADBE
2022-12-15 00:00:00-05:00,332.760009765625,334.5,324.5899963378906,328.7099914550781,5498700,0.0,0.0,-0.0329784111844873,0.02134137417412983,2854095.0,334.09299621582034,0,15,12,2022,3,ADBE
2022-12-16 00:00:00-05:00,345.0,354.4700012207031,337.239990234375,338.5400085449219,11940700,0.0,0.0,0.029904832056761865,0.022446849723057567,3314110.0,334.1284973144531,0,16,12,2022,4,ADBE
2022-12-19 00:00:00-05:00,338.0,340.739990234375,326.29998779296875,328.760009765625,4086300,0.0,0.0,-0.02888875327123752,0.02292377610978476,3347340.0,334.02349853515625,0,19,12,2022,0,ADBE
2022-12-20 00:00:00-05:00,327.0,342.5,325.5199890136719,338.2200012207031,3873600,0.0,0.0,0.028774763274347803,0.022775289207914717,3380025.0,334.85999908447263,0,20,12,2022,1,ADBE
2022-12-21 00:00:00-05:00,340.2900085449219,345.2900085449219,336.44000244140625,341.3800048828125,2583000,0.0,0.0,0.009343041957022846,0.021981602789954213,3380485.0,335.38499908447267,0,21,12,2022,2,ADBE
2022-12-22 00:00:00-05:00,336.010009765625,339.8800048828125,330.94000244140625,336.5199890136719,2319300,0.0,0.0,-0.014236381157733402,0.02203564880192785,3384410.0,335.42199859619143,0,22,12,2022,3,ADBE
2022-12-23 00:00:00-05:00,335.0,338.9200134277344,333.2900085449219,338.45001220703125,1629800,0.0,0.0,0.005735240866422853,0.022037391736395722,3406010.0,335.6294998168945,0,23,12,2022,4,ADBE
2022-12-27 00:00:00-05:00,338.0,338.1600036621094,332.4599914550781,335.0899963378906,1464300,0.0,0.0,-0.009927657698192927,0.021836305400962003,3363485.0,335.9354995727539,0,27,12,2022,1,ADBE
2022-12-28 00:00:00-05:00,335.05999755859375,338.5,327.19000244140625,328.3299865722656,1672100,0.0,0.0,-0.020173714045490287,0.02229488055716861,3327460.0,336.0129989624023,0,28,12,2022,2,ADBE
2022-12-29 00:00:00-05:00,330.75,339.5,329.760009765625,337.5799865722656,1793100,0.0,0.0,0.028172876003709435,0.019387015491018393,3168125.0,335.64549865722654,0,29,12,2022,3,ADBE
2022-12-30 00:00:00-05:00,333.0,336.6400146484375,331.6400146484375,336.5299987792969,1740900,0.0,0.0,-0.003110337800620755,0.019390651731006528,3086910.0,335.2664993286133,0,30,12,2022,4,ADBE
2023-01-03 00:00:00-05:00,340.1600036621094,345.82000732421875,331.9200134277344,336.9200134277344,2229100,0.0,0.0,0.0011589298126533087,0.019332976843730663,3061275.0,335.03600006103517,0,3,1,2023,1,ADBE
2023-01-04 00:00:00-05:00,342.8900146484375,345.6300048828125,336.7300109863281,341.4100036621094,2186800,0.0,0.0,0.01332657620630795,0.01888770400047965,3043500.0,335.4020004272461,0,4,1,2023,2,ADBE
2023-01-05 00:00:00-05:00,337.5299987792969,337.54998779296875,328.1600036621094,328.44000244140625,2081600,0.0,0.0,-0.03798951724197108,0.020742164101294064,3038470.0,335.26650085449216,0,5,1,2023,3,ADBE
2023-01-06 00:00:00-05:00,332.2799987792969,334.8800048828125,322.44000244140625,332.75,2216600,0.0,0.0,0.013122632829606795,0.020698373849017505,3046505.0,335.57000122070315,0,6,1,2023,4,ADBE
2023-01-09 00:00:00-05:00,338.8999938964844,349.4599914550781,338.4200134277344,341.9800109863281,3133800,0.0,0.0,0.027738575466049964,0.0212216567182882,3099905.0,336.0400024414063,0,9,1,2023,0,ADBE
2023-01-10 00:00:00-05:00,337.6499938964844,344.6300048828125,336.79998779296875,338.70001220703125,1670200,0.0,0.0,-0.009591200286346524,0.02130748574775826,3084955.0,336.44300231933596,0,10,1,2023,1,ADBE
2023-01-11 00:00:00-05:00,337.3900146484375,343.19000244140625,333.4700012207031,342.92999267578125,2344400,0.0,0.0,0.012488870139645725,0.02088493816516154,3056440.0,336.6810012817383,0,11,1,2023,2,ADBE
2023-01-12 00:00:00-05:00,344.1700134277344,346.44000244140625,337.3699951171875,344.5400085449219,2121800,0.0,0.0,0.004694882056183403,0.020723550517007132,2991130.0,336.78500213623045,0,12,1,2023,3,ADBE
2023-01-13 00:00:00-05:00,340.25,344.6499938964844,335.5,344.3800048828125,2581900,0.0,0.0,-0.0004643979164715706,0.02064178025915909,2958400.0,337.00800170898435,0,13,1,2023,4,ADBE
2023-01-17 00:00:00-05:00,344.3800048828125,350.7900085449219,341.9700012207031,344.3800048828125,2512700,0.0,0.0,0.0,0.019052874464868055,2809100.0,337.79150238037107,0,17,1,2023,1,ADBE
2023-01-18 00:00:00-05:00,345.010009765625,349.239990234375,338.3999938964844,341.30999755859375,2079800,0.0,0.0,-0.008914592254748999,0.018066335195908376,2316055.0,337.9300018310547,0,18,1,2023,2,ADBE
2023-01-19 00:00:00-05:00,340.55999755859375,346.7300109863281,340.010009765625,342.5299987792969,2467000,0.0,0.0,0.0035744667001549324,0.01668662801947501,2235090.0,338.6185012817383,0,19,1,2023,3,ADBE
2023-01-20 00:00:00-05:00,343.2699890136719,357.4200134277344,342.760009765625,356.3800048828125,3149400,0.0,0.0,0.040434432466861514,0.017829022516108992,2198880.0,339.52650146484376,0,20,1,2023,4,ADBE
2023-01-23 00:00:00-05:00,358.2799987792969,365.8699951171875,356.8500061035156,364.9800109863281,3187100,0.0,0.0,0.024131561775873278,0.018413108608970743,2229085.0,340.70650177001954,0,23,1,2023,0,ADBE
2023-01-24 00:00:00-05:00,364.1000061035156,364.45001220703125,358.0,361.32000732421875,2466400,0.0,0.0,-0.010027956468680377,0.018222712237379795,2236440.0,341.9465026855469,0,24,1,2023,1,ADBE
2023-01-25 00:00:00-05:00,355.6700134277344,359.7300109863281,350.57000732421875,358.1700134277344,2239100,0.0,0.0,-0.008718016806796514,0.018424020984228958,2266905.0,342.93250274658203,0,25,1,2023,2,ADBE
2023-01-26 00:00:00-05:00,362.760009765625,367.42999267578125,360.7200012207031,365.82000732421875,2350500,0.0,0.0,0.021358554903222915,0.01859633171381179,2311215.0,344.46900329589846,0,26,1,2023,3,ADBE
2023-01-27 00:00:00-05:00,363.489990234375,373.4200134277344,362.8500061035156,370.7099914550781,2615600,0.0,0.0,0.013367186137868803,0.01774106963150013,2358390.0,346.58800354003904,0,27,1,2023,4,ADBE
2023-01-30 00:00:00-05:00,365.8999938964844,368.70001220703125,362.8299865722656,363.4200134277344,2663600,0.0,0.0,-0.019664908406514137,0.01785251524070145,2401915.0,347.8800048828125,0,30,1,2023,0,ADBE
2023-01-31 00:00:00-05:00,364.7099914550781,370.70001220703125,364.010009765625,370.3399963378906,2572400,0.0,0.0,0.019041281862514303,0.018083889870694946,2443490.0,349.5705047607422,0,31,1,2023,1,ADBE
2023-02-01 00:00:00-05:00,370.010009765625,386.7200012207031,366.79998779296875,383.9200134277344,3362000,0.0,0.0,0.03666905336752668,0.019387941008211056,2500135.0,351.9205047607422,0,1,2,2023,2,ADBE
2023-02-02 00:00:00-05:00,393.2799987792969,402.489990234375,388.8800048828125,392.2300109863281,4020000,0.0,0.0,0.021645127286801236,0.019624713063353207,2591795.0,354.4615051269531,0,2,2,2023,3,ADBE
2023-02-03 00:00:00-05:00,384.2900085449219,386.7200012207031,377.9200134277344,379.3299865722656,2695400,0.0,0.0,-0.03288892754948358,0.019031483366203063,2622485.0,357.0060043334961,0,3,2,2023,4,ADBE
2023-02-06 00:00:00-05:00,376.2099914550781,379.2900085449219,373.3900146484375,375.2300109863281,2369600,0.0,0.0,-0.010808466852267773,0.01940144678440146,2630135.0,359.1300048828125,0,6,2,2023,0,ADBE
2023-02-07 00:00:00-05:00,373.42999267578125,384.94000244140625,372.760009765625,383.82000732421875,2476200,0.0,0.0,0.022892615426231444,0.01914693513046095,2597255.0,361.22200469970704,0,7,2,2023,1,ADBE
2023-02-08 00:00:00-05:00,382.489990234375,387.2799987792969,375.70001220703125,378.3599853515625,2668100,0.0,0.0,-0.014225475140601684,0.01937177299615186,2647150.0,363.2050033569336,0,8,2,2023,2,ADBE
2023-02-09 00:00:00-05:00,384.9700012207031,386.510009765625,374.0199890136719,375.80999755859375,2265200,0.0,0.0,-0.006739581064840627,0.01949539671334452,2643190.0,364.84900360107423,0,9,2,2023,3,ADBE
2023-02-10 00:00:00-05:00,371.6300048828125,374.5199890136719,367.0799865722656,370.989990234375,1846300,0.0,0.0,-0.012825649545066264,0.019888526891785704,2629415.0,366.1715026855469,0,10,2,2023,4,ADBE
2023-02-13 00:00:00-05:00,373.4100036621094,376.30999755859375,371.0299987792969,375.0,1877300,0.0,0.0,0.010808943290064654,0.019918296520588588,2594185.0,367.70250244140624,0,13,2,2023,0,ADBE
2023-02-14 00:00:00-05:00,375.0,380.55999755859375,369.9599914550781,377.8999938964844,2479700,0.0,0.0,0.007733317057291744,0.019902307265709736,2592535.0,369.37850189208984,0,14,2,2023,1,ADBE
2023-02-15 00:00:00-05:00,375.6000061035156,381.6700134277344,374.8399963378906,375.94000244140625,2088200,0.0,0.0,-0.005186534762461559,0.019783787232625267,2592955.0,371.1100021362305,0,15,2,2023,2,ADBE
2023-02-16 00:00:00-05:00,366.0400085449219,373.489990234375,363.54998779296875,365.1600036621094,2917000,0.0,0.0,-0.02867478509679755,0.02117392426987264,2615455.0,372.2415023803711,0,16,2,2023,3,ADBE
2023-02-17 00:00:00-05:00,359.30999755859375,359.6099853515625,352.1199951171875,356.8500061035156,2985700,0.0,0.0,-0.022757140637678308,0.02004388305496045,2607270.0,372.26500244140624,0,17,2,2023,4,ADBE
2023-02-21 00:00:00-05:00,350.7799987792969,353.25,345.69000244140625,346.70001220703125,3002700,0.0,0.0,-0.028443305934931273,0.020194896705175536,2598050.0,371.3510025024414,0,21,2,2023,1,ADBE
2023-02-22 00:00:00-05:00,346.69000244140625,353.1700134277344,344.45001220703125,348.7200012207031,2599300,0.0,0.0,0.005826330956301362,0.020189733774105167,2604695.0,370.72100219726565,0,22,2,2023,2,ADBE
2023-02-23 00:00:00-05:00,350.44000244140625,353.79998779296875,343.92999267578125,347.0199890136719,3154500,0.0,0.0,-0.004875006311884311,0.02013643633513207,2650465.0,370.1635009765625,0,23,2,2023,3,ADBE
2023-02-24 00:00:00-05:00,328.1199951171875,329.760009765625,318.6000061035156,320.5400085449219,8444500,0.0,0.0,-0.07630678723728146,0.0254668635134936,2955165.0,367.89950103759764,0,24,2,2023,4,ADBE
2023-02-27 00:00:00-05:00,322.0199890136719,325.1000061035156,320.70001220703125,322.32000732421875,3500600,0.0,0.0,0.005553125138347381,0.02520835899803747,2999415.0,365.48000183105466,0,27,2,2023,0,ADBE
2023-02-28 00:00:00-05:00,323.3699951171875,325.7300109863281,320.9700012207031,323.95001220703125,2714200,0.0,0.0,0.00505710115963387,0.0251432067044482,3001945.0,363.50650177001955,0,28,2,2023,1,ADBE
2023-03-01 00:00:00-05:00,323.79998779296875,325.260009765625,321.0,323.3800048828125,2377700,0.0,0.0,-0.0017595533345881043,0.024499869953858416,2992210.0,361.15850219726565,0,1,3,2023,2,ADBE
2023-03-02 00:00:00-05:00,323.3800048828125,334.4599914550781,321.55999755859375,333.5,3845800,0.0,0.0,0.031294436775257006,0.02402675055037581,3016400.0,358.6375015258789,0,2,3,2023,3,ADBE
2023-03-03 00:00:00-05:00,334.69000244140625,344.760009765625,334.4800109863281,344.0400085449219,3725500,0.0,0.0,0.03160422352300407,0.024738522752060246,3001675.0,356.2280014038086,0,3,3,2023,4,ADBE
2023-03-06 00:00:00-05:00,344.3299865722656,351.7799987792969,344.2799987792969,347.0199890136719,3060300,0.0,0.0,0.008661726528125246,0.024119375451706237,3019920.0,354.6125015258789,0,6,3,2023,0,ADBE
2023-03-07 00:00:00-05:00,347.8599853515625,352.1700134277344,344.05999755859375,344.79998779296875,2252800,0.0,0.0,-0.0063973295227545135,0.024075493949005072,3014080.0,353.09100036621095,0,7,3,2023,1,ADBE
2023-03-08 00:00:00-05:00,346.739990234375,348.69000244140625,343.4700012207031,345.8399963378906,2518900,0.0,0.0,0.0030162661883454955,0.023307652384921308,3016215.0,351.1919998168945,0,8,3,2023,2,ADBE
2023-03-09 00:00:00-05:00,344.7200012207031,350.1300048828125,336.989990234375,338.3699951171875,3798300,0.0,0.0,-0.02159958738087897,0.023519768430749405,3072725.0,349.19250030517577,0,9,3,2023,3,ADBE
2023-03-10 00:00:00-05:00,338.3399963378906,338.5199890136719,328.45001220703125,329.29998779296875,4148200,0.0,0.0,-0.02680499883294185,0.024007293322596605,3166875.0,346.8669998168945,0,10,3,2023,4,ADBE
2023-03-13 00:00:00-04:00,329.4200134277344,333.0,323.2900085449219,324.2699890136719,4203500,0.0,0.0,-0.015274822246453379,0.02404852278115361,3284735.0,344.5309997558594,0,13,3,2023,0,ADBE
2023-03-14 00:00:00-04:00,332.2099914550781,335.1700134277344,328.70001220703125,333.3299865722656,3850900,0.0,0.0,0.02793967331405356,0.02498166501566692,3383415.0,342.44749908447267,0,14,3,2023,1,ADBE
2023-03-15 00:00:00-04:00,330.0,334.2799987792969,328.1700134277344,333.6099853515625,4627100,0.0,0.0,0.0008400047717764814,0.024835592622896065,3490785.0,340.2329986572266,0,15,3,2023,2,ADBE
2023-03-16 00:00:00-04:00,344.57000732421875,355.489990234375,340.5299987792969,353.2900085449219,6946600,0.0,0.0,0.058991109551533194,0.028769114271121107,3733705.0,339.10049896240236,0,16,3,2023,3,ADBE
2023-03-17 00:00:00-04:00,354.7799987792969,360.6300048828125,350.8399963378906,358.1400146484375,6725400,0.0,0.0,0.013728115673271146,0.02831340908819727,3924125.0,338.74949951171874,0,17,3,2023,4,ADBE
2023-03-20 00:00:00-04:00,357.6099853515625,364.94000244140625,355.3500061035156,362.8800048828125,3946800,0.0,0.0,0.013235019937741122,0.02797176583859885,3972180.0,339.0509994506836,0,20,3,2023,0,ADBE
2023-03-21 00:00:00-04:00,364.6300048828125,376.3999938964844,362.9200134277344,374.2200012207031,4479200,0.0,0.0,0.031249989487717178,0.02782499833221136,4046005.0,340.4269989013672,0,21,3,2023,1,ADBE
2023-03-22 00:00:00-04:00,375.0,377.3299865722656,361.5199890136719,361.7099914550781,3878400,0.0,0.0,-0.033429559416432664,0.029061265020240968,4109960.0,341.0764984130859,0,22,3,2023,2,ADBE
2023-03-23 00:00:00-04:00,368.989990234375,375.25,365.489990234375,369.0,3138600,0.0,0.0,0.020154291330454654,0.02927703694628869,4109165.0,342.17549896240234,0,23,3,2023,3,ADBE
2023-03-24 00:00:00-04:00,370.2300109863281,375.2300109863281,367.7200012207031,374.9599914550781,2993400,0.0,0.0,0.016151738360645318,0.022538336993961242,3836610.0,344.89649810791013,0,24,3,2023,4,ADBE
2023-03-27 00:00:00-04:00,376.510009765625,380.3500061035156,369.67999267578125,373.1499938964844,2832200,0.0,0.0,-0.004827175164928477,0.02271912341169184,3803190.0,347.43799743652346,0,27,3,2023,0,ADBE
2023-03-28 00:00:00-04:00,373.4200134277344,374.0,367.82000732421875,373.3999938964844,1780800,0.0,0.0,0.0006699718721403514,0.02276601244068301,3756520.0,349.9104965209961,0,28,3,2023,1,ADBE
2023-03-29 00:00:00-04:00,376.67999267578125,380.1199951171875,375.55999755859375,379.1600036621094,2497600,0.0,0.0,0.015425843223826563,0.022727494677619375,3762515.0,352.6994964599609,0,29,3,2023,2,ADBE
2023-03-30 00:00:00-04:00,381.6499938964844,382.5799865722656,378.0799865722656,381.8999938964844,2139000,0.0,0.0,0.007226474859982179,0.022069729685365073,3677175.0,355.11949615478517,0,30,3,2023,3,ADBE
2023-03-31 00:00:00-04:00,382.2900085449219,385.7300109863281,380.260009765625,385.3699951171875,3063400,0.0,0.0,0.00908615154794612,0.021311327163690875,3644070.0,357.1859954833984,0,31,3,2023,4,ADBE
2023-04-03 00:00:00-04:00,380.8800048828125,383.7300109863281,378.1499938964844,380.0799865722656,2712600,0.0,0.0,-0.013727089840798956,0.021742402506726984,3626685.0,358.8389953613281,0,3,4,2023,0,ADBE
2023-04-04 00:00:00-04:00,382.239990234375,385.70001220703125,381.04998779296875,385.1499938964844,2569800,0.0,0.0,0.013339316731571182,0.02165598855416022,3642535.0,360.8564956665039,0,4,4,2023,1,ADBE
2023-04-05 00:00:00-04:00,384.0899963378906,386.0,377.260009765625,382.0199890136719,2277200,0.0,0.0,-0.008126716688080071,0.021872804577003104,3630450.0,362.66549530029295,0,5,4,2023,2,ADBE
2023-04-06 00:00:00-04:00,379.30999755859375,382.4599914550781,375.989990234375,380.6000061035156,1835900,0.0,0.0,-0.0037170382466699126,0.02106985298106989,3532330.0,364.77699584960936,0,6,4,2023,3,ADBE
2023-04-10 00:00:00-04:00,375.4800109863281,376.6700134277344,372.260009765625,376.25,1689700,0.0,0.0,-0.011429337976238796,0.020062210138749318,3409405.0,367.12449645996094,0,10,4,2023,0,ADBE
2023-04-11 00:00:00-04:00,374.010009765625,375.8999938964844,368.3500061035156,371.1099853515625,2161100,0.0,0.0,-0.013661168500830545,0.019971481868809395,3307285.0,369.4664962768555,0,11,4,2023,1,ADBE
2023-04-12 00:00:00-04:00,376.4200134277344,378.2300109863281,368.75,369.8900146484375,1978200,0.0,0.0,-0.0032873561781672223,0.019458722711108413,3213650.0,371.29449768066405,0,12,4,2023,2,ADBE
2023-04-13 00:00:00-04:00,373.20001220703125,379.0199890136719,372.7300109863281,378.79998779296875,2434800,0.0,0.0,0.02408816889258225,0.019862522053391594,3104035.0,373.5539978027344,0,13,4,2023,3,ADBE
2023-04-14 00:00:00-04:00,376.3699951171875,380.57000732421875,375.1400146484375,379.3800048828125,1525500,0.0,0.0,0.0015311961682553665,0.015571094927993544,2832980.0,374.8584976196289,0,14,4,2023,4,ADBE
2023-04-17 00:00:00-04:00,379.6099853515625,380.760009765625,374.6199951171875,377.9200134277344,1614300,0.0,0.0,-0.0038483616328939263,0.015470052566482017,2577425.0,375.8474975585938,0,17,4,2023,0,ADBE
2023-04-18 00:00:00-04:00,380.8999938964844,380.8999938964844,374.489990234375,377.54998779296875,1586700,0.0,0.0,-0.000979110980150244,0.015291150350026397,2459420.0,376.58099670410155,0,18,4,2023,1,ADBE
2023-04-19 00:00:00-04:00,377.8999938964844,382.8399963378906,375.6000061035156,380.1099853515625,1775200,0.0,0.0,0.0067805526191608845,0.013735366785474927,2324220.0,376.87549591064453,0,19,4,2023,2,ADBE
2023-04-20 00:00:00-04:00,376.0400085449219,383.0,375.6700134277344,380.260009765625,1947900,0.0,0.0,0.0003946868533952763,0.011123795155600478,2227695.0,377.80299682617186,0,20,4,2023,3,ADBE
2023-04-21 00:00:00-04:00,379.9700012207031,380.44000244140625,375.44000244140625,377.6700134277344,1841600,0.0,0.0,-0.006811119421910816,0.010495766370443815,2162845.0,378.2364974975586,0,21,4,2023,4,ADBE
2023-04-24 00:00:00-04:00,376.5899963378906,378.95001220703125,373.57000732421875,377.3399963378906,1531100,0.0,0.0,-0.0008738239153500693,0.009893618302721148,2089730.0,378.3554977416992,0,24,4,2023,0,ADBE
2023-04-25 00:00:00-04:00,373.6300048828125,375.2300109863281,368.8800048828125,369.5899963378906,2413100,0.0,0.0,-0.020538506586140537,0.010899959961199033,2068775.0,378.17749786376953,0,25,4,2023,1,ADBE
2023-04-26 00:00:00-04:00,368.6000061035156,369.45001220703125,357.25,363.05999755859375,2803200,0.0,0.0,-0.017668223826401763,0.011554828367988377,2119895.0,377.660498046875,0,26,4,2023,2,ADBE
2023-04-27 00:00:00-04:00,365.94000244140625,373.82000732421875,363.5,371.4200134277344,2338800,0.0,0.0,0.023026540862000067,0.012239947431709182,2111955.0,377.27349853515625,0,27,4,2023,3,ADBE
2023-04-28 00:00:00-04:00,371.4200134277344,377.69000244140625,368.55999755859375,377.55999755859375,2061200,0.0,0.0,0.016531107395627798,0.01273432315213244,2108065.0,377.0564987182617,0,28,4,2023,4,ADBE
2023-05-01 00:00:00-04:00,376.510009765625,378.7200012207031,373.7099914550781,374.1499938964844,1868000,0.0,0.0,-0.009031686842248643,0.012661126515004135,2048295.0,376.49549865722656,0,1,5,2023,0,ADBE
2023-05-02 00:00:00-04:00,374.3599853515625,375.8500061035156,367.8399963378906,368.6600036621094,2287600,0.0,0.0,-0.014673233526482199,0.012711276466358373,2027045.0,375.92449951171875,0,2,5,2023,1,ADBE
2023-05-03 00:00:00-04:00,363.489990234375,365.9599914550781,344.239990234375,345.25,6700800,0.0,0.0,-0.06350025343016463,0.018362721250605042,2233595.0,373.9294998168945,0,3,5,2023,2,ADBE
2023-05-04 00:00:00-04:00,347.9700012207031,348.0,332.8399963378906,335.8299865722656,6614900,0.0,0.0,-0.02728461528670345,0.019006893607064555,2450480.0,371.61999969482423,0,4,5,2023,3,ADBE
2023-05-05 00:00:00-04:00,338.9800109863281,349.54998779296875,338.0299987792969,348.3999938964844,4260100,0.0,0.0,0.03742967521309737,0.021374633760512646,2571690.0,370.00999908447267,0,5,5,2023,4,ADBE
2023-05-08 00:00:00-04:00,348.0,350.4800109863281,340.760009765625,344.05999755859375,3135900,0.0,0.0,-0.012456935746044007,0.021394176917428936,2644000.0,368.40049896240237,0,8,5,2023,0,ADBE
2023-05-09 00:00:00-04:00,342.5,345.0,341.2300109863281,342.6499938964844,1879400,0.0,0.0,-0.004098133093398237,0.02127912924939553,2629915.0,366.9774993896484,0,9,5,2023,1,ADBE
2023-05-10 00:00:00-04:00,348.25,352.0,341.8299865722656,344.0199890136719,3386300,0.0,0.0,0.0039982347631424275,0.02134995242072624,2700320.0,365.68399810791016,0,10,5,2023,2,ADBE
2023-05-11 00:00:00-04:00,341.8800048828125,344.6600036621094,339.3699951171875,341.5799865722656,2183400,0.0,0.0,-0.007092618217917845,0.020352244423473557,2687750.0,363.822998046875,0,11,5,2023,3,ADBE
2023-05-12 00:00:00-04:00,340.510009765625,340.7900085449219,331.8900146484375,335.45001220703125,4278400,0.0,0.0,-0.01794594123253035,0.020490900675817398,2825395.0,361.6264984130859,0,12,5,2023,4,ADBE
2023-05-15 00:00:00-04:00,337.3500061035156,345.8900146484375,333.010009765625,345.6700134277344,3330500,0.0,0.0,0.030466540017281663,0.02205174035681218,2911205.0,360.0139984130859,0,15,5,2023,0,ADBE
2023-05-16 00:00:00-04:00,344.20001220703125,347.07000732421875,341.1700134277344,345.1099853515625,2558300,0.0,0.0,-0.0016201233963528683,0.022047253012413538,2959785.0,358.3919982910156,0,16,5,2023,1,ADBE
2023-05-17 00:00:00-04:00,345.3599853515625,358.69000244140625,345.1199951171875,356.6300048828125,3560600,0.0,0.0,0.0333807192495883,0.02350193720026675,3049055.0,357.21799926757814,0,17,5,2023,2,ADBE
2023-05-18 00:00:00-04:00,357.0,361.4800109863281,356.45001220703125,360.42999267578125,2896400,0.0,0.0,0.010655266637526584,0.023689308714857516,3096480.0,356.22649841308595,0,18,5,2023,3,ADBE
2023-05-19 00:00:00-04:00,363.0,372.0799865722656,361.3599853515625,371.25,3855500,0.0,0.0,0.030019719624031715,0.024737179434655424,3197175.0,355.9054977416992,0,19,5,2023,4,ADBE
2023-05-22 00:00:00-04:00,371.25,374.3999938964844,369.6600036621094,372.04998779296875,2627100,0.0,0.0,0.0021548492739897895,0.02474445101589607,3251975.0,355.6409973144531,0,22,5,2023,0,ADBE
2023-05-23 00:00:00-04:00,371.80999755859375,376.489990234375,369.9200134277344,370.4200134277344,2967700,0.0,0.0,-0.004381062810681735,0.02431277075858304,3279705.0,355.6824981689453,0,23,5,2023,1,ADBE
2023-05-24 00:00:00-04:00,368.4100036621094,369.05999755859375,361.7200012207031,365.760009765625,2666600,0.0,0.0,-0.01258032366822559,0.02413981778475167,3272875.0,355.8174987792969,0,24,5,2023,2,ADBE
2023-05-25 00:00:00-04:00,375.489990234375,397.6499938964844,374.0899963378906,392.05999755859375,7030000,0.0,0.0,0.0719050390714433,0.02858874640549985,3507435.0,356.84949798583983,0,25,5,2023,3,ADBE
2023-05-26 00:00:00-04:00,396.7200012207031,416.3599853515625,396.57000732421875,415.3900146484375,7833600,0.0,0.0,0.059506241991334585,0.03115197916227148,3796055.0,358.74099884033205,0,26,5,2023,4,ADBE
2023-05-30 00:00:00-04:00,429.94000244140625,432.989990234375,416.0799865722656,417.2099914550781,5332300,0.0,0.0,0.00438136869558825,0.030972366393875638,3969270.0,360.89399871826174,0,30,5,2023,1,ADBE
2023-05-31 00:00:00-04:00,413.8999938964844,421.3599853515625,410.70001220703125,417.7900085449219,5158500,0.0,0.0,0.0013902281865803001,0.03061665847217445,4112815.0,363.35049896240236,0,31,5,2023,2,ADBE
2023-06-01 00:00:00-04:00,412.2900085449219,430.6000061035156,412.2900085449219,426.75,4443100,0.0,0.0,0.02144616020446244,0.02589046721132654,3999930.0,367.42549896240234,0,1,6,2023,3,ADBE
2023-06-02 00:00:00-04:00,432.0,438.5299987792969,430.3599853515625,436.3699951171875,4332200,0.0,0.0,0.022542460731546532,0.024368881489784746,3885795.0,372.45249938964844,0,2,6,2023,4,ADBE
2023-06-05 00:00:00-04:00,433.010009765625,440.3800048828125,426.9599914550781,434.17999267578125,3447400,0.0,0.0,-0.005018682461928048,0.024016890822880787,3845160.0,376.74149932861326,0,5,6,2023,0,ADBE
2023-06-06 00:00:00-04:00,432.54998779296875,437.1199951171875,431.239990234375,432.8900146484375,2342000,0.0,0.0,-0.002971067412373851,0.023612622294342578,3805465.0,381.1830001831055,0,6,6,2023,1,ADBE
2023-06-07 00:00:00-04:00,434.55999755859375,436.80999755859375,417.739990234375,418.32000732421875,4773000,0.0,0.0,-0.033657526926444525,0.025509463094893502,3950145.0,384.9665008544922,0,7,6,2023,2,ADBE
2023-06-08 00:00:00-04:00,424.1499938964844,440.6300048828125,423.5799865722656,439.0299987792969,6062800,0.0,0.0,0.0495075327320571,0.026906512442746226,4083970.0,389.7170013427734,0,8,6,2023,3,ADBE
2023-06-09 00:00:00-04:00,456.9100036621094,466.5899963378906,453.0899963378906,454.0,7928300,0.0,0.0,0.034097900513237134,0.02689591018285433,4371215.0,395.33800201416017,0,9,6,2023,4,ADBE
2023-06-12 00:00:00-04:00,463.7099914550781,478.0400085449219,459.4200134277344,474.6300048828125,6913700,0.0,0.0,0.045440539389454804,0.026583838544363934,4502980.0,402.29700164794923,0,12,6,2023,0,ADBE
2023-06-13 00:00:00-04:00,489.7099914550781,491.510009765625,470.3599853515625,478.989990234375,7412500,0.0,0.0,0.009186071901710058,0.026477240851104165,4707080.0,408.96300048828124,0,13,6,2023,1,ADBE
2023-06-14 00:00:00-04:00,476.1499938964844,483.8500061035156,473.20001220703125,479.5299987792969,5150100,0.0,0.0,0.0011273900414028315,0.026383769513030078,4836670.0,415.68400115966796,0,14,6,2023,2,ADBE
2023-06-15 00:00:00-04:00,475.4700012207031,495.20001220703125,474.25,490.9100036621094,9682200,0.0,0.0,0.02373158073901882,0.02615388855054798,5142750.0,422.3980010986328,0,15,6,2023,3,ADBE
2023-06-16 00:00:00-04:00,518.22998046875,518.739990234375,494.6199951171875,495.17999267578125,13335800,0.0,0.0,0.00869810959609385,0.026180257865536478,5664720.0,429.1355010986328,0,16,6,2023,4,ADBE
2023-06-20 00:00:00-04:00,485.6300048828125,492.69000244140625,480.0,485.8599853515625,5331200,0.0,0.0,-0.01882145373817845,0.027097578609046307,5738505.0,434.8660003662109,0,20,6,2023,1,ADBE
2023-06-21 00:00:00-04:00,492.0,495.54998779296875,475.30999755859375,477.4800109863281,5258700,0.0,0.0,-0.01724771460479657,0.027875753148506897,5870085.0,440.1375015258789,0,21,6,2023,2,ADBE
2023-06-22 00:00:00-04:00,474.1199951171875,481.0,473.0199890136719,477.5799865722656,3601400,0.0,0.0,0.00020938171994044907,0.027744442682577527,5901770.0,445.4955001831055,0,22,6,2023,3,ADBE
2023-06-23 00:00:00-04:00,472.95001220703125,487.3299865722656,472.32000732421875,484.7200012207031,4450200,0.0,0.0,0.01495040589888097,0.027075889192748417,5990950.0,451.44349975585936,0,23,6,2023,4,ADBE
2023-06-26 00:00:00-04:00,483.010009765625,487.1600036621094,479.04998779296875,479.510009765625,3169500,0.0,0.0,-0.010748455689794989,0.02398780024631515,5797925.0,455.8160003662109,0,26,6,2023,0,ADBE
2023-06-27 00:00:00-04:00,480.0,490.79998779296875,479.95001220703125,489.2699890136719,2691700,0.0,0.0,0.02035406779686899,0.021204413046358943,5540830.0,459.50999908447267,0,27,6,2023,1,ADBE
2023-06-28 00:00:00-04:00,482.0,489.75,480.3900146484375,482.42999267578125,3229200,0.0,0.0,-0.013980003865921797,0.02177863783319424,5435675.0,462.7709991455078,0,28,6,2023,2,ADBE
2023-06-29 00:00:00-04:00,484.4700012207031,485.8299865722656,479.6000061035156,483.7699890136719,1905400,0.0,0.0,0.002777597492349848,0.02176031505608218,5273020.0,466.0699981689453,0,29,6,2023,3,ADBE
2023-06-30 00:00:00-04:00,482.739990234375,492.80999755859375,482.7200012207031,488.989990234375,3095900,0.0,0.0,0.010790254334184457,0.021532226423808257,5205660.0,469.18199768066404,0,30,6,2023,4,ADBE
2023-07-03 00:00:00-04:00,486.3900146484375,486.6099853515625,479.8399963378906,485.2099914550781,1491000,0.0,0.0,-0.007730217089893965,0.021449597897981225,5063600.0,471.6239974975586,0,3,7,2023,0,ADBE
2023-07-05 00:00:00-04:00,480.989990234375,489.4100036621094,479.7300109863281,487.260009765625,2190000,0.0,0.0,0.004225012564970321,0.02130935953692984,5000730.0,474.27799835205076,0,5,7,2023,2,ADBE
2023-07-06 00:00:00-04:00,479.989990234375,482.5,475.0,481.2900085449219,2100900,0.0,0.0,-0.012252187951099724,0.02161381915347768,4988675.0,476.697998046875,0,6,7,2023,3,ADBE
2023-07-07 00:00:00-04:00,481.9800109863281,490.4200134277344,479.8599853515625,485.2699890136719,2324500,0.0,0.0,0.008269401811981547,0.019547096576834993,4866250.0,480.04549713134764,0,7,7,2023,4,ADBE
2023-07-10 00:00:00-04:00,485.2699890136719,499.20001220703125,485.1099853515625,496.3500061035156,3352600,0.0,0.0,0.022832685599132763,0.017322738012592504,4730740.0,482.91149749755857,0,10,7,2023,0,ADBE
2023-07-11 00:00:00-04:00,497.2799987792969,506.0299987792969,491.760009765625,504.739990234375,2844200,0.0,0.0,0.016903362602376237,0.016264651841387943,4476535.0,485.44849700927733,0,11,7,2023,1,ADBE
2023-07-12 00:00:00-04:00,509.4100036621094,510.7900085449219,500.010009765625,507.3599853515625,3027400,0.0,0.0,0.005190781725004312,0.013268318244197637,4282220.0,487.08499603271486,0,12,7,2023,2,ADBE
2023-07-13 00:00:00-04:00,509.6199951171875,519.4099731445312,509.5,517.280029296875,3049400,0.0,0.0,0.019552278917776,0.01370070790837335,4064065.0,488.99949798583987,0,13,7,2023,3,ADBE
2023-07-14 00:00:00-04:00,517.3400268554688,523.7899780273438,512.6699829101562,514.8300170898438,2300400,0.0,0.0,-0.00473633635221038,0.013826264759611908,3921580.0,490.7644989013672,0,14,7,2023,4,ADBE
2023-07-17 00:00:00-04:00,513.0,522.6900024414062,512.3800048828125,522.0,2645600,0.0,0.0,0.013926893677811636,0.013238010617079311,3569750.0,492.3189987182617,0,17,7,2023,0,ADBE
2023-07-18 00:00:00-04:00,519.6400146484375,535.1300048828125,517.3800048828125,532.22998046875,4094600,0.0,0.0,0.01959766373323757,0.013694561118028014,3107690.0,494.17149810791017,0,18,7,2023,1,ADBE
2023-07-19 00:00:00-04:00,534.47998046875,539.0,526.0599975585938,527.1699829101562,3383200,0.0,0.0,-0.009507163715462341,0.013030521872613067,3010290.0,496.2369979858398,0,19,7,2023,2,ADBE
2023-07-20 00:00:00-04:00,522.030029296875,528.3099975585938,514.0900268554688,516.8800048828125,3264500,0.0,0.0,-0.019519279095785436,0.01323531139448342,2910580.0,498.2069976806641,0,20,7,2023,3,ADBE
2023-07-21 00:00:00-04:00,521.75,529.6900024414062,519.280029296875,520.22998046875,8098000,0.0,0.0,0.006481147566729684,0.01321367452130165,3135410.0,500.3394973754883,0,21,7,2023,4,ADBE
2023-07-24 00:00:00-04:00,520.0,524.8400268554688,514.8599853515625,523.8599853515625,2260500,0.0,0.0,0.006977692595766305,0.01299611671718379,3025925.0,502.29649658203124,0,24,7,2023,0,ADBE
2023-07-25 00:00:00-04:00,519.4199829101562,526.8800048828125,517.9199829101562,525.3400268554688,2472100,0.0,0.0,0.002825261606711482,0.0125331982078845,2991055.0,504.58799743652344,0,25,7,2023,1,ADBE
2023-07-26 00:00:00-04:00,520.489990234375,521.0999755859375,510.44000244140625,514.5499877929688,2918700,0.0,0.0,-0.020539152759948665,0.013156380798191451,3002405.0,505.8519973754883,0,26,7,2023,2,ADBE
2023-07-27 00:00:00-04:00,523.1599731445312,527.9000244140625,511.239990234375,513.969970703125,2477200,0.0,0.0,-0.0011272317629071882,0.012606060905574631,2964805.0,507.42899627685546,0,27,7,2023,3,ADBE
2023-07-28 00:00:00-04:00,515.4299926757812,530.3200073242188,514.6300048828125,528.8699951171875,2810000,0.0,0.0,0.028990068026112148,0.013855413560954337,3010035.0,509.6839965820312,0,28,7,2023,4,ADBE
2023-07-31 00:00:00-04:00,541.8699951171875,552.9400024414062,541.8699951171875,546.1699829101562,4059800,0.0,0.0,0.03271122951328587,0.015178298156031549,3058230.0,512.5429962158203,0,31,7,2023,0,ADBE
2023-08-01 00:00:00-04:00,545.780029296875,552.02001953125,541.6699829101562,549.0999755859375,2274000,0.0,0.0,0.005364616817953527,0.014849450277347355,3097380.0,515.7374954223633,0,1,8,2023,1,ADBE
2023-08-02 00:00:00-04:00,539.3200073242188,539.989990234375,526.5,530.2999877929688,2971000,0.0,0.0,-0.034237823035609405,0.01740432294115022,3136430.0,517.8894943237304,0,2,8,2023,2,ADBE
2023-08-03 00:00:00-04:00,523.0,530.9099731445312,522.219970703125,523.760009765625,2183700,0.0,0.0,-0.012332600750307732,0.017408377511099617,3140570.0,520.0129943847656,0,3,8,2023,3,ADBE
2023-08-04 00:00:00-04:00,526.739990234375,535.6300048828125,522.1199951171875,526.8800048828125,2461900,0.0,0.0,0.005956917403036721,0.017388861861948088,3147440.0,522.0934951782226,0,4,8,2023,4,ADBE
2023-08-07 00:00:00-04:00,530.0,532.5800170898438,523.52001953125,529.72998046875,1777600,0.0,0.0,0.005409154948993411,0.01683740850572473,3068690.0,523.7624938964843,0,7,8,2023,0,ADBE
2023-08-08 00:00:00-04:00,523.989990234375,524.5800170898438,515.25,520.5999755859375,2626100,0.0,0.0,-0.0172352051411806,0.017123825901148693,3057785.0,524.5554931640625,0,8,8,2023,1,ADBE
2023-08-09 00:00:00-04:00,520.5499877929688,520.969970703125,509.5299987792969,513.780029296875,1843800,0.0,0.0,-0.013100166363601229,0.01741287337508251,2998605.0,524.8764953613281,0,9,8,2023,2,ADBE
2023-08-10 00:00:00-04:00,521.030029296875,523.219970703125,512.97998046875,515.8300170898438,1901700,0.0,0.0,0.003990010658402321,0.016868735468725637,2941220.0,524.8039947509766,0,10,8,2023,3,ADBE
2023-08-11 00:00:00-04:00,510.8299865722656,514.9000244140625,506.3699951171875,508.45001220703125,1929900,0.0,0.0,-0.014307048132732314,0.01714352644915735,2922695.0,524.484994506836,0,11,8,2023,4,ADBE
2023-08-14 00:00:00-04:00,506.7799987792969,522.5499877929688,505.0299987792969,522.25,2052500,0.0,0.0,0.027141287170133088,0.017963199983939485,2893040.0,524.4974945068359,0,14,8,2023,0,ADBE
2023-08-15 00:00:00-04:00,518.3499755859375,522.0399780273438,516.0599975585938,518.7000122070312,1824300,0.0,0.0,-0.006797487396780766,0.017422760334287246,2779525.0,523.82099609375,0,15,8,2023,1,ADBE
2023-08-16 00:00:00-04:00,517.8099975585938,523.1500244140625,514.1699829101562,514.489990234375,1541300,0.0,0.0,-0.0081164871285484,0.017390366323824596,2687430.0,523.1869964599609,0,16,8,2023,2,ADBE
2023-08-17 00:00:00-04:00,525.0,525.489990234375,510.55999755859375,511.6700134277344,2455800,0.0,0.0,-0.005481111120074433,0.016882553829998283,2646995.0,522.926496887207,0,17,8,2023,3,ADBE
2023-08-18 00:00:00-04:00,504.6499938964844,510.04998779296875,503.8999938964844,508.1300048828125,2139100,0.0,0.0,-0.006918538221942994,0.016862170868886795,2349050.0,522.3214981079102,0,18,8,2023,4,ADBE
2023-08-21 00:00:00-04:00,510.2900085449219,522.97998046875,510.2900085449219,520.469970703125,2428300,0.0,0.0,0.024285056386619708,0.0177177686999431,2357440.0,522.1519973754882,0,21,8,2023,0,ADBE
2023-08-22 00:00:00-04:00,529.719970703125,530.0,518.3499755859375,519.47998046875,1496600,0.0,0.0,-0.001902108267721192,0.01770715296813908,2308665.0,521.8589950561524,0,22,8,2023,1,ADBE
2023-08-23 00:00:00-04:00,522.72998046875,535.25,519.239990234375,530.7100219726562,2336900,0.0,0.0,0.021617852325652498,0.017694336626320802,2279575.0,522.6669967651367,0,23,8,2023,2,ADBE
2023-08-24 00:00:00-04:00,539.0,539.6699829101562,511.04998779296875,512.4299926757812,2950200,0.0,0.0,-0.0344444772852186,0.019454847740054126,2303225.0,522.5899978637696,0,24,8,2023,3,ADBE
2023-08-25 00:00:00-04:00,514.9199829101562,528.4299926757812,514.469970703125,525.0599975585938,2308300,0.0,0.0,0.024647278776290582,0.019136228819973546,2278140.0,522.3994979858398,0,25,8,2023,4,ADBE
2023-08-28 00:00:00-04:00,525.7000122070312,533.510009765625,523.97998046875,529.9199829101562,1684100,0.0,0.0,0.00925605716329625,0.017677011166768373,2159355.0,521.5869979858398,0,28,8,2023,0,ADBE
2023-08-29 00:00:00-04:00,527.7000122070312,541.969970703125,526.1500244140625,540.5700073242188,2167000,0.0,0.0,0.0200974199077677,0.018269059951021065,2154005.0,521.1604995727539,0,29,8,2023,1,ADBE
2023-08-30 00:00:00-04:00,540.0999755859375,546.0,536.0900268554688,545.3599853515625,1930300,0.0,0.0,0.00886097630731264,0.016557044022681936,2101970.0,521.9134994506836,0,30,8,2023,2,ADBE
2023-08-31 00:00:00-04:00,547.0,562.0999755859375,546.760009765625,559.3400268554688,3919300,0.0,0.0,0.02563452009573841,0.017052948231244782,2188750.0,523.6925003051758,0,31,8,2023,3,ADBE
2023-09-01 00:00:00-04:00,564.7999877929688,569.97998046875,558.52001953125,563.2100219726562,2232300,0.0,0.0,0.006918859604852612,0.017061805565428932,2177270.0,525.509001159668,0,1,9,2023,4,ADBE
2023-09-05 00:00:00-04:00,557.8800048828125,567.5900268554688,555.4199829101562,564.8800048828125,2349700,0.0,0.0,0.0029651157561207953,0.017055995986373876,2205875.0,527.2665023803711,0,5,9,2023,1,ADBE
2023-09-06 00:00:00-04:00,560.4500122070312,564.0599975585938,555.8499755859375,561.9400024414062,2299900,0.0,0.0,-0.005204649511388104,0.016494485711795976,2189565.0,529.3335037231445,0,6,9,2023,2,ADBE
2023-09-07 00:00:00-04:00,554.0,561.8300170898438,551.0800170898438,560.4600219726562,2089400,0.0,0.0,-0.002633698370502313,0.016085795762974812,2201845.0,531.6675033569336,0,7,9,2023,3,ADBE
2023-09-08 00:00:00-04:00,568.9000244140625,570.239990234375,558.030029296875,560.3599853515625,2262000,0.0,0.0,-0.0001784901994287269,0.016119455363170034,2219860.0,533.8940017700195,0,8,9,2023,4,ADBE
2023-09-11 00:00:00-04:00,562.0,565.4299926757812,556.7000122070312,564.5,2083300,0.0,0.0,0.007388133979338463,0.015522300573381104,2227530.0,536.696501159668,0,11,9,2023,0,ADBE
2023-09-12 00:00:00-04:00,555.6300048828125,559.0900268554688,540.3699951171875,542.2100219726562,3961300,0.0,0.0,-0.03948623211221214,0.017610199725763553,2322970.0,537.6945022583008,0,12,9,2023,1,ADBE
2023-09-13 00:00:00-04:00,557.02001953125,559.8499755859375,546.4299926757812,553.5599975585938,3465200,0.0,0.0,0.02093280302094791,0.017967019018352938,2405015.0,539.4375015258789,0,13,9,2023,2,ADBE
2023-09-14 00:00:00-04:00,551.0900268554688,555.1900024414062,544.3400268554688,552.1599731445312,4786900,0.0,0.0,-0.0025291285863088264,0.017821177084330765,2567295.0,541.3210006713867,0,14,9,2023,3,ADBE
2023-09-15 00:00:00-04:00,532.1099853515625,537.6900024414062,523.6199951171875,528.8900146484375,9769000,0.0,0.0,-0.04214350845384929,0.020498756510360913,2932955.0,542.1820007324219,0,15,9,2023,4,ADBE
2023-09-18 00:00:00-04:00,524.22998046875,533.97998046875,522.1799926757812,532.4199829101562,2650700,0.0,0.0,0.006674295532059116,0.020417623665459815,2958535.0,543.3964996337891,0,18,9,2023,0,ADBE
2023-09-19 00:00:00-04:00,531.3499755859375,542.4000244140625,529.469970703125,541.6900024414062,2385800,0.0,0.0,0.01741110369408183,0.020087463045107105,2956410.0,544.4575012207031,0,19,9,2023,1,ADBE
2023-09-20 00:00:00-04:00,541.6900024414062,548.8499755859375,535.72998046875,535.780029296875,2626000,0.0,0.0,-0.010910249622283819,0.020284172073758752,3012880.0,545.2725036621093,0,20,9,2023,2,ADBE
2023-09-21 00:00:00-04:00,519.47998046875,526.2899780273438,513.4000244140625,513.8800048828125,3844600,0.0,0.0,-0.04087502933396525,0.02181695517827169,3088265.0,544.4310028076172,0,21,9,2023,3,ADBE
2023-09-22 00:00:00-04:00,513.0900268554688,518.1500244140625,508.8299865722656,512.9000244140625,2702100,0.0,0.0,-0.001907021988476587,0.020388020761100675,3075860.0,544.4545043945312,0,22,9,2023,4,ADBE
2023-09-25 00:00:00-04:00,511.45001220703125,514.25,507.2200012207031,511.6000061035156,2219500,0.0,0.0,-0.002534642715277702,0.019565166710447095,3071420.0,543.7815048217774,0,25,9,2023,0,ADBE
2023-09-26 00:00:00-04:00,510.1400146484375,510.1400146484375,502.010009765625,506.29998779296875,2375400,0.0,0.0,-0.010359691648390013,0.019509589676179422,3105985.0,542.600505065918,0,26,9,2023,1,ADBE
2023-09-27 00:00:00-04:00,507.510009765625,509.25,498.70001220703125,502.6000061035156,3311100,0.0,0.0,-0.0073078842161973245,0.018819129489433095,3163190.0,540.7020050048828,0,27,9,2023,2,ADBE
2023-09-28 00:00:00-04:00,500.0,508.67999267578125,499.25,504.6700134277344,2720000,0.0,0.0,0.004118597889138043,0.01868505905605011,3202675.0,538.6675064086915,0,28,9,2023,3,ADBE
2023-09-29 00:00:00-04:00,505.44000244140625,518.5800170898438,505.44000244140625,509.8999938964844,2795900,0.0,0.0,0.010363168663871658,0.01770972706051749,3146505.0,536.1955047607422,0,29,9,2023,4,ADBE
2023-10-02 00:00:00-04:00,508.239990234375,522.4099731445312,508.239990234375,521.1300048828125,2411500,0.0,0.0,0.022023948069722854,0.01852411706473809,3155465.0,534.09150390625,0,2,10,2023,0,ADBE
2023-10-03 00:00:00-04:00,517.52001953125,520.489990234375,504.54998779296875,507.0299987792969,2004100,0.0,0.0,-0.027056600025719746,0.01916023510132758,3138185.0,531.1990036010742,0,3,10,2023,1,ADBE
2023-10-04 00:00:00-04:00,511.92999267578125,519.760009765625,510.0,518.4199829101562,2027200,0.0,0.0,0.022464122750688098,0.02013480549001008,3124550.0,529.0230026245117,0,4,10,2023,2,ADBE
2023-10-05 00:00:00-04:00,519.8400268554688,522.6099853515625,509.239990234375,516.4400024414062,1818800,0.0,0.0,-0.0038192595463534262,0.020132851592789835,3111020.0,526.8220016479493,0,5,10,2023,3,ADBE
2023-10-06 00:00:00-04:00,513.219970703125,531.3099975585938,509.5199890136719,526.6799926757812,2523300,0.0,0.0,0.019828034594467248,0.020812347606828294,3124085.0,525.1380020141602,0,6,10,2023,4,ADBE
2023-10-09 00:00:00-04:00,522.0,530.0,518.75,529.2899780273438,1713500,0.0,0.0,0.004955543001173401,0.02075617512664721,3105595.0,523.3775009155273,0,9,10,2023,0,ADBE
2023-10-10 00:00:00-04:00,530.9099731445312,537.0,530.4000244140625,532.719970703125,2090900,0.0,0.0,0.006480365807349564,0.01897265023795506,3012075.0,522.9029983520508,0,10,10,2023,1,ADBE
2023-10-11 00:00:00-04:00,538.5900268554688,551.3400268554688,536.1099853515625,549.9099731445312,3307500,0.0,0.0,0.03226836496990626,0.019804298317023662,3004190.0,522.7204971313477,0,11,10,2023,2,ADBE
2023-10-12 00:00:00-04:00,553.7000122070312,574.4000244140625,552.22998046875,559.6300048828125,4624000,0.0,0.0,0.017675678225473,0.020187783209675444,2996045.0,523.0939987182617,0,12,10,2023,3,ADBE
2023-10-13 00:00:00-04:00,560.0,562.8900146484375,546.989990234375,548.760009765625,2832600,0.0,0.0,-0.01942353880661507,0.01817945094055254,2649225.0,524.087498474121,0,13,10,2023,4,ADBE
2023-10-16 00:00:00-04:00,553.1799926757812,555.5700073242188,545.6900024414062,550.739990234375,2179700,0.0,0.0,0.0036080990478799535,0.01815089443880911,2625675.0,525.003498840332,0,16,10,2023,0,ADBE
2023-10-17 00:00:00-04:00,545.4099731445312,560.7999877929688,543.3400268554688,560.0900268554688,2355300,0.0,0.0,0.016977224800971413,0.018131566126783055,2624150.0,525.9235000610352,0,17,10,2023,1,ADBE
2023-10-18 00:00:00-04:00,554.47998046875,568.1799926757812,554.239990234375,557.8699951171875,2614500,0.0,0.0,-0.003963705175657695,0.01794022505256918,2623575.0,527.0279983520508,0,18,10,2023,2,ADBE
2023-10-19 00:00:00-04:00,560.0,567.0999755859375,553.469970703125,555.739990234375,2809300,0.0,0.0,-0.0038181026071586466,0.014919211971459739,2571810.0,529.120997619629,0,19,10,2023,3,ADBE
2023-10-20 00:00:00-04:00,555.739990234375,555.97998046875,535.9500122070312,540.9600219726562,2728100,0.0,0.0,-0.026595113760817357,0.016385458418885366,2573110.0,530.5239974975586,0,20,10,2023,4,ADBE
2023-10-23 00:00:00-04:00,535.8099975585938,548.030029296875,531.0,540.4099731445312,2172600,0.0,0.0,-0.0010168012529265802,0.01636297744362161,2570765.0,531.9644958496094,0,23,10,2023,0,ADBE
2023-10-24 00:00:00-04:00,544.6400146484375,546.0,532.1199951171875,539.5599975585938,2358100,0.0,0.0,-0.0015728347517194319,0.016104992735069813,2569900.0,533.6274963378906,0,24,10,2023,1,ADBE
2023-10-25 00:00:00-04:00,533.5599975585938,534.4600219726562,517.6300048828125,521.1400146484375,2526000,0.0,0.0,-0.034138896496225035,0.018037536246322466,2530645.0,534.5544967651367,0,25,10,2023,2,ADBE
2023-10-26 00:00:00-04:00,530.0,530.989990234375,511.67999267578125,514.280029296875,2876700,0.0,0.0,-0.01316342088256317,0.018340493070075757,2538480.0,535.0349975585938,0,26,10,2023,3,ADBE
2023-10-27 00:00:00-04:00,517.5,519.8599853515625,506.9200134277344,508.1199951171875,2985600,0.0,0.0,-0.011977976644571453,0.018427012903644246,2547965.0,534.9459976196289,0,27,10,2023,4,ADBE
2023-10-30 00:00:00-04:00,516.1099853515625,530.75,512.239990234375,526.9400024414062,2806900,0.0,0.0,0.03703850961401023,0.019638126221198864,2567735.0,535.2364974975586,0,30,10,2023,0,ADBE
2023-10-31 00:00:00-04:00,530.6400146484375,532.6400146484375,522.8099975585938,532.0599975585938,2052300,0.0,0.0,0.009716466947784719,0.018592531163197534,2570145.0,536.4879974365234,0,31,10,2023,1,ADBE
2023-11-01 00:00:00-04:00,535.0,545.27001953125,534.0,544.5,2644500,0.0,0.0,0.023380826407713995,0.018645195784590902,2601010.0,537.7919982910156,0,1,11,2023,2,ADBE
2023-11-02 00:00:00-04:00,550.4400024414062,559.3599853515625,550.0,558.7100219726562,2634800,0.0,0.0,0.026097377360250196,0.019290136633704148,2641810.0,539.9054992675781,0,2,11,2023,3,ADBE
2023-11-03 00:00:00-04:00,560.0,567.030029296875,557.6599731445312,563.6599731445312,2066300,0.0,0.0,0.008859606910930351,0.01897329994768138,2618960.0,541.7544982910156,0,3,11,2023,4,ADBE
2023-11-06 00:00:00-05:00,566.0,567.8800048828125,558.1699829101562,565.4500122070312,2593400,0.0,0.0,0.003175742731054365,0.018970629984426612,2662955.0,543.5625,0,6,11,2023,0,ADBE
2023-11-07 00:00:00-05:00,568.8099975585938,589.0,568.8099975585938,585.2000122070312,3993600,0.0,0.0,0.03492793275025852,0.02023193920898079,2758090.0,546.1865020751953,0,7,11,2023,1,ADBE
2023-11-08 00:00:00-05:00,589.0,595.6699829101562,581.0700073242188,585.3099975585938,3079200,0.0,0.0,0.0001879448893853386,0.01919318980847643,2746675.0,547.9565032958984,0,8,11,2023,2,ADBE
2023-11-09 00:00:00-05:00,587.510009765625,590.0399780273438,576.3400268554688,577.739990234375,2336600,0.0,0.0,-0.012933329954715078,0.019206812127506388,2632305.0,548.8620025634766,0,9,11,2023,3,ADBE
2023-11-10 00:00:00-05:00,580.489990234375,598.1400146484375,576.010009765625,597.219970703125,3062700,0.0,0.0,0.03371755599062376,0.019787812675762222,2643810.0,551.2850006103515,0,10,11,2023,4,ADBE
2023-11-13 00:00:00-05:00,589.97998046875,594.260009765625,583.3599853515625,590.3400268554688,2505100,0.0,0.0,-0.011519949407512775,0.020107258470965714,2660080.0,553.2650024414063,0,13,11,2023,0,ADBE
2023-11-14 00:00:00-05:00,601.5599975585938,613.7100219726562,599.0399780273438,604.3300170898438,2884900,0.0,0.0,0.023698190192006363,0.020395480276177512,2686560.0,555.477001953125,0,14,11,2023,1,ADBE
2023-11-15 00:00:00-05:00,605.0,605.72998046875,591.7899780273438,595.3099975585938,3088900,0.0,0.0,-0.014925652004985634,0.020764846093597467,2710280.0,557.3490020751954,0,15,11,2023,2,ADBE
2023-11-16 00:00:00-05:00,595.4500122070312,605.27001953125,592.1400146484375,602.0599975585938,2040400,0.0,0.0,0.011338630339960964,0.020761943170166573,2671835.0,559.6650024414063,0,16,11,2023,3,ADBE
2023-11-17 00:00:00-05:00,602.0700073242188,605.0499877929688,597.02001953125,602.6599731445312,1968500,0.0,0.0,0.0009965378672731617,0.019484342093180358,2633855.0,562.75,0,17,11,2023,4,ADBE
2023-11-20 00:00:00-05:00,605.3099975585938,614.2000122070312,604.5,612.7000122070312,2393900,0.0,0.0,0.016659541880827966,0.01956939285542626,2644920.0,566.364501953125,0,20,11,2023,0,ADBE
2023-11-21 00:00:00-05:00,610.6300048828125,615.5700073242188,607.030029296875,610.989990234375,1906200,0.0,0.0,-0.0027909612185195165,0.019597644124885592,2622325.0,569.936001586914,0,21,11,2023,1,ADBE
2023-11-22 00:00:00-05:00,616.6300048828125,624.3800048828125,614.010009765625,619.719970703125,2064400,0.0,0.0,0.014288254485807839,0.017163577191132144,2599245.0,574.8649993896485,0,22,11,2023,2,ADBE
2023-11-24 00:00:00-05:00,616.260009765625,619.4400024414062,613.5999755859375,619.4299926757812,942700,0.0,0.0,-0.00046791783555844013,0.016530104972105907,2502545.0,580.1224975585938,0,24,11,2023,4,ADBE
2023-11-27 00:00:00-05:00,618.7999877929688,625.8300170898438,614.5700073242188,619.27001953125,1854400,0.0,0.0,-0.00025825863523365467,0.015926343372931178,2445985.0,585.6799987792969,0,27,11,2023,0,ADBE
2023-11-28 00:00:00-05:00,613.97998046875,625.5999755859375,612.260009765625,623.3200073242188,2302900,0.0,0.0,0.00653993841980971,0.014613121472009563,2420785.0,590.4989990234375,0,28,11,2023,1,ADBE
2023-11-29 00:00:00-05:00,625.9400024414062,628.5999755859375,616.77001953125,617.3900146484375,2595600,0.0,0.0,-0.009513560620711403,0.015153887612481182,2447950.0,594.7654998779296,0,29,11,2023,2,ADBE
2023-11-30 00:00:00-05:00,620.0,621.47998046875,605.0700073242188,611.010009765625,3960300,0.0,0.0,-0.01033383231253826,0.015178055521467063,2513740.0,598.0910003662109,0,30,11,2023,3,ADBE
2023-12-01 00:00:00-05:00,609.239990234375,615.2000122070312,603.1799926757812,612.469970703125,2490000,0.0,0.0,0.0023894222912321794,0.014423616140131166,2506500.0,600.7789978027344,0,1,12,2023,4,ADBE
2023-12-04 00:00:00-05:00,604.9099731445312,608.2899780273438,596.2100219726562,604.5599975585938,2541500,0.0,0.0,-0.01291487505167066,0.014906950818647315,2530260.0,602.8239990234375,0,4,12,2023,0,ADBE
2023-12-05 00:00:00-05:00,596.77001953125,602.739990234375,591.1699829101562,602.219970703125,2577700,0.0,0.0,-0.003870628002048626,0.015000804106956294,2529475.0,604.6624969482422,0,5,12,2023,1,ADBE
2023-12-06 00:00:00-05:00,608.0599975585938,608.530029296875,594.489990234375,595.7000122070312,2080400,0.0,0.0,-0.010826539824777548,0.013310909580950481,2433815.0,605.1874969482421,0,6,12,2023,2,ADBE
2023-12-07 00:00:00-05:00,598.9199829101562,609.22998046875,596.469970703125,608.780029296875,2605200,0.0,0.0,0.021957389326522136,0.01410945502027748,2410115.0,606.3609985351562,0,7,12,2023,3,ADBE
2023-12-08 00:00:00-05:00,605.0,610.22998046875,601.2999877929688,610.010009765625,2498800,0.0,0.0,0.0020204021314078613,0.013662152529065618,2418225.0,607.9744995117187,0,8,12,2023,4,ADBE
2023-12-11 00:00:00-05:00,616.8800048828125,627.8200073242188,614.3400268554688,625.2000122070312,3270600,0.0,0.0,0.0249012347309554,0.012722294356646105,2428620.0,609.373501586914,0,11,12,2023,0,ADBE
2023-12-12 00:00:00-05:00,625.8599853515625,633.8900146484375,623.0,633.6599731445312,2968900,0.0,0.0,0.013531607121431977,0.012514480468167367,2451810.0,611.5394989013672,0,12,12,2023,1,ADBE
2023-12-13 00:00:00-05:00,630.4099731445312,632.4500122070312,618.030029296875,624.260009765625,6188500,0.0,0.0,-0.014834396643769399,0.01222357115610448,2616990.0,612.5359985351563,0,13,12,2023,2,ADBE
2023-12-14 00:00:00-05:00,593.0,593.1599731445312,578.2999877929688,584.6400146484375,11315300,0.0,0.0,-0.06346713628518763,0.018765696541139992,3028310.0,612.0024993896484,0,14,12,2023,3,ADBE
2023-12-15 00:00:00-05:00,580.5999755859375,591.6599731445312,578.2000122070312,584.6799926757812,8663700,0.0,0.0,6.838058692881788e-05,0.018552129201999473,3359475.0,611.1334991455078,0,15,12,2023,4,ADBE
2023-12-18 00:00:00-05:00,591.52001953125,603.1300048828125,586.6199951171875,599.1300048828125,5452000,0.0,0.0,0.024714394862223488,0.01944306037279355,3533650.0,610.9570007324219,0,18,12,2023,0,ADBE
2023-12-19 00:00:00-05:00,600.0,612.7100219726562,598.0800170898438,604.6400146484375,4150700,0.0,0.0,0.009196684727386994,0.01917403101645908,3621490.0,610.5540008544922,0,19,12,2023,1,ADBE
2023-12-20 00:00:00-05:00,600.7100219726562,610.6799926757812,595.0700073242188,596.0599975585938,2587300,0.0,0.0,-0.01419028989477733,0.01941415634721709,3655545.0,609.8075012207031,0,20,12,2023,2,ADBE
2023-12-21 00:00:00-05:00,603.0,607.4000244140625,594.8200073242188,600.1400146484375,3192800,0.0,0.0,0.0068449771945024995,0.019174443603933885,3711965.0,608.8285034179687,0,21,12,2023,3,ADBE
2023-12-22 00:00:00-05:00,600.7999877929688,601.8599853515625,596.0,598.75,1659800,0.0,0.0,-0.0023161505890451073,0.019174038649319967,3747820.0,607.7945037841797,0,22,12,2023,4,ADBE
2023-12-26 00:00:00-05:00,598.9199829101562,601.6900024414062,596.5,598.260009765625,1595100,0.0,0.0,-0.0008183552974947439,0.019172510754672557,3734855.0,606.7440032958984,0,26,12,2023,1,ADBE
2023-12-27 00:00:00-05:00,598.5999755859375,599.7899780273438,593.7100219726562,596.0800170898438,1394900,0.0,0.0,-0.0036438883431892943,0.019081473607280013,3689455.0,605.3820037841797,0,27,12,2023,2,ADBE
2023-12-28 00:00:00-05:00,597.4400024414062,599.0399780273438,593.6300048828125,595.52001953125,1702600,0.0,0.0,-0.0009394670892135526,0.019001236833384817,3644805.0,604.2885040283203,0,28,12,2023,3,ADBE
2023-12-29 00:00:00-05:00,596.0900268554688,600.75,592.9400024414062,596.5999755859375,1893900,0.0,0.0,0.0018134672542788888,0.01890214720813381,3541485.0,603.568002319336,0,29,12,2023,4,ADBE
2024-01-02 00:00:00-05:00,589.510009765625,590.4400024414062,576.760009765625,580.0700073242188,2840200,0.0,0.0,-0.027706954304656528,0.01979348755743088,3558995.0,601.9480041503906,0,2,1,2024,1,ADBE
2024-01-03 00:00:00-05:00,574.5800170898438,577.2999877929688,570.1900024414062,571.7899780273438,2478000,0.0,0.0,-0.014274189653537883,0.019833338639631035,3555820.0,600.3095031738281,0,3,1,2024,2,ADBE
2024-01-04 00:00:00-05:00,570.989990234375,572.9099731445312,566.6599731445312,567.0499877929688,2092100,0.0,0.0,-0.008289739968384557,0.01987290971922632,3531540.0,598.5510040283203,0,4,1,2024,3,ADBE
2024-01-05 00:00:00-05:00,563.5,569.52001953125,563.3400268554688,564.5999755859375,1922900,0.0,0.0,-0.004320628268712268,0.019787897844926933,3523665.0,596.9960021972656,0,5,1,2024,4,ADBE
2024-01-08 00:00:00-05:00,567.8699951171875,581.510009765625,567.8699951171875,580.5499877929688,2830000,0.0,0.0,0.02825011140051581,0.02024186258466258,3534905.0,595.5845001220703,0,8,1,2024,0,ADBE
2024-01-09 00:00:00-05:00,578.3300170898438,588.2000122070312,577.280029296875,586.2000122070312,1926900,0.0,0.0,0.009732192804863704,0.020398790439430683,3506310.0,594.3940002441407,0,9,1,2024,1,ADBE
2024-01-10 00:00:00-05:00,585.4299926757812,593.6500244140625,585.4299926757812,591.030029296875,2135700,0.0,0.0,0.00823953768212804,0.01957506171504715,3449565.0,592.6855010986328,0,10,1,2024,2,ADBE
2024-01-11 00:00:00-05:00,592.0,597.8400268554688,584.52001953125,597.489990234375,2331800,0.0,0.0,0.010930004597541565,0.019470443208987307,3417710.0,590.877001953125,0,11,1,2024,3,ADBE
2024-01-12 00:00:00-05:00,598.3900146484375,599.3800048828125,593.02001953125,596.5399780273438,1477000,0.0,0.0,-0.001590005226127067,0.019261937413173568,3182135.0,589.491000366211,0,12,1,2024,4,ADBE
2024-01-16 00:00:00-05:00,592.8300170898438,597.760009765625,588.3400268554688,597.6799926757812,2126100,0.0,0.0,0.0019110448426395976,0.012741038547185458,2722675.0,590.1429992675781,0,16,1,2024,1,ADBE
2024-01-17 00:00:00-05:00,591.989990234375,596.75,582.4400024414062,596.0999755859375,2588300,0.0,0.0,-0.002643583705671859,0.012767900904764564,2418905.0,590.713998413086,0,17,1,2024,2,ADBE
2024-01-18 00:00:00-05:00,586.9000244140625,596.8900146484375,584.2100219726562,593.7000122070312,2793600,0.0,0.0,-0.0040261088361012165,0.011520095109481286,2285985.0,590.4424987792969,0,18,1,2024,3,ADBE
2024-01-19 00:00:00-05:00,593.8099975585938,612.0700073242188,589.1300048828125,611.5499877929688,3760100,0.0,0.0,0.030065648002232104,0.013249611312595628,2266455.0,590.7879974365235,0,19,1,2024,4,ADBE
2024-01-22 00:00:00-05:00,615.0,620.9600219726562,603.1500244140625,603.5900268554688,4488000,0.0,0.0,-0.013016042999570376,0.013182816046703955,2361490.0,591.1644989013672,0,22,1,2024,0,ADBE
2024-01-23 00:00:00-05:00,602.2100219726562,604.3200073242188,591.3400268554688,597.1799926757812,2723500,0.0,0.0,-0.010619847735195309,0.013332638826700601,2338025.0,591.0164978027344,0,23,1,2024,1,ADBE
2024-01-24 00:00:00-05:00,601.7100219726562,616.9500122070312,597.4600219726562,606.47998046875,2999000,0.0,0.0,0.015573173761730175,0.013773393308849528,2404985.0,591.4029968261718,0,24,1,2024,2,ADBE
2024-01-25 00:00:00-05:00,615.4199829101562,627.0599975585938,612.239990234375,622.5800170898438,3806200,0.0,0.0,0.026546690970161935,0.014922626027469783,2515540.0,592.6189971923828,0,25,1,2024,3,ADBE
2024-01-26 00:00:00-05:00,620.7000122070312,622.5,613.0,613.9299926757812,2137800,0.0,0.0,-0.01389383561408819,0.015301460607213347,2552685.0,593.5114959716797,0,26,1,2024,4,ADBE
2024-01-29 00:00:00-05:00,615.7100219726562,636.25,615.7100219726562,630.22998046875,3212200,0.0,0.0,0.026550238606076526,0.016266774745997803,2628165.0,595.2469940185547,0,29,1,2024,0,ADBE
2024-01-30 00:00:00-05:00,630.0,630.469970703125,620.8900146484375,627.9600219726562,2007400,0.0,0.0,-0.003601793894992711,0.016331829566097703,2633840.0,596.8149963378906,0,30,1,2024,1,ADBE
2024-01-31 00:00:00-05:00,620.0,625.9299926757812,612.1699829101562,617.780029296875,2666800,0.0,0.0,-0.01621121141406756,0.015380266828632791,2625170.0,598.7004974365234,0,31,1,2024,2,ADBE
2024-02-01 00:00:00-05:00,619.0,628.7999877929688,618.780029296875,627.9099731445312,1687600,0.0,0.0,0.016397331359489842,0.015065229470736982,2585650.0,601.5064971923828,0,1,2,2024,3,ADBE
2024-02-02 00:00:00-05:00,624.7899780273438,638.25,617.010009765625,634.760009765625,2542200,0.0,0.0,0.010909265522236034,0.014796595773157433,2608155.0,604.8919982910156,0,2,2,2024,4,ADBE
2024-02-05 00:00:00-05:00,633.030029296875,634.5900268554688,624.5399780273438,630.5,2131200,0.0,0.0,-0.00671121321457846,0.014891657451429561,2618570.0,608.1869995117188,0,5,2,2024,0,ADBE
2024-02-06 00:00:00-05:00,625.5800170898438,626.4600219726562,604.6699829101562,607.1400146484375,3436200,0.0,0.0,-0.03704993711588023,0.01671970422135445,2648880.0,609.5165008544922,0,6,2,2024,1,ADBE
2024-02-07 00:00:00-05:00,613.25,620.4199829101562,610.1500244140625,615.8499755859375,2313800,0.0,0.0,0.014345885178632889,0.016857818853076394,2668225.0,610.9989990234375,0,7,2,2024,2,ADBE
2024-02-08 00:00:00-05:00,615.8499755859375,621.3400268554688,612.510009765625,615.8599853515625,1815700,0.0,0.0,1.6253578017044745e-05,0.016813390427814007,2652225.0,612.2404968261719,0,8,2,2024,3,ADBE
2024-02-09 00:00:00-05:00,616.0,628.0700073242188,615.7999877929688,627.2100219726562,2091400,0.0,0.0,0.01842957310274773,0.017099668001901453,2640205.0,613.7264984130859,0,9,2,2024,4,ADBE
2024-02-12 00:00:00-05:00,626.0,626.3499755859375,611.5800170898438,611.8400268554688,2317200,0.0,0.0,-0.024505340442180557,0.018129714952918742,2682215.0,614.4915008544922,0,12,2,2024,0,ADBE
2024-02-13 00:00:00-05:00,596.7000122070312,608.3900146484375,590.0,601.8900146484375,2985200,0.0,0.0,-0.016262440785655974,0.018554441686316907,2725170.0,614.702001953125,0,13,2,2024,1,ADBE
2024-02-14 00:00:00-05:00,605.8499755859375,610.3300170898438,602.5,604.6599731445312,1615100,0.0,0.0,0.004602100763727801,0.018560267197203942,2676510.0,615.1300018310546,0,14,2,2024,2,ADBE
2024-02-15 00:00:00-05:00,606.0,607.3200073242188,589.77001953125,590.4400024414062,3677400,0.0,0.0,-0.023517301185282835,0.019327141857019062,2720700.0,614.9670013427734,0,15,2,2024,3,ADBE
2024-02-16 00:00:00-05:00,589.9000244140625,590.1400146484375,546.3699951171875,546.6599731445312,10323000,0.0,0.0,-0.07414814225975419,0.024200757965054925,3048845.0,611.7225006103515,0,16,2,2024,4,ADBE
2024-02-20 00:00:00-05:00,531.5,545.8800048828125,528.010009765625,541.9099731445312,6567600,0.0,0.0,-0.008689130782114418,0.024147509295864327,3152825.0,608.6384979248047,0,20,2,2024,1,ADBE
2024-02-21 00:00:00-05:00,539.760009765625,542.5700073242188,529.3699951171875,538.52001953125,4493500,0.0,0.0,-0.006255566018854464,0.024114623426762474,3241325.0,605.7054992675781,0,21,2,2024,2,ADBE
2024-02-22 00:00:00-05:00,553.9400024414062,555.5499877929688,534.5599975585938,537.5700073242188,5023400,0.0,0.0,-0.0017641167878181818,0.023648021558730418,3342545.0,602.2600006103515,0,22,2,2024,3,ADBE
2024-02-23 00:00:00-05:00,543.489990234375,557.1799926757812,541.47998046875,553.4400024414062,4546500,0.0,0.0,0.0295217272187136,0.023870119810143815,3379560.0,598.8029998779297,0,23,2,2024,4,ADBE
2024-02-26 00:00:00-05:00,556.5599975585938,570.5999755859375,556.5599975585938,560.47998046875,4251200,0.0,0.0,0.012720399675282046,0.024123444769459663,3485230.0,596.1304992675781,0,26,2,2024,0,ADBE
2024-02-27 00:00:00-05:00,565.9099731445312,565.9099731445312,548.5399780273438,552.489990234375,3247600,0.0,0.0,-0.01425562109763967,0.02308355683780007,3487000.0,592.2434997558594,0,27,2,2024,1,ADBE
2024-02-28 00:00:00-05:00,552.0,557.2000122070312,549.760009765625,551.8200073242188,2313200,0.0,0.0,-0.001212660721458536,0.02310443524444043,3502290.0,588.4364990234375,0,28,2,2024,2,ADBE
2024-02-29 00:00:00-05:00,554.8900146484375,561.9400024414062,553.22998046875,560.280029296875,3844400,0.0,0.0,0.015331125838802029,0.02345765237034897,3561170.0,585.5614990234375,0,29,2,2024,3,ADBE
2024-03-01 00:00:00-05:00,561.1099853515625,572.8900146484375,560.6699829101562,570.9299926757812,2903700,0.0,0.0,0.01900828661030718,0.02358759218340191,3621975.0,582.7125,0,1,3,2024,4,ADBE
2024-03-04 00:00:00-05:00,572.8499755859375,576.25,564.0999755859375,567.9400024414062,2556400,0.0,0.0,-0.005237052305418044,0.023308013916581865,3622685.0,579.3714996337891,0,4,3,2024,0,ADBE
2024-03-05 00:00:00-05:00,562.5999755859375,564.1900024414062,539.3499755859375,544.8400268554688,4286800,0.0,0.0,-0.040673267399087054,0.024617984479675958,3730465.0,575.0885009765625,0,5,3,2024,1,ADBE
2024-03-06 00:00:00-05:00,548.0,550.6400146484375,538.1500244140625,543.0900268554688,3209800,0.0,0.0,-0.0032119519744172598,0.02358365679089076,3719145.0,571.8860015869141,0,6,3,2024,2,ADBE
2024-03-07 00:00:00-05:00,550.0,558.3800048828125,541.5900268554688,556.0399780273438,2660500,0.0,0.0,0.023844943805829244,0.024090086653936662,3736480.0,568.8955017089844,0,7,3,2024,3,ADBE
2024-03-08 00:00:00-05:00,553.0,560.4400024414062,550.510009765625,551.6900024414062,2831100,0.0,0.0,-0.00782313459073547,0.024071145721463058,3787250.0,565.6870025634765,0,8,3,2024,4,ADBE
2024-03-11 00:00:00-04:00,552.4500122070312,562.6900024414062,551.02001953125,560.4199829101562,2857800,0.0,0.0,0.015824068643834455,0.02394321237015973,3825570.0,562.3475006103515,0,11,3,2024,0,ADBE
2024-03-12 00:00:00-04:00,568.5999755859375,579.7899780273438,562.5999755859375,579.1400146484375,3469200,0.0,0.0,0.033403576441139116,0.024981879720207528,3883170.0,560.7125,0,12,3,2024,1,ADBE
2024-03-13 00:00:00-04:00,579.0599975585938,585.3499755859375,573.4099731445312,573.5499877929688,3466000,0.0,0.0,-0.009652289108121992,0.024832661694693496,3907210.0,559.2954986572265,0,13,3,2024,2,ADBE
2024-03-14 00:00:00-04:00,578.0,579.5399780273438,568.760009765625,570.4500122070312,5908100,0.0,0.0,-0.0054048917303027855,0.024791099502042557,4121860.0,557.5850006103516,0,14,3,2024,3,ADBE
2024-03-15 00:00:00-04:00,499.6400146484375,503.1300048828125,485.0,492.4599914550781,19570500,0.0,0.0,-0.13671666067674393,0.03878703800483877,4916515.0,552.6860000610352,0,15,3,2024,4,ADBE
2024-03-18 00:00:00-04:00,495.54998779296875,515.72998046875,495.54998779296875,513.8599853515625,7052700,0.0,0.0,0.04345529437478479,0.03715415019625578,4753000.0,551.0460006713868,0,18,3,2024,0,ADBE
2024-03-19 00:00:00-04:00,509.8900146484375,522.6799926757812,508.989990234375,521.1900024414062,7081800,0.0,0.0,0.014264619349235508,0.037303527561394906,4778710.0,550.0100021362305,0,19,3,2024,1,ADBE
2024-03-20 00:00:00-04:00,523.2899780273438,523.8699951171875,512.5,519.1400146484375,4239600,0.0,0.0,-0.003933283031842483,0.03729071150480376,4766015.0,549.0410018920899,0,20,3,2024,2,ADBE
2024-03-21 00:00:00-04:00,517.5999755859375,519.72998046875,506.20001220703125,511.25,5206600,0.0,0.0,-0.015198240216140246,0.03742357499034263,4775175.0,547.725001525879,0,21,3,2024,3,ADBE
2024-03-22 00:00:00-04:00,509.07000732421875,511.5899963378906,496.6700134277344,499.5199890136719,5410300,0.0,0.0,-0.022943786770323937,0.03694848579931966,4818365.0,545.0290008544922,0,22,3,2024,4,ADBE
2024-03-25 00:00:00-04:00,496.7900085449219,510.6300048828125,496.69000244140625,507.2300109863281,4277000,0.0,0.0,0.015434861751739026,0.0370196804915707,4819655.0,542.3665023803711,0,25,3,2024,0,ADBE
2024-03-26 00:00:00-04:00,508.05999755859375,512.7899780273438,503.5899963378906,507.6000061035156,2813300,0.0,0.0,0.0007294424800852184,0.03695885049772046,4797940.0,540.1220031738281,0,26,3,2024,1,ADBE
2024-03-27 00:00:00-04:00,515.469970703125,516.8599853515625,499.70001220703125,504.3999938964844,4228400,0.0,0.0,-0.006304200489664069,0.03695954359667069,4893700.0,537.7510025024415,0,27,3,2024,2,ADBE
2024-03-28 00:00:00-04:00,508.1199951171875,509.0,500.260009765625,504.6000061035156,3897000,0.0,0.0,0.0003965349116801242,0.03670286316354553,4896330.0,534.9670013427734,0,28,3,2024,3,ADBE
2024-04-01 00:00:00-04:00,504.989990234375,506.9200134277344,499.30999755859375,502.0899963378906,2056000,0.0,0.0,-0.004974256312454517,0.03628249002079875,4853945.0,531.5250015258789,0,1,4,2024,0,ADBE
2024-04-02 00:00:00-04:00,494.3999938964844,500.75,491.3399963378906,499.2099914550781,3083300,0.0,0.0,-0.0057360331889073635,0.03628230043953231,4880290.0,528.0885009765625,0,2,4,2024,1,ADBE
2024-04-03 00:00:00-04:00,497.3599853515625,498.8599853515625,494.7099914550781,497.010009765625,2604400,0.0,0.0,-0.004406926397928612,0.035339631116809996,4796170.0,525.6970001220703,0,3,4,2024,2,ADBE
2024-04-04 00:00:00-04:00,503.55999755859375,504.1099853515625,486.70001220703125,487.1099853515625,3403300,0.0,0.0,-0.019919165046054177,0.03551833749003183,4805845.0,522.897998046875,0,4,4,2024,3,ADBE
2024-04-05 00:00:00-04:00,488.8399963378906,490.0899963378906,481.2799987792969,485.1199951171875,4971800,0.0,0.0,-0.004085299612445303,0.03487678890482348,4921410.0,519.3519989013672,0,5,4,2024,4,ADBE
2024-04-08 00:00:00-04:00,484.7799987792969,486.9800109863281,477.2300109863281,484.2799987792969,3439200,0.0,0.0,-0.0017315228115627468,0.03488827666244863,4951815.0,515.9814987182617,0,8,4,2024,0,ADBE
2024-04-09 00:00:00-04:00,486.0,493.30999755859375,483.30999755859375,492.54998779296875,2548600,0.0,0.0,0.01707687501965327,0.03493038595844725,4936355.0,512.5879989624024,0,9,4,2024,1,ADBE
2024-04-10 00:00:00-04:00,489.3900146484375,491.7699890136719,480.2799987792969,487.2200012207031,2487900,0.0,0.0,-0.010821209429216272,0.03369516668071327,4887290.0,507.99199829101565,0,10,4,2024,2,ADBE
2024-04-11 00:00:00-04:00,487.3599853515625,488.6700134277344,479.739990234375,484.2799987792969,2978500,0.0,0.0,-0.006034240043594763,0.033695674118722124,4862915.0,503.528498840332,0,11,4,2024,3,ADBE
2024-04-12 00:00:00-04:00,477.95001220703125,478.7799987792969,468.6000061035156,474.0899963378906,5620000,0.0,0.0,-0.021041551307284467,0.03381732282072042,4848510.0,498.710498046875,0,12,4,2024,4,ADBE
2024-04-15 00:00:00-04:00,477.0199890136719,478.5199890136719,468.3500061035156,470.1000061035156,3353200,0.0,0.0,-0.008416102987187424,0.015386236517772893,4037645.0,497.5924987792969,0,15,4,2024,0,ADBE
2024-04-16 00:00:00-04:00,470.0,478.9800109863281,468.489990234375,476.2200012207031,2660100,0.0,0.0,0.01301849614492423,0.011694112792811812,3818015.0,495.7104995727539,0,16,4,2024,1,ADBE
2024-04-17 00:00:00-04:00,477.30999755859375,481.0199890136719,472.69000244140625,474.45001220703125,2034800,0.0,0.0,-0.0037167464809013673,0.010902138005361583,3565665.0,493.37350006103514,0,17,4,2024,2,ADBE
2024-04-18 00:00:00-04:00,476.760009765625,477.6099853515625,471.8299865722656,473.17999267578125,2389700,0.0,0.0,-0.0026768247414351576,0.010909983336585452,3473170.0,491.0754989624023,0,18,4,2024,3,ADBE
2024-04-19 00:00:00-04:00,476.5400085449219,476.5799865722656,463.0899963378906,465.0199890136719,3280600,0.0,0.0,-0.0172450310419201,0.01102395645189404,3376870.0,488.7639984130859,0,19,4,2024,4,ADBE
2024-04-22 00:00:00-04:00,470.2200012207031,471.5,462.2799987792969,466.8900146484375,2604300,0.0,0.0,0.004021387636974572,0.010296316844009607,3236570.0,487.1324996948242,0,22,4,2024,0,ADBE
2024-04-23 00:00:00-04:00,469.7200012207031,474.80999755859375,467.8299865722656,472.8999938964844,2205800,0.0,0.0,0.012872366209357278,0.01006395381267995,3133010.0,485.415998840332,0,23,4,2024,1,ADBE
2024-04-24 00:00:00-04:00,472.94000244140625,478.57000732421875,471.7300109863281,477.1199951171875,2338000,0.0,0.0,0.00892366520441712,0.010404092911666813,3109245.0,483.8919982910156,0,24,4,2024,2,ADBE
2024-04-25 00:00:00-04:00,468.4100036621094,474.5,465.7799987792969,473.44000244140625,2250900,0.0,0.0,-0.0077129290607017564,0.010432085885833126,3010370.0,482.34399871826173,0,25,4,2024,3,ADBE
2024-04-26 00:00:00-04:00,472.30999755859375,482.7900085449219,471.69000244140625,477.55999755859375,2460300,0.0,0.0,0.008702253920120251,0.010739820837399263,2938535.0,480.99199829101565,0,26,4,2024,4,ADBE
2024-04-29 00:00:00-04:00,478.0400085449219,481.67999267578125,471.07000732421875,473.07000732421875,2954700,0.0,0.0,-0.009401939562209916,0.01083449135020441,2983470.0,479.540998840332,0,29,4,2024,0,ADBE
2024-04-30 00:00:00-04:00,472.0,475.4200134277344,462.4599914550781,462.8299865722656,3222600,0.0,0.0,-0.02164588875518192,0.011608801457359538,2990435.0,477.7219985961914,0,30,4,2024,1,ADBE
2024-05-01 00:00:00-04:00,461.1199951171875,477.760009765625,460.3599853515625,469.3900146484375,2490200,0.0,0.0,0.014173731751383922,0.012274655548757882,2984725.0,476.340998840332,0,1,5,2024,2,ADBE
2024-05-02 00:00:00-04:00,474.29998779296875,477.1600036621094,468.29998779296875,476.57000732421875,2516400,0.0,0.0,0.015296432501144874,0.012212775612335509,2940380.0,475.81399993896486,0,2,5,2024,3,ADBE
2024-05-03 00:00:00-04:00,482.2699890136719,487.489990234375,477.57000732421875,486.17999267578125,2833200,0.0,0.0,0.020164897504816537,0.013066616727222903,2833450.0,475.8669998168945,0,3,5,2024,4,ADBE
2024-05-06 00:00:00-04:00,490.1000061035156,495.44000244140625,488.0,493.5899963378906,2104000,0.0,0.0,0.015241276427948147,0.01347986309262988,2766690.0,476.3324996948242,0,6,5,2024,0,ADBE
2024-05-07 00:00:00-04:00,492.510009765625,496.760009765625,489.1400146484375,492.2699890136719,2518300,0.0,0.0,-0.002674299183557882,0.012956394574855727,2765175.0,476.31849975585936,0,7,5,2024,1,ADBE
2024-05-08 00:00:00-04:00,489.9700012207031,495.80999755859375,486.9200134277344,488.1000061035156,2165000,0.0,0.0,-0.008470926530604439,0.012862911451998891,2749030.0,476.3625,0,8,5,2024,2,ADBE
2024-05-09 00:00:00-04:00,489.4100036621094,490.44000244140625,481.6499938964844,482.6499938964844,2301600,0.0,0.0,-0.011165769594101205,0.013043075400610669,2715185.0,476.2809997558594,0,9,5,2024,3,ADBE
2024-05-10 00:00:00-04:00,483.5,489.4800109863281,480.29998779296875,482.2900085449219,2741100,0.0,0.0,-0.0007458517686000921,0.012081057376887456,2571240.0,476.6910003662109,0,10,5,2024,4,ADBE
2024-05-13 00:00:00-04:00,486.239990234375,490.1600036621094,481.7099914550781,483.1099853515625,2458200,0.0,0.0,0.0017001737380264448,0.011879376307929684,2526490.0,477.3414993286133,0,13,5,2024,0,ADBE
2024-05-14 00:00:00-04:00,480.4100036621094,481.79998779296875,466.4800109863281,475.95001220703125,4287800,0.0,0.0,-0.014820586122476609,0.012079718575345491,2607875.0,477.3279998779297,0,14,5,2024,1,ADBE
2024-05-15 00:00:00-04:00,480.760009765625,489.6099853515625,476.6099853515625,485.3500061035156,3491600,0.0,0.0,0.019749960406336697,0.012812949839212254,2680715.0,477.8729995727539,0,15,5,2024,2,ADBE
2024-05-16 00:00:00-04:00,484.70001220703125,486.2300109863281,481.3900146484375,482.8800048828125,2562900,0.0,0.0,-0.005089113401960721,0.012862763932869543,2689375.0,478.35800018310545,0,16,5,2024,3,ADBE
2024-05-17 00:00:00-04:00,483.32000732421875,485.8800048828125,481.5199890136719,483.42999267578125,2260900,0.0,0.0,0.00113897404615515,0.01211861982762174,2638390.0,479.27850036621095,0,17,5,2024,4,ADBE
2024-05-20 00:00:00-04:00,483.0,485.3699951171875,478.32000732421875,484.69000244140625,1881100,0.0,0.0,0.002606395516858262,0.012110404535123326,2602230.0,480.1684997558594,0,20,5,2024,0,ADBE
2024-05-21 00:00:00-04:00,481.19000244140625,487.5,477.1199951171875,481.8500061035156,1915800,0.0,0.0,-0.005859407711290565,0.011943785963335781,2587730.0,480.6160003662109,0,21,5,2024,1,ADBE
2024-05-22 00:00:00-04:00,483.9700012207031,485.6700134277344,479.1400146484375,483.92999267578125,1875800,0.0,0.0,0.0043166681455200084,0.011826892184727968,2564620.0,480.9565002441406,0,22,5,2024,2,ADBE
2024-05-23 00:00:00-04:00,488.3800048828125,491.67999267578125,478.69000244140625,483.30999755859375,2219900,0.0,0.0,-0.0012811669592110997,0.011670349506673592,2563070.0,481.45,0,23,5,2024,3,ADBE
2024-05-24 00:00:00-04:00,481.25,485.3800048828125,473.8999938964844,475.42999267578125,3083700,0.0,0.0,-0.01630424556209842,0.012142640909443217,2594240.0,481.3434997558594,0,24,5,2024,4,ADBE
2024-05-28 00:00:00-04:00,473.010009765625,478.6700134277344,469.6000061035156,478.42999267578125,2575300,0.0,0.0,0.006310077290487381,0.012020449104238424,2575270.0,481.6114990234375,0,28,5,2024,1,ADBE
2024-05-29 00:00:00-04:00,472.7799987792969,482.7900085449219,472.6000061035156,477.6000061035156,2214800,0.0,0.0,-0.0017348130028881359,0.010845336166125307,2524880.0,482.35,0,29,5,2024,2,ADBE
2024-05-30 00:00:00-04:00,464.8999938964844,466.82000732421875,444.8399963378906,445.8699951171875,5606900,0.0,0.0,-0.06643637056288254,0.01833203629036131,2680715.0,481.1739990234375,0,30,5,2024,3,ADBE
2024-05-31 00:00:00-04:00,447.7200012207031,448.2300109863281,433.9700012207031,444.760009765625,7487500,0.0,0.0,-0.0024894820546754737,0.017853397534384304,2929270.0,479.5834991455078,0,31,5,2024,4,ADBE
2024-06-03 00:00:00-04:00,447.5799865722656,449.8399963378906,436.5799865722656,439.0199890136719,3967700,0.0,0.0,-0.01290588323122388,0.017081287412509735,2985995.0,477.22549896240236,0,3,6,2024,0,ADBE
2024-06-04 00:00:00-04:00,442.82000732421875,450.1199951171875,441.5899963378906,448.3699951171875,3183600,0.0,0.0,0.021297449632126986,0.017506378497090063,3039975.0,474.96449890136716,0,4,6,2024,1,ADBE
2024-06-05 00:00:00-04:00,449.19000244140625,458.6000061035156,448.3699951171875,455.79998779296875,3295000,0.0,0.0,0.016571119291422187,0.01813782440639209,3078810.0,473.14099884033203,0,5,6,2024,2,ADBE
2024-06-06 00:00:00-04:00,457.70001220703125,467.8500061035156,456.8699951171875,458.1300048828125,3235000,0.0,0.0,0.005111928811420086,0.01820319597577316,3132310.0,471.6424987792969,0,6,6,2024,3,ADBE
2024-06-07 00:00:00-04:00,458.1300048828125,468.92999267578125,458.1300048828125,465.42999267578125,2684200,0.0,0.0,0.01593431496554354,0.018568450092540986,3151440.0,470.78149871826173,0,7,6,2024,4,ADBE
2024-06-10 00:00:00-04:00,453.8399963378906,462.2300109863281,451.510009765625,459.94000244140625,3212400,0.0,0.0,-0.011795523109313977,0.0187041317350222,3175005.0,469.66399841308595,0,10,6,2024,0,ADBE
2024-06-11 00:00:00-04:00,456.9100036621094,462.739990234375,455.5,462.69000244140625,2723700,0.0,0.0,0.005979040712707606,0.01877541434545896,3188280.0,468.64299926757815,0,11,6,2024,1,ADBE
2024-06-12 00:00:00-04:00,470.0,471.1199951171875,459.1600036621094,459.8699951171875,3647400,0.0,0.0,-0.006094809287727987,0.018561617689350256,3156260.0,467.83899841308596,0,12,6,2024,2,ADBE
2024-06-13 00:00:00-04:00,457.8699951171875,462.3900146484375,453.5,458.739990234375,8558000,0.0,0.0,-0.002457226813687985,0.017871871362005572,3409580.0,466.5084976196289,0,13,6,2024,3,ADBE
2024-06-14 00:00:00-04:00,530.25,534.4500122070312,521.8800048828125,525.3099975585938,14846600,0.0,0.0,0.14511489894353313,0.03753725207029095,4023765.0,468.62999725341797,0,14,6,2024,4,ADBE
2024-06-17 00:00:00-04:00,525.510009765625,525.9400024414062,505.3800048828125,518.739990234375,7163800,0.0,0.0,-0.012506914687999915,0.03773178944831676,4268910.0,470.39549713134767,0,17,6,2024,0,ADBE
2024-06-18 00:00:00-04:00,514.7100219726562,530.3699951171875,513.1300048828125,522.25,4225900,0.0,0.0,0.006766414449826952,0.03773418940341208,4386150.0,472.2734970092773,0,18,6,2024,1,ADBE
2024-06-20 00:00:00-04:00,527.6699829101562,533.22998046875,520.4000244140625,522.9500122070312,5752400,0.0,0.0,0.0013403776103997345,0.03766567610049388,4577980.0,474.3284973144531,0,20,6,2024,3,ADBE
2024-06-21 00:00:00-04:00,530.3099975585938,535.0,524.719970703125,533.4400024414062,6614100,0.0,0.0,0.020059259947434738,0.03782060841949814,4814895.0,476.8039978027344,0,21,6,2024,4,ADBE
2024-06-24 00:00:00-04:00,532.0999755859375,534.5800170898438,523.47998046875,524.1699829101562,3067800,0.0,0.0,-0.01737781097934854,0.03814294102710923,4857290.0,478.8469970703125,0,24,6,2024,0,ADBE
2024-06-25 00:00:00-04:00,526.2000122070312,529.6799926757812,522.239990234375,526.8800048828125,3144200,0.0,0.0,0.005170120497191455,0.03782088007210956,4860315.0,481.41949768066405,0,25,6,2024,1,ADBE
2024-06-26 00:00:00-04:00,528.5800170898438,530.6599731445312,526.010009765625,528.6599731445312,2931700,0.0,0.0,0.0033783181089110936,0.037824451055214876,4878135.0,483.9309967041016,0,26,6,2024,2,ADBE
2024-06-27 00:00:00-04:00,533.2100219726562,549.1599731445312,532.0999755859375,546.760009765625,4734100,0.0,0.0,0.034237577158400256,0.03830719201057832,5004100.0,487.38899688720704,0,27,6,2024,3,ADBE
2024-06-28 00:00:00-04:00,549.7000122070312,558.47998046875,548.010009765625,555.5399780273438,5084500,0.0,0.0,0.016058175625321303,0.03414895159731636,4977980.0,492.8724960327148,0,28,6,2024,4,ADBE
2024-07-01 00:00:00-04:00,551.3699951171875,561.2100219726562,549.72998046875,560.010009765625,3070200,0.0,0.0,0.008046282743059852,0.0340016048827662,4757115.0,498.63499603271487,0,1,7,2024,0,ADBE
2024-07-02 00:00:00-04:00,560.0,570.1400146484375,560.0,567.7100219726562,3054500,0.0,0.0,0.013749776026778182,0.03348854415733547,4711455.0,505.0694976806641,0,2,7,2024,1,ADBE
2024-07-03 00:00:00-04:00,564.2899780273438,571.8300170898438,564.0,570.1500244140625,1664400,0.0,0.0,0.004297973167582736,0.033494059139706614,4635495.0,511.1584991455078,0,3,7,2024,2,ADBE
2024-07-05 00:00:00-04:00,570.9099731445312,580.5499877929688,568.9199829101562,578.3400268554688,2808600,0.0,0.0,0.014364644550919792,0.03348385059724004,4611175.0,517.2855010986328,0,5,7,2024,4,ADBE
2024-07-08 00:00:00-04:00,573.1799926757812,576.75,563.9199829101562,575.4000244140625,3007400,0.0,0.0,-0.005083518872784132,0.03367879278561949,4599795.0,523.1490020751953,0,8,7,2024,0,ADBE
2024-07-09 00:00:00-04:00,573.0499877929688,575.010009765625,562.4600219726562,566.02001953125,2167600,0.0,0.0,-0.0163017109572845,0.03424514686444694,4573965.0,528.1785034179687,0,9,7,2024,1,ADBE
2024-07-10 00:00:00-04:00,564.7100219726562,566.9299926757812,558.2100219726562,564.5499877929688,2368400,0.0,0.0,-0.0025971373583193458,0.033992952460366634,4531765.0,533.4090026855469,0,10,7,2024,2,ADBE
2024-07-11 00:00:00-04:00,564.0,572.6199951171875,557.0900268554688,557.6300048828125,3189200,0.0,0.0,-0.012257520254688181,0.03437175754789127,4555040.0,538.1560028076171,0,11,7,2024,3,ADBE
2024-07-12 00:00:00-04:00,555.0999755859375,562.489990234375,552.3200073242188,559.0499877929688,2014000,0.0,0.0,0.0025464607315286436,0.034214127489259206,4473370.0,543.1150024414062,0,12,7,2024,4,ADBE
2024-07-15 00:00:00-04:00,560.22998046875,568.22998046875,560.22998046875,565.7100219726562,1887800,0.0,0.0,0.011913128208767443,0.03408214978194053,4139860.0,548.4635040283204,0,15,7,2024,0,ADBE
2024-07-16 00:00:00-04:00,564.5999755859375,570.0999755859375,562.0800170898438,566.5399780273438,1539900,0.0,0.0,0.0014671050935131102,0.012887773799754327,3474525.0,550.5250030517578,0,16,7,2024,1,ADBE
2024-07-17 00:00:00-04:00,563.9299926757812,565.0,556.4600219726562,563.0900268554688,2316300,0.0,0.0,-0.006089510547671373,0.012533768498297309,3232150.0,552.7425048828125,0,17,7,2024,2,ADBE
2024-07-18 00:00:00-04:00,564.1799926757812,564.260009765625,556.0700073242188,556.8499755859375,2184700,0.0,0.0,-0.011081800372807704,0.012968128059446318,3130090.0,554.4725036621094,0,18,7,2024,3,ADBE
2024-07-19 00:00:00-04:00,557.0499877929688,561.0900268554688,548.9600219726562,551.0,2601900,0.0,0.0,-0.010505478750864494,0.01332749465432815,2972565.0,555.8750030517579,0,19,7,2024,4,ADBE
2024-07-22 00:00:00-04:00,558.6500244140625,560.1900024414062,552.7100219726562,554.8200073242188,2391700,0.0,0.0,0.006932862657384353,0.012737782234464777,2761445.0,556.9440032958985,0,22,7,2024,0,ADBE
2024-07-23 00:00:00-04:00,556.489990234375,557.25,544.4400024414062,546.010009765625,2363900,0.0,0.0,-0.01587901921757029,0.012621385765500462,2726250.0,558.0360046386719,0,23,7,2024,1,ADBE
2024-07-24 00:00:00-04:00,543.7999877929688,544.7100219726562,530.3499755859375,531.0399780273438,2630100,0.0,0.0,-0.027417137910543343,0.014210119783579302,2700545.0,558.2440032958984,0,24,7,2024,2,ADBE
2024-07-25 00:00:00-04:00,536.7999877929688,542.280029296875,527.5900268554688,532.1500244140625,2136500,0.0,0.0,0.0020903254606974286,0.014199250629907635,2660785.0,558.418505859375,0,25,7,2024,3,ADBE
2024-07-26 00:00:00-04:00,535.3499755859375,545.5,533.3300170898438,542.4400024414062,2090000,0.0,0.0,0.019336611021814276,0.012636621110053745,2528580.0,558.202505493164,0,26,7,2024,4,ADBE
2024-07-29 00:00:00-04:00,544.2999877929688,544.2999877929688,535.1900024414062,536.6099853515625,1590600,0.0,0.0,-0.010747763925234244,0.012222799955676773,2353885.0,557.256005859375,0,29,7,2024,0,ADBE
2024-07-30 00:00:00-04:00,541.8499755859375,543.6699829101562,530.9500122070312,538.7100219726562,1566900,0.0,0.0,0.003913525052497757,0.012084204201879969,2278720.0,556.1910064697265,0,30,7,2024,1,ADBE
2024-07-31 00:00:00-04:00,547.0499877929688,555.5499877929688,543.77001953125,551.6500244140625,2776000,0.0,0.0,0.024020348450215057,0.012968660856426483,2264795.0,555.3880065917969,0,31,7,2024,2,ADBE
2024-08-01 00:00:00-04:00,549.989990234375,561.97998046875,540.239990234375,546.4099731445312,2075400,0.0,0.0,-0.009498868916206438,0.013019048518899937,2285345.0,554.2010040283203,0,1,8,2024,3,ADBE
2024-08-02 00:00:00-04:00,535.780029296875,536.8400268554688,519.6799926757812,526.1699829101562,2729100,0.0,0.0,-0.03704176576041618,0.014588954733363507,2281370.0,551.5925018310547,0,2,8,2024,4,ADBE
2024-08-05 00:00:00-04:00,504.2300109863281,515.9000244140625,500.0,509.32000732421875,3432200,0.0,0.0,-0.03202382525271241,0.01582586347119223,2302610.0,548.2885009765625,0,5,8,2024,0,ADBE
2024-08-06 00:00:00-04:00,513.6900024414062,519.1599731445312,509.010009765625,514.2000122070312,2076300,0.0,0.0,0.009581412103660147,0.015993162421248344,2298045.0,545.6975006103515,0,6,8,2024,1,ADBE
2024-08-07 00:00:00-04:00,520.9500122070312,531.010009765625,512.8599853515625,513.6199951171875,1663700,0.0,0.0,-0.0011279989810856206,0.016006537533370373,2262810.0,543.1510009765625,0,7,8,2024,2,ADBE
2024-08-08 00:00:00-04:00,520.5900268554688,531.0700073242188,519.5599975585938,530.239990234375,2155100,0.0,0.0,0.032358543816806584,0.01788141854029394,2211105.0,541.7815002441406,0,8,8,2024,3,ADBE
2024-08-09 00:00:00-04:00,528.02001953125,537.280029296875,528.02001953125,536.2999877929688,1272600,0.0,0.0,0.011428782570539697,0.018118494153612573,2174035.0,540.6440002441407,0,9,8,2024,4,ADBE
2024-08-12 00:00:00-04:00,536.0399780273438,538.0800170898438,525.77001953125,530.9299926757812,1450300,0.0,0.0,-0.010013043519330633,0.017899552290024066,2152160.0,538.9049987792969,0,12,8,2024,0,ADBE
2024-08-13 00:00:00-04:00,530.9299926757812,537.719970703125,527.9000244140625,535.219970703125,3063900,0.0,0.0,0.008080119952770248,0.018047173724752525,2228360.0,537.338998413086,0,13,8,2024,1,ADBE
2024-08-14 00:00:00-04:00,536.6199951171875,542.9199829101562,533.2000122070312,539.7899780273438,1915600,0.0,0.0,0.008538559049310335,0.018197691878294536,2208325.0,536.1739959716797,0,14,8,2024,2,ADBE
2024-08-15 00:00:00-04:00,545.1900024414062,557.219970703125,545.010009765625,554.1599731445312,2182400,0.0,0.0,0.026621455940516903,0.019131174642803332,2208210.0,536.0394958496094,0,15,8,2024,3,ADBE
2024-08-16 00:00:00-04:00,552.3499755859375,554.760009765625,547.7999877929688,553.4600219726562,1541600,0.0,0.0,-0.0012630850400529026,0.018976778232769203,2155195.0,536.1624969482422,0,16,8,2024,4,ADBE
2024-08-19 00:00:00-04:00,550.5900268554688,563.77001953125,550.5900268554688,563.1199951171875,1423300,0.0,0.0,0.017453786653100822,0.019310453499943432,2106775.0,536.5774963378906,0,19,8,2024,0,ADBE
2024-08-20 00:00:00-04:00,564.47998046875,568.1799926757812,559.6099853515625,562.25,1219600,0.0,0.0,-0.0015449551156613284,0.01891610097816677,2049560.0,537.3894958496094,0,20,8,2024,1,ADBE
2024-08-21 00:00:00-04:00,562.1300048828125,566.5999755859375,557.9099731445312,565.7899780273438,1401700,0.0,0.0,0.006296092534181952,0.017650520826044683,1988140.0,539.1269958496093,0,21,8,2024,2,ADBE
2024-08-22 00:00:00-04:00,567.0700073242188,572.0,555.6500244140625,557.4400024414062,1627700,0.0,0.0,-0.014758083229134078,0.018108570993971528,1962700.0,540.3914947509766,0,22,8,2024,3,ADBE
2024-08-23 00:00:00-04:00,565.4500122070312,566.52001953125,552.5,558.2999877929688,2023500,0.0,0.0,0.0015427406497490193,0.017668595506962214,1959375.0,541.1844940185547,0,23,8,2024,4,ADBE
2024-08-26 00:00:00-04:00,555.030029296875,560.260009765625,555.030029296875,559.4400024414062,1387500,0.0,0.0,0.0020419392322470475,0.01742833543926108,1949220.0,542.3259948730469,0,26,8,2024,0,ADBE
2024-08-27 00:00:00-04:00,554.4000244140625,569.52001953125,554.3400268554688,567.8200073242188,1404400,0.0,0.0,0.01497927364193119,0.01765871120070823,1941095.0,543.781494140625,0,27,8,2024,1,ADBE
2024-08-28 00:00:00-04:00,568.219970703125,569.5900268554688,557.6699829101562,560.5399780273438,1289700,0.0,0.0,-0.01282101582010331,0.017243472729626237,1866780.0,544.2259918212891,0,28,8,2024,2,ADBE
2024-08-29 00:00:00-04:00,567.0499877929688,578.4000244140625,567.0499877929688,569.6300048828125,1955600,0.0,0.0,0.016216554058210875,0.01738219194934945,1860790.0,545.3869934082031,0,29,8,2024,3,ADBE
2024-08-30 00:00:00-04:00,572.2000122070312,575.6500244140625,568.2899780273438,574.4099731445312,1983000,0.0,0.0,0.008391356179880516,0.014749489385033458,1823485.0,547.7989929199218,0,30,8,2024,4,ADBE
2024-09-03 00:00:00-04:00,576.2999877929688,586.7000122070312,566.7899780273438,571.0399780273438,2757900,0.0,0.0,-0.005866881277737712,0.012296191937051207,1789770.0,550.8849914550781,0,3,9,2024,1,ADBE
2024-09-04 00:00:00-04:00,568.8699951171875,578.8599853515625,565.760009765625,575.25,1615800,0.0,0.0,0.007372552071047256,0.01227039702128285,1766745.0,553.9374908447265,0,4,9,2024,2,ADBE
2024-09-05 00:00:00-04:00,570.75,573.3900146484375,562.530029296875,567.9299926757812,1573600,0.0,0.0,-0.01272491494866368,0.012869254881374822,1762240.0,556.6529907226562,0,5,9,2024,3,ADBE
2024-09-06 00:00:00-04:00,570.9000244140625,573.3099975585938,558.0,563.4099731445312,2096800,0.0,0.0,-0.007958761800823555,0.011457691208136592,1759325.0,558.311489868164,0,6,9,2024,4,ADBE
2024-09-09 00:00:00-04:00,567.6900024414062,574.5700073242188,564.4400024414062,569.8800048828125,1997100,0.0,0.0,0.011483701117625644,0.011459798552987416,1795550.0,559.9904907226562,0,9,9,2024,0,ADBE
2024-09-10 00:00:00-04:00,576.75,577.7999877929688,567.1400146484375,574.47998046875,2030100,0.0,0.0,0.008071831870787305,0.01107748989706828,1824540.0,562.1679901123047,0,10,9,2024,1,ADBE
2024-09-11 00:00:00-04:00,573.010009765625,581.239990234375,559.3499755859375,580.3800048828125,2681000,0.0,0.0,0.010270200206538682,0.011130564197607183,1805395.0,564.425991821289,0,11,9,2024,2,ADBE
2024-09-12 00:00:00-04:00,581.4500122070312,587.75,572.97998046875,586.5499877929688,5605300,0.0,0.0,0.010630936383485556,0.011184014714512263,1989880.0,566.7639923095703,0,12,9,2024,3,ADBE
2024-09-13 00:00:00-04:00,532.5700073242188,540.27001953125,526.5999755859375,536.8699951171875,10423500,0.0,0.0,-0.0846986509414378,0.021959341621997225,2401935.0,565.8994934082032,0,13,9,2024,4,ADBE
2024-09-16 00:00:00-04:00,537.4000244140625,537.6900024414062,521.260009765625,521.5,5248200,0.0,0.0,-0.02862889574194316,0.022790857909789908,2587265.0,564.3014923095703,0,16,9,2024,0,ADBE
2024-09-17 00:00:00-04:00,524.2899780273438,527.0999755859375,514.5800170898438,515.030029296875,5164100,0.0,0.0,-0.012406463476749785,0.022374503109452323,2774305.0,561.8969940185547,0,17,9,2024,1,ADBE
2024-09-18 00:00:00-04:00,517.010009765625,517.5800170898438,506.489990234375,508.1300048828125,3997300,0.0,0.0,-0.013397324469570204,0.022457134479494205,2913190.0,559.1909942626953,0,18,9,2024,2,ADBE
2024-09-19 00:00:00-04:00,518.8099975585938,527.47998046875,518.02001953125,526.4400024414062,3582500,0.0,0.0,0.03603408061450031,0.024150960266761137,3022230.0,557.2234954833984,0,19,9,2024,3,ADBE
2024-09-20 00:00:00-04:00,526.4400024414062,528.6300048828125,515.719970703125,522.2999877929688,6100700,0.0,0.0,-0.007864171850995083,0.02402786992469654,3245880.0,555.4664947509766,0,20,9,2024,4,ADBE
2024-09-23 00:00:00-04:00,525.7100219726562,532.0,524.9600219726562,527.8699951171875,2107000,0.0,0.0,0.010664383408767408,0.02420389419335289,3250055.0,553.9449951171875,0,23,9,2024,0,ADBE
2024-09-24 00:00:00-04:00,527.719970703125,530.2999877929688,521.7100219726562,524.0700073242188,2842100,0.0,0.0,-0.007198719056053071,0.02420061585132862,3322785.0,552.1764953613281,0,24,9,2024,1,ADBE
2024-09-25 00:00:00-04:00,526.02001953125,526.1799926757812,516.239990234375,517.9000244140625,3211600,0.0,0.0,-0.011773203625330075,0.023893541642231432,3413145.0,549.6804962158203,0,25,9,2024,2,ADBE
2024-09-26 00:00:00-04:00,520.510009765625,521.3599853515625,512.1099853515625,515.3800048828125,3282400,0.0,0.0,-0.004865841692324846,0.023810474643586738,3512780.0,547.4224975585937,0,26,9,2024,3,ADBE
2024-09-27 00:00:00-04:00,516.52001953125,516.6799926757812,512.2999877929688,515.47998046875,2718300,0.0,0.0,0.00019398421551142242,0.023362910824475405,3550915.0,544.7149963378906,0,27,9,2024,4,ADBE
2024-09-30 00:00:00-04:00,513.8300170898438,518.469970703125,511.739990234375,517.780029296875,2587000,0.0,0.0,0.00446195568261154,0.023263214522268573,3581115.0,541.8834991455078,0,30,9,2024,0,ADBE
2024-10-01 00:00:00-04:00,517.4500122070312,519.0,502.5,502.79998779296875,3730000,0.0,0.0,-0.028931284824268988,0.023876737794710348,3629720.0,538.4714996337891,0,1,10,2024,1,ADBE
2024-10-02 00:00:00-04:00,503.8699951171875,510.19000244140625,502.82000732421875,505.80999755859375,1981600,0.0,0.0,0.005986495303703876,0.02383766715012753,3648010.0,534.9994995117188,0,2,10,2024,2,ADBE
2024-10-03 00:00:00-04:00,501.0199890136719,509.80999755859375,498.5899963378906,503.79998779296875,1921600,0.0,0.0,-0.003973843489307738,0.023790560389496396,3665410.0,531.7929992675781,0,3,10,2024,3,ADBE
2024-10-04 00:00:00-04:00,507.2900085449219,508.55999755859375,503.5899963378906,507.2200012207031,1949300,0.0,0.0,0.006788434915841579,0.023944740601615597,3658035.0,528.9835006713868,0,4,10,2024,4,ADBE
2024-10-07 00:00:00-04:00,503.9599914550781,504.8699951171875,486.3999938964844,487.29998779296875,4870500,0.0,0.0,-0.0392729257123019,0.02478547205826968,3801705.0,524.8544998168945,0,7,10,2024,0,ADBE
2024-10-08 00:00:00-04:00,492.45001220703125,500.0,486.3999938964844,496.239990234375,3551600,0.0,0.0,0.018345993567322694,0.025227632011904866,3877780.0,520.9425003051758,0,8,10,2024,1,ADBE
2024-10-09 00:00:00-04:00,495.8800048828125,495.8800048828125,492.32000732421875,494.0799865722656,2869400,0.0,0.0,-0.0043527400141395445,0.02491123770303565,3887200.0,516.6274993896484,0,9,10,2024,2,ADBE
2024-10-10 00:00:00-04:00,490.5400085449219,506.45001220703125,489.3500061035156,503.57000732421875,2775100,0.0,0.0,0.019207458326315097,0.02531419080479008,3745690.0,512.4785003662109,0,10,10,2024,3,ADBE
2024-10-11 00:00:00-04:00,504.7799987792969,507.9800109863281,494.8999938964844,495.4200134277344,2992400,0.0,0.0,-0.016184430720547427,0.017810176269018013,3374135.0,510.40600128173827,0,11,10,2024,4,ADBE
2024-10-14 00:00:00-04:00,501.79998779296875,514.260009765625,500.4100036621094,509.6499938964844,3411500,0.0,0.0,0.028723063427121165,0.01822426337515176,3282300.0,509.8135009765625,0,14,10,2024,0,ADBE
2024-10-15 00:00:00-04:00,513.8200073242188,517.77001953125,506.79998779296875,508.0299987792969,3605700,0.0,0.0,-0.0031786424734393526,0.018035874415684813,3204380.0,509.46349945068357,0,15,10,2024,1,ADBE
2024-10-16 00:00:00-04:00,506.3900146484375,506.8399963378906,500.25,502.5400085449219,1859100,0.0,0.0,-0.010806429241514204,0.01794767332649821,3097470.0,509.1839996337891,0,16,10,2024,2,ADBE
2024-10-17 00:00:00-04:00,506.510009765625,507.5,495.2300109863281,496.8299865722656,2769200,0.0,0.0,-0.01136232314953256,0.015895525794072784,3056805.0,507.70349884033203,0,17,10,2024,3,ADBE
2024-10-18 00:00:00-04:00,491.2900085449219,499.0,491.04998779296875,494.8999938964844,2011100,0.0,0.0,-0.0038846139080627173,0.015853248260749235,2852325.0,506.3334991455078,0,18,10,2024,4,ADBE
2024-10-21 00:00:00-04:00,494.6000061035156,500.6499938964844,492.9599914550781,497.7099914550781,1679700,0.0,0.0,0.005677909867142672,0.015672324582110757,2830960.0,504.8254989624023,0,21,10,2024,0,ADBE
2024-10-22 00:00:00-04:00,496.42999267578125,497.3399963378906,488.3599853515625,493.1099853515625,2388700,0.0,0.0,-0.009242342292681949,0.015708994974831914,2808290.0,503.27749786376955,0,22,10,2024,1,ADBE
2024-10-23 00:00:00-04:00,492.0,493.8299865722656,483.3900146484375,485.0299987792969,2021300,0.0,0.0,-0.01638576952868842,0.015878721115969358,2748775.0,501.6339965820313,0,23,10,2024,2,ADBE
2024-10-24 00:00:00-04:00,486.6300048828125,488.4700012207031,480.05999755859375,482.8699951171875,2100300,0.0,0.0,-0.004453340345021095,0.015876646673505797,2689670.0,500.00849609375,0,24,10,2024,3,ADBE
2024-10-25 00:00:00-04:00,483.4200134277344,488.3399963378906,482.5199890136719,483.7200012207031,2426800,0.0,0.0,0.0017603208153560423,0.01589776676604322,2675095.0,498.42049713134764,0,25,10,2024,4,ADBE
2024-10-28 00:00:00-04:00,487.6499938964844,488.489990234375,480.4800109863281,481.0400085449219,2302300,0.0,0.0,-0.005540380114566479,0.01580595138060993,2660860.0,496.58349609375,0,28,10,2024,0,ADBE
2024-10-29 00:00:00-04:00,481.9200134277344,487.55999755859375,479.3299865722656,485.3900146484375,2089500,0.0,0.0,0.009042919562291196,0.014848897445099301,2578835.0,495.71299743652344,0,29,10,2024,1,ADBE
2024-10-30 00:00:00-04:00,482.239990234375,492.20001220703125,482.239990234375,486.67999267578125,2728600,0.0,0.0,0.0026576113813920887,0.014777215246370923,2616185.0,494.7564971923828,0,30,10,2024,2,ADBE
2024-10-31 00:00:00-04:00,486.0,486.04998779296875,477.3800048828125,478.0799865722656,2978700,0.0,0.0,-0.01767076155367009,0.01519372511743896,2669040.0,493.47049713134766,0,31,10,2024,3,ADBE
2024-11-01 00:00:00-04:00,475.4100036621094,485.1600036621094,475.04998779296875,482.79998779296875,2851600,0.0,0.0,0.009872827462501732,0.015308258761540268,2714155.0,492.24949645996094,0,1,11,2024,4,ADBE
2024-11-04 00:00:00-05:00,479.0299987792969,483.760009765625,477.3699951171875,481.3500061035156,1954900,0.0,0.0,-0.003003276151852141,0.012615846112708468,2568375.0,491.9519973754883,0,4,11,2024,0,ADBE
2024-11-05 00:00:00-05:00,483.0899963378906,486.6600036621094,480.4700012207031,486.4200134277344,1588100,0.0,0.0,0.010532891367884156,0.012111164585259486,2470200.0,491.46099853515625,0,5,11,2024,1,ADBE
2024-11-06 00:00:00-05:00,492.92999267578125,506.2099914550781,492.92999267578125,504.8299865722656,2969900,0.0,0.0,0.03784789407573652,0.014849861043803298,2475225.0,491.9984985351563,0,6,11,2024,2,ADBE
2024-11-07 00:00:00-05:00,510.6600036621094,510.6600036621094,495.29998779296875,500.9200134277344,2640300,0.0,0.0,-0.007745128555218139,0.014342106192324193,2468485.0,491.86599884033205,0,7,11,2024,3,ADBE
2024-11-08 00:00:00-05:00,503.8299865722656,505.0,493.69000244140625,494.67999267578125,2856900,0.0,0.0,-0.012457120068438576,0.014145892575270248,2461710.0,491.82899780273436,0,8,11,2024,4,ADBE
2024-11-11 00:00:00-05:00,493.6000061035156,507.7200012207031,493.6000061035156,504.4800109863281,3536600,0.0,0.0,0.01981082407949719,0.013309762214333377,2467965.0,491.57049865722655,0,11,11,2024,0,ADBE
2024-11-12 00:00:00-05:00,504.3900146484375,528.9099731445312,504.2699890136719,526.4199829101562,4125300,0.0,0.0,0.0434902700722124,0.016508435381597637,2493945.0,492.48999786376953,0,12,11,2024,1,ADBE
2024-11-13 00:00:00-05:00,523.7899780273438,539.9199829101562,520.5900268554688,532.5,3470200,0.0,0.0,0.011549745996024319,0.016358479597283312,2574500.0,493.9879974365234,0,13,11,2024,2,ADBE
2024-11-14 00:00:00-05:00,530.5499877929688,534.6400146484375,523.4600219726562,529.8699951171875,3098800,0.0,0.0,-0.0049389763057511304,0.016122500303100303,2590980.0,495.6399978637695,0,14,11,2024,3,ADBE
2024-11-15 00:00:00-05:00,520.2999877929688,524.5,498.80999755859375,503.3699951171875,4612400,0.0,0.0,-0.05001226762073818,0.020035766932313497,2721045.0,496.06349792480466,0,15,11,2024,4,ADBE
2024-11-18 00:00:00-05:00,505.0,505.510009765625,497.69000244140625,499.510009765625,2259700,0.0,0.0,-0.007668286526819834,0.02009532148757615,2750045.0,496.153498840332,0,18,11,2024,0,ADBE
2024-11-19 00:00:00-05:00,496.0,502.4100036621094,495.4599914550781,499.6099853515625,1961700,0.0,0.0,0.00020014731233186644,0.019968060897720824,2728695.0,496.478498840332,0,19,11,2024,1,ADBE
2024-11-20 00:00:00-05:00,505.4100036621094,506.3599853515625,494.6099853515625,499.5,1874900,0.0,0.0,-0.0002201424206625946,0.019556840679326847,2721375.0,497.2019989013672,0,20,11,2024,2,ADBE
2024-11-21 00:00:00-05:00,502.1000061035156,508.57000732421875,493.1000061035156,504.44000244140625,2002100,0.0,0.0,0.009889894777590058,0.01958410877930057,2716465.0,498.28049926757814,0,21,11,2024,3,ADBE
2024-11-22 00:00:00-05:00,502.5,513.3699951171875,502.5,512.1500244140625,2287200,0.0,0.0,0.01528431911692385,0.019794301894197966,2709485.0,499.7020004272461,0,22,11,2024,4,ADBE
2024-11-25 00:00:00-05:00,519.0900268554688,523.2100219726562,513.1900024414062,518.72998046875,3320000,0.0,0.0,0.012847712078536855,0.019801527551808813,2760370.0,501.5864990234375,0,25,11,2024,0,ADBE
2024-11-26 00:00:00-05:00,519.9500122070312,525.760009765625,516.3599853515625,525.2999877929688,2415700,0.0,0.0,0.012665563147674197,0.01986687763001697,2776680.0,503.5819976806641,0,26,11,2024,1,ADBE
2024-11-27 00:00:00-05:00,523.2100219726562,525.8800048828125,508.7200012207031,513.6799926757812,2324200,0.0,0.0,-0.022120684156130554,0.02071895008192668,2756460.0,504.93199768066404,0,27,11,2024,2,ADBE
2024-11-29 00:00:00-05:00,517.6500244140625,517.6500244140625,513.5800170898438,515.9299926757812,1450200,0.0,0.0,0.004380158916214905,0.020145004172735504,2680035.0,506.82449798583986,0,29,11,2024,4,ADBE
2024-12-02 00:00:00-05:00,512.8499755859375,518.77001953125,511.5299987792969,516.2000122070312,2006900,0.0,0.0,0.0005233646717253126,0.020110251220696856,2637800.0,508.49449920654297,0,2,12,2024,0,ADBE
2024-12-03 00:00:00-05:00,511.0400085449219,516.780029296875,504.510009765625,516.260009765625,2119300,0.0,0.0,0.00011622928549970268,0.020068862115037268,2646020.0,510.23999938964846,0,3,12,2024,1,ADBE
2024-12-04 00:00:00-05:00,523.02001953125,541.77001953125,521.010009765625,536.489990234375,3307000,0.0,0.0,0.03918564305984917,0.021550413781852316,2731965.0,512.7434982299804,0,4,12,2024,2,ADBE
2024-12-05 00:00:00-05:00,534.4199829101562,540.1099853515625,529.7899780273438,538.219970703125,2629100,0.0,0.0,0.003224627672911984,0.02012764351520904,2714925.0,514.4129974365235,0,5,12,2024,3,ADBE
2024-12-06 00:00:00-05:00,544.1500244140625,554.3699951171875,542.9000244140625,552.9600219726562,2964100,0.0,0.0,0.027386667295669076,0.020630498745065628,2731115.0,517.0149978637695,0,6,12,2024,4,ADBE
2024-12-09 00:00:00-05:00,556.0999755859375,557.9000244140625,546.1099853515625,547.9299926757812,3588700,0.0,0.0,-0.009096551463034563,0.02049271333856015,2767705.0,519.6774978637695,0,9,12,2024,0,ADBE
2024-12-10 00:00:00-05:00,547.3499755859375,552.8300170898438,544.219970703125,547.0499877929688,2762900,0.0,0.0,-0.0016060535005850696,0.020254092818298305,2729020.0,521.8059967041015,0,10,12,2024,1,ADBE
2024-12-11 00:00:00-05:00,547.0499877929688,552.2999877929688,541.739990234375,549.9299926757812,6690600,0.0,0.0,0.005264610085143451,0.018039166324495787,2857285.0,522.9814971923828,0,11,12,2024,2,ADBE
2024-12-12 00:00:00-05:00,487.5,494.0,470.8999938964844,474.6300048828125,17344900,0.0,0.0,-0.13692649754668484,0.03582980559864951,3551020.0,520.0879974365234,0,12,12,2024,3,ADBE
2024-12-13 00:00:00-05:00,473.9800109863281,474.9100036621094,456.79998779296875,465.69000244140625,11395500,0.0,0.0,-0.01883572961977731,0.035961412154284035,3965855.0,516.8789978027344,0,13,12,2024,4,ADBE
2024-12-16 00:00:00-05:00,467.19000244140625,473.6199951171875,461.20001220703125,461.5299987792969,5807000,0.0,0.0,-0.008932988984733048,0.03444291446187276,4025585.0,514.7869979858399,0,16,12,2024,0,ADBE
2024-12-17 00:00:00-05:00,460.5899963378906,465.8599853515625,452.4800109863281,455.2300109863281,7514500,0.0,0.0,-0.013650223841638942,0.034504905255270335,4288325.0,512.572998046875,0,17,12,2024,1,ADBE
2024-12-18 00:00:00-05:00,453.239990234375,455.25,441.1000061035156,441.30999755859375,6511100,0.0,0.0,-0.030577978366528313,0.034989676533100006,4515795.0,509.6579986572266,0,18,12,2024,2,ADBE
2024-12-19 00:00:00-05:00,443.4100036621094,449.0,437.1099853515625,437.3900146484375,6479500,0.0,0.0,-0.008882606176706442,0.03497370983553833,4746025.0,506.55249938964846,0,19,12,2024,3,ADBE
2024-12-20 00:00:00-05:00,433.0199890136719,451.4200134277344,432.4700012207031,447.1700134277344,8220000,0.0,0.0,0.022359904094193306,0.035380557873866146,5056920.0,503.68899993896486,0,20,12,2024,4,ADBE
2024-12-23 00:00:00-05:00,447.0,451.42999267578125,443.4200134277344,446.739990234375,3781200,0.0,0.0,-0.0009616548078952292,0.035066512042807856,5131620.0,500.41849822998046,0,23,12,2024,0,ADBE
2024-12-24 00:00:00-05:00,446.5,448.8699951171875,442.57000732421875,447.94000244140625,1685000,0.0,0.0,0.002686153541798797,0.034849224095080795,5049870.0,496.8789993286133,0,24,12,2024,1,ADBE
2024-12-26 00:00:00-05:00,445.8500061035156,452.3399963378906,444.67999267578125,450.1600036621094,2131200,0.0,0.0,0.004956023593792658,0.03466601678668569,5035645.0,493.1220001220703,0,26,12,2024,3,ADBE
2024-12-27 00:00:00-05:00,446.8800048828125,449.9100036621094,441.1099853515625,446.4800109863281,2947200,0.0,0.0,-0.008174854820161781,0.034487255478232885,5066795.0,489.76200103759766,0,27,12,2024,4,ADBE
2024-12-30 00:00:00-05:00,442.94000244140625,447.6000061035156,438.57000732421875,445.79998779296875,3473200,0.0,0.0,-0.0015230764572351507,0.034415521185404224,5167945.0,486.25550079345703,0,30,12,2024,0,ADBE
2024-12-31 00:00:00-05:00,446.3500061035156,448.5,442.80999755859375,444.67999267578125,2285100,0.0,0.0,-0.0025123264868899264,0.03438879493446382,5181855.0,482.6794998168945,0,31,12,2024,1,ADBE
2025-01-02 00:00:00-05:00,447.760009765625,450.1199951171875,440.55999755859375,441.0,2504700,0.0,0.0,-0.00827559759016272,0.03435081932813792,5201125.0,478.91649932861327,0,2,1,2025,3,ADBE
2025-01-03 00:00:00-05:00,429.45001220703125,433.29998779296875,425.32000732421875,430.57000732421875,5617000,0.0,0.0,-0.02365077704258789,0.032715333733912985,5316625.0,473.6205001831055,0,3,1,2025,4,ADBE
2025-01-06 00:00:00-05:00,431.8800048828125,436.4100036621094,427.7900085449219,431.17999267578125,3994400,0.0,0.0,0.0014166926195191554,0.032678221853403584,5384890.0,468.2685012817383,0,6,1,2025,0,ADBE
2025-01-07 00:00:00-05:00,431.3699951171875,435.17999267578125,420.510009765625,422.6300048828125,4181400,0.0,0.0,-0.01982927765249487,0.031482503754013624,5445755.0,461.7520004272461,0,7,1,2025,1,ADBE
2025-01-08 00:00:00-05:00,417.3399963378906,422.6600036621094,415.510009765625,419.5799865722656,3508800,0.0,0.0,-0.007216757625603476,0.03149706310933001,5441760.0,455.3345001220703,0,8,1,2025,2,ADBE
2025-01-10 00:00:00-05:00,410.0,413.1000061035156,405.32000732421875,405.9200134277344,5564300,0.0,0.0,-0.03255630292599421,0.03168083757334515,5581830.0,448.2780014038086,0,10,1,2025,4,ADBE
2025-01-13 00:00:00-05:00,404.2699890136719,409.9599914550781,403.75,408.5,4558800,0.0,0.0,0.006355898913382729,0.03171721040150461,5475240.0,441.20650177001954,0,13,1,2025,0,ADBE
2025-01-14 00:00:00-05:00,407.25,412.75,405.07000732421875,412.7099914550781,3577100,0.0,0.0,0.010305976634218172,0.013725320390513752,4786850.0,438.1105010986328,0,14,1,2025,1,ADBE
2025-01-15 00:00:00-05:00,421.70001220703125,423.9700012207031,415.6600036621094,417.2799987792969,4345800,0.0,0.0,0.011073168614373463,0.013980537381525828,4434365.0,435.6900009155273,0,15,1,2025,2,ADBE
2025-01-16 00:00:00-05:00,418.2099914550781,428.8900146484375,418.0,426.92999267578125,4185600,0.0,0.0,0.023125944029702472,0.015324901165531502,4353295.0,433.9600006103516,0,16,1,2025,3,ADBE
2025-01-17 00:00:00-05:00,434.3500061035156,435.989990234375,425.70001220703125,429.989990234375,4012700,0.0,0.0,0.007167445743071932,0.015325955893107918,4178205.0,432.69799957275393,0,17,1,2025,4,ADBE
2025-01-21 00:00:00-05:00,433.260009765625,439.9800109863281,431.5,436.3599853515625,3833300,0.0,0.0,0.0148142869877399,0.014313409718246099,4044315.0,432.4504989624023,0,21,1,2025,1,ADBE
2025-01-22 00:00:00-05:00,438.0,439.7300109863281,433.42999267578125,437.32000732421875,3391600,0.0,0.0,0.0022000687617651504,0.014184367899128627,3889920.0,432.4469985961914,0,22,1,2025,2,ADBE
2025-01-23 00:00:00-05:00,435.8800048828125,437.7300109863281,432.489990234375,437.2799987792969,2716700,0.0,0.0,-9.14857409947123e-05,0.013181971191450603,3614755.0,431.9524978637695,0,23,1,2025,3,ADBE
2025-01-24 00:00:00-05:00,437.2799987792969,441.8800048828125,434.7300109863281,435.3800048828125,2631800,0.0,0.0,-0.0043450281325200235,0.013202680552913577,3557285.0,431.3844985961914,0,24,1,2025,4,ADBE
2025-01-27 00:00:00-05:00,430.2300109863281,445.45001220703125,430.1199951171875,438.6000061035156,5086300,0.0,0.0,0.007395840839245382,0.013317216209434494,3727350.0,430.91749877929686,0,27,1,2025,0,ADBE
2025-01-28 00:00:00-05:00,436.2699890136719,445.80999755859375,431.6400146484375,442.8399963378906,5376400,0.0,0.0,0.009667100263045292,0.01346832588944916,3889610.0,430.55149841308594,0,28,1,2025,1,ADBE
2025-01-29 00:00:00-05:00,439.9200134277344,444.3599853515625,438.8299865722656,441.67999267578125,2997600,0.0,0.0,-0.0026194645282768825,0.013363640410425169,3892130.0,430.3114974975586,0,29,1,2025,2,ADBE
2025-01-30 00:00:00-05:00,439.6700134277344,448.4200134277344,439.2300109863281,446.0,3290100,0.0,0.0,0.00978085354975522,0.01355377428755061,3882975.0,430.32149810791014,0,30,1,2025,3,ADBE
2025-01-31 00:00:00-05:00,446.9800109863281,447.010009765625,435.8299865722656,437.45001220703125,4689100,0.0,0.0,-0.019170376217418683,0.014218933555792072,4003175.0,429.95999908447266,0,31,1,2025,4,ADBE
2025-02-03 00:00:00-05:00,437.79998779296875,442.739990234375,430.8800048828125,438.6000061035156,3348700,0.0,0.0,0.002628857845225374,0.014122811463509143,4045375.0,429.8399993896484,0,3,2,2025,0,ADBE
2025-02-04 00:00:00-05:00,435.42999267578125,443.5799865722656,434.260009765625,440.2300109863281,2647700,0.0,0.0,0.0037163813500444842,0.013010794070993523,3896910.0,430.32299957275393,0,4,2,2025,1,ADBE
2025-02-05 00:00:00-05:00,440.75,444.95001220703125,436.2699890136719,437.6300048828125,2937800,0.0,0.0,-0.0059060173968839,0.013106788056696777,3844080.0,430.64550018310547,0,5,2,2025,2,ADBE
2025-02-06 00:00:00-05:00,437.6300048828125,439.9599914550781,434.3500061035156,435.3999938964844,2568100,0.0,0.0,-0.005095653774757181,0.012272294846918436,3763415.0,431.28399963378905,0,6,2,2025,3,ADBE
2025-02-07 00:00:00-05:00,436.239990234375,441.0,432.4100036621094,433.07000732421875,2693500,0.0,0.0,-0.005351370245585185,0.012208993756668292,3722650.0,431.95850067138673,0,7,2,2025,4,ADBE
2025-02-10 00:00:00-05:00,439.25,453.3699951171875,439.0,451.1000061035156,3946700,0.0,0.0,0.04163298883406319,0.012533709466314016,3641770.0,434.2175003051758,0,10,2,2025,0,ADBE
2025-02-11 00:00:00-05:00,449.0,461.54998779296875,448.2900085449219,458.82000732421875,3257000,0.0,0.0,0.01711372448736248,0.012806378717904389,3576680.0,436.7335006713867,0,11,2,2025,1,ADBE
2025-02-12 00:00:00-05:00,458.0,463.0,451.29998779296875,462.760009765625,3308500,0.0,0.0,0.008587250726889373,0.012781013465684346,3563250.0,439.2360015869141,0,12,2,2025,2,ADBE
2025-02-13 00:00:00-05:00,465.2099914550781,465.70001220703125,457.0299987792969,459.2200012207031,2794400,0.0,0.0,-0.007649771955694273,0.013058375053270295,3485680.0,441.3330017089844,0,13,2,2025,3,ADBE
2025-02-14 00:00:00-05:00,463.3500061035156,464.989990234375,458.0,460.1600036621094,2623000,0.0,0.0,0.0020469544856660526,0.012339071076921927,3407550.0,442.99450225830077,0,14,2,2025,4,ADBE
2025-02-18 00:00:00-05:00,462.6499938964844,464.3299865722656,453.07000732421875,464.1099853515625,2973800,0.0,0.0,0.008583930932757777,0.012363300498464553,3355605.0,444.7005020141602,0,18,2,2025,1,ADBE
2025-02-19 00:00:00-05:00,463.6099853515625,463.6099853515625,455.32000732421875,456.989990234375,2965500,0.0,0.0,-0.015341180629402151,0.012793137163627191,3312215.0,445.7320022583008,0,19,2,2025,2,ADBE
2025-02-20 00:00:00-05:00,457.44000244140625,461.0,451.57000732421875,454.69000244140625,2337600,0.0,0.0,-0.005032906282671834,0.012900547966913343,3259515.0,446.60050201416016,0,20,2,2025,3,ADBE
2025-02-21 00:00:00-05:00,453.2799987792969,453.75,440.69000244140625,444.32000732421875,3376000,0.0,0.0,-0.022806736593078747,0.014045996099397605,3292480.0,446.95250244140624,0,21,2,2025,4,ADBE
2025-02-24 00:00:00-05:00,445.1099853515625,446.2799987792969,440.9100036621094,444.4200134277344,2807900,0.0,0.0,0.00022507675069127764,0.013993393675501288,3301285.0,447.40450286865234,0,24,2,2025,0,ADBE
2025-02-25 00:00:00-05:00,443.4700012207031,447.489990234375,439.1700134277344,443.4100036621094,2612700,0.0,0.0,-0.002272646899573627,0.01393205591295584,3177605.0,447.645002746582,0,25,2,2025,1,ADBE
2025-02-26 00:00:00-05:00,443.79998779296875,447.6499938964844,438.3999938964844,441.5,1947600,0.0,0.0,-0.004307533989613921,0.013805182937784117,3006165.0,447.5780029296875,0,26,2,2025,2,ADBE
2025-02-27 00:00:00-05:00,441.7900085449219,444.57000732421875,436.82000732421875,437.19000244140625,2340200,0.0,0.0,-0.009762168875637078,0.013966278691152962,2973295.0,447.35350341796874,0,27,2,2025,3,ADBE
2025-02-28 00:00:00-05:00,438.1600036621094,440.3699951171875,432.1000061035156,438.55999755859375,3936900,0.0,0.0,0.003133637799439537,0.013788737947553573,3005635.0,446.98150329589845,0,28,2,2025,4,ADBE
2025-03-03 00:00:00-05:00,440.6499938964844,448.0899963378906,438.2099914550781,440.7200012207031,2607700,0.0,0.0,0.004925218155175548,0.013131703208285238,2901565.0,447.145002746582,0,3,3,2025,0,ADBE
2025-03-04 00:00:00-05:00,439.25,448.82000732421875,434.70001220703125,446.0299987792969,2942200,0.0,0.0,0.012048460573348407,0.01338040060810813,2881240.0,447.5165023803711,0,4,3,2025,1,ADBE
2025-03-05 00:00:00-05:00,443.6499938964844,453.260009765625,443.1099853515625,451.239990234375,2406200,0.0,0.0,0.011680809518052504,0.013584823492340643,2869165.0,448.06700134277344,0,5,3,2025,2,ADBE
2025-03-06 00:00:00-05:00,444.7300109863281,452.19000244140625,441.19000244140625,444.7799987792969,2732100,0.0,0.0,-0.014316088101417601,0.013945722611215587,2858880.0,448.4245010375977,0,6,3,2025,3,ADBE
2025-03-07 00:00:00-05:00,442.0,452.510009765625,440.989990234375,449.3999938964844,3039500,0.0,0.0,0.010387146746407394,0.01402476684775125,2882450.0,449.12450103759767,0,7,3,2025,4,ADBE
2025-03-10 00:00:00-04:00,443.1099853515625,444.5400085449219,433.2300109863281,435.0799865722656,4001600,0.0,0.0,-0.03186472523076456,0.015857338909730984,2947855.0,449.225,0,10,3,2025,0,ADBE
2025-03-11 00:00:00-04:00,432.8800048828125,441.3299865722656,431.0,433.6600036621094,3145200,0.0,0.0,-0.003263728403927413,0.012535608686129851,2907780.0,448.3529998779297,0,11,3,2025,1,ADBE
2025-03-12 00:00:00-04:00,436.69000244140625,443.8999938964844,435.5,438.6000061035156,5515900,0.0,0.0,0.011391418160977773,0.012137928167969656,3020725.0,447.34199981689454,0,12,3,2025,2,ADBE
2025-03-13 00:00:00-04:00,405.2699890136719,405.7699890136719,374.5,377.8399963378906,14386600,0.0,0.0,-0.13853171208411885,0.0326002917174288,3574630.0,443.0959991455078,0,13,3,2025,3,ADBE
2025-03-14 00:00:00-04:00,379.75,396.3599853515625,377.79998779296875,394.739990234375,6134800,0.0,0.0,0.04472791144474608,0.03479010658697324,3741650.0,439.8719985961914,0,14,3,2025,4,ADBE
2025-03-17 00:00:00-04:00,394.1199951171875,399.94000244140625,387.1300048828125,399.3399963378906,4258500,0.0,0.0,0.011653255857822842,0.03498614402064587,3823425.0,436.8309982299805,0,17,3,2025,0,ADBE
2025-03-18 00:00:00-04:00,395.3599853515625,395.95001220703125,384.57000732421875,391.3699951171875,4297300,0.0,0.0,-0.019957933825289875,0.03492324159643775,3889600.0,433.1939987182617,0,18,3,2025,1,ADBE
2025-03-19 00:00:00-04:00,394.1000061035156,395.260009765625,387.0,387.8900146484375,4349900,0.0,0.0,-0.008891791686043815,0.034880317566757246,3958820.0,429.73899993896487,0,19,3,2025,2,ADBE
2025-03-20 00:00:00-04:00,386.8999938964844,397.82000732421875,385.79998779296875,389.6099853515625,4009500,0.0,0.0,0.0044341711262763095,0.034980251319314606,4042415.0,426.48499908447263,0,20,3,2025,3,ADBE
2025-03-21 00:00:00-04:00,384.1300048828125,389.8500061035156,382.45001220703125,387.260009765625,7607300,0.0,0.0,-0.006031610262290932,0.0347835797983034,4253980.0,423.63199920654296,0,21,3,2025,4,ADBE
2025-03-24 00:00:00-04:00,392.4700012207031,396.8599853515625,391.3800048828125,394.4700012207031,5223000,0.0,0.0,0.018617960216036122,0.03520382460478241,4374735.0,421.1344985961914,0,24,3,2025,0,ADBE
2025-03-25 00:00:00-04:00,393.57000732421875,404.32000732421875,392.989990234375,403.6400146484375,3648600,0.0,0.0,0.02324641518837267,0.035777498183499776,4426530.0,419.1459991455078,0,25,3,2025,1,ADBE
2025-03-26 00:00:00-04:00,403.0,404.5,397.010009765625,397.80999755859375,3425000,0.0,0.0,-0.014443605386650238,0.0358532868020413,4500400.0,416.9614990234375,0,26,3,2025,2,ADBE
2025-03-27 00:00:00-04:00,397.44000244140625,401.4800109863281,392.510009765625,396.1499938964844,2729700,0.0,0.0,-0.00417285556496072,0.03583222345785593,4519875.0,414.9094985961914,0,27,3,2025,3,ADBE
2025-03-28 00:00:00-04:00,393.8900146484375,396.9200134277344,384.760009765625,385.7099914550781,3830300,0.0,0.0,-0.02635366048783594,0.03611744287496102,4514545.0,412.2669982910156,0,28,3,2025,4,ADBE
2025-03-31 00:00:00-04:00,380.0,384.79998779296875,374.6700134277344,383.5299987792969,3960700,0.0,0.0,-0.005651895787187944,0.03603045568348673,4582195.0,409.4074981689453,0,31,3,2025,0,ADBE
2025-04-01 00:00:00-04:00,381.1300048828125,384.0,375.5299987792969,383.20001220703125,3847800,0.0,0.0,-0.0008603931200060755,0.03580001930522319,4627475.0,406.26599884033203,0,1,4,2025,1,ADBE
2025-04-02 00:00:00-04:00,378.2799987792969,388.0,376.5400085449219,385.7799987792969,2859100,0.0,0.0,0.006732741362418748,0.03568168322391759,4650120.0,402.9929992675781,0,2,4,2025,2,ADBE
2025-04-03 00:00:00-04:00,371.8800048828125,376.010009765625,366.2900085449219,367.25,5324400,0.0,0.0,-0.04803255440388399,0.03681615489206518,4779735.0,399.11649932861326,0,3,4,2025,3,ADBE
2025-04-04 00:00:00-04:00,359.0,361.7300109863281,348.79998779296875,349.07000732421875,5867600,0.0,0.0,-0.04950304336495914,0.03759704788357162,4921140.0,394.1,0,4,4,2025,4,ADBE
2025-04-07 00:00:00-04:00,335.5400085449219,358.3599853515625,332.010009765625,340.70001220703125,7690900,0.0,0.0,-0.023977984191043356,0.037416867993583076,5105605.0,389.3810012817383,0,7,4,2025,0,ADBE
2025-04-08 00:00:00-04:00,350.1000061035156,350.739990234375,333.8299865722656,340.0,6650800,0.0,0.0,-0.002054629239654604,0.03743175347757037,5280885.0,384.6980010986328,0,8,4,2025,1,ADBE
2025-04-09 00:00:00-04:00,338.739990234375,365.7200012207031,333.42999267578125,364.6400146484375,7186300,0.0,0.0,0.07247063131893383,0.04164246934054103,5364405.0,381.00000152587893,0,9,4,2025,2,ADBE
2025-04-10 00:00:00-04:00,360.9700012207031,362.5,341.5199890136719,350.04998779296875,5695000,0.0,0.0,-0.040012138737805625,0.02948111373582014,4929825.0,379.6105010986328,0,10,4,2025,3,ADBE
2025-04-11 00:00:00-04:00,351.44000244140625,353.1000061035156,342.3500061035156,352.4700012207031,3941800,0.0,0.0,0.006913336700830497,0.027368755255725945,4820175.0,377.4970016479492,0,11,4,2025,4,ADBE
2025-04-14 00:00:00-04:00,359.510009765625,362.04998779296875,348.5,350.9100036621094,3286000,0.0,0.0,-0.00442590164607215,0.027079367528514694,4771550.0,375.0755020141602,0,14,4,2025,0,ADBE
2025-04-15 00:00:00-04:00,351.04998779296875,356.489990234375,349.19000244140625,350.3800048828125,3030400,0.0,0.0,-0.0015103552870131542,0.0268959732162107,4708205.0,373.02600250244143,0,15,4,2025,1,ADBE
2025-04-16 00:00:00-04:00,345.0,350.3800048828125,341.30999755859375,344.19000244140625,3687900,0.0,0.0,-0.017666540199622882,0.027031017339412638,4675105.0,370.8410018920898,0,16,4,2025,2,ADBE
2025-04-17 00:00:00-04:00,349.75,351.8800048828125,345.0899963378906,348.79998779296875,5206500,0.0,0.0,0.013393722417452514,0.02727940988815615,4734955.0,368.80050201416014,0,17,4,2025,3,ADBE
2025-04-21 00:00:00-04:00,344.57000732421875,346.67999267578125,338.6400146484375,343.2200012207031,3691200,0.0,0.0,-0.015997668484947436,0.027386863126062814,4539150.0,366.59850158691404,0,21,4,2025,0,ADBE
2025-04-22 00:00:00-04:00,349.1400146484375,352.0799865722656,344.3699951171875,349.9100036621094,3250400,0.0,0.0,0.019491878146997488,0.02742831069911763,4440520.0,364.37050170898436,0,22,4,2025,1,ADBE
2025-04-23 00:00:00-04:00,358.1199951171875,363.0,349.79998779296875,351.9599914550781,3168000,0.0,0.0,0.005858614419461672,0.026731884172748258,4416490.0,361.78650054931643,0,23,4,2025,2,ADBE
2025-04-24 00:00:00-04:00,353.5899963378906,361.1199951171875,353.25,360.9100036621094,3085100,0.0,0.0,0.025429061326061486,0.027580850845303317,4399495.0,359.9415008544922,0,24,4,2025,3,ADBE
2025-04-25 00:00:00-04:00,361.70001220703125,369.30999755859375,359.989990234375,367.7200012207031,3499300,0.0,0.0,0.01886896314730424,0.02807195298563015,4437975.0,358.52000122070314,0,25,4,2025,4,ADBE
2025-04-28 00:00:00-04:00,368.04998779296875,370.989990234375,364.5799865722656,368.6199951171875,3163400,0.0,0.0,0.002447497806746135,0.027563611109528874,4404630.0,357.6655014038086,0,28,4,2025,0,ADBE
2025-04-29 00:00:00-04:00,367.2099914550781,373.8800048828125,366.8800048828125,370.9800109863281,2198300,0.0,0.0,0.006402300201838962,0.027609105319360977,4316510.0,357.03800201416016,0,29,4,2025,1,ADBE
2025-04-30 00:00:00-04:00,366.8699951171875,376.0,363.55999755859375,374.9800109863281,3305500,0.0,0.0,0.010782252093219702,0.027741322996556593,4289395.0,356.627001953125,0,30,4,2025,2,ADBE
2025-05-01 00:00:00-04:00,378.29998779296875,380.44000244140625,374.07000732421875,374.6300048828125,2848800,0.0,0.0,-0.0009333993633287019,0.027685841466927825,4288880.0,356.06950225830076,0,1,5,2025,3,ADBE
2025-05-02 00:00:00-04:00,380.0899963378906,383.55999755859375,379.19000244140625,380.8699951171875,2340700,0.0,0.0,0.01665640806407631,0.025615953900413536,4139695.0,356.75050201416013,0,2,5,2025,4,ADBE
2025-05-05 00:00:00-04:00,379.2900085449219,384.5400085449219,378.3999938964844,381.05999755859375,2095600,0.0,0.0,0.0004988642944891986,0.022570217516940706,3951095.0,358.3500015258789,0,5,5,2025,0,ADBE
2025-05-06 00:00:00-04:00,376.57000732421875,386.5199890136719,375.04998779296875,382.9800109863281,2970100,0.0,0.0,0.00503861187223964,0.02154362821088019,3715055.0,360.46400146484376,0,6,5,2025,1,ADBE
2025-05-07 00:00:00-04:00,384.70001220703125,387.8299865722656,380.95001220703125,384.9700012207031,2153000,0.0,0.0,0.0051960681426947986,0.02146033498758748,3490165.0,362.7125015258789,0,7,5,2025,2,ADBE
2025-05-08 00:00:00-04:00,388.29998779296875,388.7300109863281,383.3999938964844,383.989990234375,3383900,0.0,0.0,-0.0025456814380876436,0.014850954480817656,3300045.0,363.6800003051758,0,8,5,2025,3,ADBE
2025-05-09 00:00:00-04:00,386.17999267578125,388.7699890136719,382.3299865722656,383.2799987792969,2031300,0.0,0.0,-0.0018489842785869293,0.01103689206305353,3116860.0,365.3415008544922,0,9,5,2025,4,ADBE
2025-05-12 00:00:00-04:00,394.3299865722656,397.82000732421875,392.760009765625,395.94000244140625,3157700,0.0,0.0,0.03303069218960042,0.012738597709289166,3077655.0,367.51500091552737,0,12,5,2025,0,ADBE
2025-05-13 00:00:00-04:00,395.8999938964844,399.6700134277344,394.7099914550781,397.3999938964844,2664100,0.0,0.0,0.003687405783895814,0.012519480804471558,3046560.0,369.8395004272461,0,13,5,2025,1,ADBE
2025-05-14 00:00:00-04:00,396.8500061035156,400.1199951171875,396.4200134277344,399.4700012207031,2409200,0.0,0.0,0.005208876084577874,0.012387927371438014,3015500.0,372.29400024414065,0,14,5,2025,2,ADBE
2025-05-15 00:00:00-04:00,399.3500061035156,404.8500061035156,399.3500061035156,404.69000244140625,2763800,0.0,0.0,0.01306731720717913,0.011046353842094382,2969295.0,375.3190002441406,0,15,5,2025,3,ADBE
2025-05-16 00:00:00-04:00,414.6199951171875,421.7699890136719,412.05999755859375,417.1300048828125,5387400,0.0,0.0,0.030739584290094824,0.01210674969239505,2978340.0,378.7355010986328,0,16,5,2025,4,ADBE
