Date,Open,High,Low,Close,Volume,Dividends,Stock Splits,Returns,Volatility,Volume_MA,Price_MA,Hour,Day,Month,Year,DayOfWeek,Ticker
2020-05-18 00:00:00-04:00,54.97999954223633,55.25,54.2400016784668,54.59000015258789,48569200,0.0,0.0,,,,,0,18,5,2020,0,AMD
2020-05-19 00:00:00-04:00,54.38999938964844,56.72999954223633,54.36000061035156,55.470001220703125,60388500,0.0,0.0,0.01612018805010962,,,,0,19,5,2020,1,AMD
2020-05-20 00:00:00-04:00,56.54999923706055,56.97999954223633,55.630001068115234,56.38999938964844,50888200,0.0,0.0,0.016585508359461487,,,,0,20,5,2020,2,AMD
2020-05-21 00:00:00-04:00,56.68000030517578,56.720001220703125,54.61000061035156,54.650001525878906,48496100,0.0,0.0,-0.030856497297443553,,,,0,21,5,2020,3,AMD
2020-05-22 00:00:00-04:00,54.77000045776367,55.369998931884766,53.779998779296875,55.16999816894531,43524100,0.0,0.0,0.009515034374155906,,,,0,22,5,2020,4,AMD
2020-05-26 00:00:00-04:00,56.0099983215332,56.08000183105469,53.02000045776367,53.189998626708984,51618900,0.0,0.0,-0.03588906304062289,,,,0,26,5,2020,1,AMD
2020-05-27 00:00:00-04:00,53.27000045776367,53.279998779296875,49.09000015258789,52.7400016784668,102414500,0.0,0.0,-0.008460179730409356,,,,0,27,5,2020,2,AMD
2020-05-28 00:00:00-04:00,52.25,53.540000915527344,51.25,51.7400016784668,53670200,0.0,0.0,-0.018960939859209214,,,,0,28,5,2020,3,AMD
2020-05-29 00:00:00-04:00,52.06999969482422,53.79999923706055,51.849998474121094,53.79999923706055,64666700,0.0,0.0,0.039814408422237824,,,,0,29,5,2020,4,AMD
2020-06-01 00:00:00-04:00,53.310001373291016,54.11000061035156,52.88999938964844,53.630001068115234,36864400,0.0,0.0,-0.0031598173114509853,,,,0,1,6,2020,0,AMD
2020-06-02 00:00:00-04:00,53.45000076293945,53.56999969482422,52.0099983215332,53.540000915527344,42855200,0.0,0.0,-0.0016781680178149516,,,,0,2,6,2020,1,AMD
2020-06-03 00:00:00-04:00,53.599998474121094,53.650001525878906,52.33000183105469,52.72999954223633,46765300,0.0,0.0,-0.01512890099813402,,,,0,3,6,2020,2,AMD
2020-06-04 00:00:00-04:00,52.59000015258789,53.7400016784668,52.20000076293945,52.630001068115234,44869100,0.0,0.0,-0.0018964247105861531,,,,0,4,6,2020,3,AMD
2020-06-05 00:00:00-04:00,52.9900016784668,53.56999969482422,52.08000183105469,53.099998474121094,53908300,0.0,0.0,0.008930218439432869,,,,0,5,6,2020,4,AMD
2020-06-08 00:00:00-04:00,53.29999923706055,53.349998474121094,52.2599983215332,52.970001220703125,39681700,0.0,0.0,-0.0024481592684286735,,,,0,8,6,2020,0,AMD
2020-06-09 00:00:00-04:00,52.95000076293945,56.459999084472656,52.720001220703125,56.38999938964844,79919100,0.0,0.0,0.0645648119715092,,,,0,9,6,2020,1,AMD
2020-06-10 00:00:00-04:00,57.20000076293945,59.0,57.029998779296875,57.439998626708984,78719400,0.0,0.0,0.01862030942410864,,,,0,10,6,2020,2,AMD
2020-06-11 00:00:00-04:00,55.939998626708984,56.68000030517578,52.79999923706055,52.83000183105469,78715400,0.0,0.0,-0.08025760629998857,,,,0,11,6,2020,3,AMD
2020-06-12 00:00:00-04:00,55.0099983215332,55.599998474121094,52.11000061035156,53.5,71189100,0.0,0.0,0.012682153051743361,,,,0,12,6,2020,4,AMD
2020-06-15 00:00:00-04:00,52.58000183105469,54.72999954223633,52.40999984741211,54.68000030517578,56740700,0.0,0.0,0.02205608047057539,,57723205.0,54.059000205993655,0,15,6,2020,0,AMD
2020-06-16 00:00:00-04:00,55.720001220703125,56.06999969482422,53.59000015258789,54.459999084472656,50949700,0.0,0.0,-0.004023431226687468,0.02976323865082875,57842230.0,54.05250015258789,0,16,6,2020,1,AMD
2020-06-17 00:00:00-04:00,54.790000915527344,55.81999969482422,54.29999923706055,54.54999923706055,45146500,0.0,0.0,0.0016525918858039113,0.029533593810511384,57080130.0,54.00650005340576,0,17,6,2020,2,AMD
2020-06-18 00:00:00-04:00,54.619998931884766,55.119998931884766,53.650001525878906,54.040000915527344,40354700,0.0,0.0,-0.00934919025968961,0.02931633585247298,56553455.0,53.88900012969971,0,18,6,2020,3,AMD
2020-06-19 00:00:00-04:00,54.40999984741211,55.459999084472656,53.81999969482422,54.22999954223633,52801500,0.0,0.0,0.003515888665619693,0.02851451347727452,56768725.0,53.86800003051758,0,19,6,2020,4,AMD
2020-06-22 00:00:00-04:00,54.66999816894531,55.16999816894531,53.7400016784668,54.7599983215332,44704800,0.0,0.0,0.009773165844932263,0.028519102634590756,56827760.0,53.847500038146975,0,22,6,2020,0,AMD
2020-06-23 00:00:00-04:00,55.04999923706055,55.369998931884766,53.869998931884766,53.9900016784668,48089000,0.0,0.0,-0.014061297784291993,0.027471072715305245,56651265.0,53.88750019073486,0,23,6,2020,1,AMD
2020-06-24 00:00:00-04:00,53.939998626708984,54.7400016784668,51.91999816894531,52.38999938964844,53535500,0.0,0.0,-0.02963515908643688,0.028256125269153245,54207315.0,53.87000007629395,0,24,6,2020,2,AMD
2020-06-25 00:00:00-04:00,52.560001373291016,52.70000076293945,50.540000915527344,51.93000030517578,51129600,0.0,0.0,-0.00878028421133259,0.027986019783477534,54080285.0,53.879500007629396,0,25,6,2020,3,AMD
2020-06-26 00:00:00-04:00,51.849998474121094,51.95000076293945,49.45000076293945,50.099998474121094,65485700,0.0,0.0,-0.03523978086463242,0.02747259093002882,54121235.0,53.69449996948242,0,26,6,2020,4,AMD
2020-06-29 00:00:00-04:00,50.150001525878906,50.279998779296875,48.41999816894531,50.279998779296875,49905800,0.0,0.0,0.003592820572015709,0.027514484391790106,54773305.0,53.5269998550415,0,29,6,2020,0,AMD
2020-06-30 00:00:00-04:00,51.15999984741211,52.77000045776367,50.81999969482422,52.61000061035156,42275700,0.0,0.0,0.04634053078008593,0.029635918354866966,54744330.0,53.480499839782716,0,30,6,2020,1,AMD
2020-07-01 00:00:00-04:00,52.630001068115234,52.869998931884766,51.599998474121094,52.58000183105469,32370900,0.0,0.0,-0.0005702105863685247,0.029434624679950144,54024610.0,53.47299995422363,0,1,7,2020,2,AMD
2020-07-02 00:00:00-04:00,53.029998779296875,53.189998626708984,52.04999923706055,52.34000015258789,29081400,0.0,0.0,-0.004564504946917847,0.029451017732105306,53235225.0,53.458499908447266,0,2,7,2020,3,AMD
2020-07-06 00:00:00-04:00,52.900001525878906,53.52000045776367,52.33000183105469,53.400001525878906,36769400,0.0,0.0,0.020252223351180154,0.02973630764475373,52378280.0,53.47350006103515,0,6,7,2020,0,AMD
2020-07-07 00:00:00-04:00,53.279998779296875,54.16999816894531,52.86000061035156,52.93000030517578,32153100,0.0,0.0,-0.008801520735450707,0.029805632131832717,52001850.0,53.47150001525879,0,7,7,2020,1,AMD
2020-07-08 00:00:00-04:00,53.0099983215332,53.470001220703125,52.06999969482422,53.43000030517578,35608300,0.0,0.0,0.009446438638148091,0.025844342377421,49786310.0,53.323500061035155,0,8,7,2020,2,AMD
2020-07-09 00:00:00-04:00,53.52000045776367,57.58000183105469,53.310001373291016,57.2599983215332,87216300,0.0,0.0,0.07168253779677425,0.03042922308298806,50211155.0,53.31450004577637,0,9,7,2020,3,AMD
2020-07-10 00:00:00-04:00,57.540000915527344,58.150001525878906,55.5099983215332,55.880001068115234,59839700,0.0,0.0,-0.02410054652235305,0.02464763588603646,49267370.0,53.467000007629395,0,10,7,2020,4,AMD
2020-07-13 00:00:00-04:00,56.68000030517578,58.349998474121094,53.380001068115234,53.59000015258789,57741800,0.0,0.0,-0.04098068847092429,0.026406948757714894,48595005.0,53.47150001525879,0,13,7,2020,0,AMD
2020-07-14 00:00:00-04:00,53.29999923706055,54.86000061035156,52.2599983215332,54.720001220703125,54890100,0.0,0.0,0.021086043383051978,0.026365958297697716,48502475.0,53.47350006103515,0,14,7,2020,1,AMD
2020-07-15 00:00:00-04:00,54.959999084472656,55.369998931884766,53.59000015258789,55.34000015258789,42360300,0.0,0.0,0.011330389584315093,0.026454931556911747,48073005.0,53.51750011444092,0,15,7,2020,2,AMD
2020-07-16 00:00:00-04:00,54.68000030517578,55.150001525878906,53.7400016784668,54.91999816894531,36887100,0.0,0.0,-0.007589482878288978,0.026525936065525633,47660035.0,53.53600006103515,0,16,7,2020,3,AMD
2020-07-17 00:00:00-04:00,55.310001373291016,55.810001373291016,54.68000030517578,55.040000915527344,34710400,0.0,0.0,0.0021850464417876303,0.02642188124543695,47377820.0,53.58600006103516,0,17,7,2020,4,AMD
2020-07-20 00:00:00-04:00,55.22999954223633,57.529998779296875,54.83000183105469,57.459999084472656,45034300,0.0,0.0,0.04396798925674816,0.028099965360136155,46989460.0,53.747500038146974,0,20,7,2020,0,AMD
2020-07-21 00:00:00-04:00,57.810001373291016,58.5,56.31999969482422,57.0,44741000,0.0,0.0,-0.008005553285798106,0.02816444001785355,46991270.0,53.859500122070315,0,21,7,2020,1,AMD
2020-07-22 00:00:00-04:00,57.06999969482422,62.0,56.970001220703125,61.790000915527344,135159400,0.0,0.0,0.08403510378118151,0.033236009306028304,51344790.0,54.24950008392334,0,22,7,2020,2,AMD
2020-07-23 00:00:00-04:00,61.630001068115234,62.33000183105469,58.630001068115234,59.56999969482422,106829100,0.0,0.0,-0.0359281629359105,0.03363134706073122,54009470.0,54.60850009918213,0,23,7,2020,3,AMD
2020-07-24 00:00:00-04:00,64.18000030517578,69.94000244140625,64.05000305175781,69.4000015258789,205314500,0.0,0.0,0.1650159792078827,0.04851001460785702,61718715.0,55.48200016021728,0,24,7,2020,4,AMD
2020-07-27 00:00:00-04:00,69.27999877929688,71.62999725341797,67.79000091552734,68.97000122070312,107918100,0.0,0.0,-0.006195969678983837,0.047326446988806066,63840335.0,56.425500297546385,0,27,7,2020,0,AMD
2020-07-28 00:00:00-04:00,68.0999984741211,69.80000305175781,67.0199966430664,67.61000061035156,94181400,0.0,0.0,-0.019718726783831353,0.04795970078500785,66054115.0,57.29200038909912,0,28,7,2020,1,AMD
2020-07-29 00:00:00-04:00,75.5,77.19000244140625,73.9000015258789,76.08999633789062,132969700,0.0,0.0,0.12542516862868824,0.05353401702698117,70588815.0,58.466000175476076,0,29,7,2020,2,AMD
2020-07-30 00:00:00-04:00,75.37000274658203,78.95999908447266,75.06999969482422,78.19999694824219,80286900,0.0,0.0,0.027730328714720143,0.05333817020118536,72984615.0,59.74699993133545,0,30,7,2020,3,AMD
2020-07-31 00:00:00-04:00,78.66999816894531,78.95999908447266,75.36000061035156,77.43000030517578,71621600,0.0,0.0,-0.00984650477129867,0.053485919688855806,75111625.0,61.00149993896484,0,31,7,2020,4,AMD
2020-08-03 00:00:00-04:00,78.19000244140625,78.5,77.05999755859375,77.66999816894531,42628800,0.0,0.0,0.0030995462072016533,0.05363668379785126,75404595.0,62.214999771118165,0,3,8,2020,0,AMD
2020-08-04 00:00:00-04:00,78.02999877929688,85.80999755859375,77.98999786376953,85.04000091552734,155676100,0.0,0.0,0.09488866898839166,0.05565986708136219,81580745.0,63.82049980163574,0,4,8,2020,1,AMD
2020-08-05 00:00:00-04:00,84.95999908447266,86.31999969482422,83.31999969482422,85.30999755859375,65642600,0.0,0.0,0.003174936972714759,0.05577188960123419,83082460.0,65.41449966430665,0,5,8,2020,2,AMD
2020-08-06 00:00:00-04:00,85.48999786376953,86.9800033569336,84.77999877929688,86.70999908447266,53961700,0.0,0.0,0.016410755666911525,0.054699311898336794,81419730.0,66.88699970245361,0,6,8,2020,3,AMD
2020-08-07 00:00:00-04:00,86.66999816894531,87.29000091552734,82.66999816894531,84.8499984741211,66543200,0.0,0.0,-0.021450820320497943,0.05458410043417157,81754905.0,68.3354995727539,0,7,8,2020,4,AMD
2020-08-10 00:00:00-04:00,85.05000305175781,85.16000366210938,79.31999969482422,82.23999786376953,70536100,0.0,0.0,-0.030760172743522274,0.054003936358709655,82394620.0,69.76799945831299,0,10,8,2020,0,AMD
2020-08-11 00:00:00-04:00,80.70999908447266,80.70999908447266,76.0999984741211,76.87999725341797,77877700,0.0,0.0,-0.06517510639081481,0.057492028689593216,83544000.0,70.87599925994873,0,11,8,2020,1,AMD
2020-08-12 00:00:00-04:00,78.43000030517578,82.87999725341797,77.55000305175781,82.61000061035156,88513700,0.0,0.0,0.07453178410043249,0.05879195248393129,85851670.0,72.23949928283692,0,12,8,2020,2,AMD
2020-08-13 00:00:00-04:00,82.87999725341797,84.0199966430664,81.54000091552734,81.83999633789062,57407400,0.0,0.0,-0.009320957108968408,0.058838747839695886,86877685.0,73.58549919128419,0,13,8,2020,3,AMD
2020-08-14 00:00:00-04:00,81.80999755859375,83.23999786376953,80.87999725341797,81.30000305175781,42389500,0.0,0.0,-0.006598158727956882,0.05902457894247326,87261640.0,74.8984992980957,0,14,8,2020,4,AMD
2020-08-17 00:00:00-04:00,82.08999633789062,83.05999755859375,81.55000305175781,82.41999816894531,31450200,0.0,0.0,0.01377607718507079,0.05879900560311004,86582435.0,76.14649925231933,0,17,8,2020,0,AMD
2020-08-18 00:00:00-04:00,82.80000305175781,82.87999725341797,81.02999877929688,81.66000366210938,30970500,0.0,0.0,-0.009220996405242543,0.05882982724060471,85893910.0,77.3794994354248,0,18,8,2020,1,AMD
2020-08-19 00:00:00-04:00,81.77999877929688,81.8499984741211,80.44999694824219,81.08999633789062,37507400,0.0,0.0,-0.006980251024446549,0.05708511899831381,81011310.0,78.34449920654296,0,19,8,2020,2,AMD
2020-08-20 00:00:00-04:00,79.73999786376953,82.83999633789062,79.12000274658203,82.7699966430664,42948900,0.0,0.0,0.02071772574973929,0.055808835406816464,77817300.0,79.50449905395507,0,20,8,2020,3,AMD
2020-08-21 00:00:00-04:00,83.29000091552734,84.41000366210938,82.2300033569336,83.80999755859375,48280300,0.0,0.0,0.012564950558258348,0.04378421955828405,69965590.0,80.22499885559083,0,21,8,2020,4,AMD
2020-08-24 00:00:00-04:00,84.55000305175781,85.33000183105469,82.55000305175781,83.08000183105469,38036100,0.0,0.0,-0.00871012705887153,0.04383780883730487,66471490.0,80.9304988861084,0,24,8,2020,0,AMD
2020-08-25 00:00:00-04:00,83.36000061035156,86.62000274658203,82.3499984741211,86.3499984741211,49234400,0.0,0.0,0.039359612072662475,0.04370401481928893,64224140.0,81.86749877929688,0,25,8,2020,1,AMD
2020-08-26 00:00:00-04:00,86.97000122070312,87.72000122070312,85.19999694824219,86.0199966430664,47157300,0.0,0.0,-0.0038216773235217882,0.03490274597187408,59933520.0,82.36399879455567,0,26,8,2020,2,AMD
2020-08-27 00:00:00-04:00,86.3499984741211,86.58000183105469,82.94000244140625,83.80000305175781,42194200,0.0,0.0,-0.02580787814396568,0.03525768384783385,58028885.0,82.64399909973145,0,27,8,2020,3,AMD
2020-08-28 00:00:00-04:00,84.30000305175781,86.04000091552734,84.19000244140625,85.55000305175781,40723300,0.0,0.0,0.0208830541320999,0.035290167700581604,56483970.0,83.04999923706055,0,28,8,2020,4,AMD
2020-08-31 00:00:00-04:00,85.05000305175781,92.63999938964844,85.05000305175781,90.81999969482422,90655900,0.0,0.0,0.06160136125159532,0.03743335712786685,58885325.0,83.70749931335449,0,31,8,2020,0,AMD
2020-09-01 00:00:00-04:00,91.91999816894531,92.51000213623047,90.19000244140625,92.18000030517578,55825600,0.0,0.0,0.014974681952449664,0.03152607702023106,53892800.0,84.06449928283692,0,1,9,2020,1,AMD
2020-09-02 00:00:00-04:00,94.01000213623047,94.27999877929688,88.73999786376953,90.22000122070312,50366900,0.0,0.0,-0.0212627367973941,0.03204966832295111,53129015.0,84.30999946594238,0,2,9,2020,2,AMD
2020-09-03 00:00:00-04:00,87.83999633789062,88.47000122070312,81.58999633789062,82.54000091552734,87462700,0.0,0.0,-0.0851252516211829,0.03744832619271343,54804065.0,84.10149955749512,0,3,9,2020,3,AMD
2020-09-04 00:00:00-04:00,81.44999694824219,84.38999938964844,76.33000183105469,82.01000213623047,82267800,0.0,0.0,-0.00642111428904979,0.037182910422821465,55590295.0,83.95949974060059,0,4,9,2020,4,AMD
2020-09-08 00:00:00-04:00,78.05000305175781,81.87999725341797,78.0,78.69000244140625,54955700,0.0,0.0,-0.040482863167217276,0.03765252256867758,54811275.0,83.78199996948243,0,8,9,2020,1,AMD
2020-09-09 00:00:00-04:00,81.4000015258789,82.44000244140625,79.27999877929688,81.91000366210938,54163900,0.0,0.0,0.04092008032533467,0.03563275077735576,53625585.0,84.03350028991699,0,9,9,2020,2,AMD
2020-09-10 00:00:00-04:00,83.06999969482422,83.30999755859375,78.37999725341797,78.9800033569336,51499400,0.0,0.0,-0.035770970262221646,0.03250428702982772,51774870.0,83.8520004272461,0,10,9,2020,3,AMD
2020-09-11 00:00:00-04:00,79.81999969482422,79.98999786376953,75.04000091552734,76.33999633789062,54763000,0.0,0.0,-0.033426271294418775,0.03323894365652963,51642650.0,83.57700042724609,0,11,9,2020,4,AMD
2020-09-14 00:00:00-04:00,76.80000305175781,78.81999969482422,76.26000213623047,77.9000015258789,47448700,0.0,0.0,0.02043496545485146,0.03362977272869061,51895610.0,83.40700035095215,0,14,9,2020,0,AMD
2020-09-15 00:00:00-04:00,77.66000366210938,80.33000183105469,75.97000122070312,78.93000030517578,57874400,0.0,0.0,0.013222063660097705,0.03361667533306173,53216820.0,83.23250045776368,0,15,9,2020,1,AMD
2020-09-16 00:00:00-04:00,79.3499984741211,79.72000122070312,76.54000091552734,76.66000366210938,38393500,0.0,0.0,-0.028759617816922156,0.034129264071744825,53587970.0,82.98250045776368,0,16,9,2020,2,AMD
2020-09-17 00:00:00-04:00,74.87999725341797,76.62999725341797,74.19999694824219,76.55000305175781,55619100,0.0,0.0,-0.0014349152765033013,0.034114280918354736,54493555.0,82.75550079345703,0,17,9,2020,3,AMD
2020-09-18 00:00:00-04:00,77.0,77.4000015258789,73.8499984741211,74.93000030517578,51082900,0.0,0.0,-0.021162673834078105,0.03391067281857782,54900255.0,82.3635009765625,0,18,9,2020,4,AMD
2020-09-21 00:00:00-04:00,74.2300033569336,77.9800033569336,73.87999725341797,77.94000244140625,61312000,0.0,0.0,0.040170854450437776,0.03517625555949185,55551840.0,82.07000122070312,0,21,9,2020,0,AMD
2020-09-22 00:00:00-04:00,78.36000061035156,78.79000091552734,75.2699966430664,77.69999694824219,56044700,0.0,0.0,-0.003079362145831266,0.035150933507895055,56452270.0,81.8010009765625,0,22,9,2020,1,AMD
2020-09-23 00:00:00-04:00,77.38999938964844,77.91000366210938,74.33999633789062,74.7300033569336,42327500,0.0,0.0,-0.038223857245283765,0.034534862459154915,56106925.0,81.22000122070312,0,23,9,2020,2,AMD
2020-09-24 00:00:00-04:00,74.54000091552734,77.25,73.9000015258789,75.81999969482422,57540900,0.0,0.0,0.014585792706103051,0.03485738455879388,56626105.0,80.71000137329102,0,24,9,2020,3,AMD
2020-09-25 00:00:00-04:00,76.3499984741211,78.19999694824219,74.66999816894531,78.05999755859375,48206200,0.0,0.0,0.029543627971320596,0.03537112738824527,56926705.0,80.42300109863281,0,25,9,2020,4,AMD
2020-09-28 00:00:00-04:00,79.12000274658203,79.56999969482422,77.5199966430664,79.4800033569336,48005500,0.0,0.0,0.018191209873840375,0.035280709417170576,57290815.0,80.1195011138916,0,28,9,2020,0,AMD
2020-09-29 00:00:00-04:00,79.30000305175781,82.55000305175781,79.30000305175781,81.7699966430664,61568900,0.0,0.0,0.028812194129494095,0.032791068481865714,55836465.0,79.66700096130371,0,29,9,2020,1,AMD
2020-09-30 00:00:00-04:00,81.75,82.94000244140625,80.66000366210938,81.98999786376953,51533700,0.0,0.0,0.0026904883176581684,0.032516756047049455,55621870.0,79.15750083923339,0,30,9,2020,2,AMD
2020-10-01 00:00:00-04:00,83.05999755859375,85.25,82.86000061035156,84.86000061035156,52177100,0.0,0.0,0.03500430322428705,0.03348529307825799,55712380.0,78.88950080871582,0,1,10,2020,3,AMD
2020-10-02 00:00:00-04:00,82.58000183105469,84.6500015258789,81.66000366210938,81.80000305175781,52855100,0.0,0.0,-0.03605936291049805,0.02854773035838409,53982000.0,78.85250091552734,0,2,10,2020,4,AMD
2020-10-05 00:00:00-04:00,82.55000305175781,86.27999877929688,82.55000305175781,86.1500015258789,47056500,0.0,0.0,0.05317846346984467,0.030865600634118546,52221435.0,79.05950088500977,0,5,10,2020,0,AMD
2020-10-06 00:00:00-04:00,86.20999908447266,87.25,83.54000091552734,84.4800033569336,52725400,0.0,0.0,-0.019384772366413228,0.029640437661511275,52109920.0,79.34900093078613,0,6,10,2020,1,AMD
2020-10-07 00:00:00-04:00,86.0999984741211,87.79000091552734,85.6500015258789,86.69000244140625,43045700,0.0,0.0,0.02616002600207379,0.02884516589569725,51554010.0,79.58800086975097,0,7,10,2020,2,AMD
2020-10-08 00:00:00-04:00,88.11000061035156,88.72000122070312,85.94999694824219,86.51000213623047,54240700,0.0,0.0,-0.0020763675176667107,0.027394614568867732,51691075.0,79.96450080871583,0,8,10,2020,3,AMD
2020-10-09 00:00:00-04:00,84.73999786376953,85.75,82.3499984741211,83.0999984741211,80354400,0.0,0.0,-0.039417449750371314,0.027864714096904438,52970645.0,80.30250091552735,0,9,10,2020,4,AMD
2020-10-12 00:00:00-04:00,83.6500015258789,85.12999725341797,83.12000274658203,84.29000091552734,47669700,0.0,0.0,0.014320125911637005,0.02771519686248687,52981695.0,80.62200088500977,0,12,10,2020,0,AMD
2020-10-13 00:00:00-04:00,84.86000061035156,86.08999633789062,83.97000122070312,85.27999877929688,42764100,0.0,0.0,0.011745140028669221,0.027692170561781783,52226180.0,80.93950080871582,0,13,10,2020,1,AMD
2020-10-14 00:00:00-04:00,85.86000061035156,85.95999908447266,83.45999908447266,84.20999908447266,40403000,0.0,0.0,-0.012546900916278858,0.026901326828446183,52326655.0,81.31700057983399,0,14,10,2020,2,AMD
2020-10-15 00:00:00-04:00,83.4000015258789,84.72000122070312,82.41999816894531,83.12999725341797,33696400,0.0,0.0,-0.012825102040095238,0.027165131979109605,51230520.0,81.646000289917,0,15,10,2020,3,AMD
2020-10-16 00:00:00-04:00,83.54000091552734,83.98999786376953,82.41000366210938,83.16999816894531,31474300,0.0,0.0,0.0004811850938164497,0.02651306270943231,50250090.0,82.05800018310546,0,16,10,2020,4,AMD
2020-10-19 00:00:00-04:00,83.62000274658203,84.6500015258789,81.52999877929688,82.0,36689100,0.0,0.0,-0.014067550735887502,0.02554307776566366,49018945.0,82.26100006103516,0,19,10,2020,0,AMD
2020-10-20 00:00:00-04:00,82.16000366210938,82.69000244140625,80.58000183105469,81.55999755859375,38219400,0.0,0.0,-0.005365883431783569,0.02557611641591637,48127680.0,82.45400009155273,0,20,10,2020,1,AMD
2020-10-21 00:00:00-04:00,81.72000122070312,81.93000030517578,79.19000244140625,79.19999694824219,36426400,0.0,0.0,-0.02893576116963603,0.024867724265853337,47832625.0,82.67749977111816,0,21,10,2020,2,AMD
2020-10-22 00:00:00-04:00,79.6500015258789,80.81999969482422,78.41999816894531,79.41999816894531,38006800,0.0,0.0,0.0027777932977308684,0.02472297086475659,46855920.0,82.85749969482421,0,22,10,2020,3,AMD
2020-10-23 00:00:00-04:00,80.93000030517578,81.98999786376953,79.33000183105469,81.95999908447266,46557700,0.0,0.0,0.03198188081198583,0.024868352428189446,46773495.0,83.05249977111816,0,23,10,2020,4,AMD
2020-10-26 00:00:00-04:00,82.55000305175781,84.97000122070312,80.86000061035156,82.2300033569336,69423700,0.0,0.0,0.0032943420629210074,0.024602666273440457,47844405.0,83.18999977111817,0,26,10,2020,0,AMD
2020-10-27 00:00:00-04:00,82.0,82.37000274658203,77.56999969482422,78.87999725341797,156669500,0.0,0.0,-0.04073946207899737,0.025510376407422077,52599435.0,83.04549980163574,0,27,10,2020,1,AMD
2020-10-28 00:00:00-04:00,78.7300033569336,78.95999908447266,75.76000213623047,76.4000015258789,76529900,0.0,0.0,-0.031440109202483524,0.02634402570495652,53849245.0,82.76599998474121,0,28,10,2020,2,AMD
2020-10-29 00:00:00-04:00,76.75,79.18000030517578,76.29000091552734,78.0199966430664,52784100,0.0,0.0,0.02120412414702333,0.025456601897905877,53879595.0,82.42399978637695,0,29,10,2020,3,AMD
2020-10-30 00:00:00-04:00,77.08999633789062,77.69999694824219,74.2300033569336,75.29000091552734,51349000,0.0,0.0,-0.034990974685996434,0.02538655845591668,53804290.0,82.09849967956544,0,30,10,2020,4,AMD
2020-11-02 00:00:00-05:00,75.8499984741211,76.33999633789062,73.76000213623047,74.69999694824219,45760700,0.0,0.0,-0.007836418649365129,0.02155131823007966,53739500.0,81.5259994506836,0,2,11,2020,0,AMD
2020-11-03 00:00:00-05:00,74.93000030517578,77.08000183105469,74.5999984741211,76.58000183105469,41231800,0.0,0.0,0.02516740240451565,0.022473874554702736,53164820.0,81.13099937438965,0,3,11,2020,1,AMD
2020-11-04 00:00:00-05:00,80.25,81.8499984741211,78.97000122070312,81.3499984741211,66579700,0.0,0.0,0.062287758279108374,0.02622069100997847,54341520.0,80.86399917602539,0,4,11,2020,2,AMD
2020-11-05 00:00:00-05:00,83.2699966430664,83.5,81.8499984741211,83.0,46542300,0.0,0.0,0.02028274808639119,0.02672713719655976,53956600.0,80.68849906921386,0,5,11,2020,3,AMD
2020-11-06 00:00:00-05:00,83.5199966430664,86.08999633789062,82.66999816894531,85.87999725341797,53829900,0.0,0.0,0.03469876208937306,0.026362532113153644,52630375.0,80.8274990081787,0,6,11,2020,4,AMD
2020-11-09 00:00:00-05:00,84.23999786376953,87.05000305175781,82.7699966430664,83.12000274658203,58580700,0.0,0.0,-0.03213780385543841,0.027249346801351434,53175925.0,80.76899909973145,0,9,11,2020,0,AMD
2020-11-10 00:00:00-05:00,81.93000030517578,82.12999725341797,77.62999725341797,77.98999786376953,67137200,0.0,0.0,-0.06171805477982195,0.030312558777477915,54394580.0,80.40449905395508,0,10,11,2020,1,AMD
2020-11-11 00:00:00-05:00,79.38999938964844,81.47000122070312,78.97000122070312,81.27999877929688,44611300,0.0,0.0,0.042184908393948284,0.03192980255551634,54604995.0,80.25799903869628,0,11,11,2020,2,AMD
2020-11-12 00:00:00-05:00,81.31999969482422,83.0,80.30000305175781,81.83999633789062,37242600,0.0,0.0,0.006889733846014545,0.03185901892791857,54782305.0,80.19349899291993,0,12,11,2020,3,AMD
2020-11-13 00:00:00-05:00,82.7300033569336,83.11000061035156,80.69999694824219,81.43000030517578,30423200,0.0,0.0,-0.0050097269191228255,0.0318755958868894,54729750.0,80.10649909973145,0,13,11,2020,4,AMD
2020-11-16 00:00:00-05:00,81.20999908447266,83.77999877929688,80.4800033569336,83.7300033569336,38640800,0.0,0.0,0.028245155877908434,0.03233373308781714,54827335.0,80.19299926757813,0,16,11,2020,0,AMD
2020-11-17 00:00:00-05:00,83.93000030517578,84.80999755859375,82.91000366210938,83.36000061035156,29473500,0.0,0.0,-0.004418998348832526,0.032323777618829076,54390040.0,80.28299942016602,0,17,11,2020,1,AMD
2020-11-18 00:00:00-05:00,83.01000213623047,83.95999908447266,82.22000122070312,82.54000091552734,29968000,0.0,0.0,-0.009836848474331639,0.03164959631871156,54067120.0,80.44999961853027,0,18,11,2020,2,AMD
2020-11-19 00:00:00-05:00,82.38999938964844,85.63999938964844,81.72000122070312,85.54000091552734,50116800,0.0,0.0,0.036346013650644826,0.03254017867730342,54672620.0,80.75599975585938,0,19,11,2020,3,AMD
2020-11-20 00:00:00-05:00,85.27999877929688,86.0999984741211,84.47000122070312,84.63999938964844,35008400,0.0,0.0,-0.010521411225698718,0.032015533550857116,54095155.0,80.88999977111817,0,20,11,2020,4,AMD
2020-11-23 00:00:00-05:00,85.5199966430664,87.54000091552734,84.62000274658203,85.30999755859375,46505000,0.0,0.0,0.007915857440651708,0.032041293905308736,52949220.0,81.04399948120117,0,23,11,2020,0,AMD
2020-11-24 00:00:00-05:00,85.72000122070312,86.11000061035156,83.31999969482422,85.06999969482422,36839200,0.0,0.0,-0.0028132442930230983,0.03044054082718101,46957705.0,81.35349960327149,0,24,11,2020,1,AMD
2020-11-25 00:00:00-05:00,85.76000213623047,87.83999633789062,85.5199966430664,86.70999908447266,41349700,0.0,0.0,0.019278234342678724,0.029408101313396023,45198695.0,81.86899948120117,0,25,11,2020,2,AMD
2020-11-27 00:00:00-05:00,87.98999786376953,88.0,86.36000061035156,87.19000244140625,22717600,0.0,0.0,0.005535732464556631,0.02921112819208138,43695370.0,82.32749977111817,0,27,11,2020,4,AMD
2020-11-30 00:00:00-05:00,87.33000183105469,92.73999786376953,86.52999877929688,92.66000366210938,84483000,0.0,0.0,0.06273656460073052,0.030155878863892576,45352070.0,83.19599990844726,0,30,11,2020,0,AMD
2020-12-01 00:00:00-05:00,92.25,93.9000015258789,90.77999877929688,92.62999725341797,58583600,0.0,0.0,-0.0003238334503075091,0.029956816564347895,45993215.0,84.09249992370606,0,1,12,2020,1,AMD
2020-12-02 00:00:00-05:00,92.88999938964844,96.37000274658203,92.52999877929688,93.73999786376953,57988800,0.0,0.0,0.01198316574829228,0.029778728101131587,46831065.0,84.9504997253418,0,2,12,2020,2,AMD
2020-12-03 00:00:00-05:00,94.05999755859375,94.69999694824219,92.01000213623047,92.30999755859375,35859700,0.0,0.0,-0.015254964132322413,0.027665127454288643,45295065.0,85.49849967956543,0,3,12,2020,3,AMD
2020-12-04 00:00:00-05:00,92.58000183105469,94.58000183105469,90.62999725341797,94.04000091552734,45570300,0.0,0.0,0.0187412349982512,0.027627424686881386,45246465.0,86.0504997253418,0,4,12,2020,4,AMD
2020-12-07 00:00:00-05:00,94.94999694824219,95.0,92.97000122070312,94.06999969482422,39815700,0.0,0.0,0.0003190002020929672,0.02684734507973148,44545755.0,86.4599998474121,0,7,12,2020,0,AMD
2020-12-08 00:00:00-05:00,94.05000305175781,94.73999786376953,91.9000015258789,92.91999816894531,33907500,0.0,0.0,-0.012224955135640148,0.02574794596786244,43312095.0,86.94999961853027,0,8,12,2020,1,AMD
2020-12-09 00:00:00-05:00,92.76000213623047,94.69999694824219,89.16000366210938,89.83000183105469,52170400,0.0,0.0,-0.03325437364164019,0.02237994853296249,42563755.0,87.54199981689453,0,9,12,2020,2,AMD
2020-12-10 00:00:00-05:00,89.55000305175781,92.08999633789062,89.02999877929688,91.66000366210938,33804400,0.0,0.0,0.020371833393662886,0.021085831593065076,42023410.0,88.06100006103516,0,10,12,2020,3,AMD
2020-12-11 00:00:00-05:00,91.54000091552734,92.33000183105469,90.16000366210938,91.6500015258789,28368100,0.0,0.0,-0.0001091221452198532,0.02113242272553071,41579685.0,88.55150032043457,0,11,12,2020,4,AMD
2020-12-14 00:00:00-05:00,92.20999908447266,95.41000366210938,91.8499984741211,94.77999877929688,48026400,0.0,0.0,0.03415163340214633,0.021871168937088004,42459845.0,89.21900024414063,0,14,12,2020,0,AMD
2020-12-15 00:00:00-05:00,95.93000030517578,97.9800033569336,95.44999694824219,97.12000274658203,57232700,0.0,0.0,0.024688795077261405,0.021710433362541935,43389440.0,89.88850021362305,0,15,12,2020,1,AMD
2020-12-16 00:00:00-05:00,97.04000091552734,97.2699966430664,95.45999908447266,96.8499984741211,34909000,0.0,0.0,-0.0027801098108024558,0.021665466984720085,43661215.0,90.56300010681153,0,16,12,2020,2,AMD
2020-12-17 00:00:00-05:00,97.55000305175781,97.91999816894531,96.25,96.83999633789062,32023700,0.0,0.0,-0.00010327451097624785,0.02135680063692096,43764000.0,91.27799987792969,0,17,12,2020,3,AMD
2020-12-18 00:00:00-05:00,97.2699966430664,97.68000030517578,93.55999755859375,95.91999816894531,51823100,0.0,0.0,-0.009500187977447783,0.020628647515906658,43849315.0,91.79699974060058,0,18,12,2020,4,AMD
2020-12-21 00:00:00-05:00,94.25,95.27999877929688,91.08000183105469,93.2300033569336,47093900,0.0,0.0,-0.028044149951648167,0.021708520069041934,44453590.0,92.22649993896485,0,21,12,2020,0,AMD
2020-12-22 00:00:00-05:00,93.36000061035156,93.55000305175781,90.52999877929688,93.16000366210938,35673700,0.0,0.0,-0.0007508279770861437,0.02173511579648058,43912025.0,92.61900024414062,0,22,12,2020,1,AMD
2020-12-23 00:00:00-05:00,93.08000183105469,93.12999725341797,91.45999908447266,91.55000305175781,25993300,0.0,0.0,-0.017282101192170662,0.02223111740390218,43369730.0,92.9430004119873,0,23,12,2020,2,AMD
2020-12-24 00:00:00-05:00,91.80000305175781,92.51000213623047,91.30999755859375,91.80999755859375,16705900,0.0,0.0,0.002839918057555346,0.0219348855712157,42137540.0,93.19800033569337,0,24,12,2020,3,AMD
2020-12-28 00:00:00-05:00,92.93000030517578,93.13999938964844,90.81999969482422,91.5999984741211,30627300,0.0,0.0,-0.002287322623428123,0.02195865962938062,42533025.0,93.4185001373291,0,28,12,2020,0,AMD
2020-12-29 00:00:00-05:00,91.66000366210938,92.45999908447266,89.43000030517578,90.62000274658203,31748200,0.0,0.0,-0.010698643491963922,0.016961814563530415,39896285.0,93.31650009155274,0,29,12,2020,1,AMD
2020-12-30 00:00:00-05:00,90.77999877929688,92.8499984741211,90.19000244140625,92.29000091552734,25845000,0.0,0.0,0.018428582193000365,0.017509225434461418,38259355.0,93.2995002746582,0,30,12,2020,2,AMD
2020-12-31 00:00:00-05:00,92.0999984741211,92.30000305175781,90.87000274658203,91.70999908447266,24930700,0.0,0.0,-0.006284557647643352,0.017324611910746537,36606450.0,93.19800033569337,0,31,12,2020,3,AMD
2021-01-04 00:00:00-05:00,92.11000061035156,96.05999755859375,90.91999816894531,92.30000305175781,51802600,0.0,0.0,0.006433365752644971,0.017058933675985977,37403595.0,93.19750061035157,0,4,1,2021,0,AMD
2021-01-05 00:00:00-05:00,92.0999984741211,93.20999908447266,91.41000366210938,92.7699966430664,34208000,0.0,0.0,0.0050920214059477775,0.016540445474528896,36835480.0,93.13400039672851,0,5,1,2021,1,AMD
2021-01-06 00:00:00-05:00,91.62000274658203,92.27999877929688,89.45999908447266,90.33000183105469,51911700,0.0,0.0,-0.02630155115128041,0.01750956074862769,37440280.0,92.94700050354004,0,6,1,2021,2,AMD
2021-01-07 00:00:00-05:00,91.33000183105469,95.51000213623047,91.19999694824219,95.16000366210938,42897200,0.0,0.0,0.05347062695834204,0.02123315021664833,37889765.0,93.05900077819824,0,7,1,2021,3,AMD
2021-01-08 00:00:00-05:00,95.9800033569336,96.4000015258789,93.2699966430664,94.58000183105469,39816400,0.0,0.0,-0.0060950169055702386,0.019714055962729116,37272065.0,93.29650077819824,0,8,1,2021,4,AMD
2021-01-11 00:00:00-05:00,94.02999877929688,99.2300033569336,93.76000213623047,97.25,48600200,0.0,0.0,0.028230049875814567,0.020156837512489152,38011855.0,93.57600059509278,0,11,1,2021,0,AMD
2021-01-12 00:00:00-05:00,97.86000061035156,98.97000122070312,94.06999969482422,95.36000061035156,67672300,0.0,0.0,-0.01943444102466263,0.020775257560694965,39977065.0,93.76150054931641,0,12,1,2021,1,AMD
2021-01-13 00:00:00-05:00,93.01000213623047,93.88999938964844,90.83999633789062,91.77999877929688,60712900,0.0,0.0,-0.03754196526993381,0.02115171351967757,40611390.0,93.6115005493164,0,13,1,2021,2,AMD
2021-01-14 00:00:00-05:00,91.7699966430664,92.36000061035156,90.44999694824219,90.79000091552734,53408200,0.0,0.0,-0.010786640629078414,0.02032025717111788,40420165.0,93.29500045776368,0,14,1,2021,3,AMD
2021-01-15 00:00:00-05:00,90.75,91.58999633789062,87.86000061035156,88.20999908447266,49340300,0.0,0.0,-0.028417246448264377,0.021088487947440886,41141730.0,92.86300048828124,0,15,1,2021,4,AMD
2021-01-19 00:00:00-05:00,89.55999755859375,89.58000183105469,87.23999786376953,89.44999694824219,45115100,0.0,0.0,0.014057339039104555,0.021476315993906554,41796300.0,92.49350051879883,0,19,1,2021,1,AMD
2021-01-20 00:00:00-05:00,90.55000305175781,90.77999877929688,88.5999984741211,88.75,35185800,0.0,0.0,-0.007825567044426163,0.02145594615437461,40964435.0,92.13500061035157,0,20,1,2021,2,AMD
2021-01-21 00:00:00-05:00,89.33999633789062,92.06999969482422,88.43000030517578,91.52999877929688,54221900,0.0,0.0,0.03132392990757049,0.02200459749396051,41320835.0,92.05000038146973,0,21,1,2021,3,AMD
2021-01-22 00:00:00-05:00,94.41999816894531,95.94999694824219,91.87999725341797,92.79000091552734,71294700,0.0,0.0,0.013766001890469504,0.022240696340126487,43101885.0,92.03150024414063,0,22,1,2021,4,AMD
2021-01-25 00:00:00-05:00,94.13999938964844,95.73999786376953,91.4000015258789,94.12999725341797,55086900,0.0,0.0,0.01444117172830417,0.022071298725330563,44556565.0,92.16049995422364,0,25,1,2021,0,AMD
2021-01-26 00:00:00-05:00,94.91000366210938,95.72000122070312,93.62999725341797,94.70999908447266,59449100,0.0,0.0,0.006161710910212781,0.022093445329052833,46693725.0,92.30550003051758,0,26,1,2021,1,AMD
2021-01-27 00:00:00-05:00,91.0999984741211,91.87999725341797,86.22000122070312,88.83999633789062,73341200,0.0,0.0,-0.06197870133381089,0.026303440906528534,48829420.0,92.16749992370606,0,27,1,2021,2,AMD
2021-01-28 00:00:00-05:00,89.83000183105469,89.87999725341797,87.30000305175781,87.5199966430664,47048400,0.0,0.0,-0.014858169171954705,0.026398786030955794,49594430.0,92.01249961853027,0,28,1,2021,3,AMD
2021-01-29 00:00:00-05:00,87.55999755859375,88.33000183105469,85.0199966430664,85.63999938964844,56735800,0.0,0.0,-0.021480773829153366,0.02632886548464519,51138970.0,91.67999954223633,0,29,1,2021,4,AMD
2021-02-01 00:00:00-05:00,86.83000183105469,87.94999694824219,84.66000366210938,87.66000366210938,42359300,0.0,0.0,0.023587158884369464,0.026995544437761438,52010400.0,91.47749977111816,0,1,2,2021,0,AMD
2021-02-02 00:00:00-05:00,88.48999786376953,89.27999877929688,86.94999694824219,88.86000061035156,33850000,0.0,0.0,0.013689218550202664,0.02716178531379483,51112770.0,91.30549964904785,0,2,2,2021,1,AMD
2021-02-03 00:00:00-05:00,88.5999984741211,89.4800033569336,87.33999633789062,87.88999938964844,32312900,0.0,0.0,-0.010916061377903352,0.027191757167404938,51018015.0,91.06149978637696,0,3,2,2021,2,AMD
2021-02-04 00:00:00-05:00,88.22000122070312,88.5999984741211,87.05999755859375,87.83999633789062,30791600,0.0,0.0,-0.0005689276607697691,0.026600943951941656,49962010.0,90.93699951171875,0,4,2,2021,3,AMD
2021-02-05 00:00:00-05:00,88.1500015258789,88.36000061035156,86.87999725341797,87.9000015258789,30268700,0.0,0.0,0.0006831191995666508,0.02332250143855032,49330585.0,90.57399940490723,0,5,2,2021,4,AMD
2021-02-08 00:00:00-05:00,88.30999755859375,91.98999786376953,87.9800033569336,91.47000122070312,47639900,0.0,0.0,0.04061433029410311,0.0253227679574464,49721760.0,90.41849937438965,0,8,2,2021,0,AMD
2021-02-09 00:00:00-05:00,91.38999938964844,93.30000305175781,90.55000305175781,90.91000366210938,37596400,0.0,0.0,-0.006122199093914538,0.02435648136716648,49171570.0,90.10149955749512,0,9,2,2021,1,AMD
2021-02-10 00:00:00-05:00,91.5,93.2699966430664,90.45999908447266,92.3499984741211,42441300,0.0,0.0,0.015839783896212767,0.024387039395642806,47910020.0,89.9509994506836,0,10,2,2021,2,AMD
2021-02-11 00:00:00-05:00,92.9000015258789,93.6500015258789,91.33000183105469,92.66000366210938,35571000,0.0,0.0,0.0033568510353050307,0.022856251603799796,46652925.0,89.99499969482422,0,11,2,2021,3,AMD
2021-02-12 00:00:00-05:00,92.75,94.22000122070312,91.9000015258789,93.7699966430664,38538400,0.0,0.0,0.01197920286086629,0.022819463688670525,45909435.0,90.14399948120118,0,12,2,2021,4,AMD
2021-02-16 00:00:00-05:00,93.9000015258789,94.0,90.75,91.45999908447266,35105900,0.0,0.0,-0.024634719433623387,0.022569569257687844,45197715.0,90.30649948120117,0,16,2,2021,1,AMD
2021-02-17 00:00:00-05:00,90.55999755859375,90.95999908447266,88.56999969482422,89.94000244140625,32245500,0.0,0.0,-0.0166192505825693,0.0227526604577785,44554235.0,90.33099975585938,0,17,2,2021,2,AMD
2021-02-18 00:00:00-05:00,89.08999633789062,89.5999984741211,87.30999755859375,88.63999938964844,35624900,0.0,0.0,-0.014454114036796195,0.022928253751202797,44576190.0,90.3254997253418,0,18,2,2021,3,AMD
2021-02-19 00:00:00-05:00,89.75,90.41999816894531,88.69000244140625,89.58000183105469,29548300,0.0,0.0,0.010604720756756114,0.021892190304329085,43342510.0,90.22799987792969,0,19,2,2021,4,AMD
2021-02-22 00:00:00-05:00,88.1500015258789,88.30000305175781,85.20999908447266,85.37000274658203,36930200,0.0,0.0,-0.04699708638555955,0.023883444355710555,41624285.0,89.85699996948242,0,22,2,2021,0,AMD
2021-02-23 00:00:00-05:00,83.4000015258789,85.11000061035156,79.36000061035156,84.73999786376953,49720900,0.0,0.0,-0.0073796985187249975,0.023497565042069395,41355985.0,89.3875,0,23,2,2021,1,AMD
2021-02-24 00:00:00-05:00,84.33000183105469,87.08999633789062,82.80999755859375,86.94000244140625,40821200,0.0,0.0,0.02596182007431147,0.024391565974835522,40424590.0,88.99900016784667,0,24,2,2021,2,AMD
2021-02-25 00:00:00-05:00,86.16999816894531,87.08999633789062,81.91999816894531,82.41999816894531,54625100,0.0,0.0,-0.051989925759517,0.023215500207123096,39488785.0,88.67800025939941,0,25,2,2021,3,AMD
2021-02-26 00:00:00-05:00,83.56999969482422,85.58999633789062,82.91000366210938,84.51000213623047,48962900,0.0,0.0,0.02535797153260111,0.023909863260796638,39584510.0,88.52750053405762,0,26,2,2021,4,AMD
2021-03-01 00:00:00-05:00,85.37000274658203,86.5,83.97000122070312,86.38999938964844,32746200,0.0,0.0,0.02224585499817411,0.02398326916412279,38385030.0,88.56500053405762,0,1,3,2021,0,AMD
2021-03-02 00:00:00-05:00,86.91999816894531,86.94999694824219,84.04000091552734,84.12999725341797,34828200,0.0,0.0,-0.026160460148136888,0.024065537744856872,38008475.0,88.38850021362305,0,2,3,2021,1,AMD
2021-03-03 00:00:00-05:00,84.27999877929688,84.37999725341797,80.8499984741211,80.86000061035156,43541000,0.0,0.0,-0.03886837929182929,0.025133813890370053,38493025.0,87.98850021362304,0,3,3,2021,2,AMD
2021-03-04 00:00:00-05:00,80.2300033569336,81.80999755859375,76.77999877929688,77.75,60549400,0.0,0.0,-0.03846154571947191,0.026239855735980522,39904850.0,87.48150024414062,0,4,3,2021,3,AMD
2021-03-05 00:00:00-05:00,79.0,79.4800033569336,74.19999694824219,78.5199966430664,58548900,0.0,0.0,0.009903493801497243,0.026452954191683614,41292715.0,87.01550025939942,0,5,3,2021,4,AMD
2021-03-08 00:00:00-05:00,78.02999877929688,79.0,73.86000061035156,73.95999908447266,54563900,0.0,0.0,-0.05807434734520478,0.028907457369790054,42507475.0,86.3185001373291,0,8,3,2021,0,AMD
2021-03-09 00:00:00-05:00,76.7300033569336,79.22000122070312,75.7699966430664,78.52999877929688,45088300,0.0,0.0,0.061790153480189236,0.03109436069449808,42379895.0,85.67150001525879,0,9,3,2021,1,AMD
2021-03-10 00:00:00-05:00,79.75,80.04000091552734,77.41000366210938,77.5199966430664,45416600,0.0,0.0,-0.012861354284099846,0.031119300060558436,42770905.0,85.00199966430664,0,10,3,2021,2,AMD
2021-03-11 00:00:00-05:00,79.4000015258789,81.88999938964844,79.37000274658203,81.2300033569336,43583700,0.0,0.0,0.04785870581173479,0.033139784002492734,42828025.0,84.44599990844726,0,11,3,2021,3,AMD
2021-03-12 00:00:00-05:00,79.7300033569336,81.19000244140625,79.2300033569336,81.05000305175781,32938000,0.0,0.0,-0.0022159337404534796,0.03308147959300718,42696375.0,83.8654998779297,0,12,3,2021,4,AMD
2021-03-15 00:00:00-04:00,81.91000366210938,83.38999938964844,81.19999694824219,82.5,39086800,0.0,0.0,0.017890152913581314,0.03327779751453185,42723795.0,83.30200004577637,0,15,3,2021,0,AMD
2021-03-16 00:00:00-04:00,83.66000366210938,84.75,82.26000213623047,82.75,42971600,0.0,0.0,0.003030303030302939,0.033030160316942586,43117080.0,82.86650009155274,0,16,3,2021,1,AMD
2021-03-17 00:00:00-04:00,81.75,83.25,80.41000366210938,82.62999725341797,43320600,0.0,0.0,-0.0014501842487254502,0.03291049051002085,43670835.0,82.50099983215333,0,17,3,2021,2,AMD
2021-03-18 00:00:00-04:00,81.05999755859375,81.62000274658203,78.01000213623047,78.12000274658203,51036500,0.0,0.0,-0.054580596112138724,0.0347703002915609,44441415.0,81.975,0,18,3,2021,3,AMD
2021-03-19 00:00:00-04:00,78.48999786376953,79.33999633789062,77.58999633789062,79.05999755859375,42283400,0.0,0.0,0.012032703263734179,0.03480703297829462,45078170.0,81.44899978637696,0,19,3,2021,4,AMD
2021-03-22 00:00:00-04:00,79.98999786376953,81.2699966430664,79.22000122070312,80.30000305175781,39648600,0.0,0.0,0.015684360377636652,0.03369209509962292,45214090.0,81.19549980163575,0,22,3,2021,0,AMD
2021-03-23 00:00:00-04:00,80.12999725341797,80.33999633789062,77.94999694824219,78.37999725341797,40466600,0.0,0.0,-0.02391040753886764,0.0340189148411204,44751375.0,80.87749977111817,0,23,3,2021,1,AMD
2021-03-24 00:00:00-04:00,77.55000305175781,78.80000305175781,76.4000015258789,76.4800033569336,43753600,0.0,0.0,-0.024240800753556058,0.03359243962287674,44897995.0,80.35449981689453,0,24,3,2021,2,AMD
2021-03-25 00:00:00-04:00,75.8499984741211,76.94999694824219,74.95999908447266,76.22000122070312,44735100,0.0,0.0,-0.003399609372622958,0.03178856716476317,44403495.0,80.04449996948242,0,25,3,2021,3,AMD
2021-03-26 00:00:00-04:00,76.62000274658203,77.5,75.02999877929688,77.41000366210938,49148700,0.0,0.0,0.015612731859718343,0.03139648206907712,44412785.0,79.68950004577637,0,26,3,2021,4,AMD
2021-03-29 00:00:00-04:00,77.02999877929688,78.0199966430664,76.26000213623047,77.13999938964844,37144300,0.0,0.0,-0.003487976484789934,0.030789646597473592,44632690.0,79.22700004577636,0,29,3,2021,0,AMD
2021-03-30 00:00:00-04:00,76.47000122070312,76.55999755859375,74.8499984741211,76.0,39169300,0.0,0.0,-0.014778317327824864,0.030485429168780404,44849745.0,78.82050018310547,0,30,3,2021,1,AMD
2021-03-31 00:00:00-04:00,76.56999969482422,79.12999725341797,76.5199966430664,78.5,43659500,0.0,0.0,0.03289473684210531,0.030466274272874478,44855670.0,78.70250015258789,0,31,3,2021,2,AMD
2021-04-01 00:00:00-04:00,80.16000366210938,81.30999755859375,79.4800033569336,81.08999633789062,40182400,0.0,0.0,0.03299358392217355,0.030033354536492876,43837320.0,78.86949996948242,0,1,4,2021,3,AMD
2021-04-05 00:00:00-04:00,81.73999786376953,81.9000015258789,80.38999938964844,81.43000030517578,32610600,0.0,0.0,0.004192921231225721,0.029986719751241526,42540405.0,79.01500015258789,0,5,4,2021,0,AMD
2021-04-06 00:00:00-04:00,81.20999908447266,82.45999908447266,80.87999725341797,81.44000244140625,29327900,0.0,0.0,0.00012283109656130442,0.026438735381990708,41278605.0,79.38900032043458,0,6,4,2021,1,AMD
2021-04-07 00:00:00-04:00,81.31999969482422,83.0999984741211,80.3499984741211,82.19999694824219,35590900,0.0,0.0,0.009331955845442552,0.02288857479132256,40803735.0,79.57250022888184,0,7,4,2021,2,AMD
2021-04-08 00:00:00-04:00,83.31999969482422,83.79000091552734,82.44000244140625,83.3499984741211,41925300,0.0,0.0,0.013990286722309841,0.022724809555966504,40629170.0,79.86400032043457,0,8,4,2021,3,AMD
2021-04-09 00:00:00-04:00,82.80000305175781,83.58999633789062,82.16000366210938,82.76000213623047,32759900,0.0,0.0,-0.007078540476204154,0.02032217294417661,40087980.0,79.94050025939941,0,9,4,2021,4,AMD
2021-04-12 00:00:00-04:00,82.05999755859375,82.18000030517578,78.02999877929688,78.58000183105469,62098800,0.0,0.0,-0.050507493925569524,0.023379726349704307,41546020.0,79.81700019836425,0,12,4,2021,0,AMD
2021-04-13 00:00:00-04:00,79.66999816894531,80.72000122070312,78.9800033569336,80.19000244140625,37767300,0.0,0.0,0.020488681252680996,0.0234988000676432,41480045.0,79.70150032043458,0,13,4,2021,1,AMD
2021-04-14 00:00:00-04:00,79.87999725341797,80.12999725341797,77.94000244140625,78.55000305175781,34263800,0.0,0.0,-0.020451419624868628,0.02386258979645666,41044655.0,79.49150047302246,0,14,4,2021,2,AMD
2021-04-15 00:00:00-04:00,80.31999969482422,83.94999694824219,79.97000122070312,83.01000213623047,68942800,0.0,0.0,0.056779107717333854,0.027282416265390186,42325765.0,79.51050071716308,0,15,4,2021,3,AMD
2021-04-16 00:00:00-04:00,83.30000305175781,83.58999633789062,81.52999877929688,82.1500015258789,47280600,0.0,0.0,-0.01036020465268972,0.024193416532137555,42137970.0,79.71200065612793,0,16,4,2021,4,AMD
2021-04-19 00:00:00-04:00,82.12999725341797,83.18000030517578,80.38999938964844,81.11000061035156,39115500,0.0,0.0,-0.012659779625198486,0.024326894719023662,41979575.0,79.81450080871582,0,19,4,2021,0,AMD
2021-04-20 00:00:00-04:00,80.81999969482422,81.11000061035156,78.51000213623047,79.2699966430664,34977800,0.0,0.0,-0.02268529100529104,0.024665069348665483,41746035.0,79.76300048828125,0,20,4,2021,1,AMD
2021-04-21 00:00:00-04:00,78.98999786376953,81.66000366210938,78.86000061035156,81.61000061035156,35069000,0.0,0.0,0.02951941549615089,0.02487242888270356,41476155.0,79.92450065612793,0,21,4,2021,2,AMD
2021-04-22 00:00:00-04:00,81.61000061035156,81.79000091552734,78.58999633789062,79.05999755859375,38846100,0.0,0.0,-0.03124620797312394,0.025311523018698764,41230780.0,80.05350036621094,0,22,4,2021,3,AMD
2021-04-23 00:00:00-04:00,80.20999908447266,83.30000305175781,79.95999908447266,82.76000213623047,49194000,0.0,0.0,0.04679995815702531,0.02717228548990691,41453725.0,80.3805004119873,0,23,4,2021,4,AMD
2021-04-26 00:00:00-04:00,83.3499984741211,85.9000015258789,82.69999694824219,85.41000366210938,57594500,0.0,0.0,0.032020317272548615,0.027767466273968668,41876015.0,80.7805004119873,0,26,4,2021,0,AMD
2021-04-27 00:00:00-04:00,85.66999816894531,87.1500015258789,85.12999725341797,85.20999908447266,61909900,0.0,0.0,-0.0023416996728855555,0.02774956305752257,43114295.0,81.18400039672852,0,27,4,2021,1,AMD
2021-04-28 00:00:00-04:00,88.8499984741211,89.19999694824219,83.91999816894531,84.0199966430664,108920300,0.0,0.0,-0.013965525809084278,0.027719109953847854,46601845.0,81.58500022888184,0,28,4,2021,2,AMD
2021-04-29 00:00:00-04:00,84.69999694824219,85.2699966430664,82.62999725341797,83.91000366210938,51294500,0.0,0.0,-0.0013091286045190387,0.026978191337935855,46983595.0,81.85550041198731,0,29,4,2021,3,AMD
2021-04-30 00:00:00-04:00,82.97000122070312,84.0999984741211,81.41999816894531,81.62000274658203,46601900,0.0,0.0,-0.02729115499444823,0.02689849405589625,47304570.0,81.88200073242187,0,30,4,2021,4,AMD
2021-05-03 00:00:00-04:00,81.97000122070312,82.0,78.45999908447266,78.55000305175781,66323300,0.0,0.0,-0.0376133250614572,0.02820288475943026,48990205.0,81.73800086975098,0,3,5,2021,0,AMD
2021-05-04 00:00:00-04:00,77.94999694824219,78.66999816894531,77.04000091552734,78.61000061035156,59194300,0.0,0.0,0.0007638135743193164,0.02820509780807018,50483525.0,81.59650077819825,0,4,5,2021,1,AMD
2021-05-05 00:00:00-04:00,79.05000305175781,79.30000305175781,77.36000061035156,77.83000183105469,42310200,0.0,0.0,-0.009922386124420979,0.028148382057189753,50819490.0,81.37800102233886,0,5,5,2021,2,AMD
2021-05-06 00:00:00-04:00,77.62999725341797,78.05999755859375,76.47000122070312,77.88999938964844,38661300,0.0,0.0,0.0007708795732008777,0.027898501016235585,50656290.0,81.10500106811523,0,6,5,2021,3,AMD
2021-05-07 00:00:00-04:00,78.75,79.56999969482422,78.22000122070312,78.80999755859375,36954200,0.0,0.0,0.01181150566381417,0.028072887386071874,50866005.0,80.90750083923339,0,7,5,2021,4,AMD
2021-05-10 00:00:00-04:00,78.19999694824219,78.30000305175781,75.91999816894531,75.98999786376953,45134500,0.0,0.0,-0.0357822583705526,0.026904447827762763,50017790.0,80.77800064086914,0,10,5,2021,0,AMD
2021-05-11 00:00:00-04:00,73.56999969482422,76.93000030517578,72.75,76.83000183105469,51008200,0.0,0.0,0.011054138582699657,0.026582471444438087,50679835.0,80.61000061035156,0,11,5,2021,1,AMD
2021-05-12 00:00:00-04:00,75.08999633789062,76.12999725341797,74.16000366210938,74.63999938964844,42531400,0.0,0.0,-0.02850452153082017,0.026938383289653322,51093215.0,80.4145004272461,0,12,5,2021,2,AMD
2021-05-13 00:00:00-04:00,75.20999908447266,75.69999694824219,72.5,73.08999633789062,48646800,0.0,0.0,-0.020766386179429386,0.023341971264291862,50078415.0,79.9185001373291,0,13,5,2021,3,AMD
2021-05-14 00:00:00-04:00,74.0199966430664,75.02999877929688,72.72000122070312,74.58999633789062,38355800,0.0,0.0,0.020522644344727947,0.02405490527535559,49632175.0,79.54049987792969,0,14,5,2021,4,AMD
2021-05-17 00:00:00-04:00,74.22000122070312,75.5199966430664,73.41000366210938,74.6500015258789,40779200,0.0,0.0,0.0008044669652007563,0.024004092576189687,49715360.0,79.21749992370606,0,17,5,2021,0,AMD
2021-05-18 00:00:00-04:00,74.73999786376953,75.7699966430664,74.23999786376953,74.44000244140625,31982500,0.0,0.0,-0.002813115608575778,0.023591938188301173,49565595.0,78.97600021362305,0,18,5,2021,1,AMD
2021-05-19 00:00:00-04:00,73.16000366210938,76.97000122070312,72.76000213623047,76.2300033569336,73966200,0.0,0.0,0.02404622322435168,0.023225296973572996,51510455.0,78.70700035095214,0,19,5,2021,2,AMD
2021-05-20 00:00:00-04:00,76.80999755859375,78.2699966430664,76.25,78.05999755859375,49135000,0.0,0.0,0.024006219612657365,0.022992086193552204,52024900.0,78.65700035095215,0,20,5,2021,3,AMD
2021-05-21 00:00:00-04:00,78.55000305175781,78.80999755859375,77.04000091552734,77.16999816894531,40201100,0.0,0.0,-0.011401478573969781,0.020221929672821444,51575255.0,78.37750015258788,0,21,5,2021,4,AMD
2021-05-24 00:00:00-04:00,77.26000213623047,78.01000213623047,76.80000305175781,77.44000244140625,33194300,0.0,0.0,0.003498824398956435,0.018535715552371934,50355245.0,77.97900009155273,0,24,5,2021,0,AMD
2021-05-25 00:00:00-04:00,77.33000183105469,78.7699966430664,76.83999633789062,77.86000061035156,47353100,0.0,0.0,0.005423529903205937,0.018669038921586133,49627405.0,77.61150016784669,0,25,5,2021,1,AMD
2021-05-26 00:00:00-04:00,77.83000183105469,78.58999633789062,77.58999633789062,78.33999633789062,30354000,0.0,0.0,0.006164856457440804,0.01866505213781429,45699090.0,77.32750015258789,0,26,5,2021,2,AMD
2021-05-27 00:00:00-04:00,78.11000061035156,78.43000030517578,77.47000122070312,78.41999816894531,35883200,0.0,0.0,0.001021213106899177,0.01868557296340614,44928525.0,77.0529998779297,0,27,5,2021,3,AMD
2021-05-28 00:00:00-04:00,78.66000366210938,81.08999633789062,78.66000366210938,80.08000183105469,40952700,0.0,0.0,0.021168116562986006,0.018539954261801946,44646065.0,76.97599983215332,0,28,5,2021,4,AMD
2021-06-01 00:00:00-04:00,81.01000213623047,82.91000366210938,80.66000366210938,80.80999755859375,43433000,0.0,0.0,0.009115830555038507,0.016485413341389005,43501550.0,77.08899955749511,0,1,6,2021,1,AMD
2021-06-02 00:00:00-04:00,81.0,82.5999984741211,80.66000366210938,81.97000122070312,35203200,0.0,0.0,0.0143547048280539,0.016729644778434378,42301995.0,77.25699958801269,0,2,6,2021,2,AMD
2021-06-03 00:00:00-04:00,81.12999725341797,81.88999938964844,80.26000213623047,80.27999877929688,29812000,0.0,0.0,-0.020617328488942488,0.017299697664464486,41677085.0,77.3794994354248,0,3,6,2021,3,AMD
2021-06-04 00:00:00-04:00,80.91999816894531,82.19000244140625,80.80999755859375,81.58000183105469,26387800,0.0,0.0,0.01619336162836449,0.0175975490506865,41063410.0,77.56399955749512,0,4,6,2021,4,AMD
2021-06-07 00:00:00-04:00,81.4000015258789,81.68000030517578,80.37999725341797,81.3499984741211,29006800,0.0,0.0,-0.0028193595461043497,0.01749235306086444,40666040.0,77.69099960327148,0,7,6,2021,0,AMD
2021-06-08 00:00:00-04:00,81.87000274658203,82.6500015258789,80.44999694824219,80.88999938964844,26956600,0.0,0.0,-0.005654567831602231,0.015244385313710364,39757145.0,77.93599967956543,0,8,6,2021,1,AMD
2021-06-09 00:00:00-04:00,81.08999633789062,81.68000030517578,79.80000305175781,79.95999908447266,28454600,0.0,0.0,-0.01149709867960258,0.015468340950276792,38629465.0,78.09249954223633,0,9,6,2021,2,AMD
2021-06-10 00:00:00-04:00,80.0199966430664,81.70999908447266,79.69999694824219,81.55999755859375,28606400,0.0,0.0,0.02000998614858407,0.014163287872287874,37933215.0,78.4384994506836,0,10,6,2021,3,AMD
2021-06-11 00:00:00-04:00,81.61000061035156,82.33000183105469,80.69999694824219,81.30999755859375,24310900,0.0,0.0,-0.0030652281447213214,0.01300446314953915,36716420.0,78.84949951171875,0,11,6,2021,4,AMD
2021-06-14 00:00:00-04:00,81.51000213623047,81.55000305175781,80.19999694824219,81.55000305175781,27830200,0.0,0.0,0.0029517341086022775,0.012515000241960688,36190140.0,79.1974998474121,0,14,6,2021,0,AMD
2021-06-15 00:00:00-04:00,81.58999633789062,81.68000030517578,80.22000122070312,80.47000122070312,26194300,0.0,0.0,-0.0132434309091225,0.013115752097151339,35460895.0,79.48849983215332,0,15,6,2021,1,AMD
2021-06-16 00:00:00-04:00,80.75,81.44999694824219,78.95999908447266,80.11000061035156,29598300,0.0,0.0,-0.004473724430104076,0.013165264171365175,35341685.0,79.77199974060059,0,16,6,2021,2,AMD
2021-06-17 00:00:00-04:00,80.7699966430664,85.37000274658203,80.56999969482422,84.55999755859375,77822800,0.0,0.0,0.05554858212879821,0.017035754016778523,35534515.0,80.1884994506836,0,17,6,2021,3,AMD
2021-06-18 00:00:00-04:00,84.27999877929688,85.7699966430664,83.4800033569336,84.6500015258789,58736800,0.0,0.0,0.001064379965512563,0.016475490143777232,36014605.0,80.51799964904785,0,18,6,2021,4,AMD
2021-06-21 00:00:00-04:00,83.48999786376953,84.19000244140625,82.20999908447266,82.58999633789062,44417100,0.0,0.0,-0.024335559962848974,0.017350214208594457,36225405.0,80.78899955749512,0,21,6,2021,0,AMD
2021-06-22 00:00:00-04:00,82.9000015258789,84.04000091552734,82.4800033569336,83.58000183105469,32107700,0.0,0.0,0.011986990399100783,0.01745265587356181,36171075.0,81.09599952697754,0,22,6,2021,1,AMD
2021-06-23 00:00:00-04:00,83.83000183105469,84.48999786376953,83.16000366210938,83.81999969482422,25992400,0.0,0.0,0.0028714747369191773,0.01745075901499951,35103040.0,81.39399948120118,0,23,6,2021,2,AMD
2021-06-24 00:00:00-04:00,84.38999938964844,87.13999938964844,84.37000274658203,86.0999984741211,42217700,0.0,0.0,0.027201130847029464,0.018215635114562048,35696225.0,81.7819995880127,0,24,6,2021,3,AMD
2021-06-25 00:00:00-04:00,86.33999633789062,86.36000061035156,85.0999984741211,85.62000274658203,27804500,0.0,0.0,-0.005574863368706495,0.01834857793998856,35292290.0,82.14199981689453,0,25,6,2021,4,AMD
2021-06-28 00:00:00-04:00,86.37999725341797,88.0,86.1500015258789,87.08000183105469,30262000,0.0,0.0,0.017052079393105934,0.018174744245430793,34757755.0,82.49199981689453,0,28,6,2021,0,AMD
2021-06-29 00:00:00-04:00,87.41000366210938,90.30000305175781,86.66000366210938,89.5199966430664,46181000,0.0,0.0,0.028020151133501203,0.01891208033588838,34895155.0,82.92749977111816,0,29,6,2021,1,AMD
2021-06-30 00:00:00-04:00,90.81999969482422,94.33999633789062,90.5999984741211,93.93000030517578,70721500,0.0,0.0,0.04926277734004958,0.021257284958522974,36671070.0,83.5254997253418,0,30,6,2021,2,AMD
2021-07-01 00:00:00-04:00,94.04000091552734,94.18000030517578,91.69999694824219,93.30999755859375,58059000,0.0,0.0,-0.0066006892852940036,0.02051542958747156,38083420.0,84.17699966430663,0,1,7,2021,3,AMD
2021-07-02 00:00:00-04:00,93.27999877929688,95.2699966430664,92.20999908447266,94.69999694824219,51316700,0.0,0.0,0.014896575136823742,0.020489355463553256,39329865.0,84.83299942016602,0,2,7,2021,4,AMD
2021-07-06 00:00:00-04:00,94.87999725341797,95.41000366210938,93.31999969482422,94.47000122070312,44930100,0.0,0.0,-0.0024286772434086723,0.020479002313930596,40126030.0,85.48899955749512,0,6,7,2021,1,AMD
2021-07-07 00:00:00-04:00,95.0199966430664,95.44000244140625,90.30999755859375,90.54000091552734,51498500,0.0,0.0,-0.04160051079066274,0.023119782872845662,41353125.0,85.97149963378907,0,7,7,2021,2,AMD
2021-07-08 00:00:00-04:00,87.86000061035156,90.33999633789062,87.44999694824219,89.73999786376953,45673500,0.0,0.0,-0.008835907263842424,0.023021825345709918,42214070.0,86.4604995727539,0,8,7,2021,3,AMD
2021-07-09 00:00:00-04:00,90.04000091552734,91.26000213623047,88.52999877929688,90.9000015258789,35278400,0.0,0.0,0.012926272450667131,0.02284935793257132,42547670.0,86.92749977111816,0,9,7,2021,4,AMD
2021-07-12 00:00:00-04:00,91.22000122070312,91.9000015258789,89.6500015258789,90.80999755859375,28526600,0.0,0.0,-0.0009901426377812994,0.02281223309989504,42758455.0,87.40249977111816,0,12,7,2021,0,AMD
2021-07-13 00:00:00-04:00,90.4800033569336,91.41000366210938,89.83000183105469,90.26000213623047,30367600,0.0,0.0,-0.006056551449727832,0.022959573008835932,42885325.0,87.8379997253418,0,13,7,2021,1,AMD
2021-07-14 00:00:00-04:00,90.76000213623047,91.4000015258789,88.94000244140625,89.05000305175781,28108500,0.0,0.0,-0.013405706357577873,0.022966511511085672,42981035.0,88.26699981689453,0,14,7,2021,2,AMD
2021-07-15 00:00:00-04:00,89.77999877929688,89.77999877929688,86.18000030517578,86.93000030517578,38944700,0.0,0.0,-0.02380688011150134,0.02379271178839426,43448355.0,88.60799980163574,0,15,7,2021,3,AMD
2021-07-16 00:00:00-04:00,87.31999969482422,88.02999877929688,85.68000030517578,85.88999938964844,35860700,0.0,0.0,-0.011963659402695503,0.02074155638823208,41350250.0,88.67449989318848,0,16,7,2021,4,AMD
2021-07-19 00:00:00-04:00,84.98999786376953,87.2300033569336,84.23999786376953,86.58000183105469,39244800,0.0,0.0,0.008033559742805174,0.020801430308627127,40375650.0,88.77099990844727,0,19,7,2021,0,AMD
2021-07-20 00:00:00-04:00,87.08999633789062,87.7699966430664,85.16999816894531,87.11000061035156,28089000,0.0,0.0,0.0061214918929093365,0.019919559840353252,39559245.0,88.99700012207032,0,20,7,2021,1,AMD
2021-07-21 00:00:00-04:00,87.25,89.48999786376953,86.9000015258789,89.41000366210938,29469900,0.0,0.0,0.026403432850906183,0.020519207071962378,39427355.0,89.28850021362305,0,21,7,2021,2,AMD
2021-07-22 00:00:00-04:00,89.4000015258789,91.36000061035156,89.08000183105469,91.20999908447266,33730100,0.0,0.0,0.020131924266166834,0.020848344863575244,39814240.0,89.65800018310547,0,22,7,2021,3,AMD
2021-07-23 00:00:00-04:00,91.3499984741211,92.37000274658203,90.19000244140625,92.1500015258789,31708900,0.0,0.0,0.010305914382650938,0.020210028341162558,39288800.0,89.96050033569335,0,23,7,2021,4,AMD
2021-07-26 00:00:00-04:00,92.01000213623047,92.75,91.12000274658203,91.81999969482422,27668500,0.0,0.0,-0.003581137553882896,0.020167291588482017,39282000.0,90.27050018310547,0,26,7,2021,0,AMD
2021-07-27 00:00:00-04:00,92.94000244140625,94.0999984741211,89.0999984741211,91.02999877929688,69427000,0.0,0.0,-0.008603800023448183,0.02008871222397712,41240250.0,90.46800003051757,0,27,7,2021,1,AMD
2021-07-28 00:00:00-04:00,93.44000244140625,98.70999908447266,89.6500015258789,97.93000030517578,140561000,0.0,0.0,0.07579920486001579,0.025426248971062604,45959250.0,90.88850021362305,0,28,7,2021,2,AMD
2021-07-29 00:00:00-04:00,96.58000183105469,105.73999786376953,96.58000183105469,102.94999694824219,164091800,0.0,0.0,0.05126107043217365,0.025613401035289925,50627765.0,91.33950004577636,0,29,7,2021,3,AMD
2021-07-30 00:00:00-04:00,101.5999984741211,106.97000122070312,101.37999725341797,106.19000244140625,125632000,0.0,0.0,0.03147164244009604,0.02612336031060506,54006415.0,91.98350028991699,0,30,7,2021,4,AMD
2021-08-02 00:00:00-04:00,105.93000030517578,110.33000183105469,103.83000183105469,108.62999725341797,115581900,0.0,0.0,0.022977632130275705,0.026316896790592903,57219675.0,92.68000030517578,0,2,8,2021,0,AMD
2021-08-03 00:00:00-04:00,108.1500015258789,114.8499984741211,107.66000366210938,112.55999755859375,157723100,0.0,0.0,0.036177855146287685,0.026980372020613135,62859325.0,93.58450012207031,0,3,8,2021,1,AMD
2021-08-04 00:00:00-04:00,114.36000061035156,122.48999786376953,114.16000366210938,118.7699966430664,225368700,0.0,0.0,0.055170568755920746,0.026063871569149046,71552835.0,94.99599990844726,0,4,8,2021,2,AMD
2021-08-05 00:00:00-04:00,116.62999725341797,117.68000030517578,111.58999633789062,112.3499984741211,137860900,0.0,0.0,-0.054054040165034456,0.02983527388986375,76162205.0,96.12649993896484,0,5,8,2021,3,AMD
2021-08-06 00:00:00-04:00,110.55000305175781,116.26000213623047,109.69999694824219,110.11000061035156,143899000,0.0,0.0,-0.019937675960765566,0.030658742935685393,81593235.0,97.08699989318848,0,6,8,2021,4,AMD
2021-08-09 00:00:00-04:00,111.30999755859375,112.33000183105469,107.05999755859375,107.58000183105469,115749900,0.0,0.0,-0.022977011763444022,0.03146003248522183,85954400.0,97.92550010681153,0,9,8,2021,0,AMD
2021-08-10 00:00:00-04:00,107.9000015258789,109.16999816894531,104.36000061035156,106.4800033569336,113012300,0.0,0.0,-0.010224934517556017,0.031578429515882335,90086635.0,98.73650016784669,0,10,8,2021,1,AMD
2021-08-11 00:00:00-04:00,107.5999984741211,109.79000091552734,105.62000274658203,107.68000030517578,91788300,0.0,0.0,0.011269692997845304,0.031145699929291212,93270625.0,99.66800003051758,0,11,8,2021,2,AMD
2021-08-12 00:00:00-04:00,107.38999938964844,108.44000244140625,105.86000061035156,106.5,60578700,0.0,0.0,-0.010958398048212747,0.030538298045111996,94352325.0,100.6465000152588,0,12,8,2021,3,AMD
2021-08-13 00:00:00-04:00,107.16999816894531,111.70999908447266,106.56999969482422,110.55000305175781,100135700,0.0,0.0,0.03802819766908749,0.030636474068397097,97566075.0,101.87950019836425,0,13,8,2021,4,AMD
2021-08-16 00:00:00-04:00,110.19999694824219,111.58000183105469,105.87000274658203,107.4800033569336,73325400,0.0,0.0,-0.0277702361834119,0.03196775333311773,99270105.0,102.9245002746582,0,16,8,2021,0,AMD
2021-08-17 00:00:00-04:00,106.63999938964844,108.69999694824219,105.3499984741211,107.55999755859375,74053900,0.0,0.0,0.0007442705541653716,0.03203658468832789,101568350.0,103.9470001220703,0,17,8,2021,1,AMD
2021-08-18 00:00:00-04:00,107.3499984741211,108.06999969482422,103.2699966430664,103.44000244140625,79387900,0.0,0.0,-0.03830415777894669,0.033635325542636894,104064250.0,104.64850006103515,0,18,8,2021,2,AMD
2021-08-19 00:00:00-04:00,103.31999969482422,106.18000030517578,101.9800033569336,103.69999694824219,71117500,0.0,0.0,0.0025134812519287397,0.033527169110769986,105933620.0,105.27299995422364,0,19,8,2021,3,AMD
2021-08-20 00:00:00-04:00,104.31999969482422,105.9800033569336,103.98999786376953,104.6500015258789,55227600,0.0,0.0,0.009161085878439001,0.03352214255450956,107109555.0,105.89799995422364,0,20,8,2021,4,AMD
2021-08-23 00:00:00-04:00,105.30000305175781,109.0199966430664,104.86000061035156,108.7699966430664,68835300,0.0,0.0,0.03936927909330867,0.03418402850330723,109167895.0,106.74549980163575,0,23,8,2021,0,AMD
2021-08-24 00:00:00-04:00,109.44999694824219,109.61000061035156,107.27999877929688,107.6500015258789,51239300,0.0,0.0,-0.010296912308113915,0.03423212601138843,108258510.0,107.57649993896484,0,24,8,2021,1,AMD
2021-08-25 00:00:00-04:00,108.12999725341797,109.91000366210938,107.44999694824219,108.30000305175781,45485500,0.0,0.0,0.00603810047993969,0.030404464017127087,103504735.0,108.09500007629394,0,25,8,2021,2,AMD
2021-08-26 00:00:00-04:00,108.56999969482422,109.2300033569336,106.83999633789062,107.2699966430664,51442500,0.0,0.0,-0.009510677559253167,0.028570054805857323,97872270.0,108.31100006103516,0,26,8,2021,3,AMD
2021-08-27 00:00:00-04:00,108.01000213623047,111.77999877929688,107.80000305175781,111.4000015258789,61030000,0.0,0.0,0.03850102556220647,0.028986150594730496,94642170.0,108.57150001525879,0,27,8,2021,4,AMD
2021-08-30 00:00:00-04:00,112.61000061035156,114.48999786376953,111.26000213623047,111.31999969482422,56130500,0.0,0.0,-0.0007181492814980484,0.02859951352366268,91669600.0,108.7060001373291,0,30,8,2021,0,AMD
2021-08-31 00:00:00-04:00,111.26000213623047,111.26000213623047,109.02999877929688,110.72000122070312,49339000,0.0,0.0,-0.005389853357581242,0.027442252980844933,86250395.0,108.61400032043457,0,31,8,2021,1,AMD
2021-09-01 00:00:00-04:00,111.30000305175781,111.8499984741211,109.8499984741211,109.98999786376953,38579600,0.0,0.0,-0.006593238338919893,0.024126510733431125,76910940.0,108.17500038146973,0,1,9,2021,2,AMD
2021-09-02 00:00:00-04:00,110.31999969482422,110.87999725341797,108.7699966430664,109.19999694824219,40090500,0.0,0.0,-0.007182479596970381,0.021042423136090022,72022420.0,108.01750030517579,0,2,9,2021,3,AMD
2021-09-03 00:00:00-04:00,108.8499984741211,111.16999816894531,108.5,109.91999816894531,42605800,0.0,0.0,0.006593417956269665,0.02063206852617861,66957760.0,108.00800018310547,0,3,9,2021,4,AMD
2021-09-07 00:00:00-04:00,109.95999908447266,110.58000183105469,108.66000366210938,109.1500015258789,28815200,0.0,0.0,-0.007005064191166865,0.019990358080681926,62611025.0,108.08650016784668,0,7,9,2021,1,AMD
2021-09-08 00:00:00-04:00,108.87999725341797,109.30000305175781,105.5199966430664,106.16999816894531,43067900,0.0,0.0,-0.027301908522896823,0.020837880275312866,59113805.0,108.07099990844726,0,8,9,2021,2,AMD
2021-09-09 00:00:00-04:00,106.55999755859375,107.30000305175781,105.83999633789062,106.1500015258789,31857900,0.0,0.0,-0.0001883455157886127,0.0206702858296721,56117285.0,107.99449996948242,0,9,9,2021,3,AMD
2021-09-10 00:00:00-04:00,106.98999786376953,106.98999786376953,104.9800033569336,105.19999694824219,32602300,0.0,0.0,-0.008949642618753195,0.020621685793554778,54718465.0,107.92949981689453,0,10,9,2021,4,AMD
2021-09-13 00:00:00-04:00,105.26000213623047,105.27999877929688,102.62999725341797,104.80000305175781,37767800,0.0,0.0,-0.0038022234609110805,0.018533169364651943,51600070.0,107.64199981689453,0,13,9,2021,0,AMD
2021-09-14 00:00:00-04:00,105.5199966430664,106.81999969482422,104.41999816894531,105.7300033569336,40629500,0.0,0.0,0.008874048455098649,0.017696373240715765,49965275.0,107.55449981689453,0,14,9,2021,1,AMD
2021-09-15 00:00:00-04:00,106.0,106.31999969482422,104.02999877929688,105.5999984741211,37998900,0.0,0.0,-0.0012295931020981365,0.017693560536354114,48162525.0,107.4564998626709,0,15,9,2021,2,AMD
2021-09-16 00:00:00-04:00,104.91999816894531,106.75,103.76000213623047,106.22000122070312,38150300,0.0,0.0,0.00587123821534874,0.01536570977689028,46100645.0,107.59549980163574,0,16,9,2021,3,AMD
2021-09-17 00:00:00-04:00,105.55999755859375,105.9800033569336,103.70999908447266,103.87999725341797,44528300,0.0,0.0,-0.022029786672880136,0.0162309673460618,44771185.0,107.60449981689453,0,17,9,2021,4,AMD
2021-09-20 00:00:00-04:00,101.58000183105469,102.51000213623047,99.51000213623047,101.55000305175781,45228400,0.0,0.0,-0.02242967138299079,0.016839815458231662,44271225.0,107.44949989318847,0,20,9,2021,0,AMD
2021-09-21 00:00:00-04:00,102.1500015258789,103.43000030517578,101.18000030517578,102.81999969482422,35481500,0.0,0.0,0.012506121170859252,0.014299130040507866,42603535.0,107.15200004577636,0,21,9,2021,1,AMD
2021-09-22 00:00:00-04:00,102.81999969482422,104.55999755859375,102.20999908447266,104.37999725341797,34126300,0.0,0.0,0.015172121797548233,0.014716127502943878,41747885.0,106.98849983215332,0,22,9,2021,2,AMD
2021-09-23 00:00:00-04:00,104.88999938964844,106.86000061035156,103.88999938964844,106.1500015258789,32816700,0.0,0.0,0.01695731288595126,0.015202620378559163,41114445.0,106.88099975585938,0,23,9,2021,3,AMD
2021-09-24 00:00:00-04:00,105.19000244140625,106.05000305175781,104.68000030517578,105.80000305175781,26482600,0.0,0.0,-0.003297206491662319,0.015080234975727351,39866450.0,106.80750007629395,0,24,9,2021,4,AMD
2021-09-27 00:00:00-04:00,105.06999969482422,108.44000244140625,103.44000244140625,108.16000366210938,51944300,0.0,0.0,0.022306243310759033,0.013187171714550238,39412165.0,106.64550018310547,0,27,9,2021,0,AMD
2021-09-28 00:00:00-04:00,106.83999633789062,107.6500015258789,101.41999816894531,101.5199966430664,74469000,0.0,0.0,-0.06139059536079783,0.01880575054239801,40329090.0,106.15550003051757,0,28,9,2021,1,AMD
2021-09-29 00:00:00-04:00,102.30000305175781,102.66000366210938,99.80999755859375,100.3499984741211,52224700,0.0,0.0,-0.011524805039729302,0.018872226374147812,40473375.0,105.63699989318847,0,29,9,2021,2,AMD
2021-09-30 00:00:00-04:00,102.08000183105469,104.44000244140625,101.98999786376953,102.9000015258789,57636700,0.0,0.0,0.02541109208302994,0.020027610618287353,41426230.0,105.28250007629394,0,30,9,2021,3,AMD
2021-10-01 00:00:00-04:00,102.5999984741211,103.0,100.63999938964844,102.44999694824219,41491600,0.0,0.0,-0.004373222263981624,0.020007548745057644,41496285.0,104.94500007629395,0,1,10,2021,4,AMD
2021-10-04 00:00:00-04:00,101.73999786376953,101.8499984741211,99.81999969482422,100.33999633789062,41967100,0.0,0.0,-0.020595418967338186,0.02024430072179525,41464350.0,104.46599998474122,0,4,10,2021,0,AMD
2021-10-05 00:00:00-04:00,100.91999816894531,102.87000274658203,100.61000061035156,101.80999755859375,31455200,0.0,0.0,0.014650202056545325,0.020669523858290125,41596350.0,104.09899978637695,0,5,10,2021,1,AMD
2021-10-06 00:00:00-04:00,100.44999694824219,103.72000122070312,100.3499984741211,103.63999938964844,39071700,0.0,0.0,0.017974677093980818,0.020376066344910748,41396540.0,103.97249984741211,0,6,10,2021,2,AMD
2021-10-07 00:00:00-04:00,104.5999984741211,107.94999694824219,104.45999908447266,106.44999694824219,41543100,0.0,0.0,0.027113060354517993,0.02132598281404307,41880800.0,103.98749961853028,0,7,10,2021,3,AMD
2021-10-08 00:00:00-04:00,106.55000305175781,107.27999877929688,104.88999938964844,105.05999755859375,30623000,0.0,0.0,-0.013057768243283974,0.02143985746286221,41781835.0,103.98049964904786,0,8,10,2021,4,AMD
2021-10-11 00:00:00-04:00,104.62000274658203,107.19999694824219,104.0199966430664,104.68000030517578,31284400,0.0,0.0,-0.003616954713957954,0.02143809751133244,41457665.0,103.97449951171875,0,11,10,2021,0,AMD
2021-10-12 00:00:00-04:00,105.16999816894531,106.04000091552734,104.33999633789062,105.04000091552734,34039900,0.0,0.0,0.0034390581706347234,0.02135617574846363,41128185.0,103.93999938964843,0,12,10,2021,1,AMD
2021-10-13 00:00:00-04:00,106.27999877929688,109.87999725341797,106.25,109.16000366210938,55631900,0.0,0.0,0.039223178890633426,0.023089569055659134,42009835.0,104.11799964904785,0,13,10,2021,2,AMD
2021-10-14 00:00:00-04:00,110.5,112.22000122070312,109.62999725341797,111.98999786376953,46900200,0.0,0.0,0.025925193355801124,0.023697820786986897,42447330.0,104.40649948120117,0,14,10,2021,3,AMD
2021-10-15 00:00:00-04:00,112.51000213623047,112.83999633789062,111.11000061035156,112.12000274658203,34203000,0.0,0.0,0.0011608615527489707,0.02296902501277508,41931065.0,104.81849975585938,0,15,10,2021,4,AMD
2021-10-18 00:00:00-04:00,111.9000015258789,116.87999725341797,111.37000274658203,116.43000030517578,47537800,0.0,0.0,0.03844093340182453,0.023302223521930874,42046535.0,105.56249961853027,0,18,10,2021,0,AMD
2021-10-19 00:00:00-04:00,116.16000366210938,117.16999816894531,114.47000122070312,116.33000183105469,39593900,0.0,0.0,-0.0008588720592543897,0.023331289061064908,42252155.0,106.2379997253418,0,19,10,2021,1,AMD
2021-10-20 00:00:00-04:00,116.29000091552734,118.30000305175781,115.41999816894531,116.38999938964844,34244800,0.0,0.0,0.0005157530959285506,0.023273112975006584,42258080.0,106.83849983215332,0,20,10,2021,2,AMD
2021-10-21 00:00:00-04:00,116.5,119.68000030517578,116.26000213623047,119.33000183105469,34794900,0.0,0.0,0.02525992316198722,0.023556427697984137,42356990.0,107.49749984741212,0,21,10,2021,3,AMD
2021-10-22 00:00:00-04:00,120.83000183105469,121.55999755859375,118.37000274658203,119.81999969482422,38992700,0.0,0.0,0.004106241986514547,0.023458367680769886,42982495.0,108.19849967956543,0,22,10,2021,4,AMD
2021-10-25 00:00:00-04:00,120.5199966430664,123.45999908447266,118.5999984741211,122.36000061035156,47834100,0.0,0.0,0.021198472058058693,0.023420373178524058,42776985.0,108.90849952697754,0,25,10,2021,0,AMD
2021-10-26 00:00:00-04:00,122.98999786376953,127.19999694824219,122.58000183105469,122.93000030517578,59458900,0.0,0.0,0.004658382575849718,0.017174793619180177,42026480.0,109.978999710083,0,26,10,2021,1,AMD
2021-10-27 00:00:00-04:00,121.62999725341797,128.0800018310547,121.05000305175781,122.27999877929688,98245300,0.0,0.0,-0.005287574426627084,0.016821089778244175,44327510.0,111.0754997253418,0,27,10,2021,2,AMD
2021-10-28 00:00:00-04:00,122.86000061035156,123.5,120.26000213623047,121.16000366210938,58002500,0.0,0.0,-0.009159266669678146,0.01693688342512448,44345800.0,111.98849983215332,0,28,10,2021,3,AMD
2021-10-29 00:00:00-04:00,120.94999694824219,122.56999969482422,119.87999725341797,120.2300033569336,43320100,0.0,0.0,-0.0076758028810346435,0.017082785263939464,44437225.0,112.87750015258788,0,29,10,2021,4,AMD
2021-11-01 00:00:00-04:00,119.44999694824219,125.66999816894531,118.12999725341797,125.2300033569336,54559800,0.0,0.0,0.04158695716872107,0.017229766169573727,45066860.0,114.12200050354004,0,1,11,2021,0,AMD
2021-11-02 00:00:00-04:00,124.9800033569336,128.4600067138672,124.19999694824219,127.62999725341797,53491900,0.0,0.0,0.019164687631955557,0.017305649398134972,46168695.0,115.41300048828126,0,2,11,2021,1,AMD
2021-11-03 00:00:00-04:00,127.75,130.60000610351562,126.79000091552734,130.52999877929688,59537800,0.0,0.0,0.02272194302504582,0.017431151023382017,47192000.0,116.75750045776367,0,3,11,2021,2,AMD
2021-11-04 00:00:00-04:00,132.00999450683594,139.0,130.77000427246094,137.5,84825200,0.0,0.0,0.05339769620689383,0.019517051298917603,49356105.0,118.31000061035157,0,4,11,2021,3,AMD
2021-11-05 00:00:00-04:00,139.19000244140625,141.22000122070312,134.4199981689453,136.33999633789062,64920600,0.0,0.0,-0.008436390269886407,0.019216640237651003,51070985.0,119.8740005493164,0,5,11,2021,4,AMD
2021-11-08 00:00:00-05:00,137.6999969482422,153.60000610351562,137.6999969482422,150.16000366210938,141493800,0.0,0.0,0.10136429291056093,0.027083557183792125,56581455.0,122.14800071716309,0,8,11,2021,0,AMD
2021-11-09 00:00:00-05:00,154.00999450683594,155.64999389648438,143.88999938964844,148.9199981689453,98442600,0.0,0.0,-0.008257894665175458,0.027549043877811253,59801590.0,124.34200057983398,0,9,11,2021,1,AMD
2021-11-10 00:00:00-05:00,143.92999267578125,146.3000030517578,138.52000427246094,139.8699951171875,82989200,0.0,0.0,-0.06077090493575521,0.032171436807168115,61169455.0,125.87750015258788,0,10,11,2021,2,AMD
2021-11-11 00:00:00-05:00,142.9600067138672,146.47000122070312,140.83999633789062,146.00999450683594,67934800,0.0,0.0,0.04389790236643787,0.03279778032798336,62221185.0,127.57849998474121,0,11,11,2021,3,AMD
2021-11-12 00:00:00-05:00,146.02999877929688,148.58999633789062,144.25,147.88999938964844,52162100,0.0,0.0,0.012875864348618205,0.032663543258142386,63119140.0,129.36699981689452,0,12,11,2021,4,AMD
2021-11-15 00:00:00-05:00,148.0,148.97999572753906,142.86000061035156,146.49000549316406,52271300,0.0,0.0,-0.009466454136603186,0.0325670771330883,63355815.0,130.87000007629393,0,15,11,2021,0,AMD
2021-11-16 00:00:00-05:00,145.92999267578125,153.0800018310547,145.33999633789062,152.4499969482422,53100800,0.0,0.0,0.04068531115835228,0.033022645751348216,64031160.0,132.6759998321533,0,16,11,2021,1,AMD
2021-11-17 00:00:00-05:00,151.97999572753906,154.66000366210938,149.69000244140625,151.33999633789062,54527500,0.0,0.0,-0.007281079911916399,0.03323701361661007,65045295.0,134.42349967956542,0,17,11,2021,2,AMD
2021-11-18 00:00:00-05:00,157.07000732421875,158.88999938964844,152.55999755859375,155.02000427246094,60612700,0.0,0.0,0.02431616243966417,0.033220447026288506,66336185.0,136.20799980163574,0,18,11,2021,3,AMD
2021-11-19 00:00:00-05:00,155.75999450683594,156.9199981689453,153.4499969482422,155.41000366210938,41668900,0.0,0.0,0.0025158004057526107,0.03324646880914663,66469995.0,137.9875,0,19,11,2021,4,AMD
2021-11-22 00:00:00-05:00,157.13999938964844,161.8800048828125,152.38999938964844,152.52000427246094,58674100,0.0,0.0,-0.018595967579615014,0.033951266301088794,67011995.0,139.49550018310546,0,22,11,2021,0,AMD
2021-11-23 00:00:00-05:00,150.41000366210938,152.66000366210938,145.3000030517578,149.9199981689453,62852700,0.0,0.0,-0.017046984203271998,0.034527288428520604,67181685.0,140.84500007629396,0,23,11,2021,1,AMD
2021-11-24 00:00:00-05:00,149.4600067138672,157.92999267578125,147.19000244140625,157.8000030517578,60677100,0.0,0.0,0.05256139927331449,0.03554090011994949,65303275.0,142.621000289917,0,24,11,2021,2,AMD
2021-11-26 00:00:00-05:00,155.8000030517578,158.10000610351562,152.80999755859375,154.80999755859375,36245100,0.0,0.0,-0.018948069932440692,0.035933440669804556,64215405.0,144.30349998474122,0,26,11,2021,4,AMD
2021-11-29 00:00:00-05:00,157.5,162.50999450683594,156.10000610351562,161.91000366210938,57438900,0.0,0.0,0.04586271051925017,0.03630980102519389,64921345.0,146.3875,0,29,11,2021,0,AMD
2021-11-30 00:00:00-05:00,163.27999877929688,164.4600067138672,155.67999267578125,158.3699951171875,75182500,0.0,0.0,-0.021864050798921175,0.036690379932710696,65952480.0,148.04449958801268,0,30,11,2021,1,AMD
2021-12-01 00:00:00-05:00,160.3699951171875,160.8800048828125,148.9199981689453,149.11000061035156,64039100,0.0,0.0,-0.058470637067229214,0.03990674843710573,66479840.0,149.11849975585938,0,1,12,2021,2,AMD
2021-12-02 00:00:00-05:00,147.67999267578125,152.52999877929688,146.47000122070312,150.67999267578125,56161200,0.0,0.0,0.010529086305433921,0.039771807205885044,66311010.0,150.1259994506836,0,2,12,2021,3,AMD
2021-12-03 00:00:00-05:00,151.64999389648438,152.3800048828125,140.72000122070312,144.00999450683594,65910000,0.0,0.0,-0.0442659841595372,0.03989258691217731,65365250.0,150.45149917602538,0,3,12,2021,4,AMD
2021-12-06 00:00:00-05:00,141.13999938964844,141.30999755859375,134.1999969482422,139.05999755859375,66776500,0.0,0.0,-0.0343725931328136,0.0406993855468742,65458045.0,150.58749923706054,0,6,12,2021,0,AMD
2021-12-07 00:00:00-05:00,143.89999389648438,145.75999450683594,141.0,144.85000610351562,53359400,0.0,0.0,0.04163676575991748,0.034765029090145276,61051325.0,150.32199935913087,0,7,12,2021,1,AMD
2021-12-08 00:00:00-05:00,144.9600067138672,147.0399932861328,142.6999969482422,145.24000549316406,40977500,0.0,0.0,0.0026924361285129983,0.034734619994190016,58178070.0,150.13799972534179,0,8,12,2021,2,AMD
2021-12-09 00:00:00-05:00,145.16000366210938,146.69000244140625,137.8000030517578,138.10000610351562,53019900,0.0,0.0,-0.04916000495458872,0.0337607142801213,56679605.0,150.04950027465821,0,9,12,2021,3,AMD
2021-12-10 00:00:00-05:00,141.2899932861328,141.3699951171875,135.82000732421875,138.5500030517578,42224300,0.0,0.0,0.0032584860851119224,0.0321585133218264,55394080.0,149.6765007019043,0,10,12,2021,4,AMD
2021-12-13 00:00:00-05:00,138.25,139.39999389648438,133.4199981689453,133.8000030517578,42174000,0.0,0.0,-0.03428365135600575,0.03272453067721425,54894675.0,148.97200088500978,0,13,12,2021,0,AMD
2021-12-14 00:00:00-05:00,131.6699981689453,137.24000549316406,130.60000610351562,135.60000610351562,50754600,0.0,0.0,0.01345293729972119,0.03294148471757819,54818840.0,148.42750091552733,0,14,12,2021,1,AMD
2021-12-15 00:00:00-05:00,135.11000061035156,146.69000244140625,133.80999755859375,146.5,72425800,0.0,0.0,0.08038343219662858,0.03671382021819608,55785090.0,148.13000106811523,0,15,12,2021,2,AMD
2021-12-16 00:00:00-05:00,147.0,147.92999267578125,137.02000427246094,138.63999938964844,63369600,0.0,0.0,-0.053651881299328075,0.03852723831589361,56227195.0,147.49500122070313,0,16,12,2021,3,AMD
2021-12-17 00:00:00-05:00,136.3000030517578,142.0399932861328,136.11000061035156,137.75,55642100,0.0,0.0,-0.0064194993765622765,0.03796089304787237,55978665.0,146.6315010070801,0,17,12,2021,4,AMD
2021-12-20 00:00:00-05:00,135.97000122070312,138.25999450683594,133.52000427246094,135.8000030517578,38195400,0.0,0.0,-0.014156057700487779,0.03796537752613239,55804990.0,145.6510009765625,0,20,12,2021,0,AMD
2021-12-21 00:00:00-05:00,138.19000244140625,144.5,135.14999389648438,144.25,57785200,0.0,0.0,0.062223834744846274,0.04075743684315148,55760545.0,145.23750076293945,0,21,12,2021,1,AMD
2021-12-22 00:00:00-05:00,142.64999389648438,144.5,140.27000427246094,143.8800048828125,46923700,0.0,0.0,-0.0025649574848353174,0.04060443389986011,54964095.0,144.9355010986328,0,22,12,2021,2,AMD
2021-12-23 00:00:00-05:00,143.88999938964844,149.02000427246094,143.85000610351562,146.13999938964844,48653800,0.0,0.0,0.01570749534430904,0.03883000078634797,54362930.0,144.35250091552734,0,23,12,2021,3,AMD
2021-12-27 00:00:00-05:00,147.50999450683594,154.88999938964844,147.25,154.36000061035156,53296400,0.0,0.0,0.05624744255531566,0.04080694868860683,55215495.0,144.33000106811522,0,27,12,2021,0,AMD
2021-12-28 00:00:00-05:00,155.8800048828125,156.72999572753906,151.3800048828125,153.14999389648438,58699100,0.0,0.0,-0.007838861810590347,0.03941777576695614,55278505.0,143.892000579834,0,28,12,2021,1,AMD
2021-12-29 00:00:00-05:00,152.82000732421875,154.33999633789062,147.2899932861328,148.25999450683594,51300200,0.0,0.0,-0.03192947818825009,0.03974700593380066,54084390.0,143.3865005493164,0,29,12,2021,2,AMD
2021-12-30 00:00:00-05:00,147.44000244140625,148.85000610351562,144.85000610351562,145.14999389648438,44358000,0.0,0.0,-0.020976667513691094,0.037807497878134096,53100335.0,143.18850021362306,0,30,12,2021,3,AMD
2021-12-31 00:00:00-05:00,146.16000366210938,148.61000061035156,143.5500030517578,143.89999389648438,49448100,0.0,0.0,-0.008611781278416442,0.03775119156763226,52764680.0,142.8495002746582,0,31,12,2021,4,AMD
2022-01-03 00:00:00-05:00,145.13999938964844,151.64999389648438,145.02000427246094,150.24000549316406,59396600,0.0,0.0,0.04405845632794425,0.0376673087989165,52439010.0,143.1610008239746,0,3,1,2022,0,AMD
2022-01-04 00:00:00-05:00,151.00999450683594,152.4199981689453,140.6999969482422,144.4199981689453,80200500,0.0,0.0,-0.03873806650308964,0.037905853274414716,53110210.0,143.4290008544922,0,4,1,2022,1,AMD
2022-01-05 00:00:00-05:00,142.82000732421875,143.75999450683594,135.2899932861328,136.14999389648438,65403200,0.0,0.0,-0.05726356721585413,0.03897658660774144,53712400.0,142.99400024414064,0,5,1,2022,2,AMD
2022-01-06 00:00:00-05:00,136.19000244140625,138.0,131.77000427246094,136.22999572753906,64802900,0.0,0.0,0.0005876006951239798,0.03896501374135189,54903670.0,142.5434997558594,0,6,1,2022,3,AMD
2022-01-07 00:00:00-05:00,136.27999877929688,137.44000244140625,131.1300048828125,132.0,58441100,0.0,0.0,-0.03105039903252349,0.038022262183254656,55174730.0,142.2384994506836,0,7,1,2022,4,AMD
2022-01-10 00:00:00-05:00,129.0800018310547,132.4199981689453,125.02999877929688,132.0,84671300,0.0,0.0,0.0,0.03800742442695376,57297080.0,141.9109992980957,0,10,1,2022,0,AMD
2022-01-11 00:00:00-05:00,133.4499969482422,138.99000549316406,131.58999633789062,137.30999755859375,77153900,0.0,0.0,0.04022725423177076,0.038300381828342764,59046075.0,142.0864990234375,0,11,1,2022,1,AMD
2022-01-12 00:00:00-05:00,138.58999633789062,140.57000732421875,135.77000427246094,137.47000122070312,69669600,0.0,0.0,0.0011652732135625232,0.038205165718108995,59991825.0,142.17999877929688,0,12,1,2022,2,AMD
2022-01-13 00:00:00-05:00,139.44000244140625,141.25,131.80999755859375,132.74000549316406,76618100,0.0,0.0,-0.03440747570770164,0.03411367361517636,60201440.0,141.49199905395508,0,13,1,2022,3,AMD
2022-01-14 00:00:00-05:00,131.67999267578125,137.0,131.42999267578125,136.8800048828125,71078400,0.0,0.0,0.031188784227236255,0.03291685274807907,60586880.0,141.40399932861328,0,14,1,2022,4,AMD
2022-01-18 00:00:00-05:00,134.5,136.38999938964844,131.58999633789062,131.92999267578125,56527400,0.0,0.0,-0.03616315042704099,0.0338740758773634,60631145.0,141.11299896240234,0,18,1,2022,1,AMD
2022-01-19 00:00:00-05:00,133.5500030517578,134.57000732421875,128.02000427246094,128.27000427246094,69831800,0.0,0.0,-0.027741898025528955,0.034272685877865264,62212965.0,140.7364990234375,0,19,1,2022,2,AMD
2022-01-20 00:00:00-05:00,126.04000091552734,128.50999450683594,121.41000366210938,121.88999938964844,91157300,0.0,0.0,-0.04973886856088816,0.032264860584581015,63881570.0,139.6184989929199,0,20,1,2022,3,AMD
2022-01-21 00:00:00-05:00,120.13999938964844,125.0199966430664,118.38999938964844,118.80999755859375,95685300,0.0,0.0,-0.025268700028529656,0.03246633573328826,66319650.0,138.364998626709,0,21,1,2022,4,AMD
2022-01-24 00:00:00-05:00,115.4000015258789,116.7699966430664,107.5,116.52999877929688,116210100,0.0,0.0,-0.019190293966401595,0.03200146181114651,69697465.0,136.8844985961914,0,24,1,2022,0,AMD
2022-01-25 00:00:00-05:00,114.0999984741211,114.81999969482422,109.86000061035156,111.12999725341797,85102900,0.0,0.0,-0.04634001186343695,0.028750286948188396,71287790.0,134.72299842834474,0,25,1,2022,1,AMD
2022-01-26 00:00:00-05:00,114.55000305175781,117.16000366210938,108.62999725341797,110.70999908447266,94752600,0.0,0.0,-0.0037793411259388066,0.028824439885767078,73090465.0,132.60099868774415,0,26,1,2022,2,AMD
2022-01-27 00:00:00-05:00,111.95999908447266,112.75,101.94000244140625,102.5999984741211,125954100,0.0,0.0,-0.07325445467815028,0.0314140132240062,76823160.0,130.3179988861084,0,27,1,2022,3,AMD
2022-01-28 00:00:00-05:00,101.55000305175781,105.4000015258789,99.3499984741211,105.23999786376953,98749500,0.0,0.0,0.025730988585875414,0.032865321421443265,79542735.0,128.32249908447267,0,28,1,2022,4,AMD
2022-01-31 00:00:00-05:00,107.93000030517578,114.30999755859375,106.9000015258789,114.25,97206000,0.0,0.0,0.08561385708021096,0.03989579161198882,81930630.0,126.83999938964844,0,31,1,2022,0,AMD
2022-02-01 00:00:00-05:00,116.75,117.26000213623047,112.7300033569336,116.77999877929688,122467900,0.0,0.0,0.02214440944679974,0.03859183667377668,85084195.0,125.16699905395508,0,1,2,2022,1,AMD
2022-02-02 00:00:00-05:00,129.88999938964844,130.05999755859375,120.63999938964844,122.76000213623047,180065000,0.0,0.0,0.05120742780820908,0.040483612834992286,90077420.0,124.08399925231933,0,2,2,2022,2,AMD
2022-02-03 00:00:00-05:00,120.31999969482422,125.37000274658203,118.81999969482422,120.08000183105469,103599500,0.0,0.0,-0.021831217485657084,0.03892823307383425,91987235.0,123.28049964904785,0,3,2,2022,3,AMD
2022-02-04 00:00:00-05:00,120.33999633789062,124.95999908447266,118.58000183105469,123.5999984741211,86212000,0.0,0.0,0.029313762403325283,0.039688925142796296,93057690.0,122.64899978637695,0,4,2,2022,4,AMD
2022-02-07 00:00:00-05:00,123.55999755859375,127.62999725341797,122.79000091552734,123.66999816894531,81672500,0.0,0.0,0.0005663405800031551,0.03918580900337316,94219260.0,122.23249969482421,0,7,2,2022,0,AMD
2022-02-08 00:00:00-05:00,122.37999725341797,128.7100067138672,122.05000305175781,128.22999572753906,84902800,0.0,0.0,0.03687230230540117,0.04016612196392512,94230835.0,122.04399948120117,0,8,2,2022,1,AMD
2022-02-09 00:00:00-05:00,129.60000610351562,132.9600067138672,127.6500015258789,132.85000610351562,92948900,0.0,0.0,0.03602909248935071,0.03995146188215102,95020585.0,121.82099990844726,0,9,2,2022,2,AMD
2022-02-10 00:00:00-05:00,128.83999633789062,131.75999450683594,124.61000061035156,125.7699966430664,108939900,0.0,0.0,-0.053293256568859526,0.041624514822355345,96984100.0,121.23599967956542,0,10,2,2022,3,AMD
2022-02-11 00:00:00-05:00,126.13999938964844,127.16999816894531,111.80999755859375,113.18000030517578,164723200,0.0,0.0,-0.10010333683653394,0.0464900418039457,101389355.0,120.25799942016602,0,11,2,2022,4,AMD
2022-02-14 00:00:00-05:00,115.51000213623047,118.37000274658203,113.45999908447266,114.2699966430664,135146400,0.0,0.0,0.00963064441554673,0.04580527654080897,104592755.0,119.12749900817872,0,14,2,2022,0,AMD
2022-02-15 00:00:00-05:00,117.19000244140625,121.87999725341797,114.36000061035156,121.47000122070312,143975900,0.0,0.0,0.06300870560210692,0.047913109251364945,108965180.0,118.6044994354248,0,15,2,2022,1,AMD
2022-02-16 00:00:00-05:00,119.05000305175781,119.54000091552734,114.22000122070312,117.69000244140625,119109600,0.0,0.0,-0.031118784401992894,0.0480106599709048,111429070.0,118.07549934387207,0,16,2,2022,2,AMD
2022-02-17 00:00:00-05:00,116.26000213623047,116.9800033569336,112.26000213623047,112.37000274658203,98179600,0.0,0.0,-0.0452034971914701,0.04778942548830329,111780185.0,117.59949951171875,0,17,2,2022,3,AMD
2022-02-18 00:00:00-05:00,113.9000015258789,115.63999938964844,109.88999938964844,113.83000183105469,114321200,0.0,0.0,0.012992783205365344,0.047615024614522446,112711980.0,117.35049972534179,0,18,2,2022,4,AMD
2022-02-22 00:00:00-05:00,115.2699966430664,119.19999694824219,113.61000061035156,115.6500015258789,141648500,0.0,0.0,0.015988752223033753,0.04755938393736981,113983900.0,117.3064998626709,0,22,2,2022,1,AMD
2022-02-23 00:00:00-05:00,117.4000015258789,118.6500015258789,109.04000091552734,109.76000213623047,120299400,0.0,0.0,-0.05092952280100438,0.04780876220624914,115743725.0,117.23800010681153,0,23,2,2022,2,AMD
2022-02-24 00:00:00-05:00,104.55999755859375,116.95999908447266,104.26000213623047,116.61000061035156,142956600,0.0,0.0,0.06240887701167419,0.04974988594903561,118153925.0,117.53300018310547,0,24,2,2022,3,AMD
2022-02-25 00:00:00-05:00,117.16000366210938,121.2300033569336,116.04000091552734,121.05999755859375,127821000,0.0,0.0,0.038161366306065814,0.04682055978198735,118247270.0,118.4560001373291,0,25,2,2022,4,AMD
2022-02-28 00:00:00-05:00,120.30999755859375,124.61000061035156,119.19999694824219,123.33999633789062,124666100,0.0,0.0,0.018833626509808354,0.046718916540228264,119543100.0,119.36100006103516,0,28,2,2022,0,AMD
2022-03-01 00:00:00-05:00,122.33000183105469,122.43000030517578,112.80000305175781,113.83000183105469,126552200,0.0,0.0,-0.07710389808009444,0.04684553993776453,121010410.0,119.34000015258789,0,1,3,2022,1,AMD
2022-03-02 00:00:00-05:00,115.47000122070312,119.4800033569336,113.30999755859375,118.27999877929688,118354500,0.0,0.0,0.03909335743354214,0.047400506855991544,120804740.0,119.4150001525879,0,2,3,2022,2,AMD
2022-03-03 00:00:00-05:00,118.12999725341797,118.26000213623047,111.05000305175781,111.9800033569336,123916700,0.0,0.0,-0.053263404526395663,0.047417021677708775,117997325.0,118.87600021362304,0,3,3,2022,3,AMD
2022-03-04 00:00:00-05:00,112.0,113.0,106.80999755859375,108.41000366210938,100609400,0.0,0.0,-0.03188068929990051,0.047674078966412285,117847820.0,118.29250030517578,0,4,3,2022,4,AMD
2022-03-07 00:00:00-05:00,108.52999877929688,109.52999877929688,102.81999969482422,102.94999694824219,92600000,0.0,0.0,-0.05036441776060496,0.04807121132801025,118167220.0,117.26000022888184,0,7,3,2022,0,AMD
2022-03-08 00:00:00-05:00,102.80999755859375,109.9000015258789,100.08000183105469,105.52999877929688,135348300,0.0,0.0,0.025060727610820344,0.048609518460711675,120851010.0,116.35300025939941,0,8,3,2022,1,AMD
2022-03-09 00:00:00-05:00,108.41000366210938,111.70999908447266,106.8499984741211,111.05000305175781,102310300,0.0,0.0,0.052307441829932744,0.049453893003630504,121721385.0,115.49400062561035,0,9,3,2022,2,AMD
2022-03-10 00:00:00-05:00,108.88999938964844,109.06999969482422,103.06999969482422,106.45999908447266,102557400,0.0,0.0,-0.04133276759250393,0.04901812204661453,122201810.0,114.1745002746582,0,10,3,2022,3,AMD
2022-03-11 00:00:00-05:00,108.12999725341797,108.19000244140625,104.08000183105469,104.29000091552734,87584400,0.0,0.0,-0.020383225508235125,0.04802553124884559,121134035.0,113.10050048828126,0,11,3,2022,4,AMD
2022-03-14 00:00:00-04:00,102.98999786376953,105.23999786376953,101.04000091552734,102.25,89731700,0.0,0.0,-0.019560848572431233,0.04303160473589597,117384460.0,112.55400047302246,0,14,3,2022,0,AMD
2022-03-15 00:00:00-04:00,102.66000366210938,109.69000244140625,101.79000091552734,109.33000183105469,112425500,0.0,0.0,0.0692420716973563,0.046000788454329734,116248415.0,112.30700073242187,0,15,3,2022,1,AMD
2022-03-16 00:00:00-04:00,111.5999984741211,115.41999816894531,109.88999938964844,115.37000274658203,113689800,0.0,0.0,0.055245594204423654,0.04546003364137519,114734110.0,112.00200080871582,0,16,3,2022,2,AMD
2022-03-17 00:00:00-04:00,112.13999938964844,114.2699966430664,109.70999908447266,111.69000244140625,103201700,0.0,0.0,-0.031897375553150975,0.04548697650888926,113938715.0,111.70200080871582,0,17,3,2022,3,AMD
2022-03-18 00:00:00-04:00,111.27999877929688,114.93000030517578,110.55000305175781,113.45999908447266,105834800,0.0,0.0,0.01584740446214039,0.044445468484893204,114321475.0,111.75650062561036,0,18,3,2022,4,AMD
2022-03-21 00:00:00-04:00,113.7300033569336,117.56999969482422,112.54000091552734,115.91999816894531,101905900,0.0,0.0,0.02168164202646561,0.04460668259030525,113700710.0,111.86100044250489,0,21,3,2022,0,AMD
2022-03-22 00:00:00-04:00,115.43000030517578,117.94999694824219,113.80999755859375,114.77999877929688,101672600,0.0,0.0,-0.00983436342008015,0.0445498209490009,111701915.0,111.81750030517578,0,22,3,2022,1,AMD
2022-03-23 00:00:00-04:00,114.29000091552734,117.55000305175781,112.20999908447266,113.91999816894531,90579200,0.0,0.0,-0.007492599925926102,0.04293680047562433,110215905.0,112.02550010681152,0,23,3,2022,2,AMD
2022-03-24 00:00:00-04:00,114.95999908447266,120.55000305175781,113.70999908447266,120.52999877929688,121961300,0.0,0.0,0.05802318044764032,0.04262609004611249,109166140.0,112.22150001525878,0,24,3,2022,3,AMD
2022-03-25 00:00:00-04:00,119.91999816894531,121.4000015258789,117.25,119.66999816894531,95852400,0.0,0.0,-0.007135158210084369,0.04182855737030792,107567710.0,112.15200004577636,0,25,3,2022,4,AMD
2022-03-28 00:00:00-04:00,117.69999694824219,120.41000366210938,116.70999908447266,120.23999786376953,92966100,0.0,0.0,0.004763096043667758,0.04161741495155546,105982710.0,111.99700012207032,0,28,3,2022,0,AMD
2022-03-29 00:00:00-04:00,122.27999877929688,123.70999908447266,119.58999633789062,123.2300033569336,94143000,0.0,0.0,0.024866978927858163,0.037803676290466104,104362250.0,112.46700019836426,0,29,3,2022,1,AMD
2022-03-30 00:00:00-04:00,123.04000091552734,125.66999816894531,118.58999633789062,119.22000122070312,99476900,0.0,0.0,-0.03254079385696007,0.03776198513330704,103418370.0,112.51400032043458,0,30,3,2022,2,AMD
2022-03-31 00:00:00-04:00,116.30999755859375,116.37999725341797,109.0199966430664,109.33999633789062,147004800,0.0,0.0,-0.0828720414498435,0.04048622647374804,104572775.0,112.38199996948242,0,31,3,2022,3,AMD
2022-04-01 00:00:00-04:00,110.4800033569336,111.41999816894531,106.0999984741211,108.19000244140625,111867100,0.0,0.0,-0.010517595893551834,0.03988972708412103,105135660.0,112.37099990844726,0,1,4,2022,4,AMD
2022-04-04 00:00:00-04:00,109.97000122070312,110.94000244140625,107.02999877929688,110.52999877929688,90123900,0.0,0.0,0.021628581986195217,0.03825835081222606,105011855.0,112.75,0,4,4,2022,0,AMD
2022-04-05 00:00:00-04:00,109.69000244140625,110.4800033569336,106.05000305175781,106.81999969482422,79532000,0.0,0.0,-0.03356553990270705,0.038822124327052704,102221040.0,112.81450004577637,0,5,4,2022,1,AMD
2022-04-06 00:00:00-04:00,104.44999694824219,105.73999786376953,101.70999908447266,103.66999816894531,105256600,0.0,0.0,-0.02948887413291701,0.037452796770876026,102368355.0,112.44549980163575,0,6,4,2022,2,AMD
2022-04-07 00:00:00-04:00,103.91999816894531,105.23999786376953,100.91000366210938,103.72000122070312,91895500,0.0,0.0,0.00048232905026512896,0.03633706945284745,101835260.0,112.30849990844726,0,7,4,2022,3,AMD
2022-04-08 00:00:00-04:00,102.51000213623047,102.98999786376953,100.41999816894531,101.0,92746700,0.0,0.0,-0.02622446190407679,0.036526789129345906,102093375.0,112.1439998626709,0,8,4,2022,4,AMD
2022-04-11 00:00:00-04:00,98.5999984741211,98.66999816894531,95.94000244140625,97.37000274658203,95527700,0.0,0.0,-0.03594056686552449,0.03714403699565988,102383175.0,111.9,0,11,4,2022,0,AMD
2022-04-12 00:00:00-04:00,98.77999877929688,99.58999633789062,94.5999984741211,95.0999984741211,89246400,0.0,0.0,-0.02331317868367444,0.03340653917734067,101224220.0,111.18849983215333,0,12,4,2022,1,AMD
2022-04-13 00:00:00-04:00,95.30000305175781,98.33000183105469,94.70999908447266,97.73999786376953,77728400,0.0,0.0,0.027760246393346177,0.031230999606006872,99426150.0,110.3069995880127,0,13,4,2022,2,AMD
2022-04-14 00:00:00-04:00,98.37000274658203,98.38999938964844,92.91999816894531,93.05999755859375,73354400,0.0,0.0,-0.047882140448772925,0.03207361543457423,97933785.0,109.37549934387206,0,14,4,2022,3,AMD
2022-04-18 00:00:00-04:00,92.02999877929688,95.16000366210938,91.63999938964844,93.88999938964844,80605800,0.0,0.0,0.008918996914137,0.0318323150928831,96672335.0,108.39699935913086,0,18,4,2022,0,AMD
2022-04-19 00:00:00-04:00,93.38999938964844,97.06999969482422,92.83999633789062,96.93000030517578,77069500,0.0,0.0,0.03237832501107163,0.03245750381946458,95430515.0,107.44749946594239,0,19,4,2022,1,AMD
2022-04-20 00:00:00-04:00,97.83999633789062,97.91000366210938,93.19999694824219,94.0199966430664,62489000,0.0,0.0,-0.030021702805606898,0.03281639099447699,93471335.0,106.40949935913086,0,20,4,2022,2,AMD
2022-04-21 00:00:00-04:00,95.16000366210938,96.2300033569336,89.23999786376953,89.8499984741211,76680600,0.0,0.0,-0.044352247583842375,0.03372555428168012,92776405.0,105.20599937438965,0,21,4,2022,3,AMD
2022-04-22 00:00:00-04:00,90.02999877929688,91.45999908447266,87.94000244140625,88.13999938964844,75017700,0.0,0.0,-0.019031709666252006,0.029536333510495647,90429225.0,103.58649940490723,0,22,4,2022,4,AMD
2022-04-25 00:00:00-04:00,89.86000061035156,91.37000274658203,88.61000061035156,90.69000244140625,93481000,0.0,0.0,0.0289312805697306,0.03110770418850636,90310655.0,102.13749961853027,0,25,4,2022,0,AMD
2022-04-26 00:00:00-04:00,89.73999786376953,90.12000274658203,85.08000183105469,85.16000366210938,89127400,0.0,0.0,-0.060976939358555415,0.032538790824857784,90118720.0,100.38349990844726,0,26,4,2022,1,AMD
2022-04-27 00:00:00-04:00,84.25,87.9000015258789,84.0199966430664,84.91000366210938,83125100,0.0,0.0,-0.0029356504139188555,0.031242602821658833,89567825.0,98.46749992370606,0,27,4,2022,2,AMD
2022-04-28 00:00:00-04:00,86.66999816894531,90.58000183105469,84.77999877929688,89.63999938964844,91495400,0.0,0.0,0.055705988971118,0.03507422012024363,89168750.0,96.98849983215332,0,28,4,2022,3,AMD
2022-04-29 00:00:00-04:00,88.05000305175781,91.79000091552734,85.37999725341797,85.5199966430664,82647700,0.0,0.0,-0.04596165522796514,0.032078717529195167,85950895.0,95.79749984741211,0,29,4,2022,4,AMD
2022-05-02 00:00:00-04:00,85.66000366210938,90.37000274658203,85.31999969482422,89.83999633789062,98304100,0.0,0.0,0.05051449794665608,0.03497165704982821,85272745.0,94.87999954223633,0,2,5,2022,0,AMD
2022-05-03 00:00:00-04:00,89.8499984741211,92.20999908447266,89.01000213623047,91.12999725341797,126381800,0.0,0.0,0.014358870971850957,0.034676717601119726,87085640.0,93.90999946594238,0,3,5,2022,1,AMD
2022-05-04 00:00:00-04:00,98.18000030517578,99.69000244140625,91.69999694824219,99.41999816894531,225394100,0.0,0.0,0.09096895825064255,0.040697812293980916,94378745.0,93.53999938964844,0,4,5,2022,2,AMD
2022-05-05 00:00:00-04:00,97.6500015258789,97.83999633789062,92.16999816894531,93.87000274658203,153129800,0.0,0.0,-0.055823732896596145,0.04201139060848685,96772405.0,93.04999961853028,0,5,5,2022,3,AMD
2022-05-06 00:00:00-04:00,94.33999633789062,98.18000030517578,92.6500015258789,95.33999633789062,144286600,0.0,0.0,0.0156598865270845,0.04223542661754609,99391960.0,92.63099937438965,0,6,5,2022,4,AMD
2022-05-09 00:00:00-04:00,92.87000274658203,93.73999786376953,85.37999725341797,86.36000061035156,144523700,0.0,0.0,-0.0941891763422501,0.04667273214354506,101980810.0,91.89899940490723,0,9,5,2022,0,AMD
2022-05-10 00:00:00-04:00,89.18000030517578,90.7699966430664,85.41000366210938,88.7300033569336,137235500,0.0,0.0,0.027443292378786177,0.046739039940903684,104066200.0,91.46699943542481,0,10,5,2022,1,AMD
2022-05-11 00:00:00-04:00,87.83999633789062,93.45999908447266,86.52999877929688,87.91999816894531,136137900,0.0,0.0,-0.009128875885757393,0.04653120213464626,106410775.0,91.10799942016601,0,11,5,2022,2,AMD
2022-05-12 00:00:00-04:00,86.5999984741211,88.55000305175781,83.2699966430664,87.05999755859375,129214200,0.0,0.0,-0.009781626800071108,0.04598398031704208,108985065.0,90.57399940490723,0,12,5,2022,3,AMD
2022-05-13 00:00:00-04:00,88.30000305175781,96.56999969482422,88.22000122070312,95.12000274658203,138068100,0.0,0.0,0.09257989218944873,0.04963293380311018,112220750.0,90.67699966430663,0,13,5,2022,4,AMD
2022-05-16 00:00:00-04:00,93.86000061035156,98.16999816894531,93.08000183105469,94.23999786376953,131065700,0.0,0.0,-0.00925152289111053,0.049670970950094206,114743745.0,90.69449958801269,0,16,5,2022,0,AMD
2022-05-17 00:00:00-04:00,97.87999725341797,103.19999694824219,97.54000091552734,102.47000122070312,164227200,0.0,0.0,0.0873302583137856,0.052892786513613135,119101630.0,90.97149963378907,0,17,5,2022,1,AMD
2022-05-18 00:00:00-04:00,100.0,104.22000122070312,95.70999908447266,96.27999877929688,142603200,0.0,0.0,-0.06040794737646216,0.05434113719803368,123107340.0,91.08449974060059,0,18,5,2022,2,AMD
2022-05-19 00:00:00-04:00,96.69000244140625,100.69000244140625,95.08999633789062,96.66999816894531,141506200,0.0,0.0,0.0040506792126413504,0.05320682513926227,126348620.0,91.4254997253418,0,19,5,2022,3,AMD
2022-05-20 00:00:00-04:00,98.38999938964844,98.63999938964844,88.26000213623047,93.5,164126800,0.0,0.0,-0.03279195437042692,0.05362132111208281,130804075.0,91.69349975585938,0,20,5,2022,4,AMD
2022-05-23 00:00:00-04:00,91.66000366210938,95.19000244140625,90.91999816894531,95.06999969482422,128773000,0.0,0.0,0.016791440586355177,0.053396235006794475,132568675.0,91.91249961853028,0,23,5,2022,0,AMD
2022-05-24 00:00:00-04:00,92.54000091552734,93.41999816894531,89.62000274658203,91.16000366210938,123341400,0.0,0.0,-0.041127548598569263,0.052303967857996146,134279375.0,92.21249961853027,0,24,5,2022,1,AMD
2022-05-25 00:00:00-04:00,90.43000030517578,93.88999938964844,89.5199966430664,92.6500015258789,111771100,0.0,0.0,0.01634486401835078,0.052333495841627095,135711675.0,92.59949951171875,0,25,5,2022,2,AMD
2022-05-26 00:00:00-04:00,91.33999633789062,100.33000183105469,90.73999786376953,98.75,128792700,0.0,0.0,0.06583916215497587,0.05288956305521986,137576540.0,93.05499954223633,0,26,5,2022,3,AMD
2022-05-27 00:00:00-04:00,100.13999938964844,102.4000015258789,99.37999725341797,102.26000213623047,104348400,0.0,0.0,0.03554432543018193,0.051789882787923305,138661575.0,93.89199981689453,0,27,5,2022,4,AMD
2022-05-31 00:00:00-04:00,102.43000030517578,104.55000305175781,100.04000091552734,101.86000061035156,125102900,0.0,0.0,-0.003911612727584557,0.050986295160856177,140001515.0,94.49300003051758,0,31,5,2022,1,AMD
2022-06-01 00:00:00-04:00,102.12999725341797,103.56999969482422,99.55000305175781,101.22000122070312,99351400,0.0,0.0,-0.006283127683227141,0.0510495614161665,138649995.0,94.99750022888183,0,1,6,2022,2,AMD
2022-06-02 00:00:00-04:00,100.77999877929688,109.5,100.77999877929688,108.58999633789062,120953800,0.0,0.0,0.07281164817532204,0.049609305124854924,133427980.0,95.4560001373291,0,2,6,2022,3,AMD
2022-06-03 00:00:00-04:00,105.80000305175781,109.38999938964844,104.6500015258789,106.30000305175781,110844700,0.0,0.0,-0.0210884369035913,0.047925764134157216,131313725.0,96.07750015258789,0,3,6,2022,4,AMD
2022-06-06 00:00:00-04:00,108.2699966430664,109.56999969482422,104.2300033569336,105.6500015258789,96726900,0.0,0.0,-0.006114783699135207,0.04797367950885666,128935740.0,96.5930004119873,0,6,6,2022,0,AMD
2022-06-07 00:00:00-04:00,104.23999786376953,106.23999786376953,102.61000061035156,105.27999877929688,79022900,0.0,0.0,-0.0035021556198595594,0.041881390845277866,125660700.0,97.53900032043457,0,7,6,2022,1,AMD
2022-06-08 00:00:00-04:00,104.56999969482422,105.8499984741211,100.41000366210938,101.9000015258789,97641900,0.0,0.0,-0.032104837505779305,0.04274132683222809,123681020.0,98.19750022888184,0,8,6,2022,2,AMD
2022-06-09 00:00:00-04:00,101.56999969482422,103.94000244140625,98.73999786376953,98.80000305175781,95299000,0.0,0.0,-0.030421966905798348,0.04344435705362489,121639075.0,98.74150047302246,0,9,6,2022,3,AMD
2022-06-10 00:00:00-04:00,98.81999969482422,99.93000030517578,94.25,94.81999969482422,102135400,0.0,0.0,-0.040283433542492975,0.04457498213043003,120285135.0,99.12950057983399,0,10,6,2022,4,AMD
2022-06-13 00:00:00-04:00,91.26000213623047,92.02999877929688,86.63999938964844,86.98999786376953,98148800,0.0,0.0,-0.08257753486875508,0.04370194925097754,118289170.0,98.72300033569336,0,13,6,2022,0,AMD
2022-06-14 00:00:00-04:00,87.41000366210938,88.30000305175781,85.81999969482422,86.98999786376953,84066600,0.0,0.0,0.0,0.043687469914613336,115939215.0,98.36050033569336,0,14,6,2022,1,AMD
2022-06-15 00:00:00-04:00,87.9000015258789,90.86000061035156,86.19000244140625,89.30000305175781,95774800,0.0,0.0,0.02655483670209824,0.038920289935006,112516595.0,97.70200042724609,0,15,6,2022,2,AMD
2022-06-16 00:00:00-04:00,86.62999725341797,86.7300033569336,80.63999938964844,82.05000305175781,102433300,0.0,0.0,-0.08118700730388484,0.04068278948007643,110508100.0,96.99050064086914,0,16,6,2022,3,AMD
2022-06-17 00:00:00-04:00,82.19000244140625,82.94000244140625,79.43000030517578,81.56999969482422,105212300,0.0,0.0,-0.005850132103356609,0.04059918204392845,108693405.0,96.23550071716309,0,17,6,2022,4,AMD
2022-06-21 00:00:00-04:00,84.16999816894531,85.80999755859375,82.5999984741211,83.79000091552734,87780600,0.0,0.0,0.02721590326111012,0.04086125051024012,104876095.0,95.75000076293945,0,21,6,2022,1,AMD
2022-06-22 00:00:00-04:00,84.4000015258789,86.37999725341797,83.30000305175781,83.75,86634700,0.0,0.0,-0.0004773948572655007,0.040565316792010586,102769180.0,95.18400077819824,0,22,6,2022,2,AMD
2022-06-23 00:00:00-04:00,84.31999969482422,84.41000366210938,80.2300033569336,82.43000030517578,100614600,0.0,0.0,-0.0157611903859608,0.03978277964698421,101632840.0,94.74750061035157,0,23,6,2022,3,AMD
2022-06-24 00:00:00-04:00,83.55999755859375,87.52999877929688,83.08000183105469,87.08000183105469,88553900,0.0,0.0,0.05641151896959218,0.04183120176009121,100471980.0,94.46900062561035,0,24,6,2022,4,AMD
2022-06-27 00:00:00-04:00,87.36000061035156,88.22000122070312,85.25,86.16000366210938,74663500,0.0,0.0,-0.010564976453838582,0.03865286929529353,97765520.0,93.83950080871583,0,27,6,2022,0,AMD
2022-06-28 00:00:00-04:00,85.70999908447266,86.7300033569336,80.43000030517578,80.77999877929688,95618600,0.0,0.0,-0.06244202244827046,0.03930378524495848,97329030.0,92.76550064086913,0,28,6,2022,1,AMD
2022-06-29 00:00:00-04:00,79.55000305175781,79.75,76.51000213623047,77.98999786376953,104140900,0.0,0.0,-0.03453826389809744,0.03960938525828355,96280930.0,91.57200050354004,0,29,6,2022,2,AMD
2022-06-30 00:00:00-04:00,77.7300033569336,78.91000366210938,75.4800033569336,76.47000122070312,105368600,0.0,0.0,-0.01948963565458084,0.039610193371155414,96581790.0,90.33450050354004,0,30,6,2022,3,AMD
2022-07-01 00:00:00-04:00,75.19000244140625,75.44999694824219,72.69000244140625,73.66999816894531,87734200,0.0,0.0,-0.036615705597762616,0.03431158543706807,94920810.0,88.58850059509277,0,1,7,2022,4,AMD
2022-07-05 00:00:00-04:00,71.9800033569336,75.20999908447266,71.5999984741211,75.19999694824219,95589000,0.0,0.0,0.02076827497386624,0.03541333890180573,94158025.0,87.03350028991699,0,5,7,2022,1,AMD
2022-07-06 00:00:00-04:00,75.16999816894531,76.27999877929688,73.55000305175781,75.3499984741211,85458900,0.0,0.0,0.0019947012229555305,0.035585105607141954,93594625.0,85.5185001373291,0,6,7,2022,2,AMD
2022-07-07 00:00:00-04:00,77.19000244140625,79.98999786376953,76.9000015258789,79.30000305175781,83640900,0.0,0.0,0.05242209233744499,0.03869228237018838,93825525.0,84.21950035095215,0,7,7,2022,3,AMD
2022-07-08 00:00:00-04:00,78.30999755859375,80.47000122070312,77.4000015258789,79.3499984741211,83405900,0.0,0.0,0.0006304592741395165,0.03854915978158648,93113725.0,83.09200019836426,0,8,7,2022,4,AMD
2022-07-11 00:00:00-04:00,77.8499984741211,78.29000091552734,75.83999633789062,76.94999694824219,76150300,0.0,0.0,-0.030245766503217197,0.03854467828769658,92156290.0,81.99949989318847,0,11,7,2022,0,AMD
2022-07-12 00:00:00-04:00,76.9800033569336,77.44000244140625,74.43000030517578,76.36000061035156,77873200,0.0,0.0,-0.00766726915255711,0.03795726603862515,90943180.0,81.07649993896484,0,12,7,2022,1,AMD
2022-07-13 00:00:00-04:00,74.94000244140625,79.11000061035156,74.4800033569336,77.5199966430664,79355000,0.0,0.0,0.015191147504490576,0.03424168044597638,90003490.0,80.60299987792969,0,13,7,2022,2,AMD
2022-07-14 00:00:00-04:00,78.2300033569336,79.25,76.0,78.5999984741211,83493600,0.0,0.0,0.01393191276861705,0.03449344642126898,89974840.0,80.18349990844726,0,14,7,2022,3,AMD
2022-07-15 00:00:00-04:00,79.36000061035156,81.19999694824219,77.9000015258789,81.11000061035156,76050600,0.0,0.0,0.03193387003762971,0.03476809257684335,88988630.0,79.77399978637695,0,15,7,2022,4,AMD
2022-07-18 00:00:00-04:00,82.20999908447266,84.47000122070312,80.94000244140625,81.43000030517578,90464300,0.0,0.0,0.003945255731922392,0.029689131325374877,88390180.0,79.74299964904785,0,18,7,2022,0,AMD
2022-07-19 00:00:00-04:00,82.76000213623047,86.41000366210938,82.19000244140625,85.87999725341797,85047500,0.0,0.0,0.054648126385421936,0.0320458892929993,87381940.0,79.95849952697753,0,19,7,2022,1,AMD
2022-07-20 00:00:00-04:00,85.38999938964844,89.91999816894531,85.08000183105469,89.43000030517578,88348600,0.0,0.0,0.04133678580918354,0.032753744294855475,87410340.0,80.24049949645996,0,20,7,2022,2,AMD
2022-07-21 00:00:00-04:00,89.5999984741211,91.58000183105469,88.22000122070312,91.08999633789062,90449300,0.0,0.0,0.018561959376609538,0.03290013733368778,87601070.0,80.6074993133545,0,21,7,2022,3,AMD
2022-07-22 00:00:00-04:00,90.19999694824219,90.69000244140625,87.04000091552734,88.0999984741211,76989700,0.0,0.0,-0.03282465675680113,0.03367148816040585,86419825.0,80.89099922180176,0,22,7,2022,4,AMD
2022-07-25 00:00:00-04:00,86.56999969482422,87.5999984741211,85.12000274658203,87.54000091552734,70083000,0.0,0.0,-0.006356385565185252,0.031362493448480064,85496280.0,80.91399917602538,0,25,7,2022,0,AMD
2022-07-26 00:00:00-04:00,87.0,87.75,84.70999908447266,85.25,69180400,0.0,0.0,-0.02615948014139391,0.03184820342870196,85222125.0,80.86849899291992,0,26,7,2022,1,AMD
2022-07-27 00:00:00-04:00,86.94000244140625,90.62000274658203,86.29000091552734,89.81999969482422,78301600,0.0,0.0,0.05360703454339255,0.030422033323582214,84356275.0,81.32049903869628,0,27,7,2022,2,AMD
2022-07-28 00:00:00-04:00,90.41999816894531,92.22000122070312,88.58999633789062,91.66999816894531,79009200,0.0,0.0,0.020596732135456763,0.02904568041090462,83099690.0,82.00449905395507,0,28,7,2022,3,AMD
2022-07-29 00:00:00-04:00,90.69999694824219,94.80999755859375,90.55999755859375,94.47000122070312,76630700,0.0,0.0,0.030544377742841133,0.028659246918897076,81662795.0,82.90449905395508,0,29,7,2022,4,AMD
2022-08-01 00:00:00-04:00,95.58999633789062,98.38999938964844,93.95999908447266,96.77999877929688,96477500,0.0,0.0,0.024452180890705,0.02648877702980709,82099960.0,84.05999908447265,0,1,8,2022,0,AMD
2022-08-02 00:00:00-04:00,95.70999908447266,100.91999816894531,95.36000061035156,99.29000091552734,116734100,0.0,0.0,0.025935132960214657,0.026582618318300066,83157215.0,85.26449928283691,0,2,8,2022,1,AMD
2022-08-03 00:00:00-04:00,94.83000183105469,98.7699966430664,93.62000274658203,98.08999633789062,131142000,0.0,0.0,-0.012085855237907062,0.027107611631325874,85441370.0,86.4014991760254,0,3,8,2022,2,AMD
2022-08-04 00:00:00-04:00,97.5,104.58999633789062,97.26000213623047,103.91000366210938,125855800,0.0,0.0,0.05933334225205367,0.027666577025017725,87552115.0,87.63199920654297,0,4,8,2022,3,AMD
2022-08-05 00:00:00-04:00,101.05000305175781,103.86000061035156,100.9800033569336,102.30999755859375,93859900,0.0,0.0,-0.01539799872126335,0.028298125860782855,88074815.0,88.77999916076661,0,5,8,2022,4,AMD
2022-08-08 00:00:00-04:00,100.05999755859375,101.80000305175781,97.98999786376953,100.06999969482422,92606800,0.0,0.0,-0.021894222629481264,0.02767868073437425,88897640.0,89.93599929809571,0,8,8,2022,0,AMD
2022-08-09 00:00:00-04:00,97.94999694824219,98.05000305175781,93.66999816894531,95.54000091552734,89473700,0.0,0.0,-0.04526830012103189,0.030346405636774845,89477665.0,90.89499931335449,0,9,8,2022,1,AMD
2022-08-10 00:00:00-04:00,98.44999694824219,99.3499984741211,95.61000061035156,99.05000305175781,83416100,0.0,0.0,0.03673856083938998,0.030855045245331683,89680720.0,91.97149963378907,0,10,8,2022,2,AMD
2022-08-11 00:00:00-04:00,99.93000030517578,102.37000274658203,98.0,98.12000274658203,77516900,0.0,0.0,-0.009389200166806777,0.031247353491403153,89381885.0,92.9474998474121,0,11,8,2022,3,AMD
2022-08-12 00:00:00-04:00,99.19999694824219,101.4000015258789,98.4800033569336,100.83000183105469,72316300,0.0,0.0,0.027619231640992448,0.03111428391613785,89195170.0,93.93349990844726,0,12,8,2022,4,AMD
2022-08-15 00:00:00-04:00,100.51000213623047,101.8499984741211,99.80000305175781,101.01000213623047,61327100,0.0,0.0,0.0017851859754736132,0.03114524577722536,87738310.0,94.9125,0,15,8,2022,0,AMD
2022-08-16 00:00:00-04:00,100.83999633789062,101.44999694824219,98.31999969482422,100.19999694824219,60220700,0.0,0.0,-0.008019059210550683,0.02967095411671114,86496970.0,95.62849998474121,0,16,8,2022,1,AMD
2022-08-17 00:00:00-04:00,99.26000213623047,99.63999938964844,96.7300033569336,98.2699966430664,63735600,0.0,0.0,-0.019261480678215093,0.029194504680198713,85266320.0,96.07049980163575,0,17,8,2022,2,AMD
2022-08-18 00:00:00-04:00,97.73999786376953,101.06999969482422,96.7300033569336,100.44000244140625,76059500,0.0,0.0,0.022082078685945916,0.029290224726544967,84546830.0,96.53800010681152,0,18,8,2022,3,AMD
2022-08-19 00:00:00-04:00,98.66999816894531,99.25,94.58999633789062,95.94999694824219,67221700,0.0,0.0,-0.04470335906038436,0.030210022319936268,84058430.0,96.93050003051758,0,19,8,2022,4,AMD
2022-08-22 00:00:00-04:00,94.4000015258789,95.0199966430664,92.36000061035156,92.83999633789062,61837300,0.0,0.0,-0.032412722347757605,0.0312560229326809,83646145.0,97.19549980163575,0,22,8,2022,0,AMD
2022-08-23 00:00:00-04:00,92.38999938964844,94.44000244140625,92.11000061035156,92.48999786376953,52927000,0.0,0.0,-0.0037699104688380114,0.030534011885817332,82833475.0,97.55749969482422,0,23,8,2022,1,AMD
2022-08-24 00:00:00-04:00,92.20999908447266,93.37999725341797,90.9000015258789,92.7300033569336,56520400,0.0,0.0,0.002594934573547869,0.02826446251644438,81744415.0,97.70299987792968,0,24,8,2022,2,AMD
2022-08-25 00:00:00-04:00,93.13999938964844,97.56999969482422,93.13999938964844,97.18000030517578,61016200,0.0,0.0,0.047988749996194846,0.02983441396823857,80844765.0,97.9784999847412,0,25,8,2022,3,AMD
2022-08-26 00:00:00-04:00,96.29000091552734,97.5999984741211,91.12000274658203,91.18000030517578,65552500,0.0,0.0,-0.06174109879767553,0.03242972568704268,80290855.0,97.81399993896484,0,26,8,2022,4,AMD
2022-08-29 00:00:00-04:00,90.05000305175781,91.19000244140625,88.26000213623047,88.48999786376953,61142500,0.0,0.0,-0.029502110467239717,0.03242144249819217,78524105.0,97.39949989318848,0,29,8,2022,0,AMD
2022-08-30 00:00:00-04:00,90.05999755859375,90.1500015258789,85.33999633789062,86.94000244140625,69087100,0.0,0.0,-0.017516052206821175,0.0317612521487034,76141755.0,96.78199996948243,0,30,8,2022,1,AMD
2022-08-31 00:00:00-04:00,86.27999877929688,86.72000122070312,83.72000122070312,84.87000274658203,64991700,0.0,0.0,-0.023809519630728193,0.031984148645286724,72834240.0,96.12100028991699,0,31,8,2022,2,AMD
2022-09-01 00:00:00-04:00,82.3499984741211,82.76000213623047,78.5199966430664,82.33000183105469,94854700,0.0,0.0,-0.029928135187077487,0.02829603513002019,71284185.0,95.04200019836426,0,1,9,2022,3,AMD
2022-09-02 00:00:00-04:00,83.31999969482422,83.6500015258789,79.80999755859375,80.23999786376953,84924400,0.0,0.0,-0.025385690766459024,0.028461853268850836,70837410.0,93.93850021362304,0,2,9,2022,4,AMD
2022-09-06 00:00:00-04:00,80.41000366210938,80.88999938964844,78.37000274658203,78.72000122070312,68727300,0.0,0.0,-0.01894312915669616,0.02841377416941354,69643435.0,92.87100028991699,0,6,9,2022,1,AMD
2022-09-07 00:00:00-04:00,79.23999786376953,80.25,77.73999786376953,79.61000061035156,67891200,0.0,0.0,0.011305886380174046,0.02768625457874443,68564310.0,92.0745002746582,0,7,9,2022,2,AMD
2022-09-08 00:00:00-04:00,80.02999877929688,83.44999694824219,79.23999786376953,82.77999877929688,89089300,0.0,0.0,0.03981909489563695,0.027959644446766522,68847970.0,91.26100006103516,0,8,9,2022,3,AMD
2022-09-09 00:00:00-04:00,84.02999877929688,85.68000030517578,83.83999633789062,85.44999694824219,68907700,0.0,0.0,0.03225414602945209,0.029407691561785042,68417510.0,90.62749977111817,0,9,9,2022,4,AMD
2022-09-12 00:00:00-04:00,84.88999938964844,85.3499984741211,83.45999908447266,84.63999938964844,71922500,0.0,0.0,-0.009479199385862724,0.028292707509621352,68397820.0,89.81799964904785,0,12,9,2022,0,AMD
2022-09-13 00:00:00-04:00,80.95999908447266,81.47000122070312,76.80000305175781,77.02999877929688,80921200,0.0,0.0,-0.08991021579901237,0.03351456982346104,69377525.0,88.61899948120117,0,13,9,2022,1,AMD
2022-09-14 00:00:00-04:00,77.0999984741211,78.08000183105469,75.87000274658203,77.44999694824219,71483000,0.0,0.0,0.005452397450357971,0.033752713753846884,69940640.0,87.48149948120117,0,14,9,2022,2,AMD
2022-09-15 00:00:00-04:00,76.63999938964844,77.97000122070312,74.91000366210938,76.66000366210938,81818000,0.0,0.0,-0.010200042830998957,0.03371434333565534,70844760.0,86.40099983215332,0,15,9,2022,3,AMD
2022-09-16 00:00:00-04:00,75.62000274658203,76.81999969482422,74.68000030517578,76.51000213623047,75300200,0.0,0.0,-0.001956711697276514,0.03286091526272079,70806795.0,85.20449981689453,0,16,9,2022,4,AMD
2022-09-19 00:00:00-04:00,75.38999938964844,77.33999633789062,75.3499984741211,76.7699966430664,64966900,0.0,0.0,0.003398176703393707,0.03217084977521555,70694055.0,84.24549980163575,0,19,9,2022,0,AMD
2022-09-20 00:00:00-04:00,76.08000183105469,76.58000183105469,74.7300033569336,75.25,51129100,0.0,0.0,-0.019799357946223006,0.031842424463649835,70158645.0,83.36599998474121,0,20,9,2022,1,AMD
2022-09-21 00:00:00-04:00,75.44000244140625,78.41000366210938,74.44999694824219,74.4800033569336,82069700,0.0,0.0,-0.01023251352912169,0.03180911436712272,71615780.0,82.46550025939942,0,21,9,2022,2,AMD
2022-09-22 00:00:00-04:00,73.88999938964844,74.29000091552734,69.16999816894531,69.5,101436900,0.0,0.0,-0.06686362959823888,0.034042821881254695,73861605.0,81.30400009155274,0,22,9,2022,3,AMD
2022-09-23 00:00:00-04:00,68.0,69.08000183105469,66.81999969482422,67.95999908447266,87690000,0.0,0.0,-0.02215828655435026,0.030806708938962504,75195295.0,79.84300003051757,0,23,9,2022,4,AMD
2022-09-26 00:00:00-04:00,67.87000274658203,68.73999786376953,66.25,66.30000305175781,82898700,0.0,0.0,-0.024426074971712564,0.029050918974445537,76062605.0,78.59900016784668,0,26,9,2022,0,AMD
2022-09-27 00:00:00-04:00,67.9000015258789,68.77999877929688,66.0,67.16999816894531,94871800,0.0,0.0,0.013122097694449941,0.029521137823777015,77749070.0,77.53300018310547,0,27,9,2022,1,AMD
2022-09-28 00:00:00-04:00,67.11000061035156,68.80000305175781,66.55999755859375,68.36000061035156,72389500,0.0,0.0,0.017716279199727847,0.03029504389095598,77914190.0,76.60400009155273,0,28,9,2022,2,AMD
2022-09-29 00:00:00-04:00,67.1500015258789,67.19999694824219,62.83000183105469,64.13999938964844,102552400,0.0,0.0,-0.06173202432745595,0.03223085930510501,79792225.0,75.56749992370605,0,29,9,2022,3,AMD
2022-09-30 00:00:00-04:00,63.619998931884766,65.91000366210938,63.34000015258789,63.36000061035156,81664100,0.0,0.0,-0.012160879119415102,0.03199524278204481,79132695.0,74.6189998626709,0,30,9,2022,4,AMD
2022-10-03 00:00:00-04:00,64.45999908447266,66.91000366210938,63.38999938964844,66.11000061035156,83841600,0.0,0.0,0.04340277735967568,0.03416210461933369,79078555.0,73.9125,0,3,10,2022,0,AMD
2022-10-04 00:00:00-04:00,68.2699966430664,69.18000030517578,67.33000183105469,67.9000015258789,77160500,0.0,0.0,0.027076098910927326,0.03500155734384394,79500215.0,73.37150001525879,0,4,10,2022,1,AMD
2022-10-05 00:00:00-04:00,66.58999633789062,68.69000244140625,64.5199966430664,67.94000244140625,87127400,0.0,0.0,0.0005891150902566089,0.034791694250592906,80462025.0,72.78800010681152,0,5,10,2022,2,AMD
2022-10-06 00:00:00-04:00,67.81999969482422,70.29000091552734,67.66000366210938,67.8499984741211,98325900,0.0,0.0,-0.0013247566095214713,0.033030501239088246,80923855.0,72.04150009155273,0,6,10,2022,3,AMD
2022-10-07 00:00:00-04:00,64.01000213623047,64.02999877929688,58.220001220703125,58.439998626708984,163786300,0.0,0.0,-0.13868828384721643,0.042464667063202115,85667785.0,70.69100017547608,0,7,10,2022,4,AMD
2022-10-10 00:00:00-04:00,57.310001373291016,58.790000915527344,56.29999923706055,57.810001373291016,112241800,0.0,0.0,-0.0107802407293357,0.04245206876616802,87683750.0,69.3495002746582,0,10,10,2022,0,AMD
2022-10-11 00:00:00-04:00,57.209999084472656,58.91999816894531,56.04999923706055,57.630001068115234,114054800,0.0,0.0,-0.0031136533627370566,0.03900787993122077,89340430.0,68.37950038909912,0,11,10,2022,1,AMD
2022-10-12 00:00:00-04:00,57.45000076293945,58.31999969482422,56.31999969482422,57.849998474121094,89264200,0.0,0.0,0.0038174111040851777,0.03896746743008892,90229490.0,67.39950046539306,0,12,10,2022,2,AMD
2022-10-13 00:00:00-04:00,55.52000045776367,60.13999938964844,54.56999969482422,58.939998626708984,131159800,0.0,0.0,0.018841835459606715,0.039640668925854015,92696580.0,66.51350021362305,0,13,10,2022,3,AMD
2022-10-14 00:00:00-04:00,59.599998474121094,59.939998626708984,55.84000015258789,55.939998626708984,96959300,0.0,0.0,-0.050899220731242645,0.04047284844901665,93779535.0,65.48500003814698,0,14,10,2022,4,AMD
2022-10-17 00:00:00-04:00,57.349998474121094,58.5099983215332,57.099998474121094,57.959999084472656,76977600,0.0,0.0,0.036110127053153196,0.041879716813938865,94380070.0,64.54450016021728,0,17,10,2022,0,AMD
2022-10-18 00:00:00-04:00,59.90999984741211,60.4900016784668,56.400001525878906,57.91999816894531,103064500,0.0,0.0,-0.0006901469316630271,0.04193617864153565,96976840.0,63.67800006866455,0,18,10,2022,1,AMD
2022-10-19 00:00:00-04:00,57.33000183105469,59.040000915527344,56.56999969482422,57.22999954223633,75704800,0.0,0.0,-0.011912960091889913,0.041933881905061796,96658595.0,62.81549987792969,0,19,10,2022,2,AMD
2022-10-20 00:00:00-04:00,57.470001220703125,60.20000076293945,57.400001525878906,57.77000045776367,79552600,0.0,0.0,0.00943562676649723,0.04013138650961573,95564380.0,62.22899990081787,0,20,10,2022,3,AMD
2022-10-21 00:00:00-04:00,57.220001220703125,58.90999984741211,55.709999084472656,58.81999969482422,95366400,0.0,0.0,0.018175510277660623,0.04041544464367977,95948200.0,61.77199993133545,0,21,10,2022,4,AMD
2022-10-24 00:00:00-04:00,58.56999969482422,59.0,56.65999984741211,58.70000076293945,76305400,0.0,0.0,-0.0020401042588805707,0.04019853186053448,95618535.0,61.39199981689453,0,24,10,2022,0,AMD
2022-10-25 00:00:00-04:00,58.77000045776367,61.97999954223633,58.689998626708984,61.470001220703125,85501900,0.0,0.0,0.04718910428894785,0.04171141687078333,95150040.0,61.10699996948242,0,25,10,2022,1,AMD
2022-10-26 00:00:00-04:00,59.689998626708984,61.77000045776367,59.150001525878906,59.72999954223633,79761600,0.0,0.0,-0.028306517714542734,0.041745962776335986,95518645.0,60.67549991607666,0,26,10,2022,2,AMD
2022-10-27 00:00:00-04:00,61.599998474121094,62.720001220703125,58.5099983215332,58.599998474121094,83871400,0.0,0.0,-0.018918484459658935,0.03978108867636949,94584595.0,60.39849987030029,0,27,10,2022,3,AMD
2022-10-28 00:00:00-04:00,59.099998474121094,62.349998474121094,58.91999816894531,62.0099983215332,78198600,0.0,0.0,0.05819112519120684,0.042040713621055936,94411320.0,60.330999755859374,0,28,10,2022,4,AMD
2022-10-31 00:00:00-04:00,60.75,61.86000061035156,59.529998779296875,60.060001373291016,73274100,0.0,0.0,-0.031446492517724245,0.04128029112296428,93882945.0,60.02849979400635,0,31,10,2022,0,AMD
2022-11-01 00:00:00-04:00,61.4900016784668,61.9900016784668,59.43000030517578,59.65999984741211,83806700,0.0,0.0,-0.00666003191363207,0.0406305787536579,94215255.0,59.616499710083005,0,1,11,2022,1,AMD
2022-11-02 00:00:00-04:00,63.0,63.93000030517578,58.56999969482422,58.630001068115234,142669400,0.0,0.0,-0.01726447840984291,0.040683038286765595,96992355.0,59.15099964141846,0,2,11,2022,2,AMD
2022-11-03 00:00:00-04:00,58.11000061035156,62.279998779296875,58.029998779296875,60.11000061035156,95279900,0.0,0.0,0.02524304136574873,0.04129061561547377,96840055.0,58.76399974822998,0,3,11,2022,3,AMD
2022-11-04 00:00:00-04:00,62.5,63.0,60.529998779296875,62.189998626708984,84791300,0.0,0.0,0.03460319406483636,0.02776987415663948,92890305.0,58.95149974822998,0,4,11,2022,4,AMD
2022-11-07 00:00:00-05:00,62.93000030517578,63.529998779296875,61.400001525878906,63.08000183105469,62722500,0.0,0.0,0.014311034314181015,0.02765834237681907,90414340.0,59.214999771118165,0,7,11,2022,0,AMD
2022-11-08 00:00:00-05:00,64.08999633789062,64.95999908447266,62.369998931884766,63.849998474121094,75938000,0.0,0.0,0.012206668051923497,0.027641725916791367,88508500.0,59.52599964141846,0,8,11,2022,1,AMD
2022-11-09 00:00:00-05:00,62.279998779296875,63.04999923706055,59.79999923706055,59.91999816894531,62940300,0.0,0.0,-0.06155051525598143,0.03145292010714648,87192305.0,59.62949962615967,0,9,11,2022,2,AMD
2022-11-10 00:00:00-05:00,64.30000305175781,68.80000305175781,63.619998931884766,68.47000122070312,107996300,0.0,0.0,0.14269030896247625,0.044415759268305925,86034130.0,60.10599975585937,0,10,11,2022,3,AMD
2022-11-11 00:00:00-05:00,69.58000183105469,73.31999969482422,68.29000091552734,72.37000274658203,111709500,0.0,0.0,0.0569592734971307,0.04336948464856563,86771640.0,60.92749996185303,0,11,11,2022,4,AMD
2022-11-14 00:00:00-05:00,75.22000122070312,75.25,72.66999816894531,73.52999877929688,108892800,0.0,0.0,0.01602868576331007,0.04305751786276966,88367400.0,61.70599994659424,0,14,11,2022,0,AMD
2022-11-15 00:00:00-05:00,77.26000213623047,79.16000366210938,75.38999938964844,76.37000274658203,108946300,0.0,0.0,0.038623745606327864,0.04330533641437505,88661490.0,62.62850017547608,0,15,11,2022,1,AMD
2022-11-16 00:00:00-05:00,73.66000366210938,74.83000183105469,71.93000030517578,72.69999694824219,79968000,0.0,0.0,-0.04805559337896048,0.045190835991670376,88874650.0,63.40200004577637,0,16,11,2022,2,AMD
2022-11-17 00:00:00-05:00,70.55999755859375,74.37999725341797,70.16000366210938,73.9000015258789,82320800,0.0,0.0,0.01650625348018986,0.04518938185977021,89013060.0,64.20850009918213,0,17,11,2022,3,AMD
2022-11-18 00:00:00-05:00,75.06999969482422,75.3499984741211,72.18000030517578,73.56999969482422,73223200,0.0,0.0,-0.004465518595951901,0.045344782327006165,87905900.0,64.94600009918213,0,18,11,2022,4,AMD
2022-11-21 00:00:00-05:00,72.20999908447266,72.9800033569336,71.56999969482422,72.45999908447266,51536300,0.0,0.0,-0.015087679964060907,0.045653130818425716,86667445.0,65.63400001525879,0,21,11,2022,0,AMD
2022-11-22 00:00:00-05:00,72.72000122070312,75.33000183105469,72.11000061035156,75.25,55450200,0.0,0.0,0.03850401532954484,0.045336394213465046,85164860.0,66.32299995422363,0,22,11,2022,1,AMD
2022-11-23 00:00:00-05:00,75.48999786376953,78.22000122070312,75.30000305175781,76.4000015258789,81623600,0.0,0.0,0.015282412304038706,0.044379650989416757,85257960.0,67.15650005340576,0,23,11,2022,2,AMD
2022-11-25 00:00:00-05:00,75.66999816894531,76.04000091552734,74.75,75.13999938964844,26018900,0.0,0.0,-0.016492174228604828,0.04429021284768848,82365335.0,67.98350009918212,0,25,11,2022,4,AMD
2022-11-28 00:00:00-05:00,73.80999755859375,75.47000122070312,72.56999969482422,73.19000244140625,45383800,0.0,0.0,-0.025951516689935228,0.04380591452664309,80724595.0,68.54250030517578,0,28,11,2022,0,AMD
2022-11-29 00:00:00-05:00,73.62000274658203,74.48999786376953,72.77999877929688,73.38999938964844,51846400,0.0,0.0,0.002732571957519747,0.04279174611693477,79653210.0,69.20900020599365,0,29,11,2022,1,AMD
2022-11-30 00:00:00-05:00,73.37999725341797,77.69999694824219,72.80999755859375,77.62999725341797,88468400,0.0,0.0,0.057773510001794204,0.04381280128893798,79886295.0,70.10750007629395,0,30,11,2022,2,AMD
2022-12-01 00:00:00-05:00,78.30999755859375,79.2300033569336,76.44000244140625,77.4800033569336,59833400,0.0,0.0,-0.0019321641348862828,0.04336643114961388,75744495.0,71.05000019073486,0,1,12,2022,3,AMD
2022-12-02 00:00:00-05:00,75.05000305175781,76.27999877929688,73.6500015258789,74.9800033569336,64377200,0.0,0.0,-0.032266389928805816,0.04453515324845925,74199360.0,71.79350032806397,0,2,12,2022,4,AMD
2022-12-05 00:00:00-05:00,74.54000091552734,75.16999816894531,72.81999969482422,73.62000274658203,47022200,0.0,0.0,-0.018138177506840547,0.04468884009208867,72310905.0,72.36500053405761,0,5,12,2022,0,AMD
2022-12-06 00:00:00-05:00,73.08000183105469,73.38999938964844,69.4000015258789,70.2699966430664,64965200,0.0,0.0,-0.04550402035500001,0.04631373318010737,72423040.0,72.7245002746582,0,6,12,2022,1,AMD
2022-12-07 00:00:00-05:00,69.52999877929688,71.37000274658203,69.27999877929688,70.13999938964844,59180100,0.0,0.0,-0.0018499681176631366,0.04632752351773752,71585145.0,73.03900032043457,0,7,12,2022,2,AMD
2022-12-08 00:00:00-05:00,70.13999938964844,71.22000122070312,69.0,70.47000122070312,56734100,0.0,0.0,0.004704902109015308,0.04355196352567002,71274835.0,73.56650047302246,0,8,12,2022,3,AMD
2022-12-09 00:00:00-05:00,69.48999786376953,70.66999816894531,68.5199966430664,68.58999633789062,59058300,0.0,0.0,-0.026678087842294196,0.030783881385131846,68827935.0,73.57250022888184,0,9,12,2022,4,AMD
2022-12-12 00:00:00-05:00,68.54000091552734,70.66999816894531,67.52999877929688,70.66999816894531,60968300,0.0,0.0,0.030325148594674056,0.028721502511130412,66290875.0,73.4875,0,12,12,2022,0,AMD
2022-12-13 00:00:00-05:00,74.87000274658203,75.20999908447266,70.66000366210938,71.6500015258789,72458000,0.0,0.0,0.013867318272610785,0.02865885953501687,64469135.0,73.3935001373291,0,13,12,2022,1,AMD
2022-12-14 00:00:00-05:00,70.93000030517578,72.0,68.31999969482422,68.93000030517578,67278000,0.0,0.0,-0.037962333046436925,0.028212274648459112,62385720.0,73.0215000152588,0,14,12,2022,2,AMD
2022-12-15 00:00:00-05:00,67.5999984741211,68.20999908447266,66.12000274658203,66.52999877929688,58557000,0.0,0.0,-0.03481795321707981,0.0272823910104362,61315170.0,72.71300010681152,0,15,12,2022,3,AMD
2022-12-16 00:00:00-05:00,66.25,67.19000244140625,64.80000305175781,65.41000366210938,62438600,0.0,0.0,-0.016834437663269974,0.026975671977733727,60321060.0,72.28850021362305,0,16,12,2022,4,AMD
2022-12-19 00:00:00-05:00,65.12000274658203,65.58999633789062,63.709999084472656,64.58999633789062,46246900,0.0,0.0,-0.01253642070492289,0.02701594888184101,58972245.0,71.83950004577636,0,19,12,2022,0,AMD
2022-12-20 00:00:00-05:00,63.7599983215332,66.05999755859375,63.52000045776367,65.05000305175781,52431300,0.0,0.0,0.007121949836639496,0.027085303653815902,59016995.0,71.46900024414063,0,20,12,2022,1,AMD
2022-12-21 00:00:00-05:00,65.43000030517578,67.8499984741211,65.20999908447266,67.68000030517578,44167600,0.0,0.0,0.04043039400513759,0.02725119135353722,58452865.0,71.09050025939942,0,21,12,2022,2,AMD
2022-12-22 00:00:00-05:00,66.08000183105469,66.30999755859375,62.2599983215332,63.86000061035156,73917700,0.0,0.0,-0.05644207561464931,0.029106658401154083,58067570.0,70.46350021362305,0,22,12,2022,3,AMD
2022-12-23 00:00:00-05:00,63.11000061035156,64.66000366210938,62.720001220703125,64.5199966430664,45923000,0.0,0.0,0.01033504582534972,0.029337294245817106,59062775.0,69.93250007629395,0,23,12,2022,4,AMD
2022-12-27 00:00:00-05:00,63.869998931884766,64.27999877929688,62.970001220703125,63.27000045776367,36086000,0.0,0.0,-0.019373779453490836,0.029152078431859428,58597885.0,69.43649997711182,0,27,12,2022,1,AMD
2022-12-28 00:00:00-05:00,62.540000915527344,63.540000915527344,61.959999084472656,62.56999969482422,39526500,0.0,0.0,-0.011063707252645605,0.029076469597498995,57981890.0,68.8954999923706,0,28,12,2022,2,AMD
2022-12-29 00:00:00-05:00,63.63999938964844,65.18000030517578,63.060001373291016,64.81999969482422,41428500,0.0,0.0,0.035959725283267296,0.02681895448926922,55629895.0,68.25500011444092,0,29,12,2022,3,AMD
2022-12-30 00:00:00-05:00,63.77000045776367,64.81999969482422,63.13999938964844,64.7699966430664,37127000,0.0,0.0,-0.000771413946208388,0.026835468936902054,54494575.0,67.61949977874755,0,30,12,2022,4,AMD
2023-01-03 00:00:00-05:00,66.0,66.87999725341797,63.59000015258789,64.0199966430664,46851800,0.0,0.0,-0.01157943552372076,0.02626689011373322,53618305.0,67.0714994430542,0,3,1,2023,1,AMD
2023-01-04 00:00:00-05:00,65.0,65.79000091552734,63.310001373291016,64.66000366210938,47477100,0.0,0.0,0.009996986138740782,0.02642238541175759,53641050.0,66.62349948883056,0,4,1,2023,2,AMD
2023-01-05 00:00:00-05:00,64.1500015258789,64.3499984741211,62.29999923706055,62.33000183105469,46159500,0.0,0.0,-0.03603466902399921,0.02575621255588905,52700765.0,66.22649974822998,0,5,1,2023,3,AMD
2023-01-06 00:00:00-05:00,63.150001525878906,64.30000305175781,60.04999923706055,63.959999084472656,70161300,0.0,0.0,0.02615108624312379,0.026717332245553848,53249825.0,65.9174997329712,0,6,1,2023,4,AMD
2023-01-09 00:00:00-05:00,66.22000122070312,69.31999969482422,65.66999816894531,67.23999786376953,69741300,0.0,0.0,0.05128203293069067,0.029431978387324788,53900185.0,65.75599956512451,0,9,1,2023,0,AMD
2023-01-10 00:00:00-05:00,66.66999816894531,68.1500015258789,66.55999755859375,68.05000305175781,41149600,0.0,0.0,0.012046478490814083,0.02898872334750714,53004750.0,65.72899990081787,0,10,1,2023,1,AMD
2023-01-11 00:00:00-05:00,68.38999938964844,69.12999725341797,67.22000122070312,69.05999755859375,44470100,0.0,0.0,0.014841946532577754,0.028335780381479787,52179840.0,65.6484998703003,0,11,1,2023,2,AMD
2023-01-12 00:00:00-05:00,70.06999969482422,71.6500015258789,67.18000030517578,70.80000305175781,70066200,0.0,0.0,0.025195562622019496,0.028753888968497614,52060250.0,65.60599994659424,0,12,1,2023,3,AMD
2023-01-13 00:00:00-05:00,69.83999633789062,71.0999984741211,69.2300033569336,71.0,45757400,0.0,0.0,0.0028248155313777,0.027346833766235677,50984220.0,65.70949993133544,0,13,1,2023,4,AMD
2023-01-17 00:00:00-05:00,70.87000274658203,72.66000366210938,70.6500015258789,71.58999633789062,42621300,0.0,0.0,0.008309807575924255,0.025970106717861985,50187435.0,65.96249980926514,0,17,1,2023,1,AMD
2023-01-18 00:00:00-05:00,71.87000274658203,72.77999877929688,70.5,70.52999877929688,39538700,0.0,0.0,-0.014806503880664734,0.02588833917393745,49042440.0,66.21849956512452,0,18,1,2023,2,AMD
2023-01-19 00:00:00-05:00,68.97000122070312,69.25,67.2699966430664,67.70999908447266,47189900,0.0,0.0,-0.03998298232853492,0.02749400055921713,49089590.0,66.37449970245362,0,19,1,2023,3,AMD
2023-01-20 00:00:00-05:00,68.01000213623047,70.12999725341797,67.44999694824219,70.06999969482422,47757600,0.0,0.0,0.034854536143285264,0.02841160184275189,48855905.0,66.62549953460693,0,20,1,2023,4,AMD
2023-01-23 00:00:00-05:00,72.22000122070312,76.58999633789062,71.54000091552734,76.52999877929688,84293200,0.0,0.0,0.09219350810058335,0.033750525145796004,50862185.0,67.06799945831298,0,23,1,2023,0,AMD
2023-01-24 00:00:00-05:00,73.75,75.63999938964844,73.41999816894531,74.69999694824219,60822600,0.0,0.0,-0.023912215604918408,0.031237917664587025,50207430.0,67.60999927520751,0,24,1,2023,1,AMD
2023-01-25 00:00:00-05:00,72.9000015258789,75.12000274658203,72.08999633789062,74.91000366210938,49932600,0.0,0.0,0.0028113349725127357,0.03125771268745383,50407910.0,68.12949962615967,0,25,1,2023,2,AMD
2023-01-26 00:00:00-05:00,76.5,77.08000183105469,74.27999877929688,75.16000366210938,49583900,0.0,0.0,0.0033373379759484845,0.03061894376348716,51082805.0,68.72399978637695,0,26,1,2023,3,AMD
2023-01-27 00:00:00-05:00,73.69999694824219,76.73999786376953,73.48999786376953,75.4000015258789,58118600,0.0,0.0,0.0031931592878635673,0.03028941134227361,52012410.0,69.3654998779297,0,27,1,2023,4,AMD
2023-01-30 00:00:00-05:00,74.2300033569336,74.63999938964844,72.4000015258789,72.44999694824219,48105200,0.0,0.0,-0.03912472835460368,0.031504608592804004,52346245.0,69.74699974060059,0,30,1,2023,0,AMD
2023-01-31 00:00:00-05:00,72.26000213623047,75.19999694824219,72.02999877929688,75.1500015258789,71669100,0.0,0.0,0.037267145498509624,0.032211928319739624,54073350.0,70.26599998474121,0,31,1,2023,1,AMD
2023-02-01 00:00:00-05:00,78.47000122070312,85.4800033569336,77.87999725341797,84.63999938964844,152548200,0.0,0.0,0.12628074079947327,0.041286489736341844,59358170.0,71.29700012207032,0,1,2,2023,2,AMD
2023-02-02 00:00:00-05:00,84.29000091552734,88.94000244140625,83.19999694824219,88.30999755859375,97762100,0.0,0.0,0.04336009210078218,0.04175205349195046,61872420.0,72.47949981689453,0,2,2,2023,3,AMD
2023-02-03 00:00:00-05:00,86.66000366210938,88.80000305175781,85.83000183105469,86.08999633789062,66557800,0.0,0.0,-0.025138730405129373,0.041096360050168874,62892335.0,73.66749954223633,0,3,2,2023,4,AMD
2023-02-06 00:00:00-05:00,84.62999725341797,86.27999877929688,83.22000122070312,83.68000030517578,53008900,0.0,0.0,-0.027993914917314733,0.04223291400756044,62034715.0,74.65349960327148,0,6,2,2023,0,AMD
2023-02-07 00:00:00-05:00,84.31999969482422,86.25,82.5199966430664,85.91000366210938,65291900,0.0,0.0,0.026649179598481343,0.04145087252479805,61812245.0,75.58699989318848,0,7,2,2023,1,AMD
2023-02-08 00:00:00-05:00,85.87999725341797,88.0,84.54000091552734,84.69000244140625,54140400,0.0,0.0,-0.014200921530646005,0.041899408442369196,62461785.0,76.4189998626709,0,8,2,2023,2,AMD
2023-02-09 00:00:00-05:00,85.87999725341797,86.66999816894531,82.76000213623047,83.20999908447266,46525400,0.0,0.0,-0.017475538012382885,0.042396064162054964,62564550.0,77.12649993896484,0,9,2,2023,3,AMD
2023-02-10 00:00:00-05:00,82.29000091552734,82.70999908447266,80.47000122070312,81.4800033569336,49332600,0.0,0.0,-0.020790719223332976,0.0427842026855306,61527870.0,77.66049995422364,0,10,2,2023,4,AMD
2023-02-13 00:00:00-05:00,81.56999969482422,84.1500015258789,80.9000015258789,83.12999725341797,45400000,0.0,0.0,0.020250292446066354,0.042853153374886245,61510000.0,78.26699981689453,0,13,2,2023,0,AMD
2023-02-14 00:00:00-05:00,82.69999694824219,86.19000244140625,81.7699966430664,85.94999694824219,55979700,0.0,0.0,0.0339227690123407,0.043220322042510806,62177920.0,78.98499984741211,0,14,2,2023,1,AMD
2023-02-15 00:00:00-05:00,85.0999984741211,85.88999938964844,83.31999969482422,85.18000030517578,46430200,0.0,0.0,-0.008958658178080947,0.04306291662938916,62522495.0,79.71749992370606,0,15,2,2023,2,AMD
2023-02-16 00:00:00-05:00,82.9800033569336,83.3499984741211,80.05000305175781,80.08000183105469,57755200,0.0,0.0,-0.059873191545541715,0.04449191286077142,63050760.0,80.33600006103515,0,16,2,2023,3,AMD
2023-02-17 00:00:00-05:00,79.5999984741211,79.6500015258789,77.37000274658203,78.5,47826600,0.0,0.0,-0.019730292144448547,0.04451811006007821,63054210.0,80.75750007629395,0,17,2,2023,4,AMD
2023-02-21 00:00:00-05:00,77.1500015258789,78.45999908447266,76.44999694824219,76.7699966430664,44045600,0.0,0.0,-0.022038259323994835,0.04006415784326787,61041830.0,80.76949996948242,0,21,2,2023,1,AMD
2023-02-22 00:00:00-05:00,76.93000030517578,78.12999725341797,75.91999816894531,76.61000061035156,50286800,0.0,0.0,-0.0020840958670185206,0.03964805297869793,60515040.0,80.8650001525879,0,22,2,2023,2,AMD
2023-02-23 00:00:00-05:00,80.62999725341797,81.79000091552734,77.97000122070312,79.75,76391300,0.0,0.0,0.040986808048976364,0.040597592034046635,61837975.0,81.10699996948242,0,23,2,2023,3,AMD
2023-02-24 00:00:00-05:00,77.75,78.80999755859375,76.94000244140625,78.08999633789062,46700000,0.0,0.0,-0.020815092941810387,0.040972447233286156,61693780.0,81.25349960327148,0,24,2,2023,4,AMD
2023-02-27 00:00:00-05:00,79.63999938964844,80.12000274658203,78.52999877929688,78.7699966430664,45617300,0.0,0.0,0.00870790545607747,0.040994602630999646,61068715.0,81.42199935913087,0,27,2,2023,0,AMD
2023-02-28 00:00:00-05:00,77.87000274658203,80.13999938964844,77.41999816894531,78.58000183105469,44220100,0.0,0.0,-0.0024120200597779196,0.03981597909972348,60874460.0,81.72849960327149,0,28,2,2023,1,AMD
2023-03-01 00:00:00-05:00,78.55000305175781,80.29000091552734,77.87999725341797,78.29000091552734,44266000,0.0,0.0,-0.0036905180551005667,0.03910490223872066,59504305.0,81.8854995727539,0,1,3,2023,2,AMD
2023-03-02 00:00:00-05:00,77.56999969482422,80.91999816894531,76.6500015258789,80.44000244140625,60108600,0.0,0.0,0.02746201942440507,0.027064076762784797,54882325.0,81.6754997253418,0,2,3,2023,3,AMD
2023-03-03 00:00:00-05:00,80.4000015258789,81.62999725341797,79.33999633789062,81.5199966430664,54536200,0.0,0.0,0.013426083650940335,0.025174006499153263,52721030.0,81.33599967956543,0,3,3,2023,4,AMD
2023-03-06 00:00:00-05:00,82.02999877929688,83.30000305175781,81.04000091552734,81.16000366210938,54541300,0.0,0.0,-0.00441600828976052,0.024666067163869862,52120205.0,81.08950004577636,0,6,3,2023,0,AMD
2023-03-07 00:00:00-05:00,81.06999969482422,84.8499984741211,80.66999816894531,82.11000061035156,70959000,0.0,0.0,0.01170523540384849,0.024110638194748023,53017710.0,81.01100006103516,0,7,3,2023,1,AMD
2023-03-08 00:00:00-05:00,82.79000091552734,85.7699966430664,82.27999877929688,85.37000274658203,69529800,0.0,0.0,0.03970286337836759,0.025047546989996044,53229605.0,80.98400001525879,0,8,3,2023,2,AMD
2023-03-09 00:00:00-05:00,85.29000091552734,87.80999755859375,83.58999633789062,84.02999877929688,79496700,0.0,0.0,-0.015696426428178922,0.02509431088948893,54497420.0,80.95099983215331,0,9,3,2023,3,AMD
2023-03-10 00:00:00-05:00,84.47000122070312,85.44999694824219,81.62999725341797,82.66999816894531,70273600,0.0,0.0,-0.016184703440536463,0.02504886356251577,55684830.0,80.92399978637695,0,10,3,2023,4,AMD
2023-03-13 00:00:00-04:00,81.38999938964844,83.83000183105469,78.5199966430664,82.01000213623047,65269100,0.0,0.0,-0.007983501237850188,0.024650633028105596,56481655.0,80.9504997253418,0,13,3,2023,0,AMD
2023-03-14 00:00:00-04:00,83.66999816894531,88.30000305175781,83.58999633789062,87.44999694824219,66616300,0.0,0.0,0.06633330899047052,0.02844447616770339,57542470.0,81.166499710083,0,14,3,2023,1,AMD
2023-03-15 00:00:00-04:00,86.7699966430664,90.41999816894531,86.22000122070312,89.68000030517578,86177400,0.0,0.0,0.025500325154424353,0.02802047996667294,59052355.0,81.35299987792969,0,15,3,2023,2,AMD
2023-03-16 00:00:00-04:00,89.72000122070312,96.69000244140625,89.0199966430664,96.5999984741211,115839200,0.0,0.0,0.07716322642057283,0.032436778686891654,62522805.0,81.92399978637695,0,16,3,2023,3,AMD
2023-03-17 00:00:00-04:00,96.66000366210938,98.75,95.94000244140625,97.83999633789062,94080800,0.0,0.0,0.01283641701197058,0.028392988574272596,64339085.0,82.81199951171875,0,17,3,2023,4,AMD
2023-03-20 00:00:00-04:00,96.30000305175781,96.94000244140625,92.9000015258789,96.80999755859375,92008900,0.0,0.0,-0.010527379577363938,0.0279494361079687,66548200.0,83.72749938964844,0,20,3,2023,0,AMD
2023-03-21 00:00:00-04:00,97.0,99.45999908447266,93.63999938964844,95.93000030517578,85285300,0.0,0.0,-0.009089941902801435,0.02728848352905387,68610185.0,84.68549957275391,0,21,3,2023,1,AMD
2023-03-22 00:00:00-04:00,95.6500015258789,101.69999694824219,95.63999938964844,97.58000183105469,110816300,0.0,0.0,0.017200057548523606,0.02712170578588187,71636660.0,85.73399963378907,0,22,3,2023,2,AMD
2023-03-23 00:00:00-04:00,100.05000305175781,102.43000030517578,98.66999816894531,100.27999877929688,84088900,0.0,0.0,0.027669572633507666,0.026543092776406645,72021540.0,86.7604995727539,0,23,3,2023,3,AMD
2023-03-24 00:00:00-04:00,99.18000030517578,99.5199966430664,96.73999786376953,97.94999694824219,64712400,0.0,0.0,-0.023234960704204943,0.026704825916278895,72922160.0,87.75349960327148,0,24,3,2023,4,AMD
2023-03-27 00:00:00-04:00,98.0199966430664,98.93000030517578,95.43000030517578,96.61000061035156,57461400,0.0,0.0,-0.013680412247472518,0.027300485254921257,73514365.0,88.64549980163574,0,27,3,2023,0,AMD
2023-03-28 00:00:00-04:00,96.7699966430664,96.94000244140625,92.87000274658203,94.55999755859375,59150100,0.0,0.0,-0.021219366926886862,0.02808506213432854,74260865.0,89.44449958801269,0,28,3,2023,1,AMD
2023-03-29 00:00:00-04:00,96.06999969482422,96.91000366210938,94.87000274658203,96.08999633789062,55326000,0.0,0.0,0.016180190554138107,0.027938868497765175,74813865.0,90.33449935913086,0,29,3,2023,2,AMD
2023-03-30 00:00:00-04:00,98.0,99.52999877929688,97.25,97.87999725341797,59678500,0.0,0.0,0.01862837947493512,0.027728254133550463,74792360.0,91.20649909973145,0,30,3,2023,3,AMD
2023-03-31 00:00:00-04:00,96.33999633789062,98.36000061035156,95.2699966430664,98.01000213623047,55861100,0.0,0.0,0.0013282068498214894,0.027786429146853864,74858605.0,92.03099937438965,0,31,3,2023,4,AMD
2023-04-03 00:00:00-04:00,96.69999694824219,96.79000091552734,94.80999755859375,96.55999755859375,50655300,0.0,0.0,-0.014794455117154937,0.028156616326771255,74664305.0,92.80099906921387,0,3,4,2023,0,AMD
2023-04-04 00:00:00-04:00,97.04000091552734,97.2699966430664,95.20999908447266,95.87000274658203,43195900,0.0,0.0,-0.007145762525449739,0.028379168973698257,73276150.0,93.48899917602539,0,4,4,2023,1,AMD
2023-04-05 00:00:00-04:00,94.3499984741211,94.5,91.36000061035156,92.55999755859375,52979300,0.0,0.0,-0.03452597364305687,0.02888472581223825,72448625.0,93.84849891662597,0,5,4,2023,2,AMD
2023-04-06 00:00:00-04:00,91.47000122070312,92.91000366210938,90.62000274658203,92.47000122070312,47778400,0.0,0.0,-0.0009723027254149308,0.02853000386220996,70862710.0,94.27049903869629,0,6,4,2023,3,AMD
2023-04-10 00:00:00-04:00,91.31999969482422,95.80000305175781,91.0199966430664,95.4800033569336,52536300,0.0,0.0,0.03255112032545915,0.02869055434134212,69975845.0,94.9109992980957,0,10,4,2023,0,AMD
2023-04-11 00:00:00-04:00,96.05999755859375,96.06999969482422,92.69000244140625,94.02999877929688,51935800,0.0,0.0,-0.015186473886224738,0.02894072901610932,69309180.0,95.51199913024902,0,11,4,2023,1,AMD
2023-04-12 00:00:00-04:00,94.97000122070312,95.0,91.73999786376953,92.33000183105469,53383100,0.0,0.0,-0.018079304161561782,0.02586231580090656,68647520.0,95.75599937438965,0,12,4,2023,2,AMD
2023-04-13 00:00:00-04:00,92.79000091552734,93.16000366210938,91.83000183105469,92.08999633789062,40572500,0.0,0.0,-0.002599431261825602,0.025335253811466785,66367275.0,95.87649917602539,0,13,4,2023,3,AMD
2023-04-14 00:00:00-04:00,91.81999969482422,92.97000122070312,90.5,91.75,38734800,0.0,0.0,-0.0036920007754494,0.0180511064768672,62512055.0,95.63399925231934,0,14,4,2023,4,AMD
2023-04-17 00:00:00-04:00,90.2300033569336,90.69000244140625,88.30000305175781,89.87000274658203,47250800,0.0,0.0,-0.020490433279759857,0.018107004615799498,60170555.0,95.23549957275391,0,17,4,2023,0,AMD
2023-04-18 00:00:00-04:00,91.61000061035156,92.16000366210938,89.33000183105469,89.77999877929688,46246300,0.0,0.0,-0.0010014906479857144,0.018053804005085092,57882425.0,94.88399963378906,0,18,4,2023,1,AMD
2023-04-19 00:00:00-04:00,88.51000213623047,90.54000091552734,88.22000122070312,89.94000244140625,37344500,0.0,0.0,0.0017821749196356151,0.01804372382770586,55485385.0,94.58449974060059,0,19,4,2023,2,AMD
2023-04-20 00:00:00-04:00,88.83000183105469,91.58000183105469,88.7300033569336,90.11000061035156,47082700,0.0,0.0,0.001890128578282635,0.017453895668630415,52298705.0,94.21099967956543,0,20,4,2023,3,AMD
2023-04-21 00:00:00-04:00,89.80000305175781,89.80000305175781,88.05999755859375,88.43000030517578,41118300,0.0,0.0,-0.018643882963005898,0.01607244544197755,50150175.0,93.61849975585938,0,21,4,2023,4,AMD
2023-04-24 00:00:00-04:00,88.11000061035156,88.63999938964844,86.33999633789062,87.56999969482422,40423800,0.0,0.0,-0.009725213246451037,0.015593150026178665,48935745.0,93.09949989318848,0,24,4,2023,0,AMD
2023-04-25 00:00:00-04:00,86.9000015258789,87.05999755859375,83.76000213623047,83.80000305175781,52771500,0.0,0.0,-0.043051235082843475,0.01765397999807311,48701250.0,92.4590000152588,0,25,4,2023,1,AMD
2023-04-26 00:00:00-04:00,86.51000213623047,87.3499984741211,85.31999969482422,85.94000244140625,47786600,0.0,0.0,0.025536984626679526,0.018726550061310594,48133075.0,92.02800025939942,0,26,4,2023,2,AMD
2023-04-27 00:00:00-04:00,86.41000366210938,87.56999969482422,84.08999633789062,87.44000244140625,53087200,0.0,0.0,0.01745403720488259,0.018802959373069854,48021135.0,91.59550056457519,0,27,4,2023,3,AMD
2023-04-28 00:00:00-04:00,87.0199966430664,89.75,86.44000244140625,89.37000274658203,50652100,0.0,0.0,0.022072281007415206,0.019040537490964276,47569815.0,91.1700008392334,0,28,4,2023,4,AMD
2023-05-01 00:00:00-04:00,91.02999877929688,91.04000091552734,88.61000061035156,89.69000244140625,59358700,0.0,0.0,0.0035806163700320415,0.01908259646339329,47744695.0,90.75400085449219,0,1,5,2023,0,AMD
2023-05-02 00:00:00-04:00,89.31999969482422,90.45999908447266,88.12000274658203,89.91000366210938,70483500,0.0,0.0,0.0024529068426200062,0.018970481463216917,48736105.0,90.42150115966797,0,2,5,2023,1,AMD
2023-05-03 00:00:00-04:00,83.54000091552734,85.4800033569336,81.0199966430664,81.62000274658203,109482200,0.0,0.0,-0.0922033208527272,0.027481785686986487,52050420.0,89.70900115966796,0,3,5,2023,2,AMD
2023-05-04 00:00:00-04:00,81.56999969482422,91.63999938964844,81.11000061035156,86.61000061035156,122840500,0.0,0.0,0.0611369480011259,0.03069377761711648,55543480.0,89.41150131225587,0,4,5,2023,3,AMD
2023-05-05 00:00:00-04:00,84.98999786376953,90.43000030517578,84.72000122070312,89.83999633789062,78407400,0.0,0.0,0.03729356546330531,0.031983167408943906,57074930.0,89.28000106811524,0,5,5,2023,4,AMD
2023-05-08 00:00:00-04:00,89.98999786376953,95.66000366210938,89.16999816894531,95.04000091552734,95503200,0.0,0.0,0.05788073007126315,0.03382772898756549,59223275.0,89.25800094604492,0,8,5,2023,0,AMD
2023-05-09 00:00:00-04:00,94.88999938964844,96.16000366210938,93.43000030517578,95.05999755859375,68674800,0.0,0.0,0.00021040238713987414,0.03363088033377786,60060225.0,89.30950088500977,0,9,5,2023,1,AMD
2023-05-10 00:00:00-04:00,96.41999816894531,99.94000244140625,96.12000274658203,97.0199966430664,95619500,0.0,0.0,0.02061854759952575,0.03358312124581177,62172045.0,89.54400062561035,0,10,5,2023,2,AMD
2023-05-11 00:00:00-04:00,98.16000366210938,99.19000244140625,96.13999938964844,97.0999984741211,57061000,0.0,0.0,0.0008245911546360674,0.033561659831727465,62996470.0,89.79450073242188,0,11,5,2023,3,AMD
2023-05-12 00:00:00-04:00,96.83000183105469,97.44999694824219,93.68000030517578,95.26000213623047,53790400,0.0,0.0,-0.01894949914320565,0.033898194243632815,63749250.0,89.97000083923339,0,12,5,2023,4,AMD
2023-05-15 00:00:00-04:00,95.19999694824219,97.43000030517578,93.44999694824219,97.4000015258789,51749200,0.0,0.0,0.022464826177392316,0.03372969835348215,63974170.0,90.34650077819825,0,15,5,2023,0,AMD
2023-05-16 00:00:00-04:00,97.38999938964844,103.27999877929688,97.30999755859375,101.4800033569336,90622900,0.0,0.0,0.04188913518621096,0.034705447282699003,66193000.0,90.93150100708007,0,16,5,2023,1,AMD
2023-05-17 00:00:00-04:00,101.79000091552734,104.13999938964844,100.05000305175781,103.75,75240900,0.0,0.0,0.022368905872836686,0.034856074479919126,68087820.0,91.62200088500977,0,17,5,2023,2,AMD
2023-05-18 00:00:00-04:00,103.9800033569336,108.0999984741211,103.93000030517578,107.93000030517578,74338700,0.0,0.0,0.04028915956795931,0.035566333570828904,69450620.0,92.51300086975098,0,18,5,2023,3,AMD
2023-05-19 00:00:00-04:00,106.36000061035156,107.29000091552734,104.62000274658203,105.81999969482422,67830600,0.0,0.0,-0.019549713743958752,0.035604849882888305,70786235.0,93.3825008392334,0,19,5,2023,4,AMD
2023-05-22 00:00:00-04:00,104.68000030517578,108.79000091552734,103.48999786376953,108.0,65424200,0.0,0.0,0.02060102354434612,0.0353822529275435,72036255.0,94.40400085449218,0,22,5,2023,0,AMD
2023-05-23 00:00:00-04:00,107.25,110.98999786376953,107.19000244140625,108.12000274658203,73099100,0.0,0.0,0.0011111365424261166,0.0331281492028704,73052635.0,95.6200008392334,0,23,5,2023,1,AMD
2023-05-24 00:00:00-04:00,105.9800033569336,108.91000366210938,105.63999938964844,108.2699966430664,65910500,0.0,0.0,0.0013872909052354832,0.033100831307352266,73958830.0,96.7365005493164,0,24,5,2023,2,AMD
2023-05-25 00:00:00-04:00,117.30999755859375,120.69000244140625,115.80000305175781,120.3499984741211,108514700,0.0,0.0,0.11157293992424155,0.03988940674701754,76730205.0,98.38200035095215,0,25,5,2023,3,AMD
2023-05-26 00:00:00-04:00,122.45999908447266,127.43000030517578,120.88999938964844,127.02999877929688,92922800,0.0,0.0,0.055504780971078915,0.040809563173814276,78843740.0,100.26500015258789,0,26,5,2023,4,AMD
2023-05-30 00:00:00-04:00,130.4199981689453,130.7899932861328,123.51000213623047,125.2699966430664,98902300,0.0,0.0,-0.013855011832978992,0.041328525123760576,80820920.0,102.0439998626709,0,30,5,2023,1,AMD
2023-05-31 00:00:00-04:00,122.41999816894531,123.95999908447266,117.86000061035156,118.20999908447266,87552200,0.0,0.0,-0.056358248166238134,0.04444186892017758,81674355.0,103.45899963378906,0,31,5,2023,2,AMD
2023-06-01 00:00:00-04:00,117.29000091552734,121.27999877929688,116.5999984741211,119.47000122070312,66032900,0.0,0.0,0.010659014854826898,0.03669435710334193,79501890.0,105.35149955749512,0,1,6,2023,3,AMD
2023-06-02 00:00:00-04:00,120.75,121.66000366210938,117.68000030517578,117.86000061035156,52331100,0.0,0.0,-0.013476191461464282,0.03606387462433804,75976420.0,106.91399955749512,0,2,6,2023,4,AMD
2023-06-05 00:00:00-04:00,116.58999633789062,119.31999969482422,116.41999816894531,117.93000030517578,52602900,0.0,0.0,0.0005939224033744139,0.035863171792677805,74686195.0,108.31849975585938,0,5,6,2023,0,AMD
2023-06-06 00:00:00-04:00,117.91000366210938,124.41999816894531,117.73999786376953,124.2300033569336,75257500,0.0,0.0,0.0534215469808772,0.035590730068351645,73673910.0,109.77799987792969,0,6,6,2023,1,AMD
2023-06-07 00:00:00-04:00,124.02999877929688,125.33999633789062,117.06999969482422,117.83000183105469,81755200,0.0,0.0,-0.05151735774723143,0.03841789379995607,74327930.0,110.91650009155273,0,7,6,2023,2,AMD
2023-06-08 00:00:00-04:00,118.30000305175781,122.20999908447266,117.05000305175781,121.05000305175781,65246900,0.0,0.0,0.027327515663794877,0.03853101031902275,72809300.0,112.11800041198731,0,8,6,2023,3,AMD
2023-06-09 00:00:00-04:00,123.56999969482422,127.25,123.55000305175781,124.91999816894531,75051600,0.0,0.0,0.03197021907990205,0.038692476630710536,73708830.0,113.50900039672851,0,9,6,2023,4,AMD
2023-06-12 00:00:00-04:00,128.52000427246094,130.47999572753906,126.4000015258789,129.19000244140625,85394700,0.0,0.0,0.034181911103505325,0.03817700545533041,75289045.0,115.2055004119873,0,12,6,2023,0,AMD
2023-06-13 00:00:00-04:00,132.32000732421875,132.8300018310547,122.44999694824219,124.52999877929688,132461900,0.0,0.0,-0.036070930985723226,0.03986417215496126,79324680.0,116.5620002746582,0,13,6,2023,1,AMD
2023-06-14 00:00:00-04:00,126.52999877929688,127.7300033569336,123.80999755859375,127.33000183105469,95888100,0.0,0.0,0.02248456660406961,0.03935962410872272,79587940.0,117.85450019836426,0,14,6,2023,2,AMD
2023-06-15 00:00:00-04:00,125.38999938964844,125.69999694824219,122.26000213623047,124.23999786376953,85587100,0.0,0.0,-0.024267681794154616,0.040095835482602336,80105250.0,118.87900009155274,0,15,6,2023,3,AMD
2023-06-16 00:00:00-04:00,125.81999969482422,125.8499984741211,119.9000015258789,120.08000183105469,81846900,0.0,0.0,-0.03348354881071658,0.04053437367699547,80480660.0,119.48650016784669,0,16,6,2023,4,AMD
2023-06-20 00:00:00-04:00,119.08999633789062,121.75,117.69999694824219,118.93000030517578,58851800,0.0,0.0,-0.009576961262016681,0.04026250934098986,80031720.0,120.14200019836426,0,20,6,2023,1,AMD
2023-06-21 00:00:00-04:00,118.48999786376953,119.19000244140625,111.66999816894531,112.11000061035156,82835600,0.0,0.0,-0.05734465380748355,0.042544758805171085,80902290.0,120.34750022888184,0,21,6,2023,2,AMD
2023-06-22 00:00:00-04:00,112.23999786376953,114.0,109.8499984741211,110.69999694824219,70754800,0.0,0.0,-0.012576965965863884,0.04268176502614209,80785075.0,120.47649993896485,0,22,6,2023,3,AMD
2023-06-23 00:00:00-04:00,109.30999755859375,111.0999984741211,107.45999908447266,110.01000213623047,73545600,0.0,0.0,-0.006233015637157835,0.042721787230183605,81166830.0,120.56350021362304,0,23,6,2023,4,AMD
2023-06-26 00:00:00-04:00,110.94999694824219,112.55000305175781,107.19999694824219,107.51000213623047,68557000,0.0,0.0,-0.022725206358092165,0.0342487621079191,79168945.0,119.92150039672852,0,26,6,2023,0,AMD
2023-06-27 00:00:00-04:00,108.56999969482422,110.97000122070312,107.08000183105469,110.38999938964844,59381600,0.0,0.0,0.026788179668795875,0.03211095032192359,77491885.0,119.0895004272461,0,27,6,2023,1,AMD
2023-06-28 00:00:00-04:00,108.20999908447266,111.77999877929688,107.62999725341797,110.16999816894531,67534100,0.0,0.0,-0.0019929452116996815,0.03207753867223854,75923475.0,118.33450050354004,0,28,6,2023,2,AMD
2023-06-29 00:00:00-04:00,112.06999969482422,112.76000213623047,109.83999633789062,111.23999786376953,58347200,0.0,0.0,0.00971226025785521,0.029939539063812314,74463225.0,117.98600044250489,0,29,6,2023,3,AMD
2023-06-30 00:00:00-04:00,113.02999877929688,114.69000244140625,112.41000366210938,113.91000366210938,53331900,0.0,0.0,0.024002210082830766,0.030395884941031907,73828175.0,117.7080005645752,0,30,6,2023,4,AMD
2023-07-03 00:00:00-04:00,115.16000366210938,116.7300033569336,114.51000213623047,115.81999969482422,31860000,0.0,0.0,0.016767588195155003,0.030543662800492644,72804620.0,117.60600051879882,0,3,7,2023,0,AMD
2023-07-05 00:00:00-04:00,116.0999984741211,117.66000366210938,113.86000061035156,113.94999694824219,49501600,0.0,0.0,-0.016145767151695134,0.03074292301808925,72649555.0,117.40700035095215,0,5,7,2023,2,AMD
2023-07-06 00:00:00-04:00,112.06999969482422,113.79000091552734,110.30999755859375,113.4800033569336,42342000,0.0,0.0,-0.004124559928878946,0.02791860403392213,71003780.0,116.86950035095215,0,6,7,2023,3,AMD
2023-07-07 00:00:00-04:00,114.16000366210938,115.33000183105469,113.04000091552734,113.16999816894531,37135100,0.0,0.0,-0.0027318045366390153,0.025596063345062783,68772775.0,116.63650016784668,0,7,7,2023,4,AMD
2023-07-10 00:00:00-04:00,113.0,113.61000061035156,109.87999725341797,113.58000183105469,49330200,0.0,0.0,0.0036229006692860555,0.024714749522664423,67976940.0,116.26300010681152,0,10,7,2023,0,AMD
2023-07-11 00:00:00-04:00,111.66000366210938,113.2699966430664,109.5,111.31999969482422,59899500,0.0,0.0,-0.01989788783057178,0.02355884656483025,67219335.0,115.58300018310547,0,11,7,2023,1,AMD
2023-07-12 00:00:00-04:00,112.88999938964844,115.4000015258789,112.30999755859375,114.58000183105469,57993100,0.0,0.0,0.029284963574986778,0.023146781342244432,65849255.0,114.8525001525879,0,12,7,2023,2,AMD
2023-07-13 00:00:00-04:00,115.76000213623047,116.16000366210938,113.58000183105469,115.91999816894531,49206700,0.0,0.0,0.011694853521353687,0.0222996787050825,61686495.0,114.42200012207032,0,13,7,2023,3,AMD
2023-07-14 00:00:00-04:00,116.16999816894531,122.12000274658203,115.25,115.94000244140625,91847300,0.0,0.0,0.0001725696409327071,0.02148304410750299,61484455.0,113.8525001525879,0,14,7,2023,4,AMD
2023-07-17 00:00:00-04:00,115.94999694824219,118.83999633789062,112.7300033569336,118.31999969482422,68593300,0.0,0.0,0.020527835115587312,0.021643001554817003,60634765.0,113.55650024414062,0,17,7,2023,0,AMD
2023-07-18 00:00:00-04:00,117.55000305175781,118.43000030517578,115.19000244140625,117.93000030517578,57980100,0.0,0.0,-0.0032961408946444726,0.0203621587466702,59441425.0,113.44900016784668,0,18,7,2023,1,AMD
2023-07-19 00:00:00-04:00,121.30000305175781,121.66999816894531,115.55000305175781,116.43000030517578,70363100,0.0,0.0,-0.01271940978646946,0.020446183392541978,60016990.0,113.32400016784668,0,19,7,2023,2,AMD
2023-07-20 00:00:00-04:00,114.95999908447266,115.05000305175781,109.23999786376953,110.25,76340400,0.0,0.0,-0.05307910580586894,0.019839218785436877,59692230.0,113.2310001373291,0,20,7,2023,3,AMD
2023-07-21 00:00:00-04:00,110.97000122070312,112.30000305175781,109.54000091552734,110.94999694824219,76778100,0.0,0.0,0.00634917866886342,0.0196910717156915,59993395.0,113.24350013732911,0,21,7,2023,4,AMD
2023-07-24 00:00:00-04:00,110.62000274658203,111.30999755859375,108.55000305175781,110.61000061035156,45583600,0.0,0.0,-0.003064410520436822,0.01964845266023699,58595295.0,113.27350006103515,0,24,7,2023,0,AMD
2023-07-25 00:00:00-04:00,111.13999938964844,114.05000305175781,111.0,113.0,44916300,0.0,0.0,0.02160744396040415,0.019394527223703717,57413260.0,113.54799995422363,0,25,7,2023,1,AMD
2023-07-26 00:00:00-04:00,111.91000366210938,112.36000061035156,109.30000305175781,110.08999633789062,51721700,0.0,0.0,-0.025752244797428103,0.019514270349921023,57030265.0,113.53299980163574,0,26,7,2023,2,AMD
2023-07-27 00:00:00-04:00,111.79000091552734,115.08000183105469,110.51000213623047,111.0999984741211,70678000,0.0,0.0,0.009174331636187416,0.01961235158965054,57187460.0,113.57949981689453,0,27,7,2023,3,AMD
2023-07-28 00:00:00-04:00,113.37999725341797,114.86000061035156,112.44000244140625,112.95999908447266,55526000,0.0,0.0,0.01674167989106512,0.019845745397341248,57046400.0,113.66549987792969,0,28,7,2023,4,AMD
2023-07-31 00:00:00-04:00,114.16000366210938,114.68000030517578,112.3499984741211,114.4000015258789,54187300,0.0,0.0,0.012747897070443548,0.019310240893883474,57089170.0,113.68999977111817,0,31,7,2023,0,AMD
2023-08-01 00:00:00-04:00,114.26000213623047,118.19000244140625,113.16000366210938,117.5999984741211,95279300,0.0,0.0,0.02797200092273,0.01996180242568851,60260135.0,113.77899971008301,0,1,8,2023,1,AMD
2023-08-02 00:00:00-04:00,119.48999786376953,119.5,107.37999725341797,109.3499984741211,173372000,0.0,0.0,-0.07015306213473704,0.02532836330698493,66453655.0,113.54899978637695,0,2,8,2023,2,AMD
2023-08-03 00:00:00-04:00,108.94999694824219,114.95999908447266,108.94999694824219,113.1500015258789,90605400,0.0,0.0,0.034750828575979664,0.02659620221965875,68866825.0,113.53249969482422,0,3,8,2023,3,AMD
2023-08-04 00:00:00-04:00,114.4800033569336,118.8499984741211,113.95999908447266,115.81999969482422,83083100,0.0,0.0,0.02359697863843735,0.027090578716271286,71164225.0,113.66499977111816,0,4,8,2023,4,AMD
2023-08-07 00:00:00-04:00,116.36000061035156,119.08000183105469,115.48999786376953,116.80999755859375,65854800,0.0,0.0,0.008547728081316652,0.027133104881663744,71990455.0,113.82649955749511,0,7,8,2023,0,AMD
2023-08-08 00:00:00-04:00,114.94000244140625,115.45999908447266,111.41000366210938,113.2300033569336,54141800,0.0,0.0,-0.030648011955178522,0.027685589624916247,71702570.0,113.92199974060058,0,8,8,2023,1,AMD
2023-08-09 00:00:00-04:00,112.88999938964844,113.1500015258789,108.77999877929688,110.47000122070312,56257100,0.0,0.0,-0.02437518373579961,0.027421799091355076,71615770.0,113.71649971008301,0,9,8,2023,2,AMD
2023-08-10 00:00:00-04:00,111.30000305175781,113.88999938964844,109.47000122070312,110.2300033569336,57297800,0.0,0.0,-0.0021725161683491256,0.027246421946221674,72020325.0,113.43199996948242,0,10,8,2023,3,AMD
2023-08-11 00:00:00-04:00,108.8499984741211,109.06999969482422,106.4800033569336,107.56999969482422,55618700,0.0,0.0,-0.02413139418581045,0.02767581296943411,70208895.0,113.01349983215331,0,11,8,2023,4,AMD
2023-08-14 00:00:00-04:00,106.75,111.98999786376953,105.41999816894531,111.9800033569336,57421800,0.0,0.0,0.04099659453956073,0.02895491189953528,69650320.0,112.69650001525879,0,14,8,2023,0,AMD
2023-08-15 00:00:00-04:00,111.98999786376953,113.18000030517578,110.16999816894531,111.3499984741211,53816600,0.0,0.0,-0.005626048079355517,0.028963624314028612,69442145.0,112.36749992370605,0,15,8,2023,1,AMD
2023-08-16 00:00:00-04:00,110.08999633789062,110.44000244140625,106.9800033569336,107.19000244140625,54327300,0.0,0.0,-0.037359641578097236,0.02993081591459101,68640355.0,111.90550003051757,0,16,8,2023,2,AMD
2023-08-17 00:00:00-04:00,107.62000274658203,107.8499984741211,104.0999984741211,104.44000244140625,59064300,0.0,0.0,-0.02565537771587645,0.028122872441117833,67776550.0,111.6150001525879,0,17,8,2023,3,AMD
2023-08-18 00:00:00-04:00,102.4000015258789,106.06999969482422,101.68000030517578,105.44999694824219,59884300,0.0,0.0,0.009670571459461375,0.028186510747706086,66931860.0,111.34000015258789,0,18,8,2023,4,AMD
2023-08-21 00:00:00-04:00,106.19999694824219,108.54000091552734,105.66999816894531,108.22000122070312,49319200,0.0,0.0,0.026268414913473537,0.02889112458341668,67118640.0,111.22050018310547,0,21,8,2023,0,AMD
2023-08-22 00:00:00-04:00,109.4000015258789,109.72000122070312,104.8499984741211,105.66000366210938,47335100,0.0,0.0,-0.023655493713892195,0.02882529062275734,67239580.0,110.85350036621094,0,22,8,2023,1,AMD
2023-08-23 00:00:00-04:00,105.6500015258789,110.08000183105469,105.0,109.43000030517578,54656300,0.0,0.0,0.035680451565405,0.0295324098387532,67386310.0,110.8205005645752,0,23,8,2023,2,AMD
2023-08-24 00:00:00-04:00,111.05999755859375,111.63999938964844,100.87000274658203,101.80000305175781,109179100,0.0,0.0,-0.06972491302329908,0.03328975423570741,69311365.0,110.35550079345703,0,24,8,2023,3,AMD
2023-08-25 00:00:00-04:00,101.16999816894531,104.12000274658203,99.58000183105469,102.25,74793100,0.0,0.0,0.00442040210954997,0.03300184965534655,70274720.0,109.8200008392334,0,25,8,2023,4,AMD
2023-08-28 00:00:00-04:00,103.47000122070312,104.06999969482422,100.88999938964844,102.61000061035156,55386800,0.0,0.0,0.0035207883652963456,0.032812840052858464,70334695.0,109.23050079345703,0,28,8,2023,0,AMD
2023-08-29 00:00:00-04:00,102.11000061035156,106.56999969482422,101.79000091552734,105.91999816894531,50850300,0.0,0.0,0.03225804053118608,0.033051978960930005,68113245.0,108.64650077819825,0,29,8,2023,1,AMD
2023-08-30 00:00:00-04:00,105.4000015258789,107.66999816894531,104.5,106.58999633789062,54847300,0.0,0.0,0.006325511523108673,0.029289519683524563,62187010.0,108.50850067138671,0,30,8,2023,2,AMD
2023-08-31 00:00:00-04:00,106.19000244140625,108.05999755859375,104.86000061035156,105.72000122070312,58919000,0.0,0.0,-0.008162070992381087,0.028090338104324004,60602690.0,108.13700065612792,0,31,8,2023,3,AMD
2023-09-01 00:00:00-04:00,107.0,110.05999755859375,106.61000061035156,109.44999694824219,54808900,0.0,0.0,0.035281835834945374,0.028785788522662763,59188980.0,107.81850051879883,0,1,9,2023,4,AMD
2023-09-05 00:00:00-04:00,109.0,111.81999969482422,106.30000305175781,110.77999877929688,66042200,0.0,0.0,0.012151684496470416,0.028869265089345272,59198350.0,107.51700057983399,0,5,9,2023,1,AMD
2023-09-06 00:00:00-04:00,110.55999755859375,111.33000183105469,108.22000122070312,109.27999877929688,47736700,0.0,0.0,-0.013540350392929668,0.02822982494644733,58878095.0,107.31950035095215,0,6,9,2023,2,AMD
2023-09-07 00:00:00-04:00,106.13999938964844,107.69000244140625,105.08999633789062,106.58999633789062,49080100,0.0,0.0,-0.02461568879442444,0.028240180109754223,58519245.0,107.12550010681153,0,7,9,2023,3,AMD
2023-09-08 00:00:00-04:00,107.0199966430664,109.73999786376953,105.75,106.08999633789062,46232000,0.0,0.0,-0.004690871725100743,0.02824940260467125,57965955.0,106.91849975585937,0,8,9,2023,4,AMD
2023-09-11 00:00:00-04:00,107.31999969482422,107.51000213623047,103.0,105.31999969482422,50611300,0.0,0.0,-0.007257957108547819,0.02778704358549918,57715585.0,106.80599975585938,0,11,9,2023,0,AMD
2023-09-12 00:00:00-04:00,104.19999694824219,106.73999786376953,103.18000030517578,105.30999755859375,44413600,0.0,0.0,-9.496901119876444e-05,0.026004842670967334,57065175.0,106.47249946594238,0,12,9,2023,1,AMD
2023-09-13 00:00:00-04:00,105.0999984741211,108.73999786376953,104.83000183105469,107.70999908447266,44702300,0.0,0.0,0.022789873530702165,0.026608143873499156,56609460.0,106.29049949645996,0,13,9,2023,2,AMD
2023-09-14 00:00:00-04:00,108.43000030517578,109.1500015258789,106.22000122070312,106.62999725341797,45920600,0.0,0.0,-0.010026941233261755,0.025330911356830882,56189125.0,106.26249923706055,0,14,9,2023,3,AMD
2023-09-15 00:00:00-04:00,106.06999969482422,106.76000213623047,101.27999877929688,101.48999786376953,71017600,0.0,0.0,-0.04820406566674351,0.026983019919167586,56786790.0,106.11499900817871,0,15,9,2023,4,AMD
2023-09-18 00:00:00-04:00,100.81999969482422,102.98999786376953,99.44999694824219,102.37000274658203,49061300,0.0,0.0,0.008670853299196368,0.026962974342187657,56245640.0,105.9609992980957,0,18,9,2023,0,AMD
2023-09-19 00:00:00-04:00,101.75,102.86000061035156,100.69999694824219,101.61000061035156,41704100,0.0,0.0,-0.007424070683204498,0.026202854720209386,55864885.0,105.63049926757813,0,19,9,2023,1,AMD
2023-09-20 00:00:00-04:00,102.36000061035156,103.94000244140625,100.27999877929688,100.33999633789062,55180600,0.0,0.0,-0.012498811778685837,0.025852238509521924,56257160.0,105.36449890136718,0,20,9,2023,2,AMD
2023-09-21 00:00:00-04:00,98.5999984741211,98.87000274658203,95.83999633789062,96.11000061035156,59628600,0.0,0.0,-0.04215662628982697,0.025698879779728737,56505775.0,104.69849891662598,0,21,9,2023,3,AMD
2023-09-22 00:00:00-04:00,96.91999816894531,98.41999816894531,95.61000061035156,96.19999694824219,52169400,0.0,0.0,0.000936388901457752,0.0209094027905997,53655290.0,104.41849861145019,0,22,9,2023,4,AMD
2023-09-25 00:00:00-04:00,95.94999694824219,97.44999694824219,94.45999908447266,97.37999725341797,43223700,0.0,0.0,0.012266115827536339,0.021120887283817485,52076820.0,104.1749984741211,0,25,9,2023,0,AMD
2023-09-26 00:00:00-04:00,96.5,97.83000183105469,95.2699966430664,95.95999908447266,42866500,0.0,0.0,-0.014582031310290233,0.02124926518435222,51450805.0,103.84249839782714,0,26,9,2023,1,AMD
2023-09-27 00:00:00-04:00,96.81999969482422,99.2300033569336,96.3499984741211,98.06999969482422,51261500,0.0,0.0,0.021988335040459495,0.020458513467588802,51471365.0,103.44999847412109,0,27,9,2023,2,AMD
2023-09-28 00:00:00-04:00,97.94000244140625,104.19999694824219,97.76000213623047,102.76000213623047,72542100,0.0,0.0,0.04782300862649813,0.023413530062857384,52356105.0,103.25849876403808,0,28,9,2023,3,AMD
2023-09-29 00:00:00-04:00,104.69000244140625,104.94000244140625,102.55999755859375,102.81999969482422,56027300,0.0,0.0,0.0005838610095998398,0.023365501613495276,52211520.0,103.11349868774414,0,29,9,2023,4,AMD
2023-10-02 00:00:00-04:00,102.20999908447266,103.70999908447266,101.69999694824219,103.2699966430664,45118600,0.0,0.0,0.0043765507642268275,0.021800203773264464,51727005.0,102.80449867248535,0,2,10,2023,0,AMD
2023-10-03 00:00:00-04:00,101.80000305175781,103.29000091552734,99.16999816894531,100.08000183105469,48117000,0.0,0.0,-0.030889851028438997,0.022376353561498336,50830745.0,102.26949882507324,0,3,10,2023,1,AMD
2023-10-04 00:00:00-04:00,100.6500015258789,104.4000015258789,100.33999633789062,104.06999969482422,51023200,0.0,0.0,0.039868083440936175,0.02437909636782571,50995070.0,102.00899887084961,0,4,10,2023,2,AMD
2023-10-05 00:00:00-04:00,103.41000366210938,103.73999786376953,100.2699966430664,102.91000366210938,51789700,0.0,0.0,-0.011146305718424343,0.023907506592811188,51130550.0,101.82499923706055,0,5,10,2023,3,AMD
2023-10-06 00:00:00-04:00,102.16000366210938,107.87000274658203,102.02999877929688,107.23999786376953,64807500,0.0,0.0,0.042075542197793414,0.02579020004410766,52059325.0,101.88249931335449,0,6,10,2023,4,AMD
2023-10-09 00:00:00-04:00,106.01000213623047,107.30999755859375,104.79000091552734,106.97000122070312,39593200,0.0,0.0,-0.0025176860168292237,0.02573343801323434,51508420.0,101.96499938964844,0,9,10,2023,0,AMD
2023-10-10 00:00:00-04:00,107.48999786376953,110.12000274658203,106.4000015258789,109.01000213623047,57105500,0.0,0.0,0.019070775846009136,0.026041922949687494,52143015.0,102.14999961853027,0,10,10,2023,1,AMD
2023-10-11 00:00:00-04:00,109.13999938964844,110.0999984741211,106.93000030517578,108.30999755859375,51085600,0.0,0.0,-0.006421471093651765,0.025633469448002703,52462180.0,102.17999954223633,0,11,10,2023,2,AMD
2023-10-12 00:00:00-04:00,108.4000015258789,111.30999755859375,107.51000213623047,108.79000091552734,60959400,0.0,0.0,0.004431754849536507,0.025521940380034042,53214120.0,102.28799972534179,0,12,10,2023,3,AMD
2023-10-13 00:00:00-04:00,108.6500015258789,108.97000122070312,104.75,105.08999633789062,52881500,0.0,0.0,-0.03401052069582822,0.024237608398935528,52307315.0,102.46799964904785,0,13,10,2023,4,AMD
2023-10-16 00:00:00-04:00,105.41999816894531,107.4800033569336,105.02999877929688,106.45999908447266,42464500,0.0,0.0,0.013036471541754802,0.02432015436523719,51977475.0,102.67249946594238,0,16,10,2023,0,AMD
2023-10-17 00:00:00-04:00,103.54000091552734,106.29000091552734,101.66000366210938,105.13999938964844,49642100,0.0,0.0,-0.012399020347321654,0.02444930538230343,52374375.0,102.84899940490723,0,17,10,2023,1,AMD
2023-10-18 00:00:00-04:00,103.37999725341797,104.77999877929688,101.73999786376953,102.16999816894531,50450000,0.0,0.0,-0.028248061993003337,0.025183191300448878,52137845.0,102.94049949645996,0,18,10,2023,2,AMD
2023-10-19 00:00:00-04:00,103.80999755859375,105.5999984741211,101.83999633789062,102.4000015258789,52734200,0.0,0.0,0.0022511829407421136,0.023024010082081797,51793125.0,103.25499954223633,0,19,10,2023,3,AMD
2023-10-20 00:00:00-04:00,102.27999877929688,104.33999633789062,101.44000244140625,101.80999755859375,61285600,0.0,0.0,-0.005761757407162227,0.02311066195815169,52248935.0,103.5354995727539,0,20,10,2023,4,AMD
2023-10-23 00:00:00-04:00,100.80999755859375,102.41999816894531,99.31999969482422,100.01000213623047,50817400,0.0,0.0,-0.017679947603646218,0.023452401368774092,52628620.0,103.66699981689453,0,23,10,2023,0,AMD
2023-10-24 00:00:00-04:00,100.97000122070312,101.79000091552734,99.37999725341797,101.66999816894531,51982900,0.0,0.0,0.016598300142556255,0.023356773817170596,53084440.0,103.95249977111817,0,24,10,2023,1,AMD
2023-10-25 00:00:00-04:00,100.41999816894531,101.02999877929688,95.2300033569336,96.05999755859375,53424500,0.0,0.0,-0.05517852573410509,0.026272922099722835,53192590.0,103.85199966430665,0,25,10,2023,2,AMD
2023-10-26 00:00:00-04:00,95.98999786376953,97.5199966430664,93.12000274658203,93.66999816894531,49896400,0.0,0.0,-0.024880277434846,0.02414863712225957,52060305.0,103.39749946594239,0,26,10,2023,3,AMD
2023-10-27 00:00:00-04:00,95.80000305175781,97.3499984741211,94.58999633789062,96.43000030517578,52458700,0.0,0.0,0.029465166971098578,0.025295031100040916,51881875.0,103.07799949645997,0,27,10,2023,4,AMD
2023-10-30 00:00:00-04:00,96.13999938964844,97.04000091552734,94.69999694824219,96.18000030517578,43716600,0.0,0.0,-0.0025925541761776527,0.025237481979997374,51811775.0,102.72349967956544,0,30,10,2023,0,AMD
2023-10-31 00:00:00-04:00,96.23999786376953,98.81999969482422,94.06999969482422,98.5,79547100,0.0,0.0,0.024121435719099082,0.02506329803441274,53383280.0,102.64449958801269,0,31,10,2023,1,AMD
2023-11-01 00:00:00-04:00,98.58000183105469,108.1500015258789,98.5,108.04000091552734,138641500,0.0,0.0,0.09685280117286643,0.03213488142591989,57764195.0,102.84299964904785,0,1,11,2023,2,AMD
2023-11-02 00:00:00-04:00,107.95999908447266,109.41000366210938,105.91000366210938,107.83000183105469,71377000,0.0,0.0,-0.001943716056026723,0.031996998947486595,58743560.0,103.08899955749511,0,2,11,2023,3,AMD
2023-11-03 00:00:00-04:00,109.05000305175781,113.38999938964844,107.86000061035156,112.25,65576600,0.0,0.0,0.040990430250297694,0.03192776555390031,58782015.0,103.33949966430664,0,3,11,2023,4,AMD
2023-11-06 00:00:00-05:00,112.5999984741211,113.08000183105469,110.22000122070312,111.75,49270400,0.0,0.0,-0.0044543429844098315,0.03194754281598378,59265875.0,103.57849960327148,0,6,11,2023,0,AMD
2023-11-07 00:00:00-05:00,111.86000061035156,114.6500015258789,111.22000122070312,113.44999694824219,50550200,0.0,0.0,0.015212500655411132,0.03185476111616845,58938110.0,103.80049934387208,0,7,11,2023,1,AMD
2023-11-08 00:00:00-05:00,113.55000305175781,115.31999969482422,112.87999725341797,113.58999633789062,41880600,0.0,0.0,0.0012340184523080833,0.03178822783347594,58477860.0,104.06449928283692,0,8,11,2023,2,AMD
2023-11-09 00:00:00-05:00,114.0999984741211,115.80999755859375,113.05999755859375,113.48999786376953,61146900,0.0,0.0,-0.0008803457817150306,0.031796527319322025,58487235.0,104.29949913024902,0,9,11,2023,3,AMD
2023-11-10 00:00:00-05:00,114.3499984741211,119.69999694824219,114.02999877929688,118.58999633789062,75135900,0.0,0.0,0.04493786739024341,0.03191435271749801,59599955.0,104.97449913024903,0,10,11,2023,4,AMD
2023-11-13 00:00:00-05:00,118.33999633789062,118.68000030517578,116.0,116.79000091552734,46741900,0.0,0.0,-0.015178307428517557,0.032233796692610124,59813825.0,105.49099922180176,0,13,11,2023,0,AMD
2023-11-14 00:00:00-05:00,119.69999694824219,122.11000061035156,119.22000122070312,119.87999725341797,61017400,0.0,0.0,0.02645771310615519,0.032293037566781126,60382590.0,106.22799911499024,0,14,11,2023,1,AMD
2023-11-15 00:00:00-05:00,120.54000091552734,120.58999633789062,116.87000274658203,118.0,59555600,0.0,0.0,-0.015682326463886898,0.03168634873644752,60837870.0,107.01949920654297,0,15,11,2023,2,AMD
2023-11-16 00:00:00-05:00,117.19999694824219,120.7300033569336,116.41000366210938,119.83000183105469,49661900,0.0,0.0,0.015508490093683713,0.031705147404428466,60684255.0,107.89099922180176,0,16,11,2023,3,AMD
2023-11-17 00:00:00-05:00,119.63999938964844,121.48999786376953,118.81999969482422,120.62000274658203,38508900,0.0,0.0,0.006592680492829794,0.03153548109536312,59545420.0,108.83149948120118,0,17,11,2023,4,AMD
2023-11-20 00:00:00-05:00,120.69999694824219,121.93000030517578,120.06999969482422,121.52999877929688,43138700,0.0,0.0,0.00754432110755876,0.030911579791054116,59161485.0,109.90749931335449,0,20,11,2023,0,AMD
2023-11-21 00:00:00-05:00,120.54000091552734,120.6500015258789,117.94000244140625,119.16000366210938,41064800,0.0,0.0,-0.019501317707502852,0.03156753733834939,58615580.0,110.7819995880127,0,21,11,2023,1,AMD
2023-11-22 00:00:00-05:00,120.0,124.76000213623047,119.94999694824219,122.51000213623047,56862200,0.0,0.0,0.02811344722362019,0.028030040850726076,58787465.0,112.10449981689453,0,22,11,2023,2,AMD
2023-11-24 00:00:00-05:00,122.02999877929688,123.25,121.54000091552734,122.30999755859375,19001000,0.0,0.0,-0.0016325571312481024,0.026851387925751143,57242695.0,113.53649978637695,0,24,11,2023,4,AMD
2023-11-27 00:00:00-05:00,122.06999969482422,123.88999938964844,121.7699966430664,122.6500015258789,32743000,0.0,0.0,0.0027798542561681128,0.026692357820549073,56256910.0,114.84749984741211,0,27,11,2023,0,AMD
2023-11-28 00:00:00-05:00,121.9800033569336,122.54000091552734,120.79000091552734,122.01000213623047,32047100,0.0,0.0,-0.00521809524407868,0.026776422592872225,55673435.0,116.13899993896484,0,28,11,2023,1,AMD
2023-11-29 00:00:00-05:00,123.9800033569336,125.7300033569336,123.4800033569336,123.8499984741211,37876300,0.0,0.0,0.015080700808743241,0.026642197479539016,53589895.0,117.4064998626709,0,29,11,2023,2,AMD
2023-11-30 00:00:00-05:00,123.61000061035156,124.05000305175781,119.6500015258789,121.16000366210938,44494200,0.0,0.0,-0.021719780744073214,0.0187540880144846,48882530.0,118.0625,0,30,11,2023,3,AMD
2023-12-01 00:00:00-05:00,119.87999725341797,121.4000015258789,118.6500015258789,121.38999938964844,37017600,0.0,0.0,0.0018982809556564728,0.018688949271233154,47164560.0,118.7404998779297,0,1,12,2023,4,AMD
2023-12-04 00:00:00-05:00,119.75,119.9000015258789,116.37000274658203,118.56999969482422,39854400,0.0,0.0,-0.02323090624436308,0.0178790308373531,45878450.0,119.0564998626709,0,4,12,2023,0,AMD
2023-12-05 00:00:00-05:00,117.43000030517578,118.48999786376953,116.44999694824219,118.37999725341797,39191600,0.0,0.0,-0.00160244953947275,0.017828648652065893,45374510.0,119.3879997253418,0,5,12,2023,1,AMD
2023-12-06 00:00:00-05:00,120.69000244140625,122.83000183105469,116.37999725341797,116.81999969482422,60599000,0.0,0.0,-0.013177881354856202,0.01793798967479339,45876950.0,119.5564998626709,0,6,12,2023,2,AMD
2023-12-07 00:00:00-05:00,120.79000091552734,128.67999267578125,119.55999755859375,128.3699951171875,118579100,0.0,0.0,0.09887001757007385,0.028186580745269883,49711875.0,120.29549980163574,0,7,12,2023,3,AMD
2023-12-08 00:00:00-05:00,129.5399932861328,131.0,126.88999938964844,128.9199981689453,89273900,0.0,0.0,0.004284514081781543,0.028139043300769013,51118225.0,121.06699981689454,0,8,12,2023,4,AMD
2023-12-11 00:00:00-05:00,130.55999755859375,135.0399932861328,128.25,134.41000366210938,98668300,0.0,0.0,0.04258459177116647,0.02797542765684702,52294845.0,121.85800018310547,0,11,12,2023,0,AMD
2023-12-12 00:00:00-05:00,132.25,139.88999938964844,131.89999389648438,137.61000061035156,111677800,0.0,0.0,0.02380772904587225,0.02773244008533637,55541640.0,122.89900016784668,0,12,12,2023,1,AMD
2023-12-13 00:00:00-05:00,137.97000122070312,139.24000549316406,136.02999877929688,138.19000244140625,70651600,0.0,0.0,0.004214823257627787,0.027422359811199327,56023350.0,123.81450042724609,0,13,12,2023,2,AMD
2023-12-14 00:00:00-05:00,138.88999938964844,141.82000732421875,135.72999572753906,138.0,76115200,0.0,0.0,-0.0013749362330810477,0.026969314767003916,56851330.0,124.81450042724609,0,14,12,2023,3,AMD
2023-12-15 00:00:00-05:00,139.52000427246094,140.88999938964844,137.25,139.14999389648438,70178600,0.0,0.0,0.00833328910495923,0.026914519996071664,57877165.0,125.78050003051757,0,15,12,2023,4,AMD
2023-12-18 00:00:00-05:00,139.14999389648438,139.7899932861328,137.64999389648438,138.89999389648438,45199500,0.0,0.0,-0.0017966224287869759,0.02700009462873693,58211695.0,126.69449958801269,0,18,12,2023,0,AMD
2023-12-19 00:00:00-05:00,138.57000732421875,143.47000122070312,138.55999755859375,140.14999389648438,63739800,0.0,0.0,0.008999280453039882,0.02700242749084434,59241750.0,127.62549934387206,0,19,12,2023,1,AMD
2023-12-20 00:00:00-05:00,139.0,139.5800018310547,135.3699951171875,135.47000122070312,54671700,0.0,0.0,-0.03339274262999914,0.02789697896955801,59922095.0,128.44099922180175,0,20,12,2023,2,AMD
2023-12-21 00:00:00-05:00,138.13999938964844,139.97999572753906,137.3800048828125,139.91000366210938,47179400,0.0,0.0,0.03277480181145598,0.028103204356487072,59437955.0,129.3109992980957,0,21,12,2023,3,AMD
2023-12-22 00:00:00-05:00,140.47999572753906,140.6999969482422,138.30999755859375,139.60000610351562,35370400,0.0,0.0,-0.002215692591520546,0.028112959040167165,60256425.0,130.1754997253418,0,22,12,2023,4,AMD
2023-12-26 00:00:00-05:00,140.07000732421875,143.85000610351562,139.9199981689453,143.41000366210938,47157400,0.0,0.0,0.02729224492847493,0.028451807534075474,60977145.0,131.21349983215333,0,26,12,2023,1,AMD
2023-12-27 00:00:00-05:00,144.72000122070312,146.25,143.17999267578125,146.07000732421875,49033400,0.0,0.0,0.018548243457106706,0.02835714280590795,61826460.0,132.41650009155273,0,27,12,2023,2,AMD
2023-12-28 00:00:00-05:00,146.8000030517578,150.41000366210938,145.9499969482422,148.75999450683594,63800700,0.0,0.0,0.018415739356036687,0.028402021134316134,63122680.0,133.66199989318847,0,28,12,2023,3,AMD
2023-12-29 00:00:00-05:00,149.5,151.0500030517578,147.1999969482422,147.41000366210938,62028200,0.0,0.0,-0.009074958957897339,0.027803131701190732,63999380.0,134.97449989318847,0,29,12,2023,4,AMD
2024-01-02 00:00:00-05:00,144.27999877929688,144.39999389648438,137.42999267578125,138.5800018310547,64902000,0.0,0.0,-0.05990096744922868,0.03190653353933382,65393600.0,135.8340000152588,0,2,1,2024,1,AMD
2024-01-03 00:00:00-05:00,135.7100067138672,137.42999267578125,133.74000549316406,135.32000732421875,61988600,0.0,0.0,-0.02352427813365343,0.03192128435933738,66500310.0,136.6715003967285,0,3,1,2024,2,AMD
2024-01-04 00:00:00-05:00,134.3000030517578,137.6999969482422,134.0,136.00999450683594,58610300,0.0,0.0,0.005098929539399277,0.03186020645383635,67471245.0,137.55300025939943,0,4,1,2024,3,AMD
2024-01-05 00:00:00-05:00,136.77999877929688,141.00999450683594,136.44000244140625,138.5800018310547,69595000,0.0,0.0,0.018895724049820428,0.031573799743598335,67921045.0,138.64100036621093,0,5,1,2024,4,AMD
2024-01-08 00:00:00-05:00,140.36000061035156,147.14999389648438,140.14999389648438,146.17999267578125,71756900,0.0,0.0,0.05484190174850667,0.026029158848091264,65579935.0,139.53150024414063,0,8,1,2024,0,AMD
2024-01-09 00:00:00-05:00,145.9499969482422,149.86000061035156,145.0800018310547,149.25999450683594,67875700,0.0,0.0,0.021069927386615506,0.026212369942172298,64510025.0,140.54850006103516,0,9,1,2024,1,AMD
2024-01-10 00:00:00-05:00,150.07000732421875,150.8800048828125,146.64999389648438,148.5399932861328,56951200,0.0,0.0,-0.004823805756405508,0.025005579538830966,62424170.0,141.25499954223633,0,10,1,2024,2,AMD
2024-01-11 00:00:00-05:00,148.52000427246094,150.3800048828125,143.69000244140625,148.02000427246094,62764600,0.0,0.0,-0.0035006667374100076,0.0246858627218451,59978510.0,141.7754997253418,0,11,1,2024,3,AMD
2024-01-12 00:00:00-05:00,148.0399932861328,148.75,145.0,146.55999755859375,48250800,0.0,0.0,-0.009863577028276227,0.024877712122150487,58858470.0,142.19399948120116,0,12,1,2024,4,AMD
2024-01-16 00:00:00-05:00,150.36000061035156,159.72000122070312,149.97999572753906,158.74000549316406,112711400,0.0,0.0,0.08310595071960769,0.03057305021562616,60688280.0,143.2309997558594,0,16,1,2024,1,AMD
2024-01-17 00:00:00-05:00,158.4499969482422,160.63999938964844,154.39999389648438,160.1699981689453,104085000,0.0,0.0,0.009008395025177363,0.030574432998673174,62383600.0,144.28199996948243,0,17,1,2024,2,AMD
2024-01-18 00:00:00-05:00,166.1999969482422,168.60000610351562,158.22000122070312,162.6699981689453,131864900,0.0,0.0,0.01560841623637299,0.030543643468281586,66716870.0,145.47050018310546,0,18,1,2024,3,AMD
2024-01-19 00:00:00-05:00,165.8000030517578,174.25,162.1999969482422,174.22999572753906,139825500,0.0,0.0,0.07106410333015312,0.033610111207042624,70521155.0,147.17450027465821,0,19,1,2024,4,AMD
2024-01-22 00:00:00-05:00,174.38999938964844,174.72000122070312,164.14999389648438,168.17999267578125,122973800,0.0,0.0,-0.03472423348513887,0.0337048399662947,73936260.0,148.80999984741212,0,22,1,2024,0,AMD
2024-01-23 00:00:00-05:00,166.5,169.6300048828125,164.27000427246094,168.4199981689453,76830500,0.0,0.0,0.0014270751790717018,0.0333861404760191,75418815.0,150.2354995727539,0,23,1,2024,1,AMD
2024-01-24 00:00:00-05:00,172.5500030517578,180.5800018310547,170.55999755859375,178.2899932861328,125516400,0.0,0.0,0.05860346291707419,0.03496310359425564,79926115.0,152.16999893188478,0,24,1,2024,2,AMD
2024-01-25 00:00:00-05:00,183.41000366210938,184.9199981689453,177.6300048828125,180.3300018310547,127171400,0.0,0.0,0.011442081001416193,0.03479843898151019,83926815.0,154.01599884033203,0,25,1,2024,3,AMD
2024-01-26 00:00:00-05:00,175.2899932861328,181.22999572753906,174.14999389648438,177.25,107381200,0.0,0.0,-0.01707980812832377,0.03535764830888278,86844205.0,155.5749984741211,0,26,1,2024,4,AMD
2024-01-29 00:00:00-05:00,178.77000427246094,178.88999938964844,174.39999389648438,177.8300018310547,89384500,0.0,0.0,0.0032722247168106566,0.035336946583090834,88123395.0,157.02849884033202,0,29,1,2024,0,AMD
2024-01-30 00:00:00-05:00,176.1300048828125,178.47999572753906,169.52000427246094,172.05999755859375,122265700,0.0,0.0,-0.03244674246780166,0.03635692571445264,91135270.0,158.26099853515626,0,30,1,2024,1,AMD
2024-01-31 00:00:00-05:00,165.74000549316406,171.3000030517578,162.55999755859375,167.69000244140625,133157300,0.0,0.0,-0.02539808891778772,0.033665483309879396,94548035.0,159.71649856567382,0,31,1,2024,2,AMD
2024-02-01 00:00:00-05:00,169.27000427246094,171.13999938964844,165.86000061035156,170.47999572753906,91576700,0.0,0.0,0.016637803360445957,0.032739098228808224,96027440.0,161.47449798583983,0,1,2,2024,3,AMD
2024-02-02 00:00:00-05:00,173.7899932861328,179.0,173.0500030517578,177.66000366210938,82078100,0.0,0.0,0.042116424885682235,0.033362201700582746,97200830.0,163.5569984436035,0,2,2,2024,4,AMD
2024-02-05 00:00:00-05:00,179.08999633789062,180.00999450683594,171.11000061035156,174.22999572753906,76349200,0.0,0.0,-0.019306584846715547,0.03414924143572276,97538540.0,165.33949813842773,0,5,2,2024,0,AMD
2024-02-06 00:00:00-05:00,173.14999389648438,173.8800048828125,165.5,167.8800048828125,68854100,0.0,0.0,-0.036446025371295265,0.034229705306611354,97393400.0,166.42449874877929,0,6,2,2024,1,AMD
2024-02-07 00:00:00-05:00,169.47000122070312,172.97000122070312,168.1999969482422,170.94000244140625,53665400,0.0,0.0,0.018227290145302,0.0341762022112498,96682885.0,167.5084991455078,0,7,2,2024,2,AMD
2024-02-08 00:00:00-05:00,170.3300018310547,172.1699981689453,168.60000610351562,169.35000610351562,43385300,0.0,0.0,-0.009301487745301928,0.03427464691574916,96004590.0,168.54899978637695,0,8,2,2024,3,AMD
2024-02-09 00:00:00-05:00,171.0,175.10000610351562,168.66000366210938,172.47999572753906,56375700,0.0,0.0,0.018482370895872346,0.03426853556524884,95685145.0,169.77199935913086,0,9,2,2024,4,AMD
2024-02-12 00:00:00-05:00,172.67999267578125,177.41000366210938,170.6699981689453,171.91000366210938,58177100,0.0,0.0,-0.0033046850623192903,0.03411740616609727,96181460.0,171.03949966430665,0,12,2,2024,0,AMD
2024-02-13 00:00:00-05:00,167.94000244140625,173.1699981689453,164.3000030517578,171.5399932861328,63071300,0.0,0.0,-0.002152349299601064,0.02929734088177615,93699455.0,171.67949905395508,0,13,2,2024,1,AMD
2024-02-14 00:00:00-05:00,173.47000122070312,178.74000549316406,172.8800048828125,178.6999969482422,57402500,0.0,0.0,0.041739558950351086,0.030465873505145742,91365330.0,172.60599899291992,0,14,2,2024,2,AMD
2024-02-15 00:00:00-05:00,179.13999938964844,180.5,175.25999450683594,176.75999450683594,51126400,0.0,0.0,-0.010856197395281098,0.030597503374974792,87328405.0,173.31049880981445,0,15,2,2024,3,AMD
2024-02-16 00:00:00-05:00,177.4499969482422,180.3300018310547,173.25,173.8699951171875,53896000,0.0,0.0,-0.01634984996300548,0.02658379302654283,83031930.0,173.29249877929686,0,16,2,2024,4,AMD
2024-02-20 00:00:00-05:00,171.13999938964844,171.80999755859375,162.0,165.69000244140625,66550000,0.0,0.0,-0.047046603240932794,0.027561345769816885,80210740.0,173.16799926757812,0,20,2,2024,1,AMD
2024-02-21 00:00:00-05:00,162.74000549316406,164.89999389648438,161.80999755859375,164.2899932861328,48774600,0.0,0.0,-0.008449569283871083,0.02761556050000209,78807945.0,172.9614990234375,0,21,2,2024,2,AMD
2024-02-22 00:00:00-05:00,173.1999969482422,183.8300018310547,172.0,181.86000061035156,100684700,0.0,0.0,0.10694508516789725,0.034382497501187596,77566360.0,173.13999938964844,0,22,2,2024,3,AMD
2024-02-23 00:00:00-05:00,181.86000061035156,183.8000030517578,174.5500030517578,176.52000427246094,69207400,0.0,0.0,-0.029363226217797966,0.0349694335844474,74668160.0,172.94949951171876,0,23,2,2024,4,AMD
2024-02-26 00:00:00-05:00,178.77999877929688,179.83999633789062,174.80999755859375,176.00999450683594,45435100,0.0,0.0,-0.00288924627963294,0.03475873873768635,71570855.0,172.88749923706055,0,26,2,2024,0,AMD
2024-02-27 00:00:00-05:00,175.9199981689453,178.4600067138672,172.49000549316406,178.0,43665200,0.0,0.0,0.011306207347712816,0.03484236836425148,69284890.0,172.8959991455078,0,27,2,2024,1,AMD
2024-02-28 00:00:00-05:00,176.25,176.83999633789062,173.58999633789062,176.5399932861328,35914400,0.0,0.0,-0.008202284909366253,0.034044457043002414,64967325.0,173.11999893188477,0,28,2,2024,2,AMD
2024-02-29 00:00:00-05:00,179.82000732421875,193.0,179.82000732421875,192.52999877929688,105538500,0.0,0.0,0.09057440863979038,0.03872008088400321,63586385.0,174.36199874877929,0,29,2,2024,3,AMD
2024-03-01 00:00:00-05:00,197.91000366210938,202.72000122070312,195.4199981689453,202.63999938964844,103583000,0.0,0.0,0.05251130044383867,0.039970614905132915,64186700.0,175.96999893188476,0,1,3,2024,4,AMD
2024-03-04 00:00:00-05:00,205.16000366210938,211.00999450683594,203.5,205.36000061035156,86835300,0.0,0.0,0.013422824856374582,0.03924328743209054,64424560.0,177.35499877929686,0,4,3,2024,0,AMD
2024-03-05 00:00:00-05:00,200.5,205.3300018310547,199.14999389648438,205.1300048828125,65407100,0.0,0.0,-0.0011199636095416965,0.03878584789552356,63877455.0,178.89999923706054,0,5,3,2024,1,AMD
2024-03-06 00:00:00-05:00,210.42999267578125,214.80999755859375,207.32000732421875,210.6300048828125,86687000,0.0,0.0,0.026812264754451975,0.03745082952617023,64769100.0,181.03749923706056,0,6,3,2024,2,AMD
2024-03-07 00:00:00-05:00,212.52000427246094,213.8300018310547,208.22000122070312,211.3800048828125,63869000,0.0,0.0,0.0035607462498863374,0.03746708056566231,65279280.0,183.05949935913085,0,7,3,2024,3,AMD
2024-03-08 00:00:00-05:00,213.41000366210938,227.3000030517578,205.60000610351562,207.38999938964844,120592600,0.0,0.0,-0.01887598354147113,0.03780403156641664,69139645.0,184.9614990234375,0,8,3,2024,4,AMD
2024-03-11 00:00:00-04:00,203.00999450683594,203.5500030517578,196.6999969482422,198.38999938964844,73098600,0.0,0.0,-0.043396499476769046,0.03963328747452271,69975790.0,186.25699920654296,0,11,3,2024,0,AMD
2024-03-12 00:00:00-04:00,200.52000427246094,202.85000610351562,194.27000427246094,202.75999450683594,68951700,0.0,0.0,0.022027295380976364,0.03966639920366097,70514520.0,187.79949874877929,0,12,3,2024,1,AMD
2024-03-13 00:00:00-04:00,198.72999572753906,198.8300018310547,192.6999969482422,194.7899932861328,70526900,0.0,0.0,-0.03930756281626557,0.04106221011841027,70887300.0,188.9619987487793,0,13,3,2024,2,AMD
2024-03-14 00:00:00-04:00,192.9199981689453,196.92999267578125,184.02999877929688,187.05999755859375,84490500,0.0,0.0,-0.03968374143421338,0.041486724998615,72241700.0,189.37999877929687,0,14,3,2024,3,AMD
2024-03-15 00:00:00-04:00,184.8300018310547,193.8000030517578,184.47999572753906,191.05999755859375,95225700,0.0,0.0,0.02138351359032309,0.041542994326542904,74446665.0,190.09499893188476,0,15,3,2024,4,AMD
2024-03-18 00:00:00-04:00,193.2899932861328,193.5,188.0500030517578,190.64999389648438,59306900,0.0,0.0,-0.0021459419415288394,0.04128493447210811,74717210.0,190.93399887084962,0,18,3,2024,0,AMD
2024-03-19 00:00:00-04:00,183.16000366210938,185.61000061035156,177.36000061035156,181.4199981689453,83509500,0.0,0.0,-0.04841330198285032,0.0413773463140797,75565185.0,191.72049865722656,0,19,3,2024,1,AMD
2024-03-20 00:00:00-04:00,182.02999877929688,182.67999267578125,174.0,179.72999572753906,81773100,0.0,0.0,-0.009315414278818657,0.041392977701873675,77215110.0,192.49249877929688,0,20,3,2024,2,AMD
2024-03-21 00:00:00-04:00,185.97000122070312,187.69000244140625,177.66000366210938,178.67999267578125,75265600,0.0,0.0,-0.0058421135966061355,0.033801788519050316,75944155.0,192.33349838256837,0,21,3,2024,3,AMD
2024-03-22 00:00:00-04:00,177.2100067138672,180.75999450683594,175.0500030517578,179.64999389648438,57832100,0.0,0.0,0.005428706405105066,0.03311829584545161,75375390.0,192.48999786376953,0,22,3,2024,4,AMD
2024-03-25 00:00:00-04:00,172.89999389648438,182.8000030517578,172.0,178.6300048828125,71935300,0.0,0.0,-0.005677645690651101,0.033143126303136615,76700400.0,192.62099838256836,0,25,3,2024,0,AMD
2024-03-26 00:00:00-04:00,179.5399932861328,182.60000610351562,176.3300018310547,177.8699951171875,65322400,0.0,0.0,-0.004254659042995601,0.0330772694935526,77783260.0,192.61449813842773,0,26,3,2024,1,AMD
2024-03-27 00:00:00-04:00,179.9600067138672,181.22999572753906,175.39999389648438,179.58999633789062,55685600,0.0,0.0,0.009669990824309194,0.033071944041359325,78771820.0,192.76699829101562,0,27,3,2024,2,AMD
2024-03-28 00:00:00-04:00,179.47000122070312,183.39999389648438,178.3000030517578,180.49000549316406,57628600,0.0,0.0,0.005011465970410134,0.025619422747633368,76376325.0,192.16499862670898,0,28,3,2024,3,AMD
2024-04-01 00:00:00-04:00,180.10000610351562,187.24000549316406,179.89999389648438,183.33999633789062,74299900,0.0,0.0,0.01579029729064141,0.02257325298987592,74912170.0,191.1999984741211,0,1,4,2024,0,AMD
2024-04-02 00:00:00-04:00,179.47000122070312,180.10000610351562,174.8300018310547,178.6999969482422,61598800,0.0,0.0,-0.025308167788424374,0.022593843078508924,73650345.0,189.86699829101562,0,2,4,2024,1,AMD
2024-04-03 00:00:00-04:00,177.5399932861328,182.0500030517578,176.6999969482422,180.77000427246094,49835100,0.0,0.0,0.011583700948905484,0.022934465924492272,72871745.0,188.64899826049805,0,3,4,2024,2,AMD
2024-04-04 00:00:00-04:00,182.9199981689453,183.02000427246094,165.64999389648438,165.8300018310547,88280000,0.0,0.0,-0.08264646837585021,0.027321043108658887,72951395.0,186.40899810791015,0,4,4,2024,3,AMD
2024-04-05 00:00:00-04:00,168.10000610351562,172.69000244140625,165.5800018310547,170.4199981689453,66025200,0.0,0.0,0.027678925931429843,0.02852738251567238,73059205.0,184.3609977722168,0,5,4,2024,4,AMD
2024-04-08 00:00:00-04:00,168.1999969482422,171.66000366210938,166.82000732421875,169.89999389648438,43997500,0.0,0.0,-0.003051310163408316,0.028496868826266643,69229450.0,182.4864974975586,0,8,4,2024,0,AMD
2024-04-09 00:00:00-04:00,170.2100067138672,171.60000610351562,167.2899932861328,170.77999877929688,42928000,0.0,0.0,0.005179546288557546,0.02751092777538587,67720920.0,181.10599746704102,0,9,4,2024,1,AMD
2024-04-10 00:00:00-04:00,166.7100067138672,169.77999877929688,164.0,167.13999938964844,59600000,0.0,0.0,-0.021313967769448827,0.026793901835014882,67253335.0,179.32499771118165,0,10,4,2024,2,AMD
2024-04-11 00:00:00-04:00,167.5500030517578,170.9499969482422,166.5500030517578,170.5,48994500,0.0,0.0,0.02010291146716159,0.026579966262644736,66176715.0,178.110498046875,0,11,4,2024,3,AMD
2024-04-12 00:00:00-04:00,164.52999877929688,165.6999969482422,161.82000732421875,163.27999877929688,63334200,0.0,0.0,-0.04234604821526755,0.02676204448313498,65118900.0,176.92149810791017,0,12,4,2024,4,AMD
2024-04-15 00:00:00-04:00,164.42999267578125,164.44000244140625,158.75999450683594,160.32000732421875,61461200,0.0,0.0,-0.018128316249433007,0.026050137707254048,63430675.0,175.3844985961914,0,15,4,2024,0,AMD
2024-04-16 00:00:00-04:00,162.27999877929688,164.8800048828125,161.6699981689453,163.4600067138672,55302100,0.0,0.0,0.019585823641451894,0.026768066853475533,63230435.0,174.02499923706054,0,16,4,2024,1,AMD
2024-04-17 00:00:00-04:00,163.97000122070312,164.4499969482422,153.8800048828125,154.02000427246094,75909000,0.0,0.0,-0.0577511443391211,0.027591441112395913,62850410.0,172.65499954223634,0,17,4,2024,2,AMD
2024-04-18 00:00:00-04:00,155.50999450683594,156.9600067138672,152.32000732421875,155.0800018310547,52669800,0.0,0.0,0.006882207045771915,0.027781076290896625,61395245.0,171.4224998474121,0,18,4,2024,3,AMD
2024-04-19 00:00:00-04:00,151.58999633789062,154.25,145.2899932861328,146.63999938964844,71232500,0.0,0.0,-0.054423538443086006,0.02973258340296026,61193590.0,169.82050018310548,0,19,4,2024,4,AMD
2024-04-22 00:00:00-04:00,148.14999389648438,149.88999938964844,145.6300048828125,148.63999938964844,49397000,0.0,0.0,0.013638843482845608,0.030003527118832835,60771835.0,168.27000045776367,0,22,4,2024,0,AMD
2024-04-23 00:00:00-04:00,151.64999389648438,153.5,150.35000610351562,152.27000427246094,46051900,0.0,0.0,0.02442145383287242,0.030919257630072486,59477665.0,166.9520004272461,0,23,4,2024,1,AMD
2024-04-24 00:00:00-04:00,156.55999755859375,157.66000366210938,150.6300048828125,151.74000549316406,43412600,0.0,0.0,-0.0034806512407298262,0.03092399633709894,58382175.0,165.64550094604493,0,24,4,2024,2,AMD
2024-04-25 00:00:00-04:00,149.14999389648438,155.13999938964844,146.75,153.75999450683594,41471400,0.0,0.0,0.01331217174473398,0.031040595705060514,57671465.0,164.3540008544922,0,25,4,2024,3,AMD
2024-04-26 00:00:00-04:00,154.24000549316406,158.6300048828125,153.42999267578125,157.39999389648438,42510700,0.0,0.0,0.023673253900165836,0.0317024268153239,56915570.0,163.1995002746582,0,26,4,2024,4,AMD
2024-04-29 00:00:00-04:00,159.0800018310547,160.77000427246094,156.25999450683594,160.1999969482422,43478200,0.0,0.0,0.017789092505297477,0.031778888110223676,55374485.0,162.0425003051758,0,29,4,2024,0,AMD
2024-04-30 00:00:00-04:00,160.6300048828125,162.2899932861328,158.35000610351562,158.3800048828125,60742800,0.0,0.0,-0.011360749688513971,0.03148991550289596,55331685.0,161.0265007019043,0,30,4,2024,1,AMD
2024-05-01 00:00:00-04:00,148.11000061035156,151.3699951171875,142.13999938964844,144.27000427246094,89413200,0.0,0.0,-0.0890895326136133,0.03629027434718166,57310590.0,159.2015007019043,0,1,5,2024,2,AMD
2024-05-02 00:00:00-04:00,145.50999450683594,147.6199951171875,141.16000366210938,146.16000366210938,50034700,0.0,0.0,0.013100432062641998,0.032386563696855095,55398325.0,158.21800079345704,0,2,5,2024,3,AMD
2024-05-03 00:00:00-04:00,148.75,150.7899932861328,147.24000549316406,150.60000610351562,49361100,0.0,0.0,0.03037768425123044,0.03253856793210538,54565120.0,157.22700119018555,0,3,5,2024,4,AMD
2024-05-06 00:00:00-04:00,153.10000610351562,156.64999389648438,151.25999450683594,155.77999877929688,44624500,0.0,0.0,0.03439570030442596,0.03375044496645118,54596470.0,156.52100143432617,0,6,5,2024,0,AMD
2024-05-07 00:00:00-04:00,156.32000732421875,157.6999969482422,153.66000366210938,154.42999267578125,37374900,0.0,0.0,-0.008666106779396388,0.03369913502632794,54318815.0,155.7035011291504,0,7,5,2024,1,AMD
2024-05-08 00:00:00-04:00,153.39999389648438,155.3300018310547,152.52000427246094,153.6199951171875,28728000,0.0,0.0,-0.005245079304603162,0.03346701543014447,52775215.0,155.02750091552736,0,8,5,2024,2,AMD
2024-05-09 00:00:00-04:00,153.1300048828125,154.08999633789062,150.61000061035156,152.38999938964844,33018000,0.0,0.0,-0.008006742394443989,0.03300355587203277,51976390.0,154.12200088500975,0,9,5,2024,3,AMD
2024-05-10 00:00:00-04:00,154.2899932861328,156.3699951171875,151.30999755859375,151.9199981689453,37652800,0.0,0.0,-0.003084199898848783,0.03181568224517529,50692320.0,153.5540008544922,0,10,5,2024,4,AMD
2024-05-13 00:00:00-04:00,151.27999877929688,153.3300018310547,150.39999389648438,150.55999755859375,27859200,0.0,0.0,-0.008952084167610064,0.03165334940370944,49012220.0,153.06600036621094,0,13,5,2024,0,AMD
2024-05-14 00:00:00-04:00,150.42999267578125,153.49000549316406,148.77999877929688,153.16000366210938,31938300,0.0,0.0,0.01726890373057932,0.03157184419983368,47844030.0,152.55100021362304,0,14,5,2024,1,AMD
2024-05-15 00:00:00-04:00,155.58999633789062,159.69000244140625,154.6999969482422,159.6699981689453,43195900,0.0,0.0,0.04250453350208727,0.030315132950350817,46208375.0,152.83349990844727,0,15,5,2024,2,AMD
2024-05-16 00:00:00-04:00,160.9199981689453,168.05999755859375,159.89999389648438,162.6199951171875,76726700,0.0,0.0,0.018475587036212104,0.030518472395724253,47411220.0,153.21049957275392,0,16,5,2024,3,AMD
2024-05-17 00:00:00-04:00,168.42999267578125,169.72000122070312,162.32000732421875,164.47000122070312,65944400,0.0,0.0,0.011376252361725125,0.027409596761675783,47146815.0,154.10199966430665,0,17,5,2024,4,AMD
2024-05-20 00:00:00-04:00,165.5500030517578,168.49000549316406,164.47000122070312,166.3300018310547,45618000,0.0,0.0,0.011309056949878826,0.027380906878422418,46957865.0,154.98649978637695,0,20,5,2024,0,AMD
2024-05-21 00:00:00-04:00,164.0,165.8300018310547,163.10000610351562,164.66000366210938,30005500,0.0,0.0,-0.010040270249269678,0.027245025588808654,46155545.0,155.6059997558594,0,21,5,2024,1,AMD
2024-05-22 00:00:00-04:00,167.41000366210938,169.80999755859375,163.86000061035156,165.52000427246094,47426700,0.0,0.0,0.0052228871081305694,0.027183935743165733,46356250.0,156.2949996948242,0,22,5,2024,2,AMD
2024-05-23 00:00:00-04:00,170.17999267578125,173.13999938964844,158.27000427246094,160.42999267578125,91888800,0.0,0.0,-0.030751640075486364,0.02821675405015691,48877120.0,156.62849960327148,0,23,5,2024,3,AMD
2024-05-24 00:00:00-04:00,161.41000366210938,167.66000366210938,160.25,166.36000061035156,54795400,0.0,0.0,0.03696321264911151,0.028889717243117254,49491355.0,157.07649993896484,0,24,5,2024,4,AMD
2024-05-28 00:00:00-04:00,169.4199981689453,174.5500030517578,164.9600067138672,171.61000061035156,66495400,0.0,0.0,0.031558066727209066,0.02941546972719576,50642215.0,157.64700012207032,0,28,5,2024,1,AMD
2024-05-29 00:00:00-04:00,167.4600067138672,168.47999572753906,162.91000366210938,165.13999938964844,56537500,0.0,0.0,-0.037701772610522655,0.03069506668749798,50431950.0,157.9849998474121,0,29,5,2024,2,AMD
2024-05-30 00:00:00-04:00,167.89999389648438,168.75,163.8000030517578,166.75,46479900,0.0,0.0,0.009749307353167369,0.021845122757341504,48285285.0,159.10899963378907,0,30,5,2024,3,AMD
2024-05-31 00:00:00-04:00,166.64999389648438,169.5,160.07000732421875,166.89999389648438,64331900,0.0,0.0,0.0008995136220952826,0.02185063936603336,49000145.0,160.1459991455078,0,31,5,2024,4,AMD
2024-06-03 00:00:00-04:00,170.82000732421875,171.0800018310547,160.91000366210938,163.5500030517578,59157600,0.0,0.0,-0.02007184522010419,0.02190749432252419,49489970.0,160.79349899291992,0,3,6,2024,0,AMD
2024-06-04 00:00:00-04:00,162.83999633789062,164.8300018310547,158.8699951171875,159.99000549316406,48157200,0.0,0.0,-0.02176702838377287,0.021449588368072058,49666605.0,161.00399932861328,0,4,6,2024,1,AMD
2024-06-05 00:00:00-04:00,162.07000732421875,167.1199951171875,161.3800048828125,166.1699981689453,60507500,0.0,0.0,0.03862736710791159,0.0228265183711925,50823235.0,161.59099960327148,0,5,6,2024,2,AMD
2024-06-06 00:00:00-04:00,165.4600067138672,169.50999450683594,163.86000061035156,166.77999877929688,47153700,0.0,0.0,0.0036709431129160475,0.022725010889522165,51744520.0,162.24899978637694,0,6,6,2024,3,AMD
2024-06-07 00:00:00-04:00,166.58999633789062,169.4499969482422,165.86000061035156,167.8699951171875,44796000,0.0,0.0,0.006535533912151115,0.022540310367064918,52333420.0,163.02299957275392,0,7,6,2024,4,AMD
2024-06-10 00:00:00-04:00,162.47999572753906,165.5500030517578,159.61000061035156,160.33999633789062,67575600,0.0,0.0,-0.04485613271174693,0.025124707996198613,53829560.0,163.44399948120116,0,10,6,2024,0,AMD
2024-06-11 00:00:00-04:00,160.5,161.5399932861328,156.9199981689453,158.9600067138672,40497100,0.0,0.0,-0.008606646223911163,0.025116175680887465,54461455.0,163.86399993896484,0,11,6,2024,1,AMD
2024-06-12 00:00:00-04:00,160.32000732421875,162.24000549316406,158.6199951171875,160.24000549316406,48325800,0.0,0.0,0.008052332191963885,0.02492476858652911,55280830.0,164.21800003051757,0,12,6,2024,2,AMD
2024-06-13 00:00:00-04:00,160.39999389648438,162.66000366210938,157.30999755859375,159.89999389648438,44442500,0.0,0.0,-0.002121889572040736,0.02309042829890584,55343160.0,164.22949981689453,0,13,6,2024,3,AMD
2024-06-14 00:00:00-04:00,158.5,161.33999633789062,157.61000061035156,159.6300048828125,34054000,0.0,0.0,-0.001688486704049863,0.022693050839646095,53209525.0,164.0800003051758,0,14,6,2024,4,AMD
2024-06-17 00:00:00-04:00,158.0,159.22999572753906,154.13999938964844,158.39999389648438,44507700,0.0,0.0,-0.007705387137155739,0.022560136334052173,52137690.0,163.77649993896483,0,17,6,2024,0,AMD
2024-06-18 00:00:00-04:00,156.99000549316406,157.24000549316406,153.33999633789062,154.6300048828125,51852000,0.0,0.0,-0.02380043660945841,0.022863760218943555,52449390.0,163.19150009155274,0,18,6,2024,1,AMD
2024-06-20 00:00:00-04:00,155.82000732421875,166.82000732421875,155.5,161.77999877929688,93245700,0.0,0.0,0.04623936927314376,0.02533246262603915,55611400.0,163.0474998474121,0,20,6,2024,3,AMD
2024-06-21 00:00:00-04:00,161.75,163.1999969482422,157.88999938964844,161.22999572753906,61334700,0.0,0.0,-0.003399697465124474,0.025301903501443956,56306800.0,162.832999420166,0,21,6,2024,4,AMD
2024-06-24 00:00:00-04:00,159.75,163.39999389648438,158.19000244140625,160.25,45954100,0.0,0.0,-0.006078246936104592,0.024359330158220886,54010065.0,162.82399978637696,0,24,6,2024,0,AMD
2024-06-25 00:00:00-04:00,160.72999572753906,161.0,156.4499969482422,160.25,40975300,0.0,0.0,0.0,0.022776021140589464,53319060.0,162.51849975585938,0,25,6,2024,1,AMD
2024-06-26 00:00:00-04:00,160.60000610351562,160.74000549316406,156.0,157.5399932861328,36973400,0.0,0.0,-0.01691111833926484,0.021608296437864206,51842960.0,161.81499938964845,0,26,6,2024,2,AMD
2024-06-27 00:00:00-04:00,157.17999267578125,160.61000061035156,156.80999755859375,159.47000122070312,34018200,0.0,0.0,0.012250907812754175,0.020364620020606364,50716995.0,161.53149948120117,0,27,6,2024,3,AMD
2024-06-28 00:00:00-04:00,160.22999572753906,166.4499969482422,159.41000366210938,162.2100067138672,56204600,0.0,0.0,0.017181949408603625,0.020647509026551984,51203230.0,161.30449981689452,0,28,6,2024,4,AMD
2024-07-01 00:00:00-04:00,161.25,161.50999450683594,153.63999938964844,157.69000244140625,50436700,0.0,0.0,-0.02786513831069659,0.02148024995412953,50508470.0,160.84400024414063,0,1,7,2024,0,AMD
2024-07-02 00:00:00-04:00,157.0399932861328,164.5800018310547,156.6999969482422,164.30999755859375,57838600,0.0,0.0,0.041981070547876476,0.023235913872607896,50442520.0,160.88199996948242,0,2,7,2024,1,AMD
2024-07-03 00:00:00-04:00,164.1999969482422,165.25999450683594,162.50999450683594,163.89999389648438,26980900,0.0,0.0,-0.0024953056308284483,0.022656856747209773,49383705.0,161.07749938964844,0,3,7,2024,2,AMD
2024-07-05 00:00:00-04:00,165.97000122070312,174.0399932861328,165.67999267578125,171.89999389648438,61857100,0.0,0.0,0.048810251970190066,0.02362978839396737,49451185.0,161.3639991760254,0,5,7,2024,4,AMD
2024-07-08 00:00:00-04:00,174.89999389648438,178.9499969482422,173.22000122070312,178.69000244140625,60223400,0.0,0.0,0.039499760244382065,0.025079992142129134,50104670.0,161.95949935913086,0,8,7,2024,0,AMD
2024-07-09 00:00:00-04:00,177.97000122070312,180.41000366210938,174.6999969482422,177.10000610351562,43395600,0.0,0.0,-0.008898071051356093,0.025226817209167692,50034650.0,162.42099990844727,0,9,7,2024,1,AMD
2024-07-10 00:00:00-04:00,179.99000549316406,187.27999877929688,177.8000030517578,183.9600067138672,90247000,0.0,0.0,0.038735179977023027,0.023766746993114787,51168220.0,163.60200042724608,0,10,7,2024,2,AMD
2024-07-11 00:00:00-04:00,184.07000732421875,187.11000061035156,177.25,181.94000244140625,59231400,0.0,0.0,-0.01098067079114029,0.02385539477807203,52104935.0,164.75100021362306,0,11,7,2024,3,AMD
2024-07-12 00:00:00-04:00,182.02000427246094,186.99000549316406,179.69000244140625,181.61000061035156,50827400,0.0,0.0,-0.0018137948039269602,0.02393524319664353,52230015.0,165.81949996948242,0,12,7,2024,4,AMD
2024-07-15 00:00:00-04:00,184.4499969482422,185.5,178.5399932861328,179.8300018310547,42202700,0.0,0.0,-0.009801215645144468,0.024142327500306916,52118025.0,166.81600036621094,0,15,7,2024,0,AMD
2024-07-16 00:00:00-04:00,179.69000244140625,179.75,174.52999877929688,177.5500030517578,40633100,0.0,0.0,-0.012678634021473623,0.02445351200546416,52446980.0,167.7120002746582,0,16,7,2024,1,AMD
2024-07-17 00:00:00-04:00,169.8000030517578,169.8000030517578,159.3699951171875,159.42999267578125,76954200,0.0,0.0,-0.10205581562673571,0.034283421367272464,54069305.0,167.76350021362305,0,17,7,2024,2,AMD
2024-07-18 00:00:00-04:00,163.41000366210938,163.41000366210938,153.1999969482422,155.77000427246094,69420300,0.0,0.0,-0.022956711857619605,0.03425193724174287,54947720.0,167.82050018310548,0,18,7,2024,3,AMD
2024-07-19 00:00:00-04:00,154.86000061035156,155.80999755859375,150.6199951171875,151.5800018310547,47513100,0.0,0.0,-0.026898647534716713,0.03304378678942808,52661090.0,167.31050033569335,0,19,7,2024,4,AMD
2024-07-22 00:00:00-04:00,154.22999572753906,156.6999969482422,152.5399932861328,155.8699951171875,43912500,0.0,0.0,0.02830184215800635,0.033761941977028635,51789980.0,167.0425003051758,0,22,7,2024,0,AMD
2024-07-23 00:00:00-04:00,154.9499969482422,157.0500030517578,153.8000030517578,154.0,31950600,0.0,0.0,-0.011997146184431373,0.03383343175910475,51089805.0,166.7300003051758,0,23,7,2024,1,AMD
2024-07-24 00:00:00-04:00,152.72000122070312,153.67999267578125,144.52999877929688,144.6300048828125,49203100,0.0,0.0,-0.060844124137581224,0.036340688194076876,51501195.0,165.9490005493164,0,24,7,2024,2,AMD
2024-07-25 00:00:00-04:00,144.07000732421875,144.75,136.80999755859375,138.32000732421875,60578500,0.0,0.0,-0.043628551099797575,0.037300410413492815,52681450.0,164.9880012512207,0,25,7,2024,3,AMD
2024-07-26 00:00:00-04:00,140.32000732421875,141.2899932861328,138.27000427246094,139.99000549316406,49435800,0.0,0.0,0.012073438985806817,0.03729590917596229,53452330.0,164.01400146484374,0,26,7,2024,4,AMD
2024-07-29 00:00:00-04:00,141.19000244140625,144.58999633789062,138.75,139.75,47447200,0.0,0.0,-0.0017144473444269392,0.036920081416511506,53014460.0,162.8910011291504,0,29,7,2024,0,AMD
2024-07-30 00:00:00-04:00,139.8800048828125,141.6999969482422,134.0500030517578,138.44000244140625,68801700,0.0,0.0,-0.009373864462209336,0.03659386942873993,53932710.0,161.9285011291504,0,30,7,2024,1,AMD
2024-07-31 00:00:00-04:00,150.72999572753906,153.60000610351562,140.02999877929688,144.47999572753906,114306800,0.0,0.0,0.04362895969096203,0.03670887680336676,56756120.0,160.93700103759767,0,31,7,2024,2,AMD
2024-08-01 00:00:00-04:00,145.0,147.2899932861328,130.24000549316406,132.5399932861328,94731900,0.0,0.0,-0.0826412153549807,0.0405119130582688,60143670.0,159.36900100708007,0,1,8,2024,3,AMD
2024-08-02 00:00:00-04:00,133.5,137.10000610351562,131.3300018310547,132.5,78562000,0.0,0.0,-0.00030174504420321657,0.03819707018242849,60978915.0,157.39900131225585,0,2,8,2024,4,AMD
2024-08-05 00:00:00-04:00,122.16000366210938,139.13999938964844,121.83000183105469,134.82000732421875,76089400,0.0,0.0,0.017509489239386777,0.036925356766280275,61772215.0,155.20550155639648,0,5,8,2024,0,AMD
2024-08-06 00:00:00-04:00,135.14999389648438,136.44000244140625,129.10000610351562,130.17999267578125,64455600,0.0,0.0,-0.03441636549743743,0.03720446029857852,62825215.0,152.85950088500977,0,6,8,2024,1,AMD
2024-08-07 00:00:00-04:00,133.75,136.24000549316406,128.3699951171875,128.6699981689453,54676500,0.0,0.0,-0.0115992824688248,0.03504709997624902,61046690.0,150.09500045776366,0,7,8,2024,2,AMD
2024-08-08 00:00:00-04:00,131.97000122070312,136.47999572753906,128.94000244140625,136.32000732421875,49037500,0.0,0.0,0.05945449027852545,0.03901018829790331,60536995.0,147.8140007019043,0,8,8,2024,3,AMD
2024-08-09 00:00:00-04:00,134.69000244140625,135.5,132.44000244140625,134.27000427246094,40583000,0.0,0.0,-0.015038167118654577,0.03891207139970694,60024775.0,145.44700088500977,0,9,8,2024,4,AMD
2024-08-12 00:00:00-04:00,134.44000244140625,137.99000549316406,133.22999572753906,136.77000427246094,39724300,0.0,0.0,0.018619199526701324,0.03959597265978553,59900855.0,143.29400100708008,0,12,8,2024,0,AMD
2024-08-13 00:00:00-04:00,138.1199951171875,141.19000244140625,137.52000427246094,141.1300048828125,42218000,0.0,0.0,0.03187833935916218,0.04083879489537081,59980100.0,141.4730010986328,0,13,8,2024,1,AMD
2024-08-14 00:00:00-04:00,143.0,143.25,137.63999938964844,140.75,35506400,0.0,0.0,-0.0026925874701700936,0.03471162995715426,57907710.0,140.53900146484375,0,14,8,2024,2,AMD
2024-08-15 00:00:00-04:00,143.0,147.9600067138672,141.80999755859375,147.36000061035156,43582400,0.0,0.0,0.046962704158803215,0.03635689216997078,56615815.0,140.11850128173828,0,15,8,2024,3,AMD
2024-08-16 00:00:00-04:00,145.6999969482422,149.3699951171875,145.1999969482422,148.55999755859375,31123900,0.0,0.0,0.008143301732301156,0.03594273138513956,55796355.0,139.96750106811524,0,16,8,2024,4,AMD
2024-08-19 00:00:00-04:00,148.42999267578125,155.3699951171875,147.72000122070312,155.27999877929688,60766900,0.0,0.0,0.045234257748642426,0.03684214133550706,56639075.0,139.9380012512207,0,19,8,2024,0,AMD
2024-08-20 00:00:00-04:00,156.49000549316406,162.0399932861328,154.50999450683594,156.39999389648438,76851200,0.0,0.0,0.0072127455306034705,0.03675049829901833,58884105.0,140.05800094604493,0,20,8,2024,1,AMD
2024-08-21 00:00:00-04:00,156.1199951171875,158.64999389648438,155.07000732421875,157.80999755859375,42791200,0.0,0.0,0.00901536903538891,0.03371534815091815,58563510.0,140.71700057983398,0,21,8,2024,2,AMD
2024-08-22 00:00:00-04:00,158.8699951171875,159.83999633789062,151.00999450683594,151.6999969482422,45737300,0.0,0.0,-0.03871744949544764,0.03335918153774848,57821450.0,141.38600006103516,0,22,8,2024,3,AMD
2024-08-23 00:00:00-04:00,153.60000610351562,156.39999389648438,151.8300018310547,154.97999572753906,43694600,0.0,0.0,0.02162161400976137,0.03353117958889532,57534390.0,142.1354995727539,0,23,8,2024,4,AMD
2024-08-26 00:00:00-04:00,154.6999969482422,158.27999877929688,148.91000366210938,149.99000549316406,49893300,0.0,0.0,-0.0321976408048662,0.03456005705532846,57656695.0,142.64749984741212,0,26,8,2024,0,AMD
2024-08-27 00:00:00-04:00,150.1300048828125,151.6999969482422,148.44000244140625,150.5,35102700,0.0,0.0,0.00340018993371638,0.034415383070284855,55971745.0,143.2504997253418,0,27,8,2024,1,AMD
2024-08-28 00:00:00-04:00,149.39999389648438,150.42999267578125,144.72000122070312,146.36000061035156,34075800,0.0,0.0,-0.027508301592348405,0.033857669875907645,51960195.0,143.34449996948243,0,28,8,2024,2,AMD
2024-08-29 00:00:00-04:00,146.58999633789062,149.49000549316406,144.47000122070312,145.49000549316406,31602100,0.0,0.0,-0.005944213675590615,0.027633438497524827,48803705.0,143.99200057983398,0,29,8,2024,3,AMD
2024-08-30 00:00:00-04:00,147.52000427246094,148.99000549316406,145.25,148.55999755859375,31169100,0.0,0.0,0.02110105127168982,0.02782974724484792,46434060.0,144.79500045776368,0,30,8,2024,4,AMD
2024-09-03 00:00:00-04:00,146.41000366210938,146.49000549316406,136.10000610351562,136.94000244140625,42172700,0.0,0.0,-0.07821752361435275,0.033432459785339236,44738225.0,144.90100021362304,0,3,9,2024,1,AMD
2024-09-04 00:00:00-04:00,140.50999450683594,143.3699951171875,138.50999450683594,140.8699951171875,42130600,0.0,0.0,0.028698646164131647,0.032855939382552046,43621975.0,145.43550033569335,0,4,9,2024,2,AMD
2024-09-05 00:00:00-04:00,138.1999969482422,141.7100067138672,137.8300018310547,139.44000244140625,25023000,0.0,0.0,-0.010151151596134111,0.03282023590281048,42139300.0,145.9740005493164,0,5,9,2024,3,AMD
2024-09-06 00:00:00-04:00,138.6999969482422,139.1300048828125,132.11000061035156,134.35000610351562,39993500,0.0,0.0,-0.036503128576962585,0.03135153165633425,41687100.0,145.87550048828126,0,6,9,2024,4,AMD
2024-09-09 00:00:00-04:00,136.10000610351562,138.4499969482422,134.86000061035156,138.14999389648438,27194500,0.0,0.0,0.02828423982385897,0.031770130036763315,41017675.0,146.06949996948242,0,9,9,2024,0,AMD
2024-09-10 00:00:00-04:00,139.05999755859375,143.0800018310547,137.25,142.83999633789062,37217500,0.0,0.0,0.033948625759046,0.03237359866182583,40892335.0,146.3729995727539,0,10,9,2024,1,AMD
2024-09-11 00:00:00-04:00,145.32000732421875,150.16000366210938,140.7100067138672,149.86000061035156,50935400,0.0,0.0,0.04914592867851231,0.033407084277605074,41328205.0,146.80949935913085,0,11,9,2024,2,AMD
2024-09-12 00:00:00-04:00,148.42999267578125,151.5399932861328,147.64999389648438,150.77000427246094,29286200,0.0,0.0,0.006072358590705429,0.03337847293262416,41017195.0,147.3104995727539,0,12,9,2024,3,AMD
2024-09-13 00:00:00-04:00,152.32000732421875,153.02999877929688,150.6999969482422,152.30999755859375,25117200,0.0,0.0,0.010214188780878652,0.031864980117080104,40093935.0,147.55799942016603,0,13,9,2024,4,AMD
2024-09-16 00:00:00-04:00,151.6999969482422,154.44000244140625,150.91000366210938,152.0800018310547,27677800,0.0,0.0,-0.0015100501032480063,0.03184240580379299,39921630.0,147.73399963378907,0,16,9,2024,0,AMD
2024-09-17 00:00:00-04:00,153.5500030517578,154.0399932861328,149.22999572753906,150.82000732421875,29889000,0.0,0.0,-0.008285076878389752,0.030193942134093543,38377735.0,147.51100006103516,0,17,9,2024,1,AMD
2024-09-18 00:00:00-04:00,150.89999389648438,152.82000732421875,148.00999450683594,148.2899932861328,26320100,0.0,0.0,-0.016775055796457772,0.03032601328785703,35851180.0,147.1055000305176,0,18,9,2024,2,AMD
2024-09-19 00:00:00-04:00,153.80999755859375,159.25,152.77000427246094,156.74000549316406,44500000,0.0,0.0,0.05698302373462605,0.033036622412311825,35936620.0,147.0520004272461,0,19,9,2024,3,AMD
2024-09-20 00:00:00-04:00,156.0,157.4499969482422,152.47000122070312,155.9499969482422,40248200,0.0,0.0,-0.005040248291661165,0.031784039954505065,35662165.0,147.2645004272461,0,20,9,2024,4,AMD
2024-09-23 00:00:00-04:00,156.4499969482422,157.19000244140625,154.97000122070312,156.75,21728500,0.0,0.0,0.005129868979884211,0.03145680180362825,34563860.0,147.35300064086914,0,23,9,2024,0,AMD
2024-09-24 00:00:00-04:00,157.4600067138672,159.63999938964844,154.5800018310547,158.32000732421875,27531200,0.0,0.0,0.010015995688795742,0.030511095777464994,33445755.0,147.76950073242188,0,24,9,2024,1,AMD
2024-09-25 00:00:00-04:00,158.5,162.9499969482422,158.17999267578125,162.02000427246094,35233300,0.0,0.0,0.023370368728350854,0.030844562859793447,33452285.0,148.34550094604492,0,25,9,2024,2,AMD
2024-09-26 00:00:00-04:00,167.05999755859375,168.67999267578125,164.0500030517578,167.49000549316406,38044900,0.0,0.0,0.033761270685467304,0.030576095188221127,33650740.0,149.40200119018556,0,26,9,2024,3,AMD
2024-09-27 00:00:00-04:00,167.47999572753906,168.72999572753906,163.74000549316406,164.35000610351562,27876000,0.0,0.0,-0.01874738364479067,0.0309972304495715,33464435.0,150.34500122070312,0,27,9,2024,4,AMD
2024-09-30 00:00:00-04:00,163.10000610351562,165.0800018310547,162.17999267578125,164.0800018310547,21881600,0.0,0.0,-0.00164286134733016,0.03085312506724653,33000060.0,151.12100143432616,0,30,9,2024,0,AMD
2024-10-01 00:00:00-04:00,164.47999572753906,165.39999389648438,158.0800018310547,159.75,31831900,0.0,0.0,-0.026389576930362812,0.025096522822762916,32483020.0,152.26150131225586,0,1,10,2024,1,AMD
2024-10-02 00:00:00-04:00,159.30999755859375,163.10000610351562,158.6699981689453,159.77999877929688,24630400,0.0,0.0,0.00018778578589584427,0.024666705194464483,31608010.0,153.20700149536134,0,2,10,2024,2,AMD
2024-10-03 00:00:00-04:00,159.7100067138672,166.7899932861328,159.39999389648438,162.85000610351562,29598800,0.0,0.0,0.01921396512500495,0.02449024844866594,31836800.0,154.37750167846679,0,3,10,2024,3,AMD
2024-10-04 00:00:00-04:00,166.52999877929688,171.2100067138672,164.4199981689453,170.89999389648438,44556500,0.0,0.0,0.04943191581983597,0.023786530440605885,32064950.0,156.20500106811522,0,4,10,2024,4,AMD
2024-10-07 00:00:00-04:00,171.0800018310547,172.41000366210938,168.2100067138672,170.97000122070312,38379900,0.0,0.0,0.000409639126500716,0.02362094687103569,32624220.0,157.84600143432618,0,7,10,2024,0,AMD
2024-10-08 00:00:00-04:00,171.75,173.60000610351562,170.0,172.8000030517578,34730200,0.0,0.0,0.010703642849556827,0.022994611294050275,32499855.0,159.34400177001953,0,8,10,2024,1,AMD
2024-10-09 00:00:00-04:00,174.0500030517578,174.0500030517578,169.5500030517578,171.02000427246094,33890700,0.0,0.0,-0.010300918679750914,0.02143168295718758,31647620.0,160.402001953125,0,9,10,2024,2,AMD
2024-10-10 00:00:00-04:00,169.75999450683594,172.00999450683594,162.0,164.17999267578125,75113600,0.0,0.0,-0.03999538899427524,0.02385690820535516,33938990.0,161.072501373291,0,10,10,2024,3,AMD
2024-10-11 00:00:00-04:00,164.19000244140625,169.35000610351562,163.00999450683594,167.88999938964844,42136200,0.0,0.0,0.02259719137150662,0.02417063080579101,34789940.0,161.85150146484375,0,11,10,2024,4,AMD
2024-10-14 00:00:00-04:00,167.77000427246094,168.89999389648438,165.14999389648438,165.27000427246094,31757200,0.0,0.0,-0.015605426926632249,0.024577302806040806,34993910.0,162.51100158691406,0,14,10,2024,0,AMD
2024-10-15 00:00:00-04:00,163.2100067138672,164.1300048828125,155.74000549316406,156.63999938964844,50768000,0.0,0.0,-0.05221761154301929,0.027558039180876397,36037860.0,162.80200119018554,0,15,10,2024,1,AMD
2024-10-16 00:00:00-04:00,158.07000732421875,158.27999877929688,154.9199981689453,156.1300048828125,30575800,0.0,0.0,-0.0032558382841110234,0.02723056144333004,36250645.0,163.19400177001953,0,16,10,2024,2,AMD
2024-10-17 00:00:00-04:00,160.0,160.44000244140625,156.1999969482422,156.25,29491900,0.0,0.0,0.0007685589792785219,0.024076149062598334,35500240.0,163.16950149536132,0,17,10,2024,3,AMD
2024-10-18 00:00:00-04:00,157.41000366210938,158.00999450683594,155.55999755859375,155.97000122070312,23823000,0.0,0.0,-0.0017919921875000355,0.024050451089072358,34678980.0,163.17050170898438,0,18,10,2024,4,AMD
2024-10-21 00:00:00-04:00,155.75999450683594,158.0,154.14999389648438,157.89999389648438,25781200,0.0,0.0,0.012374127464743978,0.024181497038678088,34881615.0,163.2280014038086,0,21,10,2024,0,AMD
2024-10-22 00:00:00-04:00,156.60000610351562,156.74000549316406,151.91000366210938,154.08999633789062,34997400,0.0,0.0,-0.02412918116444951,0.02468513105744589,35254925.0,163.0165008544922,0,22,10,2024,1,AMD
2024-10-23 00:00:00-04:00,153.0,153.4499969482422,150.52000427246094,152.91000366210938,26095900,0.0,0.0,-0.007657814938185514,0.024035204413178312,34798055.0,162.5610008239746,0,23,10,2024,2,AMD
2024-10-24 00:00:00-04:00,154.74000549316406,155.19000244140625,152.35000610351562,153.44000244140625,22877000,0.0,0.0,0.003466083098578876,0.02252954700831506,34039660.0,161.8585006713867,0,24,10,2024,3,AMD
2024-10-25 00:00:00-04:00,155.39999389648438,158.91000366210938,155.0500030517578,156.22999572753906,29758500,0.0,0.0,0.018182959083295147,0.022780378391639874,34133785.0,161.4525001525879,0,25,10,2024,4,AMD
2024-10-28 00:00:00-04:00,158.5,160.27999877929688,157.0399932861328,159.9199981689453,36010100,0.0,0.0,0.023619039507890127,0.023506484501046275,34840210.0,161.24449996948243,0,28,10,2024,0,AMD
2024-10-29 00:00:00-04:00,161.10000610351562,167.50999450683594,158.94000244140625,166.25,71896000,0.0,0.0,0.039582303048599554,0.024371883039623062,36843415.0,161.56949996948242,0,29,10,2024,1,AMD
2024-10-30 00:00:00-04:00,153.00999450683594,153.1199951171875,148.10000610351562,148.60000610351562,87701700,0.0,0.0,-0.10616537682095861,0.034394061006823094,39996980.0,161.01050033569337,0,30,10,2024,2,AMD
2024-10-31 00:00:00-04:00,147.8000030517578,148.67999267578125,143.3300018310547,144.07000732421875,44386600,0.0,0.0,-0.030484512740472258,0.03449690381057407,40736370.0,160.0715003967285,0,31,10,2024,3,AMD
2024-11-01 00:00:00-04:00,144.44000244140625,144.5399932861328,141.32000732421875,141.86000061035156,39027400,0.0,0.0,-0.015339811213403554,0.03201742415434998,40459915.0,158.61950073242187,0,1,11,2024,4,AMD
2024-11-04 00:00:00-05:00,141.6999969482422,143.63999938964844,139.72000122070312,140.7100067138672,29117400,0.0,0.0,-0.008106540896211323,0.03194557679309073,39996790.0,157.10650100708008,0,4,11,2024,0,AMD
2024-11-05 00:00:00-05:00,141.94000244140625,143.0800018310547,140.8000030517578,141.66000366210938,27067300,0.0,0.0,0.006751452653783074,0.031828063371164075,39613645.0,155.54950103759765,0,5,11,2024,1,AMD
2024-11-06 00:00:00-05:00,144.9499969482422,145.6300048828125,141.52000427246094,145.10000610351562,32911500,0.0,0.0,0.02428351230041903,0.032703164579711175,39564685.0,154.25350112915038,0,6,11,2024,2,AMD
2024-11-07 00:00:00-05:00,146.67999267578125,150.1199951171875,145.66000366210938,149.82000732421875,30326400,0.0,0.0,0.03252929718924924,0.03294852762175129,37325325.0,153.53550186157227,0,7,11,2024,3,AMD
2024-11-08 00:00:00-05:00,149.38999938964844,150.7100067138672,147.52999877929688,147.9499969482422,27560300,0.0,0.0,-0.012481713286328633,0.032385346834447014,36596530.0,152.53850173950195,0,8,11,2024,4,AMD
2024-11-11 00:00:00-05:00,147.3800048828125,148.57000732421875,144.91000366210938,147.35000610351562,29868100,0.0,0.0,-0.004055362332561985,0.03230386885414095,36502075.0,151.6425018310547,0,11,11,2024,0,AMD
2024-11-12 00:00:00-05:00,147.0,147.4499969482422,141.5500030517578,143.6300048828125,33560300,0.0,0.0,-0.02524602013310928,0.03076431552230559,35641690.0,150.99200210571288,0,12,11,2024,1,AMD
2024-11-13 00:00:00-05:00,142.86000061035156,144.49000549316406,139.07000732421875,139.3000030517578,35146600,0.0,0.0,-0.030146916966183546,0.031319252238770044,35870230.0,150.15050201416017,0,13,11,2024,2,AMD
2024-11-14 00:00:00-05:00,140.33999633789062,141.39999389648438,138.55999755859375,138.83999633789062,31681400,0.0,0.0,-0.003302273537612699,0.031291620904334266,35979705.0,149.28000183105468,0,14,11,2024,3,AMD
2024-11-15 00:00:00-05:00,136.57000732421875,137.35000610351562,133.64999389648438,134.89999389648438,44217500,0.0,0.0,-0.02837800738497276,0.031692153970973934,36999430.0,148.22650146484375,0,15,11,2024,4,AMD
2024-11-18 00:00:00-05:00,138.19000244140625,140.89999389648438,137.2100067138672,138.92999267578125,38782400,0.0,0.0,0.029873973029155954,0.032479316569748236,37649490.0,147.2780014038086,0,18,11,2024,0,AMD
2024-11-19 00:00:00-05:00,137.41000366210938,139.75,137.13999938964844,139.38999938964844,23131400,0.0,0.0,0.0033110684381931765,0.03224570532005973,37056190.0,146.5430015563965,0,19,11,2024,1,AMD
2024-11-20 00:00:00-05:00,138.9600067138672,140.77000427246094,135.47999572753906,137.60000610351562,28843100,0.0,0.0,-0.012841619154679074,0.032293321729738526,37193550.0,145.7775016784668,0,20,11,2024,2,AMD
2024-11-21 00:00:00-05:00,138.8699951171875,140.27999877929688,134.92999267578125,137.49000549316406,29311400,0.0,0.0,-0.0007994230048856688,0.032250278848465944,37515270.0,144.9800018310547,0,21,11,2024,3,AMD
2024-11-22 00:00:00-05:00,137.35000610351562,139.1300048828125,137.0399932861328,138.35000610351562,21784700,0.0,0.0,0.006255004552998766,0.03190823893877058,37116580.0,144.08600234985352,0,22,11,2024,4,AMD
2024-11-25 00:00:00-05:00,140.49000549316406,142.35000610351562,139.0500030517578,141.1300048828125,30923100,0.0,0.0,0.02009395487280896,0.03174792719760196,36862230.0,143.14650268554686,0,25,11,2024,0,AMD
2024-11-26 00:00:00-05:00,142.5500030517578,142.8000030517578,136.6199951171875,137.72000122070312,32092400,0.0,0.0,-0.02416214514369841,0.03011699207251286,34872050.0,141.72000274658203,0,26,11,2024,1,AMD
2024-11-27 00:00:00-05:00,137.1999969482422,137.94000244140625,132.9600067138672,136.24000549316406,30175300,0.0,0.0,-0.010746410938286988,0.019635057095721057,31995730.0,141.10200271606445,0,27,11,2024,2,AMD
2024-11-29 00:00:00-05:00,136.24000549316406,138.58999633789062,135.77999877929688,137.17999267578125,16085700,0.0,0.0,0.006899494603032297,0.018755844540008736,30580685.0,140.75750198364258,0,29,11,2024,4,AMD
2024-12-02 00:00:00-05:00,137.9199981689453,142.82000732421875,137.8000030517578,142.05999755859375,33102400,0.0,0.0,0.035573736283440294,0.020283040370235463,30284435.0,140.7675018310547,0,2,12,2024,0,AMD
2024-12-03 00:00:00-05:00,142.5800018310547,143.4499969482422,141.0800018310547,141.97999572753906,22665300,0.0,0.0,-0.0005631552332083789,0.02018908902755099,29961830.0,140.83100128173828,0,3,12,2024,1,AMD
2024-12-04 00:00:00-05:00,142.9600067138672,144.1199951171875,141.17999267578125,143.99000549316406,25942700,0.0,0.0,0.014156992718060257,0.02037409120921428,29905600.0,140.947501373291,0,4,12,2024,2,AMD
2024-12-05 00:00:00-05:00,143.67999267578125,143.9499969482422,140.3800048828125,141.36000061035156,29576900,0.0,0.0,-0.018265190516555396,0.02003491026294932,29738870.0,140.7605010986328,0,5,12,2024,3,AMD
2024-12-06 00:00:00-05:00,141.47999572753906,142.7899932861328,137.39999389648438,138.58999633789062,33576800,0.0,0.0,-0.019595389505523864,0.018778934745557925,29901390.0,140.1990005493164,0,6,12,2024,4,AMD
2024-12-09 00:00:00-05:00,135.7100067138672,135.77000427246094,130.0,130.8699951171875,57055600,0.0,0.0,-0.055703885018376864,0.022043479076812263,31376155.0,139.34500045776366,0,9,12,2024,0,AMD
2024-12-10 00:00:00-05:00,131.55999755859375,131.55999755859375,127.06999969482422,127.73999786376953,38907200,0.0,0.0,-0.023916843968819657,0.022401334979748944,31828110.0,138.36450004577637,0,10,12,2024,1,AMD
2024-12-11 00:00:00-05:00,128.52000427246094,131.2100067138672,126.22000122070312,130.14999389648438,45588100,0.0,0.0,0.018866416729433677,0.022667413022628573,32429500.0,137.69049949645995,0,11,12,2024,2,AMD
2024-12-12 00:00:00-05:00,130.0,132.32000732421875,129.07000732421875,130.60000610351562,34267100,0.0,0.0,0.003457642936112393,0.02191239865916565,32385525.0,137.25549964904786,0,12,12,2024,3,AMD
2024-12-13 00:00:00-05:00,131.3000030517578,131.3000030517578,124.7699966430664,126.91000366210938,67544700,0.0,0.0,-0.02825422870563643,0.02262974242692725,34178690.0,136.65900001525878,0,13,12,2024,4,AMD
2024-12-16 00:00:00-05:00,126.01000213623047,127.76000213623047,123.12000274658203,126.69000244140625,42090300,0.0,0.0,-0.0017335215062231901,0.021906472306019973,34072330.0,136.24850044250488,0,16,12,2024,0,AMD
2024-12-17 00:00:00-05:00,124.44999694824219,127.08000183105469,123.1500015258789,125.0199966430664,43314900,0.0,0.0,-0.01318182781717303,0.020591857013758763,34298955.0,135.55300064086913,0,17,12,2024,1,AMD
2024-12-18 00:00:00-05:00,125.43000030517578,127.75,120.43000030517578,121.41000366210938,49724400,0.0,0.0,-0.028875324571185246,0.021153482634215532,35628605.0,134.65400085449218,0,18,12,2024,2,AMD
2024-12-19 00:00:00-05:00,122.16000366210938,123.37999725341797,118.44999694824219,118.87999725341797,46160700,0.0,0.0,-0.020838533336450138,0.021351000282143415,36494485.0,133.7180004119873,0,19,12,2024,3,AMD
2024-12-20 00:00:00-05:00,118.0,121.86000061035156,117.9000015258789,119.20999908447266,53591200,0.0,0.0,0.0027759239458191587,0.021421088834622053,37708475.0,132.80400009155272,0,20,12,2024,4,AMD
2024-12-23 00:00:00-05:00,120.70999908447266,126.33999633789062,120.47000122070312,124.5999984741211,47777900,0.0,0.0,0.04521432288435023,0.02426217479287401,39008135.0,132.11649971008302,0,23,12,2024,0,AMD
2024-12-24 00:00:00-05:00,127.51000213623047,127.51000213623047,124.66000366210938,126.29000091552734,24829600,0.0,0.0,0.013563422649296886,0.023949460024002812,38703460.0,131.37449951171874,0,24,12,2024,1,AMD
2024-12-26 00:00:00-05:00,125.5199966430664,127.30000305175781,125.05000305175781,125.05999755859375,24998200,0.0,0.0,-0.009739514989443365,0.02356459851437039,38348750.0,130.7414993286133,0,26,12,2024,3,AMD
2024-12-27 00:00:00-05:00,124.37000274658203,126.18000030517578,122.26000213623047,125.19000244140625,32924000,0.0,0.0,0.0010395401035538931,0.023548725343178558,38486185.0,130.1889991760254,0,27,12,2024,4,AMD
2024-12-30 00:00:00-05:00,123.55999755859375,124.0999984741211,122.3499984741211,122.44000244140625,30501600,0.0,0.0,-0.021966610323273295,0.02373226183598711,39206980.0,129.45199966430664,0,30,12,2024,0,AMD
2024-12-31 00:00:00-05:00,123.0999984741211,123.55000305175781,120.13999938964844,120.79000091552734,30203400,0.0,0.0,-0.013476000432689594,0.021724754502354705,39062030.0,128.38849983215331,0,31,12,2024,1,AMD
2025-01-02 00:00:00-05:00,122.29000091552734,123.13999938964844,119.44000244140625,120.62999725341797,34256200,0.0,0.0,-0.0013246432725939616,0.0217119717918895,39641575.0,127.32099990844726,0,2,1,2025,3,AMD
2025-01-03 00:00:00-05:00,121.6500015258789,125.55999755859375,121.41999816894531,125.37000274658203,36785300,0.0,0.0,0.039293754464789776,0.023692572357156917,40183705.0,126.38999977111817,0,3,1,2025,4,AMD
2025-01-06 00:00:00-05:00,129.07000732421875,130.72999572753906,127.36000061035156,129.5500030517578,48020200,0.0,0.0,0.033341311426985154,0.02512589397079469,41105870.0,125.79949989318848,0,6,1,2025,0,AMD
2025-01-07 00:00:00-05:00,130.50999450683594,131.7100067138672,126.8499984741211,127.33000183105469,39220400,0.0,0.0,-0.017136249852623964,0.02505173816557563,41388050.0,125.23650016784669,0,7,1,2025,1,AMD
2025-01-08 00:00:00-05:00,124.51000213623047,125.30000305175781,120.12000274658203,121.83999633789062,46723100,0.0,0.0,-0.04311635446647022,0.023809892396967524,40871425.0,124.78500022888184,0,8,1,2025,2,AMD
2025-01-10 00:00:00-05:00,118.18000030517578,118.70999908447266,114.44999694824219,116.04000091552734,59415600,0.0,0.0,-0.04760337817376936,0.02542374944017753,41896845.0,124.20000038146972,0,10,1,2025,4,AMD
2025-01-13 00:00:00-05:00,115.27999877929688,117.4800033569336,114.41000366210938,117.31999969482422,39128900,0.0,0.0,0.01103066846947609,0.02510331897826124,41573885.0,123.55850067138672,0,13,1,2025,0,AMD
2025-01-14 00:00:00-05:00,118.0,118.66000366210938,114.5,116.08999633789062,37005300,0.0,0.0,-0.010484174566426141,0.025053233607286333,41710795.0,122.83300018310547,0,14,1,2025,1,AMD
2025-01-15 00:00:00-05:00,117.55000305175781,120.41999816894531,117.45999908447266,119.95999908447266,38185800,0.0,0.0,0.03333622937947234,0.025889966419453885,40242850.0,122.48549995422363,0,15,1,2025,2,AMD
2025-01-16 00:00:00-05:00,120.23999786376953,121.08999633789062,118.25,118.44000244140625,29414100,0.0,0.0,-0.012670862409694283,0.02598838277152343,39609040.0,122.07299995422363,0,16,1,2025,3,AMD
2025-01-17 00:00:00-05:00,120.77999877929688,122.73999786376953,120.55000305175781,121.45999908447266,35765900,0.0,0.0,0.025498113650921583,0.0266254289769385,39231590.0,121.89500007629394,0,17,1,2025,4,AMD
2025-01-21 00:00:00-05:00,122.38999938964844,123.75,121.12000274658203,122.27999877929688,31578800,0.0,0.0,0.0067511913469875395,0.025850337411042992,38324310.0,121.93849983215333,0,21,1,2025,1,AMD
2025-01-22 00:00:00-05:00,123.08000183105469,125.6500015258789,121.91000366210938,123.75,35023800,0.0,0.0,0.012021599896777202,0.025452248017486207,37767465.0,122.18199996948242,0,22,1,2025,2,AMD
2025-01-23 00:00:00-05:00,121.43000030517578,123.70999908447266,120.62999725341797,123.04000091552734,24921100,0.0,0.0,-0.005737366339172989,0.025515286554680498,36333960.0,122.37350006103516,0,23,1,2025,3,AMD
2025-01-24 00:00:00-05:00,124.55000305175781,125.25,122.2300033569336,122.83999633789062,31570300,0.0,0.0,-0.0016255248386581878,0.023390725155861526,35523580.0,122.28549995422364,0,24,1,2025,4,AMD
2025-01-27 00:00:00-05:00,117.80000305175781,118.08000183105469,112.80000305175781,115.01000213623047,61067900,0.0,0.0,-0.0637414069935539,0.027053534951506256,37335495.0,121.72150001525878,0,27,1,2025,0,AMD
2025-01-28 00:00:00-05:00,115.18000030517578,116.1500015258789,112.94999694824219,114.16999816894531,40554800,0.0,0.0,-0.007303747080103173,0.0270333072040325,38113325.0,121.17700004577637,0,28,1,2025,1,AMD
2025-01-29 00:00:00-05:00,115.7699966430664,118.5199966430664,114.95999908447266,117.3499984741211,40199100,0.0,0.0,0.027853204486086636,0.027955662907489298,38477080.0,120.78499984741211,0,29,1,2025,2,AMD
2025-01-30 00:00:00-05:00,118.52999877929688,120.44000244140625,117.08999633789062,118.86000061035156,29788400,0.0,0.0,0.012867508784531134,0.027786779365963445,38441420.0,120.60599975585937,0,30,1,2025,3,AMD
2025-01-31 00:00:00-05:00,119.13999938964844,119.56999969482422,115.33000183105469,115.94999694824219,40533600,0.0,0.0,-0.024482615237812366,0.02815116355877782,38957930.0,120.36399955749512,0,31,1,2025,4,AMD
2025-02-03 00:00:00-05:00,113.87999725341797,115.16000366210938,112.9800033569336,114.2699966430664,34586100,0.0,0.0,-0.014489006894288226,0.028296396472229493,38974425.0,120.04599952697754,0,3,2,2025,0,AMD
2025-02-04 00:00:00-05:00,115.44999694824219,119.8499984741211,114.79000091552734,119.5,69412100,0.0,0.0,0.04576882393083492,0.028829596669647756,40605765.0,119.75249938964843,0,4,2,2025,1,AMD
2025-02-05 00:00:00-05:00,107.61000061035156,112.08999633789062,106.5,112.01000213623047,110385200,0.0,0.0,-0.06267780639137688,0.030577184642659478,43724015.0,118.87549934387206,0,5,2,2025,2,AMD
2025-02-06 00:00:00-05:00,110.93000030517578,112.55999755859375,109.0199966430664,110.16000366210938,50426600,0.0,0.0,-0.016516368528152192,0.03056646518884242,44284325.0,118.01699943542481,0,6,2,2025,3,AMD
2025-02-07 00:00:00-05:00,109.12999725341797,109.91999816894531,106.79000091552734,107.55999755859375,46082500,0.0,0.0,-0.023602088027253054,0.029642550170257697,44252295.0,117.30299949645996,0,7,2,2025,4,AMD
2025-02-10 00:00:00-05:00,108.44000244140625,111.4000015258789,108.1500015258789,110.4800033569336,34905400,0.0,0.0,0.027147693051491117,0.02879339662532286,43026785.0,117.02499961853027,0,10,2,2025,0,AMD
2025-02-11 00:00:00-05:00,108.9800033569336,113.06999969482422,108.94000244140625,111.0999984741211,35033800,0.0,0.0,0.005611831085707397,0.028689109765310767,42822030.0,116.71399955749511,0,11,2,2025,1,AMD
2025-02-12 00:00:00-05:00,109.5199966430664,111.83999633789062,109.05999755859375,111.72000122070312,25319700,0.0,0.0,0.005580582854161298,0.02867349511844501,42237750.0,116.49549980163575,0,12,2,2025,2,AMD
2025-02-13 00:00:00-05:00,112.0,114.5999984741211,110.4000015258789,111.80999755859375,40911800,0.0,0.0,0.0008055526038961425,0.027490403845820202,42374050.0,116.0879997253418,0,13,2,2025,3,AMD
2025-02-14 00:00:00-05:00,112.6500015258789,114.62999725341797,111.69999694824219,113.0999984741211,32477200,0.0,0.0,0.011537438008182743,0.027581794258066682,42527205.0,115.82099952697754,0,14,2,2025,4,AMD
2025-02-18 00:00:00-05:00,114.05000305175781,115.55000305175781,113.44999694824219,114.27999877929688,31720300,0.0,0.0,0.010433247755045505,0.026992546376696326,42324925.0,115.46199951171874,0,18,2,2025,1,AMD
2025-02-19 00:00:00-05:00,114.25,116.11000061035156,113.13999938964844,114.69000244140625,28807700,0.0,0.0,0.0035877114673512622,0.026943535200514235,42186370.0,115.08249969482422,0,19,2,2025,2,AMD
2025-02-20 00:00:00-05:00,115.01000213623047,116.55000305175781,113.11000061035156,114.16999816894531,27219600,0.0,0.0,-0.004533998268302475,0.02671601103941157,41796160.0,114.60349960327149,0,20,2,2025,3,AMD
2025-02-21 00:00:00-05:00,114.8499984741211,115.76000213623047,110.43000030517578,110.83999633789062,41353700,0.0,0.0,-0.02916704812526183,0.02731807292964064,42617790.0,113.99349937438964,0,21,2,2025,4,AMD
2025-02-24 00:00:00-05:00,111.48999786376953,111.5999984741211,107.9800033569336,108.11000061035156,29072200,0.0,0.0,-0.02463005970531429,0.027657474806442404,42492885.0,113.25699958801269,0,24,2,2025,0,AMD
2025-02-25 00:00:00-05:00,107.88999938964844,108.63999938964844,103.62000274658203,103.95999908447266,39169200,0.0,0.0,-0.038386842127920096,0.025356771885838663,41397950.0,112.70449943542481,0,25,2,2025,1,AMD
2025-02-26 00:00:00-05:00,104.94999694824219,105.80000305175781,103.98999786376953,104.73999786376953,29178200,0.0,0.0,0.007502874049307051,0.025493449125631604,40829120.0,112.23299942016601,0,26,2,2025,2,AMD
2025-02-27 00:00:00-05:00,105.08000183105469,105.76000213623047,99.5,99.51000213623047,47263700,0.0,0.0,-0.04993312807148875,0.02630062177621769,41182350.0,111.34099960327148,0,27,2,2025,3,AMD
2025-02-28 00:00:00-05:00,99.55999755859375,101.80000305175781,98.69000244140625,99.86000061035156,45194600,0.0,0.0,0.003517219039367969,0.02599374440830584,41952660.0,110.39099960327148,0,28,2,2025,4,AMD
2025-03-03 00:00:00-05:00,101.5199966430664,102.33999633789062,97.08999633789062,98.2300033569336,38958000,0.0,0.0,-0.016322824388697255,0.025790385164041762,41873880.0,109.50499992370605,0,3,3,2025,0,AMD
2025-03-04 00:00:00-05:00,96.0,103.18000030517578,95.88999938964844,100.75,54156900,0.0,0.0,0.025654042114908737,0.026796206162724746,42852420.0,108.82900009155273,0,4,3,2025,1,AMD
2025-03-05 00:00:00-05:00,100.36000061035156,101.83999633789062,98.87000274658203,101.66999816894531,27855500,0.0,0.0,0.009131495473402529,0.02420262858814363,40774590.0,107.9375,0,5,3,2025,2,AMD
2025-03-06 00:00:00-05:00,99.05000305175781,101.08000183105469,98.2699966430664,98.8499984741211,28985000,0.0,0.0,-0.027736793012804184,0.02109109536486473,36704580.0,107.27949981689453,0,6,3,2025,3,AMD
2025-03-07 00:00:00-05:00,98.87999725341797,100.6500015258789,96.38999938964844,100.30999755859375,33254400,0.0,0.0,0.014769844279308497,0.021428832417596376,35845970.0,106.78699951171875,0,7,3,2025,4,AMD
2025-03-10 00:00:00-04:00,98.56999969482422,101.29000091552734,95.83000183105469,96.62999725341797,38733200,0.0,0.0,-0.036686276490298986,0.022229039871731,35478505.0,106.24049949645996,0,10,3,2025,0,AMD
2025-03-11 00:00:00-04:00,96.79000091552734,98.16000366210938,94.7300033569336,96.76000213623047,34078300,0.0,0.0,0.0013453884560459262,0.020971801142045006,35437150.0,105.5544994354248,0,11,3,2025,1,AMD
2025-03-12 00:00:00-04:00,99.05000305175781,101.72000122070312,98.16999816894531,100.79000091552734,34241300,0.0,0.0,0.041649428382845244,0.023458531445145623,35397525.0,105.03899955749512,0,12,3,2025,2,AMD
2025-03-13 00:00:00-04:00,99.72000122070312,100.06999969482422,97.2699966430664,98.11000061035156,28575200,0.0,0.0,-0.026589942264430566,0.02382424302256751,35560300.0,104.35849952697754,0,13,3,2025,3,AMD
2025-03-14 00:00:00-04:00,99.63999938964844,101.22000122070312,99.58000183105469,100.97000122070312,24715300,0.0,0.0,0.029150959051668757,0.025073455547980954,34750475.0,103.81649971008301,0,14,3,2025,4,AMD
2025-03-17 00:00:00-04:00,102.5999984741211,106.1500015258789,102.5999984741211,104.58999633789062,43689500,0.0,0.0,0.03585218454414796,0.026457812887045667,35311090.0,103.39099960327148,0,17,3,2025,0,AMD
2025-03-18 00:00:00-04:00,103.8499984741211,104.55000305175781,102.97000122070312,103.51000213623047,27152800,0.0,0.0,-0.010325979916579242,0.026286200066919604,35082715.0,102.85249977111816,0,18,3,2025,1,AMD
2025-03-19 00:00:00-04:00,104.41999816894531,107.9000015258789,101.95999908447266,106.2300033569336,32287500,0.0,0.0,0.026277665583692267,0.027134476212310233,35256705.0,102.42949981689453,0,19,3,2025,2,AMD
2025-03-20 00:00:00-04:00,105.12000274658203,108.26000213623047,105.12000274658203,107.13999938964844,26871800,0.0,0.0,0.008566280748925958,0.02726532039818801,35239315.0,102.07799987792968,0,20,3,2025,3,AMD
2025-03-21 00:00:00-04:00,105.33000183105469,107.25,104.33000183105469,106.44000244140625,30767900,0.0,0.0,-0.006533479113588814,0.026575095366052365,34710025.0,101.85800018310547,0,21,3,2025,4,AMD
2025-03-24 00:00:00-04:00,109.7300033569336,114.8499984741211,109.4000015258789,113.8499984741211,53342000,0.0,0.0,0.06961664658730116,0.030376643119036973,35923515.0,102.14500007629394,0,24,3,2025,0,AMD
2025-03-25 00:00:00-04:00,113.2699966430664,114.94999694824219,112.70999908447266,114.80999755859375,29077500,0.0,0.0,0.008432139634071856,0.028779265460318004,35418930.0,102.6875,0,25,3,2025,1,AMD
2025-03-26 00:00:00-04:00,114.11000061035156,115.9000015258789,108.68000030517578,110.19000244140625,39824000,0.0,0.0,-0.04024035550414207,0.030520194902114883,35951220.0,102.96000022888184,0,26,3,2025,2,AMD
2025-03-27 00:00:00-04:00,106.11000061035156,107.62000274658203,105.55000305175781,106.6500015258789,32773700,0.0,0.0,-0.03212633484974958,0.029123127847863882,35226720.0,103.31700019836425,0,27,3,2025,3,AMD
2025-03-28 00:00:00-04:00,105.52999877929688,106.51000213623047,102.4800033569336,103.22000122070312,31069100,0.0,0.0,-0.0321612776005773,0.030218032574007844,34520445.0,103.48500022888183,0,28,3,2025,4,AMD
2025-03-31 00:00:00-04:00,100.23999786376953,102.81999969482422,98.80000305175781,102.73999786376953,30865300,0.0,0.0,-0.004650294044341807,0.02995535056511057,34115810.0,103.71049995422364,0,31,3,2025,0,AMD
2025-04-01 00:00:00-04:00,102.16000366210938,102.83000183105469,100.93000030517578,102.77999877929688,23523200,0.0,0.0,0.00038934121431832835,0.029463756246513362,32584125.0,103.81199989318847,0,1,4,2025,1,AMD
2025-04-02 00:00:00-04:00,101.5199966430664,104.19000244140625,100.76000213623047,102.95999908447266,20794000,0.0,0.0,0.0017513164751277177,0.02940807817352879,32231050.0,103.87649993896484,0,2,4,2025,2,AMD
2025-04-03 00:00:00-04:00,97.79000091552734,99.44999694824219,93.63999938964844,93.80000305175781,50472500,0.0,0.0,-0.08896655122538999,0.035181622100783794,33305425.0,103.62400016784667,0,3,4,2025,3,AMD
2025-04-04 00:00:00-04:00,90.0999984741211,91.08000183105469,83.66999816894531,85.76000213623047,65847000,0.0,0.0,-0.08571429268601372,0.03955966180997933,34935055.0,102.89650039672851,0,4,4,2025,4,AMD
2025-04-07 00:00:00-04:00,80.68000030517578,89.0,77.75,83.63999938964844,70515400,0.0,0.0,-0.024720180664342672,0.03917645189565025,36524165.0,102.24700050354004,0,7,4,2025,0,AMD
2025-04-08 00:00:00-04:00,86.1500015258789,88.93000030517578,76.4800033569336,78.20999908447266,69910200,0.0,0.0,-0.06492109450980954,0.04123083248375869,38315760.0,101.31950035095215,0,8,4,2025,1,AMD
2025-04-09 00:00:00-04:00,79.22000122070312,97.91000366210938,78.87000274658203,96.83999633789062,97827400,0.0,0.0,0.23820480081192907,0.06852307187776965,41495065.0,101.12200012207032,0,9,4,2025,2,AMD
2025-04-10 00:00:00-04:00,91.0,92.94999694824219,85.05999755859375,88.69999694824219,65210600,0.0,0.0,-0.08405617201023685,0.07086441276017441,43326835.0,100.65149993896485,0,10,4,2025,3,AMD
2025-04-11 00:00:00-04:00,90.51000213623047,94.76000213623047,90.5,93.4000015258789,57892600,0.0,0.0,0.05298765207826617,0.07162656822485881,44985700.0,100.27299995422364,0,11,4,2025,4,AMD
2025-04-14 00:00:00-04:00,97.11000061035156,97.37000274658203,93.44999694824219,94.5,36003000,0.0,0.0,0.011777285397755799,0.07116453586865772,44601375.0,99.7685001373291,0,14,4,2025,0,AMD
2025-04-15 00:00:00-04:00,94.66000366210938,96.8499984741211,94.62000274658203,95.29000091552734,28116500,0.0,0.0,0.008359798047908429,0.07118347178487046,44649560.0,99.35750007629395,0,15,4,2025,1,AMD
2025-04-16 00:00:00-04:00,87.61000061035156,90.47000122070312,85.30000305175781,88.29000091552734,62109000,0.0,0.0,-0.07345996361365725,0.0725863681765266,46140635.0,98.46049995422364,0,16,4,2025,2,AMD
2025-04-17 00:00:00-04:00,88.83999633789062,89.02999877929688,86.5199966430664,87.5,34693400,0.0,0.0,-0.008947795982958362,0.0724958888154263,46531715.0,97.4784999847412,0,17,4,2025,3,AMD
2025-04-21 00:00:00-04:00,86.0199966430664,86.13999938964844,83.75,85.55999755859375,33855400,0.0,0.0,-0.02217145647321428,0.07256638641490126,46686090.0,96.43449974060059,0,21,4,2025,0,AMD
2025-04-22 00:00:00-04:00,86.12000274658203,87.16999816894531,85.16999816894531,86.26000213623047,35236700,0.0,0.0,0.00818144690989886,0.07035073226079784,45780825.0,95.05499992370605,0,22,4,2025,1,AMD
2025-04-23 00:00:00-04:00,91.87999725341797,93.73999786376953,90.12000274658203,90.38999938964844,41102600,0.0,0.0,0.04787847381333776,0.07148577028213172,46382080.0,93.8340000152588,0,23,4,2025,2,AMD
2025-04-24 00:00:00-04:00,91.58999633789062,94.75,90.37000274658203,94.47000122070312,33681900,0.0,0.0,0.04513775703733369,0.0721081724771352,46074975.0,93.04799995422363,0,24,4,2025,3,AMD
2025-04-25 00:00:00-04:00,93.27999877929688,97.0999984741211,92.8499984741211,96.6500015258789,28575300,0.0,0.0,0.023076111749832817,0.07208625846288141,45865055.0,92.54799995422363,0,25,4,2025,4,AMD
2025-04-28 00:00:00-04:00,95.58000183105469,97.48999786376953,94.2699966430664,96.38999938964844,30456700,0.0,0.0,-0.0026901410463077147,0.07175063912443623,45834435.0,92.2064998626709,0,28,4,2025,0,AMD
2025-04-29 00:00:00-04:00,95.76000213623047,97.18000030517578,95.33000183105469,96.05999755859375,20700600,0.0,0.0,-0.0034236106768782415,0.07174799369096767,45326200.0,91.87249984741212,0,29,4,2025,1,AMD
2025-04-30 00:00:00-04:00,92.80999755859375,97.55000305175781,91.87000274658203,97.3499984741211,29730700,0.0,0.0,0.013429116680337971,0.07182112849371987,45636575.0,91.60099983215332,0,30,4,2025,2,AMD
2025-05-01 00:00:00-04:00,99.2699966430664,100.0999984741211,96.44999694824219,96.6500015258789,29591500,0.0,0.0,-0.0071905183278279106,0.07183476784024265,46076450.0,91.28549995422364,0,1,5,2025,3,AMD
2025-05-02 00:00:00-04:00,98.4000015258789,99.87999725341797,98.30000305175781,98.80000305175781,29957900,0.0,0.0,0.022245230128663973,0.06890017724129376,45050720.0,91.53549995422364,0,2,5,2025,4,AMD
2025-05-05 00:00:00-04:00,99.0,102.05000305175781,98.76000213623047,100.58999633789062,41268900,0.0,0.0,0.018117340393148496,0.06555988287649916,43821815.0,92.27699966430664,0,5,5,2025,0,AMD
2025-05-06 00:00:00-04:00,98.41000366210938,100.06999969482422,97.44000244140625,98.62000274658203,54264300,0.0,0.0,-0.019584388736740954,0.06542710509841117,43009260.0,93.02599983215332,0,6,5,2025,1,AMD
2025-05-07 00:00:00-04:00,100.75,103.41999816894531,96.87999725341797,100.36000061035156,86474400,0.0,0.0,0.01764345787173327,0.06300103042030974,43837470.0,94.13349990844726,0,7,5,2025,2,AMD
2025-05-08 00:00:00-04:00,101.91999816894531,105.44000244140625,101.55999755859375,101.69999694824219,54231400,0.0,0.0,0.01335189647012025,0.0345970383386468,41657670.0,94.37649993896484,0,8,5,2025,3,AMD
2025-05-09 00:00:00-04:00,102.58999633789062,103.54000091552734,101.5999984741211,102.83999633789062,31704300,0.0,0.0,0.011209433862899854,0.02788197408897086,39982355.0,95.08349990844727,0,9,5,2025,4,AMD
2025-05-12 00:00:00-04:00,110.41999816894531,110.66999816894531,106.9800033569336,108.12000274658203,50543400,0.0,0.0,0.0513419544604361,0.027743672196313292,39614895.0,95.81949996948242,0,12,5,2025,0,AMD
2025-05-13 00:00:00-04:00,109.5999984741211,113.12999725341797,109.0,112.45999908447266,55659500,0.0,0.0,0.04014054964522118,0.02867169761403988,40597720.0,96.71749992370606,0,13,5,2025,1,AMD
2025-05-14 00:00:00-04:00,119.83000183105469,122.5199966430664,116.58999633789062,117.72000122070312,86743700,0.0,0.0,0.046772205042252324,0.0298783971445664,43529080.0,97.83899993896485,0,14,5,2025,2,AMD
2025-05-15 00:00:00-04:00,117.0199966430664,117.5,114.01000213623047,114.98999786376953,43843200,0.0,0.0,-0.023190650090253895,0.023913775641666222,42615790.0,99.17399978637695,0,15,5,2025,3,AMD
2025-05-16 00:00:00-04:00,118.06999969482422,118.23999786376953,116.01000213623047,117.16999816894531,42968300,0.0,0.0,0.01895817328180538,0.02333819335803095,43029535.0,100.65749969482422,0,16,5,2025,4,AMD
