Date,Open,High,Low,Close,Volume,Dividends,Stock Splits,Returns,Volatility,Volume_MA,Price_MA,Hour,Day,Month,Year,DayOfWeek,Ticker
2020-05-18 00:00:00-04:00,172.7620791227921,175.740735659392,170.905388063052,171.2727508544922,6398300,0.0,0.0,,,,,0,18,5,2020,0,CRM
2020-05-19 00:00:00-04:00,171.52096534207416,176.93218813613413,171.52096534207416,174.7875518798828,5264000,0.0,0.0,0.020521659212309196,,,,0,19,5,2020,1,CRM
2020-05-20 00:00:00-04:00,177.29958098673498,177.86551787546995,173.65567766442862,175.67123413085938,4951200,0.0,0.0,0.005055750489507682,,,,0,20,5,2020,2,CRM
2020-05-21 00:00:00-04:00,175.67120886281933,177.0215336306072,173.68543803667419,174.01309204101562,4429700,0.0,0.0,-0.00943889361310335,,,,0,21,5,2020,3,CRM
2020-05-22 00:00:00-04:00,175.34357944615655,177.3690591317404,174.20175206952953,176.58468627929688,4965100,0.0,0.0,0.014778165298477086,,,,0,22,5,2020,4,CRM
2020-05-26 00:00:00-04:00,180.7051686855978,180.7051686855978,174.9662914635352,175.26416015625,8353600,0.0,0.0,-0.007478146326676649,,,,0,26,5,2020,1,CRM
2020-05-27 00:00:00-04:00,175.03575969575311,175.35349029440326,170.15076536822312,175.34356689453125,6340200,0.0,0.0,0.00045306888875895623,,,,0,27,5,2020,2,CRM
2020-05-28 00:00:00-04:00,178.71938910921872,183.48524251551063,175.84002723366234,179.8115692138672,10275200,0.0,0.0,0.02548141570556406,,,,0,28,5,2020,3,CRM
2020-05-29 00:00:00-04:00,173.05994356101073,173.7549603724545,169.47562634388973,173.54644775390625,19588900,0.0,0.0,-0.03484270499029585,,,,0,29,5,2020,4,CRM
2020-06-01 00:00:00-04:00,171.86849937753732,176.2570518082854,171.45147410314215,175.1053009033203,5711600,0.0,0.0,0.008982339711294918,,,,0,1,6,2020,0,CRM
2020-06-02 00:00:00-04:00,173.60603203830587,173.65566419206465,170.00185290197993,172.9904327392578,8571800,0.0,0.0,-0.012077693554406799,,,,0,2,6,2020,1,CRM
2020-06-03 00:00:00-04:00,173.58617557585862,174.67834054700046,171.61032795636874,173.7450408935547,6004000,0.0,0.0,0.004362138080978628,,,,0,3,6,2020,2,CRM
2020-06-04 00:00:00-04:00,173.7549922157392,174.18192578164317,168.7905638667181,170.22032165527344,7301600,0.0,0.0,-0.020286732905606675,,,,0,4,6,2020,3,CRM
2020-06-05 00:00:00-04:00,168.89974664125148,172.95072114650372,165.81187224669603,172.64292907714844,8232200,0.0,0.0,0.014232186840659411,,,,0,5,6,2020,4,CRM
2020-06-08 00:00:00-04:00,172.39470634407436,175.31379200486884,171.43160624101688,175.29393005371094,4592600,0.0,0.0,0.015355398513760443,,,,0,8,6,2020,0,CRM
2020-06-09 00:00:00-04:00,174.7478422134895,174.7478422134895,172.2954138976795,173.31808471679688,4025600,0.0,0.0,-0.011271612977749146,,,,0,9,6,2020,1,CRM
2020-06-10 00:00:00-04:00,174.99607228643688,181.20160676467933,174.79749821317924,180.80445861816406,8127200,0.0,0.0,0.04319441859515116,,,,0,10,6,2020,2,CRM
2020-06-11 00:00:00-04:00,175.3832835270056,177.16054179862027,170.7762956911149,170.82594299316406,6521200,0.0,0.0,-0.05518954400385312,,,,0,11,6,2020,3,CRM
2020-06-12 00:00:00-04:00,174.6485697296265,176.42584342503318,170.63731860044444,173.86419677734375,5443800,0.0,0.0,0.017785669617531585,,,,0,12,6,2020,4,CRM
2020-06-15 00:00:00-04:00,170.77630543548972,177.62720930275154,170.05150326495013,177.3392791748047,6000000,0.0,0.0,0.01998733759953608,,7054890.0,174.62224884033202,0,15,6,2020,0,CRM
2020-06-16 00:00:00-04:00,178.72931123656232,181.20160155570662,176.74354026060936,179.1959686279297,5824100,0.0,0.0,0.010469702266551195,0.022369937746009986,7026180.0,175.0184097290039,0,16,6,2020,1,CRM
2020-06-17 00:00:00-04:00,179.6824720676461,181.44980686780116,179.39452681748966,180.10940551757812,5038600,0.0,0.0,0.005097418745758864,0.021978522080343246,7014910.0,175.28450241088868,0,17,6,2020,2,CRM
2020-06-18 00:00:00-04:00,180.61579870871697,187.65535302475445,180.3278534395238,186.32489013671875,8677800,0.0,0.0,0.03450949494436051,0.023167542416987263,7201240.0,175.81718521118165,0,18,6,2020,3,CRM
2020-06-19 00:00:00-04:00,188.15181050697623,189.889360208228,184.17034493133397,185.6199493408203,11841000,0.0,0.0,-0.0037833957416057995,0.02303925011335373,7571805.0,176.39752807617188,0,19,6,2020,4,CRM
2020-06-22 00:00:00-04:00,185.69935799445773,191.13044242766745,185.6695726440198,190.28648376464844,6252200,0.0,0.0,0.02514026342750375,0.02341987348807962,7636160.0,177.08261795043944,0,22,6,2020,0,CRM
2020-06-23 00:00:00-04:00,190.63400567995637,192.7091326265633,187.24826267218955,187.7149200439453,6950800,0.0,0.0,-0.013514169108740814,0.023613743385775588,7566020.0,177.7051559448242,0,23,6,2020,1,CRM
2020-06-24 00:00:00-04:00,186.1759512349697,187.95322473148937,182.7306374011657,184.2299041748047,4903100,0.0,0.0,-0.018565470812467955,0.02412887950838047,7494165.0,178.14947280883788,0,24,6,2020,2,CRM
2020-06-25 00:00:00-04:00,184.81570077249935,187.42699440656992,183.12779850361193,187.0000457763672,4022400,0.0,0.0,0.01503632981828007,0.023720638102411946,7181525.0,178.5088966369629,0,25,6,2020,3,CRM
2020-06-26 00:00:00-04:00,186.6624753659731,186.88091138959,181.7179097818539,181.86683654785156,7595700,0.0,0.0,-0.027450310010375123,0.023163596597167137,6581865.0,178.92491607666017,0,26,6,2020,4,CRM
2020-06-29 00:00:00-04:00,182.0157876580794,182.40301241946338,178.7194003353388,182.0257110595703,3972100,0.0,0.0,0.0008735760446185736,0.023116935898164697,6494890.0,179.27093658447265,0,29,6,2020,0,CRM
2020-06-30 00:00:00-04:00,182.1448376616977,186.5532516020678,181.8271221872888,185.9972381591797,4478900,0.0,0.0,0.02181849518120904,0.02325756132398104,6290245.0,179.92127685546876,0,30,6,2020,1,CRM
2020-07-01 00:00:00-04:00,186.76178115926595,191.44820224618132,186.12633500257732,190.52481079101562,4754600,0.0,0.0,0.02434214979020899,0.02370373510815104,6227775.0,180.7602653503418,0,1,7,2020,2,CRM
2020-07-02 00:00:00-04:00,191.78575521919507,193.999885508247,190.92193458427172,191.1602325439453,4200300,0.0,0.0,0.0033351128931269347,0.022960112681904593,6072710.0,181.8072608947754,0,2,7,2020,3,CRM
2020-07-06 00:00:00-04:00,193.05666071838334,198.03101166244207,192.46092335312446,196.31332397460938,5794200,0.0,0.0,0.026956921751386975,0.02337082199322223,5950810.0,182.99078063964845,0,6,7,2020,0,CRM
2020-07-07 00:00:00-04:00,196.2537719989721,198.79555671957257,194.81409090412612,194.98287963867188,5431500,0.0,0.0,-0.006777147414148921,0.023463542847082398,5992755.0,183.9752281188965,0,7,7,2020,1,CRM
2020-07-08 00:00:00-04:00,196.59133994384996,199.768570690674,195.9459703930157,198.85511779785156,4233700,0.0,0.0,0.0198593751736329,0.023317550840707826,6003160.0,185.25207977294923,0,8,7,2020,2,CRM
2020-07-09 00:00:00-04:00,200.5827207640395,201.37703214582075,194.24810681087644,199.31182861328125,6062800,0.0,0.0,0.00229670133958515,0.021730036023371983,5899940.0,186.17744827270508,0,9,7,2020,3,CRM
2020-07-10 00:00:00-04:00,198.6366702470184,199.30190171245374,195.67787570591912,197.46507263183594,3783200,0.0,0.0,-0.00926566172361254,0.016915795179921235,5763040.0,187.50940475463867,0,10,7,2020,4,CRM
2020-07-13 00:00:00-04:00,198.57709399216563,198.83523876027266,186.69225370471614,187.0000457763672,5555400,0.0,0.0,-0.05299685010614652,0.02143193166235897,5768620.0,188.16619720458985,0,13,7,2020,0,CRM
2020-07-14 00:00:00-04:00,184.66678651525,188.60854330989568,181.99592199618354,188.2113800048828,5854700,0.0,0.0,0.006477721561438887,0.021107608575807044,5761355.0,188.70980224609374,0,14,7,2020,1,CRM
2020-07-15 00:00:00-04:00,189.67091686428864,190.73331162706384,185.4213681136489,186.7518310546875,7681800,0.0,0.0,-0.007754839001538838,0.02117022513608352,5854240.0,189.08759536743165,0,15,7,2020,2,CRM
2020-07-16 00:00:00-04:00,185.093699663591,185.53057167593317,180.63563863793635,184.19017028808594,7350000,0.0,0.0,-0.01371692449886297,0.021454630443784463,5969810.0,189.29163360595703,0,16,7,2020,3,CRM
2020-07-17 00:00:00-04:00,185.80859987910617,187.05963020898815,182.05549373922906,186.4440460205078,4324300,0.0,0.0,0.012236677608238544,0.02018270241067705,5752135.0,189.29759140014647,0,17,7,2020,4,CRM
2020-07-20 00:00:00-04:00,186.5631919753569,193.92047766273058,185.93768437031716,193.70204162597656,5729000,0.0,0.0,0.03892854591168016,0.021920865323692928,5446535.0,189.7016960144043,0,20,7,2020,0,CRM
2020-07-21 00:00:00-04:00,194.60556774650323,195.10201052136674,188.13194972021807,189.44256591796875,5376800,0.0,0.0,-0.021989833830623917,0.02187663885405277,5402765.0,189.6595001220703,0,21,7,2020,1,CRM
2020-07-22 00:00:00-04:00,189.42268549618916,190.50492700381758,187.52627064505555,189.94891357421875,2833000,0.0,0.0,0.0026728293812767756,0.02164833584011339,5196875.0,189.77119979858398,0,22,7,2020,2,CRM
2020-07-23 00:00:00-04:00,190.1177094224673,193.18573710137701,186.1759528143334,187.19862365722656,3639500,0.0,0.0,-0.01447910317169343,0.021474370723302515,5133695.0,189.91963577270508,0,23,7,2020,3,CRM
2020-07-24 00:00:00-04:00,184.73628231957872,187.59579754098178,183.06824187391433,187.1490020751953,3908400,0.0,0.0,-0.0002650745024819212,0.021219797596936363,5127995.0,189.92708358764648,0,24,7,2020,4,CRM
2020-07-27 00:00:00-04:00,188.54895379569396,190.19714739152082,187.30784689827567,189.60142517089844,3015700,0.0,0.0,0.013104120612503989,0.020352924807461276,4898995.0,190.31381301879884,0,27,7,2020,0,CRM
2020-07-28 00:00:00-04:00,189.6411380012935,191.59712372568134,187.70501422975582,188.1518096923828,3114200,0.0,0.0,-0.00764559378817431,0.020472765439454994,4856100.0,190.62011795043946,0,28,7,2020,1,CRM
2020-07-29 00:00:00-04:00,188.79718374872928,193.1758127177162,188.40003558361263,192.23257446289062,3747800,0.0,0.0,0.021688682012570792,0.02046612325178887,4819545.0,190.931884765625,0,29,7,2020,2,CRM
2020-07-30 00:00:00-04:00,188.73760483009724,190.55458714942986,186.03695500411732,190.33615112304688,3587400,0.0,0.0,-0.009865254861942452,0.01990933608268342,4761185.0,190.92245178222657,0,30,7,2020,3,CRM
2020-07-31 00:00:00-04:00,191.62690088796205,193.60274848073433,189.31347586232326,193.4637451171875,3734000,0.0,0.0,0.01643194934691472,0.020232716577240614,4737870.0,191.03762741088866,0,31,7,2020,4,CRM
2020-08-03 00:00:00-04:00,196.3927628289687,203.33302305695872,195.17151785691473,201.74441528320312,6557500,0.0,0.0,0.04280218064113117,0.021576670413435063,4776035.0,191.30918197631837,0,3,8,2020,0,CRM
2020-08-04 00:00:00-04:00,201.55576567967256,201.94299043629914,197.48492888417786,199.97708129882812,4480300,0.0,0.0,-0.008760262245148476,0.021621641387092,4728475.0,191.55889205932618,0,4,8,2020,1,CRM
2020-08-05 00:00:00-04:00,201.35718379858034,202.44934876586504,200.1458622683291,201.1983184814453,3559100,0.0,0.0,0.006106885722530819,0.021221614398400222,4694745.0,191.67605209350586,0,5,8,2020,2,CRM
2020-08-06 00:00:00-04:00,201.52596078088908,208.45629697234065,200.96000880289003,206.31166076660156,5113300,0.0,0.0,0.025414438469215206,0.021925321183069765,4647270.0,192.0260437011719,0,6,8,2020,3,CRM
2020-08-07 00:00:00-04:00,205.14999315511594,205.4677237810209,197.16720055713026,199.61962890625,5423400,0.0,0.0,-0.03243651781719792,0.02312865660228127,4729280.0,192.13377151489257,0,7,8,2020,4,CRM
2020-08-10 00:00:00-04:00,198.97424828617832,200.04656644499426,194.32755141487303,195.75730895996094,5528200,0.0,0.0,-0.019348397587208077,0.020025197056906655,4727920.0,192.57163467407227,0,10,8,2020,0,CRM
2020-08-11 00:00:00-04:00,192.24249285484217,194.4466999593329,190.35601639435023,190.6240997314453,5015400,0.0,0.0,-0.026222311983076674,0.020993163603993416,4685955.0,192.6922706604004,0,11,8,2020,1,CRM
2020-08-12 00:00:00-04:00,191.6269046156927,194.02968574673227,190.75316051341264,191.24960327148438,3980300,0.0,0.0,0.003281345542983649,0.020900052505923052,4500880.0,192.91715927124022,0,12,8,2020,2,CRM
2020-08-13 00:00:00-04:00,191.94464982711784,196.66085638689583,191.8552786097038,193.75169372558594,4711600,0.0,0.0,0.013082853042836184,0.020738539108838674,4368960.0,193.39523544311524,0,13,8,2020,3,CRM
2020-08-14 00:00:00-04:00,193.8311218275126,194.08926662114993,191.15033382353656,192.08364868164062,2833000,0.0,0.0,-0.00860918948304934,0.020759796516389196,4294395.0,193.67721557617188,0,14,8,2020,4,CRM
2020-08-17 00:00:00-04:00,193.95025270368282,195.66795555137864,193.03679984866577,195.34030151367188,3574500,0.0,0.0,0.016954346996129965,0.019209049945445266,4186670.0,193.75912857055664,0,17,8,2020,0,CRM
2020-08-18 00:00:00-04:00,197.91188132302997,203.34296657103084,197.58422726882776,202.55857849121094,7284800,0.0,0.0,0.036952318193457234,0.020064014341016394,4282070.0,194.41492919921876,0,18,8,2020,1,CRM
2020-08-19 00:00:00-04:00,202.54863808742823,205.62658913806453,198.60688151655154,203.65074157714844,7080700,0.0,0.0,0.005391838223158141,0.020067019350933035,4494455.0,195.10002059936522,0,19,8,2020,2,CRM
2020-08-20 00:00:00-04:00,202.39971917212716,208.61517706894594,202.0621265813853,208.01943969726562,5175100,0.0,0.0,0.02145191363549337,0.019963955123890594,4571235.0,196.14106140136718,0,20,8,2020,3,CRM
2020-08-21 00:00:00-04:00,208.44640097334553,208.50597168407535,204.78265076114542,206.0535430908203,5727800,0.0,0.0,-0.009450542744016244,0.020207144050384578,4662205.0,197.08628845214844,0,21,8,2020,4,CRM
2020-08-24 00:00:00-04:00,207.39393882449775,207.80101038639603,203.69046480960944,206.9769287109375,5699000,0.0,0.0,0.004481289699105995,0.020117286940163466,4796370.0,197.9550636291504,0,24,8,2020,0,CRM
2020-08-25 00:00:00-04:00,211.70305629486901,216.79656396901473,209.3002751033268,214.51292419433594,27096500,0.0,0.0,0.03640983335839887,0.02109574579245256,5995485.0,199.27311935424805,0,25,8,2020,1,CRM
2020-08-26 00:00:00-04:00,250.16744857545848,275.9923961459124,247.69515811441266,270.3825988769531,63253400,0.0,0.0,0.260448991092036,0.060579302206013014,8970765.0,203.18062057495118,0,26,8,2020,2,CRM
2020-08-27 00:00:00-04:00,265.1003964457713,276.3001423195519,258.9842188692447,274.3540954589844,22817100,0.0,0.0,0.014688432608189528,0.06021710231216114,9932250.0,207.38151779174805,0,27,8,2020,3,CRM
2020-08-28 00:00:00-04:00,269.3499767660204,273.7881761554269,265.4975761845539,269.1712646484375,28068000,0.0,0.0,-0.018891027676755434,0.06084060456344628,11148950.0,211.16689376831056,0,28,8,2020,4,CRM
2020-08-31 00:00:00-04:00,268.079094982816,272.75557737783134,264.0181967726503,270.7102355957031,16010100,0.0,0.0,0.005717441456002614,0.060615637293006716,11621580.0,214.61518478393555,0,31,8,2020,0,CRM
2020-09-01 00:00:00-04:00,269.0719773220486,279.9242088400854,268.6549520692726,279.2490539550781,13293600,0.0,0.0,0.03154228114273239,0.06040707306599332,12062245.0,218.57878341674805,0,1,9,2020,1,CRM
2020-09-02 00:00:00-04:00,281.4532279211472,282.47589867974443,266.6592413966054,274.7214660644531,12963800,0.0,0.0,-0.0162134403912908,0.060849697216019474,12532480.0,222.25494079589845,0,2,9,2020,2,CRM
2020-09-03 00:00:00-04:00,268.6549214708949,269.8166107352409,255.5786375619367,263.12457275390625,14000600,0.0,0.0,-0.04221327687522636,0.06223435355910413,12976845.0,225.09558639526367,0,3,9,2020,3,CRM
2020-09-04 00:00:00-04:00,261.1090455144651,263.77990999299647,241.4697559487808,252.887939453125,14374300,0.0,0.0,-0.03890413272178617,0.06250375043035167,13424390.0,227.7590019226074,0,4,9,2020,4,CRM
2020-09-08 00:00:00-04:00,238.85848046987473,251.8751952918362,238.43153181162813,239.55349731445312,15229600,0.0,0.0,-0.052728659846364656,0.06385880865219673,13909460.0,229.94881134033204,0,8,9,2020,1,CRM
2020-09-09 00:00:00-04:00,244.64700297831658,251.6468494082038,241.23148927962438,248.64833068847656,9988600,0.0,0.0,0.03796577163757697,0.06345592558601414,14158120.0,232.8500228881836,0,9,9,2020,2,CRM
2020-09-10 00:00:00-04:00,252.99715507111037,254.68507256291196,245.2129362874728,246.0370330810547,5945000,0.0,0.0,-0.010501971198405013,0.06366517363145993,14256355.0,235.58939437866212,0,10,9,2020,3,CRM
2020-09-11 00:00:00-04:00,248.93625070846582,249.5121261094064,237.74642701910972,241.37046813964844,5455200,0.0,0.0,-0.018966920885722494,0.06410137020426897,14293535.0,237.97033309936523,0,11,9,2020,4,CRM
2020-09-14 00:00:00-04:00,244.55763038369597,247.0994148947725,242.3037760077612,244.88528442382812,4255200,0.0,0.0,0.0145619151807177,0.06390360070019278,14364645.0,240.61041488647462,0,14,9,2020,0,CRM
2020-09-15 00:00:00-04:00,249.5816427095374,250.14759476069077,246.74198935254446,249.88943481445312,4133600,0.0,0.0,0.020434671696990314,0.06391699319472575,14392600.0,243.33787155151367,0,15,9,2020,1,CRM
2020-09-16 00:00:00-04:00,252.85814419287078,253.61273170603292,248.44973022335006,248.81710815429688,5441200,0.0,0.0,-0.004291204471899568,0.06380642757080598,14300420.0,245.65079803466796,0,16,9,2020,2,CRM
2020-09-17 00:00:00-04:00,244.36896746720507,247.04977036120366,239.59319077196471,242.790283203125,5279500,0.0,0.0,-0.02422190739165131,0.06431060214940418,14210360.0,247.6077751159668,0,17,9,2020,3,CRM
2020-09-18 00:00:00-04:00,243.3860367075055,246.34483136782367,237.01171337341987,241.05274963378906,6595600,0.0,0.0,-0.007156520213299711,0.06437385803081522,14281385.0,249.25944061279296,0,18,9,2020,4,CRM
2020-09-21 00:00:00-04:00,237.2698491895237,243.38602750667468,235.1152894721654,243.3065948486328,5561600,0.0,0.0,0.009350008320866854,0.06422526491983109,14273075.0,251.1220932006836,0,21,9,2020,0,CRM
2020-09-22 00:00:00-04:00,244.9845718915208,246.80155416095687,239.5435484840555,246.0171661376953,3600800,0.0,0.0,0.01114055823578819,0.06421199643827621,14168165.0,253.0741050720215,0,22,9,2020,1,CRM
2020-09-23 00:00:00-04:00,246.72211894341717,247.00012566643443,233.6756043123953,234.31105041503906,7507900,0.0,0.0,-0.04758251591315532,0.06516157617380822,13188735.0,254.06401138305665,0,23,9,2020,2,CRM
2020-09-24 00:00:00-04:00,234.16211395367654,238.2528125380148,231.96784547090726,235.85995483398438,4166800,0.0,0.0,0.006610462529196504,0.025970670824737363,10234405.0,252.3378791809082,0,24,9,2020,3,CRM
2020-09-25 00:00:00-04:00,235.7010875365969,242.2144139731502,233.37773910957583,241.01303100585938,5117800,0.0,0.0,0.02184803340398389,0.0263247872430314,9349440.0,250.67082595825195,0,25,9,2020,4,CRM
2020-09-28 00:00:00-04:00,245.79873708751728,246.81148456072498,240.4868086417581,244.91506958007812,4088300,0.0,0.0,0.0161901560174309,0.026596750711570426,8150455.0,249.458016204834,0,28,9,2020,0,CRM
2020-09-29 00:00:00-04:00,243.5150924892148,246.13630960550154,242.7605049626368,245.68951416015625,3983700,0.0,0.0,0.0031620944411707708,0.02655183647366696,7549135.0,248.20698013305665,0,29,9,2020,1,CRM
2020-09-30 00:00:00-04:00,244.89520894177647,253.59289584618028,244.4682754376829,249.53199768066406,8188500,0.0,0.0,0.015639591024641852,0.025638122415143752,7293880.0,246.72112731933595,0,30,9,2020,2,CRM
2020-10-01 00:00:00-04:00,251.37875199115422,252.85815688951521,249.0256181258466,251.64683532714844,4318000,0.0,0.0,0.00847521626942127,0.025679017700653565,6861590.0,245.5673957824707,0,1,10,2020,3,CRM
2020-10-02 00:00:00-04:00,247.97314625572042,253.13614767223999,245.45122382676843,246.086669921875,4494500,0.0,0.0,-0.02209511356677729,0.024471422580139485,6386285.0,244.71550064086915,0,2,10,2020,4,CRM
2020-10-05 00:00:00-04:00,248.22138013997585,251.4780434353939,247.22849461941595,249.74049377441406,3403500,0.0,0.0,0.014847711392490526,0.023247959635358854,5837745.0,244.5581283569336,0,5,10,2020,0,CRM
2020-10-06 00:00:00-04:00,250.9319519274999,255.45952260143713,247.22849319915147,248.36038208007812,4448100,0.0,0.0,-0.005526183093009229,0.01979135120986547,5298670.0,244.99847259521485,0,6,10,2020,1,CRM
2020-10-07 00:00:00-04:00,250.40576753642077,258.8850046476283,250.40576753642077,258.13043212890625,4963200,0.0,0.0,0.03933819865713528,0.019924568520033582,5047400.0,245.47257766723632,0,7,10,2020,2,CRM
2020-10-08 00:00:00-04:00,262.32037831704775,262.7373732859676,255.2510076439109,258.3686828613281,4150400,0.0,0.0,0.0009229858349397713,0.01970797204711284,4957670.0,246.08916015625,0,8,10,2020,3,CRM
2020-10-09 00:00:00-04:00,261.0296030801731,264.1571864791596,259.6395693806749,264.08770751953125,4225000,0.0,0.0,0.02213513106490783,0.01947859742019851,4896160.0,247.22502212524415,0,9,10,2020,4,CRM
2020-10-12 00:00:00-04:00,268.0790689436487,268.0790689436487,263.40258700287137,265.169921875,4317000,0.0,0.0,0.004097935362586735,0.019339491901704375,4899250.0,248.23925399780273,0,12,10,2020,0,CRM
2020-10-13 00:00:00-04:00,264.524553739145,266.8776873970563,262.35013218932494,264.9316101074219,3713200,0.0,0.0,-0.0008987134207870673,0.018979944398001877,4878230.0,248.99136276245116,0,13,10,2020,1,CRM
2020-10-14 00:00:00-04:00,268.07911283042597,268.2379781629738,256.9091497958249,259.96722412109375,5129500,0.0,0.0,-0.01873836792942607,0.019542606013559026,4862645.0,249.54886856079102,0,14,10,2020,2,CRM
2020-10-15 00:00:00-04:00,256.27365366817884,258.6665112827389,252.21277088928358,255.88644409179688,5256800,0.0,0.0,-0.015697286621778272,0.019017860174740567,4861510.0,250.20367660522462,0,15,10,2020,3,CRM
2020-10-16 00:00:00-04:00,257.39563420884656,260.6522975239396,256.6509700639278,256.7105407714844,3092300,0.0,0.0,0.003220556222164994,0.018872837237025618,4686345.0,250.98656616210937,0,16,10,2020,4,CRM
2020-10-19 00:00:00-04:00,257.91196127921523,259.6197256446172,252.68937356748773,253.19573974609375,3242300,0.0,0.0,-0.013691689538059881,0.01918617859614976,4570380.0,251.48102340698242,0,19,10,2020,0,CRM
2020-10-20 00:00:00-04:00,254.29783729198365,257.33606459209386,252.2425721214159,254.14891052246094,2989300,0.0,0.0,0.003764560878168899,0.01907523892583571,4539805.0,251.8876106262207,0,20,10,2020,1,CRM
2020-10-21 00:00:00-04:00,254.62550210990133,256.4722546211717,250.05822268676482,252.42127990722656,2794000,0.0,0.0,-0.006797710097134924,0.015330490678949503,4304110.0,252.7931221008301,0,21,10,2020,2,CRM
2020-10-22 00:00:00-04:00,252.08370058268756,253.40424012406376,244.37891450806012,247.8937225341797,3685700,0.0,0.0,-0.017936512225557588,0.016062193019773,4280055.0,253.39481048583986,0,22,10,2020,3,CRM
2020-10-23 00:00:00-04:00,248.32066082122446,248.7873182017264,245.05405915771098,248.7376708984375,3159600,0.0,0.0,0.0034044765459579907,0.0154161904447795,4182145.0,253.78104248046876,0,23,10,2020,4,CRM
2020-10-26 00:00:00-04:00,243.55482536680006,246.3448313030007,235.6911737282151,240.25843811035156,5864100,0.0,0.0,-0.03408905759010705,0.016950534476926488,4270935.0,253.54821090698243,0,26,10,2020,0,CRM
2020-10-27 00:00:00-04:00,246.2356167931049,249.95893761154903,244.02148625513485,248.51925659179688,4285600,0.0,0.0,0.03438305245974793,0.018685691539707318,4286030.0,253.68969802856446,0,27,10,2020,1,CRM
2020-10-28 00:00:00-04:00,242.8598053733796,243.70374897913766,236.31667825219455,236.7336883544922,4425400,0.0,0.0,-0.04742315906997485,0.02119152377729355,4097875.0,253.04978256225587,0,28,10,2020,2,CRM
2020-10-29 00:00:00-04:00,240.79459440999676,240.79459440999676,235.44294219972213,235.45286560058594,4589000,0.0,0.0,-0.005410394958187403,0.0210428916366631,4111425.0,252.24008407592774,0,29,10,2020,3,CRM
2020-10-30 00:00:00-04:00,234.1422698074977,236.05853158251318,227.0332058722592,230.61752319335938,5741200,0.0,0.0,-0.020536349790828523,0.020971638114114514,4173760.0,251.46662673950195,0,30,10,2020,4,CRM
2020-11-02 00:00:00-05:00,233.44725206273952,236.80321016174318,227.36087377667275,230.79624938964844,3953400,0.0,0.0,0.0007749896617319507,0.020572468110589524,4201255.0,250.51941452026367,0,2,11,2020,0,CRM
2020-11-03 00:00:00-05:00,233.4273758729531,239.2258232777619,231.62031707783387,235.44293212890625,4151400,0.0,0.0,0.020133267986573333,0.02124404191989824,4186420.0,249.87354202270507,0,3,11,2020,1,CRM
2020-11-04 00:00:00-05:00,244.26969495066467,251.08089008663487,241.50947447269894,248.95611572265625,6505400,0.0,0.0,0.05739473031346498,0.023388923280672807,4263530.0,249.4148262023926,0,4,11,2020,2,CRM
2020-11-05 00:00:00-05:00,256.27367856354556,259.0637148768115,253.62269107402415,258.3686828613281,8961700,0.0,0.0,0.037808137837263445,0.024993334523662734,4504095.0,249.4148262023926,0,5,11,2020,3,CRM
2020-11-06 00:00:00-05:00,258.15023704938477,259.8877867218325,252.67944324907512,258.2991638183594,3798600,0.0,0.0,-0.00026906915419799837,0.024459303146464103,4482775.0,249.125399017334,0,6,11,2020,4,CRM
2020-11-09 00:00:00-05:00,259.09349596751366,268.99256609678787,255.41980731835724,257.43536376953125,8777500,0.0,0.0,-0.0033441844567315693,0.02443706150399135,4705800.0,248.73867111206056,0,9,11,2020,0,CRM
2020-11-10 00:00:00-05:00,256.22404450792123,257.1573593558753,241.17189582230944,245.89804077148438,6863200,0.0,0.0,-0.0448163874190014,0.02631020923954572,4863300.0,247.78699264526367,0,10,11,2020,1,CRM
2020-11-11 00:00:00-05:00,251.7063963440986,254.9134122503838,249.42277182613915,252.3716278076172,4163400,0.0,0.0,0.02632630587792595,0.02685101145373256,4814995.0,247.40721282958984,0,11,11,2020,2,CRM
2020-11-12 00:00:00-05:00,245.63987479385904,253.15602555046627,244.60728050568372,247.6455078125,5607000,0.0,0.0,-0.01872682771900136,0.026945834550773384,4832505.0,246.995166015625,0,12,11,2020,3,CRM
2020-11-13 00:00:00-05:00,251.04117391611334,251.98441214011936,245.79873952666267,247.73486328125,5160000,0.0,0.0,0.000360820067116574,0.02692821279007705,4935890.0,246.54638214111327,0,13,11,2020,4,CRM
2020-11-16 00:00:00-05:00,247.7448045561189,251.68656136787607,246.4143264163388,248.11216735839844,5712600,0.0,0.0,0.0015230156634034042,0.026778211488722115,5059405.0,246.2922035217285,0,16,11,2020,0,CRM
2020-11-17 00:00:00-05:00,251.93478390710405,256.43253906843046,248.67812052810058,254.34750366210938,5090700,0.0,0.0,0.025131118598887614,0.02738396430303368,5164475.0,246.30213317871093,0,17,11,2020,1,CRM
2020-11-18 00:00:00-05:00,254.5758416434766,260.79131470399375,254.02976672685557,255.3304443359375,5880500,0.0,0.0,0.0038645579755087756,0.027340328277760107,5318800.0,246.44759140014648,0,18,11,2020,2,CRM
2020-11-19 00:00:00-05:00,255.01271727160528,265.1897940092767,253.8411196119647,262.76715087890625,8084600,0.0,0.0,0.02912581209150411,0.02765474764210827,5538745.0,247.1912628173828,0,19,11,2020,3,CRM
2020-11-20 00:00:00-05:00,261.714695739673,263.1345147891498,255.9857570845101,256.2041931152344,7286100,0.0,0.0,-0.02497632501520841,0.028367039202654418,5745070.0,247.56458892822266,0,20,11,2020,4,CRM
2020-11-23 00:00:00-05:00,259.3715391127622,259.87789020918507,252.79862555785922,255.8070831298828,5383600,0.0,0.0,-0.0015499745750567895,0.027101497464624546,5721045.0,248.3420211791992,0,23,11,2020,0,CRM
2020-11-24 00:00:00-05:00,258.15023273690053,260.44379584217995,255.98574959606336,258.9842529296875,5797300,0.0,0.0,0.012420179148016519,0.02621422088000303,5796630.0,248.86527099609376,0,24,11,2020,1,CRM
2020-11-25 00:00:00-05:00,261.85372465571584,264.20685862985266,243.30661416202565,245.06402587890625,26394900,0.0,0.0,-0.05374931832075713,0.02687671646767175,6895105.0,249.28178787231445,0,25,11,2020,2,CRM
2020-11-27 00:00:00-05:00,249.21427509815956,250.04829533095844,245.27251822024587,245.86825561523438,7395000,0.0,0.0,0.003281712741981746,0.026819534388864495,7035405.0,249.80255737304688,0,27,11,2020,4,CRM
2020-11-30 00:00:00-05:00,243.7335388853377,245.86825189320453,234.39049743866576,244.05126953125,18966400,0.0,0.0,-0.007390080022480872,0.026382538553678878,7696665.0,250.4742446899414,0,30,11,2020,0,CRM
2020-12-01 00:00:00-05:00,243.25696078311125,244.94486319523352,237.00177876149928,239.6329345703125,18872000,0.0,0.0,-0.018104126110156327,0.026806925105197357,8442595.0,250.91607894897462,0,1,12,2020,1,CRM
2020-12-02 00:00:00-05:00,223.87581784368854,224.39212254470544,214.09590477867033,219.20925903320312,52225500,0.0,0.0,-0.08522900065356709,0.032787555814795234,10846300.0,250.10439529418946,0,2,12,2020,2,CRM
2020-12-03 00:00:00-05:00,224.50136537786634,224.50136537786634,218.56391368549362,219.39793395996094,21395300,0.0,0.0,0.0008607069226451713,0.029582920391597208,11590795.0,248.6264862060547,0,3,12,2020,3,CRM
2020-12-04 00:00:00-05:00,222.2276482218472,226.97363987793585,220.2418771473254,224.2531280517578,20504800,0.0,0.0,0.02212962539876484,0.028554343321600457,12167950.0,246.92070846557618,0,4,12,2020,4,CRM
2020-12-07 00:00:00-05:00,226.48711905234418,228.234592132589,224.64035135892019,226.0800323486328,12864100,0.0,0.0,0.00814661678410733,0.028714981367916493,12621225.0,245.30975189208985,0,7,12,2020,0,CRM
2020-12-08 00:00:00-05:00,227.0232644838087,227.86722322250276,224.05454652228613,226.2388916015625,12116800,0.0,0.0,0.0007026682156729969,0.02875066579932948,12788190.0,243.74992828369142,0,8,12,2020,1,CRM
2020-12-09 00:00:00-05:00,226.4275738215001,227.2119468130397,218.50435063573886,219.00079345703125,15651800,0.0,0.0,-0.03199316480598091,0.027972715627966615,13227620.0,242.40506591796876,0,9,12,2020,2,CRM
2020-12-10 00:00:00-05:00,219.00075835541128,222.7141403673455,218.59367167114388,221.3340301513672,9258600,0.0,0.0,0.01065401023213064,0.027247517654395603,13482380.0,240.85318603515626,0,10,12,2020,3,CRM
2020-12-11 00:00:00-05:00,220.34115793639097,221.1553313539535,218.41495755848067,220.8376007080078,8214400,0.0,0.0,-0.0022428970503084456,0.027096779602215133,13612750.0,239.51279067993164,0,11,12,2020,4,CRM
2020-12-14 00:00:00-05:00,221.50282930941216,221.88013065898443,218.8816121155378,219.69578552246094,8508500,0.0,0.0,-0.0051703839467834856,0.02706361325595031,13780175.0,238.1108367919922,0,14,12,2020,0,CRM
2020-12-15 00:00:00-05:00,220.49010914870323,220.55960326153766,216.64763163232305,218.58375549316406,10766800,0.0,0.0,-0.005061681209097113,0.02701204060218113,14032885.0,236.63441619873046,0,15,12,2020,1,CRM
2020-12-16 00:00:00-05:00,219.9042632377858,222.40633879125167,218.68301838738026,222.02903747558594,8821400,0.0,0.0,0.015761839092977015,0.02652128715971375,14219420.0,235.01849288940429,0,16,12,2020,2,CRM
2020-12-17 00:00:00-05:00,223.29995087597354,225.11693322398347,222.90280272186214,224.3126983642578,9946900,0.0,0.0,0.010285415433208822,0.02669073240750215,14422740.0,233.4676055908203,0,17,12,2020,3,CRM
2020-12-18 00:00:00-05:00,225.40487912710213,226.19919058771845,222.8035087148279,225.81195068359375,11845400,0.0,0.0,0.00668376035003293,0.025580288861681767,14610780.0,231.61984558105468,0,18,12,2020,4,CRM
2020-12-21 00:00:00-05:00,223.29994240351147,225.82188005214715,223.1113068851159,224.85877990722656,9219000,0.0,0.0,-0.004221082070641868,0.025241081021573845,14707425.0,230.0525749206543,0,21,12,2020,0,CRM
2020-12-22 00:00:00-05:00,225.38501403007282,230.22036168563974,224.98786588042051,229.5253448486328,10339600,0.0,0.0,0.020753314339478246,0.02593984813349207,14955225.0,228.7384880065918,0,22,12,2020,1,CRM
2020-12-23 00:00:00-05:00,230.84588763444282,231.52104252831654,225.49423518948583,225.81195068359375,7090500,0.0,0.0,-0.01617858004957129,0.02571197166673876,15019885.0,227.07987289428712,0,23,12,2020,2,CRM
2020-12-24 00:00:00-05:00,226.67576654057598,227.55943404461655,223.23045258488017,224.17369079589844,6146300,0.0,0.0,-0.007254974250635815,0.023194106451996557,14007455.0,226.0353561401367,0,24,12,2020,3,CRM
2020-12-28 00:00:00-05:00,225.60344018199038,226.21902433207438,220.47022406376786,223.0417938232422,6422500,0.0,0.0,-0.005049196311295967,0.02312777376107109,13958830.0,224.8940330505371,0,28,12,2020,0,CRM
2020-12-29 00:00:00-05:00,223.369441104868,223.69709512169825,219.288681295589,220.87730407714844,6122400,0.0,0.0,-0.009704413280540058,0.023148270715950308,13316630.0,223.73533477783204,0,29,12,2020,1,CRM
2020-12-30 00:00:00-05:00,221.54255110299468,222.04891726451692,220.00357551571676,220.81773376464844,4724000,0.0,0.0,-0.00026969865803505577,0.022947850354944028,12609230.0,222.79457473754883,0,30,12,2020,2,CRM
2020-12-31 00:00:00-05:00,220.68866308686177,221.20495263579448,218.60359748848703,220.94680786132812,6011100,0.0,0.0,0.0005845277663127924,0.01262667294600231,10298510.0,222.88145217895507,0,31,12,2020,3,CRM
2021-01-04 00:00:00-05:00,221.05602449290177,222.1581279908432,214.18525873239696,218.7425994873047,10319900,0.0,0.0,-0.009976194702060792,0.012839783406384609,9744740.0,222.84868545532225,0,4,1,2021,0,CRM
2021-01-05 00:00:00-05:00,217.92844389077348,221.4134665423572,216.43911564048855,219.94400024414062,8657200,0.0,0.0,0.00549230355519148,0.011824556210379693,9152360.0,222.63322906494142,0,5,1,2021,1,CRM
2021-01-06 00:00:00-05:00,216.44905752708357,218.8915627322526,214.24485031639472,214.61221313476562,9789800,0.0,0.0,-0.024241566505367906,0.012705019635441845,8998645.0,222.05983810424806,0,6,1,2021,2,CRM
2021-01-07 00:00:00-05:00,215.4859305425947,219.0901096166704,214.95970245990753,216.42916870117188,8443100,0.0,0.0,0.008466226315206438,0.012925426998752402,8814960.0,221.56935195922853,0,7,1,2021,3,CRM
2021-01-08 00:00:00-05:00,218.43481681377867,220.73831851774386,217.6603673116392,220.46029663085938,7301700,0.0,0.0,0.018625622201845493,0.011665419070116282,8397455.0,221.64232711791993,0,8,1,2021,4,CRM
2021-01-11 00:00:00-05:00,218.06745249626974,219.01069071407582,214.69163262434432,216.697265625,7199000,0.0,0.0,-0.017068973703506463,0.012024041072880211,8294475.0,221.41048889160157,0,11,1,2021,0,CRM
2021-01-12 00:00:00-05:00,216.4490462159627,216.74691490593912,212.56686014548336,213.9866943359375,10736000,0.0,0.0,-0.012508562492676845,0.012296396069567886,8420555.0,221.06794357299805,0,12,1,2021,1,CRM
2021-01-13 00:00:00-05:00,215.4561641649376,217.34264064822477,213.99662119567276,216.6277618408203,6839200,0.0,0.0,0.012342204327604689,0.012640198454004404,8337090.0,220.914542388916,0,13,1,2021,2,CRM
2021-01-14 00:00:00-05:00,216.677410297749,217.93837919391981,214.0164842840299,214.06613159179688,6548000,0.0,0.0,-0.011825032153107595,0.012853752880792966,8126150.0,220.68866119384765,0,14,1,2021,3,CRM
2021-01-15 00:00:00-05:00,214.6320687303544,216.31997114478355,211.4746999357408,211.62362670898438,8525600,0.0,0.0,-0.011410048215708013,0.012421433716130909,8111360.0,220.16839065551758,0,15,1,2021,4,CRM
2021-01-19 00:00:00-05:00,213.8178927283125,215.73415441960896,212.17962260728265,215.2178497314453,7753800,0.0,0.0,0.016984034714628393,0.012861824753096609,8001705.0,219.71364822387696,0,19,1,2021,1,CRM
2021-01-20 00:00:00-05:00,220.41067599058036,223.04181672503572,218.4050428711619,221.85035705566406,9857700,0.0,0.0,0.03081764515580354,0.01471667922019121,7902320.0,219.51556854248048,0,20,1,2021,2,CRM
2021-01-21 00:00:00-05:00,222.0985455733335,223.1410783110407,219.24896922046597,220.58935546875,6785900,0.0,0.0,-0.005684018739702368,0.014738291398574892,7780665.0,219.30209732055664,0,21,1,2021,3,CRM
2021-01-22 00:00:00-05:00,223.29993666115757,226.16937507010795,222.15812442809954,224.16375732421875,10186100,0.0,0.0,0.01620387279283353,0.014418876529660288,7772990.0,219.03401794433594,0,22,1,2021,4,CRM
2021-01-25 00:00:00-05:00,228.05588107519293,228.66154185786291,219.7454339910531,224.3126983642578,8213500,0.0,0.0,0.00066442961974289,0.01397584365359096,7829140.0,218.95905532836915,0,25,1,2021,0,CRM
2021-01-26 00:00:00-05:00,226.1793360767631,226.28855409556928,222.94251941954252,224.65028381347656,5021000,0.0,0.0,0.001504976988286888,0.013881393268040318,7772875.0,218.98288497924804,0,26,1,2021,1,CRM
2021-01-27 00:00:00-05:00,222.10848323398895,226.18924324341876,220.00357082287738,223.18080139160156,7641100,0.0,0.0,-0.006541199934984698,0.013915041417488054,7833805.0,218.989835357666,0,27,1,2021,2,CRM
2021-01-28 00:00:00-05:00,223.3992216602856,227.96650069654316,223.3992216602856,224.8885498046875,7246000,0.0,0.0,0.00765186074446178,0.013810731074420332,7889985.0,219.19039764404297,0,28,1,2021,3,CRM
2021-01-29 00:00:00-05:00,223.0616702995652,227.1622773005341,221.43333861087066,223.95526123046875,6473000,0.0,0.0,-0.004150004858092138,0.013856547661689584,7977435.0,219.34727401733397,0,29,1,2021,4,CRM
2021-02-01 00:00:00-05:00,225.59351838419775,228.26436762060143,223.15101341772888,226.83462524414062,5696700,0.0,0.0,0.0128568714923325,0.014115964973389041,7961715.0,219.64166488647462,0,1,2,2021,0,CRM
2021-02-02 00:00:00-05:00,229.82319468310692,234.2713172252932,229.7338386292998,232.5337677001953,7134900,0.0,0.0,0.02512465832727573,0.014791657255876087,7802465.0,220.33122329711915,0,2,2,2021,1,CRM
2021-02-03 00:00:00-05:00,233.32809566523562,234.3209811787047,230.6075839042473,233.14938354492188,5357600,0.0,0.0,0.002647425579584084,0.014781777091582507,7637485.0,220.9914924621582,0,3,2,2021,2,CRM
2021-02-04 00:00:00-05:00,233.84442091716846,236.53513241091534,233.79477360708745,236.2869110107422,4770700,0.0,0.0,0.013457155314398728,0.013467253627704798,7386530.0,222.07522735595703,0,4,2,2021,3,CRM
2021-02-05 00:00:00-05:00,237.4485744777816,237.6570871104857,234.72807775254645,237.1904296875,5020000,0.0,0.0,0.0038238202568772195,0.013442681362493688,7215375.0,223.11329040527343,0,5,2,2021,4,CRM
2021-02-08 00:00:00-05:00,237.8059931878064,239.39461599804253,235.44293607412337,237.23011779785156,4336400,0.0,0.0,0.0001673259347092504,0.013062809174553129,7067110.0,223.95178146362304,0,8,2,2021,0,CRM
2021-02-09 00:00:00-05:00,237.85564430333966,238.37194899747556,234.55927237208013,235.0159912109375,5157200,0.0,0.0,-0.009333244056308088,0.012516950637354978,6965020.0,224.86771774291992,0,9,2,2021,1,CRM
2021-02-10 00:00:00-05:00,235.76066033149502,236.52518641305582,232.2954996122634,235.03585815429688,5535600,0.0,0.0,8.45344321338537e-05,0.011938785127438904,6705000.0,225.9201759338379,0,10,2,2021,2,CRM
2021-02-11 00:00:00-05:00,237.2301187311768,241.16195186935354,236.88261790585355,239.52369689941406,6091600,0.0,0.0,0.01909427259465657,0.012255466661383493,6667620.0,227.0649726867676,0,11,2,2021,3,CRM
2021-02-12 00:00:00-05:00,239.23577229254855,239.84143308924791,237.2102924192932,238.65989685058594,4314400,0.0,0.0,-0.00360632396714744,0.01178666572181474,6555940.0,228.29466094970704,0,12,2,2021,4,CRM
2021-02-16 00:00:00-05:00,243.2569557036592,249.44262833520187,242.0654960935242,246.8214111328125,10837600,0.0,0.0,0.034197258902429306,0.012714544012720354,6671540.0,230.05455017089844,0,16,2,2021,1,CRM
2021-02-17 00:00:00-05:00,246.82141706771685,247.72494656096868,243.7534043315343,245.89804077148438,5879200,0.0,0.0,-0.0037410464395702947,0.01277092495453005,6577810.0,231.58855972290038,0,17,2,2021,2,CRM
2021-02-18 00:00:00-05:00,244.2200455255789,246.24552526188302,240.8442409149953,245.2526397705078,4152800,0.0,0.0,-0.0026246691472273653,0.011590265737884289,6292565.0,232.75867385864257,0,18,2,2021,3,CRM
2021-02-19 00:00:00-05:00,246.23560471616398,247.61571495916874,244.2299717582662,244.80584716796875,4647700,0.0,0.0,-0.0018217647033570428,0.01143240751070939,6185655.0,233.96949844360353,0,19,2,2021,4,CRM
2021-02-22 00:00:00-05:00,242.5222122043289,242.78037213625478,238.66982668025705,239.2357635498047,5055000,0.0,0.0,-0.022753066083189832,0.012720007221246896,5929100.0,234.7230987548828,0,22,2,2021,0,CRM
2021-02-23 00:00:00-05:00,233.5862454017307,237.2599339997124,227.38071081085747,233.9635467529297,8641600,0.0,0.0,-0.022037745187614588,0.013926603340536125,5950505.0,235.2056411743164,0,23,2,2021,1,CRM
2021-02-24 00:00:00-05:00,233.85432882453992,239.78185667995098,229.86292473215062,238.75918579101562,6128300,0.0,0.0,0.020497377068532163,0.01451193453882118,6005870.0,235.91108627319335,0,24,2,2021,2,CRM
2021-02-25 00:00:00-05:00,236.8329992761597,238.64005832745383,228.1353269359345,229.43600463867188,8828900,0.0,0.0,-0.039048471041881805,0.017221869455986322,6065260.0,236.22384643554688,0,25,2,2021,3,CRM
2021-02-26 00:00:00-05:00,227.75802681315366,228.86013043339753,214.80086672386287,214.95973205566406,20372900,0.0,0.0,-0.06309503430294572,0.022387872379243202,6721605.0,235.7274055480957,0,26,2,2021,4,CRM
2021-03-01 00:00:00-05:00,218.33550458153556,218.63337324683607,213.5001572839759,215.99229431152344,14027700,0.0,0.0,0.004803514807098841,0.022432366386342172,7099340.0,235.32925720214843,0,1,3,2021,0,CRM
2021-03-02 00:00:00-05:00,216.846197155497,217.0447863848537,211.82219871748782,211.95127868652344,10211500,0.0,0.0,-0.018709073107819663,0.022474659442707975,7325080.0,234.58508987426757,0,2,3,2021,1,CRM
2021-03-03 00:00:00-05:00,211.31581820546336,211.80233754400723,203.93867122214874,204.53440856933594,11459000,0.0,0.0,-0.034993278470176525,0.022515127915502215,7541285.0,233.18512191772462,0,3,3,2021,2,CRM
2021-03-04 00:00:00-05:00,205.368453459088,207.60244605464047,200.07637140359586,203.86920166015625,12800500,0.0,0.0,-0.00325229829950191,0.02243230242342013,7913430.0,231.72111282348632,0,4,3,2021,3,CRM
2021-03-05 00:00:00-05:00,208.5158796936256,210.83924329220457,201.77419377293143,209.2605438232422,11406000,0.0,0.0,0.02644510362125785,0.023213168258763055,8245195.0,230.36979446411132,0,5,3,2021,4,CRM
2021-03-08 00:00:00-05:00,212.10020618041924,213.37109847142702,206.09326072770656,206.2421875,9576400,0.0,0.0,-0.014423915125594489,0.023173776910755835,8473015.0,228.82238235473633,0,8,3,2021,0,CRM
2021-03-09 00:00:00-05:00,210.67043971021548,214.2547569983163,209.66763080171881,210.0250701904297,9732200,0.0,0.0,0.018341944178756675,0.023805297243967623,8742805.0,227.46212997436524,0,9,3,2021,1,CRM
2021-03-10 00:00:00-05:00,213.19238501187294,214.61220406629795,210.26337568997442,210.4520263671875,7186400,0.0,0.0,0.0020328819619994665,0.02385210437711897,8844265.0,226.23393173217772,0,10,3,2021,2,CRM
2021-03-11 00:00:00-05:00,213.47038180324196,216.61782700994118,212.82501229044058,214.4136199951172,6431000,0.0,0.0,0.018824212321993494,0.024432888986890687,8889035.0,225.20281982421875,0,11,3,2021,3,CRM
2021-03-12 00:00:00-05:00,211.9313940791899,212.32855734521743,207.8109255644242,210.70022583007812,6114600,0.0,0.0,-0.01731883527326117,0.023950310967101204,8890185.0,223.76164627075195,0,12,3,2021,4,CRM
2021-03-15 00:00:00-04:00,210.3428030477148,211.42504462627596,208.00951602033004,211.28604125976562,5733700,0.0,0.0,0.0027803265391843635,0.02402795927889417,8961150.0,222.39295349121093,0,15,3,2021,0,CRM
2021-03-16 00:00:00-04:00,213.31152570399692,215.148370012456,211.96120076405327,212.95408630371094,5311000,0.0,0.0,0.00789472429886895,0.02238768379605523,8684820.0,220.69958724975587,0,16,3,2021,1,CRM
2021-03-17 00:00:00-04:00,212.0009230686271,213.28173873901045,209.35984391702908,211.603759765625,5805100,0.0,0.0,-0.00634092804474351,0.02237463697373534,8681115.0,218.9848731994629,0,17,3,2021,2,CRM
2021-03-18 00:00:00-04:00,209.20097608774554,209.87614611963912,206.9173363611122,207.98965454101562,5580100,0.0,0.0,-0.017079588891106723,0.022451038733474777,8752480.0,217.1217239379883,0,18,3,2021,3,CRM
2021-03-19 00:00:00-04:00,208.31729670626257,211.23638239345686,207.582571159302,210.69029235839844,7088400,0.0,0.0,0.012984481479824117,0.022903740921320772,8874515.0,215.41594619750975,0,19,3,2021,4,CRM
2021-03-22 00:00:00-04:00,209.97544042112094,215.4363111684612,209.86622240016484,213.63919067382812,5002500,0.0,0.0,0.01399636538741622,0.0230657558592398,8871890.0,214.13611755371093,0,22,3,2021,0,CRM
2021-03-23 00:00:00-04:00,213.23208471613415,215.8830871854714,212.8051512228639,213.4703826904297,4578000,0.0,0.0,-0.0007901545726044512,0.02274547346844193,8668710.0,213.11145935058593,0,23,3,2021,1,CRM
2021-03-24 00:00:00-04:00,213.59947174226187,213.7483985136394,207.920165223523,208.039306640625,4617700,0.0,0.0,-0.025441824675419777,0.022424435452331862,8593180.0,211.5754653930664,0,24,3,2021,2,CRM
2021-03-25 00:00:00-04:00,204.7032110193494,206.68898210958926,202.9160140080873,203.97840881347656,7977200,0.0,0.0,-0.019519858495603337,0.02133685131220114,8550595.0,210.30258560180664,0,25,3,2021,3,CRM
2021-03-26 00:00:00-04:00,204.17698019560373,207.92016289332915,203.31317463083283,207.60243225097656,7333200,0.0,0.0,0.017766701184603884,0.017122346262087383,7898610.0,209.93472061157226,0,26,3,2021,4,CRM
2021-03-29 00:00:00-04:00,207.52298915035675,210.1442062169743,204.52448590271453,209.27047729492188,5686900,0.0,0.0,0.008034804919475835,0.017201013325701883,7481570.0,209.5986297607422,0,29,3,2021,0,CRM
2021-03-30 00:00:00-04:00,207.15562606809792,209.78676653161776,205.88473386493777,208.50595092773438,4717900,0.0,0.0,-0.0036532929874769637,0.01672835352194077,7206890.0,209.42636337280274,0,30,3,2021,1,CRM
2021-03-31 00:00:00-04:00,208.94282142614495,212.14983726285269,208.615167401927,210.36264038085938,6838000,0.0,0.0,0.00890473123123714,0.014753280082820073,6975840.0,209.7177749633789,0,31,3,2021,2,CRM
2021-04-01 00:00:00-04:00,212.0803560857725,217.37242264887303,211.85198150482577,217.16392517089844,7763500,0.0,0.0,0.03233123893922141,0.016221391623950004,6723990.0,210.38251113891602,0,1,4,2021,3,CRM
2021-04-05 00:00:00-04:00,218.0475776994692,220.26170804562219,217.3724077047632,218.7227325439453,5553200,0.0,0.0,0.0071780217263073265,0.015320908906189125,6431350.0,210.85562057495116,0,5,4,2021,0,CRM
2021-04-06 00:00:00-04:00,218.25609043358187,219.973778047897,216.69725297967045,219.5170440673828,5448500,0.0,0.0,0.0036315910751429925,0.014805319146173562,6224955.0,211.5193634033203,0,6,4,2021,1,CRM
2021-04-07 00:00:00-04:00,220.38086658344707,221.09573018686677,217.82914364190262,219.21917724609375,4403400,0.0,0.0,-0.0013569188786891617,0.014396518395261123,5958515.0,211.97906875610352,0,7,4,2021,2,CRM
2021-04-08 00:00:00-04:00,221.4134684563877,224.10419485126408,220.86737839651641,222.8531494140625,6169100,0.0,0.0,0.016576889912734538,0.01474837521680702,5907650.0,212.59912490844727,0,8,4,2021,3,CRM
2021-04-09 00:00:00-04:00,222.7340009640421,229.66433735425684,222.0389841599054,229.63455200195312,7319300,0.0,0.0,0.030429915869354618,0.015608246899024495,5952065.0,213.36017150878905,0,9,4,2021,4,CRM
2021-04-12 00:00:00-04:00,227.8870947765926,228.21474882482423,225.53394573024394,227.1324920654297,6205700,0.0,0.0,-0.0108958339009112,0.01521743416486787,5956620.0,214.18178482055663,0,12,4,2021,0,CRM
2021-04-13 00:00:00-04:00,227.3707698953563,231.8288310561209,226.87432716632713,230.34942626953125,5397100,0.0,0.0,0.014163249717591642,0.015386400471242326,5939790.0,215.13495407104492,0,13,4,2021,1,CRM
2021-04-14 00:00:00-04:00,231.19340511154743,231.481335253369,226.04032671122937,226.39776611328125,4617600,0.0,0.0,-0.017155068368289172,0.016093735593149142,5905120.0,215.80713806152343,0,14,4,2021,2,CRM
2021-04-15 00:00:00-04:00,228.23460939664056,231.42177885791182,227.8672465705053,231.34234619140625,5073900,0.0,0.0,0.021840233510302953,0.01644535110780693,5868560.0,216.7940673828125,0,15,4,2021,3,CRM
2021-04-16 00:00:00-04:00,232.3352131736557,232.3352131736557,228.25445305421172,230.2600860595703,5088700,0.0,0.0,-0.004678175654622696,0.0158063935496609,5843990.0,217.90758895874023,0,16,4,2021,4,CRM
2021-04-19 00:00:00-04:00,229.1877614544329,230.5480097394089,227.24169921112164,228.860107421875,4257700,0.0,0.0,-0.006079988336897935,0.015887977035312282,5702455.0,218.81607971191406,0,19,4,2021,0,CRM
2021-04-20 00:00:00-04:00,228.36366025379417,229.80334116882642,225.27578580696192,226.3381805419922,4081200,0.0,0.0,-0.011019512785747088,0.016065183281337127,5656390.0,219.45102920532227,0,20,4,2021,1,CRM
2021-04-21 00:00:00-04:00,225.4942258002186,229.14803715659065,225.05735375755881,228.919677734375,4024000,0.0,0.0,0.011405487073374632,0.01614447453603554,5628690.0,220.22349395751954,0,21,4,2021,2,CRM
2021-04-22 00:00:00-04:00,228.3636543634727,232.2259781725675,227.38069231017334,229.7040557861328,4975400,0.0,0.0,0.0034264334963285403,0.014628443793755493,5646575.0,221.3067314147949,0,22,4,2021,3,CRM
2021-04-23 00:00:00-04:00,231.28275697564996,233.8146180983664,230.10122077503357,231.84869384765625,5447100,0.0,0.0,0.009336526750403529,0.013451557669774915,5520070.0,222.70024566650392,0,23,4,2021,4,CRM
2021-04-26 00:00:00-04:00,232.37492501702388,234.1224132628312,230.76645529097945,233.7848358154297,3459600,0.0,0.0,0.008350885811095665,0.013199230685503015,5326390.0,224.00936584472657,0,26,4,2021,0,CRM
2021-04-27 00:00:00-04:00,233.7848232886364,234.22168017644933,230.2600767819489,232.54371643066406,3445200,0.0,0.0,-0.005308810472829273,0.013428268234720538,5214305.0,225.17302780151368,0,27,4,2021,1,CRM
2021-04-28 00:00:00-04:00,233.3280878563025,236.63439832352793,231.8685449883319,235.19471740722656,4274500,0.0,0.0,0.011400011220483508,0.013317220619934162,5192135.0,226.5074661254883,0,28,4,2021,2,CRM
2021-04-29 00:00:00-04:00,235.63162080831623,235.97912168251906,230.51825081428578,232.6926727294922,4140800,0.0,0.0,-0.01063818399204186,0.013810298939868822,5057275.0,227.62396774291992,0,29,4,2021,3,CRM
2021-04-30 00:00:00-04:00,231.14374829148733,232.83165061773184,227.88708505136864,228.681396484375,5024800,0.0,0.0,-0.017238515497994822,0.013104887113601455,4920340.0,228.19984130859376,0,30,4,2021,4,CRM
2021-05-03 00:00:00-04:00,229.1281818137033,229.8132752050427,221.48296680283568,222.1680450439453,5835700,0.0,0.0,-0.028482209486921373,0.014778122677266203,4934465.0,228.37210693359376,0,3,5,2021,0,CRM
2021-05-04 00:00:00-04:00,220.09293392657563,220.42058796996412,212.8349431161061,215.63487243652344,6727500,0.0,0.0,-0.02940644594558861,0.016230160490846735,4998415.0,228.1779983520508,0,4,5,2021,1,CRM
2021-05-05 00:00:00-04:00,217.26322031839004,218.00788447059145,213.31152497587502,213.86753845214844,4205800,0.0,0.0,-0.00819595626813674,0.01631507805277127,4988535.0,227.91041641235353,0,5,5,2021,2,CRM
2021-05-06 00:00:00-04:00,214.27460365323694,216.72703189371026,211.98104071867812,216.49867248535156,5200000,0.0,0.0,0.012302633921191575,0.016097770518409625,4940080.0,227.59269256591796,0,6,5,2021,3,CRM
2021-05-07 00:00:00-04:00,218.9411978512028,219.67593864810934,213.55975972585094,214.95973205566406,5774700,0.0,0.0,-0.007108313469181282,0.014287379324848854,4862850.0,226.85895156860352,0,7,5,2021,4,CRM
2021-05-10 00:00:00-04:00,213.96683244759495,214.42356645906034,211.71297804471342,212.3682861328125,5263700,0.0,0.0,-0.01205549475741119,0.014322569194028497,4815750.0,226.12074127197266,0,10,5,2021,0,CRM
2021-05-11 00:00:00-04:00,207.51307119588532,215.0292217644211,207.42371513621035,214.02639770507812,6097900,0.0,0.0,0.007807717444348938,0.013982180838758474,4850790.0,225.30458984375,0,11,5,2021,1,CRM
2021-05-12 00:00:00-04:00,211.82219679097906,211.85198214506545,207.51307719719793,209.0421142578125,5482500,0.0,0.0,-0.02328817146253992,0.014357903305959594,4894035.0,224.43680725097656,0,12,5,2021,2,CRM
2021-05-13 00:00:00-04:00,211.45481033779114,214.10581260656372,208.97259677337158,210.3527069091797,5337000,0.0,0.0,0.006269514906220408,0.013270766764328994,4907190.0,223.38732528686523,0,13,5,2021,3,CRM
2021-05-14 00:00:00-04:00,212.66615149509872,216.71712622600717,212.62642759025502,216.11146545410156,4429000,0.0,0.0,0.02737667905271235,0.015080706335094018,4874205.0,222.6798942565918,0,14,5,2021,4,CRM
2021-05-17 00:00:00-04:00,215.0490819718113,216.17104751399356,211.3059142810507,213.52996826171875,3816100,0.0,0.0,-0.01194521163862583,0.015199142674032499,4852125.0,221.91338729858398,0,17,5,2021,0,CRM
2021-05-18 00:00:00-04:00,213.90726408261528,215.80367910823577,212.2689938444231,212.80516052246094,3540600,0.0,0.0,-0.003394407563295454,0.015091905455987018,4825095.0,221.23673629760742,0,18,5,2021,1,CRM
2021-05-19 00:00:00-04:00,214.31435720168912,220.0234492520212,212.9838790183923,219.76528930664062,8092100,0.0,0.0,0.03270657895274609,0.01681320478106822,5028500.0,220.7790168762207,0,19,5,2021,2,CRM
2021-05-20 00:00:00-04:00,221.3936157757647,225.21623120471824,220.7780315826195,222.18792724609375,6705500,0.0,0.0,0.011023751508241197,0.017024477921220228,5115005.0,220.40321044921876,0,20,5,2021,3,CRM
2021-05-21 00:00:00-04:00,223.6077537159924,224.17369058197102,220.85745659471198,220.9964599609375,4913600,0.0,0.0,-0.005362430353097358,0.01684729050918694,5088330.0,219.8605987548828,0,21,5,2021,4,CRM
2021-05-24 00:00:00-04:00,223.3992287720564,225.98073703129208,222.6148559238023,225.3750762939453,5288300,0.0,0.0,0.019813060959355422,0.017412695290489992,5179765.0,219.4401107788086,0,24,5,2021,0,CRM
2021-05-25 00:00:00-04:00,226.37789595169346,228.08566023843522,224.67013166495173,226.0899658203125,6256300,0.0,0.0,0.0031719990432073075,0.01742309408926517,5320320.0,219.117423248291,0,25,5,2021,1,CRM
2021-05-26 00:00:00-04:00,226.8544845924715,228.6019728440675,226.66583391528957,228.0459442138672,5807100,0.0,0.0,0.00865132774229016,0.017328541694973262,5396950.0,218.75998458862304,0,26,5,2021,2,CRM
2021-05-27 00:00:00-04:00,227.8870929552703,227.8870929552703,223.78647083469056,224.2233428955078,15344100,0.0,0.0,-0.016762417466080648,0.017553044653656404,5957115.0,218.33651809692384,0,27,5,2021,3,CRM
2021-05-28 00:00:00-04:00,237.51806325485555,241.76761185281686,236.13795305809097,236.40603637695312,17810800,0.0,0.0,0.05433285100527052,0.021147380710852818,6596415.0,218.72275009155274,0,28,5,2021,4,CRM
2021-06-01 00:00:00-04:00,236.30675877152663,236.70390692785696,230.80617954017342,234.51956176757812,8103900,0.0,0.0,-0.007979807276862316,0.020067851073189022,6709825.0,219.34032592773437,0,1,6,2021,1,CRM
2021-06-02 00:00:00-04:00,232.73233913948349,236.59466286293824,232.2358964236141,232.95077514648438,5543900,0.0,0.0,-0.00668936360476613,0.01874229256700159,6650645.0,220.20612106323242,0,2,6,2021,2,CRM
2021-06-03 00:00:00-04:00,231.2331266387031,231.52105679642764,227.79773579867043,229.1977081298828,5109000,0.0,0.0,-0.016110987457507053,0.019094376500630013,6695805.0,220.97262954711914,0,3,6,2021,3,CRM
2021-06-04 00:00:00-04:00,229.98206491571005,236.19752246738392,229.87284690864124,235.79043579101562,6177600,0.0,0.0,0.028764369918554467,0.019828234811650056,6744685.0,221.93721771240234,0,4,6,2021,4,CRM
2021-06-07 00:00:00-04:00,234.91671798390618,237.76629455265973,234.16211529933048,236.4457550048828,3510800,0.0,0.0,0.0027792442541987317,0.019647028550002044,6631490.0,223.0115188598633,0,7,6,2021,0,CRM
2021-06-08 00:00:00-04:00,237.10106370370855,240.06978169355028,233.99332719772622,234.7379913330078,5827300,0.0,0.0,-0.0072226446689209745,0.019455583567897002,6659670.0,224.13000411987304,0,8,6,2021,1,CRM
2021-06-09 00:00:00-04:00,237.17055989581775,237.17055989581775,233.83446393442912,234.41033935546875,3350900,0.0,0.0,-0.0013958199764699808,0.019499380022010418,6522320.0,225.1492012023926,0,9,6,2021,2,CRM
2021-06-10 00:00:00-04:00,234.32097798551715,238.58045011415248,233.47701925047713,238.48117065429688,4659500,0.0,0.0,0.017366261701686092,0.018518478868199927,6481170.0,226.62115402221679,0,10,6,2021,3,CRM
2021-06-11 00:00:00-04:00,237.32941905558533,238.65988198505985,236.71383489572736,238.60031127929688,4624200,0.0,0.0,0.0004995808460397377,0.018571548552580502,6445530.0,228.03353424072264,0,11,6,2021,4,CRM
2021-06-14 00:00:00-04:00,238.9875542469544,244.88529697105534,238.7691182090076,244.50799560546875,6764700,0.0,0.0,0.024759751127300778,0.018425222280468542,6562315.0,229.453360748291,0,14,6,2021,0,CRM
2021-06-15 00:00:00-04:00,243.4654655239518,243.61439229216452,240.2882197332598,240.8541717529297,5135300,0.0,0.0,-0.014943576153782612,0.018593350987327683,6628275.0,230.81957092285157,0,15,6,2021,1,CRM
2021-06-16 00:00:00-04:00,240.27830258608745,243.26688263111217,237.7762267633742,240.66552734375,5099300,0.0,0.0,-0.0007832308147570632,0.018531497155551493,6706210.0,232.21258926391602,0,16,6,2021,2,CRM
2021-06-17 00:00:00-04:00,240.27830488913014,245.4214448043154,239.48399341316943,242.69100952148438,5170200,0.0,0.0,0.008416170774808718,0.017477930866334642,6560115.0,233.3588752746582,0,17,6,2021,3,CRM
2021-06-18 00:00:00-04:00,240.12937335582743,244.25976567853533,239.34498529690532,241.05274963378906,7822200,0.0,0.0,-0.006750393807028465,0.017613110283430215,6615950.0,234.30211639404297,0,18,6,2021,4,CRM
2021-06-21 00:00:00-04:00,241.71797549430636,242.97894433988677,237.19041997186125,242.7406463623047,5895100,0.0,0.0,0.0070021882392128365,0.01747523734564673,6665025.0,235.38932571411132,0,21,6,2021,0,CRM
2021-06-22 00:00:00-04:00,242.06549505051734,242.97894791935934,239.1761945244719,241.38040161132812,4457200,0.0,0.0,-0.005603695843119372,0.017252266807149,6623470.0,236.18959197998046,0,22,6,2021,1,CRM
2021-06-23 00:00:00-04:00,242.01584552141537,242.76050966148125,239.13648357325286,240.1194305419922,4482400,0.0,0.0,-0.005223999384035949,0.0173643772499185,6534775.0,236.89106521606445,0,23,6,2021,2,CRM
2021-06-24 00:00:00-04:00,241.6186954692835,245.9278149564494,240.97331079617422,242.03570556640625,4987300,0.0,0.0,0.007980507950100968,0.01735384705768372,6493785.0,237.5905532836914,0,24,6,2021,3,CRM
2021-06-25 00:00:00-04:00,242.45271737506394,242.4626407761736,239.2754867434397,240.1492156982422,15409300,0.0,0.0,-0.007794262684298392,0.01692354632327067,6497045.0,238.38684692382813,0,25,6,2021,4,CRM
2021-06-28 00:00:00-04:00,242.47257769929683,245.82852042974395,241.86691693059873,242.83001708984375,4274900,0.0,0.0,0.011163065362537417,0.012202979868966504,5820250.0,238.70804595947266,0,28,6,2021,0,CRM
2021-06-29 00:00:00-04:00,242.7009394270446,245.02428791252024,240.70522983163312,244.06118774414062,3871900,0.0,0.0,0.005070092524193104,0.012021933695501748,5608650.0,239.18512725830078,0,29,6,2021,1,CRM
2021-06-30 00:00:00-04:00,243.73351792952985,244.87534529609485,241.76760896522399,242.53213500976562,4168800,0.0,0.0,-0.006265038486897634,0.012006036360432331,5539895.0,239.66419525146483,0,30,6,2021,2,CRM
2021-07-01 00:00:00-04:00,242.760510255709,244.83563736171672,240.89388062530085,243.23709106445312,3899600,0.0,0.0,0.0029066501008583323,0.011216145489556576,5479425.0,240.36616439819335,0,1,7,2021,3,CRM
2021-07-02 00:00:00-04:00,245.16329655923508,247.1887915519082,244.09097835433127,246.43418884277344,4056200,0.0,0.0,0.013143956640532029,0.009782547649645222,5373355.0,240.89835205078126,0,2,7,2021,4,CRM
2021-07-06 00:00:00-04:00,247.22849757664213,251.12060704576476,246.6129133946055,248.4696044921875,5590200,0.0,0.0,0.00825946943065059,0.009874318297086297,5477325.0,241.4995445251465,0,6,7,2021,1,CRM
2021-07-07 00:00:00-04:00,251.20004097836082,251.69648374709277,246.09660992180574,246.6724853515625,5101400,0.0,0.0,-0.007232752449934043,0.009874843934636056,5441030.0,242.0962692260742,0,7,7,2021,2,CRM
2021-07-08 00:00:00-04:00,243.09809274374413,244.82571904287244,240.02015665018166,244.05126953125,5159600,0.0,0.0,-0.010626299956303153,0.010275497797177402,5531465.0,242.57831573486328,0,8,7,2021,3,CRM
2021-07-09 00:00:00-04:00,243.84275644516867,246.23561423569194,242.35342813325926,243.3165283203125,4213500,0.0,0.0,-0.003010601880288233,0.009671156536015227,5509165.0,242.82008361816406,0,9,7,2021,4,CRM
2021-07-12 00:00:00-04:00,245.46117339932516,245.5008821562776,240.12938270235503,241.1818389892578,5604500,0.0,0.0,-0.008773301780158893,0.00991797683073731,5558180.0,242.94916000366212,0,12,7,2021,0,CRM
2021-07-13 00:00:00-04:00,240.56623264150622,245.40159556006543,239.96057185151233,242.283935546875,6699800,0.0,0.0,0.00456956693852173,0.008207904808711164,5554935.0,242.83795700073242,0,13,7,2021,1,CRM
2021-07-14 00:00:00-04:00,242.76052641218863,244.39878157328246,238.16346128890612,240.7052459716797,6375700,0.0,0.0,-0.006515865658331621,0.007618463709192286,5616955.0,242.83051071166992,0,14,7,2021,2,CRM
2021-07-15 00:00:00-04:00,239.5038426208058,240.30807745545857,234.14226695630032,235.88973999023438,7912600,0.0,0.0,-0.020005820654244832,0.008837100403603934,5757620.0,242.59172134399415,0,15,7,2021,3,CRM
2021-07-16 00:00:00-04:00,236.60462353845318,239.16627000990803,236.07839542244204,236.7336883544922,7288100,0.0,0.0,0.0035777239158123475,0.008630596236093059,5863515.0,242.29385528564453,0,16,7,2021,4,CRM
2021-07-19 00:00:00-04:00,234.82734542425607,236.80319303405295,232.64300034245764,235.85995483398438,8843000,0.0,0.0,-0.003690786582091543,0.008553931488345483,5914555.0,242.0342155456543,0,19,7,2021,0,CRM
2021-07-20 00:00:00-04:00,237.00176123446872,241.4498839463424,234.58905678826005,238.4017333984375,8487000,0.0,0.0,0.010776643140808728,0.008779673540639143,6044150.0,241.81726989746093,0,20,7,2021,1,CRM
2021-07-21 00:00:00-04:00,239.72228073121445,241.25131775544207,236.5748354723959,240.38751220703125,15323100,0.0,0.0,0.008329548532581166,0.00893526745617875,6587445.0,241.7676254272461,0,21,7,2021,2,CRM
2021-07-22 00:00:00-04:00,241.76761935970856,246.93062093200533,241.60875404358117,246.51361083984375,7868700,0.0,0.0,0.02548426320721875,0.010518833524482959,6756760.0,242.08733444213868,0,22,7,2021,3,CRM
2021-07-23 00:00:00-04:00,248.22139067712268,248.77740416820242,244.92500333681943,246.4838409423828,5877300,0.0,0.0,-0.0001207637069592371,0.010406147508597299,6801260.0,242.3097412109375,0,23,7,2021,4,CRM
2021-07-26 00:00:00-04:00,246.434177408458,246.71218413569332,244.07112022695776,245.8384552001953,3960700,0.0,0.0,-0.002618369381619523,0.010239949601824047,6228830.0,242.59420318603514,0,26,7,2021,0,CRM
2021-07-27 00:00:00-04:00,245.45123057628788,246.36468341623268,239.47405563749055,241.7775421142578,6352500,0.0,0.0,-0.016518624324378228,0.010686475509350748,6332710.0,242.54157943725585,0,27,7,2021,1,CRM
2021-07-28 00:00:00-04:00,242.0853618635046,244.3292777504785,241.27118844109856,242.224365234375,4100200,0.0,0.0,0.0018480753680010231,0.010627557065546007,6344125.0,242.4497383117676,0,28,7,2021,2,CRM
2021-07-29 00:00:00-04:00,241.75771228949455,244.40871493674481,241.75771228949455,242.3037872314453,3271100,0.0,0.0,0.0003278860778248571,0.010535433029961312,6299240.0,242.43832092285157,0,29,7,2021,3,CRM
2021-07-30 00:00:00-04:00,241.27118078672862,242.50236428268633,239.91093247563447,240.2087860107422,3748400,0.0,0.0,-0.008646176127251382,0.010683666237807228,6291680.0,242.28690567016602,0,30,7,2021,4,CRM
2021-08-02 00:00:00-04:00,240.58607371115005,240.7449390210182,237.180483850894,239.14639282226562,3525700,0.0,0.0,-0.004422790715194913,0.010208204742430397,6265155.0,241.92251586914062,0,2,8,2021,0,CRM
2021-08-03 00:00:00-04:00,239.66272640014347,241.32084350245685,237.33936262632767,239.4145050048828,3077900,0.0,0.0,0.001121121583533391,0.009972921491572497,6139540.0,241.4697608947754,0,3,8,2021,1,CRM
2021-08-04 00:00:00-04:00,239.90100016226074,242.90944214692016,237.96487638256377,242.432861328125,4121600,0.0,0.0,0.012607240831881139,0.010383156686149352,6090550.0,241.2577796936035,0,4,8,2021,2,CRM
2021-08-05 00:00:00-04:00,242.93921791317382,249.1149669617644,241.8073290443129,248.7773895263672,5235200,0.0,0.0,0.026170248387470396,0.011726395358540155,6094330.0,241.49408569335938,0,5,8,2021,3,CRM
2021-08-06 00:00:00-04:00,247.4568497918664,250.286579536895,247.44692639091448,248.8071746826172,4045400,0.0,0.0,0.00011972613872468507,0.011690539314744045,6085925.0,241.76861801147462,0,6,8,2021,4,CRM
2021-08-09 00:00:00-04:00,249.6312693213189,250.624154816265,246.08667598248113,247.5462188720703,3312200,0.0,0.0,-0.0050680042171427075,0.011553038143858768,5971310.0,242.08683700561522,0,9,8,2021,0,CRM
2021-08-10 00:00:00-04:00,249.08518079488465,249.46248213334914,241.31088550380576,241.6584014892578,4430600,0.0,0.0,-0.023784719514763686,0.012810547506622794,5857850.0,242.05556030273436,0,10,8,2021,1,CRM
2021-08-11 00:00:00-04:00,242.9292853323816,244.39875158111136,238.39180662744081,240.55628967285156,3999200,0.0,0.0,-0.004560618665083949,0.012766001909738624,5739025.0,242.04811248779296,0,11,8,2021,2,CRM
2021-08-12 00:00:00-04:00,240.77473815594777,246.66254200657838,240.2087861384808,246.62283325195312,4467400,0.0,0.0,0.02521881089599387,0.013029825254622348,5566765.0,242.58476715087892,0,12,8,2021,3,CRM
2021-08-13 00:00:00-04:00,249.91922084876882,251.96456259546923,247.0994144584313,249.77027893066406,5986400,0.0,0.0,0.012762182792278143,0.013237147464656415,5501680.0,243.2365966796875,0,13,8,2021,4,CRM
2021-08-16 00:00:00-04:00,248.39016313303554,249.21425991412585,242.73071882638632,247.42706298828125,4047500,0.0,0.0,-0.009381484267923179,0.013442822271133078,5261905.0,243.81495208740233,0,16,8,2021,0,CRM
2021-08-17 00:00:00-04:00,246.49375706395864,247.42707188937703,244.19027050462662,245.23280334472656,3472600,0.0,0.0,-0.008868308975799488,0.013522340942179517,5011185.0,244.1565055847168,0,17,8,2021,1,CRM
2021-08-18 00:00:00-04:00,246.2356009983993,254.9729811717067,245.95759427380662,249.4326934814453,8306700,0.0,0.0,0.017126135163960665,0.01389412110031191,4660365.0,244.6087646484375,0,18,8,2021,2,CRM
2021-08-19 00:00:00-04:00,247.3972838800129,253.6226803495797,246.61291098315962,251.26954650878906,6600800,0.0,0.0,0.007364122969230502,0.012827908868135023,4596970.0,244.84656143188477,0,19,8,2021,3,CRM
2021-08-20 00:00:00-04:00,251.2000332901697,256.0353808615549,250.81280854841938,254.30776977539062,5510700,0.0,0.0,0.012091490229578117,0.013058638176361948,4578640.0,245.23775787353514,0,20,8,2021,4,CRM
2021-08-23 00:00:00-04:00,255.1715881710526,259.9969974342676,254.74465465361672,258.6665344238281,7603900,0.0,0.0,0.017139722676531743,0.013460365623239315,4760800.0,245.8791618347168,0,23,8,2021,0,CRM
2021-08-24 00:00:00-04:00,260.0565835142281,260.63244377207417,257.216915227748,257.8126525878906,6685200,0.0,0.0,-0.0033010912595998754,0.0127777755948002,4777435.0,246.68091735839843,0,24,8,2021,1,CRM
2021-08-25 00:00:00-04:00,259.00410991133737,260.03671936699857,256.9091359460092,258.99420166015625,9701000,0.0,0.0,0.004582975507235076,0.01277613050587784,5057475.0,247.5194091796875,0,25,8,2021,2,CRM
2021-08-26 00:00:00-04:00,267.88047524024734,273.26192756983056,265.4578323819651,265.8847961425781,18987000,0.0,0.0,0.026605207522998775,0.013754055816962641,5843270.0,248.69845962524414,0,26,8,2021,3,CRM
2021-08-27 00:00:00-04:00,265.95431353491534,268.9826326957104,263.5416088782864,264.6337890625,7992500,0.0,0.0,-0.004705071889132384,0.01357924143965146,6055475.0,249.91970977783203,0,27,8,2021,4,CRM
2021-08-30 00:00:00-04:00,263.91892017427716,265.6763167865157,262.8664638572804,263.08489990234375,5730000,0.0,0.0,-0.005852953115486059,0.013634797391986303,6165690.0,251.11663513183595,0,30,8,2021,0,CRM
2021-08-31 00:00:00-04:00,262.88630866623663,264.87207986066505,260.83105850835574,263.38275146484375,5901500,0.0,0.0,0.0011321499736798302,0.013634638050274648,6306870.0,252.31504745483397,0,31,8,2021,1,CRM
2021-09-01 00:00:00-04:00,264.3756078302545,271.31589799171473,263.70045297091156,266.4110412597656,7189000,0.0,0.0,0.011497676966618187,0.013603720740552529,6460240.0,253.51395645141602,0,1,9,2021,2,CRM
2021-09-02 00:00:00-04:00,267.0861604310794,267.3443203194637,262.04231616108734,262.2706604003906,4498300,0.0,0.0,-0.015541326064402505,0.013352418499440195,6423395.0,254.1886199951172,0,2,9,2021,3,CRM
2021-09-03 00:00:00-04:00,261.72464813726265,265.5075398191209,259.93743589120714,265.17987060546875,7356700,0.0,0.0,0.0110923966891181,0.013464527158938278,6588960.0,255.00725479125975,0,3,9,2021,4,CRM
2021-09-07 00:00:00-04:00,264.6437359669008,265.99404583693706,262.1913073260444,263.32318115234375,4672500,0.0,0.0,-0.007001622894248105,0.013534365979381978,6656975.0,255.79610290527344,0,7,9,2021,1,CRM
2021-09-08 00:00:00-04:00,261.74447242073427,262.4593511975564,259.7189775029948,260.7515869140625,3851500,0.0,0.0,-0.009765924241943114,0.01237794034741301,6628020.0,256.75076217651366,0,8,9,2021,2,CRM
2021-09-09 00:00:00-04:00,259.95728201038065,261.8338197995365,258.5970337594113,258.88494873046875,4126500,0.0,0.0,-0.0071586838863955116,0.012484379070034997,6634385.0,257.66719512939454,0,9,9,2021,3,CRM
2021-09-10 00:00:00-04:00,259.1431002630539,259.72889903755515,254.67511577575988,255.37014770507812,5280900,0.0,0.0,-0.013576691277830788,0.011977008168384505,6675060.0,258.1045608520508,0,10,9,2021,4,CRM
2021-09-13 00:00:00-04:00,255.171577819794,255.8566712504288,250.39580090798185,252.30213928222656,5258200,0.0,0.0,-0.012013966590937453,0.012065797626834721,6638650.0,258.2311538696289,0,13,9,2021,0,CRM
2021-09-14 00:00:00-04:00,252.30212744861734,253.29501291885703,251.20002397064206,252.56027221679688,4097500,0.0,0.0,0.0010231103680082843,0.01183611576654141,6641150.0,258.48781433105466,0,14,9,2021,1,CRM
2021-09-15 00:00:00-04:00,252.72908527155587,254.92336903824,251.15040085787118,254.3375701904297,4764600,0.0,0.0,0.007037124081443746,0.011664656510596515,6705750.0,258.9430526733398,0,15,9,2021,2,CRM
2021-09-16 00:00:00-04:00,253.71206612545032,259.3615878354821,253.18583794879103,258.5076904296875,5122600,0.0,0.0,0.016396005655537005,0.011615497606451291,6546545.0,259.396802520752,0,16,9,2021,3,CRM
2021-09-17 00:00:00-04:00,257.42540723700796,259.83814197937306,256.83960844044213,258.67645263671875,7049400,0.0,0.0,0.0006528324428209942,0.011544607905499974,6568975.0,259.76714782714845,0,17,9,2021,4,CRM
2021-09-20 00:00:00-04:00,254.76449578265456,257.3658510362098,253.12624071004157,256.3829040527344,5985500,0.0,0.0,-0.008866476096320186,0.011485236433025897,6592715.0,259.87090454101565,0,20,9,2021,0,CRM
2021-09-21 00:00:00-04:00,257.6240330197648,260.6821073969984,255.93611534566847,256.13470458984375,6040600,0.0,0.0,-0.0009680811745528262,0.010794861601292385,6514550.0,259.7443130493164,0,21,9,2021,1,CRM
2021-09-22 00:00:00-04:00,257.0580428874302,258.5076471938127,254.38717854114992,257.3261413574219,4355600,0.0,0.0,0.0046516022476768,0.01083020691243397,6398070.0,259.719987487793,0,22,9,2021,2,CRM
2021-09-23 00:00:00-04:00,268.07911242673737,277.40232276980106,264.50471820095476,275.8831787109375,15617200,0.0,0.0,0.07211485492933334,0.019446770427041345,6693880.0,260.564436340332,0,23,9,2021,3,CRM
2021-09-24 00:00:00-04:00,276.5186216734954,284.3226874393407,276.2306763840328,283.597900390625,13368300,0.0,0.0,0.027963726225478824,0.019534494393444787,6412945.0,261.45009155273436,0,24,9,2021,4,CRM
2021-09-27 00:00:00-04:00,280.43062062542487,281.74123693317523,277.0548155331148,277.69024658203125,5941100,0.0,0.0,-0.020831091487125253,0.020208078919138842,6310375.0,262.10291442871096,0,27,9,2021,0,CRM
2021-09-28 00:00:00-04:00,273.15274848131224,274.73146328214136,268.1188414142872,270.3428955078125,7127100,0.0,0.0,-0.0264588013610636,0.021164347486193134,6380230.0,262.4658142089844,0,28,9,2021,1,CRM
2021-09-29 00:00:00-04:00,271.5442489907008,272.72578517406106,267.32448556454585,268.5755310058594,4361900,0.0,0.0,-0.006537491945676321,0.021242019900905983,6303250.0,262.72545318603517,0,29,9,2021,2,CRM
2021-09-30 00:00:00-04:00,268.724453268951,272.30878566357165,268.5159557990467,269.2904052734375,5224200,0.0,0.0,0.0026617252320075835,0.02110771696476976,6205010.0,262.8694213867187,0,30,9,2021,3,CRM
2021-10-01 00:00:00-04:00,269.5684673692753,274.37403051799754,266.85787850192446,273.3017272949219,4756000,0.0,0.0,0.014895896559742994,0.020968575903302828,6217895.0,263.4209747314453,0,1,10,2021,4,CRM
2021-10-04 00:00:00-04:00,273.26194943150705,273.3413669395686,264.2465623937042,268.9329528808594,6393800,0.0,0.0,-0.015985169421736334,0.021241043479073823,6169750.0,263.60862884521487,0,4,10,2021,0,CRM
2021-10-05 00:00:00-04:00,270.1740948128505,271.60385254714527,269.1017916623619,269.8365173339844,4050400,0.0,0.0,0.0033598130814609384,0.021164098706843295,6138645.0,263.9342956542969,0,5,10,2021,1,CRM
2021-10-06 00:00:00-04:00,267.7514199390628,273.52998995574,265.59684528251347,273.3115539550781,4745500,0.0,0.0,0.01287830370561971,0.02113932749207595,6183345.0,264.56229400634766,0,6,10,2021,2,CRM
2021-10-07 00:00:00-04:00,274.92999706190784,277.51150549873256,272.1300525965719,272.6264953613281,5374200,0.0,0.0,-0.002506511648836418,0.021052151818925245,6245730.0,265.24937133789064,0,7,10,2021,3,CRM
2021-10-08 00:00:00-04:00,273.57970083541557,274.9498877820771,270.3329456008142,270.5414733886719,2683300,0.0,0.0,-0.00764790659797332,0.02085026673086222,6115850.0,266.0079376220703,0,8,10,2021,4,CRM
2021-10-11 00:00:00-04:00,269.846413084589,274.304459169558,269.5783449146029,271.8023986816406,2693000,0.0,0.0,0.004660746750488887,0.020545637845178294,5987590.0,266.982950592041,0,11,10,2021,0,CRM
2021-10-12 00:00:00-04:00,274.4534139945322,278.7525947324691,274.0562355675464,277.0150451660156,5970100,0.0,0.0,0.019178073886244595,0.02081005213615626,6081220.0,268.20568923950196,0,12,10,2021,1,CRM
2021-10-13 00:00:00-04:00,278.00796755464614,283.0716901666271,276.6179337769657,282.3865966796875,6573500,0.0,0.0,0.019390829514161156,0.02106076676315555,6171665.0,269.60814056396487,0,13,10,2021,2,CRM
2021-10-14 00:00:00-04:00,283.9652759151354,288.5722795511278,282.6348128738264,287.9566650390625,5433900,0.0,0.0,0.019724974290097563,0.021164725901272125,6187230.0,271.0805892944336,0,14,10,2021,3,CRM
2021-10-15 00:00:00-04:00,290.4090730960968,290.7863744379346,287.2616429979547,289.5849914550781,5119300,0.0,0.0,0.005654762030928184,0.021132512249469354,6090725.0,272.6260162353516,0,15,10,2021,4,CRM
2021-10-18 00:00:00-04:00,288.71125730899746,291.1636858150076,286.6559769605453,289.6247253417969,5163300,0.0,0.0,0.0001372097584171339,0.02089672080461398,6049615.0,274.28810729980466,0,18,10,2021,0,CRM
2021-10-19 00:00:00-04:00,290.0218490216061,293.4274388784174,289.2870931766516,290.2601318359375,3631200,0.0,0.0,0.0021938958885183713,0.020850614460056385,5929145.0,275.9943786621094,0,19,10,2021,1,CRM
2021-10-20 00:00:00-04:00,291.0246568923709,293.3083117425126,285.9013943322097,288.0261535644531,4487900,0.0,0.0,-0.007696469568018616,0.021088904142728283,5935760.0,277.5293792724609,0,20,10,2021,2,CRM
2021-10-21 00:00:00-04:00,287.410591482491,289.4956572709424,286.21911666038636,287.7481689453125,2828500,0.0,0.0,-0.0009651367269966071,0.014215600626356814,5296325.0,278.1226287841797,0,21,10,2021,3,CRM
2021-10-22 00:00:00-04:00,286.9438765919868,290.9154181365125,286.12970330324924,290.4785461425781,2927000,0.0,0.0,0.009488773489934932,0.013002034312599765,4774260.0,278.46666107177737,0,22,10,2021,4,CRM
2021-10-25 00:00:00-04:00,291.21330399682785,293.0303014236407,289.64455824459526,291.82891845703125,2993500,0.0,0.0,0.004648785021770019,0.011925208323104954,4626880.0,279.17359466552733,0,25,10,2021,0,CRM
2021-10-26 00:00:00-04:00,293.67568365537363,296.23731501502874,291.5310472540414,293.01043701171875,3601400,0.0,0.0,0.0040486685176179815,0.009776364259431902,4450595.0,280.30697174072264,0,26,10,2021,1,CRM
2021-10-27 00:00:00-04:00,294.4203578376611,297.061437098686,292.99060018807677,293.0501708984375,3742700,0.0,0.0,0.0001356057044383796,0.00950506815857309,4419635.0,281.53070373535155,0,27,10,2021,2,CRM
2021-10-28 00:00:00-04:00,292.970753325527,296.68413567275763,291.4417010588296,296.2572021484375,3450400,0.0,0.0,0.010943625250815714,0.009604646067114399,4330945.0,282.87904357910156,0,28,10,2021,3,CRM
2021-10-29 00:00:00-04:00,295.87991273534806,298.6401335280418,294.16220971633476,297.5578918457031,4251900,0.0,0.0,0.00439040701064175,0.009307675589409098,4305740.0,284.09185180664065,0,29,10,2021,4,CRM
2021-11-01 00:00:00-04:00,299.35500305417685,302.6910840663791,297.58766792975615,300.6060485839844,3825100,0.0,0.0,0.01024391159439264,0.008063498439145372,4177305.0,285.6755065917969,0,1,11,2021,0,CRM
2021-11-02 00:00:00-04:00,299.5734176474486,301.2811819387092,297.2798545406429,300.794677734375,4177500,0.0,0.0,0.0006274961907093424,0.008126583728189692,4183660.0,287.2234146118164,0,2,11,2021,1,CRM
2021-11-03 00:00:00-04:00,301.78756364107596,301.78756364107596,296.06853339299437,300.735107421875,3260200,0.0,0.0,-0.00019804310684179427,0.008025125529201638,4109395.0,288.59459228515624,0,3,11,2021,2,CRM
2021-11-04 00:00:00-04:00,301.34077124151275,306.2158430383454,300.2485910517145,305.8484802246094,3833800,0.0,0.0,0.017002912784509938,0.008269347661132078,4032375.0,290.2556915283203,0,4,11,2021,3,CRM
2021-11-05 00:00:00-04:00,306.3051632166491,309.1845249793393,301.18187062695404,305.0640563964844,4681800,0.0,0.0,-0.00256474652922567,0.007904394902528648,4132300.0,291.98182067871096,0,5,11,2021,4,CRM
2021-11-08 00:00:00-05:00,305.01447803941676,309.17467125838095,303.7237085385161,307.75482177734375,3893000,0.0,0.0,0.008820329122491755,0.007920559715838946,4192300.0,293.7794418334961,0,8,11,2021,0,CRM
2021-11-09 00:00:00-05:00,307.7944760137308,309.53202547509864,305.03425579569046,307.50653076171875,3126500,0.0,0.0,-0.0008067818862790288,0.007451862457713902,4050120.0,295.30401611328125,0,9,11,2021,1,CRM
2021-11-10 00:00:00-05:00,304.3889603299134,306.39457843037934,295.7707201787882,297.5380554199219,4350900,0.0,0.0,-0.03241711750675391,0.01061494809908119,3938990.0,296.061589050293,0,10,11,2021,2,CRM
2021-11-11 00:00:00-05:00,299.35495105836003,303.57471405006163,299.35495105836003,300.8244323730469,2681900,0.0,0.0,0.01104523234342869,0.010043018390465796,3801390.0,296.70497741699216,0,11,11,2021,3,CRM
2021-11-12 00:00:00-05:00,302.33365536104736,305.0343053171777,299.4840786298564,304.4683532714844,3803700,0.0,0.0,0.012113114848061102,0.010260187479427854,3735610.0,297.4491455078125,0,12,11,2021,4,CRM
2021-11-15 00:00:00-05:00,304.71653092343007,305.57042814531144,301.0726583813267,303.3165588378906,3595300,0.0,0.0,-0.0037829693011369736,0.01034598622224958,3657210.0,298.1337371826172,0,15,11,2021,0,CRM
2021-11-16 00:00:00-05:00,301.9165870558641,305.39168604743946,300.5662774205006,304.9051818847656,2989400,0.0,0.0,0.005237508472869301,0.010365724676023418,3625120.0,298.8659896850586,0,16,11,2021,1,CRM
2021-11-17 00:00:00-05:00,305.5902999382908,307.69521236371975,305.0640718319336,305.8285827636719,3864700,0.0,0.0,0.003028485357966959,0.010083177328876581,3593960.0,299.75611114501953,0,17,11,2021,2,CRM
2021-11-18 00:00:00-05:00,303.9818107714819,304.8058923567165,297.4486075902933,300.8343505859375,4443100,0.0,0.0,-0.016330168137337453,0.010953167707555906,3674690.0,300.4104202270508,0,18,11,2021,3,CRM
2021-11-19 00:00:00-05:00,303.535053147351,303.822998460087,298.95786500235494,299.0273742675781,4758900,0.0,0.0,-0.006006549168470654,0.010964721573915872,3766285.0,300.8378616333008,0,19,11,2021,4,CRM
2021-11-22 00:00:00-05:00,299.69254624004554,303.31657214075324,294.60897748831246,294.7281188964844,4474700,0.0,0.0,-0.014377464209168522,0.01149072461988724,3840345.0,300.9828216552734,0,22,11,2021,0,CRM
2021-11-23 00:00:00-05:00,291.5608255119337,294.36076993723054,286.258820496211,289.3467102050781,6431100,0.0,0.0,-0.018258891318396198,0.012195108962113507,3981830.0,300.7996353149414,0,23,11,2021,1,CRM
2021-11-24 00:00:00-05:00,284.0049650823027,287.39070813242506,281.185174015733,287.1127014160156,5091400,0.0,0.0,-0.0077208715712686615,0.012297704174364123,4049265.0,300.5027618408203,0,24,11,2021,2,CRM
2021-11-26 00:00:00-05:00,282.47593356936915,285.5240994216486,281.0263291782391,282.18798828125,4195300,0.0,0.0,-0.017152543619551985,0.012471022557683559,4086510.0,299.79930114746094,0,26,11,2021,4,CRM
2021-11-29 00:00:00-05:00,287.4601806345347,296.2670999076709,282.6744958594992,294.6288146972656,8215600,0.0,0.0,0.04408701621847966,0.016202010554881522,4284695.0,299.65284729003906,0,29,11,2021,0,CRM
2021-11-30 00:00:00-05:00,294.08282638067965,297.14090109258893,281.38380942764206,282.9327087402344,13597600,0.0,0.0,-0.03969776672742997,0.018204766135866288,4773320.0,298.76918029785156,0,30,11,2021,1,CRM
2021-12-01 00:00:00-05:00,269.33011975842965,274.96970190294456,249.67098460704918,249.710693359375,30723100,0.0,0.0,-0.11742020047374979,0.03138066659769235,6100600.0,296.21498107910156,0,1,12,2021,2,CRM
2021-12-02 00:00:00-05:00,251.0213199648755,260.7118618630595,250.34614994518822,259.3417053222656,12200800,0.0,0.0,0.0385686805531793,0.03308880069090342,6547630.0,294.1453109741211,0,2,12,2021,3,CRM
2021-12-03 00:00:00-05:00,259.68920925747693,259.8877984920782,249.90929546262262,256.4822082519531,8944000,0.0,0.0,-0.011025982368548126,0.03261637590900198,6803140.0,291.67699737548827,0,3,12,2021,4,CRM
2021-12-06 00:00:00-05:00,254.2780083882744,257.3857451664041,248.92635560674404,256.9091491699219,7123000,0.0,0.0,0.0016646024723452335,0.03266872909420313,6925200.0,289.26925201416014,0,6,12,2021,0,CRM
2021-12-07 00:00:00-05:00,263.5813399414887,268.307485066696,261.72464872814686,265.09051513671875,7401200,0.0,0.0,0.03184536632202861,0.033683424736760205,7100610.0,287.1360366821289,0,7,12,2021,1,CRM
2021-12-08 00:00:00-05:00,266.4011153070531,266.58976598262336,262.6877331045975,264.41534423828125,4586500,0.0,0.0,-0.0025469447599408834,0.03366918195124036,7173610.0,284.98147735595705,0,8,12,2021,2,CRM
2021-12-09 00:00:00-05:00,264.14730922335497,264.7827402889182,260.771504042607,262.4395446777344,3967000,0.0,0.0,-0.007472333219687766,0.033134190434298175,7154415.0,283.22655181884767,0,9,12,2021,3,CRM
2021-12-10 00:00:00-05:00,264.2068383588701,268.64503776846664,262.5586447881437,264.1373291015625,3480100,0.0,0.0,0.006469240090752892,0.033028030205983445,7194325.0,281.39219665527344,0,10,12,2021,4,CRM
2021-12-13 00:00:00-05:00,263.90895629935966,268.6351010206277,262.7274201190427,263.8692626953125,3625700,0.0,0.0,-0.001014875130152193,0.03277990197873793,7185425.0,279.3622421264648,0,13,12,2021,0,CRM
2021-12-14 00:00:00-05:00,260.13599062371605,260.28491738268355,251.49789014831802,253.77159118652344,7227300,0.0,0.0,-0.038267706536356805,0.03352272402882055,7367025.0,276.8849937438965,0,14,12,2021,1,CRM
2021-12-15 00:00:00-05:00,253.03686348665175,258.3388681639489,250.10783928324906,258.18994140625,6484900,0.0,0.0,0.017410736162658313,0.03389032807383096,7541800.0,274.5492317199707,0,15,12,2021,2,CRM
2021-12-16 00:00:00-05:00,258.1502407213877,259.49064226214887,250.4255924225893,251.31918334960938,6556700,0.0,0.0,-0.026611253789433298,0.034043698827031794,7676400.0,271.8237617492676,0,16,12,2021,3,CRM
2021-12-17 00:00:00-05:00,249.45255990322096,252.09362383417675,245.03420728272346,251.13052368164062,12119400,0.0,0.0,-0.0007506775465934146,0.03405003247728288,8060215.0,269.33857040405275,0,17,12,2021,4,CRM
2021-12-20 00:00:00-05:00,248.1121742216496,249.75042935034264,244.74629274888116,245.4512481689453,5580100,0.0,0.0,-0.022614835621873497,0.034190463661736566,8101275.0,266.6597640991211,0,20,12,2021,0,CRM
2021-12-21 00:00:00-05:00,246.2356028297063,251.20995370698154,243.50516771768332,250.75323486328125,5428200,0.0,0.0,0.02160097670673311,0.03484637725579262,8148950.0,264.4610198974609,0,21,12,2021,1,CRM
2021-12-22 00:00:00-05:00,251.61703372764703,252.45105388552432,247.73484790793,251.00144958496094,4982400,0.0,0.0,0.0009898764489120193,0.03479778214266963,8076515.0,262.54375686645506,0,22,12,2021,2,CRM
2021-12-23 00:00:00-05:00,249.44263523549802,252.5007245812529,247.56608213131105,251.33905029296875,3769500,0.0,0.0,0.0013450149732840977,0.03483983104664058,8010420.0,260.75507431030275,0,23,12,2021,3,CRM
2021-12-27 00:00:00-05:00,251.58725453324337,256.5913907532142,251.43832776934522,256.4623107910156,3531800,0.0,0.0,0.020383861927046443,0.03521809550704976,7977245.0,259.468790435791,0,27,12,2021,0,CRM
2021-12-28 00:00:00-05:00,257.8821472563335,258.9246648522611,253.1262174958498,253.63258361816406,3293700,0.0,0.0,-0.0110336960004912,0.033351648226257274,7731150.0,257.4189788818359,0,28,12,2021,1,CRM
2021-12-29 00:00:00-05:00,254.17869976338505,254.60563327603293,251.319184542973,252.7290802001953,2592700,0.0,0.0,-0.00356225294510637,0.03244843483737209,7180905.0,255.90879745483397,0,29,12,2021,2,CRM
2021-12-30 00:00:00-05:00,253.48367289876958,256.06516612613495,252.64965270916989,253.51345825195312,2950600,0.0,0.0,0.0031036319648554134,0.01882160157650358,5792280.0,256.0989356994629,0,30,12,2021,3,CRM
2021-12-31 00:00:00-05:00,252.65956839271925,254.6651861468911,251.82554822859453,252.32199096679688,3169300,0.0,0.0,-0.004699818673816192,0.016625447250902654,5340705.0,255.74794998168946,0,31,12,2021,4,CRM
2022-01-03 00:00:00-05:00,253.19570652884502,254.87370046972853,246.8809546259792,253.64251708984375,4316800,0.0,0.0,0.005233495970712543,0.016518897587547855,5109345.0,255.605965423584,0,3,1,2022,0,CRM
2022-01-04 00:00:00-05:00,255.02267346710855,255.04252027102305,241.66834997209577,246.4639892578125,7240700,0.0,0.0,-0.028301752854346995,0.017640221207228152,5115230.0,255.0837074279785,0,4,1,2022,1,CRM
2022-01-05 00:00:00-05:00,234.48977421214164,236.50533062954793,225.6928077949485,226.0502471923828,18882500,0.0,0.0,-0.08282646940391758,0.023686070425442834,5689295.0,253.1316940307617,0,5,1,2022,2,CRM
2022-01-06 00:00:00-05:00,226.41759562039329,232.81178046297518,224.44176323379128,227.5196990966797,9376100,0.0,0.0,0.006500554290685079,0.02387447751452724,5928775.0,251.28691177368165,0,6,1,2022,3,CRM
2022-01-07 00:00:00-05:00,226.87433487157648,230.62744081848393,224.44176844676318,226.68568420410156,6286700,0.0,0.0,-0.0036656821184689603,0.023887412000332092,6044760.0,249.49921875,0,7,1,2022,4,CRM
2022-01-10 00:00:00-05:00,223.89568531716859,228.19488144749488,217.33271140762727,227.99630737304688,7803800,0.0,0.0,0.005781675951646248,0.02386746997482275,6260945.0,247.69216766357422,0,10,1,2022,0,CRM
2022-01-11 00:00:00-05:00,227.17222813500416,234.66851743927447,224.94815893863438,233.16925048828125,7635300,0.0,0.0,0.022688714456986503,0.024754946160885444,6461425.0,246.15716705322265,0,11,1,2022,1,CRM
2022-01-12 00:00:00-05:00,235.3138731538665,237.57765097472065,234.08268962927363,236.13796997070312,6718900,0.0,0.0,0.012732036819627979,0.023851716389270593,6436005.0,245.27548599243164,0,12,1,2022,2,CRM
2022-01-13 00:00:00-05:00,235.81032340516526,237.09113912724303,226.2984778051523,227.00343322753906,6680300,0.0,0.0,-0.038683049338898545,0.024573438227348657,6445775.0,243.7161605834961,0,13,1,2022,3,CRM
2022-01-14 00:00:00-05:00,226.40769956630973,231.63027230848996,225.99068943710733,229.58493041992188,5805100,0.0,0.0,0.011372062332622113,0.024373333454715408,6408195.0,242.62944793701172,0,14,1,2022,4,CRM
2022-01-18 00:00:00-05:00,226.82470180087319,229.0884796521705,223.69711836559514,224.4517059326172,6032000,0.0,0.0,-0.022358717002530448,0.02468831610970148,6103825.0,241.29550704956054,0,18,1,2022,1,CRM
2022-01-19 00:00:00-05:00,225.85166157351287,230.55794420750289,224.56090741817584,224.6602020263672,5332600,0.0,0.0,0.0009289129386818029,0.024378657998813058,6091450.0,240.25595474243164,0,19,1,2022,2,CRM
2022-01-20 00:00:00-05:00,227.4402744152164,229.753684152135,220.90708641915754,221.3538818359375,5663700,0.0,0.0,-0.014716982182904181,0.023704964550024226,6103225.0,238.78598709106444,0,20,1,2022,3,CRM
2022-01-21 00:00:00-05:00,221.47304535691654,223.1708862905042,216.69726835018875,217.07456970214844,9128400,0.0,0.0,-0.019332446751310184,0.023827548570311382,6310525.0,237.08964309692382,0,21,1,2022,4,CRM
2022-01-24 00:00:00-05:00,210.87895141559048,221.79076854968372,206.03366531197076,221.44325256347656,11664300,0.0,0.0,0.02012526325549091,0.024531532179889987,6705265.0,235.59485321044923,0,24,1,2022,0,CRM
2022-01-25 00:00:00-05:00,219.427693182653,222.30705504215226,213.14272621600006,213.85760498046875,9092700,0.0,0.0,-0.03425549207390455,0.02447911072103828,6983310.0,233.46461791992186,0,25,1,2022,1,CRM
2022-01-26 00:00:00-05:00,218.04760096762087,219.88444533502636,207.5825937098969,209.4988555908203,10029600,0.0,0.0,-0.02038154962993488,0.024613910237162646,7320105.0,231.2579315185547,0,26,1,2022,2,CRM
2022-01-27 00:00:00-05:00,212.5569339078111,221.56239769474314,210.55130091564672,211.22647094726562,9462100,0.0,0.0,0.00824641906311685,0.02489667429913338,7663575.0,229.18280105590821,0,27,1,2022,3,CRM
2022-01-28 00:00:00-05:00,212.77535712901562,220.70850225905036,209.37969067350852,220.54965209960938,8254900,0.0,0.0,0.04413831803624335,0.02747179970776842,7928790.0,227.53461074829102,0,28,1,2022,4,CRM
2022-01-31 00:00:00-05:00,221.36382074186508,231.25296705707277,220.67872731804073,230.97496032714844,7084200,0.0,0.0,0.04726966525810061,0.02999987160234218,8124535.0,226.4672592163086,0,31,1,2022,0,CRM
2022-02-01 00:00:00-05:00,230.7168035334269,231.12389023285715,224.7098582550313,230.4685821533203,6387100,0.0,0.0,-0.0021923509505571426,0.029925762687778513,8228050.0,225.3085624694824,0,1,2,2022,1,CRM
2022-02-02 00:00:00-05:00,232.0770658887493,232.82173002550812,221.43333194865855,223.40916442871094,9378900,0.0,0.0,-0.03063071616378954,0.03002823991055089,8334960.0,224.15582122802735,0,2,2,2022,2,CRM
2022-02-03 00:00:00-05:00,216.51856802273724,219.2192028910618,208.90312221033287,211.2562713623047,12826600,0.0,0.0,-0.05439746886607333,0.026600767318341913,8032165.0,223.41612243652344,0,3,2,2022,3,CRM
2022-02-04 00:00:00-05:00,213.46046318157093,220.09293117630804,211.67326621734423,217.6702880859375,6176500,0.0,0.0,0.03036130800885317,0.027568715686809384,7872185.0,222.92365188598632,0,4,2,2022,4,CRM
2022-02-07 00:00:00-05:00,217.4419327724355,219.86457590864026,215.11858425010055,215.42637634277344,3922300,0.0,0.0,-0.010308764521311908,0.02763170847629396,7753965.0,222.3606864929199,0,7,2,2022,0,CRM
2022-02-08 00:00:00-05:00,214.06612002401454,216.38946845973834,210.64065292620714,215.88308715820312,5628700,0.0,0.0,0.00212003201828459,0.027588271481519277,7645210.0,221.75502548217773,0,8,2,2022,1,CRM
2022-02-09 00:00:00-05:00,219.56670571307717,220.60923855064365,214.03634118368475,220.46029663085938,6107700,0.0,0.0,0.021202260598126355,0.02751914374361501,7568830.0,221.11957778930665,0,9,2,2022,2,CRM
2022-02-10 00:00:00-05:00,216.15118428068658,220.4106718349266,214.27463117049334,216.12139892578125,5312600,0.0,0.0,-0.019681084401075633,0.02753315849273825,7498515.0,220.11874923706054,0,10,2,2022,3,CRM
2022-02-11 00:00:00-05:00,216.0717311603357,218.36529417228562,204.64362485328996,206.42088317871094,8165600,0.0,0.0,-0.04488456855862566,0.02797499288710902,7572780.0,219.08962173461913,0,11,2,2022,4,CRM
2022-02-14 00:00:00-05:00,204.33582689748368,208.40664811763023,203.17415274891792,204.93154907226562,7005900,0.0,0.0,-0.007215036015304266,0.02773223167657474,7632820.0,217.85695266723633,0,14,2,2022,0,CRM
2022-02-15 00:00:00-05:00,208.2577384138608,213.04345390601833,207.03649346284294,212.72572326660156,6353000,0.0,0.0,0.038033061427684034,0.029034126364556417,7648870.0,217.27065353393556,0,15,2,2022,1,CRM
2022-02-16 00:00:00-05:00,209.49884081777134,210.90873641188224,206.72869693467092,210.23358154296875,7072700,0.0,0.0,-0.011715281468379302,0.0290981998027439,7735875.0,216.54932250976563,0,16,2,2022,2,CRM
2022-02-17 00:00:00-05:00,206.84784059968626,208.2577362091532,198.08065970787158,198.6068878173828,8820100,0.0,0.0,-0.05530369430161475,0.03129710526188669,7893695.0,215.4119728088379,0,17,2,2022,3,CRM
2022-02-18 00:00:00-05:00,198.974245097224,201.15860528400543,194.39704240620867,195.4395751953125,6691800,0.0,0.0,-0.01594764741987509,0.031224249021540675,7771865.0,214.3302230834961,0,18,2,2022,4,CRM
2022-02-22 00:00:00-05:00,194.1389084097844,200.0267275396679,192.15313732993167,193.74176025390625,8434800,0.0,0.0,-0.00868716041625417,0.030674979616570872,7610390.0,212.94514846801758,0,22,2,2022,1,CRM
2022-02-23 00:00:00-05:00,194.9530644047414,197.58420479035019,188.77731568621058,189.18438720703125,7784300,0.0,0.0,-0.023522925779668635,0.030249483178946678,7544970.0,211.71148757934571,0,23,2,2022,2,CRM
2022-02-24 00:00:00-05:00,183.42566456858592,203.44222384443182,183.1277959017837,202.83656311035156,11792600,0.0,0.0,0.07216333284617327,0.03464091211727812,7633120.0,211.37837295532228,0,24,2,2022,3,CRM
2022-02-25 00:00:00-05:00,203.26353852628094,206.98685947649824,200.17566374555815,206.60955810546875,5853600,0.0,0.0,0.01860115818006891,0.0348637930440073,7452695.0,211.14752731323242,0,25,2,2022,4,CRM
2022-02-28 00:00:00-05:00,206.31166909220318,210.16406963757808,205.4776489175025,209.0321807861328,7904700,0.0,0.0,0.011725607967407736,0.033400769960625076,7435185.0,210.5716537475586,0,28,2,2022,0,CRM
2022-03-01 00:00:00-05:00,211.88176258323858,212.86472469597624,206.9769208712971,207.4038543701172,12587300,0.0,0.0,-0.0077898360429087266,0.031317128058897706,7710340.0,209.39309844970703,0,1,3,2022,1,CRM
2022-03-02 00:00:00-05:00,214.56255591188827,215.76393884525453,199.7189060300923,208.89317321777344,16670100,0.0,0.0,0.007180767455741366,0.03142976622873563,8224490.0,208.3143280029297,0,2,3,2022,2,CRM
2022-03-03 00:00:00-05:00,208.89319369013242,210.12437724644118,202.7670915640222,203.29331970214844,6559900,0.0,0.0,-0.026807259564136543,0.03127328112281527,8083540.0,207.30853576660155,0,3,3,2022,3,CRM
2022-03-04 00:00:00-05:00,203.24365269660754,204.911708164472,197.84235331530158,201.565673828125,6813600,0.0,0.0,-0.008498291417320836,0.029000639508810773,7782890.0,206.8240058898926,0,4,3,2022,4,CRM
2022-03-07 00:00:00-05:00,202.002542259352,203.47200848682965,194.64525742106323,194.8339080810547,7043500,0.0,0.0,-0.03339738170304973,0.028765411473585138,7826240.0,205.68218688964845,0,7,3,2022,0,CRM
2022-03-08 00:00:00-05:00,192.89778491152396,195.7970086209863,187.8539249840276,190.71343994140625,8229000,0.0,0.0,-0.0211486192533501,0.028969390950679304,8041575.0,204.44654006958007,0,8,3,2022,1,CRM
2022-03-09 00:00:00-05:00,196.93885309922194,203.76989531851282,195.8168875899218,201.71463012695312,6881300,0.0,0.0,0.057684399111708196,0.03223676458205739,8104205.0,203.73811721801758,0,9,3,2022,2,CRM
2022-03-10 00:00:00-05:00,197.6834956000257,199.76854591739115,196.12465819944902,198.72601318359375,5604200,0.0,0.0,-0.014816064365179793,0.03182282276876875,8079030.0,202.6514030456543,0,10,3,2022,3,CRM
2022-03-11 00:00:00-05:00,203.31316861739404,203.31316861739404,196.22396673456282,196.49203491210938,5196900,0.0,0.0,-0.01124149896481097,0.031669317962636556,8073245.0,201.6699348449707,0,11,3,2022,4,CRM
2022-03-14 00:00:00-04:00,196.8296165066547,198.7359547472477,190.45529375366976,191.74603271484375,5665500,0.0,0.0,-0.024153662001558995,0.030591264796561008,7948240.0,200.93619232177736,0,14,3,2022,0,CRM
2022-03-15 00:00:00-04:00,197.11754824465467,198.53738232396813,191.36874812410318,194.7445526123047,5276300,0.0,0.0,0.015637976207415027,0.030860702545610106,7861760.0,200.4268424987793,0,15,3,2022,1,CRM
2022-03-16 00:00:00-04:00,197.2466256088293,204.43510651513327,195.92608615250623,204.1074676513672,6043400,0.0,0.0,0.04807793036297192,0.031620609876247215,7846280.0,199.99592971801758,0,16,3,2022,2,CRM
2022-03-17 00:00:00-04:00,203.16420983520217,209.1810930576353,201.1188682936072,208.91302490234375,5842600,0.0,0.0,0.02354425002805316,0.032007401704055326,7784775.0,199.92990188598634,0,17,3,2022,3,CRM
2022-03-18 00:00:00-04:00,207.74142580353688,218.01779663432137,206.82797297528072,217.24334716796875,12220600,0.0,0.0,0.03987459503551305,0.030359355552672513,7954800.0,200.86172485351562,0,18,3,2022,4,CRM
2022-03-21 00:00:00-04:00,216.63769287081556,217.54122232522448,209.11161885155693,212.19949340820312,6448700,0.0,0.0,-0.023217529215593502,0.030664393995996537,7942645.0,201.69972076416016,0,21,3,2022,0,CRM
2022-03-22 00:00:00-04:00,212.1994857431339,220.27164953392682,211.10730565635166,216.6575469970703,7018800,0.0,0.0,0.02100878525798988,0.030708090716665852,7871845.0,202.84551010131835,0,22,3,2022,1,CRM
2022-03-23 00:00:00-04:00,212.34840586712218,212.4079765699518,206.82796520154145,209.60804748535156,8404700,0.0,0.0,-0.03253752112228092,0.031226709719048312,7902865.0,203.86669311523437,0,23,3,2022,2,CRM
2022-03-24 00:00:00-04:00,210.83923334624157,212.5867063005583,208.3768664989678,212.45762634277344,4150300,0.0,0.0,0.013594797010935356,0.027133324668487245,7520750.0,204.34774627685547,0,24,3,2022,3,CRM
2022-03-25 00:00:00-04:00,212.74559544982657,214.32427987099013,206.99677951204995,209.5286407470703,3656500,0.0,0.0,-0.013786210672322885,0.027098685305842002,7410895.0,204.49370040893555,0,25,3,2022,4,CRM
2022-03-28 00:00:00-04:00,208.8832498300314,213.8476771753579,207.81093170541325,213.74838256835938,4290900,0.0,0.0,0.02013921250213646,0.02733744361403939,7230205.0,204.72951049804686,0,28,3,2022,0,CRM
2022-03-29 00:00:00-04:00,217.0646346003617,220.5794579397078,215.2278054187064,219.71563720703125,5370400,0.0,0.0,0.0279171920132002,0.02786199367073416,6869360.0,205.34509963989257,0,29,3,2022,1,CRM
2022-03-30 00:00:00-04:00,218.14688046795212,218.2858838323232,211.88176021961718,213.4108123779297,4951200,0.0,0.0,-0.028695385131649598,0.028736942430931094,6283415.0,205.57098159790038,0,30,3,2022,2,CRM
2022-03-31 00:00:00-04:00,212.97394668939194,215.24764789237523,210.28322023061784,210.80946350097656,7141300,0.0,0.0,-0.012189395879091625,0.02816029207625637,6312485.0,205.9467887878418,0,31,3,2022,3,CRM
2022-04-01 00:00:00-04:00,210.96830387778243,212.50727941152653,208.54566086727897,210.7399444580078,6007900,0.0,0.0,-0.0003297719268111621,0.028056160189280945,6272200.0,206.40550231933594,0,1,4,2022,4,CRM
2022-04-04 00:00:00-04:00,213.10302121600935,219.4276970475412,212.5767931093165,217.29299926757812,7843600,0.0,0.0,0.031095456660690468,0.02739981393113281,6312205.0,207.5284568786621,0,4,4,2022,0,CRM
2022-04-05 00:00:00-04:00,216.4490391370441,216.71712246427836,207.18541559815122,208.64495849609375,7304600,0.0,0.0,-0.0397989847838357,0.02865470451359216,6265985.0,208.42503280639647,0,5,4,2022,1,CRM
2022-04-06 00:00:00-04:00,203.75004803624694,204.00819282219223,196.67076929816213,199.3912811279297,7171300,0.0,0.0,-0.044351310642079644,0.027831949610497137,6280485.0,208.30886535644532,0,6,4,2022,2,CRM
2022-04-07 00:00:00-04:00,197.70335252760984,201.27774632651497,196.77997630052693,198.7359619140625,5246000,0.0,0.0,-0.0032865991439552378,0.027632212486878416,6262575.0,208.30936279296876,0,7,4,2022,3,CRM
2022-04-08 00:00:00-04:00,197.22677003226354,198.71609824388963,195.221137131876,195.76722717285156,3897700,0.0,0.0,-0.014938085249486366,0.027726137576758167,6197615.0,208.27312240600585,0,8,4,2022,4,CRM
2022-04-11 00:00:00-04:00,192.82829520531786,195.6977336285983,190.792876946883,194.05946350097656,5173800,0.0,0.0,-0.008723440059592469,0.027223505796053822,6173030.0,208.3887939453125,0,11,4,2022,0,CRM
2022-04-12 00:00:00-04:00,198.32888340141997,199.68913172110555,193.19566706082267,193.4240264892578,4832200,0.0,0.0,-0.0032744448544533844,0.02701418672699662,6150825.0,208.32276763916016,0,12,4,2022,1,CRM
2022-04-13 00:00:00-04:00,190.62408660944723,195.69773196103645,187.9730842257725,194.32754516601562,8733000,0.0,0.0,0.004671181203065311,0.024583071738515108,6285305.0,207.8337715148926,0,13,4,2022,2,CRM
2022-04-14 00:00:00-04:00,194.9232969577304,195.05236177608637,187.87380354653826,188.0624542236328,5126700,0.0,0.0,-0.032239850181972396,0.024677128082734583,6249510.0,206.79124298095704,0,14,4,2022,3,CRM
2022-04-18 00:00:00-04:00,186.9603351218807,188.00286788478073,184.21003815600125,185.67950439453125,4899500,0.0,0.0,-0.012671055681682697,0.022339741302317803,5883455.0,205.21305084228516,0,18,4,2022,0,CRM
2022-04-19 00:00:00-04:00,185.90789708869667,190.83260096574898,184.2001327191716,190.0283660888672,6120400,0.0,0.0,0.023421334026697327,0.02304465738330032,5867040.0,204.10449447631837,0,19,4,2022,1,CRM
2022-04-20 00:00:00-04:00,191.5176807872232,191.92476747253568,184.7561330516462,184.90505981445312,6015400,0.0,0.0,-0.026960744755433752,0.02266108598876768,5816870.0,202.5168701171875,0,20,4,2022,2,CRM
2022-04-21 00:00:00-04:00,187.43691577725707,188.81702595954692,175.48258151449454,175.96908569335938,9119500,0.0,0.0,-0.048327363945912305,0.023819335170555418,5852610.0,200.83492202758788,0,21,4,2022,3,CRM
2022-04-22 00:00:00-04:00,176.4357541274237,177.77615564144162,169.88271877614795,170.21035766601562,8843900,0.0,0.0,-0.032725793878242926,0.02381634738510448,6087290.0,198.72255859375,0,22,4,2022,4,CRM
2022-04-25 00:00:00-04:00,168.4827472350699,173.51666897090436,168.02601322726832,173.32803344726562,7988900,0.0,0.0,0.018316604371206635,0.024667731510247447,6303910.0,196.91252822875975,0,25,4,2022,0,CRM
2022-04-26 00:00:00-04:00,171.39190254449872,172.48408273349776,166.35798057393214,168.86997985839844,8073300,0.0,0.0,-0.025720326367307034,0.023922274411831795,6493030.0,194.66860809326172,0,26,4,2022,1,CRM
2022-04-27 00:00:00-04:00,169.783414111393,175.96908630157415,169.41605133828986,173.43722534179688,9644600,0.0,0.0,0.02704592898766367,0.02384750711896563,6706740.0,192.3546875,0,27,4,2022,2,CRM
2022-04-28 00:00:00-04:00,180.1193825818356,185.60010025412546,177.70666266557893,184.4185791015625,10614800,0.0,0.0,0.06331601383800045,0.028728211489075933,6989920.0,190.90507583618165,0,28,4,2022,3,CRM
2022-04-29 00:00:00-04:00,181.27111394538937,184.04125783862656,174.05283208096228,174.6882781982422,7110800,0.0,0.0,-0.05276204247274707,0.030500449597593047,6988395.0,189.09901657104493,0,29,4,2022,4,CRM
2022-05-02 00:00:00-04:00,173.84431944071176,176.5151838732957,171.88833378377225,176.3066864013672,6278400,0.0,0.0,0.009264549515385134,0.03071721959391071,7001920.0,187.3773536682129,0,2,5,2022,0,CRM
2022-05-03 00:00:00-04:00,175.69109221410685,179.10662087515925,174.8769339543337,177.091064453125,5047700,0.0,0.0,0.004448941034330023,0.0294648560269816,6862125.0,185.36725692749025,0,3,5,2022,1,CRM
2022-05-04 00:00:00-04:00,178.43146189869063,184.65684314626628,173.49681969559785,184.160400390625,7563100,0.0,0.0,0.03991921308582569,0.03055975367335769,6875050.0,184.1430290222168,0,4,5,2022,2,CRM
2022-05-05 00:00:00-04:00,179.20592354564903,180.9434733082965,168.6118362394206,171.07418823242188,8379400,0.0,0.0,-0.07105877338692679,0.03283294303496792,6935455.0,182.7271743774414,0,5,5,2022,3,CRM
2022-05-06 00:00:00-04:00,168.28416305876394,171.20323360213106,164.40197725128684,168.49266052246094,7232700,0.0,0.0,-0.015090106442321227,0.03286658705206078,7034790.0,181.21500930786132,0,6,5,2022,4,CRM
2022-05-09 00:00:00-04:00,165.5338789794227,169.07847249063573,160.97653797204973,162.4360809326172,9997800,0.0,0.0,-0.03594565823261109,0.03344061063560168,7339795.0,179.5484519958496,0,9,5,2022,0,CRM
2022-05-10 00:00:00-04:00,166.2288834897344,170.0415600566526,162.1183382519129,165.96080017089844,8598700,0.0,0.0,0.02169911523378487,0.034126989801739935,7511040.0,178.1435188293457,0,10,5,2022,1,CRM
2022-05-11 00:00:00-04:00,164.32256726304337,168.77069052151276,159.68579331600526,160.12266540527344,7220100,0.0,0.0,-0.03517779354891737,0.03467342756745777,7630435.0,176.47845077514648,0,11,5,2022,2,CRM
2022-05-12 00:00:00-04:00,155.81351075198955,165.6629480235221,153.53980967403172,159.2786865234375,10187500,0.0,0.0,-0.005270827085596008,0.03454070968445969,7703160.0,174.72600784301758,0,12,5,2022,3,CRM
2022-05-13 00:00:00-04:00,162.38642310575213,167.47991531040321,160.85737098410212,165.72251892089844,6499700,0.0,0.0,0.04045633812099991,0.035804396846268,7771810.0,173.60901107788087,0,13,5,2022,4,CRM
2022-05-16 00:00:00-04:00,163.56796136759834,164.92820964324395,160.72830825513861,162.95236206054688,5065800,0.0,0.0,-0.01671563332725945,0.035857278699762345,7780125.0,172.47265396118163,0,16,5,2022,0,CRM
2022-05-17 00:00:00-04:00,166.13954924902382,167.89696100290888,157.1440081379816,162.56515502929688,7317700,0.0,0.0,-0.0023761977203259343,0.03520532872537456,7839990.0,171.09949340820313,0,17,5,2022,1,CRM
2022-05-18 00:00:00-04:00,161.66162496947373,163.3495272955603,155.07878923248268,156.21067810058594,7454400,0.0,0.0,-0.03908880059546438,0.03566536662465427,7911940.0,169.66477432250977,0,18,5,2022,2,CRM
2022-05-19 00:00:00-04:00,154.12561826354997,158.1170223798179,153.6291754931267,154.4929962158203,8382200,0.0,0.0,-0.010995931300289197,0.034386074217842566,7875075.0,168.59096984863282,0,19,5,2022,3,CRM
2022-05-20 00:00:00-04:00,157.6106610592346,159.5864936501864,153.45046809100214,158.51417541503906,9068700,0.0,0.0,0.026028229743187303,0.034485341198528745,7886315.0,168.00616073608398,0,20,5,2022,4,CRM
2022-05-23 00:00:00-04:00,158.70283210011803,159.5864996860832,154.80079892901645,159.17942810058594,6148800,0.0,0.0,0.004196802486623241,0.03416937516718463,7794310.0,167.29873046875,0,23,5,2022,0,CRM
2022-05-24 00:00:00-04:00,156.64754237591228,157.2631265095399,153.45045000086552,155.81350708007812,6928400,0.0,0.0,-0.021145452403440457,0.03402916797265613,7737065.0,166.645906829834,0,24,5,2022,1,CRM
2022-05-25 00:00:00-04:00,154.21499422305035,160.73824454907412,154.21499422305035,158.51417541503906,7436800,0.0,0.0,0.017332697181207557,0.033637899837067574,7626675.0,165.8997543334961,0,25,5,2022,2,CRM
2022-05-26 00:00:00-04:00,158.55388690056301,162.52542887505174,156.44897450215768,161.30418395996094,6697700,0.0,0.0,0.017601003428348028,0.030204611344068093,7430820.0,164.74403457641603,0,26,5,2022,3,CRM
2022-05-27 00:00:00-04:00,159.52692404902908,164.0544798620853,159.10991392416668,163.9254150390625,7883600,0.0,0.0,0.01625023613617005,0.02850355660666286,7469460.0,164.20589141845704,0,27,5,2022,4,CRM
2022-05-31 00:00:00-04:00,165.77218315650245,166.08989866408476,158.2163232842501,159.09999084472656,18114600,0.0,0.0,-0.02943670566999057,0.028952736546651883,8061270.0,163.345556640625,0,31,5,2022,1,CRM
2022-06-01 00:00:00-04:00,176.74353738405358,183.10793689445546,173.12943487264906,174.81735229492188,37037400,0.0,0.0,0.09878920398892199,0.037071587995349424,9660755.0,163.23187103271485,0,1,6,2022,2,CRM
2022-06-02 00:00:00-04:00,173.75497105284515,188.7773342553737,173.4571023581369,187.05963134765625,19231200,0.0,0.0,0.07002896961899574,0.0393212281449284,10244160.0,163.3768325805664,0,2,6,2022,3,CRM
2022-06-03 00:00:00-04:00,183.68382322481557,188.2908114823909,182.49236361772782,183.59446716308594,9224000,0.0,0.0,-0.018524382623903435,0.03581737584008241,10286390.0,164.00284652709962,0,3,6,2022,4,CRM
2022-06-06 00:00:00-04:00,187.58583777378558,189.06524252453033,180.40728032801925,181.56895446777344,5811700,0.0,0.0,-0.011032536691387596,0.0357141167233175,10215340.0,164.65666122436522,0,6,6,2022,0,CRM
2022-06-07 00:00:00-04:00,180.41724248031946,187.25822340950342,180.41724248031946,185.8185272216797,6331100,0.0,0.0,0.023404732193137656,0.03464073242351204,10032005.0,165.82578353881837,0,7,6,2022,1,CRM
2022-06-08 00:00:00-04:00,185.6695877392861,189.2042576807672,184.07104148482634,187.84400939941406,6226200,0.0,0.0,0.010900324138927164,0.03448832643357917,9913380.0,166.91994400024413,0,8,6,2022,2,CRM
2022-06-09 00:00:00-04:00,187.18871957611816,191.30918872565132,185.2823810561986,185.77882385253906,8467700,0.0,0.0,-0.010994151761761994,0.03334554241948109,9975760.0,168.20275192260743,0,9,6,2022,3,CRM
2022-06-10 00:00:00-04:00,182.3235748489777,182.64129034067895,175.93931300851045,177.180419921875,7855800,0.0,0.0,-0.04628301413668656,0.035400402410195445,9859175.0,169.09783859252929,0,10,6,2022,4,CRM
2022-06-13 00:00:00-04:00,169.33663229431394,171.4514681975681,163.88568521219892,164.84878540039062,10726200,0.0,0.0,-0.06959930745689513,0.03819295142477156,10070500.0,169.0541519165039,0,13,6,2022,0,CRM
2022-06-14 00:00:00-04:00,167.5295626773999,168.42316869889288,160.9963744056884,163.28001403808594,8576200,0.0,0.0,-0.00951642657538787,0.038056663833591096,10246020.0,169.07053451538087,0,14,6,2022,1,CRM
2022-06-15 00:00:00-04:00,165.54378654894208,170.27985437928143,163.50836834993098,167.35084533691406,7740700,0.0,0.0,0.024931595718007404,0.03842566410306916,10267170.0,169.30981903076173,0,15,6,2022,2,CRM
2022-06-16 00:00:00-04:00,162.56515436437863,165.71259988515507,157.49150836364066,158.7127685546875,8090900,0.0,0.0,-0.05161657095209893,0.03922691626360715,10298995.0,169.4349235534668,0,16,6,2022,3,CRM
2022-06-17 00:00:00-04:00,157.43193625443362,165.04736688887724,157.04471148150367,162.09849548339844,13074600,0.0,0.0,0.021332416790047493,0.039350086130316056,10533615.0,169.8151985168457,0,17,6,2022,4,CRM
2022-06-21 00:00:00-04:00,163.87576186965754,168.14517273375603,163.72681994809847,165.64309692382812,6736800,0.0,0.0,0.02186696076270933,0.03923348133123388,10417020.0,170.17164459228516,0,21,6,2022,1,CRM
2022-06-22 00:00:00-04:00,163.52824698956832,169.23733889978558,163.04174276641078,166.25868225097656,5864500,0.0,0.0,0.003716335534534876,0.03923280825253327,10402805.0,170.52560729980468,0,22,6,2022,2,CRM
2022-06-23 00:00:00-04:00,167.88701420760123,172.15642510758494,165.9310284598207,171.81884765625,7258000,0.0,0.0,0.03344285741950048,0.039370512240913966,10419285.0,171.32587432861328,0,23,6,2022,3,CRM
2022-06-24 00:00:00-04:00,176.45560192876783,185.08377884204916,175.293927779889,184.59725952148438,12107100,0.0,0.0,0.07437142106085792,0.04222527265585342,10652800.0,172.63002853393556,0,24,6,2022,4,CRM
2022-06-27 00:00:00-04:00,184.78595000297955,185.25260747321414,179.1860755103971,180.0200958251953,6170600,0.0,0.0,-0.02479540437465888,0.04280360669251239,10626445.0,173.56582412719726,0,27,6,2022,0,CRM
2022-06-28 00:00:00-04:00,179.00733994307132,181.0328350714007,170.22031138558071,170.24017333984375,6668600,0.0,0.0,-0.05432683745956979,0.04480783734149988,10565695.0,173.88156204223634,0,28,6,2022,1,CRM
2022-06-29 00:00:00-04:00,171.27274743256407,172.5436396507699,166.86433342243689,169.3961944580078,5430400,0.0,0.0,-0.0049575776697027285,0.044210324194529506,9931485.0,174.3963722229004,0,29,6,2022,2,CRM
2022-06-30 00:00:00-04:00,163.87575276000783,166.30831917460526,159.96378151478922,163.86581420898438,9539400,0.0,0.0,-0.03264760620342255,0.038828733344975816,8556585.0,173.84879531860352,0,30,6,2022,3,CRM
2022-07-01 00:00:00-04:00,163.58781305704193,167.94657989011887,162.88287282095447,167.0033416748047,4561600,0.0,0.0,0.019146931170273884,0.035335171026245435,7823105.0,172.84598083496093,0,1,7,2022,4,CRM
2022-07-05 00:00:00-04:00,164.91829143294774,171.1238259517939,163.43888654957175,170.97488403320312,4614200,0.0,0.0,0.023781214906058556,0.03575049961019267,7592615.0,172.2150016784668,0,5,7,2022,1,CRM
2022-07-06 00:00:00-04:00,172.28550194688583,173.81453900176984,169.6146374387896,171.50111389160156,4085100,0.0,0.0,0.0030778196538869818,0.03572168841815184,7506285.0,171.71160964965821,0,6,7,2022,2,CRM
2022-07-07 00:00:00-04:00,172.93085724558,175.68115418791527,171.93797179421864,175.38328552246094,4000100,0.0,0.0,0.022636422252704014,0.03569306195968658,7389735.0,171.18984756469726,0,7,7,2022,3,CRM
2022-07-08 00:00:00-04:00,172.81172287554884,175.35350731048638,171.61032476438544,174.25140380859375,2869200,0.0,0.0,-0.006453760462380109,0.03556658459839025,7221885.0,170.51021728515624,0,8,7,2022,4,CRM
2022-07-11 00:00:00-04:00,172.76208269693058,175.0655844050005,170.04157088313715,173.11952209472656,3689300,0.0,0.0,-0.006495682038295092,0.0355285333395904,6982965.0,169.87725219726562,0,11,7,2022,0,CRM
2022-07-12 00:00:00-04:00,170.98480819497053,172.14648234110754,163.18072803483025,165.14663696289062,7073000,0.0,0.0,-0.04605422332135012,0.03551386999880164,6943825.0,169.27556304931642,0,12,7,2022,1,CRM
2022-07-13 00:00:00-04:00,161.25454034483295,164.6601303937684,160.02335685048834,162.3268585205078,6225900,0.0,0.0,-0.017074392153782925,0.03210056081130358,6718810.0,169.14946670532225,0,13,7,2022,2,CRM
2022-07-14 00:00:00-04:00,159.88434844981805,160.5595184577896,156.5283906621865,159.89427185058594,6096100,0.0,0.0,-0.01498573120981428,0.032206493707036675,6594805.0,168.98017959594728,0,14,7,2022,3,CRM
2022-07-15 00:00:00-04:00,162.545305454114,166.41755316760415,161.06590048140535,166.18919372558594,6037700,0.0,0.0,0.03936927697373882,0.03296079888634528,6509655.0,168.92209701538087,0,15,7,2022,4,CRM
2022-07-18 00:00:00-04:00,167.74801291383875,171.41176306698458,165.9211071131571,166.695556640625,3818200,0.0,0.0,0.003046906382343728,0.030624427263215803,6296020.0,169.32123641967775,0,18,7,2022,0,CRM
2022-07-19 00:00:00-04:00,169.70397181616121,172.86135528611692,166.61609759675204,172.5734100341797,4373400,0.0,0.0,0.035261008223672174,0.031218280435977703,5860960.0,169.8449821472168,0,19,7,2022,1,CRM
2022-07-20 00:00:00-04:00,174.84716297004127,182.19451046550554,174.36064356430592,181.1519775390625,5654000,0.0,0.0,0.04970967139829807,0.03266327807141196,5806820.0,170.62042617797852,0,20,7,2022,2,CRM
2022-07-21 00:00:00-04:00,179.3747208022464,184.21006895206506,178.63005658285837,184.03135681152344,3886000,0.0,0.0,0.015894826606792423,0.03275171379398543,5707895.0,171.50905990600586,0,21,7,2022,3,CRM
2022-07-22 00:00:00-04:00,183.75332226178207,186.22559740015305,179.64276184812135,181.17181396484375,3804700,0.0,0.0,-0.015538345726637814,0.03238925138564845,5535230.0,171.97670822143556,0,22,7,2022,4,CRM
2022-07-25 00:00:00-04:00,180.5363801143123,180.69524543725885,173.83440269859477,176.02867126464844,4407900,0.0,0.0,-0.028388205580330172,0.028401305595741777,5150270.0,171.54827880859375,0,25,7,2022,0,CRM
2022-07-26 00:00:00-04:00,175.8499511792074,175.86981313123445,168.5522367078849,169.2472686767578,3886500,0.0,0.0,-0.03852442070471118,0.02913788529449365,5036065.0,171.00963745117187,0,26,7,2022,1,CRM
2022-07-27 00:00:00-04:00,173.61595817625147,180.93351942272588,173.10959202813362,179.0172576904297,4960900,0.0,0.0,0.057726125154382135,0.029454832085515203,4950680.0,171.44849166870117,0,27,7,2022,2,CRM
2022-07-28 00:00:00-04:00,177.1407285745943,180.58604291668817,174.67836130833285,180.00022888183594,4562100,0.0,0.0,0.005490929780111342,0.029400245537216003,4907265.0,171.97869338989258,0,28,7,2022,3,CRM
2022-07-29 00:00:00-04:00,180.5264701029642,183.10796361628005,178.93784705612967,182.7108154296875,4751400,0.0,0.0,0.015058795006482883,0.028229461589890464,4667865.0,172.92094345092772,0,29,7,2022,4,CRM
2022-08-01 00:00:00-04:00,180.01013658239603,183.86252185764255,178.4810844928034,181.6781768798828,3997100,0.0,0.0,-0.0056517647703350216,0.028158480290578315,4639640.0,173.65468521118163,0,1,8,2022,0,CRM
2022-08-02 00:00:00-04:00,179.5236272865924,183.82282337842696,178.15344042977642,182.482421875,4317900,0.0,0.0,0.004426756195648807,0.027794605456640177,4624825.0,174.23006210327148,0,2,8,2022,1,CRM
2022-08-03 00:00:00-04:00,184.2100519213959,189.32340636169204,184.0511865998915,188.3007354736328,5786300,0.0,0.0,0.03188424144555868,0.02850204458695766,4709885.0,175.07004318237304,0,3,8,2022,2,CRM
2022-08-04 00:00:00-04:00,187.21848388529483,190.217002280171,185.91780632913847,189.90921020507812,3759700,0.0,0.0,0.00854205230478522,0.028217595281711336,4697865.0,175.7963394165039,0,4,8,2022,3,CRM
2022-08-05 00:00:00-04:00,185.6696016787637,190.43545544708843,184.95472285600343,188.81704711914062,4090300,0.0,0.0,-0.005750974819799914,0.028203851538522007,4758920.0,176.52462158203124,0,5,8,2022,4,CRM
2022-08-08 00:00:00-04:00,189.73050272012463,192.9871662255077,187.734808149215,188.40003967285156,3396800,0.0,0.0,-0.002208526468618799,0.028132906492868662,4744295.0,177.2886474609375,0,8,8,2022,0,CRM
2022-08-09 00:00:00-04:00,184.97457905316747,185.7986758690438,178.54068499877576,180.94346618652344,5851700,0.0,0.0,-0.0395784071981945,0.02755031865552558,4683230.0,178.07848892211913,0,9,8,2022,1,CRM
2022-08-10 00:00:00-04:00,186.82134723629963,188.2213194867064,184.8852234592642,187.2681427001953,4179200,0.0,0.0,0.03495388171215952,0.02781773654046715,4580895.0,179.3255531311035,0,10,8,2022,2,CRM
2022-08-11 00:00:00-04:00,190.76309528775943,191.1304580733852,184.99443297721774,185.40150451660156,4175100,0.0,0.0,-0.00996772946363933,0.027625871674657767,4484845.0,180.6009147644043,0,11,8,2022,3,CRM
2022-08-12 00:00:00-04:00,185.30223062077857,188.66811194891426,184.1901885291696,188.53903198242188,3846200,0.0,0.0,0.01692288028622424,0.026716302054805158,4375270.0,181.7184066772461,0,12,8,2022,4,CRM
2022-08-15 00:00:00-04:00,187.70500447638057,190.7432316446515,187.55606256309008,189.70069885253906,2768500,0.0,0.0,0.006161413145610473,0.026703173558552024,4322785.0,182.8686637878418,0,15,8,2022,0,CRM
2022-08-16 00:00:00-04:00,188.20145640578875,189.49221063281973,185.03414912145837,188.2411651611328,3835900,0.0,0.0,-0.007693876196738669,0.02601390277223289,4295910.0,183.65205154418945,0,16,8,2022,1,CRM
2022-08-17 00:00:00-04:00,186.38447423381308,188.08230001810088,185.1433673124555,186.62277221679688,3181300,0.0,0.0,-0.008597444363195539,0.023880856571822495,4172275.0,183.92559127807618,0,17,8,2022,2,CRM
2022-08-18 00:00:00-04:00,187.07950646782052,187.22844840077312,185.28238592191082,186.59298706054688,2791600,0.0,0.0,-0.00015960086701205523,0.023649362446214208,4117555.0,184.05367279052734,0,18,8,2022,3,CRM
2022-08-19 00:00:00-04:00,183.90225111655238,184.12068713571364,180.28814854983455,182.4625701904297,4346100,0.0,0.0,-0.022135970569874264,0.023935819564503913,4144625.0,184.11821060180665,0,19,8,2022,4,CRM
2022-08-22 00:00:00-04:00,178.71938941391093,179.30518822093455,174.8074181327029,175.7208709716797,5182900,0.0,0.0,-0.03694839556251961,0.024550575630223438,4183375.0,184.1028205871582,0,22,8,2022,0,CRM
2022-08-23 00:00:00-04:00,174.6287070984677,176.8428375278745,173.66560694863438,174.7478485107422,5076800,0.0,0.0,-0.005537318677952152,0.02286226284735878,4242890.0,184.37784957885742,0,23,8,2022,1,CRM
2022-08-24 00:00:00-04:00,175.41307522822135,179.94063057477882,174.80741448184756,178.72930908203125,11438800,0.0,0.0,0.022784031993643206,0.019447369085680562,4566785.0,184.3634521484375,0,24,8,2022,2,CRM
2022-08-25 00:00:00-04:00,167.38064769708436,172.90108892643184,164.38212909652663,172.6727294921875,24025600,0.0,0.0,-0.03388688526213668,0.020817880671266435,5539960.0,183.99707717895507,0,25,8,2022,3,CRM
2022-08-26 00:00:00-04:00,172.72237556753808,175.04572409996595,163.45875164183963,164.05447387695312,11074700,0.0,0.0,-0.049910924791539246,0.02299279470816326,5856125.0,183.06426010131835,0,26,8,2022,4,CRM
2022-08-29 00:00:00-04:00,163.11122648089676,164.64027861396096,158.91132511582077,159.0701904296875,9329900,0.0,0.0,-0.03038188066120051,0.02367779526700297,6122765.0,181.9338607788086,0,29,8,2022,0,CRM
2022-08-30 00:00:00-04:00,160.98645551414904,162.68429639738054,157.25321146156003,158.53402709960938,8079400,0.0,0.0,-0.003370608463030167,0.023554813647672413,6310840.0,180.73644104003907,0,30,8,2022,1,CRM
2022-08-31 00:00:00-04:00,158.6531652621046,160.06307598549594,154.8603505808292,155.00927734375,9166100,0.0,0.0,-0.022233395696462765,0.021936631048077804,6479830.0,179.0718681335449,0,31,8,2022,2,CRM
2022-09-01 00:00:00-04:00,153.76817659207836,154.22491060022466,149.79663448734144,152.43771362304688,9924000,0.0,0.0,-0.01658974072242403,0.021568480029638994,6788045.0,177.19829330444335,0,1,9,2022,3,CRM
2022-09-02 00:00:00-04:00,155.34690098382458,157.541169864146,151.87180108537112,152.5966033935547,7315700,0.0,0.0,0.001042325857108617,0.021703695003443605,6949315.0,175.38727111816405,0,2,9,2022,4,CRM
2022-09-06 00:00:00-04:00,151.7923299628613,153.33129026502158,149.74698839333138,150.6405792236328,6373700,0.0,0.0,-0.012818268076892791,0.021623307253080707,7098160.0,173.49929809570312,0,6,9,2022,1,CRM
2022-09-07 00:00:00-04:00,150.21363610302663,152.96393309722586,149.40940129629473,152.18948364257812,6211400,0.0,0.0,0.010282119379306787,0.021008067088819096,7116145.0,172.06159896850585,0,7,9,2022,2,CRM
2022-09-08 00:00:00-04:00,151.23633468275176,155.91281715256213,150.7001680000814,155.7837371826172,6659200,0.0,0.0,0.02361696389272394,0.01990033403968672,7240145.0,170.48737869262695,0,8,9,2022,3,CRM
2022-09-09 00:00:00-04:00,157.47166928972342,162.12829023658583,157.34258930785418,161.4332733154297,5642300,0.0,0.0,0.036265249730078386,0.022316979210507994,7313505.0,169.28896713256836,0,9,9,2022,4,CRM
2022-09-12 00:00:00-04:00,162.52541427129802,164.4813997299967,161.58217616715788,164.4516143798828,6353400,0.0,0.0,0.018697143423186846,0.022418949745523224,7438865.0,168.0845962524414,0,12,9,2022,0,CRM
2022-09-13 00:00:00-04:00,157.12413123349498,160.11271115074103,156.68725918707113,156.97520446777344,5463200,0.0,0.0,-0.0454626726548204,0.02380490648368613,7573600.0,166.4483215332031,0,13,9,2022,1,CRM
2022-09-14 00:00:00-04:00,157.4617152158987,160.49994256477916,156.88583978078202,159.1396942138672,6037300,0.0,0.0,0.013788736593352224,0.024352533845634964,7683670.0,164.99324798583984,0,14,9,2022,2,CRM
2022-09-15 00:00:00-04:00,155.68445071767607,158.7028159965389,153.21216034814537,153.67881774902344,7012200,0.0,0.0,-0.034314986539467074,0.025050392517822737,7875215.0,163.34605026245117,0,15,9,2022,3,CRM
2022-09-16 00:00:00-04:00,150.83916983847095,151.1271151300015,148.4959593515419,150.4320831298828,9882300,0.0,0.0,-0.02112675427034416,0.025083643136098545,8229750.0,161.53800506591796,0,16,9,2022,4,CRM
2022-09-19 00:00:00-04:00,149.63777865229082,152.44763125281276,149.3299714246329,151.74269104003906,4874800,0.0,0.0,0.008712289844611698,0.025272518798381674,8256185.0,160.00201110839845,0,19,9,2022,0,CRM
2022-09-20 00:00:00-04:00,149.92571251565988,150.5015879314298,147.79101472205232,148.7342529296875,5505700,0.0,0.0,-0.019825917740958987,0.02455098750265696,8272325.0,158.65268020629884,0,20,9,2022,1,CRM
2022-09-21 00:00:00-04:00,150.14413646671392,152.2093399864328,146.46052484230773,146.57968139648438,6164400,0.0,0.0,-0.01448604804047171,0.024585004774049898,8326705.0,157.24427185058593,0,21,9,2022,2,CRM
2022-09-22 00:00:00-04:00,148.44631045723196,151.77248305001717,148.08887105964976,149.08175659179688,12405100,0.0,0.0,0.017069727341981533,0.024233470253437563,8375020.0,155.76189422607422,0,22,9,2022,3,CRM
2022-09-23 00:00:00-04:00,147.01655208677352,148.7739483800804,143.75987395600438,145.96408081054688,9175800,0.0,0.0,-0.020912523789121673,0.023692683266270078,7632530.0,154.42646179199218,0,23,9,2022,4,CRM
2022-09-26 00:00:00-04:00,145.9541771245819,150.1143700394488,144.31592201286787,145.27902221679688,7862400,0.0,0.0,-0.004693336812357063,0.02155355304876816,7471915.0,153.48768920898436,0,26,9,2022,0,CRM
2022-09-27 00:00:00-04:00,147.31439909529234,149.5384678022771,145.21941033587956,147.83070373535156,7046600,0.0,0.0,0.017564005316244913,0.02134525755110172,7357750.0,152.92571487426758,0,27,9,2022,1,CRM
2022-09-28 00:00:00-04:00,144.96129254554748,149.8065789526782,144.63363849094418,149.10162353515625,7908400,0.0,0.0,0.008597130147468546,0.021514378999290373,7349200.0,152.45409469604493,0,28,9,2022,2,CRM
2022-09-29 00:00:00-04:00,147.3938652357045,147.92009339506248,143.9783363257517,145.76553344726562,8602500,0.0,0.0,-0.022374606049168966,0.02152110006958015,7321020.0,151.9919075012207,0,29,9,2022,3,CRM
2022-09-30 00:00:00-04:00,144.97122565250316,147.57259631011124,142.72730957860324,142.81666564941406,7575600,0.0,0.0,-0.0202302130559443,0.021658397084059876,7203600.0,151.51085510253907,0,30,9,2022,4,CRM
2022-10-03 00:00:00-04:00,143.94853914706215,147.90023444403178,142.87622096222347,146.84776306152344,6819900,0.0,0.0,0.028225679361573164,0.022752732898171008,7178810.0,151.2234130859375,0,3,10,2022,0,CRM
2022-10-04 00:00:00-04:00,150.62074255479598,156.30004940125949,150.14416170865576,154.6220703125,8017900,0.0,0.0,0.052941271211053076,0.02562699468323264,7261020.0,151.42248764038087,0,4,10,2022,1,CRM
2022-10-05 00:00:00-04:00,151.11717234269935,155.84331708992624,150.85902756289988,155.11849975585938,4256200,0.0,0.0,0.0032105988644186567,0.02554981146148965,7163260.0,151.5689384460449,0,5,10,2022,2,CRM
2022-10-06 00:00:00-04:00,154.61214871128414,157.12414809760324,153.34125633995401,154.35400390625,3853900,0.0,0.0,-0.004928463405800221,0.0250273133456617,7022995.0,151.49745178222656,0,6,10,2022,3,CRM
2022-10-07 00:00:00-04:00,150.7200156399447,152.0802638701028,148.2080166417981,149.2207489013672,5956700,0.0,0.0,-0.03325637738558829,0.024524197040241662,7038715.0,150.88682556152344,0,7,10,2022,4,CRM
2022-10-10 00:00:00-04:00,149.54841712973706,149.88600973189884,143.5513950563223,144.60385131835938,5497800,0.0,0.0,-0.03094005101166941,0.024655963759187615,6995935.0,149.89443740844726,0,10,10,2022,0,CRM
2022-10-11 00:00:00-04:00,143.48187974528838,143.93861374646497,138.52739074138154,141.55569458007812,7415000,0.0,0.0,-0.02107936068431837,0.023166136098373,7093525.0,149.1234619140625,0,11,10,2022,1,CRM
2022-10-12 00:00:00-04:00,141.2975413965928,142.41950692569634,138.5869680641349,141.27767944335938,5707100,0.0,0.0,-0.001963998252019983,0.022761437743110683,7077015.0,148.2303611755371,0,12,10,2022,2,CRM
2022-10-13 00:00:00-04:00,137.97136488715103,145.29884899828926,136.61110155705302,144.40525817871094,6548600,0.0,0.0,0.02213781219846167,0.02252401834273085,7053835.0,147.76668319702148,0,13,10,2022,3,CRM
2022-10-14 00:00:00-04:00,146.28182112122175,146.6491839046025,140.98973963926943,141.2081756591797,5736300,0.0,0.0,-0.02213965446863886,0.02256832898622147,6846535.0,147.30548782348632,0,14,10,2022,4,CRM
2022-10-17 00:00:00-04:00,145.0307852277932,147.93993232968276,144.90170527097567,146.13287353515625,6288200,0.0,0.0,0.034875444378396514,0.02399138743029259,6917205.0,147.02499694824218,0,17,10,2022,0,CRM
2022-10-18 00:00:00-04:00,155.33693754147714,157.83901330952602,150.8193053672927,152.43771362304688,16354800,0.0,0.0,0.04314457065934474,0.02555601740931163,7459660.0,147.21016998291014,0,18,10,2022,1,CRM
2022-10-19 00:00:00-04:00,150.77960076357186,154.84049904141358,149.56827917625884,152.57672119140625,6220500,0.0,0.0,0.0009118974895092613,0.02527829844100954,7462465.0,147.51002197265626,0,19,10,2022,2,CRM
2022-10-20 00:00:00-04:00,153.89725700257316,160.15243886562715,152.5072233219971,156.3794708251953,9203400,0.0,0.0,0.024923524401986308,0.025578902351490712,7302380.0,147.87490768432616,0,20,10,2022,3,CRM
2022-10-21 00:00:00-04:00,156.3794692833628,159.2886165826822,153.7185433638582,159.0304718017578,8335500,0.0,0.0,0.01695235929993566,0.025136642487901182,7260365.0,148.52822723388672,0,21,10,2022,4,CRM
2022-10-24 00:00:00-04:00,160.033277663679,160.420517553011,157.27305718490766,159.50704956054688,6259200,0.0,0.0,0.002996770074248145,0.025045754032795638,7180205.0,149.23962860107423,0,24,10,2022,0,CRM
2022-10-25 00:00:00-04:00,160.54958396152955,164.84878003851532,160.53966056051104,164.0941925048828,5804500,0.0,0.0,0.02875824583912645,0.025463414190685704,7118100.0,150.05280303955078,0,25,10,2022,1,CRM
2022-10-26 00:00:00-04:00,158.66312084591075,162.95237873102258,157.5709406331431,158.7723388671875,6617500,0.0,0.0,-0.032431700089184834,0.026820559639951558,7053555.0,150.53633880615234,0,26,10,2022,2,CRM
2022-10-27 00:00:00-04:00,160.64886727945293,163.48852024487684,158.18651562943728,158.6134490966797,4987700,0.0,0.0,-0.001000739622792346,0.026153387986004847,6872815.0,151.17873458862306,0,27,10,2022,3,CRM
2022-10-28 00:00:00-04:00,158.37517609246055,161.9297083470543,157.04471302879602,161.86021423339844,5055400,0.0,0.0,0.020469671110548537,0.025702866218757243,6746805.0,152.13091201782225,0,28,10,2022,4,CRM
2022-10-31 00:00:00-04:00,160.96661585046073,162.83324571033657,159.8545887766109,161.4332733154297,4878100,0.0,0.0,-0.0026377137827898745,0.025258196253031398,6649715.0,152.86018753051758,0,31,10,2022,0,CRM
2022-11-01 00:00:00-04:00,163.826107765885,164.52112458696692,158.50424087123855,158.68296813964844,4545900,0.0,0.0,-0.017036792473428597,0.02302237815835206,6476115.0,153.063232421875,0,1,11,2022,1,CRM
2022-11-02 00:00:00-04:00,158.37517753797582,158.63333749165008,148.89313212211877,148.94276428222656,7238200,0.0,0.0,-0.06138153307574912,0.026969145900946415,6625215.0,152.75444564819335,0,2,11,2022,2,CRM
2022-11-03 00:00:00-04:00,147.93994295863672,149.34983858357054,145.0903663550912,145.2889404296875,5999400,0.0,0.0,-0.024531731166312687,0.02744539587194163,6732490.0,152.30119247436522,0,3,11,2022,3,CRM
2022-11-04 00:00:00-04:00,145.4577351097444,145.90453058344818,135.07214544536322,138.77561950683594,14265300,0.0,0.0,-0.044830121987183724,0.028235098222768047,7147920.0,151.77893600463867,0,4,11,2022,4,CRM
2022-11-07 00:00:00-05:00,139.6195531947404,143.89888724605933,137.7827241226029,143.56130981445312,7379900,0.0,0.0,0.03448509417305434,0.028643987496169275,7242025.0,151.72680892944337,0,7,11,2022,0,CRM
2022-11-08 00:00:00-05:00,144.05774214506116,150.48171203310002,144.04781874493034,146.05345153808594,9101800,0.0,0.0,0.017359424533349488,0.028441837673895125,7326365.0,151.95169677734376,0,8,11,2022,1,CRM
2022-11-09 00:00:00-05:00,144.81236106077765,145.28894187459457,140.9301749903535,141.04931640625,5588500,0.0,0.0,-0.03426235449513515,0.029570501827706847,7320435.0,151.94027862548828,0,9,11,2022,2,CRM
2022-11-10 00:00:00-05:00,149.92572220784422,155.25751291113517,148.66475328230942,155.18801879882812,8777900,0.0,0.0,0.10023942513734596,0.036859568142516966,7431900.0,152.47941665649415,0,10,11,2022,3,CRM
2022-11-11 00:00:00-05:00,155.37666547407164,158.78225564504686,154.47313598576878,156.6078338623047,7382500,0.0,0.0,0.009148999223432819,0.0363412120008598,7514210.0,153.2493995666504,0,11,11,2022,4,CRM
2022-11-14 00:00:00-05:00,154.7113982839076,159.0205169491699,153.54970912393284,157.53118896484375,6580100,0.0,0.0,0.005895970078680257,0.03569318819243366,7528805.0,153.81931533813477,0,14,11,2022,0,CRM
2022-11-15 00:00:00-05:00,161.52260728601811,164.0743303155322,159.6063455263044,160.91696166992188,8116100,0.0,0.0,0.021492713457737844,0.034771327344841604,7116870.0,154.2432777404785,0,15,11,2022,1,CRM
2022-11-16 00:00:00-05:00,158.86167383963556,159.67584719017398,152.7355723602222,154.01638793945312,6454700,0.0,0.0,-0.04288282390406695,0.036274548298105516,7128580.0,154.31526107788085,0,16,11,2022,2,CRM
2022-11-17 00:00:00-05:00,149.1214732595567,150.6802955912497,147.28462905414395,148.62503051757812,7357900,0.0,0.0,-0.03500508935448121,0.03667483112787312,7036305.0,153.9275390625,0,17,11,2022,3,CRM
2022-11-18 00:00:00-05:00,150.75972311163238,151.23631903585996,144.61375975129306,146.98675537109375,7555700,0.0,0.0,-0.011022875088934736,0.0364503565379136,6997315.0,153.3253532409668,0,18,11,2022,4,CRM
2022-11-21 00:00:00-05:00,144.98113212198268,146.29173298788146,142.37976204003382,143.8194580078125,8015900,0.0,0.0,-0.02154818204732023,0.03663958931780603,7085150.0,152.54097366333008,0,21,11,2022,0,CRM
2022-11-22 00:00:00-05:00,144.16696695169867,148.31723608686846,141.90318929623513,148.1881561279297,7017700,0.0,0.0,0.030376266053511847,0.03671867412443358,7145810.0,151.74567184448242,0,22,11,2022,1,CRM
2022-11-23 00:00:00-05:00,146.56976444694158,151.8221376483903,146.50027033447367,151.1569061279297,5558900,0.0,0.0,0.020033652334786378,0.03648817308061833,7092880.0,151.36490020751953,0,23,11,2022,2,CRM
2022-11-25 00:00:00-05:00,150.98811041415757,152.9440809777524,150.30301697172112,152.25900268554688,3023700,0.0,0.0,0.007291076443999511,0.036545177157321335,6994680.0,151.04717788696288,0,25,11,2022,4,CRM
2022-11-28 00:00:00-05:00,150.918624161407,154.21501190862335,150.918624161407,152.5966033935547,7931700,0.0,0.0,0.002217279123422733,0.03619607493845432,7138495.0,150.5839973449707,0,28,11,2022,0,CRM
2022-11-29 00:00:00-05:00,151.63345460369877,152.92420861206546,150.183835300407,150.60084533691406,6398100,0.0,0.0,-0.01307865320890178,0.036275952516487124,7214495.0,150.04237594604493,0,29,11,2022,1,CRM
2022-11-30 00:00:00-05:00,149.67749635217342,159.1099090576172,149.0619121605237,159.1099090576172,14591500,0.0,0.0,0.056500769976869814,0.0384256671926387,7716775.0,150.06372299194337,0,30,11,2022,2,CRM
2022-12-01 00:00:00-05:00,146.5002679464987,146.53997670294285,141.06918270131857,145.9541778564453,33721500,0.0,0.0,-0.08268329281998332,0.040480920983992176,9040940.0,149.9142936706543,0,1,12,2022,3,CRM
2022-12-02 00:00:00-05:00,143.26345656291787,144.17692464715398,141.76420476094881,143.5315399169922,15086700,0.0,0.0,-0.016598620026046396,0.040268681429312586,9495305.0,149.82642364501953,0,2,12,2022,4,CRM
2022-12-05 00:00:00-05:00,141.78404666291627,143.36273090764726,131.93462472157358,132.97714233398438,20294600,0.0,0.0,-0.07353364695391462,0.04241090382815578,9796770.0,149.53649978637696,0,5,12,2022,0,CRM
2022-12-06 00:00:00-05:00,131.7658401867299,133.59274585425354,129.97864327274795,132.3218536376953,16981800,0.0,0.0,-0.004927829586255039,0.04156896953351822,10276865.0,148.97452697753906,0,6,12,2022,1,CRM
2022-12-07 00:00:00-05:00,131.5573297445708,132.79843662895354,129.09497792802,129.55169677734375,12915900,0.0,0.0,-0.020934991342672737,0.04145151861322521,10467570.0,148.14943923950196,0,7,12,2022,2,CRM
2022-12-08 00:00:00-05:00,127.51627566919014,130.52473262937608,126.11631107327192,129.20419311523438,15156900,0.0,0.0,-0.0026823551582394467,0.04088232534720394,10945990.0,147.55718307495118,0,8,12,2022,3,CRM
2022-12-09 00:00:00-05:00,128.81696731991232,132.42113130149997,127.44678051272936,130.17721557617188,10287500,0.0,0.0,0.0075308891877037265,0.032983419781070944,11021470.0,146.30664291381837,0,9,12,2022,4,CRM
2022-12-12 00:00:00-05:00,130.16728488187613,133.13600259745434,130.01834297844135,132.16297912597656,11852400,0.0,0.0,0.015254309604146865,0.03318030291141018,11244965.0,145.08440017700195,0,12,12,2022,0,CRM
2022-12-13 00:00:00-05:00,136.41253235081615,138.884822593184,133.08636000929644,134.65512084960938,12579800,0.0,0.0,0.018856579505954763,0.03358829704654823,11544950.0,143.94059677124022,0,13,12,2022,1,CRM
2022-12-14 00:00:00-05:00,134.04946557607275,136.29339649678244,132.282130602374,133.79132080078125,9611800,0.0,0.0,-0.006414906788378749,0.03290332729171669,11619735.0,142.5843147277832,0,14,12,2022,2,CRM
2022-12-15 00:00:00-05:00,130.7332229884769,133.16578926636706,128.7573755250912,129.51197814941406,10807300,0.0,0.0,-0.03198520371690805,0.03239308949059037,11837365.0,141.35909423828124,0,15,12,2022,3,CRM
2022-12-16 00:00:00-05:00,128.00279903033575,128.95597579273283,125.98724264289578,127.35742950439453,15464700,0.0,0.0,-0.016635902530450886,0.03184641673502016,12242705.0,140.29571418762208,0,16,12,2022,4,CRM
2022-12-19 00:00:00-05:00,126.86097197694794,128.6580998118415,126.29502756736979,128.09214782714844,9441400,0.0,0.0,0.005768947485930154,0.03196144697336826,12336990.0,139.3509838104248,0,19,12,2022,0,CRM
2022-12-20 00:00:00-05:00,126.5929022395674,129.06519260797606,126.28511015619827,127.53614044189453,8455500,0.0,0.0,-0.004340682818467556,0.03176205033048251,12358970.0,138.5368179321289,0,20,12,2022,1,CRM
2022-12-21 00:00:00-05:00,127.04962979199694,131.21975350668356,125.69930488344492,129.37298583984375,9313200,0.0,0.0,0.014402548105853175,0.031004242336455254,12473745.0,137.5960594177246,0,21,12,2022,2,CRM
2022-12-22 00:00:00-05:00,127.75456934610972,128.6183748416501,125.44114442392082,128.2708740234375,9968600,0.0,0.0,-0.008518871302627296,0.030379019546835327,12694230.0,136.4517578125,0,22,12,2022,3,CRM
2022-12-23 00:00:00-05:00,127.81416379440321,128.93612941215997,126.68227477436129,128.5191192626953,5821300,0.0,0.0,0.0019353204002683366,0.030263065948194792,12834110.0,135.26476364135743,0,23,12,2022,4,CRM
2022-12-27 00:00:00-05:00,127.6453723785714,130.81267991788795,126.74185040700347,129.73043823242188,8300800,0.0,0.0,0.009425204410641763,0.030433501604858585,12852565.0,134.12145538330077,0,27,12,2022,1,CRM
2022-12-28 00:00:00-05:00,128.78719862017013,130.20701776463665,127.25814630280247,127.55601501464844,6249800,0.0,0.0,-0.016761087431754418,0.030479286375472668,12845150.0,132.9692138671875,0,28,12,2022,2,CRM
2022-12-29 00:00:00-05:00,128.7772545346191,132.00413261546075,128.5786804519982,131.5970458984375,7628800,0.0,0.0,0.03168044159520811,0.028138018839592466,12497015.0,131.59357070922852,0,29,12,2022,3,CRM
2022-12-30 00:00:00-05:00,129.68077372222942,131.69633004352337,129.43255235113185,131.6466827392578,5630200,0.0,0.0,0.0003771881084519979,0.022203161229268447,11092450.0,130.87819595336913,0,30,12,2022,4,CRM
2023-01-03 00:00:00-05:00,134.22820795170844,135.97568117007626,132.08357139946241,133.8211212158203,8196400,0.0,0.0,0.01651722953679924,0.022517798850942346,10747935.0,130.39267501831054,0,3,1,2023,1,CRM
2023-01-04 00:00:00-05:00,140.2152862034429,140.84080889278962,136.64089247893284,138.5968780517578,14322600,0.0,0.0,0.03568761636838613,0.017188908297805,10449335.0,130.6736618041992,0,4,1,2023,2,CRM
2023-01-05 00:00:00-05:00,136.66076460314497,137.60400283253423,133.28495983999466,135.37001037597656,8493500,0.0,0.0,-0.02328239799583509,0.01805815933972651,10024920.0,130.8260696411133,0,5,1,2023,3,CRM
2023-01-06 00:00:00-05:00,136.60119802199796,140.64223439849428,134.58564153453938,139.51034545898438,9145700,0.0,0.0,0.030585319979724135,0.018391906322009665,9836410.0,131.32400207519532,0,6,1,2023,4,CRM
2023-01-09 00:00:00-05:00,141.57552859173018,148.13850183274644,141.57552859173018,146.05345153808594,13679700,0.0,0.0,0.046900508041715305,0.020663659262346302,9762550.0,132.16646499633788,0,9,1,2023,0,CRM
2023-01-10 00:00:00-05:00,144.77264390364937,148.21795807607577,144.56414641611173,146.39105224609375,6527700,0.0,0.0,0.0023114873661151947,0.020680900925007864,9574560.0,132.97715682983397,0,10,1,2023,1,CRM
2023-01-11 00:00:00-05:00,144.24639616561805,145.9938690938636,142.53863198905168,143.8690948486328,13595000,0.0,0.0,-0.01722753787725595,0.021192283850769173,9661690.0,133.5624626159668,0,11,1,2023,2,CRM
2023-01-12 00:00:00-05:00,146.78818689398977,148.7541110681829,142.91593955130062,148.53567504882812,11678000,0.0,0.0,0.03243629359804556,0.021883934252549326,9616600.0,134.25649032592773,0,12,1,2023,3,CRM
2023-01-13 00:00:00-05:00,145.15987069073768,148.89313021718803,145.05065266948023,148.44631958007812,8378100,0.0,0.0,-0.0006015758081054923,0.02176059851829067,9554915.0,134.98924026489257,0,13,1,2023,4,CRM
2023-01-17 00:00:00-05:00,148.53566163714962,149.41932903557617,145.06056274330132,147.4136962890625,9407600,0.0,0.0,-0.006956206754985206,0.020155918672276896,9484930.0,135.884326171875,0,17,1,2023,1,CRM
2023-01-18 00:00:00-05:00,147.80091919457163,148.47607398507253,144.25631109375593,144.41517639160156,7812600,0.0,0.0,-0.020340850090219353,0.020397119588967737,9102325.0,136.73721351623536,0,18,1,2023,2,CRM
2023-01-19 00:00:00-05:00,142.49893903875216,145.63644587712332,142.14149963308566,145.36837768554688,7070100,0.0,0.0,0.006600423291805324,0.02039639859122413,8983760.0,137.60102500915528,0,19,1,2023,3,CRM
2023-01-20 00:00:00-05:00,143.27338360089132,150.4519416701726,143.27338360089132,150.17393493652344,10127100,0.0,0.0,0.0330577896478399,0.021050073727277296,9067340.0,138.73291473388673,0,20,1,2023,4,CRM
2023-01-23 00:00:00-05:00,156.2305441137729,156.74683368090325,152.13984543042008,154.7610626220703,19922900,0.0,0.0,0.030545431785387933,0.021594342565852277,9597825.0,140.00231857299804,0,23,1,2023,0,CRM
2023-01-24 00:00:00-05:00,154.79084929819504,159.07019869272915,153.40081560523032,153.7582550048828,6390200,0.0,0.0,-0.006479715247473927,0.021510839797888977,9418905.0,141.2766876220703,0,24,1,2023,1,CRM
2023-01-25 00:00:00-05:00,150.1342257608978,155.28728887031008,148.75411549764067,155.05892944335938,9390500,0.0,0.0,0.008459216959995075,0.021442310167205287,9597365.0,142.60367813110352,0,25,1,2023,2,CRM
2023-01-26 00:00:00-05:00,157.06457692480603,163.99491423413727,156.9752208560443,163.9154815673828,13354600,0.0,0.0,0.05711733052599599,0.023924620308121928,9850055.0,144.31293029785155,0,26,1,2023,3,CRM
2023-01-27 00:00:00-05:00,163.87574589664106,166.0501674474748,162.43606502994925,163.34951782226562,9872300,0.0,0.0,-0.003452777856645106,0.02325743798798111,10031180.0,146.10260543823242,0,27,1,2023,4,CRM
2023-01-30 00:00:00-05:00,162.90275640483827,165.25589055502405,162.23750968493962,163.57791137695312,8169800,0.0,0.0,0.0013981893410668356,0.022940067052891044,10058230.0,147.7016487121582,0,30,1,2023,0,CRM
2023-01-31 00:00:00-05:00,163.11124364244384,166.81470265401387,163.11124364244384,166.77499389648438,6421300,0.0,0.0,0.019544708039240133,0.022865146125478592,10097785.0,149.45806427001952,0,31,1,2023,1,CRM
2023-02-01 00:00:00-05:00,166.5366819739442,171.84862550053404,165.81187979534644,170.59759521484375,8853900,0.0,0.0,0.022920710287850588,0.0229742229361769,10130660.0,151.2968879699707,0,1,2,2023,2,CRM
2023-02-02 00:00:00-05:00,174.45991672277395,177.5676380151617,171.66989575994486,173.39752197265625,10667100,0.0,0.0,0.01641246322544232,0.022344259698575626,9947885.0,153.03692016601562,0,2,2,2023,3,CRM
2023-02-03 00:00:00-05:00,168.81040303763373,173.83440142471065,168.6515377158514,169.82313537597656,6481700,0.0,0.0,-0.02061382744122109,0.022132606557442067,9847295.0,154.75957641601562,0,3,2,2023,4,CRM
2023-02-06 00:00:00-05:00,166.804772440055,169.95221781628305,166.15940289249247,167.84730529785156,4310600,0.0,0.0,-0.011634634313815062,0.02224277457756778,9605540.0,156.176424407959,0,6,2,2023,0,CRM
2023-02-07 00:00:00-05:00,166.3778350630269,170.50822734195413,165.42465829082474,170.06143188476562,6179200,0.0,0.0,0.013191314468737003,0.02046747278880536,9230515.0,157.37682342529297,0,7,2,2023,1,CRM
2023-02-08 00:00:00-05:00,168.79051949145406,171.22308571290276,168.02599348463454,168.42315673828125,7694500,0.0,0.0,-0.009633431450785879,0.020808551127761782,9288855.0,158.47842864990236,0,8,2,2023,2,CRM
2023-02-09 00:00:00-05:00,172.0968607085875,174.13227919311748,170.78624446090635,172.4245147705078,11512300,0.0,0.0,0.023757766507395583,0.02028395654657023,9184720.0,159.90619964599608,0,9,2,2023,3,CRM
2023-02-10 00:00:00-05:00,166.46719755906895,168.5324013534767,164.15377237326936,165.8416748046875,11273700,0.0,0.0,-0.03817809767121505,0.022106184764932774,9164505.0,160.77149963378906,0,10,2,2023,4,CRM
2023-02-13 00:00:00-05:00,167.08277156001597,169.94228666232945,165.76223202041234,169.86285400390625,8820300,0.0,0.0,0.02424709714222617,0.022426051711996055,9186615.0,161.84232635498046,0,13,2,2023,0,CRM
2023-02-14 00:00:00-05:00,167.023212876355,171.56069208244583,166.65585006115597,168.75083923339844,8393100,0.0,0.0,-0.006546544722969561,0.02241281870999823,9135890.0,162.90918350219727,0,14,2,2023,1,CRM
2023-02-15 00:00:00-05:00,167.64871343737275,170.3890718113108,167.04305270995317,169.88270568847656,4997000,0.0,0.0,0.006707323413738031,0.021471315119344806,8995110.0,164.18255996704102,0,15,2,2023,2,CRM
2023-02-16 00:00:00-05:00,167.7877456547524,169.1579175022893,166.7650746825785,166.91400146484375,7483500,0.0,0.0,-0.017475023202636608,0.02223703936564631,9015780.0,165.25984115600585,0,16,2,2023,3,CRM
2023-02-17 00:00:00-05:00,163.85591544009014,165.92111938280075,161.58221399776775,163.9949188232422,8084500,0.0,0.0,-0.017488542698536835,0.022010853091975247,8913650.0,165.9508903503418,0,17,2,2023,4,CRM
2023-02-21 00:00:00-05:00,162.5750814251433,163.33959237173295,160.30136508725977,160.47015380859375,5210800,0.0,0.0,-0.0214931355187139,0.02186263183878606,8178045.0,166.23634490966796,0,21,2,2023,1,CRM
2023-02-22 00:00:00-05:00,161.94956303576217,163.82611612353156,160.95667748349834,162.19778442382812,4343700,0.0,0.0,0.010766055707125854,0.021849093354461564,8075720.0,166.65832138061523,0,22,2,2023,2,CRM
2023-02-23 00:00:00-05:00,164.11403626788535,164.29276353452298,160.42051617672803,162.95236206054688,4679400,0.0,0.0,0.00465220680664169,0.021814671237010187,7840165.0,167.0529930114746,0,23,2,2023,3,CRM
2023-02-24 00:00:00-05:00,159.4474742920872,161.23467117150523,158.52409807535537,161.0460205078125,6569900,0.0,0.0,-0.011698765999022753,0.017847871851148053,7500930.0,166.9095199584961,0,24,2,2023,4,CRM
2023-02-27 00:00:00-05:00,162.67435641842889,163.59774781004157,161.06588675912795,161.97933959960938,6891200,0.0,0.0,0.005795356438202726,0.01789338321177694,7351875.0,166.84101104736328,0,27,2,2023,0,CRM
2023-02-28 00:00:00-05:00,161.37368097504046,163.2800193391278,160.38079546352222,162.4459991455078,6912600,0.0,0.0,0.0028809819020867433,0.017903721114985772,7289015.0,166.784415435791,0,28,2,2023,1,CRM
2023-03-01 00:00:00-05:00,161.83042681638733,166.78491618519945,161.82048826439743,166.15940856933594,15841200,0.0,0.0,0.02285934675745338,0.018110209712490916,7760010.0,166.7536361694336,0,1,3,2023,2,CRM
2023-03-02 00:00:00-05:00,191.7460378811161,192.53042588966528,183.88238674546113,185.2624969482422,37712500,0.0,0.0,0.11496844231324288,0.031208651100469012,9202940.0,167.48688125610352,0,2,3,2023,3,CRM
2023-03-03 00:00:00-05:00,186.73198447011134,188.41988680102978,182.97886331751928,185.1036376953125,12087200,0.0,0.0,-0.0008574819812240397,0.03110259009408101,9273945.0,168.07218704223632,0,3,3,2023,4,CRM
2023-03-06 00:00:00-05:00,183.7533241558939,187.65535684354603,182.3235666320967,182.4923553466797,10770300,0.0,0.0,-0.014107136851254531,0.030867912027003137,9488375.0,168.70564804077148,0,6,3,2023,0,CRM
2023-03-07 00:00:00-05:00,183.14766645471573,184.8355687788963,181.72783230804058,182.01577758789062,9024300,0.0,0.0,-0.0026114943712777228,0.03069226513459942,9724060.0,169.41407165527343,0,7,3,2023,1,CRM
2023-03-08 00:00:00-05:00,181.99590769443142,183.58451533895266,180.5065795056885,181.6483917236328,6749100,0.0,0.0,-0.002018428672099115,0.030653642882022013,9752555.0,169.9934196472168,0,8,3,2023,2,CRM
2023-03-09 00:00:00-05:00,181.79732938573594,182.53205491220504,177.26975907153155,177.448486328125,7102400,0.0,0.0,-0.02312107118403628,0.031108024330078823,9722950.0,170.44468612670897,0,9,3,2023,3,CRM
2023-03-10 00:00:00-05:00,177.2300647146083,178.08394686490078,170.48837872293842,171.94790649414062,14109000,0.0,0.0,-0.030998178388589315,0.03159550543390727,9852785.0,170.4208557128906,0,10,3,2023,4,CRM
2023-03-13 00:00:00-04:00,169.78342890761203,175.84003681762516,168.79054335844472,174.26133728027344,9154800,0.0,0.0,0.013454253868520505,0.03037048254490511,9746840.0,170.84183883666992,0,13,3,2023,0,CRM
2023-03-14 00:00:00-04:00,178.71938303398525,183.99160240945105,177.8357155794375,181.5888214111328,10138100,0.0,0.0,0.04204882302190871,0.031276521845305716,9812730.0,171.42813720703126,0,14,3,2023,1,CRM
2023-03-15 00:00:00-04:00,177.88535282631557,182.55191120056884,176.94211472144983,181.60867309570312,7716900,0.0,0.0,0.00010932217311632186,0.031196102162807982,9778920.0,172.07102890014647,0,15,3,2023,2,CRM
2023-03-16 00:00:00-04:00,181.99591109213665,186.31495382998605,181.67818046716278,185.9674530029297,8369500,0.0,0.0,0.024000945730876966,0.0315097230199046,9947545.0,172.87526626586913,0,16,3,2023,3,CRM
2023-03-17 00:00:00-04:00,184.7164179087614,186.32490277451376,182.86965021121677,183.53489685058594,10493300,0.0,0.0,-0.01308054776824541,0.031359839206692205,10098035.0,173.70631103515626,0,17,3,2023,4,CRM
2023-03-20 00:00:00-04:00,182.89945828128484,184.2001359593915,181.35054405940778,183.9320526123047,5513200,0.0,0.0,0.00216392505476537,0.030916158106157488,9969470.0,174.7031677246094,0,20,3,2023,0,CRM
2023-03-21 00:00:00-04:00,184.5476403910508,187.93338390048794,183.57461675161605,187.337646484375,6982000,0.0,0.0,0.018515499738638086,0.030319562570065735,10058030.0,176.04654235839843,0,21,3,2023,1,CRM
2023-03-22 00:00:00-04:00,188.6482353644761,190.07799283548573,185.08378023759192,185.1830596923828,6575600,0.0,0.0,-0.01150108818182416,0.030627111877751034,10169625.0,177.19580612182617,0,22,3,2023,2,CRM
2023-03-23 00:00:00-04:00,186.06675192268634,189.20427399644515,184.25970804238278,186.10647583007812,8685000,0.0,0.0,0.004986504376962131,0.03062581252556823,10369905.0,178.35351181030273,0,23,3,2023,3,CRM
2023-03-24 00:00:00-04:00,185.1731545824699,188.96598464549254,184.7660678719972,188.70782470703125,6102700,0.0,0.0,0.01397774508033911,0.03033354432740114,10346545.0,179.73660202026366,0,24,3,2023,4,CRM
2023-03-27 00:00:00-04:00,187.5759433537253,190.74325080157084,187.56601995193472,189.8992919921875,7776500,0.0,0.0,0.006313820250993807,0.03033144673171995,10390810.0,181.1325996398926,0,27,3,2023,0,CRM
2023-03-28 00:00:00-04:00,189.81985787288738,191.45812816968632,189.81985787288738,190.93190002441406,4899000,0.0,0.0,0.005437661306652242,0.030312347370569374,10290130.0,182.5568946838379,0,28,3,2023,1,CRM
2023-03-29 00:00:00-04:00,191.76589818547825,196.0253701660349,191.50775341855146,195.24099731445312,8085200,0.0,0.0,0.022568765562423376,0.030305184964471654,9902330.0,184.01097412109374,0,29,3,2023,2,CRM
2023-03-30 00:00:00-04:00,196.36296815386527,196.76011629089464,194.0991904422911,195.2012939453125,6932500,0.0,0.0,-0.0002033556972498296,0.01705957834059622,8363330.0,184.50791397094727,0,30,3,2023,3,CRM
2023-03-31 00:00:00-04:00,196.08495677840787,198.57709385216984,195.58851404377745,198.35865783691406,6634300,0.0,0.0,0.016174912715927636,0.01729333702887024,8090685.0,185.17066497802733,0,31,3,2023,4,CRM
2023-04-03 00:00:00-04:00,196.80977454806774,197.51471480305946,194.13890999975484,195.0920867919922,5340800,0.0,0.0,-0.01646800336594123,0.01742813841274142,7819210.0,185.80065155029297,0,3,4,2023,0,CRM
2023-04-04 00:00:00-04:00,196.74026583110526,197.28635591409198,195.22115215039838,195.79702758789062,4659100,0.0,0.0,0.003613374624722887,0.017368969332078606,7600950.0,186.48971405029297,0,4,4,2023,1,CRM
2023-04-05 00:00:00-04:00,196.59132023254048,196.87925034859816,192.35169509455218,193.9204559326172,3953700,0.0,0.0,-0.009584270396704953,0.017583401706839873,7461180.0,187.1033172607422,0,5,4,2023,2,CRM
2023-04-06 00:00:00-04:00,192.61978038280026,192.68928963752296,188.25109039297303,191.1800994873047,6304700,0.0,0.0,-0.014131342834015959,0.016973534485380682,7421295.0,187.78989791870117,0,6,4,2023,3,CRM
2023-04-10 00:00:00-04:00,189.23404896481148,191.18011126393523,187.9333713484101,190.12765502929688,5263800,0.0,0.0,-0.005504989592693965,0.015067436413129737,6979035.0,188.698885345459,0,10,4,2023,0,CRM
2023-04-11 00:00:00-04:00,187.7149465685993,189.10499547990457,185.9773967921415,187.54615783691406,4907700,0.0,0.0,-0.013577704895087583,0.015489322391511939,6766680.0,189.363126373291,0,11,4,2023,1,CRM
2023-04-12 00:00:00-04:00,188.94612620579846,190.52481061939844,188.18160007805145,188.9659881591797,5033400,0.0,0.0,0.0075705647006656385,0.012669456701863297,6511445.0,189.73198471069335,0,12,4,2023,2,CRM
2023-04-13 00:00:00-04:00,189.09503993985751,192.99708782255445,189.09503993985751,192.6396484375,4716400,0.0,0.0,0.019440854484489067,0.013236790341411661,6361420.0,190.2835334777832,0,13,4,2023,3,CRM
2023-04-14 00:00:00-04:00,190.48508476299222,193.78145666748208,189.82977671232186,193.26515197753906,5073800,0.0,0.0,0.0032470135048132676,0.012286074870673739,6196635.0,190.64841842651367,0,14,4,2023,4,CRM
2023-04-17 00:00:00-04:00,193.77154851565484,196.1147590310505,193.64246854545362,195.67788696289062,5413500,0.0,0.0,0.012484066375463065,0.011960294574592066,5942645.0,191.2555679321289,0,17,4,2023,0,CRM
2023-04-18 00:00:00-04:00,197.66365925675277,198.6962535738551,195.65802618192618,197.08778381347656,4679000,0.0,0.0,0.007205192535901128,0.011988708309334736,5900935.0,191.9133544921875,0,18,4,2023,1,CRM
2023-04-19 00:00:00-04:00,194.90343597379666,197.653733182006,194.33748393969927,197.50479125976562,3665100,0.0,0.0,0.0021158462397836697,0.011458813134978289,5735090.0,192.42171173095704,0,19,4,2023,2,CRM
2023-04-20 00:00:00-04:00,195.77714335078392,198.65652021050468,195.4197191374008,196.10479736328125,3620000,0.0,0.0,-0.007088404729599929,0.011210612651080538,5587310.0,192.96779861450196,0,20,4,2023,3,CRM
2023-04-21 00:00:00-04:00,195.62822742755506,197.70335447137955,195.07221397564328,197.61399841308594,4860100,0.0,0.0,0.007695890514136217,0.01125307499627669,5396065.0,193.54317474365234,0,21,4,2023,4,CRM
2023-04-24 00:00:00-04:00,197.03813366841428,197.355864315398,192.6793667253873,193.5332489013672,4449700,0.0,0.0,-0.020650103456681612,0.012116372481467361,5313415.0,193.78444595336913,0,24,4,2023,0,CRM
2023-04-25 00:00:00-04:00,192.59000174419944,192.73892850918241,189.27376780858134,189.3134765625,5010000,0.0,0.0,-0.021803862451654332,0.013099413794170097,5175090.0,193.75515518188476,0,25,4,2023,1,CRM
2023-04-26 00:00:00-04:00,191.24960517403116,192.98715484456736,189.2142019658734,190.15744018554688,4007600,0.0,0.0,0.004458021892425945,0.01307954044376023,5130520.0,193.7164321899414,0,26,4,2023,2,CRM
2023-04-27 00:00:00-04:00,192.78857838881405,196.10481236871817,191.894987486522,194.54598999023438,4794400,0.0,0.0,0.02307850694879643,0.013126495402627779,4965980.0,193.68168182373046,0,27,4,2023,3,CRM
2023-04-28 00:00:00-04:00,194.75448740609673,197.2367011897596,193.8807584564042,196.9586944580078,4094600,0.0,0.0,0.01240171780407584,0.013420407876185633,4824085.0,193.76955184936523,0,28,4,2023,4,CRM
2023-05-01 00:00:00-04:00,196.35304240408152,197.63387325743147,195.71759625326823,196.38282775878906,2882900,0.0,0.0,-0.0029237942544421136,0.012919007966957424,4636515.0,193.67076034545897,0,1,5,2023,0,CRM
2023-05-02 00:00:00-04:00,196.61117593351486,196.99840064292667,191.55737761038455,192.46090698242188,6051000,0.0,0.0,-0.019970792869855036,0.013169319764327884,4672025.0,193.53920135498046,0,2,5,2023,1,CRM
2023-05-03 00:00:00-04:00,192.82829260207032,194.39703830276454,191.19002249656577,191.2396697998047,3779900,0.0,0.0,-0.006345377883565373,0.01319003242748061,4628065.0,193.31133346557618,0,3,5,2023,2,CRM
2023-05-04 00:00:00-04:00,190.53472606163282,193.17580519244478,189.40283716988924,191.01132202148438,4386500,0.0,0.0,-0.0011940398064865798,0.013038344587233358,4649705.0,193.16587677001954,0,4,5,2023,3,CRM
2023-05-05 00:00:00-04:00,192.5701321468113,196.70053930096762,191.87511535409985,196.18423461914062,4282800,0.0,0.0,0.02708170669105381,0.014019490311690757,4548610.0,193.41608352661132,0,5,5,2023,4,CRM
2023-05-08 00:00:00-04:00,197.30620829638372,199.0735432790622,194.68499117542675,196.49203491210938,4169400,0.0,0.0,0.001568934902268282,0.013925405692068866,4493890.0,193.73430252075195,0,8,5,2023,0,CRM
2023-05-09 00:00:00-04:00,195.380012745246,202.35007338521692,195.380012745246,199.7487030029297,6996800,0.0,0.0,0.016574046333618586,0.013811511924322992,4598345.0,194.34442977905275,0,9,5,2023,1,CRM
2023-05-10 00:00:00-04:00,203.4819647049968,204.81242769066716,201.59547309151566,203.39260864257812,6535600,0.0,0.0,0.018242449562213103,0.014188336241696142,4673455.0,195.06576080322264,0,10,5,2023,2,CRM
2023-05-11 00:00:00-04:00,201.46640170169053,202.35006919621068,197.1374202885936,202.0224151611328,5366300,0.0,0.0,-0.006736692599548455,0.013871574243217917,4705950.0,195.5348991394043,0,11,5,2023,3,CRM
2023-05-12 00:00:00-04:00,201.982706856767,202.50895015391592,198.70619655338996,200.37423706054688,4733000,0.0,0.0,-0.008158392222325173,0.014071044676660132,4688910.0,195.89035339355468,0,12,5,2023,4,CRM
2023-05-15 00:00:00-04:00,202.30043296898,203.938688083851,201.0394640649736,201.8834228515625,4518200,0.0,0.0,0.007531835495196981,0.013917761921153338,4644145.0,196.20063018798828,0,15,5,2023,0,CRM
2023-05-16 00:00:00-04:00,200.4933511996358,204.20674822844404,200.31463909114427,203.10464477539062,4423200,0.0,0.0,0.006049144137634466,0.013895877622006053,4631355.0,196.501473236084,0,16,5,2023,1,CRM
2023-05-17 00:00:00-04:00,205.0308656334591,207.99959887564904,203.34296323214028,207.890380859375,5772200,0.0,0.0,0.02356290812195283,0.014739982558382696,4736710.0,197.02075271606446,0,17,5,2023,2,CRM
2023-05-18 00:00:00-04:00,208.00952283024347,212.35836638951778,207.84073410468582,211.80235290527344,5165500,0.0,0.0,0.018817475006429607,0.014973839492026709,4813985.0,197.80563049316407,0,18,5,2023,3,CRM
2023-05-19 00:00:00-04:00,211.44489634344626,211.72290306300965,208.43643943133182,208.86338806152344,6090800,0.0,0.0,-0.013875978257259614,0.015459916171944149,4875520.0,198.36809997558595,0,19,5,2023,4,CRM
2023-05-22 00:00:00-04:00,207.68187274523058,211.3059141638864,207.55279277312712,208.7641143798828,3890800,0.0,0.0,-0.0004753043726906103,0.014469923465173952,4847575.0,199.12964324951173,0,22,5,2023,0,CRM
2023-05-23 00:00:00-04:00,206.2620562991393,208.1485328452159,205.00108736768757,205.1698760986328,4256800,0.0,0.0,-0.017216743844728266,0.014072042369524121,4809915.0,199.92246322631837,0,23,5,2023,1,CRM
2023-05-24 00:00:00-04:00,204.57411350478333,208.71445920503342,203.95852936767946,207.5726318359375,4894000,0.0,0.0,0.011711055165572137,0.01417420597283749,4854235.0,200.7932228088379,0,24,5,2023,2,CRM
2023-05-25 00:00:00-04:00,210.5115998471614,210.81939194551651,206.95706773828255,208.41661071777344,6496700,0.0,0.0,0.004065944890572215,0.013482309081392304,4939350.0,201.48675384521485,0,25,5,2023,3,CRM
2023-05-26 00:00:00-04:00,211.28605500681874,214.61221261838176,211.03783361116933,213.9072723388672,6933300,0.0,0.0,0.026344644998228528,0.014300547246437227,5081285.0,202.3341827392578,0,26,5,2023,4,CRM
2023-05-30 00:00:00-04:00,217.70999896733503,220.5595753882975,214.19517595624205,217.31283569335938,10421000,0.0,0.0,0.015920746018850407,0.014424482812333848,5458190.0,203.38068313598632,0,30,5,2023,1,CRM
2023-05-31 00:00:00-04:00,217.98801813882903,223.39924117274495,215.51572774910096,221.790771484375,19624000,0.0,0.0,0.020605942473339356,0.01352723910831721,6136840.0,204.847176361084,0,31,5,2023,2,CRM
2023-06-01 00:00:00-04:00,206.7386330397176,213.82783535009378,204.5939965886211,211.3853302001953,20907400,0.0,0.0,-0.04691557369379884,0.017976241968432373,6993215.0,205.8544593811035,0,1,6,2023,3,CRM
2023-06-02 00:00:00-04:00,211.38532432925854,214.60227891655677,208.932895845931,211.514404296875,11023500,0.0,0.0,0.0006106104740448703,0.01794709423023599,7325065.0,206.87961349487304,0,2,6,2023,4,CRM
2023-06-05 00:00:00-04:00,208.97261939946833,210.80946369611118,205.58687609496036,208.36695861816406,7804400,0.0,0.0,-0.014880526407522021,0.017713709356002527,7501145.0,207.4887496948242,0,5,6,2023,0,CRM
2023-06-06 00:00:00-04:00,207.06629745563134,211.88178358469173,206.88757016731356,211.33570861816406,6796000,0.0,0.0,0.014247700401675889,0.017879592548109998,7632475.0,208.23093338012694,0,6,6,2023,1,CRM
2023-06-07 00:00:00-04:00,213.35123819629766,215.11857315032466,203.32308872212766,204.26632690429688,9323900,0.0,0.0,-0.03345095705827905,0.019430545377254787,7748830.0,208.45681457519532,0,7,6,2023,2,CRM
2023-06-08 00:00:00-04:00,203.91883769671577,208.88326541238044,203.3926095708738,208.039306640625,5548600,0.0,0.0,0.01847088452369272,0.01944109299767312,7699480.0,208.68914947509765,0,8,6,2023,3,CRM
2023-06-09 00:00:00-04:00,209.1910417098027,217.10434010302362,209.1910417098027,213.77816772460938,7676700,0.0,0.0,0.027585465346209315,0.020193560136326134,7815000.0,209.27693710327148,0,9,6,2023,4,CRM
2023-06-12 00:00:00-04:00,214.6121981361925,218.8220381764067,210.63073267273168,212.16970825195312,11568300,0.0,0.0,-0.007523965097915308,0.02017555399189522,8156765.0,209.8667106628418,0,12,6,2023,0,CRM
2023-06-13 00:00:00-04:00,213.96684334725762,214.6916455814967,206.44076880267664,207.49322509765625,11698900,0.0,0.0,-0.022041238557690468,0.020901157963255625,8515800.0,210.14720077514647,0,13,6,2023,1,CRM
2023-06-14 00:00:00-04:00,206.22233010299416,210.20381093955393,203.56140404435638,207.9102325439453,8963400,0.0,0.0,0.0020097400582250735,0.020875205904737428,8742810.0,210.38748016357422,0,14,6,2023,2,CRM
2023-06-15 00:00:00-04:00,206.47053584958928,211.81226466579207,205.8946604439195,210.41229248046875,7905400,0.0,0.0,0.012034328016994555,0.020383774212256792,8849470.0,210.5135757446289,0,15,6,2023,3,CRM
2023-06-16 00:00:00-04:00,212.0207682492441,212.12998626295536,209.1016975332205,210.25343322753906,13671200,0.0,0.0,-0.0007549903622880993,0.01993830998922428,9274755.0,210.43612976074218,0,16,6,2023,4,CRM
2023-06-20 00:00:00-04:00,207.16556139638556,215.50580900382303,207.12585264097623,215.42637634277344,9522900,0.0,0.0,0.024603370493532672,0.020398031761312163,9446360.0,210.7642791748047,0,20,6,2023,1,CRM
2023-06-21 00:00:00-04:00,214.97958163206113,216.25047391283405,206.58970183860154,208.098876953125,7971600,0.0,0.0,-0.0340139379125487,0.021912764462958013,9650400.0,210.73101730346679,0,21,6,2023,2,CRM
2023-06-22 00:00:00-04:00,208.1385878910793,212.43778383483422,207.60242124808377,211.7725372314453,5689800,0.0,0.0,0.017653436347702334,0.02185203994092094,9722050.0,211.06115036010743,0,22,6,2023,3,CRM
2023-06-23 00:00:00-04:00,209.0023930784406,209.49883581734426,206.58968863947925,208.59530639648438,14017200,0.0,0.0,-0.015003035221174854,0.022030967849258072,10178210.0,211.11228408813477,0,23,6,2023,4,CRM
2023-06-26 00:00:00-04:00,207.53292865123342,210.24350178758743,205.87481170663875,205.88473510742188,4771500,0.0,0.0,-0.0129944021075451,0.022214269353789135,10091950.0,210.98569030761718,0,26,6,2023,0,CRM
2023-06-27 00:00:00-04:00,206.6592110081487,208.98255970791084,206.0436267757926,207.33438110351562,4014800,0.0,0.0,0.007041056226618103,0.02139656199771266,9946025.0,210.65704574584962,0,27,6,2023,1,CRM
2023-06-28 00:00:00-04:00,206.9272782977849,210.690307815014,206.1230434372578,210.6605224609375,4775900,0.0,0.0,0.01604240136015478,0.021401743864530587,9663770.0,210.3244300842285,0,28,6,2023,2,CRM
2023-06-29 00:00:00-04:00,210.3924194007609,211.13708348332645,208.2279364062139,208.93287658691406,3838300,0.0,0.0,-0.00820108985699397,0.020808626671892608,8874485.0,209.68153533935546,0,29,6,2023,3,CRM
2023-06-30 00:00:00-04:00,210.35271059258568,212.32855807854452,209.45911975383905,209.75697326660156,5983800,0.0,0.0,0.003944313088250162,0.01805591375809133,8128305.0,209.6001174926758,0,30,6,2023,4,CRM
2023-07-03 00:00:00-04:00,209.07192298447566,210.45203332893507,208.42653827001683,210.14422607421875,2400000,0.0,0.0,0.001846197537971772,0.018061058169924368,7697130.0,209.53160858154297,0,3,7,2023,0,CRM
2023-07-05 00:00:00-04:00,208.99248687621207,213.09309393484813,208.59532356226762,212.29879760742188,5069300,0.0,0.0,0.010252822899079694,0.01785681196278713,7560375.0,209.72820053100585,0,5,7,2023,2,CRM
2023-07-06 00:00:00-04:00,209.69741470272325,210.98816888358655,206.35139541367846,208.64495849609375,4250900,0.0,0.0,-0.017210832809730348,0.01802133107809388,7433120.0,209.59366302490236,0,6,7,2023,3,CRM
2023-07-07 00:00:00-04:00,208.27760422866893,210.60095275912278,207.79108485937655,208.098876953125,3020800,0.0,0.0,-0.0026172764820434624,0.016288335763710728,7117965.0,209.78529052734376,0,7,7,2023,4,CRM
2023-07-10 00:00:00-04:00,207.51308315161793,211.35554544132742,206.83792823931225,211.2959747314453,3820100,0.0,0.0,0.015363359116255415,0.016127498994349527,7031540.0,209.94812393188477,0,10,7,2023,0,CRM
2023-07-11 00:00:00-04:00,220.48014880058847,220.76809407592307,215.69444863177176,219.5964813232422,10030500,0.0,0.0,0.03928378949171529,0.017314685819982977,7149230.0,210.2390396118164,0,11,7,2023,1,CRM
2023-07-12 00:00:00-04:00,220.32129583526563,226.4672597677851,220.03336569402322,225.66302490234375,8923500,0.0,0.0,0.027625868786903318,0.01811734733005868,7016990.0,210.91370544433593,0,12,7,2023,2,CRM
2023-07-13 00:00:00-04:00,226.6360593824911,229.31686259642382,225.98076640708462,228.73104858398438,5800300,0.0,0.0,0.013595597608284882,0.017230477491300463,6722060.0,211.97559661865233,0,13,7,2023,3,CRM
2023-07-14 00:00:00-04:00,228.0658033500079,230.54801717652137,226.5268277475234,227.6984405517578,4274700,0.0,0.0,-0.004514507490868347,0.017351900130521403,6487625.0,212.96500701904296,0,14,7,2023,4,CRM
2023-07-17 00:00:00-04:00,227.60906733034625,228.64166153822578,226.18923325050343,226.3778839111328,3557900,0.0,0.0,-0.00579958579173856,0.01741322073271508,6270250.0,213.76328659057617,0,17,7,2023,0,CRM
2023-07-18 00:00:00-04:00,225.4346683830838,227.98637638233552,223.86590738752776,226.0105438232422,5094200,0.0,0.0,-0.0016226854034682159,0.017426261449331952,5841400.0,214.55114212036133,0,18,7,2023,1,CRM
2023-07-19 00:00:00-04:00,232.31536616818866,236.5252065249966,229.58493079495935,232.7025909423828,8516300,0.0,0.0,0.029609446559158537,0.017773834187083514,5791070.0,215.4149528503418,0,19,7,2023,2,CRM
2023-07-20 00:00:00-04:00,229.45585966078818,231.83877895180626,225.70275344480743,226.53677368164062,5303000,0.0,0.0,-0.026496556122440618,0.01698949856834716,5657640.0,216.33684768676758,0,20,7,2023,3,CRM
2023-07-21 00:00:00-04:00,228.3636698170899,229.16790466501752,225.6729433892305,226.43746948242188,3527800,0.0,0.0,-0.0004383579654855252,0.01672571888593645,5549540.0,217.0700942993164,0,21,7,2023,4,CRM
2023-07-24 00:00:00-04:00,225.64315791340977,225.97081195317148,221.94962256548058,224.05455017089844,5363200,0.0,0.0,-0.01052352032095294,0.01649348953399991,5116840.0,217.84305648803712,0,24,7,2023,0,CRM
2023-07-25 00:00:00-04:00,224.27299400321516,225.90132570734596,223.5879005462534,224.4219207763672,3203700,0.0,0.0,0.0016396480463731766,0.016031598257305296,5038450.0,218.76991577148436,0,25,7,2023,1,CRM
2023-07-26 00:00:00-04:00,222.86307082004816,225.89135926864992,221.5325928264731,223.97509765625,4856700,0.0,0.0,-0.0019909958820931717,0.01608163740563972,5080545.0,219.6019515991211,0,26,7,2023,2,CRM
2023-07-27 00:00:00-04:00,226.4175951306611,228.50266067055136,222.41626791239995,223.54815673828125,4299600,0.0,0.0,-0.0019061981552253027,0.015873078600923525,5056730.0,220.24633331298827,0,27,7,2023,3,CRM
2023-07-28 00:00:00-04:00,224.39211272132513,225.69279024270847,222.38647986113216,223.99496459960938,4238700,0.0,0.0,0.0019987096643843127,0.015653481276289082,5076750.0,220.99943771362305,0,28,7,2023,4,CRM
2023-07-31 00:00:00-04:00,220.7681004711817,223.77654237166877,220.1723631016824,223.40916442871094,5571900,0.0,0.0,-0.002615238123524599,0.01571453070518624,5056155.0,221.68204727172852,0,31,7,2023,0,CRM
2023-08-01 00:00:00-04:00,222.29713713315223,223.21058998804443,220.05322132549733,222.6744384765625,4212600,0.0,0.0,-0.0032887010433401143,0.015780892734864046,5146785.0,222.3085578918457,0,1,8,2023,1,CRM
2023-08-02 00:00:00-04:00,220.40074085740716,221.2645616300421,217.24337192708435,218.9312744140625,5127000,0.0,0.0,-0.016810030320988045,0.016280181664628735,5149670.0,222.64018173217772,0,2,8,2023,2,CRM
2023-08-03 00:00:00-04:00,214.66184382426204,216.6575533917193,213.0732361014175,214.02639770507812,5515200,0.0,0.0,-0.022403727937507112,0.01663460390760513,5212885.0,222.90925369262695,0,3,8,2023,3,CRM
2023-08-04 00:00:00-04:00,214.87035231919452,215.70437249393282,211.5541184218563,213.06329345703125,4799800,0.0,0.0,-0.004499932056857836,0.016663861192901787,5301835.0,223.15747451782227,0,4,8,2023,4,CRM
2023-08-07 00:00:00-04:00,213.77817826937851,215.34693920447273,212.84486345923872,214.52284240722656,3615200,0.0,0.0,0.00685030690417654,0.016392522454659806,5291590.0,223.31881790161134,0,7,8,2023,0,CRM
2023-08-08 00:00:00-04:00,212.03070799647978,212.66615412977524,209.63785023273013,210.07472229003906,4843800,0.0,0.0,-0.020734948629590133,0.014360735438429795,5032255.0,222.84272994995118,0,8,8,2023,1,CRM
2023-08-09 00:00:00-04:00,210.1442168249632,210.15415537643273,203.45217803424458,204.39541625976562,7847500,0.0,0.0,-0.027034694933131043,0.013582744282413078,4978455.0,221.77934951782225,0,9,8,2023,2,CRM
2023-08-10 00:00:00-04:00,206.69889284359988,208.84352912568227,204.9712817971142,206.76840209960938,4004700,0.0,0.0,0.011609780117710411,0.013447398115098902,4888675.0,220.68121719360352,0,10,8,2023,3,CRM
2023-08-11 00:00:00-04:00,204.66350199149258,208.0095214260234,204.0379792508249,207.2152099609375,2930000,0.0,0.0,0.0021609097753383377,0.013541255281703109,4821440.0,219.6570556640625,0,11,8,2023,4,CRM
2023-08-14 00:00:00-04:00,206.4208926671955,210.59102395358784,205.6464431769182,210.55130004882812,3304700,0.0,0.0,0.016099639058925863,0.014304310312847903,4808780.0,218.86572647094727,0,14,8,2023,0,CRM
2023-08-15 00:00:00-04:00,208.83362287384125,210.85910276198211,206.36133236090294,207.29464721679688,4076400,0.0,0.0,-0.015467265370843197,0.014540705576555351,4757890.0,217.929931640625,0,15,8,2023,1,CRM
2023-08-16 00:00:00-04:00,206.52018868440553,208.19816764150323,205.47765585571213,205.5173797607422,2759600,0.0,0.0,-0.008573629275607675,0.012181607922520146,4470055.0,216.57067108154297,0,16,8,2023,2,CRM
2023-08-17 00:00:00-04:00,205.10037421141067,205.4577984632296,201.94299030159678,202.38978576660156,4062700,0.0,0.0,-0.015218148449448354,0.011426377551750409,4408040.0,215.36332168579102,0,17,8,2023,3,CRM
2023-08-18 00:00:00-04:00,199.54021797949295,204.03798848443046,198.7756918341044,203.3727569580078,4266200,0.0,0.0,0.004856822134985839,0.011611085016456123,4444960.0,214.2100860595703,0,18,8,2023,4,CRM
2023-08-21 00:00:00-04:00,204.53440494518208,207.93007140342888,202.76707003680036,207.5428466796875,4023300,0.0,0.0,0.020504662394583706,0.012879042517340712,4377965.0,213.38450088500977,0,21,8,2023,0,CRM
2023-08-22 00:00:00-04:00,208.35704467488148,208.61518947116667,204.53442913817727,205.2890167236328,3153600,0.0,0.0,-0.010859588716797153,0.0129074286712651,4375460.0,212.42785568237304,0,22,8,2023,1,CRM
2023-08-23 00:00:00-04:00,206.52018540818227,209.48891852750785,205.66630326635075,207.64215087890625,3833200,0.0,0.0,0.011462542871649717,0.013379654379929558,4324285.0,211.61120834350587,0,23,8,2023,2,CRM
2023-08-24 00:00:00-04:00,209.50876768756666,210.48180640331918,203.97840323073098,204.0478973388672,3960300,0.0,0.0,-0.01730984544720482,0.013710611774293203,4307320.0,210.63619537353514,0,24,8,2023,3,CRM
2023-08-25 00:00:00-04:00,204.04788793340623,209.29032201449252,204.01810258125926,207.97972106933594,3068800,0.0,0.0,0.01926912152365423,0.014650677278165204,4248825.0,209.83543319702147,0,25,8,2023,4,CRM
2023-08-28 00:00:00-04:00,208.95276096783144,211.96120297231838,208.14852609636696,210.21372985839844,4086900,0.0,0.0,0.010741474108996174,0.014998237107540524,4174575.0,209.17566146850587,0,28,8,2023,0,CRM
2023-08-29 00:00:00-04:00,205.27908602188856,210.94846913870356,205.05072658905587,210.4520263671875,5850400,0.0,0.0,0.0011335915544126163,0.01502527957348655,4256465.0,208.5645408630371,0,29,8,2023,1,CRM
2023-08-30 00:00:00-04:00,210.26337648848082,214.0561913991471,207.94001279478675,213.51010131835938,9946000,0.0,0.0,0.014530983635369088,0.015111552158218385,4497415.0,208.29348220825196,0,30,8,2023,2,CRM
2023-08-31 00:00:00-04:00,226.37789444840126,227.16226732885355,219.62627000498182,219.88442993164062,19268400,0.0,0.0,0.02985492758385533,0.01574674646912414,5185075.0,208.58638381958008,0,31,8,2023,3,CRM
2023-09-01 00:00:00-04:00,221.90990405828825,222.37656144438898,218.9511095795755,219.95391845703125,5597100,0.0,0.0,0.0003160229462915165,0.01568737941113091,5224940.0,208.93091506958007,0,1,9,2023,4,CRM
2023-09-05 00:00:00-04:00,217.7695861508679,218.75254828433603,216.06182181910984,217.13414001464844,5807300,0.0,0.0,-0.012819860005966022,0.015962319868239917,5334545.0,209.06147994995118,0,5,9,2023,1,CRM
2023-09-06 00:00:00-04:00,217.90857621652128,220.6290878696852,217.46178078321455,220.04327392578125,5066700,0.0,0.0,0.013397865075186033,0.015360339108837745,5345690.0,209.55990753173828,0,6,9,2023,2,CRM
2023-09-07 00:00:00-04:00,218.20644935081106,221.1453819301661,217.7497153572764,220.94680786132812,4201900,0.0,0.0,0.004106164753082231,0.013705246239077656,5163410.0,210.3874771118164,0,7,9,2023,3,CRM
2023-09-08 00:00:00-04:00,221.73120724799668,223.8659051102943,221.27447323105804,223.16094970703125,4578900,0.0,0.0,0.010021153358743096,0.013663298287258277,5192120.0,211.2071044921875,0,8,9,2023,4,CRM
2023-09-11 00:00:00-04:00,224.40206338133464,225.21623682505341,221.20497061739343,223.70704650878906,4418000,0.0,0.0,0.0024470983945656943,0.013661519402004463,5266520.0,212.03169631958008,0,11,9,2023,0,CRM
2023-09-12 00:00:00-04:00,221.86026622569037,223.190729185306,219.6858445146986,220.0830078125,4002300,0.0,0.0,-0.016199930904486237,0.014050122282300008,5301400.0,212.50828170776367,0,12,9,2023,1,CRM
2023-09-13 00:00:00-04:00,219.60640432032895,220.28157432831054,216.74690442542322,217.24334716796875,4173600,0.0,0.0,-0.012902680096732011,0.013890132621748277,5306260.0,213.00571670532227,0,13,9,2023,2,CRM
2023-09-14 00:00:00-04:00,217.85892631445648,219.0007536862112,216.7866081971714,217.22348022460938,4297200,0.0,0.0,-9.145018072298505e-05,0.013663870404124295,5383140.0,213.5910217285156,0,14,9,2023,3,CRM
2023-09-15 00:00:00-04:00,217.3128316670242,217.63056228031786,211.94133294431518,213.08314514160156,9930200,0.0,0.0,-0.01906025572708203,0.01395534519132276,5676515.0,214.1256896972656,0,15,9,2023,4,CRM
2023-09-18 00:00:00-04:00,213.0335106460031,214.8405695297257,212.6562093075928,213.4703826904297,4279400,0.0,0.0,0.0018173072702245552,0.013946824070078022,5677175.0,214.6305709838867,0,18,9,2023,0,CRM
2023-09-19 00:00:00-04:00,212.86472765631743,214.522844669383,210.74987663445395,214.1654052734375,4001500,0.0,0.0,0.0032558267533333574,0.013294065116318176,5676085.0,214.96169891357422,0,19,9,2023,1,CRM
2023-09-20 00:00:00-04:00,213.66896408967347,215.63487320679582,211.40518628202204,211.514404296875,2990900,0.0,0.0,-0.012378287581870762,0.013373413681043174,5667950.0,215.27296829223633,0,20,9,2023,2,CRM
2023-09-21 00:00:00-04:00,208.3073753709034,210.38250237446874,206.58968774380818,207.12583923339844,4957300,0.0,0.0,-0.020748303540201962,0.014043355275249888,5724155.0,215.24715270996094,0,21,9,2023,3,CRM
2023-09-22 00:00:00-04:00,207.82086461715497,208.22795131415765,204.41527457451105,204.9613494873047,3848300,0.0,0.0,-0.010450119377209632,0.013678155545466968,5718555.0,215.2928253173828,0,22,9,2023,4,CRM
2023-09-25 00:00:00-04:00,203.54151590163443,205.06062941805266,202.41955050249342,204.87197875976562,4067300,0.0,0.0,-0.0004360369784968121,0.012930015188268635,5768480.0,215.1374382019043,0,25,9,2023,0,CRM
2023-09-26 00:00:00-04:00,204.00818728273154,204.97128744101266,199.84799456504453,201.0493927001953,5404500,0.0,0.0,-0.018658413330661983,0.01323168945479996,5834360.0,214.67922134399413,0,26,9,2023,1,CRM
2023-09-27 00:00:00-04:00,201.54584915569876,202.4791488738587,199.51043068849634,201.28768920898438,4123800,0.0,0.0,0.001185263509571488,0.013232367981839127,5748030.0,214.22100448608398,0,27,9,2023,2,CRM
2023-09-28 00:00:00-04:00,199.33169041692014,203.6904572191282,198.13030742862495,201.75433349609375,4344000,0.0,0.0,0.0023182952168767645,0.012693341310170064,5467930.0,213.6332160949707,0,28,9,2023,3,CRM
2023-09-29 00:00:00-04:00,203.62095036118868,206.31166145260116,200.66215595561002,201.33731079101562,4404700,0.0,0.0,-0.002066982640976045,0.010124620924282913,4724745.0,212.70586013793945,0,29,9,2023,4,CRM
2023-10-02 00:00:00-04:00,199.37141123174044,203.6507453084471,199.0934045040354,202.26071166992188,3745700,0.0,0.0,0.004586337600707813,0.010272095860207851,4632175.0,211.821199798584,0,2,10,2023,0,CRM
2023-10-03 00:00:00-04:00,201.3075337588201,202.1217071354053,196.01545226170734,198.40830993652344,4622400,0.0,0.0,-0.019046713034834628,0.010637102736113346,4572930.0,210.88490829467773,0,3,10,2023,1,CRM
2023-10-04 00:00:00-04:00,199.4508603440804,201.29762813060825,198.09059679605704,200.43380737304688,3656400,0.0,0.0,0.010208732876014315,0.010376251810806692,4502415.0,209.90443496704103,0,4,10,2023,2,CRM
2023-10-05 00:00:00-04:00,200.56287628143883,200.71180305026837,197.0778535387504,200.5727996826172,3592600,0.0,0.0,0.0006934574131578497,0.01025279102765158,4471950.0,208.88573455810547,0,5,10,2023,3,CRM
2023-10-06 00:00:00-04:00,199.053678111539,206.7882645362833,198.46787931050014,205.88473510742188,4988200,0.0,0.0,0.026483827484136357,0.012012978284793367,4492415.0,208.021923828125,0,6,10,2023,4,CRM
2023-10-09 00:00:00-04:00,203.43231767176962,206.79819904614826,203.23374359382836,205.74574279785156,2781100,0.0,0.0,-0.0006750976923947105,0.01194553996520916,4410570.0,207.1238586425781,0,9,10,2023,0,CRM
2023-10-10 00:00:00-04:00,206.16274487550706,207.73150578552466,204.79255803569524,205.4081573486328,4503500,0.0,0.0,-0.0016407894745624763,0.011608762763648214,4435630.0,206.39011611938477,0,10,10,2023,1,CRM
2023-10-11 00:00:00-04:00,205.75565838106618,207.71164403243978,202.95572914295175,205.3783721923828,3971000,0.0,0.0,-0.00014500473902523403,0.01140673320977013,4425500.0,205.79686737060547,0,11,10,2023,2,CRM
2023-10-12 00:00:00-04:00,206.35140305905813,207.09606721211964,201.82384743248113,204.21669006347656,3548500,0.0,0.0,-0.005656302153461801,0.01140653638506046,4388065.0,205.14652786254882,0,12,10,2023,3,CRM
2023-10-13 00:00:00-04:00,203.65074990363058,205.66630630008646,201.7642734730326,203.1344451904297,3677500,0.0,0.0,-0.005299492772654735,0.010786270443797196,4075430.0,204.64909286499022,0,13,10,2023,4,CRM
2023-10-16 00:00:00-04:00,204.37553768911874,207.99957867702608,203.58122629791782,207.04640197753906,3623200,0.0,0.0,0.019257968698721095,0.011797082440666289,4042620.0,204.3278938293457,0,16,10,2023,0,CRM
2023-10-17 00:00:00-04:00,205.02094932334995,210.43217271631443,204.53442993398667,208.34710693359375,4006100,0.0,0.0,0.006282190579654623,0.011879881397948017,4042850.0,204.0369789123535,0,17,10,2023,1,CRM
2023-10-18 00:00:00-04:00,207.39394662241887,208.1386108139679,202.73731078722858,203.3727569580078,3380800,0.0,0.0,-0.023875301408295524,0.012693955327129084,4062345.0,203.62989654541016,0,18,10,2023,2,CRM
2023-10-19 00:00:00-04:00,204.98119977516276,209.44918433618693,204.06774697182541,206.83790588378906,4995900,0.0,0.0,0.01703841250722049,0.012549705117060246,4064275.0,203.6154998779297,0,19,10,2023,3,CRM
2023-10-20 00:00:00-04:00,205.8847426509806,206.62940679321503,200.68201705648642,202.2805633544922,5537500,0.0,0.0,-0.02203340103364515,0.01330232419854914,4148735.0,203.48146057128906,0,20,10,2023,4,CRM
2023-10-23 00:00:00-04:00,198.4778157507904,202.12171905821117,196.44241248972318,200.56288146972656,4564100,0.0,0.0,-0.008491581476147148,0.01341936933011602,4173575.0,203.2660057067871,0,23,10,2023,0,CRM
2023-10-24 00:00:00-04:00,202.28054002194776,203.18406937969442,199.50045784823516,202.76705932617188,3959600,0.0,0.0,0.010989959060685006,0.012994165482948883,4101330.0,203.35188903808594,0,24,10,2023,1,CRM
2023-10-25 00:00:00-04:00,201.75435229888402,202.29051901075817,194.0396268909441,195.6580352783203,4490000,0.0,0.0,-0.035060053992379325,0.015229632630345507,4119640.0,203.07040634155274,0,25,10,2023,2,CRM
2023-10-26 00:00:00-04:00,196.01546456520774,198.23953366379735,192.3020671332433,194.85379028320312,5149100,0.0,0.0,-0.004110462389000036,0.015216936755459745,4159895.0,202.7253791809082,0,26,10,2023,3,CRM
2023-10-27 00:00:00-04:00,195.89629564201942,196.89910445827698,194.01974281145164,195.17149353027344,3168600,0.0,0.0,0.001630469936502399,0.01523377409889154,4098090.0,202.4170883178711,0,27,10,2023,4,CRM
2023-10-30 00:00:00-04:00,197.58422683686084,199.15298784283956,195.6778883758596,197.85231018066406,3438300,0.0,0.0,0.013735697779936329,0.015558288719181518,4082720.0,202.1966682434082,0,30,10,2023,0,CRM
2023-10-31 00:00:00-04:00,198.99411264454318,200.473517512603,197.24663959621063,199.4011993408203,3425400,0.0,0.0,0.007828511877076005,0.01506917640987644,4022870.0,202.24631271362304,0,31,10,2023,1,CRM
2023-11-01 00:00:00-04:00,199.4905563987676,203.03516496907642,199.06362289826623,202.45928955078125,3593600,0.0,0.0,0.015336368186702698,0.015287629202711421,4019730.0,202.34758682250975,0,1,11,2023,2,CRM
2023-11-02 00:00:00-04:00,204.84222791952135,206.7783518303403,204.48478849366,206.62942504882812,4963600,0.0,0.0,0.020597402605232906,0.015927506128383978,4088280.0,202.65041809082032,0,2,11,2023,3,CRM
2023-11-03 00:00:00-04:00,207.90029587651887,208.68466876159562,205.72587419035517,205.99395751953125,3859100,0.0,0.0,-0.003075397074481123,0.014831620029438497,4031825.0,202.65587921142577,0,3,11,2023,4,CRM
2023-11-06 00:00:00-05:00,206.7286934369694,206.9967616096746,203.2337322887359,205.94430541992188,3729700,0.0,0.0,-0.00024103667994568312,0.014830694853139221,4079255.0,202.6658073425293,0,6,11,2023,0,CRM
2023-11-07 00:00:00-05:00,208.0095068509688,211.82218343595284,207.47335536098635,210.33285522460938,5467100,0.0,0.0,0.021309401081710977,0.01555476239068281,4127435.0,202.91204223632812,0,7,11,2023,1,CRM
2023-11-08 00:00:00-05:00,210.9087227544457,211.00801735825863,208.1584258513055,209.96548461914062,3433500,0.0,0.0,-0.0017466154066916317,0.015566716408677858,4100560.0,203.14139785766602,0,8,11,2023,2,CRM
2023-11-09 00:00:00-05:00,212.05055408984146,212.0604774903178,207.58256953826682,208.515869140625,4731400,0.0,0.0,-0.006904065595091047,0.015598197751023135,4159705.0,203.35635681152343,0,9,11,2023,3,CRM
2023-11-10 00:00:00-05:00,207.91022129250254,212.7455840646075,207.35420782677127,212.11013793945312,4112600,0.0,0.0,0.01723738732040636,0.0159178869900057,4181460.0,203.8051414489746,0,10,11,2023,4,CRM
2023-11-13 00:00:00-05:00,211.05767143132118,214.60226467776474,210.25342147518515,213.74838256835938,3306600,0.0,0.0,0.0077235564731652495,0.015473328917530553,4165630.0,204.14024047851564,0,13,11,2023,0,CRM
2023-11-14 00:00:00-05:00,217.44193160629428,219.67592405430415,216.39939876717682,219.60641479492188,4743800,0.0,0.0,0.027406206101648678,0.016489539671471105,4202515.0,204.70320587158204,0,14,11,2023,1,CRM
2023-11-15 00:00:00-05:00,219.17947201543487,219.79505617143624,216.11145948601927,217.8589324951172,4800700,0.0,0.0,-0.007957337227314398,0.01548988542720423,4273510.0,205.4275146484375,0,15,11,2023,2,CRM
2023-11-16 00:00:00-05:00,218.43481547889618,221.18511262494508,217.3823592465348,219.87449645996094,3712300,0.0,0.0,0.00925169301877915,0.015228956192371421,4209330.0,206.0793441772461,0,16,11,2023,3,CRM
2023-11-17 00:00:00-05:00,219.59648611737583,221.20495579322193,218.8121132316892,219.64613342285156,3634900,0.0,0.0,-0.0010386062994394152,0.01408042096972159,4114200.0,206.94762268066407,0,17,11,2023,4,CRM
2023-11-20 00:00:00-05:00,219.85461678747453,224.49140514726207,219.05038200115916,223.52830505371094,4599300,0.0,0.0,0.017674664107952376,0.014052646596347664,4115960.0,208.09589385986328,0,20,11,2023,0,CRM
2023-11-21 00:00:00-05:00,222.40634469570716,224.3623302784869,221.94961071460588,222.7240753173828,3852300,0.0,0.0,-0.0035978876864604104,0.014132660358602181,4110595.0,209.09374465942383,0,21,11,2023,1,CRM
2023-11-22 00:00:00-05:00,222.7042315770433,224.08434188356335,221.6219899651441,222.24749755859375,3893600,0.0,0.0,-0.0021397675940957317,0.01076069660358468,4080775.0,210.4232177734375,0,22,11,2023,2,CRM
2023-11-24 00:00:00-05:00,222.76378367850552,222.89286363711315,220.53971478137413,222.7836456298828,1869100,0.0,0.0,0.0024123919377212477,0.010520063117253483,3916775.0,211.8197105407715,0,24,11,2023,4,CRM
2023-11-27 00:00:00-05:00,223.89567495893417,224.6105537140587,222.6545681132638,223.1907196044922,4885500,0.0,0.0,0.0018272165959869469,0.010515092882278724,4002620.0,213.2206718444824,0,27,11,2023,0,CRM
2023-11-28 00:00:00-05:00,222.01913135501349,223.92546973213848,220.6489444916737,223.31980895996094,5535300,0.0,0.0,0.0005783813757915812,0.010468628135585108,4107470.0,214.49404678344726,0,28,11,2023,1,CRM
2023-11-29 00:00:00-05:00,226.98357055511838,229.8530092437722,225.64316897675758,228.71119689941406,12327400,0.0,0.0,0.02414200497735397,0.01121719530762345,4552570.0,215.95954666137695,0,29,11,2023,2,CRM
2023-11-30 00:00:00-05:00,247.27811947574983,250.70357118064746,241.91652906135283,250.1078338623047,24425700,0.0,0.0,0.09355308027311304,0.02237967770786104,5594175.0,218.34197387695312,0,30,11,2023,3,CRM
2023-12-01 00:00:00-05:00,248.2214120718149,261.55585905620114,247.92354334728222,258.1502685546875,14530700,0.0,0.0,0.03215586880341581,0.022790098433406465,6072530.0,220.9180160522461,0,1,12,2023,4,CRM
2023-12-04 00:00:00-05:00,251.00146818058204,253.30495476112185,248.07245886017697,248.87669372558594,11429200,0.0,0.0,-0.035923165530765355,0.02496972407660633,6451035.0,223.06215286254883,0,4,12,2023,0,CRM
2023-12-05 00:00:00-05:00,248.2114599718961,249.8795003960528,246.87105844158873,249.234130859375,5771500,0.0,0.0,0.001436201712737173,0.0249370699899226,6553125.0,225.22664413452148,0,5,12,2023,1,CRM
2023-12-06 00:00:00-05:00,249.730585655019,252.17307570093013,247.07958297092935,247.3575897216797,5374800,0.0,0.0,-0.007529230170943646,0.025074188310762534,6548510.0,227.077880859375,0,6,12,2023,2,CRM
2023-12-07 00:00:00-05:00,246.98026471744964,248.9461737382618,245.13349710692,247.07955932617188,6568200,0.0,0.0,-0.0011240018784975936,0.02506127428309529,6705245.0,228.93358459472657,0,7,12,2023,3,CRM
2023-12-08 00:00:00-05:00,246.78168852243627,250.29649644753624,246.235598479633,249.02560424804688,4604600,0.0,0.0,0.007876187440119198,0.02480096370366128,6698905.0,230.95907135009764,0,8,12,2023,4,CRM
2023-12-11 00:00:00-05:00,248.22137663690003,251.71633786201213,247.93344650610265,250.3064422607422,4766000,0.0,0.0,0.005143398874838168,0.024742004433089305,6731575.0,232.8688865661621,0,11,12,2023,0,CRM
2023-12-12 00:00:00-05:00,250.00857678523963,254.75455320515815,249.23412729221815,254.62550354003906,5827600,0.0,0.0,0.01725509435669159,0.024816051652821552,6857625.0,234.9127426147461,0,12,12,2023,1,CRM
2023-12-13 00:00:00-05:00,255.67795425750293,257.27648536488283,253.344667277372,255.4893035888672,6567600,0.0,0.0,0.0033924333455164213,0.024460583722473145,6948815.0,236.70688705444337,0,13,12,2023,2,CRM
2023-12-14 00:00:00-05:00,254.67514092771495,256.9289801946204,251.41847756958566,255.3800811767578,6613200,0.0,0.0,-0.0004275028761483446,0.024261297491520183,7039440.0,238.58294448852538,0,14,12,2023,3,CRM
2023-12-15 00:00:00-05:00,253.19573391763976,260.44380132717527,252.6992911519213,259.7388610839844,13736800,0.0,0.0,0.017067814714216922,0.02434117172688324,7540665.0,240.57616271972657,0,15,12,2023,4,CRM
2023-12-18 00:00:00-05:00,257.9715236515605,263.7004622065205,257.83250513423025,261.7146911621094,7498500,0.0,0.0,0.007606986763086354,0.02423684789813205,7733845.0,242.67959060668946,0,18,12,2023,0,CRM
2023-12-19 00:00:00-05:00,263.581346701971,264.6834351957329,261.863643671539,262.4593811035156,4665500,0.0,0.0,0.0028454265906876497,0.024186502840154146,7737155.0,244.6261444091797,0,19,12,2023,1,CRM
2023-12-20 00:00:00-05:00,259.7984402988009,263.0352569334209,258.22966413950326,258.3984680175781,4510500,0.0,0.0,-0.015472539289178022,0.024636226226524213,7770065.0,246.40986404418945,0,20,12,2023,2,CRM
2023-12-21 00:00:00-05:00,262.8664192221118,266.4507211024121,262.36003795352576,265.3486328125,5160700,0.0,0.0,0.026897082046357434,0.02487814038008166,7833420.0,248.56492080688477,0,21,12,2023,3,CRM
2023-12-22 00:00:00-05:00,265.3585974176864,266.24224978638887,263.4125199554128,264.44512939453125,3109900,0.0,0.0,-0.003404967300536965,0.024995231248460963,7895460.0,250.6479949951172,0,22,12,2023,4,CRM
2023-12-26 00:00:00-05:00,263.64086488674917,264.6337503087307,262.7373355166909,264.3259582519531,3218800,0.0,0.0,-0.0004506460105768717,0.0250342893889401,7812125.0,252.70475692749022,0,26,12,2023,1,CRM
2023-12-27 00:00:00-05:00,264.0479687453174,265.11036348814974,263.5118020983943,264.8224182128906,3387000,0.0,0.0,0.0018782111458923723,0.02501355274190536,7704710.0,254.7798873901367,0,27,12,2023,2,CRM
2023-12-28 00:00:00-05:00,264.6039892445009,265.0210144922111,263.4125145085813,263.6905212402344,2958700,0.0,0.0,-0.004274173539742798,0.024905790271873104,7236275.0,256.5288536071777,0,28,12,2023,3,CRM
2023-12-29 00:00:00-05:00,263.1246049178519,263.7600359030249,260.7813793026509,261.2679138183594,3705500,0.0,0.0,-0.009187313258286922,0.0147181033021339,6200265.0,257.0868576049805,0,29,12,2023,4,CRM
2024-01-02 00:00:00-05:00,258.6863984976501,258.70624529962566,251.9645593726826,254.30776977539062,4741400,0.0,0.0,-0.02663987299951276,0.014304435957841168,5710800.0,256.8947326660156,0,2,1,2024,1,CRM
2024-01-03 00:00:00-05:00,251.6964723622877,252.3517804234282,249.97878470223478,250.04827880859375,5097100,0.0,0.0,-0.0167493544163394,0.012321138068816172,5394195.0,256.953311920166,0,3,1,2024,2,CRM
2024-01-04 00:00:00-05:00,250.03835923833034,250.84259407558258,248.06251162379624,249.4525604248047,4489800,0.0,0.0,-0.0023824134548235953,0.012332300097092876,5330110.0,256.9642333984375,0,4,1,2024,3,CRM
2024-01-05 00:00:00-05:00,249.42277575113312,252.10356359935452,248.39016633611575,249.33340454101562,3675600,0.0,0.0,-0.0004776695159438571,0.012202336110457915,5245150.0,257.0630241394043,0,5,1,2024,4,CRM
2024-01-08 00:00:00-05:00,250.41569058999346,259.6991621100138,249.6015171039428,259.0140686035156,6626000,0.0,0.0,0.03882618167557861,0.014899680737313034,5248040.0,257.6597496032715,0,8,1,2024,0,CRM
2024-01-09 00:00:00-05:00,257.6538070661728,262.05228289734936,256.93892823917304,259.480712890625,4571800,0.0,0.0,0.0018016175323036787,0.014845408518526487,5246400.0,258.18250503540037,0,9,1,2024,1,CRM
2024-01-10 00:00:00-05:00,261.3969267795011,264.5642336105102,260.88063728276745,262.2508239746094,5128300,0.0,0.0,0.010675595319302289,0.014955011344002104,5264515.0,258.77972412109375,0,10,1,2024,2,CRM
2024-01-11 00:00:00-05:00,266.09332184810256,271.01802558922174,263.2139598732714,269.44927978515625,9012600,0.0,0.0,0.027448744303063988,0.015644353385556444,5423765.0,259.5209129333496,0,11,1,2024,3,CRM
2024-01-12 00:00:00-05:00,269.30039005987936,273.2818409756686,269.1315861644778,269.9953918457031,4847000,0.0,0.0,0.00202677127577533,0.015645294932173932,5337735.0,260.24621734619143,0,12,1,2024,4,CRM
2024-01-16 00:00:00-05:00,267.78128374374813,269.637975143119,265.81535916181423,267.27490234375,5858700,0.0,0.0,-0.01007605901476949,0.015899358929840988,5300010.0,260.840958404541,0,16,1,2024,1,CRM
2024-01-17 00:00:00-05:00,266.38129690851974,269.9655995256221,262.2508890089973,269.5088806152344,4706500,0.0,0.0,0.008358354083733532,0.015592730749219269,4848495.0,261.3294593811035,0,17,1,2024,2,CRM
2024-01-18 00:00:00-05:00,271.05775034316434,273.7286148493372,270.2038833295284,272.5073547363281,4752400,0.0,0.0,0.011125696913025118,0.015679380838878407,4711190.0,261.8690925598145,0,18,1,2024,3,CRM
2024-01-19 00:00:00-05:00,274.5427785741723,279.9937102585911,273.569739878583,278.8816833496094,7394000,0.0,0.0,0.023391400277797736,0.01638532492960437,4847615.0,262.69020767211913,0,19,1,2024,4,CRM
2024-01-22 00:00:00-05:00,281.7710079375787,283.68726983966377,278.17676697705673,278.3058166503906,6735900,0.0,0.0,-0.0020649140248369946,0.01584810275978914,4958885.0,263.6855751037598,0,22,1,2024,0,CRM
2024-01-23 00:00:00-05:00,278.83198497878544,279.7057289520007,273.7484167351224,274.8008728027344,6573800,0.0,0.0,-0.012593857684473742,0.015273375237035092,5029540.0,264.1581871032715,0,23,1,2024,1,CRM
2024-01-24 00:00:00-05:00,277.98810751865204,278.96111596648143,274.72150557124485,274.91015625,7037800,0.0,0.0,0.00039768231501979834,0.015227964930259923,5225935.0,264.6814384460449,0,24,1,2024,2,CRM
2024-01-25 00:00:00-05:00,276.62783556605024,277.8590342836301,274.89028580942636,277.04486083984375,4178000,0.0,0.0,0.007765099038038015,0.015267670845315691,5273895.0,265.31738357543946,0,25,1,2024,3,CRM
2024-01-26 00:00:00-05:00,277.2930257580029,281.32413794832576,276.70722702399075,277.9483337402344,4877400,0.0,0.0,0.0032611068750807437,0.015268016941372187,5348415.0,265.97367935180665,0,26,1,2024,4,CRM
2024-01-29 00:00:00-05:00,279.398009565722,286.099987552482,279.0008613747477,285.8120422363281,5762300,0.0,0.0,0.02829197926922289,0.01621140490626397,5488595.0,267.07975540161135,0,29,1,2024,0,CRM
2024-01-30 00:00:00-05:00,285.58362776481874,287.23182113783355,284.48150923266195,285.68292236328125,4810900,0.0,0.0,-0.00045176498525600906,0.01594841440242561,5543865.0,268.3005058288574,0,30,1,2024,1,CRM
2024-01-31 00:00:00-05:00,282.0291120169524,283.59788806331863,278.8221112685573,279.0901794433594,4557300,0.0,0.0,-0.023077133436553043,0.015597181443655872,5534660.0,269.53962631225585,0,31,1,2024,2,CRM
2024-02-01 00:00:00-05:00,280.0036709421988,283.02202127645575,279.3582710775245,281.7809143066406,3218300,0.0,0.0,0.009641094748112922,0.014775041754409114,5440720.0,271.1262580871582,0,1,2,2024,3,CRM
2024-02-02 00:00:00-05:00,283.1709666849322,286.10989938422375,281.14547170952625,283.627685546875,3629600,0.0,0.0,0.006553925927803128,0.014639703844125352,5397710.0,272.8350143432617,0,2,2,2024,4,CRM
2024-02-05 00:00:00-05:00,284.2134891176457,286.9935565416683,279.35826422657556,286.06024169921875,5274800,0.0,0.0,0.00857658217551438,0.014550957749035897,5477670.0,274.6713562011719,0,5,2,2024,0,CRM
2024-02-06 00:00:00-05:00,285.8914519049668,286.5864838717742,279.904353581075,283.79644775390625,4207200,0.0,0.0,-0.007913696541208992,0.01281978118607983,5356730.0,275.9104751586914,0,6,2,2024,1,CRM
2024-02-07 00:00:00-05:00,285.3056445324422,287.7381957423082,283.17094684200157,286.7850341796875,3621400,0.0,0.0,0.010530739371243936,0.012865965466366204,5309210.0,277.2756912231445,0,7,2,2024,2,CRM
2024-02-08 00:00:00-05:00,287.24172383080855,291.02461464553204,286.92402354251436,289.8728942871094,4488400,0.0,0.0,0.010767159158964867,0.012868072495937745,5277215.0,278.6567947387695,0,8,2,2024,3,CRM
2024-02-09 00:00:00-05:00,291.163677941374,293.1395104246069,288.97931768318085,289.2275390625,4376300,0.0,0.0,-0.0022263386378243988,0.011823738186170475,5045400.0,279.64570770263674,0,9,2,2024,4,CRM
2024-02-12 00:00:00-05:00,288.7509782753141,288.9296903993265,284.9581482632533,285.27587890625,3750000,0.0,0.0,-0.013662807383622244,0.012439075841867472,4990550.0,280.40973205566405,0,12,2,2024,0,CRM
2024-02-13 00:00:00-05:00,278.4149937513552,281.41349669843186,274.4533907712059,279.14971923828125,4956600,0.0,0.0,-0.021474509837482558,0.013293293911638507,4945445.0,281.00347290039065,0,13,2,2024,1,CRM
2024-02-14 00:00:00-05:00,282.9723356538936,287.40059600140194,282.61491145833986,287.0928039550781,3850700,0.0,0.0,0.028454568173922112,0.014484660908119371,4902655.0,281.88266906738284,0,14,2,2024,2,CRM
2024-02-15 00:00:00-05:00,289.2672996633424,289.92260782393174,285.96100380358234,289.863037109375,3986500,0.0,0.0,0.009649260156065598,0.014446199062889057,4864360.0,282.75045318603514,0,15,2,2024,3,CRM
2024-02-16 00:00:00-05:00,289.92252988741296,289.9920391358655,285.83184698501987,287.65875244140625,4159100,0.0,0.0,-0.007604573145823301,0.013813794923937278,4702615.0,283.189306640625,0,16,2,2024,4,CRM
2024-02-20 00:00:00-05:00,287.4403680757101,288.78076963460126,282.1284242981563,284.3525085449219,4295500,0.0,0.0,-0.011493632188917413,0.014104752886461534,4580595.0,283.49164123535155,0,20,2,2024,1,CRM
2024-02-21 00:00:00-05:00,278.07746201988425,281.55256142937907,276.3796059206269,281.5326843261719,3799000,0.0,0.0,-0.009916649700681401,0.013979404244486446,4441855.0,283.82823181152344,0,21,2,2024,2,CRM
2024-02-22 00:00:00-05:00,289.92256651538304,292.5338602330987,289.32682915423186,291.5608215332031,5264300,0.0,0.0,0.03561979750604394,0.015940375316135978,4353180.0,284.66076507568357,0,22,2,2024,3,CRM
2024-02-23 00:00:00-05:00,295.87990561229543,295.87990561229543,289.0091240021147,290.7168884277344,4416800,0.0,0.0,-0.002894535352969685,0.01595313702872328,4365120.0,285.3443664550781,0,23,2,2024,4,CRM
2024-02-26 00:00:00-05:00,293.4870304413464,301.66839751977756,292.90123161417347,298.2528991699219,8719300,0.0,0.0,0.0259221635968383,0.016790445883318197,4557215.0,286.3595947265625,0,26,2,2024,0,CRM
2024-02-27 00:00:00-05:00,299.4343901291328,299.60319399316245,294.4898398243737,297.36920166015625,6178800,0.0,0.0,-0.0029629133940527463,0.01580312083543599,4578040.0,286.9374526977539,0,27,2,2024,1,CRM
2024-02-28 00:00:00-05:00,297.4486783985051,298.7394479615538,294.49980671969894,297.6373291015625,12490800,0.0,0.0,0.0009016651351563265,0.015794505833413425,4962035.0,287.535173034668,0,28,2,2024,2,CRM
2024-02-29 00:00:00-05:00,297.865666924982,308.33068917374254,292.692741660181,306.6229248046875,21737800,0.0,0.0,0.030189747133696487,0.0158042877446389,5821060.0,288.91181030273435,0,29,2,2024,3,CRM
2024-03-01 00:00:00-05:00,304.8158656926107,316.44254706926455,304.43856433325595,314.6255798339844,9450200,0.0,0.0,0.026099336944210627,0.016481784517240684,6132655.0,290.5540435791016,0,1,3,2024,4,CRM
2024-03-04 00:00:00-05:00,312.3319800049308,315.3900538266758,311.3093092141682,312.4014892578125,9350000,0.0,0.0,-0.007069007476586786,0.016722454345691088,6418675.0,291.99273376464845,0,4,3,2024,0,CRM
2024-03-05 00:00:00-05:00,309.0951816549299,310.3263499750939,294.0331256333131,296.6245422363281,9015300,0.0,0.0,-0.050502150482593544,0.02077872386640223,6605700.0,292.5209487915039,0,5,3,2024,1,CRM
2024-03-06 00:00:00-05:00,302.48256979558687,303.71376845360516,300.58615480261585,301.60882568359375,8270000,0.0,0.0,0.016803341388031523,0.020891499820342968,6808840.0,293.4115676879883,0,6,3,2024,2,CRM
2024-03-07 00:00:00-05:00,303.8229492136946,304.58746010583815,299.60318603017106,300.2684326171875,6788900,0.0,0.0,-0.004444144044419951,0.0208854198999065,6967215.0,294.08573760986326,0,7,3,2024,3,CRM
2024-03-08 00:00:00-05:00,300.0500191627796,306.67254867689735,300.0500191627796,303.10809326171875,4849800,0.0,0.0,0.009457073525113158,0.020860191333534055,6985285.0,294.74749755859375,0,8,3,2024,4,CRM
2024-03-11 00:00:00-04:00,300.48691692626943,305.4215293420491,298.11390576331445,303.822998046875,4895500,0.0,0.0,0.002358580325134918,0.02083135788632476,7011245.0,295.4772705078125,0,11,3,2024,0,CRM
2024-03-12 00:00:00-04:00,304.52789365379374,306.84133376437256,301.7081025584359,304.43853759765625,4832000,0.0,0.0,0.0020259807675464536,0.020476254786660965,7065345.0,296.43540344238284,0,12,3,2024,1,CRM
2024-03-13 00:00:00-04:00,303.22564688593087,305.9397758935868,301.34662749446744,302.9075012207031,5548800,0.4,0.0,-0.005029049177001754,0.01973936390481183,7094955.0,297.62329254150393,0,13,3,2024,2,CRM
2024-03-14 00:00:00-04:00,303.22563911143664,307.6895084833136,300.2430918414881,301.555419921875,4828800,0.0,0.0,-0.004463677173326186,0.01897498794744084,7143860.0,298.34642333984374,0,14,3,2024,3,CRM
2024-03-15 00:00:00-04:00,297.22077588320536,298.3044311097155,292.06096655566773,292.6177062988281,11884500,0.0,0.0,-0.029638709943805353,0.020204166742428,7538760.0,298.4841567993164,0,15,3,2024,4,CRM
2024-03-18 00:00:00-04:00,297.8769732626287,299.21912578433887,294.2979099847497,298.7618103027344,5240500,0.0,0.0,0.020997034258862568,0.020596236458949473,7592830.0,299.0393096923828,0,18,3,2024,0,CRM
2024-03-19 00:00:00-04:00,296.445353651882,300.0144654639951,294.8944312583187,299.69635009765625,3329900,0.0,0.0,0.003128043018533422,0.020346385499517856,7544550.0,299.8065017700195,0,19,3,2024,1,CRM
2024-03-20 00:00:00-04:00,300.21330177935545,305.23391145297836,298.9407493461573,304.29937744140625,4946600,0.0,0.0,0.015358970311950992,0.020297956218269977,7601930.0,300.94483642578126,0,20,3,2024,2,CRM
2024-03-21 00:00:00-04:00,306.1485530169716,309.9860827977036,304.56780652645966,306.595947265625,6083900,0.0,0.0,0.007547073686211991,0.018927443723796848,7642910.0,301.6965927124023,0,21,3,2024,3,CRM
2024-03-22 00:00:00-04:00,307.5205237115934,308.4252333848284,304.8660432118783,305.9795227050781,3779000,0.0,0.0,-0.002010543733680925,0.01891474604123924,7611020.0,302.45972442626953,0,22,3,2024,4,CRM
2024-03-25 00:00:00-04:00,301.93325423037334,305.9199056465534,300.77999882523005,304.2795104980469,4141200,0.0,0.0,-0.00555596724905616,0.01817899093787107,7382115.0,302.7610549926758,0,25,3,2024,0,CRM
2024-03-26 00:00:00-04:00,305.69123711682187,306.1883283523403,303.1163081576414,304.0508117675781,3893900,0.0,0.0,-0.000751607395760634,0.01815931240471259,7267870.0,303.0951354980469,0,26,3,2024,1,CRM
2024-03-27 00:00:00-04:00,305.65145215086613,307.50061692828564,296.89270727106486,299.626708984375,3859900,0.0,0.0,-0.01455053764692782,0.01850130891565691,6836325.0,303.1946044921875,0,27,3,2024,2,CRM
2024-03-28 00:00:00-04:00,298.2547284616396,301.03842712459897,297.88688581761,299.4278564453125,4892300,0.0,0.0,-0.0006636676007173437,0.0171307535912867,5994050.0,302.83485107421876,0,28,3,2024,3,CRM
2024-04-01 00:00:00-04:00,299.9349261150869,301.7443455784464,298.2448036994139,300.5016174316406,2918100,0.0,0.0,0.003586042391230393,0.01595235107282959,5667445.0,302.12865295410154,0,1,4,2024,0,CRM
2024-04-02 00:00:00-04:00,295.76931953430176,302.6888218423119,293.17451754631475,302.23150634765625,4746100,0.0,0.0,0.005756670898482419,0.01600279783134763,5437250.0,301.6201538085937,0,2,4,2024,1,CRM
2024-04-03 00:00:00-04:00,302.2215262164879,305.3730980676466,301.3367195748962,302.9671630859375,3047400,0.0,0.0,0.002434083551286159,0.011104728889304428,5138855.0,301.9372848510742,0,3,4,2024,2,CRM
2024-04-04 00:00:00-04:00,306.4667159748045,309.48900901691513,290.4007226718362,292.4288635253906,8351000,0.0,0.0,-0.03478363613141022,0.013084229899362013,5142905.0,301.47828674316406,0,4,4,2024,3,CRM
2024-04-05 00:00:00-04:00,291.8323529529579,301.6548813586441,291.593728510766,300.1536560058594,4917600,0.0,0.0,0.026415971348868084,0.014461239062934318,5049340.0,301.47254791259763,0,5,4,2024,4,CRM
2024-04-08 00:00:00-04:00,299.34833063553225,301.7343623588298,297.7775054325008,299.97467041015625,3142900,0.0,0.0,-0.0005963132286472828,0.014291907641646008,4963995.0,301.31587677001954,0,8,4,2024,0,CRM
2024-04-09 00:00:00-04:00,301.55541682495095,303.8221515132313,297.50908712199964,300.6109313964844,2998100,0.0,0.0,0.0021210490387677527,0.014289574078848505,4869125.0,301.1552734375,0,9,4,2024,1,CRM
2024-04-10 00:00:00-04:00,296.71377660085193,299.16940856743787,296.4155036495008,297.876953125,3036400,0.0,0.0,-0.00909474003085553,0.014404728808212483,4779345.0,300.8271942138672,0,10,4,2024,2,CRM
2024-04-11 00:00:00-04:00,297.72784417829246,299.33841502630247,294.6856480564861,297.4096984863281,3468600,0.0,0.0,-0.0015686162818907556,0.014374406956992485,4675335.0,300.55230407714845,0,11,4,2024,3,CRM
2024-04-12 00:00:00-04:00,295.1429412157918,296.11725094626655,291.7925511894203,292.6077880859375,3816700,0.0,0.0,-0.01614577609550072,0.014762515776201595,4624730.0,300.10492248535155,0,12,4,2024,4,CRM
2024-04-15 00:00:00-04:00,281.29397797981574,284.81339226231836,270.0796014305225,271.3123779296875,18365100,0.0,0.0,-0.0727780018965033,0.020957330820100727,4948760.0,299.0396560668945,0,15,4,2024,0,CRM
2024-04-16 00:00:00-04:00,273.18143801784964,278.92781106277414,270.85505484810915,275.796142578125,7624300,0.0,0.0,0.016526207475869414,0.020703944866597462,5067950.0,297.89137268066406,0,16,4,2024,1,CRM
2024-04-17 00:00:00-04:00,276.1242466185142,277.347102054801,273.241123344875,274.7125244140625,4199400,0.0,0.0,-0.003929054822641498,0.02064003073221552,5111425.0,296.6421813964844,0,17,4,2024,2,CRM
2024-04-18 00:00:00-04:00,274.7125009453855,274.72242213862467,268.1807149891558,270.3381042480469,5918200,0.0,0.0,-0.01592362843793116,0.020267018079151506,5160005.0,294.9441177368164,0,18,4,2024,3,CRM
2024-04-19 00:00:00-04:00,270.9047811977449,271.5609452921385,267.1666756085301,268.797119140625,4903600,0.0,0.0,-0.00570021422510214,0.02002639744441613,5100990.0,293.0541763305664,0,19,4,2024,4,CRM
2024-04-22 00:00:00-04:00,277.76462613254694,278.07282023917287,267.99179647264384,272.2170715332031,6747200,0.0,0.0,0.012723173535163168,0.02046111718367343,5249400.0,291.36605377197264,0,22,4,2024,0,CRM
2024-04-23 00:00:00-04:00,273.3504574358913,275.090276600375,268.8368609368201,275.07037353515625,6285200,0.0,0.0,0.01048171588167679,0.020775764978431945,5356600.0,289.9055969238281,0,23,4,2024,1,CRM
2024-04-24 00:00:00-04:00,276.38275046921643,277.31728449872594,272.5153657645377,274.5832824707031,3938800,0.0,0.0,-0.0017707870832948114,0.02076650336306544,5358845.0,288.4322204589844,0,24,4,2024,2,CRM
2024-04-25 00:00:00-04:00,270.0199758297537,271.98843778226006,267.7134651245528,271.551025390625,4811900,0.0,0.0,-0.011043123429779977,0.020695163670926744,5406445.0,287.0284362792969,0,25,4,2024,3,CRM
2024-04-26 00:00:00-04:00,273.4002276384954,275.2891685978066,271.86917786850677,272.6943664550781,3754600,0.0,0.0,0.004210409674603177,0.02077371656268245,5349560.0,285.69176177978517,0,26,4,2024,4,CRM
2024-04-29 00:00:00-04:00,273.2908334313047,275.67686528858803,271.6305353586712,274.1358642578125,3576400,0.0,0.0,0.00528612974838194,0.020811790413689083,5382475.0,284.37347412109375,0,29,4,2024,0,CRM
2024-04-30 00:00:00-04:00,272.91306185581305,273.0124558389043,266.7988148935153,267.3754577636719,5218000,0.0,0.0,-0.02466078822792328,0.02114169337128263,5406070.0,282.6306716918945,0,30,4,2024,1,CRM
2024-05-01 00:00:00-04:00,267.4549284024765,272.4059674931972,264.99929675198376,267.1268615722656,3761000,0.0,0.0,-0.0009297644349466339,0.021085292873387666,5441750.0,280.8386566162109,0,1,5,2024,2,CRM
2024-05-02 00:00:00-04:00,268.8567830257475,271.4913607476825,266.3812781545767,270.5469055175781,3859900,0.0,0.0,0.012803070141215622,0.020345119665628603,5217195.0,279.7445587158203,0,2,5,2024,3,CRM
2024-05-03 00:00:00-04:00,275.20961358077017,276.0546747941956,271.75979900881975,272.0679931640625,4041600,0.0,0.0,0.005622269615593645,0.01922683950652513,5173395.0,278.3402755737305,0,3,5,2024,4,CRM
2024-05-06 00:00:00-04:00,274.5634173831703,275.5178241679383,272.46567635555664,274.02655029296875,3744800,0.0,0.0,0.00719877816618153,0.01939308640481496,5203490.0,277.0428695678711,0,6,5,2024,0,CRM
2024-05-07 00:00:00-04:00,273.9867583095278,277.25762731062383,272.47561179457426,275.5675048828125,3507700,0.0,0.0,0.00562337696181725,0.019470050760197043,5228970.0,275.7906982421875,0,7,5,2024,1,CRM
2024-05-08 00:00:00-04:00,274.1259350202086,278.31143459612383,274.1259350202086,277.3470764160156,3283300,0.0,0.0,0.006457842458456486,0.019572623550851685,5241315.0,274.76420440673826,0,8,5,2024,2,CRM
2024-05-09 00:00:00-04:00,270.5866663454638,273.74815943688077,269.49305951949,273.5692138671875,4709700,0.0,0.0,-0.01362142553527912,0.019699194129949412,5303370.0,273.5721801757812,0,9,5,2024,3,CRM
2024-05-10 00:00:00-04:00,274.4937945327902,278.0132090807558,273.3703634525044,275.06048583984375,2912300,0.0,0.0,0.005451168834298192,0.019588746096345002,5258150.0,272.69481506347654,0,10,5,2024,4,CRM
2024-05-13 00:00:00-04:00,275.5277537122535,276.1838874656337,273.58908569350365,275.905517578125,2998700,0.0,0.0,0.003072166966116896,0.0106512224124958,4489830.0,272.9244720458984,0,13,5,2024,0,CRM
2024-05-14 00:00:00-04:00,275.3487701026159,277.2377107393154,273.439956738808,275.189697265625,3056800,0.0,0.0,-0.0025944400053445893,0.010013256602974698,4261455.0,272.89414978027344,0,14,5,2024,1,CRM
2024-05-15 00:00:00-04:00,278.1126067228968,286.1257153575351,278.102685528987,285.86724853515625,5828500,0.0,0.0,0.038800694123460655,0.013197123903443684,4342910.0,273.45188598632814,0,15,5,2024,2,CRM
2024-05-16 00:00:00-04:00,287.7363103928179,288.3327956164168,282.9244404288133,283.02386474609375,3559200,0.0,0.0,-0.009946518195535159,0.01283068994210519,4224960.0,274.08617401123047,0,16,5,2024,3,CRM
2024-05-17 00:00:00-04:00,285.3701292063911,285.6683717951988,282.6063033032944,283.94842529296875,3478900,0.0,0.0,0.003266722923540133,0.012689622342982147,4153725.0,274.84373931884767,0,17,5,2024,4,CRM
2024-05-20 00:00:00-04:00,284.33621127897,286.04620649047325,283.4513742400906,285.3999938964844,2799300,0.0,0.0,0.005112085414870515,0.012489598851855398,3956330.0,275.50288543701174,0,20,5,2024,0,CRM
2024-05-21 00:00:00-04:00,285.1215940293894,285.54908520232726,281.6419554458627,282.1092224121094,3492100,0.0,0.0,-0.01153038386387839,0.012711640796072569,3816675.0,275.8548278808594,0,21,5,2024,1,CRM
2024-05-22 00:00:00-04:00,281.7612658117615,285.4198501281512,281.1846229716532,282.16888427734375,3309200,0.0,0.0,0.00021148498699985474,0.012693821578327017,3785195.0,276.2341079711914,0,22,5,2024,2,CRM
2024-05-23 00:00:00-04:00,285.0122380614383,285.33038375001723,275.8458739970521,276.9494323730469,5456600,0.0,0.0,-0.018497616835620567,0.01317977538297389,3817430.0,276.5040283203125,0,23,5,2024,3,CRM
2024-05-24 00:00:00-04:00,269.353828784229,273.3603826193313,266.9677971061104,270.7059326171875,8321600,0.0,0.0,-0.022543825789285155,0.01416483979951135,4045780.0,276.404606628418,0,24,5,2024,4,CRM
2024-05-28 00:00:00-04:00,271.5112501386372,271.64049871962465,265.6058035892092,268.26025390625,9294100,0.0,0.0,-0.009034448145604501,0.01423094275188715,4331665.0,276.11082611083987,0,28,5,2024,1,CRM
2024-05-29 00:00:00-04:00,266.4408899151548,271.2825534707738,266.21221703497747,270.0398254394531,13397900,0.0,0.0,0.006633750275301775,0.013172007145056955,4740660.0,276.2440444946289,0,29,5,2024,2,CRM
2024-05-30 00:00:00-04:00,222.1003730115268,223.78054392863365,210.7666981417257,216.74172973632812,66860900,0.0,0.0,-0.1973712418765995,0.04619671981979941,7895655.0,273.724787902832,0,30,5,2024,3,CRM
2024-05-31 00:00:00-04:00,217.83533648955736,233.25510219142544,214.80307671490948,233.07615661621094,36807400,0.0,0.0,0.07536355320110277,0.0497495391000992,9543030.0,271.8512504577637,0,31,5,2024,4,CRM
2024-06-03 00:00:00-04:00,233.25508901597348,239.58804174039471,228.87075580063052,235.2434539794922,19962700,0.0,0.0,0.009298666130186595,0.04980195913748616,10339085.0,270.01002349853513,0,3,6,2024,0,CRM
2024-06-04 00:00:00-04:00,234.34869566067195,239.1903594892673,230.84916907956162,233.4936981201172,11197500,0.0,0.0,-0.007438063970645281,0.04970629130731879,10711720.0,267.9833808898926,0,4,6,2024,1,CRM
2024-06-05 00:00:00-04:00,234.2691546563622,235.5417069936723,230.20295202901934,235.1539764404297,10772100,0.0,0.0,0.007110591564909896,0.04972674945952094,11074940.0,265.96270446777345,0,5,6,2024,2,CRM
2024-06-06 00:00:00-04:00,238.4844822493546,245.3145105769697,238.05697592305944,241.34771728515625,11693800,0.0,0.0,0.026339086153176705,0.05019779636474081,11495465.0,264.1627365112305,0,6,6,2024,3,CRM
2024-06-07 00:00:00-04:00,240.92025757246435,242.51094053995695,238.8921166886325,240.44305419921875,6883800,0.0,0.0,-0.003748380536239493,0.05016325287894472,11604170.0,262.50642852783204,0,7,6,2024,4,CRM
2024-06-10 00:00:00-04:00,240.3833933069939,242.22263710181656,239.03130442534604,240.43310546875,7660100,0.0,0.0,-4.137665985770589e-05,0.050117449563275504,11841560.0,260.77505950927736,0,10,6,2024,0,CRM
2024-06-11 00:00:00-04:00,239.75705241542596,242.33198141820307,234.88554912285264,239.58804321289062,7264400,0.0,0.0,-0.003514749993399735,0.05008063397810305,12054845.0,258.9591857910156,0,11,6,2024,1,CRM
2024-06-12 00:00:00-04:00,239.1605256148981,240.79098421157687,233.52351299400223,234.42822265625,10260100,0.0,0.0,-0.021536218950858776,0.050197658896381246,12415010.0,256.9211120605469,0,12,6,2024,2,CRM
2024-06-13 00:00:00-04:00,234.14986645813497,234.27909986741605,227.32977390685284,227.69761657714844,13566700,0.0,0.0,-0.02871073287524295,0.04924101203391422,12801920.0,254.01263046264648,0,13,6,2024,3,CRM
2024-06-14 00:00:00-04:00,228.01576913245026,233.8814399865267,227.8666326510623,230.5906982421875,8833700,0.0,0.0,0.012705805658087987,0.049502828656377125,13065645.0,251.39097213745117,0,14,6,2024,4,CRM
2024-06-17 00:00:00-04:00,228.94035719714051,230.49127955333444,226.4449644491641,229.13919067382812,10563700,0.0,0.0,-0.006294735995095779,0.04942529155694151,13419885.0,248.65051040649413,0,17,6,2024,0,CRM
2024-06-18 00:00:00-04:00,229.13917650529535,230.9386443885864,227.89644839031303,230.46144104003906,7119800,0.0,0.0,0.005770511636715714,0.049435666750718865,13635910.0,245.90358276367186,0,18,6,2024,1,CRM
2024-06-20 00:00:00-04:00,231.49541037069685,242.35188188070163,231.49541037069685,240.39334106445312,14809600,0.0,0.0,0.04309571258251643,0.05079861072481179,14201785.0,243.81778869628906,0,20,6,2024,3,CRM
2024-06-21 00:00:00-04:00,239.17049903603612,243.9425630542411,238.79270481941995,243.63436889648438,15928800,0.0,0.0,0.01348218639368337,0.0509787565969912,14832765.0,241.89106292724608,0,21,6,2024,4,CRM
2024-06-24 00:00:00-04:00,241.7752521615705,242.98815606309498,238.414910352099,238.54415893554688,7545700,0.0,0.0,-0.02089282388192215,0.05101259581621247,14937220.0,239.9707992553711,0,24,6,2024,0,CRM
2024-06-25 00:00:00-04:00,240.37344929944163,241.68577751196935,238.4745570388999,240.3535614013672,6216600,0.0,0.0,0.007585188729392511,0.05094521429596624,14831970.0,238.45318069458008,0,25,6,2024,1,CRM
2024-06-26 00:00:00-04:00,240.06525428107963,242.19280426675158,238.50438044330946,241.7354736328125,4524700,0.0,0.0,0.00574949762919319,0.050984112987948665,14593500.0,237.1269416809082,0,26,6,2024,2,CRM
2024-06-27 00:00:00-04:00,243.57471990753845,257.09560838674105,243.02791648190498,251.37905883789062,12869000,0.0,0.0,0.03989313219178747,0.05187764414932753,14567055.0,236.19390335083008,0,27,6,2024,3,CRM
2024-06-28 00:00:00-04:00,252.02526130749837,258.66639306152575,251.70711562897156,255.6043243408203,12619300,0.0,0.0,0.016808343234566925,0.024162015461097718,11854975.0,238.13703308105468,0,28,6,2024,4,CRM
2024-07-01 00:00:00-04:00,256.64819884298623,257.97047851995444,253.04926315205947,254.719482421875,5871700,0.0,0.0,-0.0034617642765912837,0.018441965111438578,10308190.0,239.21919937133788,0,1,7,2024,0,CRM
2024-07-02 00:00:00-04:00,253.5662480425416,256.2306650139671,252.5820019126085,254.69961547851562,5130600,0.0,0.0,-7.799538209829482e-05,0.018435681893083023,9566585.0,240.19200744628907,0,2,7,2024,1,CRM
2024-07-03 00:00:00-04:00,255.48503990563475,259.7003641640123,255.44526410884532,259.43194580078125,4755700,0.0,0.0,0.01858004502038524,0.018493482221714756,9244495.0,241.48891983032226,0,3,7,2024,2,CRM
2024-07-05 00:00:00-04:00,261.19163802207464,264.26365842868944,259.7997885346179,261.6589050292969,6562100,0.0,0.0,0.008583982291161973,0.018503410674351677,9033995.0,242.8141662597656,0,5,7,2024,4,CRM
2024-07-08 00:00:00-04:00,259.8594231789457,261.3109211140417,255.69379613325657,255.87274169921875,6539300,0.0,0.0,-0.022113382036167528,0.01880302615509989,8776270.0,243.54041748046876,0,8,7,2024,0,CRM
2024-07-09 00:00:00-04:00,254.99650267344592,255.90262065765546,250.01785246609853,251.3521270751953,7014900,0.4,0.0,-0.017667433404600308,0.019320059509534058,8782825.0,244.08587112426758,0,9,7,2024,1,CRM
2024-07-10 00:00:00-04:00,250.1273799608107,253.71201413857636,245.05911776545318,251.51144409179688,8947700,0.0,0.0,0.000633839937841163,0.01931616357635341,8847205.0,244.63978805541993,0,10,7,2024,2,CRM
2024-07-11 00:00:00-04:00,251.52142093034695,254.32937181780068,249.848586517571,250.0477294921875,5341800,0.0,0.0,-0.005819673951198645,0.01936032977097392,8751075.0,245.16277236938475,0,11,7,2024,3,CRM
2024-07-12 00:00:00-04:00,250.545587414207,254.1999148321025,248.62383573293255,252.88555908203125,4705500,0.0,0.0,0.011349151602404017,0.018609906152993103,8473345.0,246.08563919067382,0,12,7,2024,4,CRM
2024-07-15 00:00:00-04:00,254.9267994022111,255.29524505026762,251.04345823986992,251.78030395507812,4404300,0.0,0.0,-0.00437057430627974,0.01709516065077895,8015225.0,247.2897735595703,0,15,7,2024,0,CRM
2024-07-16 00:00:00-04:00,252.69637492966334,255.6835651276122,251.59111394867688,254.936767578125,4780400,0.0,0.0,0.012536578808841403,0.017091279513666974,7812560.0,248.5070770263672,0,16,7,2024,1,CRM
2024-07-17 00:00:00-04:00,252.91542128944238,254.47872469035693,248.5441671749017,250.1472930908203,5625300,0.0,0.0,-0.018786911487127744,0.017747909949864058,7565640.0,249.5574821472168,0,17,7,2024,2,CRM
2024-07-18 00:00:00-04:00,251.06337884350575,251.37205273373414,244.67079362748981,246.29383850097656,6351600,0.0,0.0,-0.01540474231094191,0.018294090512804635,7527230.0,250.34910202026367,0,18,7,2024,3,CRM
2024-07-19 00:00:00-04:00,247.58826552565873,247.92682528253363,244.12312928046424,246.5726318359375,4468900,0.0,0.0,0.001131954159542703,0.015740145657353505,7010195.0,250.6580665588379,0,19,7,2024,4,CRM
2024-07-22 00:00:00-04:00,247.68784381144948,254.48868170798087,246.94104629241997,252.99508666992188,5647600,0.0,0.0,0.02604690871879778,0.01648159616872714,6496135.0,251.12610244750977,0,22,7,2024,0,CRM
2024-07-23 00:00:00-04:00,255.494364728683,256.2311952268919,252.6664950902048,254.9666290283203,3905500,0.0,0.0,0.007792808881583735,0.015608161006183424,6314125.0,251.94722595214844,0,23,7,2024,1,CRM
2024-07-24 00:00:00-04:00,252.54702203992173,254.81728537975064,247.83720787828412,248.7134552001953,5204100,0.0,0.0,-0.024525459868830257,0.016768729547361524,6263500.0,252.36522064208984,0,24,7,2024,2,CRM
2024-07-25 00:00:00-04:00,253.65226908487082,262.95236856998076,250.64516019016574,255.42465209960938,7155800,0.0,0.0,0.026983650297536466,0.017676662824515774,6395055.0,253.0496795654297,0,25,7,2024,3,CRM
2024-07-26 00:00:00-04:00,257.0676338844007,263.3606245470911,255.97232477961842,261.5882263183594,6127300,0.0,0.0,0.024130694387111795,0.016233216202972425,6057970.0,253.5601379394531,0,26,7,2024,4,CRM
2024-07-29 00:00:00-04:00,261.58824294489324,264.94384847993695,257.41613144463577,257.48583984375,5101400,0.0,0.0,-0.015682611302301752,0.01631123104305866,5682075.0,253.65421371459962,0,29,7,2024,0,CRM
2024-07-30 00:00:00-04:00,258.51146072722685,259.6366406763016,254.03067498209413,256.82867431640625,3944300,0.0,0.0,-0.0025522394852568464,0.016300889467017212,5585705.0,253.75967330932616,0,30,7,2024,1,CRM
2024-07-31 00:00:00-04:00,255.11597867866234,260.71197650196336,254.25966545150374,257.6949157714844,4647700,0.0,0.0,0.0033728377774941976,0.01631228053513025,5561560.0,253.9094383239746,0,31,7,2024,2,CRM
2024-08-01 00:00:00-04:00,258.7902363712362,262.23545386846615,248.67363051447919,251.9794464111328,5527400,0.0,0.0,-0.022179208865028,0.016507271337400514,5600145.0,253.53681335449218,0,1,8,2024,3,CRM
2024-08-02 00:00:00-04:00,246.7319494312564,246.94105943291117,240.09043163184134,242.9282684326172,6504500,0.0,0.0,-0.035920302657335035,0.01803030831220952,5597265.0,252.60028152465821,0,2,8,2024,4,CRM
2024-08-05 00:00:00-04:00,231.32800461466013,240.78743976684808,231.2184737051526,237.9894256591797,6899300,0.0,0.0,-0.02033045723868654,0.017937877970639584,5615265.0,251.70611572265625,0,5,8,2024,0,CRM
2024-08-06 00:00:00-04:00,240.0605597530542,242.808784479605,237.01362815938717,237.40196228027344,5673900,0.0,0.0,-0.002468443197755965,0.017623633078115576,5548215.0,251.00860748291015,0,6,8,2024,1,CRM
2024-08-07 00:00:00-04:00,241.57407880147701,245.47733894814894,238.63667806182931,239.01504516601562,4035500,0.0,0.0,0.006794732740404985,0.017738498670313955,5302605.0,250.3837875366211,0,7,8,2024,2,CRM
2024-08-08 00:00:00-04:00,242.2013918341135,248.36494831005405,242.04207137371935,248.0562744140625,4474300,0.0,0.0,0.03782702984980291,0.019853767544235543,5259230.0,250.28421478271486,0,8,8,2024,3,CRM
2024-08-09 00:00:00-04:00,247.63805805395296,251.8699107264254,247.38912554380752,251.4517059326172,2975300,0.0,0.0,0.013688150104548269,0.01993219221698427,5172720.0,250.21252212524413,0,9,8,2024,4,CRM
2024-08-12 00:00:00-04:00,251.5214235255283,253.0050516163192,247.9567080266622,250.23692321777344,3679700,0.0,0.0,-0.004831077643073445,0.019937655485528307,5136490.0,250.1353530883789,0,12,8,2024,0,CRM
2024-08-13 00:00:00-04:00,251.91970425039372,254.6878325914883,251.91970425039372,253.51287841796875,4031600,0.0,0.0,0.013091414160908421,0.019956568339919527,5099050.0,250.06415863037108,0,13,8,2024,1,CRM
2024-08-14 00:00:00-04:00,254.2995058273373,256.6095917240916,252.7760400126168,254.2298126220703,4145200,0.0,0.0,0.00282799914771803,0.019470157679660236,5025045.0,250.2682846069336,0,14,8,2024,2,CRM
2024-08-15 00:00:00-04:00,256.79874324653,261.767456267865,255.14582791383165,261.6678771972656,5167900,0.0,0.0,0.02925724760003856,0.020043632958253288,4965860.0,251.03698654174804,0,15,8,2024,3,CRM
2024-08-16 00:00:00-04:00,260.6323335598753,262.4744401801591,258.5711651190074,261.7873840332031,3494900,0.0,0.0,0.00045671190983598287,0.020047908416143328,4917160.0,251.79772415161133,0,16,8,2024,4,CRM
2024-08-19 00:00:00-04:00,261.9765932950763,264.2568237143003,260.51286884427606,264.2468566894531,4501300,0.0,0.0,0.00939492430215072,0.01938341630201335,4859845.0,252.36031265258788,0,19,8,2024,0,CRM
2024-08-20 00:00:00-04:00,263.81869062277724,264.36632999894056,259.91541543092524,260.7219543457031,5731300,0.0,0.0,-0.013339429607264974,0.019645672512305427,4951135.0,252.64807891845703,0,20,8,2024,1,CRM
2024-08-21 00:00:00-04:00,259.98515623471803,261.020724130989,258.0733409175465,259.9751892089844,4648200,0.0,0.0,-0.0028642203860154147,0.01872239121400628,4923340.0,253.21116561889647,0,21,8,2024,2,CRM
2024-08-22 00:00:00-04:00,260.3834180466885,262.13591272572864,256.1714688344699,257.48583984375,5111400,0.0,0.0,-0.009575334372516897,0.017963417536357742,4821120.0,253.31422500610353,0,22,8,2024,3,CRM
2024-08-23 00:00:00-04:00,260.87128422485495,264.46588520564944,259.58681444677694,262.8727111816406,4711300,0.0,0.0,0.020921039157568933,0.01775483567178131,4750320.0,253.3784492492676,0,23,8,2024,4,CRM
2024-08-26 00:00:00-04:00,262.81297279057645,266.1586109303388,262.1159496511589,264.1472473144531,3818300,0.0,0.0,0.004848491602963856,0.0173656351069923,4686165.0,253.71151962280274,0,26,8,2024,0,CRM
2024-08-27 00:00:00-04:00,258.54130931557927,263.33076857163974,258.2923767954627,263.0718994140625,5276400,0.0,0.0,-0.004071016871549982,0.017387231602633904,4752770.0,254.02368087768554,0,27,8,2024,1,CRM
2024-08-28 00:00:00-04:00,260.7119762779071,264.04767790331874,256.26106189842477,257.79449462890625,10981900,0.0,0.0,-0.020060693661734907,0.0180213882533788,5069480.0,254.02865982055664,0,28,8,2024,2,CRM
2024-08-29 00:00:00-04:00,269.85281878014604,270.7888074865893,255.18570375822947,255.91259765625,14301700,0.0,0.0,-0.007299988990708384,0.01734446943288485,5508195.0,254.2253173828125,0,29,8,2024,3,CRM
2024-08-30 00:00:00-04:00,256.3407369018599,258.0235230543135,249.92823318905562,251.8201141357422,10507700,0.0,0.0,-0.015991723572768235,0.01560166814179751,5708355.0,254.66990966796874,0,30,8,2024,4,CRM
2024-09-03 00:00:00-04:00,251.54132004825937,252.60675849334538,245.58685861107054,247.00079345703125,6190400,0.0,0.0,-0.019137949703704416,0.015514216037687935,5672910.0,255.12047805786133,0,3,9,2024,1,CRM
2024-09-04 00:00:00-04:00,245.4175811805917,248.41472309472294,244.11317727508487,246.62240600585938,4706500,0.0,0.0,-0.0015319280795658141,0.015501511980264282,5624540.0,255.5815002441406,0,4,9,2024,2,CRM
2024-09-05 00:00:00-04:00,244.92967493798147,247.4389189334967,243.95386373725026,245.06907653808594,4083600,0.0,0.0,-0.0062984117823282615,0.01556560430758116,5626945.0,255.88420181274415,0,5,9,2024,3,CRM
2024-09-06 00:00:00-04:00,246.68217508224663,248.93251958962819,240.40907254986095,242.9282684326172,6259400,0.0,0.0,-0.00873552932793642,0.013114199801639135,5716200.0,255.62780151367187,0,6,9,2024,4,CRM
2024-09-09 00:00:00-04:00,245.44746278854004,248.2952514026758,243.72485401791334,244.7106170654297,4588800,0.0,0.0,0.007336933837763349,0.012814226892644413,5796875.0,255.2907470703125,0,9,9,2024,0,CRM
2024-09-10 00:00:00-04:00,246.0747766179798,246.28387142386765,242.2710804644839,245.10891723632812,3544800,0.0,0.0,0.001627637475132282,0.012801405970201648,5790130.0,255.03434677124022,0,10,9,2024,1,CRM
2024-09-11 00:00:00-04:00,243.76467909645018,248.9524395121261,240.97663182637308,248.50436401367188,4822200,0.0,0.0,0.013852808031745045,0.012846436492030211,5829660.0,254.7839210510254,0,11,9,2024,2,CRM
2024-09-12 00:00:00-04:00,250.31657522163852,253.05483284338482,248.50435444175463,252.28811645507812,5221400,0.0,0.0,0.015226100581469337,0.01332692036397186,5883470.0,254.68683624267578,0,12,9,2024,3,CRM
2024-09-13 00:00:00-04:00,251.46167090163772,255.73334631371986,251.37205883977563,253.48301696777344,4998900,0.0,0.0,0.004736253651123068,0.011462149952514334,5875020.0,254.27759323120117,0,13,9,2024,4,CRM
2024-09-16 00:00:00-04:00,253.48301405537217,256.7091697944234,253.48301405537217,255.81301879882812,5367000,0.0,0.0,0.009191944529171048,0.011705491075070032,5968625.0,253.97887496948243,0,16,9,2024,0,CRM
2024-09-17 00:00:00-04:00,257.6152674905955,258.26248591483795,253.67216999506326,254.100341796875,5423400,0.0,0.0,-0.006695034560770252,0.011498142780916477,6014730.0,253.4715492248535,0,17,9,2024,1,CRM
2024-09-18 00:00:00-04:00,255.30709439715963,255.42676472806193,250.28074267191056,251.7467498779297,4436700,0.4,0.0,-0.009262450818845247,0.01131927896353544,5950000.0,253.02278900146484,0,18,9,2024,2,CRM
2024-09-19 00:00:00-04:00,260.0142951058519,268.8104287990773,257.3515087600209,265.27001953125,11022800,0.0,0.0,0.05371775270138612,0.016769119419472484,6268730.0,253.28753051757812,0,19,9,2024,3,CRM
2024-09-20 00:00:00-04:00,265.28998009092845,269.58831144890524,260.6126724384709,266.07781982421875,11463200,0.0,0.0,0.003045200111178037,0.016581081240029428,6586320.0,253.71712951660157,0,20,9,2024,4,CRM
2024-09-23 00:00:00-04:00,266.5266225479874,267.33442765019174,261.5301735984478,263.4948425292969,6034000,0.0,0.0,-0.009707600944070749,0.016127517696913448,6652455.0,253.74823608398438,0,23,9,2024,0,CRM
2024-09-24 00:00:00-04:00,269.0996430612995,271.7225293616877,265.56924662277055,269.7080078125,7154500,0.0,0.0,0.02357983641563055,0.01693303150499925,6819265.0,254.02627410888672,0,24,9,2024,1,CRM
2024-09-25 00:00:00-04:00,269.71798226678567,276.30009362822426,268.6508711428341,273.3481140136719,7920000,0.0,0.0,0.013496470611664035,0.017101326179005068,6951445.0,254.5400848388672,0,25,9,2024,2,CRM
2024-09-26 00:00:00-04:00,275.38260449217694,277.8858204206739,271.97184800619704,275.01361083984375,5253400,0.0,0.0,0.006092951590983331,0.01630253355175978,6665020.0,255.40104064941406,0,26,9,2024,3,CRM
2024-09-27 00:00:00-04:00,275.51225902490205,277.0879690602532,274.3154948812349,275.8912353515625,5220100,0.0,0.0,0.0031912039154666783,0.016109042699334535,6210940.0,256.3999725341797,0,27,9,2024,4,CRM
2024-09-30 00:00:00-04:00,273.20851782165505,274.9936509554121,268.41153937612734,272.9691467285156,5059700,0.0,0.0,-0.010591451443984101,0.015800617284250022,5938540.0,257.45742416381836,0,30,9,2024,0,CRM
2024-10-01 00:00:00-04:00,273.39797861861723,273.9564603884064,268.9600116046053,270.1368103027344,4369900,0.0,0.0,-0.010376031356386872,0.01523197985253935,5847515.0,258.61422500610354,0,1,10,2024,1,CRM
2024-10-02 00:00:00-04:00,272.9791221369097,281.236709408527,270.1168952476319,278.7235412597656,8512300,0.0,0.0,0.03178660082425777,0.01631047423912551,6037805.0,260.21928176879885,0,2,10,2024,2,CRM
2024-10-03 00:00:00-04:00,278.23484171915175,280.35908126958327,276.9782728854268,280.149658203125,3868400,0.0,0.0,0.005116600258857407,0.01604543061217757,6027045.0,261.97331085205076,0,3,10,2024,3,CRM
2024-10-04 00:00:00-04:00,283.09167515614,287.110796566182,280.7081598805945,286.9711608886719,6129900,0.0,0.0,0.024349494942452754,0.01606152182192684,6020570.0,264.1754554748535,0,4,10,2024,4,CRM
2024-10-07 00:00:00-04:00,285.80431309531895,287.39003629485495,282.6129926559165,283.7997741699219,4794700,0.0,0.0,-0.01105123842036626,0.016646392814080473,6030865.0,266.1299133300781,0,7,10,2024,0,CRM
2024-10-08 00:00:00-04:00,285.2258916162855,291.8379512460775,283.3310403813545,290.78082275390625,5211200,0.0,0.0,0.024598499432929577,0.01700369642956971,6114185.0,268.413508605957,0,8,10,2024,1,CRM
2024-10-09 00:00:00-04:00,290.03283037420647,290.78080031197675,286.3029329220758,287.14068603515625,4851000,0.0,0.0,-0.012518489645483633,0.01759646254184708,6115625.0,270.34532470703124,0,9,10,2024,2,CRM
2024-10-10 00:00:00-04:00,287.1406728095739,289.4444176769989,283.8495869739858,289.38458251953125,3965500,0.0,0.0,0.0078146239578889,0.017500673006770977,6052830.0,272.2001480102539,0,10,10,2024,3,CRM
2024-10-11 00:00:00-04:00,288.4272019597706,289.45441289546443,285.52507465174756,287.3202209472656,3597000,0.0,0.0,-0.007133626657965797,0.01778142018206057,5982735.0,273.8920082092285,0,11,10,2024,4,CRM
2024-10-14 00:00:00-04:00,289.13527085701935,291.65842154838157,287.46977774719926,290.8506164550781,3642500,0.0,0.0,0.012287320036763028,0.017820133431516127,5896510.0,275.64388809204104,0,14,10,2024,0,CRM
2024-10-15 00:00:00-04:00,292.6656730182106,292.78534334041177,287.22046031323197,287.56951904296875,3850800,0.0,0.0,-0.011281039910108426,0.018028324323103345,5817880.0,277.3173469543457,0,15,10,2024,1,CRM
2024-10-16 00:00:00-04:00,286.77168490078697,290.13258898865774,283.46069417538536,290.0727233886719,3497000,0.0,0.0,0.008704692882729015,0.01765274141137545,5770895.0,279.2336456298828,0,16,10,2024,2,CRM
2024-10-17 00:00:00-04:00,291.1697268282803,292.54599637380136,289.3147760042994,290.322021484375,2830000,0.0,0.0,0.0008594330855751231,0.01388542811769,5361255.0,280.4862457275391,0,17,10,2024,3,CRM
2024-10-18 00:00:00-04:00,291.24953686509514,293.91229286861414,289.3646379645358,292.1470947265625,3087900,0.0,0.0,0.006286375497305263,0.01388507903486444,4942490.0,281.7897094726562,0,18,10,2024,4,CRM
2024-10-21 00:00:00-04:00,288.21777663279096,292.12717993560165,287.2603835436245,290.5015869140625,2712600,0.0,0.0,-0.005632463379586672,0.013689893156490988,4776420.0,283.14004669189455,0,21,10,2024,0,CRM
2024-10-22 00:00:00-04:00,288.9657304082548,291.149805145362,286.8714084149358,287.549560546875,3100100,0.0,0.0,-0.010161825271063907,0.013351873523274348,4573700.0,284.0321243286133,0,22,10,2024,1,CRM
2024-10-23 00:00:00-04:00,286.95121188013366,287.51964592998627,281.8550272960157,283.6601257324219,3227100,0.0,0.0,-0.01352613722328777,0.013629264809713472,4339055.0,284.54772491455077,0,23,10,2024,2,CRM
2024-10-24 00:00:00-04:00,285.7843853534032,288.12803085728285,284.4081156347429,285.9838562011719,3210700,0.0,0.0,0.008191953179002676,0.01367093862533709,4236920.0,285.0962371826172,0,24,10,2024,3,CRM
2024-10-25 00:00:00-04:00,289.2150816896312,293.5832315861264,288.04823503763066,289.673828125,3351200,0.0,0.0,0.01290272805200754,0.013884568125254793,4143475.0,285.7853668212891,0,25,10,2024,4,CRM
2024-10-28 00:00:00-04:00,292.8053306914237,295.26864645845814,291.6983192579094,292.974853515625,3867800,0.0,0.0,0.011395663225745478,0.01365947143233984,4083880.0,286.78565216064453,0,28,10,2024,0,CRM
2024-10-29 00:00:00-04:00,293.20424507669367,299.7863872776558,292.01746355468026,298.0810241699219,4280700,0.0,0.0,0.017428699402095793,0.01357355315007152,4079420.0,288.18286285400393,0,29,10,2024,1,CRM
2024-10-30 00:00:00-04:00,296.26594774981345,298.72926358296036,295.5478953083907,295.5977478027344,2826500,0.0,0.0,-0.008330877063049469,0.012315975122726508,3795130.0,289.02657318115234,0,30,10,2024,2,CRM
2024-10-31 00:00:00-04:00,291.8080416460443,295.2885857144422,288.76627865349536,290.58135986328125,4301800,0.0,0.0,-0.016970318538424012,0.013083913604488899,3816800.0,289.5481582641602,0,31,10,2024,3,CRM
2024-11-01 00:00:00-04:00,289.44443471623197,296.1861164792408,289.21504630911994,293.9222717285156,3527500,0.0,0.0,0.011497337154751763,0.012210288199095263,3686680.0,289.89571380615234,0,1,11,2024,4,CRM
2024-11-04 00:00:00-05:00,297.1834343129057,299.36750917454407,292.1271801813519,297.2033996582031,5107900,0.0,0.0,0.011163250441661443,0.01203986116553445,3702340.0,290.5658950805664,0,4,11,2024,0,CRM
2024-11-05 00:00:00-05:00,296.63493144288094,298.0012184396814,293.94222726942183,296.6847839355469,4456100,0.0,0.0,-0.0017449858354671166,0.01086471342016321,3664585.0,290.86109313964846,0,5,11,2024,1,CRM
2024-11-06 00:00:00-05:00,304.1744542509277,307.72481593787813,302.24968550055377,306.0693054199219,5874900,0.0,0.0,0.03163128678150784,0.012344662920812169,3715780.0,291.8075241088867,0,6,11,2024,2,CRM
2024-11-07 00:00:00-05:00,306.66769143132433,311.34499946876605,305.17175147312275,309.9388122558594,5722600,0.0,0.0,0.012642583778953664,0.012484639524079787,3803635.0,292.8352355957031,0,7,11,2024,3,CRM
2024-11-08 00:00:00-05:00,309.19086289592093,321.9362709723586,308.60246345865323,321.07861328125,8485000,0.0,0.0,0.03594193623028574,0.014155496348909778,4048035.0,294.52315521240234,0,8,11,2024,4,CRM
2024-11-11 00:00:00-05:00,324.369649009016,343.94652154977894,324.369649009016,340.8050537109375,13954200,0.0,0.0,0.061438039201969774,0.018852950761214512,4563620.0,297.0208770751953,0,11,11,2024,0,CRM
2024-11-12 00:00:00-05:00,338.37167249511907,347.9157468157566,337.59378489204255,340.22662353515625,7659700,0.0,0.0,-0.0016972464741437099,0.018451347119635572,4754065.0,299.6537322998047,0,12,11,2024,1,CRM
2024-11-13 00:00:00-05:00,344.5648111392196,347.24753236407395,337.8530167413353,340.7950439453125,6902900,0.0,0.0,0.0016707111402689545,0.018516189778818627,4924360.0,302.1898483276367,0,13,11,2024,2,CRM
2024-11-14 00:00:00-05:00,341.5131226453487,345.06348438514925,329.92457928212576,330.7523193359375,7630600,0.0,0.0,-0.029468517185908816,0.02030837421427458,5164390.0,304.2113632202148,0,14,11,2024,3,CRM
2024-11-15 00:00:00-05:00,326.0451014915282,329.3661053282834,323.30254483050356,324.379638671875,7093000,0.0,0.0,-0.019267228955059612,0.021125352293933888,5364645.0,305.82299041748047,0,15,11,2024,4,CRM
2024-11-18 00:00:00-05:00,326.1148894719138,326.1148894719138,319.34325985068887,321.37774658203125,4251100,0.0,0.0,-0.009254255606592765,0.021240608860575605,5441570.0,307.3667984008789,0,18,11,2024,0,CRM
2024-11-19 00:00:00-05:00,318.13656340528735,323.8211474018802,315.14468349865456,322.5545654296875,5469900,0.0,0.0,0.00366179320183857,0.020934587161068233,5560060.0,309.1170486450195,0,19,11,2024,1,CRM
2024-11-20 00:00:00-05:00,324.4095570087608,326.3742260933533,321.13843609194964,324.8184509277344,3763500,0.0,0.0,0.007018612478887354,0.02042569332096096,5586880.0,311.17496490478516,0,20,11,2024,2,CRM
2024-11-21 00:00:00-05:00,330.4531225008586,342.0117475471276,327.7105660797386,334.8711242675781,8364200,0.0,0.0,0.030948590854773528,0.021118126073331973,5844555.0,313.6193283081055,0,21,11,2024,3,CRM
2024-11-22 00:00:00-05:00,338.03257102775996,341.8821084979672,334.87113792382763,341.09423828125,5649400,0.0,0.0,0.018583608925024198,0.021223634643174522,5959465.0,316.19034881591796,0,22,11,2024,4,CRM
2024-11-25 00:00:00-05:00,344.0661801576608,346.9084720807409,337.3743507987064,338.1921081542969,7117200,0.0,0.0,-0.008508294193348864,0.021540773227975873,6121935.0,318.4512115478516,0,25,11,2024,0,CRM
2024-11-26 00:00:00-05:00,341.05439537528645,342.879428838935,338.22208587540155,342.2511291503906,4492800,0.0,0.0,0.012002116247614714,0.021442007909422363,6132540.0,320.659716796875,0,26,11,2024,1,CRM
2024-11-27 00:00:00-05:00,335.5493146687906,336.46683794942584,327.9898444074893,329.1167907714844,7471500,0.0,0.0,-0.038376318615839566,0.023534029451527053,6364790.0,322.3356689453125,0,27,11,2024,2,CRM
2024-11-29 00:00:00-05:00,328.44856720880944,331.09138833011474,326.36422789295074,329.0968017578125,3517600,0.0,0.0,-6.0735320203564314e-05,0.022975896876238782,6325580.0,324.2614410400391,0,29,11,2024,4,CRM
2024-12-02 00:00:00-05:00,331.1013547551034,333.5945878481388,329.216455927981,330.1140441894531,6063400,0.0,0.0,0.0030910128150962723,0.022956377413424753,6452375.0,326.07102966308594,0,2,12,2024,0,CRM
2024-12-03 00:00:00-05:00,326.5138374742032,331.8992154899275,322.77398740287,330.5329284667969,12632400,0.0,0.0,0.0012689077751062428,0.02294746883408851,6828600.0,327.7375061035156,0,3,12,2024,1,CRM
2024-12-04 00:00:00-05:00,365.8171695843975,368.00124444558,355.6846655431295,366.8742980957031,24733100,0.0,0.0,0.10994780398273352,0.03262323582374207,7842450.0,331.2469818115234,0,4,12,2024,2,CRM
2024-12-05 00:00:00-05:00,359.8034734053325,364.46084647987556,355.7046125756282,360.40185546875,10942100,0.0,0.0,-0.0176421260920947,0.032855666185412566,8095810.0,333.96360931396487,0,5,12,2024,3,CRM
2024-12-06 00:00:00-05:00,364.00207277891127,366.156229964737,360.11263498574374,361.01019287109375,5738900,0.0,0.0,0.001687941926804326,0.03287773310885754,8096625.0,336.5171783447266,0,6,12,2024,4,CRM
2024-12-09 00:00:00-05:00,360.7209940696894,360.7209940696894,349.8405206566904,350.618408203125,6475000,0.0,0.0,-0.02878529435782262,0.033182284863523884,7996125.0,337.9941680908203,0,9,12,2024,0,CRM
2024-12-10 00:00:00-05:00,350.3990053113262,354.527783726746,346.4896022032458,347.8758544921875,6033000,0.0,0.0,-0.007822047122376552,0.030476448071710543,7600065.0,338.3477081298828,0,10,12,2024,1,CRM
2024-12-11 00:00:00-05:00,352.53319168069004,359.2250515002557,350.9275641092582,353.8895263671875,7546600,0.0,0.0,0.017286833211745734,0.03066829843337689,7594410.0,339.0308532714844,0,11,12,2024,2,CRM
2024-12-12 00:00:00-05:00,354.03911565423135,359.0255820718966,351.96475901587195,357.0609130859375,5422000,0.0,0.0,0.008961516186436702,0.030702496210989968,7520365.0,339.8441467285156,0,12,12,2024,3,CRM
2024-12-13 00:00:00-05:00,363.0147570678112,363.81257952473914,351.5458842483611,353.3509826660156,5538000,0.0,0.0,-0.010390189135681127,0.029935133552288173,7415735.0,340.97407989501954,0,13,12,2024,4,CRM
2024-12-16 00:00:00-05:00,349.8305381628164,357.1008147502969,349.61113242217306,356.2630920410156,5482300,0.0,0.0,0.008241407319793614,0.02945152817889948,7335200.0,342.56825256347656,0,16,12,2024,0,CRM
2024-12-17 00:00:00-05:00,355.93399234004096,356.26311619080406,348.1650685821961,350.0200500488281,6911000,0.0,0.0,-0.01752368441092622,0.029720372207114206,7468195.0,344.00036773681643,0,17,12,2024,1,CRM
2024-12-18 00:00:00-05:00,353.9438537845804,354.21341923444936,334.71405948169195,336.7009582519531,8400000,0.4,0.0,-0.038052368128674297,0.031221356805339086,7614700.0,344.7076873779297,0,18,12,2024,2,CRM
2024-12-19 00:00:00-05:00,341.1639652411139,342.99108099478224,334.90378189606787,335.7025451660156,7423400,0.0,0.0,-0.0029652813913003673,0.03122670171539529,7797695.0,345.25189208984375,0,19,12,2024,3,CRM
2024-12-20 00:00:00-05:00,332.21798248518513,345.90649595894934,330.62051696620347,343.1108703613281,14932300,0.0,0.0,0.022068123408623075,0.03085575785056078,8126100.0,345.66387939453125,0,20,12,2024,4,CRM
2024-12-23 00:00:00-05:00,341.71308634534597,343.3105823973656,336.1518171160546,342.362060546875,5330300,0.0,0.0,-0.0021824135553168977,0.030604337336936998,8110145.0,345.7272705078125,0,23,12,2024,0,CRM
2024-12-24 00:00:00-05:00,342.4618991444658,344.40885215838654,340.295290049332,343.8896484375,1811000,0.0,0.0,0.004461907631309714,0.030538246568017954,7844835.0,346.0121475219727,0,24,12,2024,1,CRM
2024-12-26 00:00:00-05:00,344.3389450635749,344.3389450635749,340.4949789843487,341.18389892578125,3483300,0.0,0.0,-0.007868074901389521,0.030493594696920964,7794360.0,345.9587860107422,0,26,12,2024,3,CRM
2024-12-27 00:00:00-05:00,339.8160806561945,341.7330515854024,334.7440328636872,337.9190673828125,3220400,0.0,0.0,-0.009569125487011831,0.029226211799922845,7581805.0,346.3988998413086,0,27,12,2024,4,CRM
2024-12-30 00:00:00-05:00,332.9468594579345,337.5795644648291,331.0897615483615,335.2132873535156,3411100,0.0,0.0,-0.008007183643862326,0.029305426169783984,7576480.0,346.70472412109376,0,30,12,2024,0,CRM
2024-12-31 00:00:00-05:00,335.7424398719369,336.62106418010455,331.8885101662121,333.80548095703125,3026000,0.0,0.0,-0.004199733273101747,0.029327448119768274,7424610.0,346.88929595947263,0,31,12,2024,1,CRM
2025-01-02 00:00:00-05:00,335.7823960828944,338.3883173719329,327.29573084123047,330.1412658691406,4807100,0.0,0.0,-0.010977096833117317,0.029447937124171944,7033345.0,346.86971282958984,0,2,1,2025,3,CRM
2025-01-03 00:00:00-05:00,331.57901379502266,332.91690797159856,328.75343638331685,332.37774658203125,4101200,0.0,0.0,0.006774314343900079,0.014455737276476088,6001750.0,345.14488525390624,0,3,1,2025,4,CRM
2025-01-06 00:00:00-05:00,333.49598986630167,336.0719595134781,326.76657309834263,330.011474609375,5785300,0.0,0.0,-0.0071192250293213855,0.014153015947370343,5743910.0,343.6253662109375,0,6,1,2025,0,CRM
2025-01-07 00:00:00-05:00,329.9815269233363,330.9799581697004,322.40343741979717,324.4202575683594,4643100,0.0,0.0,-0.016942492825844258,0.014349967428421064,5689120.0,341.7958694458008,0,7,1,2025,1,CRM
2025-01-08 00:00:00-05:00,327.2258245292543,328.2841591403641,322.6030832999361,326.38714599609375,3788200,0.0,0.0,0.006062779317410394,0.013425232573961629,5554780.0,340.58430633544924,0,8,1,2025,2,CRM
2025-01-10 00:00:00-05:00,322.2636440890523,322.2636440890523,315.52423314118704,317.35137939453125,6540000,0.0,0.0,-0.02768419869595795,0.014457639205730252,5580130.0,339.0580825805664,0,10,1,2025,4,CRM
2025-01-13 00:00:00-05:00,314.10646921699623,320.04711671897036,313.30770595584056,318.5694580078125,4583000,0.0,0.0,0.0038382647512205104,0.013683963089415154,5431950.0,337.29207916259764,0,13,1,2025,0,CRM
2025-01-14 00:00:00-05:00,324.4901412114726,329.4223937954631,320.99563199842595,323.0324401855469,5935200,0.0,0.0,0.014009447753227322,0.014000898965855728,5457610.0,335.5906555175781,0,14,1,2025,1,CRM
2025-01-15 00:00:00-05:00,329.36247947479904,331.00988481255945,320.2767497272369,320.6561584472656,6042700,0.0,0.0,-0.007356170596724998,0.013954656137307016,5482845.0,333.95591430664064,0,15,1,2025,2,CRM
2025-01-16 00:00:00-05:00,322.4333760223235,327.2058759670181,319.04867960937554,319.49798583984375,5047700,0.0,0.0,-0.003611883249116987,0.013621617206362183,5461115.0,332.117658996582,0,16,1,2025,3,CRM
2025-01-17 00:00:00-05:00,328.2043199187408,329.05299257052695,322.5631894811205,324.05084228515625,6303600,0.0,0.0,0.01425003175949513,0.01397443056590063,5430745.0,330.81919860839844,0,17,1,2025,4,CRM
2025-01-21 00:00:00-05:00,328.8832213482013,329.0030282134652,321.9441429975907,326.3272399902344,6397200,0.0,0.0,0.007024816504179743,0.011581685435577737,5330605.0,330.3005126953125,0,21,1,2025,1,CRM
2025-01-22 00:00:00-05:00,330.73032920395195,334.7040962794045,326.766556190629,332.0981750488281,7259300,0.0,0.0,0.01768450301227209,0.012339787350603653,5322400.0,330.12029418945315,0,22,1,2025,2,CRM
2025-01-23 00:00:00-05:00,331.8086175572468,334.93371199673885,329.082919961802,334.1349792480469,4355900,0.0,0.0,0.006133138789212733,0.011276816250845423,4793580.0,329.67149963378904,0,23,1,2025,3,CRM
2025-01-24 00:00:00-05:00,335.77238752036175,338.11870684449633,331.26948370010876,333.356201171875,3299100,0.0,0.0,-0.0023307289704432854,0.011277500799874052,4692020.0,329.22120666503906,0,24,1,2025,4,CRM
2025-01-27 00:00:00-05:00,331.838584122733,352.595977622281,329.9815166875583,346.55548095703125,15661100,0.0,0.0,0.03959512299083001,0.014494896873301409,5384525.0,329.3544982910156,0,27,1,2025,0,CRM
2025-01-28 00:00:00-05:00,354.2134182790483,366.5140977126919,349.91018233666136,359.38531494140625,12099300,0.0,0.0,0.037021010168255764,0.016473685794095572,5815325.0,330.2645690917969,0,28,1,2025,1,CRM
2025-01-29 00:00:00-05:00,358.197183326013,359.61493855219146,350.9485631393174,353.44464111328125,6266700,0.0,0.0,-0.016530096197986177,0.01681716094400739,5967640.0,331.0408477783203,0,29,1,2025,2,CRM
2025-01-30 00:00:00-05:00,340.36518121738453,347.4540486486976,339.4665992544747,343.031005859375,7591100,0.0,0.0,-0.029463271026278215,0.018146592495220583,6176640.0,331.4317337036133,0,30,1,2025,3,CRM
2025-01-31 00:00:00-05:00,347.45404456584396,348.95169130966224,339.5664444756745,341.1639404296875,5781500,0.0,0.0,-0.005442847433018594,0.018168569472704135,6314415.0,331.7996566772461,0,31,1,2025,4,CRM
2025-02-03 00:00:00-05:00,335.442935099346,340.9243126961385,330.7403326281618,338.7077941894531,4549400,0.0,0.0,-0.007199313729173484,0.018054072638300223,6301530.0,332.22798309326174,0,3,2,2025,0,CRM
2025-02-04 00:00:00-05:00,345.0777868508545,346.3857292867263,338.13870828499415,343.6001281738281,4965600,0.0,0.0,0.014444113977603035,0.018253793534869497,6344750.0,332.7891021728516,0,4,2,2025,1,CRM
2025-02-05 00:00:00-05:00,345.1776308836324,347.4939985481554,338.33837116478117,347.3841552734375,4521000,0.0,0.0,0.011012880349378085,0.01823676167995179,6281535.0,333.65773620605466,0,5,2,2025,2,CRM
2025-02-06 00:00:00-05:00,336.9505649903077,336.9505649903077,328.5837068417829,330.291015625,13240600,0.0,0.0,-0.04920529445271593,0.021246621505531197,6711410.0,333.9512741088867,0,6,2,2025,3,CRM
2025-02-07 00:00:00-05:00,331.4791509101466,333.2963029658161,323.2121419797298,325.3188171386719,7626100,0.0,0.0,-0.015053992543270889,0.021510730202669644,6903305.0,333.8978576660156,0,7,2,2025,4,CRM
2025-02-10 00:00:00-05:00,327.40557823833285,331.229556394561,326.1375510915405,326.68670654296875,5981900,0.0,0.0,0.00420476570131445,0.020504579155043848,6875400.0,334.3646240234375,0,10,2,2025,0,CRM
2025-02-11 00:00:00-05:00,323.511674023643,325.9278909908407,320.75602456657055,323.8910827636719,5455900,0.0,0.0,-0.00855750700382163,0.020621998812636533,6919045.0,334.63070526123045,0,11,2,2025,1,CRM
2025-02-12 00:00:00-05:00,319.04866782765345,326.4869922236883,316.47272881861215,325.6083679199219,5643400,0.0,0.0,0.005302045186291959,0.02042455725394564,6904455.0,334.7595016479492,0,12,2,2025,2,CRM
2025-02-13 00:00:00-05:00,325.6882821229557,329.83176566798056,322.7129460637138,329.3325500488281,4312100,0.0,0.0,0.01143761185468728,0.020471712154220095,6817925.0,335.19332122802734,0,13,2,2025,3,CRM
2025-02-14 00:00:00-05:00,327.5153932522538,327.9846571464112,322.1138766730216,326.0277404785156,5879700,0.0,0.0,-0.010034870740297408,0.020606651248278627,6859525.0,335.5198089599609,0,14,2,2025,4,CRM
2025-02-18 00:00:00-05:00,328.07449403417615,328.6436071130069,322.4932674580618,328.44390869140625,5262100,0.0,0.0,0.00741092831347534,0.020434981430388265,6807450.0,335.7394622802734,0,18,2,2025,1,CRM
2025-02-19 00:00:00-05:00,329.2226920103075,329.2226920103075,322.36347458578314,324.0208740234375,5012000,0.0,0.0,-0.01346663631422218,0.02062312432651054,6738190.0,335.62414398193357,0,19,2,2025,2,CRM
2025-02-20 00:00:00-05:00,321.7344710023348,323.9410259670334,317.71079434924746,317.9304504394531,6393100,0.0,0.0,-0.018796392677910778,0.020575774375552382,6694880.0,334.91575775146487,0,20,2,2025,3,CRM
2025-02-21 00:00:00-05:00,318.4695920960611,318.4695920960611,306.37857476100606,309.31396484375,7353200,0.0,0.0,-0.027101794067831975,0.021218424099061953,6844745.0,333.67470703125,0,21,2,2025,4,CRM
2025-02-24 00:00:00-05:00,311.021301560781,312.2393887993077,303.04381584325995,307.8363037109375,6652900,0.0,0.0,-0.004777220884802036,0.02121754475963934,7012435.0,332.3987121582031,0,24,2,2025,0,CRM
2025-02-25 00:00:00-05:00,305.76956116066566,307.9361703149876,300.1483885162575,305.400146484375,7360100,0.0,0.0,-0.00791380742685266,0.018607056961135602,6597385.0,330.3409454345703,0,25,2,2025,1,CRM
2025-02-26 00:00:00-05:00,312.16949457690515,313.2078715295735,305.9692455167355,306.84783935546875,12638500,0.0,0.0,0.004740314920470556,0.015864436603929128,6624345.0,327.7140716552734,0,26,2,2025,2,CRM
2025-02-27 00:00:00-05:00,295.87509074167843,304.441647286169,292.21086539247926,294.4373474121094,16691400,0.0,0.0,-0.04044510129003187,0.017389096414792762,7145580.0,324.76370697021486,0,27,2,2025,3,CRM
2025-02-28 00:00:00-05:00,295.4957017923792,301.506277368641,291.6916811986876,297.38275146484375,10863100,0.0,0.0,0.01000350016267415,0.017176205985721747,7309180.0,322.4812942504883,0,28,2,2025,4,CRM
2025-03-03 00:00:00-05:00,300.5277965508659,302.5945564843929,290.6033878085867,292.6002502441406,6298200,0.0,0.0,-0.016081972465267547,0.01729072492637222,7335015.0,320.05310974121096,0,3,3,2025,0,CRM
2025-03-04 00:00:00-05:00,289.5450518753166,291.19245728342526,281.7972159093136,286.88922119140625,9096300,0.0,0.0,-0.01951819606432048,0.017497484498259937,7562360.0,317.4621810913086,0,4,3,2025,1,CRM
2025-03-05 00:00:00-05:00,286.76941462216854,292.22084052134073,285.171918585169,291.511962890625,6612600,0.0,0.0,0.016113333502113525,0.01761436711238202,7644710.0,314.85777282714844,0,5,3,2025,2,CRM
2025-03-06 00:00:00-05:00,287.7778299356748,297.612352681382,284.3831395484423,285.6012268066406,10396800,0.0,0.0,-0.02027613558419239,0.017218472982014742,7938500.0,311.7686264038086,0,6,3,2025,3,CRM
2025-03-07 00:00:00-05:00,282.73575114867356,287.85770828354424,274.7383376379856,282.44622802734375,8248100,0.0,0.0,-0.01104686704106106,0.014498300961305704,7688875.0,309.37638702392576,0,7,3,2025,4,CRM
2025-03-10 00:00:00-04:00,276.5354850062824,277.9133249091515,270.2952901343763,272.47186279296875,10040200,0.0,0.0,-0.035314209377260264,0.015697873011672712,7809580.0,306.7340393066406,0,10,3,2025,0,CRM
2025-03-11 00:00:00-04:00,273.2905938998123,280.01004695842477,271.57329098801176,276.6153564453125,8313400,0.0,0.0,0.015207051509359193,0.016353227274574802,7926155.0,304.2304718017578,0,11,3,2025,1,CRM
2025-03-12 00:00:00-04:00,281.40784717518386,285.48143317107434,278.65216724079437,284.133544921875,7463900,0.0,0.0,0.027179215836662607,0.018159641262682127,8026555.0,302.24259490966796,0,12,3,2025,2,CRM
2025-03-13 00:00:00-04:00,281.60751363425396,282.11672330715874,269.3268218064916,271.3136901855469,9494500,0.0,0.0,-0.04511911727935203,0.01987318542201823,8219110.0,299.5278610229492,0,13,3,2025,3,CRM
2025-03-14 00:00:00-04:00,274.5685787557238,279.4509219270553,272.2522110694925,278.961669921875,6976900,0.0,0.0,0.028188698222702202,0.02109067541854251,8352350.0,297.0093170166016,0,14,3,2025,4,CRM
2025-03-17 00:00:00-04:00,276.9348678499699,282.286475134554,275.6468830203118,280.3095703125,4484300,0.0,0.0,0.004831848013393758,0.021278281234977384,8282580.0,294.7234085083008,0,17,3,2025,0,CRM
2025-03-18 00:00:00-04:00,279.5807095098069,280.0599674820782,275.5071233894646,278.2927551269531,5881700,0.0,0.0,-0.007194956573542743,0.020995245298285524,8313560.0,292.2158508300781,0,18,3,2025,1,CRM
2025-03-19 00:00:00-04:00,277.064671505962,281.7772682184731,276.85500947525827,278.95172119140625,5245400,0.0,0.0,0.0023678879608364234,0.021078209030520597,8325230.0,289.96239318847654,0,19,3,2025,2,CRM
2025-03-20 00:00:00-04:00,276.6253439691466,282.43622082669253,276.6253439691466,278.5922546386719,5504700,0.0,0.0,-0.0012886335714262787,0.020936418751258148,8280810.0,287.9954833984375,0,20,3,2025,3,CRM
2025-03-21 00:00:00-04:00,275.7766634429021,281.4078298367078,273.62004847099996,280.17974853515625,9804100,0.0,0.0,0.0056982700346186466,0.02050742359622144,8403355.0,286.5387725830078,0,21,3,2025,4,CRM
2025-03-24 00:00:00-04:00,283.2948645300972,286.31014631422994,282.7756912649412,285.5113830566406,6763800,0.0,0.0,0.019029335808028236,0.02118441578603428,8408900.0,285.42252655029296,0,24,3,2025,0,CRM
2025-03-25 00:00:00-04:00,285.1619328319852,289.99436686388816,285.1619328319852,288.1572265625,4301700,0.0,0.0,0.009267033340434327,0.021345539103879232,8255980.0,284.56038055419924,0,25,3,2025,1,CRM
2025-03-26 00:00:00-04:00,287.8876389885289,288.58655299319315,279.1413722167594,280.5491638183594,5070300,0.0,0.0,-0.026402470744527617,0.0219041294290859,7877570.0,283.2454467773438,0,26,3,2025,2,CRM
2025-03-27 00:00:00-04:00,280.0999042372176,280.45932485256026,275.5770120092714,277.3741760253906,3757200,0.0,0.0,-0.011317046002761844,0.020278176242354704,7230860.0,282.3922882080078,0,27,3,2025,3,CRM
2025-03-28 00:00:00-04:00,276.2758949586917,276.7751105697831,268.7677031369699,269.5464782714844,4973400,0.0,0.0,-0.02822071566312545,0.020804049611173523,6936375.0,281.00047454833987,0,28,3,2025,4,CRM
2025-03-31 00:00:00-04:00,264.13497474014133,268.02888098707905,258.78339787085633,267.9389953613281,7585800,0.0,0.0,-0.0059636576239634476,0.020634904101174786,7000755.0,279.76741180419924,0,31,3,2025,0,CRM
2025-04-01 00:00:00-04:00,268.4381984224673,270.395145517143,265.40298950568865,269.776123046875,4598200,0.0,0.0,0.006856514793859736,0.020445591714784304,6775850.0,278.91175689697263,0,1,4,2025,1,CRM
2025-04-02 00:00:00-04:00,265.54275057259247,273.20073120113113,265.33308855435763,271.114013671875,5396900,0.0,0.0,0.004959262554038224,0.020048791502451514,6715065.0,277.89185943603513,0,2,4,2025,2,CRM
2025-04-03 00:00:00-04:00,259.73190590644856,262.15808639956623,254.05081472979737,254.82958984375,8872600,0.0,0.0,-0.06006485466234057,0.023487789106766483,6638855.0,276.3532775878906,0,3,4,2025,3,CRM
2025-04-04 00:00:00-04:00,247.31140876687937,249.89734195588392,239.15422757318362,240.38229370117188,9705000,0.0,0.0,-0.05669395046091996,0.026132518674487282,6711700.0,274.25008087158204,0,4,4,2025,4,CRM
2025-04-07 00:00:00-04:00,229.63917504194276,252.5531679393751,229.63917504194276,243.82688903808594,11965200,0.0,0.0,0.01432965500028116,0.025726057090529372,6807950.0,272.8178321838379,0,7,4,2025,0,CRM
2025-04-08 00:00:00-04:00,253.55160518583386,256.98622625389385,239.89307341360578,243.60723876953125,9340300,0.0,0.0,-0.0009008451423107022,0.025301619699712473,6859295.0,271.1674263000488,0,8,4,2025,1,CRM
2025-04-09 00:00:00-04:00,240.52208235006336,267.74932207428515,240.52208235006336,264.7540283203125,12491100,0.0,0.0,0.08680690137778502,0.032036565334476796,7110655.0,270.1984504699707,0,9,4,2025,2,CRM
2025-04-10 00:00:00-04:00,260.0,261.239990234375,248.1300048828125,255.1199951171875,9692300,0.416,0.0,-0.03638861800988069,0.031487827979828485,7120545.0,269.3887657165527,0,10,4,2025,3,CRM
2025-04-11 00:00:00-04:00,254.27000427246094,256.4100036621094,247.67999267578125,255.0,6089000,0.0,0.0,-0.000470347755895717,0.030653770930332967,7076150.0,268.190682220459,0,11,4,2025,4,CRM
2025-04-14 00:00:00-04:00,260.0,260.0,253.13999938964844,254.5500030517578,6038100,0.0,0.0,-0.0017646939146752638,0.030588730445770096,7153840.0,266.9027038574219,0,14,4,2025,0,CRM
2025-04-15 00:00:00-04:00,254.3699951171875,256.7200012207031,253.8000030517578,254.92999267578125,5227700,0.0,0.0,0.0014927897052359196,0.030608149899010992,7121140.0,265.7345657348633,0,15,4,2025,1,CRM
2025-04-16 00:00:00-04:00,251.92999267578125,256.6099853515625,246.69000244140625,249.83999633789062,7190900,0.0,0.0,-0.019966251457764206,0.030773128197919646,7218415.0,264.2789794921875,0,16,4,2025,2,CRM
2025-04-17 00:00:00-04:00,249.77000427246094,251.55999755859375,246.8000030517578,247.25999450683594,5564400,0.0,0.0,-0.010326616510053954,0.030781343812577237,7221400.0,262.7123664855957,0,17,4,2025,3,CRM
2025-04-21 00:00:00-04:00,240.42999267578125,242.47999572753906,232.77000427246094,236.25999450683594,9240000,0.0,0.0,-0.04448758490810323,0.03184735687526652,7193195.0,260.51637878417966,0,21,4,2025,0,CRM
2025-04-22 00:00:00-04:00,238.22999572753906,244.22000122070312,235.60000610351562,243.38999938964844,7145300,0.0,0.0,0.03017863814690891,0.03243770457288583,7212270.0,258.4103096008301,0,22,4,2025,1,CRM
2025-04-23 00:00:00-04:00,252.61000061035156,257.7900085449219,249.5,250.47999572753906,5818900,0.0,0.0,0.029130187582358635,0.03327000009518553,7288130.0,256.52644805908204,0,23,4,2025,2,CRM
2025-04-24 00:00:00-04:00,258.20001220703125,264.9800109863281,257.0,264.70001220703125,7857600,0.0,0.0,0.05677106644061136,0.03575181479254711,7427495.0,255.73399047851564,0,24,4,2025,3,CRM
2025-04-25 00:00:00-04:00,264.7200012207031,269.0299987792969,264.20001220703125,267.8500061035156,5651700,0.0,0.0,0.011900240843285781,0.03582055703154863,7522220.0,255.25778198242188,0,25,4,2025,4,CRM
2025-04-28 00:00:00-04:00,268.1499938964844,269.5,263.3299865722656,265.6400146484375,4977700,0.0,0.0,-0.008250854600406643,0.03530054333122073,7522435.0,255.06245880126954,0,28,4,2025,0,CRM
2025-04-29 00:00:00-04:00,265.3999938964844,268.5799865722656,265.1700134277344,267.760009765625,3139800,0.0,0.0,0.007980706972905427,0.03531722510229562,7300135.0,255.0535095214844,0,29,4,2025,1,CRM
2025-04-30 00:00:00-04:00,264.79998779296875,268.8699951171875,263.0,268.7099914550781,4624100,0.0,0.0,0.003547884877523888,0.03529389349739583,7301430.0,255.00020294189454,0,30,4,2025,2,CRM
2025-05-01 00:00:00-04:00,273.3999938964844,274.6000061035156,269.0,269.3299865722656,5208900,0.0,0.0,0.002307302061341998,0.03528079923941123,7292030.0,254.91100158691407,0,1,5,2025,3,CRM
2025-05-02 00:00:00-04:00,274.4599914550781,276.32000732421875,272.25,275.0799865722656,4323400,0.0,0.0,0.021349275189070704,0.032545337820232514,7064570.0,255.92352142333985,0,2,5,2025,4,CRM
2025-05-05 00:00:00-04:00,273.3699951171875,276.1700134277344,272.30999755859375,272.6300048828125,4219600,0.0,0.0,-0.008906433797609248,0.029435158850041006,6790300.0,257.53590698242186,0,5,5,2025,0,CRM
2025-05-06 00:00:00-04:00,269.82000732421875,274.79998779296875,268.5400085449219,273.3599853515625,4681600,0.0,0.0,0.0026775499969777794,0.029391826794004858,6426120.0,259.0125617980957,0,6,5,2025,1,CRM
2025-05-07 00:00:00-04:00,273.7099914550781,278.7900085449219,273.7099914550781,278.2300109863281,4267600,0.0,0.0,0.0178154298205071,0.029453943902197653,6172485.0,260.7437004089355,0,7,5,2025,2,CRM
2025-05-08 00:00:00-04:00,279.2099914550781,283.04998779296875,278.3800048828125,279.739990234375,4789900,0.0,0.0,0.00542708977616746,0.02270720445125338,5787425.0,261.49299850463865,0,8,5,2025,3,CRM
2025-05-09 00:00:00-04:00,281.6199951171875,282.4800109863281,273.8800048828125,275.4200134277344,4324200,0.0,0.0,-0.015442828903444283,0.02122985589471302,5519020.0,262.507999420166,0,9,5,2025,4,CRM
2025-05-12 00:00:00-04:00,285.0,288.9700012207031,283.2300109863281,288.82000732421875,5937400,0.0,0.0,0.04865294184585567,0.023409340029994015,5511440.0,264.19899978637693,0,12,5,2025,0,CRM
2025-05-13 00:00:00-04:00,291.0,292.739990234375,288.92999267578125,289.1700134277344,6711600,0.0,0.0,0.0012118485376351185,0.02336341905843685,5545115.0,265.9300003051758,0,13,5,2025,1,CRM
2025-05-14 00:00:00-04:00,293.5,296.04998779296875,289.260009765625,290.739990234375,7926200,0.0,0.0,0.00542925176794995,0.023334221217996862,5680040.0,267.72050018310546,0,14,5,2025,2,CRM
2025-05-15 00:00:00-04:00,289.57000732421875,291.9700012207031,287.95001220703125,290.760009765625,4635600,0.0,0.0,6.88571642100122e-05,0.022538897734796583,5552275.0,269.76650085449216,0,15,5,2025,3,CRM
2025-05-16 00:00:00-04:00,291.0899963378906,292.1700134277344,289.7200012207031,291.1499938964844,3839100,0.0,0.0,0.0013412577994260655,0.022191942668344178,5466010.0,271.9610008239746,0,16,5,2025,4,CRM
