Date,Open,High,Low,Close,Volume,Dividends,Stock Splits,Returns,Volatility,Volume_MA,Price_MA,Hour,Day,Month,Year,DayOfWeek,Ticker
2020-05-18 00:00:00-04:00,8.7283406684085,8.883768138306543,8.648634419769518,8.718128204345703,774460000,0.0,0.0,,,,,0,18,5,2020,0,NVDA
2020-05-19 00:00:00-04:00,8.757982920775056,9.054141581914417,8.730583714666999,8.773177146911621,717320000,0.0,0.0,0.006314307529737606,,,,0,19,5,2020,1,NVDA
2020-05-20 00:00:00-04:00,8.957997486682501,9.00980665921957,8.856122710393995,8.937074661254883,587536000,0.0,0.0,0.018681660201168793,,,,0,20,5,2020,2,NVDA
2020-05-21 00:00:00-04:00,9.018274002825928,9.019269784718198,8.705426507238712,8.743038177490234,761068000,0.0,0.0,-0.02171140905937141,,,,0,21,5,2020,3,NVDA
2020-05-22 00:00:00-04:00,8.792853995602819,9.059621877759398,8.681265611055084,8.99311637878418,1038764000,0.0,0.0,0.02860312356153205,,,,0,22,5,2020,4,NVDA
2020-05-26 00:00:00-04:00,9.123136729161354,9.148045528175322,8.640166375836815,8.685748100280762,770780000,0.0,0.0,-0.03417817201037632,,,,0,26,5,2020,1,NVDA
2020-05-27 00:00:00-04:00,8.593339012702568,8.601060122818971,7.967395095749297,8.493955612182617,1175892000,0.0,0.0,-0.022081286019789648,,,,0,27,5,2020,2,NVDA
2020-05-28 00:00:00-04:00,8.381370278290833,8.728342326374072,8.348491420727514,8.455846786499023,734896000,0.0,0.0,-0.0044865816850909734,,,,0,28,5,2020,3,NVDA
2020-05-29 00:00:00-04:00,8.523099422935942,8.842921257019043,8.453854560503746,8.842921257019043,745256000,0.0,0.0,0.045775956009283414,,,,0,29,5,2020,4,NVDA
2020-06-01 00:00:00-04:00,8.80082614530249,8.808298311260515,8.657603613340257,8.773924827575684,389876000,0.0,0.0,-0.007802447566588211,,,,0,1,6,2020,0,NVDA
2020-06-02 00:00:00-04:00,8.763962380549906,8.804811298562834,8.626219498349856,8.792855262756348,391320000,0.0,0.0,0.002157578911682334,,,,0,2,6,2020,1,NVDA
2020-06-03 00:00:00-04:00,8.789868329853283,8.833706501161108,8.668066493110993,8.737311363220215,365440000,0.0,0.0,-0.006316935497778342,,,,0,3,6,2020,2,NVDA
2020-06-04 00:00:00-04:00,8.699931932671204,8.914489740688241,8.649594415689263,8.738308906555176,424280000,0.004,0.0,0.000114170514645906,,,,0,4,6,2020,3,NVDA
2020-06-05 00:00:00-04:00,8.766217431862364,8.96806558794157,8.679995446646968,8.891313552856445,481748000,0.0,0.0,0.017509640359187895,,,,0,5,6,2020,4,NVDA
2020-06-08 00:00:00-04:00,8.848698945943744,8.861158553658532,8.657815132077493,8.776681900024414,387736000,0.0,0.0,-0.01289254418377861,,,,0,8,6,2020,0,NVDA
2020-06-09 00:00:00-04:00,8.771699486873592,9.080452938826516,8.723106342386192,9.016907691955566,468488000,0.0,0.0,0.02737091245502299,,,,0,9,6,2020,1,NVDA
2020-06-10 00:00:00-04:00,9.138267568619577,9.46944872038575,9.12406264265796,9.336627006530762,632180000,0.0,0.0,0.0354577561951126,,,,0,10,6,2020,2,NVDA
2020-06-11 00:00:00-04:00,9.120572123559084,9.231464254182418,8.75774342237057,8.767960548400879,583652000,0.0,0.0,-0.06090705537793395,,,,0,11,6,2020,3,NVDA
2020-06-12 00:00:00-04:00,9.133036087379319,9.157706254255888,8.675262471052466,8.903775215148926,570908000,0.0,0.0,0.015489881141494966,,,,0,12,6,2020,4,NVDA
2020-06-15 00:00:00-04:00,8.786899549623122,9.15271886327654,8.715628726053437,9.144246101379395,400004000,0.0,0.0,0.02700774451508292,,620080200.0,8.826145935058594,0,15,6,2020,0,NVDA
2020-06-16 00:00:00-04:00,9.195330819969957,9.23694649746912,8.810322587730733,9.03933334350586,535716000,0.0,0.0,-0.011473089931132718,0.025908897042359078,608143000.0,8.8422061920166,0,16,6,2020,1,NVDA
2020-06-17 00:00:00-04:00,9.08444047440057,9.269094037882377,9.041079473800002,9.206296920776367,408304000,0.0,0.0,0.018470784395893558,0.026153626507139763,592692200.0,8.86386218070984,0,17,6,2020,2,NVDA
2020-06-18 00:00:00-04:00,9.197325372464938,9.252646909884222,9.085186992478928,9.1883544921875,254408000,0.0,0.0,-0.0019489300359599726,0.02589734654745905,576035800.0,8.876426172256469,0,18,6,2020,3,NVDA
2020-06-19 00:00:00-04:00,9.21277449670793,9.414622606088821,9.197573338557122,9.231463432312012,524160000,0.0,0.0,0.004691693181969159,0.025306914495861282,564190400.0,8.900847434997559,0,19,6,2020,4,NVDA
2020-06-22 00:00:00-04:00,9.270088876055398,9.500594923420252,9.243424348527348,9.496109008789062,398468000,0.0,0.0,0.028667781486382493,0.025310357491858056,532175600.0,8.925997066497803,0,22,6,2020,0,NVDA
2020-06-23 00:00:00-04:00,9.520282163699129,9.611488167064309,9.377244305276504,9.419607162475586,375108000,0.0,0.0,-0.008056125539699588,0.023925251607187514,512392000.0,8.962690019607544,0,23,6,2020,1,NVDA
2020-06-24 00:00:00-04:00,9.445775194059264,9.525767857200591,9.115092146564251,9.20580005645752,449372000,0.0,0.0,-0.022698091579636093,0.0239614685123303,476066000.0,8.99828224182129,0,24,6,2020,2,NVDA
2020-06-25 00:00:00-04:00,9.325662340438853,9.474432388422377,9.152720249131848,9.459480285644531,376072000,0.0,0.0,0.027556565168832314,0.02440965064972456,458124800.0,9.048463916778564,0,25,6,2020,3,NVDA
2020-06-26 00:00:00-04:00,9.469448669975863,9.469448669975863,9.095654643529448,9.125557899475098,592084000,0.0,0.0,-0.035300288819903325,0.024171443271792208,450466200.0,9.062595748901368,0,26,6,2020,4,NVDA
2020-06-29 00:00:00-04:00,9.140262604068203,9.17490084160167,8.871379459019321,9.170414924621582,342248000,0.0,0.0,0.004915537837863582,0.02407108905739091,448084800.0,9.082420253753662,0,29,6,2020,0,NVDA
2020-06-30 00:00:00-04:00,9.2840458445988,9.495612994745153,9.23669894916683,9.467205047607422,367892000,0.0,0.0,0.03236387071090863,0.024979564888170862,446913400.0,9.116137742996216,0,30,6,2020,1,NVDA
2020-07-01 00:00:00-04:00,9.490129655526301,9.544953070141963,9.382726259130546,9.499349594116211,326648000,0.0,0.0,0.0033953575893987953,0.02486255054586903,444973800.0,9.154239654541016,0,1,7,2020,2,NVDA
2020-07-02 00:00:00-04:00,9.607999601931159,9.706183063471682,9.547444974602962,9.58133602142334,364056000,0.0,0.0,0.008630741135994269,0.024856650174633604,441962600.0,9.196391010284424,0,2,7,2020,3,NVDA
2020-07-06 00:00:00-04:00,9.710418519612443,9.8768812346395,9.681262448454584,9.807604789733887,315892000,0.0,0.0,0.02361557592851593,0.02505621025506799,433669800.0,9.242205572128295,0,6,7,2020,0,NVDA
2020-07-07 00:00:00-04:00,9.91426254954942,10.037614299989889,9.819069687770009,9.840002059936523,357800000,0.0,0.0,0.0033032805559771727,0.02469926697524721,432173000.0,9.295371580123902,0,7,7,2020,1,NVDA
2020-07-08 00:00:00-04:00,9.961607483001048,10.192114491729383,9.933448599888964,10.18314266204834,365480000,0.0,0.0,0.034872005109522375,0.025094211921463182,427022600.0,9.35368332862854,0,8,7,2020,2,NVDA
2020-07-09 00:00:00-04:00,10.346866776450545,10.53600625328091,10.200588280241728,10.475202560424805,494548000,0.0,0.0,0.028680723433733846,0.024724256435628596,420141000.0,9.410612106323242,0,9,7,2020,3,NVDA
2020-07-10 00:00:00-04:00,10.554694866902343,10.620980703875492,10.345370220590507,10.445547103881836,497676000,0.0,0.0,-0.00283101509225292,0.019248865754877446,415842200.0,9.49449143409729,0,10,7,2020,4,NVDA
2020-07-13 00:00:00-04:00,10.560926145450688,10.75754119269287,9.992758651355837,10.01992130279541,457076000,0.0,0.0,-0.04074710466130127,0.022136836242722627,410150600.0,9.550298738479615,0,13,7,2020,0,NVDA
2020-07-14 00:00:00-04:00,10.042596323567997,10.369292410523117,9.754027185513412,10.34362506866455,542676000,0.0,0.0,0.032306018788673674,0.02242927725686976,417284200.0,9.610267686843873,0,14,7,2020,1,NVDA
2020-07-15 00:00:00-04:00,10.38075575724131,10.399444692457333,10.023408296319051,10.194356918334961,403984000,0.0,0.0,-0.014430932031922694,0.02256282791545688,410697600.0,9.668018865585328,0,15,7,2020,2,NVDA
2020-07-16 00:00:00-04:00,9.982789851843794,10.173922714885514,9.863674030993504,10.102154731750488,344964000,0.0,0.0,-0.009044433829724308,0.022618715256782686,407530600.0,9.712811756134034,0,16,7,2020,3,NVDA
2020-07-17 00:00:00-04:00,10.192613661861978,10.215539455329925,10.055307009529447,10.16869068145752,266284000,0.0,0.0,0.00658631267029719,0.02256320002911744,408124400.0,9.761828565597535,0,17,7,2020,4,NVDA
2020-07-20 00:00:00-04:00,10.241207637017371,10.497381084457215,10.12408521745937,10.476946830749512,284852000,0.0,0.0,0.030314241916522544,0.023242604960610966,396159000.0,9.824102735519409,0,20,7,2020,0,NVDA
2020-07-21 00:00:00-04:00,10.479188735913805,10.526038461641557,10.253666681461006,10.295282363891602,277036000,0.0,0.0,-0.017339447244757444,0.023220784801898053,390087400.0,9.864061403274537,0,21,7,2020,1,NVDA
2020-07-22 00:00:00-04:00,10.334157256120164,10.568401127424853,10.258401467746838,10.40517807006836,367292000,0.0,0.0,0.010674375145085069,0.02307326491474881,389696600.0,9.913339948654174,0,22,7,2020,2,NVDA
2020-07-23 00:00:00-04:00,10.416391380696087,10.51307953896417,9.998988320073043,10.097171783447266,411660000,0.0,0.0,-0.029601250891333364,0.023559716650268486,387811000.0,9.957908535003662,0,23,7,2020,3,NVDA
2020-07-24 00:00:00-04:00,9.84324209323585,10.331416970601573,9.745557686182647,10.161714553833008,473292000,0.0,0.0,0.006392163248281957,0.022955891001538067,392672000.0,9.993020248413085,0,24,7,2020,4,NVDA
2020-07-27 00:00:00-04:00,10.199341982067489,10.408167564338216,10.184887999937322,10.387983322143555,292132000,0.0,0.0,0.02226679042319657,0.02134260195799212,377674400.0,10.05614151954651,0,27,7,2020,0,NVDA
2020-07-28 00:00:00-04:00,10.340884805528349,10.348609438939764,10.176415515634673,10.182644844055176,271636000,0.0,0.0,-0.01976692411997516,0.02215053267215687,374143800.0,10.106753015518189,0,28,7,2020,1,NVDA
2020-07-29 00:00:00-04:00,10.357333253377416,10.482429371286324,10.3137241436091,10.431842803955078,284508000,0.0,0.0,0.024472812684357637,0.02171244935688311,369974600.0,10.15498490333557,0,29,7,2020,2,NVDA
2020-07-30 00:00:00-04:00,10.341632833422555,10.58883538202943,10.26213925755088,10.579864501953125,308880000,0.0,0.0,0.014189410325654794,0.02180214293777365,369086200.0,10.209010648727418,0,30,7,2020,3,NVDA
2020-07-31 00:00:00-04:00,10.529277490561459,10.731874707510553,10.399446405844317,10.580612182617188,386080000,0.0,0.0,7.0670154983965e-05,0.021824087077708637,370187400.0,10.25897445678711,0,31,7,2020,4,NVDA
2020-08-03 00:00:00-04:00,10.697985276502742,11.06305748593783,10.680790690184452,10.974842071533203,412720000,0.0,0.0,0.037259648318241245,0.022628495263341108,375028800.0,10.317336320877075,0,3,8,2020,0,NVDA
2020-08-04 00:00:00-04:00,11.01446287126139,11.191640853881836,10.870925928789,11.191640853881836,310336000,0.0,0.0,0.019754159643988967,0.02282796464473426,372655600.0,10.384918260574342,0,4,8,2020,1,NVDA
2020-08-05 00:00:00-04:00,11.207840117330324,11.335178722582281,11.130339953317211,11.250452041625977,249924000,0.0,0.0,0.005254920928216,0.021843947615468838,366877800.0,10.438283729553223,0,5,8,2020,2,NVDA
2020-08-06 00:00:00-04:00,11.31324953798138,11.321473242289862,11.14279993391979,11.29904556274414,244316000,0.0,0.0,0.004319250545522069,0.021134760073823155,354366200.0,10.47947587966919,0,6,8,2020,3,NVDA
2020-08-07 00:00:00-04:00,11.276118212824818,11.467750174407499,11.002003012203462,11.163481712341309,342516000,0.0,0.0,-0.01199781429768021,0.021388684578014454,346608200.0,10.515372610092163,0,7,8,2020,4,NVDA
2020-08-10 00:00:00-04:00,11.297798378444579,11.371559793938696,10.821584094052726,11.1290922164917,427796000,0.0,0.0,-0.0030805349742806243,0.018782810709646363,345144200.0,10.570831155776977,0,10,8,2020,0,NVDA
2020-08-11 00:00:00-04:00,11.03813596736403,11.100934033941547,10.761030146991756,10.815106391906738,354512000,0.0,0.0,-0.02821306702083748,0.019097381696299133,335736000.0,10.594405221939088,0,11,8,2020,1,NVDA
2020-08-12 00:00:00-04:00,10.955404101900573,11.430122179530569,10.923008355606033,11.403458595275879,464412000,0.0,0.0,0.05440096306490538,0.02190033055225701,338757400.0,10.654860305786134,0,12,8,2020,2,NVDA
2020-08-13 00:00:00-04:00,11.508865973672156,11.684051467097131,11.319228399501068,11.406197547912598,374460000,0.0,0.0,0.00024018613421827872,0.02166523070362429,340232200.0,10.720062446594238,0,13,8,2020,3,NVDA
2020-08-14 00:00:00-04:00,11.49291864273222,11.667106964479247,11.403707004210982,11.526809692382812,366436000,0.0,0.0,0.010574264031775193,0.02168625063828617,345239800.0,10.787968397140503,0,14,8,2020,4,NVDA
2020-08-17 00:00:00-04:00,11.813133403388793,12.369837430433478,11.779243310210216,12.297321319580078,621300000,0.0,0.0,0.06684517639832621,0.025071054234842505,362062200.0,10.878987121582032,0,17,8,2020,0,NVDA
2020-08-18 00:00:00-04:00,12.40995959388531,12.45581213323748,12.047379937885205,12.221318244934082,503448000,0.0,0.0,-0.006180457733098499,0.024589123600976048,373382800.0,10.975288915634156,0,18,8,2020,1,NVDA
2020-08-19 00:00:00-04:00,12.256952437629025,12.275392314685204,12.059090218322682,12.09946060180664,622624000,0.0,0.0,-0.00997090826744107,0.024941265506733083,386149400.0,11.06000304222107,0,19,8,2020,2,NVDA
2020-08-20 00:00:00-04:00,11.936486078152017,12.335199207651453,11.840545107530316,12.101951599121094,921388000,0.0,0.0,0.00020587672429628334,0.023429622512846467,411635800.0,11.16024203300476,0,20,8,2020,3,NVDA
2020-08-21 00:00:00-04:00,12.162508569332642,12.767556787011529,12.156029230192898,12.642709732055664,999868000,0.0,0.0,0.04468354781503536,0.02470484313637706,437964600.0,11.284291791915894,0,21,8,2020,4,NVDA
2020-08-24 00:00:00-04:00,12.842314360697754,12.870972315704087,12.467274157202104,12.679340362548828,490564000,0.0,0.0,0.0028973717873381766,0.024630457697860014,447886200.0,11.398859643936158,0,24,8,2020,0,NVDA
2020-08-25 00:00:00-04:00,12.590128087439712,12.720208228124914,12.533311244809951,12.70899486541748,289076000,0.0,0.0,0.002338804860562149,0.02368827007585615,448758200.0,11.525177145004273,0,25,8,2020,1,NVDA
2020-08-26 00:00:00-04:00,12.75808761631162,12.827115016695679,12.636978341740189,12.731922149658203,321244000,0.0,0.0,0.0018040202615166034,0.023572045274745945,450595000.0,11.64018111228943,0,26,8,2020,2,NVDA
2020-08-27 00:00:00-04:00,12.74039093256148,12.808671134255897,12.526082281467248,12.587634086608887,317604000,0.0,0.0,-0.011332779242071434,0.024034977496733084,451031200.0,11.740569591522217,0,27,8,2020,3,NVDA
2020-08-28 00:00:00-04:00,12.634235653075363,13.105713994381041,12.60183991135932,13.105464935302734,537160000,0.0,0.0,0.0411380601891449,0.024968652456651693,458585200.0,11.866812229156494,0,28,8,2020,4,NVDA
2020-08-31 00:00:00-04:00,13.140353802146526,13.531342380353253,12.995820618913966,13.331487655639648,500840000,0.0,0.0,0.017246448062141484,0.024253641830672124,462991200.0,11.984644508361816,0,31,8,2020,0,NVDA
2020-09-01 00:00:00-04:00,13.44066651527279,13.952917530269286,13.397293496321756,13.780672073364258,511316000,0.004,0.0,0.0336934953793091,0.02474264769042666,473040200.0,12.114096069335938,0,1,9,2020,1,NVDA
2020-09-02 00:00:00-04:00,14.660845707915952,14.683779311477837,13.859440925316628,14.304638862609863,874012000,0.0,0.0,0.038021860360377246,0.025435247934515313,504244600.0,12.266805410385132,0,2,9,2020,2,NVDA
2020-09-03 00:00:00-04:00,13.788398488115515,13.843985707642728,12.841170701150945,12.977521896362305,945128000,0.0,0.0,-0.09277528632452503,0.03465142500965982,539285200.0,12.35072922706604,0,3,9,2020,3,NVDA
2020-09-04 00:00:00-04:00,12.746448173086115,13.136557162328767,11.670597041485369,12.58566951751709,1463684000,0.0,0.0,-0.030194699879878772,0.03542141366817441,595343600.0,12.421838617324829,0,4,9,2020,4,NVDA
2020-09-08 00:00:00-04:00,11.700259355443837,12.51338003337962,11.670098026330473,11.878238677978516,795728000,0.0,0.0,-0.05620923372840447,0.038079437293981194,613740200.0,12.45929594039917,0,8,9,2020,1,NVDA
2020-09-09 00:00:00-04:00,12.363817959051502,12.771874077000696,12.196058807985507,12.677899360656738,736200000,0.0,0.0,0.06732148632109425,0.03978489939299411,632824600.0,12.55243558883667,0,9,9,2020,2,NVDA
2020-09-10 00:00:00-04:00,12.951348369987782,13.027126819778966,12.131497278506084,12.275825500488281,698684000,0.0,0.0,-0.03171454897458892,0.03923903331712321,644538200.0,12.59605393409729,0,10,9,2020,3,NVDA
2020-09-11 00:00:00-04:00,12.449068884880385,12.61558141288369,11.861039427777566,12.129005432128906,636928000,0.0,0.0,-0.011960097376224166,0.0394021180696309,657661600.0,12.632194328308106,0,11,9,2020,4,NVDA
2020-09-14 00:00:00-04:00,13.042831711985079,13.276148185663597,12.594394075811492,12.83469009399414,1201744000,0.0,0.0,0.0581815768666345,0.041227287305784205,699427000.0,12.697588348388672,0,14,9,2020,0,NVDA
2020-09-15 00:00:00-04:00,13.24124980982187,13.259945289075963,12.79031990895631,12.953093528747559,727556000,0.0,0.0,0.009225266359085937,0.03870239765224654,704739800.0,12.730376958847046,0,15,9,2020,1,NVDA
2020-09-16 00:00:00-04:00,12.919443521878879,13.054548120019335,12.477237981183846,12.477985382080078,556384000,0.0,0.0,-0.036679125771233334,0.039684850232972343,707386600.0,12.743210315704346,0,16,9,2020,2,NVDA
2020-09-17 00:00:00-04:00,12.096849903540244,12.553015449497009,11.999634544799727,12.427133560180664,792512000,0.0,0.0,-0.004075323086404903,0.03961467907177636,715881000.0,12.759593963623047,0,17,9,2020,3,NVDA
2020-09-18 00:00:00-04:00,12.55700438744562,12.595641019737025,11.953770092159134,12.153684616088867,698460000,0.0,0.0,-0.02200418485627198,0.0399799198146948,704734600.0,12.762180614471436,0,18,9,2020,4,NVDA
2020-09-21 00:00:00-04:00,11.890204485124078,12.48596090038017,11.869764119068916,12.48072624206543,721044000,0.0,0.0,0.02690884586091946,0.03914615365268559,690793400.0,12.754081439971923,0,21,9,2020,0,NVDA
2020-09-22 00:00:00-04:00,12.538308131409915,12.611095084373552,12.120032760929606,12.600874900817871,646452000,0.0,0.0,0.009626736170807781,0.03920042148558772,698587800.0,12.750158166885376,0,22,9,2020,1,NVDA
2020-09-23 00:00:00-04:00,12.538806778942002,12.689865432542552,12.044005534485787,12.088375091552734,647012000,0.0,0.0,-0.040671763929016724,0.040255655045937394,716484600.0,12.719127178192139,0,23,9,2020,2,NVDA
2020-09-24 00:00:00-04:00,12.037027014694765,12.532825786759474,11.978946545427723,12.311971664428711,731240000,0.0,0.0,0.018496826180735004,0.04050489805439589,736984400.0,12.698129653930664,0,24,9,2020,3,NVDA
2020-09-25 00:00:00-04:00,12.411180625544045,12.845908325364043,12.210019494133983,12.836186408996582,588016000,0.0,0.0,0.04257764384581986,0.04155346680876732,750505000.0,12.71055727005005,0,25,9,2020,4,NVDA
2020-09-28 00:00:00-04:00,13.002200066684653,13.013666868711299,12.712797153507108,12.996965408325195,573808000,0.0,0.0,0.012525449086336682,0.04060994191045153,752337400.0,12.705132293701173,0,28,9,2020,0,NVDA
2020-09-29 00:00:00-04:00,12.899749699023753,13.403525408409639,12.89551252608824,13.187158584594727,621460000,0.0,0.0,0.014633660265626514,0.0405569861374672,758368400.0,12.697915840148926,0,29,9,2020,1,NVDA
2020-09-30 00:00:00-04:00,13.119108422732165,13.582751766420662,13.111879744629505,13.491020202636719,689184000,0.0,0.0,0.023042235830618152,0.040162684607447235,767261800.0,12.683433246612548,0,30,9,2020,2,NVDA
2020-10-01 00:00:00-04:00,13.717859246463348,13.722594687735775,13.42147577453507,13.574777603149414,525004000,0.0,0.0,0.0062083815200517645,0.03918368007558245,749811400.0,12.646940183639526,0,1,10,2020,3,NVDA
2020-10-02 00:00:00-04:00,13.186410942210593,13.48005101500636,13.01291792169018,13.02413558959961,552496000,0.0,0.0,-0.04056361213770843,0.0342357825925612,730179800.0,12.649270868301391,0,2,10,2020,4,NVDA
2020-10-05 00:00:00-04:00,13.19738071395953,13.604439397742896,13.18416902422678,13.602694511413574,479820000,0.0,0.0,0.04442205917112618,0.03474978214629691,680986600.0,12.700122117996216,0,5,10,2020,0,NVDA
2020-10-06 00:00:00-04:00,13.789645120142664,14.10073500363203,13.625126614622628,13.696417808532715,784420000,0.0,0.0,0.006890053808126018,0.031680054156505315,680421200.0,12.791031074523925,0,6,10,2020,1,NVDA
2020-10-07 00:00:00-04:00,13.958900085638684,14.078051554795485,13.823047156809322,13.923254013061523,418084000,0.0,0.0,0.01656171764762404,0.028521189833175385,664515400.0,12.853298807144165,0,7,10,2020,2,NVDA
2020-10-08 00:00:00-04:00,14.033930941011219,14.043403723419214,13.717856465318311,13.798370361328125,378900000,0.0,0.0,-0.008969429963444187,0.027408522901439938,648526200.0,12.929426050186157,0,8,10,2020,3,NVDA
2020-10-09 00:00:00-04:00,13.726830477949628,13.78391345519388,13.620890687212187,13.7225923538208,346892000,0.0,0.0,-0.005491808490639016,0.027220241052646355,634024400.0,13.009105396270751,0,9,10,2020,4,NVDA
2020-10-12 00:00:00-04:00,13.948679555461162,14.305136468786147,13.871904571381894,14.184489250183105,434744000,0.0,0.0,0.03365959466351831,0.02525298664910647,595674400.0,13.076595354080201,0,12,10,2020,0,NVDA
2020-10-13 00:00:00-04:00,14.25478494025162,14.306633256884707,13.9778453621998,14.20667552947998,344604000,0.0,0.0,0.0015641225359304123,0.02524867416285596,576526800.0,13.139274454116821,0,13,10,2020,1,NVDA
2020-10-14 00:00:00-04:00,14.248801815091685,14.300899264909264,13.919266522252348,14.054121971130371,276100000,0.0,0.0,-0.010738160242559802,0.02361174949349902,562512600.0,13.218081283569337,0,14,10,2020,2,NVDA
2020-10-15 00:00:00-04:00,13.770451780803041,13.964882488285607,13.727577029396095,13.929237365722656,267224000,0.0,0.0,-0.00888597705813643,0.023746375891870678,536248200.0,13.293186473846436,0,15,10,2020,3,NVDA
2020-10-16 00:00:00-04:00,13.995793185410296,14.08029607546171,13.75225556530927,13.771200180053711,242392000,0.0,0.0,-0.011345717035294856,0.02319834120169958,513444800.0,13.374062252044677,0,16,10,2020,4,NVDA
2020-10-19 00:00:00-04:00,13.862432565530234,13.942697326105119,13.367630412305434,13.458365440368652,298068000,0.0,0.0,-0.022716592279166115,0.02355429240850599,492296000.0,13.42294421195984,0,19,10,2020,0,NVDA
2020-10-20 00:00:00-04:00,13.543865864306463,13.759485306727719,13.467589137472377,13.605685234069824,229212000,0.0,0.0,0.010946336266013601,0.02357260292488289,471434000.0,13.473184728622437,0,20,10,2020,1,NVDA
2020-10-21 00:00:00-04:00,13.58524444270825,13.751258713789145,13.43817478593501,13.485286712646484,219596000,0.0,0.0,-0.008849133237468387,0.021361251551052684,450063200.0,13.543030309677125,0,21,10,2020,2,NVDA
2020-10-22 00:00:00-04:00,13.48304162436699,13.572030806496068,13.193139525607359,13.322012901306152,290480000,0.0,0.0,-0.012107552091362939,0.021491954476801984,428025200.0,13.593532371520997,0,22,10,2020,3,NVDA
2020-10-23 00:00:00-04:00,13.410754310920243,13.55358678850794,13.252467942914826,13.5505952835083,233484000,0.0,0.0,0.017158246572463343,0.019784795907175263,410298600.0,13.629252815246582,0,23,10,2020,4,NVDA
2020-10-26 00:00:00-04:00,13.38782188167736,13.652796390775253,13.000455258958455,13.1029052734375,336896000,0.0,0.0,-0.03303840168672589,0.021191092127568478,398453000.0,13.634549808502197,0,26,10,2020,0,NVDA
2020-10-27 00:00:00-04:00,13.267174399254001,13.402778198495477,13.153008451267365,13.357660293579102,250520000,0.0,0.0,0.019442636180698525,0.021384878546211183,379906000.0,13.643074893951416,0,27,10,2020,1,NVDA
2020-10-28 00:00:00-04:00,13.159488585829639,13.2213079455442,12.572207521215867,12.590154647827148,376520000,0.0,0.0,-0.05745808988127099,0.02435892998113013,364272800.0,13.598031616210937,0,28,10,2020,2,NVDA
2020-10-29 00:00:00-04:00,12.80103832931287,13.15425461112847,12.712796542256983,12.985997200012207,320080000,0.0,0.0,0.03144064257013501,0.02549682887482622,354026600.0,13.568592596054078,0,29,10,2020,3,NVDA
2020-10-30 00:00:00-04:00,12.812506859163562,12.898753687334388,12.264111450047963,12.497428894042969,416820000,0.0,0.0,-0.0376227022418254,0.02526960388267194,347242800.0,13.542257261276244,0,30,10,2020,4,NVDA
2020-11-02 00:00:00-05:00,12.620817583408344,12.799295201667675,12.358834557544668,12.544042587280273,299652000,0.0,0.0,0.003729862648750304,0.022881065084724445,338234400.0,13.48932466506958,0,2,11,2020,0,NVDA
2020-11-03 00:00:00-05:00,12.671417759004495,13.066760445964261,12.565976243397154,12.981510162353516,272900000,0.0,0.0,0.034874528847409714,0.02437549490441028,312658400.0,13.45357928276062,0,3,11,2020,1,NVDA
2020-11-04 00:00:00-05:00,13.350181713613207,13.787153497267303,13.298084263597342,13.753999710083008,410228000,0.0,0.0,0.059506909293937094,0.027785998561825002,312265600.0,13.445116567611695,0,4,11,2020,2,NVDA
2020-11-05 00:00:00-05:00,14.121178006847186,14.297162395831098,13.950178192420632,14.118684768676758,319028000,0.0,0.0,0.026514836867882252,0.028327215448467308,309272000.0,13.461132287979126,0,5,11,2020,3,NVDA
2020-11-06 00:00:00-05:00,14.068578472000274,14.546180872786115,13.854455760198293,14.519509315490723,383348000,0.0,0.0,0.02838965196696086,0.02889270954599945,311094800.0,13.500978136062622,0,6,11,2020,4,NVDA
2020-11-09 00:00:00-05:00,14.510039257538223,14.64863362983831,13.571037471841642,13.590978622436523,582976000,0.0,0.0,-0.06395055596428167,0.03159825703525557,318506400.0,13.471302604675293,0,9,11,2020,0,NVDA
2020-11-10 00:00:00-05:00,13.566796863191128,13.566796863191128,12.591401776686265,12.732738494873047,644068000,0.0,0.0,-0.06314777996535581,0.03443672528987259,333479600.0,13.397605752944946,0,10,11,2020,1,NVDA
2020-11-11 00:00:00-05:00,13.015660731924338,13.395798669653004,12.91046834790044,13.3788480758667,404744000,0.0,0.0,0.05074396063767539,0.03656584362214486,339911800.0,13.363842058181763,0,11,11,2020,2,NVDA
2020-11-12 00:00:00-05:00,13.439674311091194,13.725836674928102,13.277149766737725,13.417489051818848,365812000,0.0,0.0,0.0028882139727597345,0.03654084634387849,344841200.0,13.338254642486572,0,12,11,2020,3,NVDA
2020-11-13 00:00:00-05:00,13.587486796722393,13.628865795252274,13.021144322381677,13.258200645446777,346312000,0.0,0.0,-0.011871700118918804,0.03654869841417891,350037200.0,13.312604665756226,0,13,11,2020,4,NVDA
2020-11-16 00:00:00-05:00,13.13406343303605,13.60967182378943,13.11761205786951,13.475813865661621,413776000,0.0,0.0,0.016413480685222304,0.03638642119567848,355822600.0,13.313477087020875,0,16,11,2020,0,NVDA
2020-11-17 00:00:00-05:00,13.512955173882425,13.556577326359829,13.264931263318093,13.383085250854492,312028000,0.0,0.0,-0.006881114248944553,0.03634054016761519,359963400.0,13.302347087860108,0,17,11,2020,1,NVDA
2020-11-18 00:00:00-05:00,13.425962764498502,13.566052899339084,13.146530846666106,13.389569282531738,510924000,0.0,0.0,0.00048449453587928737,0.036283389931747616,374529800.0,13.29756121635437,0,18,11,2020,2,NVDA
2020-11-19 00:00:00-05:00,13.174197256504039,13.448145326416391,13.061776193866837,13.401033401489258,565936000,0.0,0.0,0.0008561977398686693,0.036166135776739564,388302600.0,13.301512241363525,0,19,11,2020,3,NVDA
2020-11-20 00:00:00-05:00,13.414743832829755,13.455125348358738,13.026877983117611,13.049562454223633,341088000,0.0,0.0,-0.02622715254381547,0.03644122077143215,393682800.0,13.276460599899291,0,20,11,2020,4,NVDA
2020-11-23 00:00:00-05:00,13.132818591923678,13.343451549206788,12.977522773424152,13.101659774780273,361356000,0.0,0.0,0.003992265697749797,0.03567350383054794,394905800.0,13.276398324966431,0,23,11,2020,0,NVDA
2020-11-24 00:00:00-05:00,13.104151471570693,13.123594351985645,12.847403134157863,12.919940948486328,346500000,0.0,0.0,-0.013869908806801723,0.0355250991463404,399704800.0,13.254512357711793,0,24,11,2020,1,NVDA
2020-11-25 00:00:00-05:00,12.994474207642163,13.230782205275162,12.982010870157552,13.196133613586426,259916000,0.0,0.0,0.02137723896736965,0.03323798380768026,393874600.0,13.284811305999757,0,25,11,2020,2,NVDA
2020-11-27 00:00:00-05:00,13.3359727492746,13.368378182952382,13.132069267210525,13.222554206848145,167276000,0.0,0.0,0.0020021465404469474,0.03255146422715094,386234400.0,13.296639156341552,0,27,11,2020,4,NVDA
2020-11-30 00:00:00-05:00,13.226296063485327,13.37336572978121,12.934399884436976,13.362397193908691,286952000,0.0,0.0,0.01057609482047872,0.03126849266437779,379741000.0,13.339887571334838,0,30,11,2020,0,NVDA
2020-12-01 00:00:00-05:00,13.452881961765824,13.489275437100785,13.18965138643594,13.350930213928223,296948000,0.0,0.0,-0.0008581529058047099,0.03128601444650808,379605800.0,13.380231952667236,0,1,12,2020,1,NVDA
2020-12-02 00:00:00-05:00,13.311544958763958,13.633602438103843,13.195634124198149,13.504979133605957,283360000,0.0,0.0,0.011538440933278604,0.030482728919238162,380128800.0,13.406405401229858,0,2,12,2020,2,NVDA
2020-12-03 00:00:00-05:00,13.551855309334533,13.624165347184348,13.294034288848101,13.360857963562012,199520000,0.004,0.0,-0.010671706236502931,0.027454755606363273,369593400.0,13.386748313903809,0,3,12,2020,3,NVDA
2020-12-04 00:00:00-05:00,13.413217466602983,13.524425683848758,13.353624616744687,13.522680282592773,202244000,0.0,0.0,0.012111671231898935,0.02687547852355029,363754200.0,13.356948089599609,0,4,12,2020,4,NVDA
2020-12-07 00:00:00-05:00,13.565569046763182,13.695228127223007,13.464584963909067,13.571054458618164,223244000,0.0,0.0,0.003577262422425287,0.025965558286586456,355749000.0,13.309525346755981,0,7,12,2020,0,NVDA
2020-12-08 00:00:00-05:00,13.549362739309682,13.563076745263064,13.246658730666162,13.314979553222656,271920000,0.0,0.0,-0.01886919739187176,0.02206374855252367,340196200.0,13.295725393295289,0,8,12,2020,1,NVDA
2020-12-09 00:00:00-05:00,13.265606747033658,13.378808628052182,12.834490709575546,12.89682674407959,401300000,0.0,0.0,-0.03140469029423776,0.018133812894194763,328057800.0,13.303929805755615,0,9,12,2020,2,NVDA
2020-12-10 00:00:00-05:00,12.835240381567349,13.034466311639912,12.815790806635867,12.93821907043457,207764000,0.0,0.0,0.0032094969697862297,0.013852342363953002,318208800.0,13.281898355484008,0,10,12,2020,3,NVDA
2020-12-11 00:00:00-05:00,12.933231867461886,12.985844070175068,12.78936037349505,12.979111671447754,209264000,0.0,0.0,0.0031606050871890723,0.013857101174197575,310381400.0,13.259979486465454,0,11,12,2020,4,NVDA
2020-12-14 00:00:00-05:00,13.053667269076458,13.35362810753663,13.04319485880294,13.27383804321289,270156000,0.0,0.0,0.022707746048097777,0.01463899721233109,306573600.0,13.26076135635376,0,14,12,2020,0,NVDA
2020-12-15 00:00:00-05:00,13.404493338692761,13.428679754315336,13.152157723854899,13.325451850891113,193016000,0.0,0.0,0.0038883861254139784,0.014167452440922153,295535600.0,13.253243255615235,0,15,12,2020,1,NVDA
2020-12-16 00:00:00-05:00,13.387290863941056,13.402002652350086,13.177841680553392,13.207763671875,223116000,0.0,0.0,-0.008831834022066776,0.014220564451543533,291090000.0,13.24447717666626,0,16,12,2020,2,NVDA
2020-12-17 00:00:00-05:00,13.331683975809367,13.344401151947084,13.14392823410941,13.306251525878906,231384000,0.0,0.0,0.007456815283092055,0.014332604687106825,277113000.0,13.240311288833619,0,17,12,2020,3,NVDA
2020-12-18 00:00:00-05:00,13.343903235536635,13.36983505383843,13.036213170490358,13.237184524536133,342064000,0.0,0.0,-0.0051905678476351635,0.014372564076129678,265919400.0,13.232118844985962,0,18,12,2020,4,NVDA
2020-12-21 00:00:00-05:00,13.040450404506608,13.334925801874155,12.93348154488506,13.297274589538574,302332000,0.0,0.0,0.004539489865919677,0.013062646964909929,263981600.0,13.244504451751709,0,21,12,2020,0,NVDA
2020-12-22 00:00:00-05:00,13.284309595767821,13.302262026171132,13.019755223073906,13.243416786193848,185580000,0.0,0.0,-0.004050288875518726,0.013090162959051037,255192800.0,13.251592302322388,0,22,12,2020,1,NVDA
2020-12-23 00:00:00-05:00,13.22122697294182,13.240177186189902,12.970885933681206,12.97512435913086,179144000,0.0,0.0,-0.0202585504476972,0.013532825639143098,246825000.0,13.254351472854614,0,23,12,2020,2,NVDA
2020-12-24 00:00:00-05:00,13.003050182088446,13.098050451136674,12.904809267880198,12.959664344787598,97884000,0.0,0.0,-0.0011915118433822869,0.012591017455864063,238723400.0,13.242528009414674,0,24,12,2020,3,NVDA
2020-12-28 00:00:00-05:00,13.028232572525456,13.028232572525456,12.729767958168171,12.866158485412598,212564000,0.0,0.0,-0.007215145152475233,0.012650525654240165,240987800.0,13.224708223342896,0,28,12,2020,0,NVDA
2020-12-29 00:00:00-05:00,12.891093445154324,13.038206539688703,12.808560207429252,12.909295082092285,170372000,0.0,0.0,0.003352717652949311,0.012394479985577305,235158800.0,13.202053117752076,0,29,12,2020,1,NVDA
2020-12-30 00:00:00-05:00,12.956172690210293,13.179086640278335,12.862918780241225,13.111265182495117,225396000,0.0,0.0,0.015645323708108894,0.012985256585506422,231581200.0,13.19006986618042,0,30,12,2020,2,NVDA
2020-12-31 00:00:00-05:00,13.102039159766056,13.116500786863334,12.881119828694374,13.020752906799316,192424000,0.0,0.0,-0.006903397531509259,0.012713060604565844,227034400.0,13.165858554840089,0,31,12,2020,3,NVDA
2021-01-04 00:00:00-05:00,13.069873279195663,13.616685240425479,12.928494800361129,13.07909870147705,560640000,0.0,0.0,0.004480984709207325,0.012604238054074447,245090400.0,13.15177059173584,0,4,1,2021,0,NVDA
2021-01-05 00:00:00-05:00,13.065385774806634,13.40823403597086,13.05266954832319,13.369585990905762,322760000,0.0,0.0,0.02221003878469885,0.013337606536601123,251116200.0,13.144115877151489,0,5,1,2021,1,NVDA
2021-01-06 00:00:00-05:00,13.187813339939485,13.210254353866354,12.552983660244543,12.581408500671387,580424000,0.0,0.0,-0.058953021490007806,0.01861879994548695,268975200.0,13.09463357925415,0,6,1,2021,2,NVDA
2021-01-07 00:00:00-05:00,12.933482770253919,13.34265724493693,12.852695877279768,13.308995246887207,461480000,0.0,0.0,0.057830309394770296,0.022751043515066825,278453200.0,13.094334363937378,0,7,1,2021,3,NVDA
2021-01-08 00:00:00-05:00,13.327447059797182,13.385792937864828,13.007787437418735,13.241921424865723,292528000,0.0,0.0,-0.005039735966332448,0.021554288013048085,273014600.0,13.111589097976685,0,8,1,2021,4,NVDA
2021-01-11 00:00:00-05:00,13.383547520576082,13.924375632075392,13.327445465368644,13.585765838623047,518344000,0.0,0.0,0.02596635357703092,0.02223678340841126,288543600.0,13.143966436386108,0,11,1,2021,0,NVDA
2021-01-12 00:00:00-05:00,13.71642352162883,13.718419081750215,13.309993175343564,13.449376106262207,291476000,0.0,0.0,-0.010039164076646845,0.022416930720198392,292654200.0,13.167479658126831,0,12,1,2021,1,NVDA
2021-01-13 00:00:00-05:00,13.454612578563953,13.589258672592168,13.349888472879313,13.49625301361084,210028000,0.0,0.0,0.003485433597682386,0.021889141961798027,289647800.0,13.178600406646728,0,13,1,2021,2,NVDA
2021-01-14 00:00:00-05:00,13.539387840584494,13.564072669184723,13.145922972626082,13.165620803833008,283120000,0.0,0.0,-0.02449807435029505,0.02260464871650044,294153000.0,13.170608854293823,0,14,1,2021,3,NVDA
2021-01-15 00:00:00-05:00,13.193300642327467,13.290295525642636,12.814796691348409,12.825767517089844,277780000,0.0,0.0,-0.02581369248035914,0.02324936393705122,296886200.0,13.151509046554565,0,15,1,2021,4,NVDA
2021-01-19 00:00:00-05:00,12.982102165345381,13.059648397494398,12.810304260208937,12.991079330444336,226188000,0.0,0.0,0.012889038658639329,0.023387256449466657,296626400.0,13.135750436782837,0,19,1,2021,1,NVDA
2021-01-20 00:00:00-05:00,13.077354122549842,13.395268338939731,13.022499048639284,13.3306884765625,258572000,0.0,0.0,0.026141719058115243,0.024125147690082675,292451800.0,13.140425634384155,0,20,1,2021,2,NVDA
2021-01-21 00:00:00-05:00,13.383299879552478,13.962526891847379,13.21823433925245,13.831122398376465,337780000,0.0,0.0,0.037539990728446604,0.025496247189945274,294224200.0,13.167118024826049,0,21,1,2021,3,NVDA
2021-01-22 00:00:00-05:00,13.703955033559845,13.80543848122968,13.591500762261244,13.67652702331543,246820000,0.0,0.0,-0.011177355720543791,0.025638773241218642,297286200.0,13.18877353668213,0,22,1,2021,4,NVDA
2021-01-25 00:00:00-05:00,13.745596442257005,13.792223872758743,13.201776842384673,13.617433547973633,251112000,0.0,0.0,-0.004320795421312473,0.025156209557529216,300884600.0,13.220888996124268,0,25,1,2021,0,NVDA
2021-01-26 00:00:00-05:00,13.544875599942769,13.608957053235848,13.352382032826553,13.400007247924805,163980000,0.0,0.0,-0.015966760497331922,0.02549182288833976,304189400.0,13.242906141281129,0,26,1,2021,1,NVDA
2021-01-27 00:00:00-05:00,13.195294491634082,13.198037673497824,12.760189132780942,12.883864402770996,371272000,0.0,0.0,-0.0385181019386196,0.027002364112840353,312124800.0,13.243791437149047,0,27,1,2021,2,NVDA
2021-01-28 00:00:00-05:00,12.96215686988838,13.30475589750108,12.926500265389267,13.016762733459473,228316000,0.0,0.0,0.010315098524313449,0.02708697054375865,315022000.0,13.249164819717407,0,28,1,2021,3,NVDA
2021-01-29 00:00:00-05:00,13.040699478065463,13.299768427548274,12.877628563577591,12.955673217773438,271552000,0.0,0.0,-0.0046931419844509215,0.026879857085163578,317329800.0,13.241385221481323,0,29,1,2021,4,NVDA
2021-02-01 00:00:00-05:00,13.019006222791049,13.235935363744511,12.868900749952136,13.202274322509766,217204000,0.0,0.0,0.019034217720004243,0.027166300422340542,318568800.0,13.250461292266845,0,1,2,2021,0,NVDA
2021-02-02 00:00:00-05:00,13.36360226071687,13.536397032264457,13.250648611357782,13.521187782287598,220440000,0.0,0.0,0.02415594858789505,0.027649266564419257,301558800.0,13.272565746307373,0,2,2,2021,1,NVDA
2021-02-03 00:00:00-05:00,13.600230039282984,13.895204851054856,13.481044300306202,13.495007514953613,245408000,0.0,0.0,-0.0019362401998647139,0.027245836979046856,297691200.0,13.278836822509765,0,3,2,2021,2,NVDA
2021-02-04 00:00:00-05:00,13.49550393934747,13.637630039577589,13.302761193484542,13.62840461730957,201340000,0.0,0.0,0.009884922420987374,0.02336978331408485,278737000.0,13.331186628341674,0,4,2,2021,3,NVDA
2021-02-05 00:00:00-05:00,13.68899670751416,13.701214519822724,13.510216204135968,13.555347442626953,169152000,0.0,0.0,-0.005360654950750887,0.019735308055737526,264120600.0,13.343504238128663,0,5,2,2021,4,NVDA
2021-02-08 00:00:00-05:00,13.691238583595812,14.435780260750432,13.691238583595812,14.400872230529785,434624000,0.0,0.0,0.06237573706476485,0.0239402900000882,271225400.0,13.401451778411865,0,8,2,2021,0,NVDA
2021-02-09 00:00:00-05:00,14.303129021239856,14.544993164702273,14.185189338195658,14.22583293914795,287560000,0.0,0.0,-0.012154770112518198,0.02365485015325748,259686200.0,13.43345513343811,0,9,2,2021,1,NVDA
2021-02-10 00:00:00-05:00,14.425308208135256,14.865898923721097,14.303877720936091,14.725518226623535,485352000,0.0,0.0,0.03512520424027388,0.024527752177861076,269380000.0,13.497262239456177,0,10,2,2021,2,NVDA
2021-02-11 00:00:00-05:00,14.940953310040186,15.232187136333499,14.885848077590166,15.210742950439453,450828000,0.0,0.0,0.03295128336730713,0.02531533830614659,281420000.0,13.582986736297608,0,11,2,2021,3,NVDA
2021-02-12 00:00:00-05:00,15.010517943667557,15.251135085237093,14.736238809363154,14.922000885009766,374756000,0.0,0.0,-0.018982772003345527,0.02499015757987554,286001800.0,13.670805740356446,0,12,2,2021,4,NVDA
2021-02-16 00:00:00-05:00,15.02473229127375,15.332174092252155,14.910781818050188,15.290034294128418,321960000,0.0,0.0,0.024663810969772104,0.02407934959491614,288210800.0,13.794019079208374,0,16,2,2021,1,NVDA
2021-02-17 00:00:00-05:00,15.131202776712273,15.183565780965669,14.741228658115656,14.866898536682129,274756000,0.0,0.0,-0.027673957383390513,0.02541451033710725,290639200.0,13.887810039520264,0,17,2,2021,2,NVDA
2021-02-18 00:00:00-05:00,14.690362990778235,14.834234510595168,14.53676668190289,14.790101051330566,233868000,0.0,0.0,-0.005165669568678033,0.025140691989266217,289404000.0,13.960780668258668,0,18,2,2021,3,NVDA
2021-02-19 00:00:00-05:00,14.98508589567165,15.137185992305723,14.807802555181839,14.887343406677246,271724000,0.0,0.0,0.00657482697441969,0.02399120771583328,286101200.0,14.013591718673705,0,19,2,2021,4,NVDA
2021-02-22 00:00:00-05:00,14.735992905948468,15.0935529747794,14.28742273508415,14.318092346191406,325884000,0.0,0.0,-0.03823724924827898,0.02559877890447378,290054400.0,14.045669984817504,0,22,2,2021,0,NVDA
2021-02-23 00:00:00-05:00,14.038326844010633,14.201398727224001,13.354375726640503,14.104902267456055,391780000,0.0,0.0,-0.014889558858869889,0.025857025350508763,297087800.0,14.070043420791626,0,23,2,2021,1,NVDA
2021-02-24 00:00:00-05:00,14.085701908686909,14.468694382045006,13.71991329290749,14.46096420288086,448320000,0.0,0.0,0.025243842791193183,0.02598531462521447,311304800.0,14.12309126853943,0,24,2,2021,2,NVDA
2021-02-25 00:00:00-05:00,14.008653569071164,14.337040166584162,13.181579596686198,13.272589683532715,824436000,0.0,0.0,-0.08217809702560508,0.03108977203932018,333963000.0,14.142527532577514,0,25,2,2021,3,NVDA
2021-02-26 00:00:00-05:00,13.716424445934258,13.818157118558323,13.32595189609916,13.6785249710083,500932000,0.0,0.0,0.030584482542937996,0.031701082432077206,347593800.0,14.175615644454956,0,26,2,2021,4,NVDA
2021-03-01 00:00:00-05:00,13.838601625850457,13.888470650772712,13.517695986619382,13.805438995361328,353184000,0.0,0.0,0.009278341387102929,0.031677348685493587,351675400.0,14.218103933334351,0,1,3,2021,0,NVDA
2021-03-02 00:00:00-05:00,13.863537693802037,13.883984101644641,13.360860055661218,13.37108325958252,264116000,0.0,0.0,-0.03146265293879846,0.03239220532738002,354021000.0,14.226544380187988,0,2,3,2021,1,NVDA
2021-03-03 00:00:00-05:00,13.391028778728382,13.416212021844284,12.765174394686703,12.771159172058105,377592000,0.0,0.0,-0.04486727633637855,0.03346997666574359,361878600.0,14.189042949676514,0,3,3,2021,2,NVDA
2021-03-04 00:00:00-05:00,12.767172739610457,12.9409662738477,12.052053460667553,12.337801933288574,573344000,0.0,0.0,-0.03393249061664416,0.03420766074281704,378275400.0,14.131182670593262,0,4,3,2021,3,NVDA
2021-03-05 00:00:00-05:00,12.517077021416965,12.517077021416965,11.648610886068413,12.42880916595459,542840000,0.0,0.0,0.007376292240554472,0.03415897598703774,395350400.0,14.071202898025513,0,5,3,2021,4,NVDA
2021-03-08 00:00:00-05:00,12.417340640984973,12.438534669142374,11.536158162594553,11.562838554382324,543112000,0.0,0.0,-0.06967446357969365,0.03718350243212878,414048400.0,13.971577453613282,0,8,3,2021,0,NVDA
2021-03-09 00:00:00-05:00,12.102606709162629,12.587997825563496,12.031768410006864,12.491718292236328,521824000,0.004,0.0,0.08033319270915174,0.03911970437333031,418408400.0,13.876119756698609,0,9,3,2021,1,NVDA
2021-03-10 00:00:00-05:00,12.811236807250063,12.950418556477446,12.429110229980283,12.439835548400879,384376000,0.0,0.0,-0.004153371267401562,0.03909817130873656,423249200.0,13.786819887161254,0,10,3,2021,2,NVDA
2021-03-11 00:00:00-05:00,12.920486405634026,13.016517582092941,12.70547765781812,12.963887214660645,299916000,0.0,0.0,0.042126896631453636,0.03951448622260903,413977400.0,13.69873833656311,0,11,3,2021,3,NVDA
2021-03-12 00:00:00-05:00,12.619425244383331,12.859377612609284,12.561308516852636,12.826702117919922,243964000,0.0,0.0,-0.010582095822739168,0.03846392132909434,403634200.0,13.579536294937133,0,12,3,2021,4,NVDA
2021-03-15 00:00:00-04:00,12.835430391734757,13.176650961364134,12.738152752171693,13.161186218261719,221988000,0.0,0.0,0.026077170676201744,0.03908786228731553,395995800.0,13.49149556159973,0,15,3,2021,0,NVDA
2021-03-16 00:00:00-04:00,13.326058448869464,13.48170304132562,13.086854962061286,13.260957717895508,272128000,0.0,0.0,0.007580737631031509,0.038576693223561914,393504200.0,13.390041732788086,0,16,3,2021,1,NVDA
2021-03-17 00:00:00-04:00,13.0100312493019,13.422588675401132,12.959895720621097,13.310844421386719,243864000,0.0,0.0,0.003761923124443012,0.03830295329702276,391959600.0,13.312239027023315,0,17,3,2021,2,NVDA
2021-03-18 00:00:00-04:00,13.106561307017516,13.153952708479773,12.6880170282532,12.693504333496094,293896000,0.0,0.0,-0.04637873213353283,0.03941552863302209,394961000.0,13.207409191131593,0,18,3,2021,3,NVDA
2021-03-19 00:00:00-04:00,12.720941376395766,12.892050714943613,12.583754944009304,12.816473007202148,299208000,0.0,0.0,0.009687527610603208,0.03947751101596532,396335200.0,13.103865671157838,0,19,3,2021,4,NVDA
2021-03-22 00:00:00-04:00,12.883320445496645,13.363972011697758,12.87733360264265,13.156196594238281,297804000,0.0,0.0,0.026506792223198072,0.03941111619177441,394931200.0,13.04577088356018,0,22,3,2021,0,NVDA
2021-03-23 00:00:00-04:00,13.224042396554665,13.314086726980229,12.991573614500512,13.040961265563965,222048000,0.0,0.0,-0.008759015407597603,0.03934146916399018,386444600.0,12.992573833465576,0,23,3,2021,1,NVDA
2021-03-24 00:00:00-04:00,13.121280206542751,13.12926234875962,12.607953007965792,12.614188194274902,245840000,0.0,0.0,-0.0327255838429642,0.03927317043015007,376320600.0,12.900235033035278,0,24,3,2021,2,NVDA
2021-03-25 00:00:00-04:00,12.471012530081719,12.68577196673176,12.244031065821558,12.506680488586426,295144000,0.0,0.0,-0.00852276056395529,0.03497937563677006,349856000.0,12.861939573287964,0,25,3,2021,3,NVDA
2021-03-26 00:00:00-04:00,12.525887935677616,12.82695043045627,12.345300678057612,12.809988975524902,363968000,0.0,0.0,0.02425171788911329,0.03469268988102645,343007800.0,12.818512773513794,0,26,3,2021,4,NVDA
2021-03-29 00:00:00-04:00,12.791031730488832,13.032730075197993,12.671056035921035,12.918740272521973,273520000,0.0,0.0,0.008489569913358475,0.03467879714439665,339024600.0,12.774177837371827,0,29,3,2021,0,NVDA
2021-03-30 00:00:00-04:00,12.81273183484364,12.945678381046225,12.676043987497591,12.842413902282715,200204000,0.0,0.0,-0.00590818985668462,0.03402965101109723,335829000.0,12.747744369506837,0,30,3,2021,1,NVDA
2021-03-31 00:00:00-04:00,12.985837164442769,13.439800123062073,12.952912380524227,13.317829132080078,314776000,0.0,0.0,0.03701914869079714,0.03345415413885889,332688200.0,12.775077867507935,0,31,3,2021,2,NVDA
2021-04-01 00:00:00-04:00,13.541318275109122,13.838389202845008,13.480456476203573,13.780272483825684,308276000,0.0,0.0,0.03472362854030542,0.033024796879442216,319434800.0,12.84720139503479,0,1,4,2021,3,NVDA
2021-04-05 00:00:00-04:00,13.83589532176299,13.982061072848323,13.701701354086651,13.955621719360352,255672000,0.0,0.0,0.012724656623479769,0.03305764143765084,305076400.0,12.923542022705078,0,5,4,2021,0,NVDA
2021-04-06 00:00:00-04:00,13.967843638827903,14.022219056182177,13.742109584317118,13.82990837097168,191744000,0.0,0.0,-0.009008079390277035,0.02813317211814023,287508000.0,13.036895513534546,0,6,4,2021,1,NVDA
2021-04-07 00:00:00-04:00,13.84911434068528,14.211037657105146,13.680250539584906,14.111266136169434,251284000,0.0,0.0,0.02034415251718591,0.02287474604470344,273981000.0,13.1178729057312,0,7,4,2021,2,NVDA
2021-04-08 00:00:00-04:00,14.220267811953875,14.438519272007431,14.216525559092238,14.284371376037598,244416000,0.0,0.0,0.01226716569567543,0.022771884726585794,266983000.0,13.210099697113037,0,8,4,2021,3,NVDA
2021-04-09 00:00:00-04:00,14.18160486312086,14.375162964604147,14.142694188854021,14.367180824279785,195172000,0.0,0.0,0.005797206335667049,0.021234937147434924,261745800.0,13.280264377593994,0,9,4,2021,4,NVDA
2021-04-12 00:00:00-04:00,14.257183774806016,15.317511631737263,14.107026467268174,15.174338340759277,869324000,0.0,0.0,0.0561806471535069,0.023700179999402233,293013800.0,13.397646188735962,0,12,4,2021,0,NVDA
2021-04-13 00:00:00-04:00,15.196789283530139,15.664221776695163,15.091280188778319,15.643768310546875,676212000,0.0,0.0,0.03093577849959206,0.023911572070172867,315725000.0,13.52177529335022,0,13,4,2021,1,NVDA
2021-04-14 00:00:00-04:00,15.58939113199646,15.684673482983216,15.192796983538434,15.24218463897705,385500000,0.0,0.0,-0.025670520273499586,0.025136281284925246,321393600.0,13.620836639404297,0,14,4,2021,2,NVDA
2021-04-15 00:00:00-04:00,15.626806713438363,16.177299499104574,15.595877223105832,16.100475311279297,598480000,0.0,0.0,0.05631021357052979,0.027393548939056763,339124400.0,13.760318183898926,0,15,4,2021,3,NVDA
2021-04-16 00:00:00-04:00,16.01641295672224,16.128906991938468,15.829090996501154,15.87623405456543,335208000,0.0,0.0,-0.013927617190082175,0.02471380271502217,341190000.0,13.919454669952392,0,16,4,2021,4,NVDA
2021-04-19 00:00:00-04:00,15.501092337451393,15.771474637871082,15.198283838019858,15.326740264892578,404420000,0.0,0.0,-0.03461109150849517,0.02678635934667093,346450600.0,14.044968032836914,0,19,4,2021,0,NVDA
2021-04-20 00:00:00-04:00,15.288327945921406,15.461681891457701,14.92889943956875,15.136674880981445,334132000,0.0,0.0,-0.012400900689006678,0.026885196961375687,348267000.0,14.143991947174072,0,20,4,2021,1,NVDA
2021-04-21 00:00:00-04:00,15.084294044383183,15.327489109940338,15.067832127378264,15.325493812561035,216776000,0.0,0.0,0.01247426750354741,0.026632582395299087,348003400.0,14.258218574523926,0,21,4,2021,2,NVDA
2021-04-22 00:00:00-04:00,15.339959104116105,15.403314785803596,14.74980689986473,14.816405296325684,277788000,0.0,0.0,-0.03321840865043413,0.026672869363171054,349600800.0,14.368329429626465,0,22,4,2021,3,NVDA
2021-04-23 00:00:00-04:00,14.900212334199196,15.300049120714093,14.866290381312847,15.23045825958252,227500000,0.0,0.0,0.02794557485272864,0.026700715638896606,346218600.0,14.50451831817627,0,23,4,2021,4,NVDA
2021-04-26 00:00:00-04:00,15.150392726443197,15.443722352270685,15.090529052039209,15.442724227905273,197796000,0.0,0.0,0.013936939040504859,0.0265147147348041,337910000.0,14.636155080795287,0,26,4,2021,0,NVDA
2021-04-27 00:00:00-04:00,15.542997204875022,15.63478754928176,15.319507712036915,15.346695899963379,164572000,0.0,0.0,-0.0062183541274647425,0.026753532935036364,332462600.0,14.757552862167358,0,27,4,2021,1,NVDA
2021-04-28 00:00:00-04:00,15.329485232982506,15.49685329813541,15.180824627957126,15.241934776306152,209416000,0.0,0.0,-0.006826298269028475,0.026781205626155567,332923200.0,14.87752890586853,0,28,4,2021,2,NVDA
2021-04-29 00:00:00-04:00,15.36490170360878,15.401318494154166,15.037150588700314,15.289823532104492,173196000,0.0,0.0,0.0031419079336820754,0.02597078142476038,325844200.0,14.976128625869752,0,29,4,2021,3,NVDA
2021-04-30 00:00:00-04:00,15.13991900493211,15.329984178131804,14.962822789949373,14.97529411315918,201912000,0.0,0.0,-0.020571160830266333,0.025834433528733637,320526000.0,15.035879707336425,0,30,4,2021,4,NVDA
2021-05-03 00:00:00-04:00,15.090529591591428,15.2120019972556,14.753799146594277,14.802936553955078,203912000,0.0,0.0,-0.011509460709198782,0.025995221989593937,317938000.0,15.078245449066163,0,3,5,2021,0,NVDA
2021-05-04 00:00:00-04:00,14.603890923390113,14.604140216611514,13.978320032313126,14.31854248046875,405324000,0.0,0.0,-0.032722836561567714,0.02710197781831177,328617000.0,15.102677154541016,0,4,5,2021,1,NVDA
2021-05-05 00:00:00-04:00,14.67547738242069,14.779739992598865,14.354710265640383,14.425548553466797,292024000,0.0,0.0,0.007473251774334555,0.026796627195397462,330654000.0,15.118391275405884,0,5,5,2021,2,NVDA
2021-05-06 00:00:00-04:00,14.462211914714915,14.53803890728635,14.185594490137927,14.489898681640625,193380000,0.0,0.0,0.004460844447982115,0.026687238929230684,328102200.0,15.128667640686036,0,6,5,2021,3,NVDA
2021-05-07 00:00:00-04:00,14.774503286249104,14.93663238730479,14.638314004041494,14.778493881225586,229328000,0.0,0.0,0.019916992238919073,0.027004339794172036,329810000.0,15.149233293533324,0,7,5,2021,4,NVDA
2021-05-10 00:00:00-04:00,14.75354836535136,14.77225582305998,14.217523230425485,14.233237266540527,268904000,0.0,0.0,-0.03689527627559841,0.025083006662316606,299789000.0,15.102178239822388,0,10,5,2021,0,NVDA
2021-05-11 00:00:00-04:00,13.793492369290098,14.32203492946594,13.71866348603011,14.273645401000977,285584000,0.0,0.0,0.002838998163505746,0.023844517164490292,280257600.0,15.033672094345093,0,11,5,2021,1,NVDA
2021-05-12 00:00:00-04:00,13.977571659960846,14.227750736859978,13.678006833080557,13.727144241333008,303408000,0.0,0.0,-0.03828742723492651,0.02459466535167351,276153000.0,14.95792007446289,0,12,5,2021,2,NVDA
2021-05-13 00:00:00-04:00,14.001765599303283,14.048659365726651,13.42832555148644,13.634105682373047,285404000,0.0,0.0,-0.006777706806621708,0.019929524370538524,260499200.0,14.834601593017577,0,13,5,2021,3,NVDA
2021-05-14 00:00:00-04:00,13.858343697165184,14.295345179023933,13.7171657173245,14.210538864135742,258616000,0.0,0.0,0.0422787673200995,0.022816643242519176,256669600.0,14.751316833496094,0,14,5,2021,4,NVDA
2021-05-17 00:00:00-04:00,14.124734224043227,14.136956251657669,13.821926710452308,14.133214950561523,216980000,0.0,0.0,-0.0054413076318567954,0.021750342714962057,247297600.0,14.69164056777954,0,17,5,2021,0,NVDA
2021-05-18 00:00:00-04:00,14.234486193734758,14.371423352403228,13.972085074555256,13.983808517456055,186256000,0.0,0.0,-0.01057129843620841,0.021716173756224054,239903800.0,14.633997249603272,0,18,5,2021,1,NVDA
2021-05-19 00:00:00-04:00,13.535581647339058,14.047413007132981,13.512385007094382,14.03369426727295,344000000,0.0,0.0,0.0035673936577880205,0.021456177916036146,246265000.0,14.569407272338868,0,19,5,2021,2,NVDA
2021-05-20 00:00:00-04:00,14.269903963838662,14.650285464751947,14.237977303805032,14.579197883605957,321592000,0.0,0.0,0.03887099191017307,0.022356472324787074,248455200.0,14.557546901702882,0,20,5,2021,3,NVDA
2021-05-21 00:00:00-04:00,15.129189440102275,15.187307106676121,14.835610540336491,14.957581520080566,672992000,0.0,0.0,0.025953666278176746,0.022226816210680483,270729800.0,14.543903064727782,0,21,5,2021,4,NVDA
2021-05-24 00:00:00-04:00,15.17782946856189,15.709116137261757,15.141412676969354,15.576419830322266,554816000,0.0,0.0,0.041372885677467774,0.023955166156466735,288580800.0,14.550587844848632,0,24,5,2021,0,NVDA
2021-05-25 00:00:00-04:00,15.730066679757307,15.782446795902855,15.44721310107061,15.612086296081543,435408000,0.0,0.0,0.0022897730125279736,0.02390127461711059,302122600.0,14.563857364654542,0,25,5,2021,1,NVDA
2021-05-26 00:00:00-04:00,15.698390148566892,15.757754283343592,15.550727691252234,15.664217948913574,370440000,0.0,0.0,0.0033391855414683924,0.023831200823693343,310173800.0,14.584971523284912,0,26,5,2021,2,NVDA
2021-05-27 00:00:00-04:00,15.663969004454568,15.714104534109342,15.424765504557204,15.452701568603516,581476000,0.0,0.0,-0.01350315611030739,0.02406535347963844,330587800.0,14.593115425109863,0,27,5,2021,3,NVDA
2021-05-28 00:00:00-04:00,15.465676860639382,16.240407128055963,15.465676860639382,16.207481384277344,644536000,0.0,0.0,0.048844521608271574,0.025765878331465653,352719000.0,14.65472478866577,0,28,5,2021,4,NVDA
2021-06-01 00:00:00-04:00,16.23292432390352,16.350904748822455,15.867009359555448,16.227436065673828,472804000,0.0,0.0,0.0012312018705042949,0.025511328801528677,366163600.0,14.725949764251709,0,1,6,2021,1,NVDA
2021-06-02 00:00:00-04:00,16.215212773462195,16.88019395155139,16.19850061077245,16.740013122558594,594168000,0.0,0.0,0.031587063711748575,0.024552975410518086,375605800.0,14.847023296356202,0,2,6,2021,2,NVDA
2021-06-03 00:00:00-04:00,16.66268623436134,17.21966430504243,16.545204441050135,16.931072235107422,580008000,0.0,0.0,0.011413319162298707,0.02456325458384158,390005000.0,14.972299480438233,0,3,6,2021,3,NVDA
2021-06-04 00:00:00-04:00,17.073498763976346,17.62074875852088,17.05653921314601,17.538188934326172,617120000,0.0,0.0,0.03585813649532854,0.02529572631819332,411192000.0,15.12471399307251,0,4,6,2021,4,NVDA
2021-06-07 00:00:00-04:00,17.531202426199087,17.7719016544645,17.153565120653145,17.578842163085938,575756000,0.0,0.0,0.002317983282766445,0.025234753461762464,428513400.0,15.264731407165527,0,7,6,2021,0,NVDA
2021-06-08 00:00:00-04:00,17.487302887476424,17.581337802642874,17.211681668021765,17.417213439941406,323848000,0.0,0.0,-0.009194503349255756,0.02326569961913278,431260600.0,15.423930215835572,0,8,6,2021,1,NVDA
2021-06-09 00:00:00-04:00,17.479838745757142,17.53896714503137,17.22037158933601,17.322660446166992,381656000,0.004,0.0,-0.005428709598148673,0.02347957099501889,436064200.0,15.576380968093872,0,9,6,2021,2,NVDA
2021-06-10 00:00:00-04:00,17.31442950382826,17.456138574148138,17.140786450879247,17.38927459716797,287772000,0.0,0.0,0.00384549193283501,0.020638663842205807,435282400.0,15.75948748588562,0,10,6,2021,3,NVDA
2021-06-11 00:00:00-04:00,17.44366012443171,17.902468587072715,17.407983989088986,17.7887020111084,416308000,0.0,0.0,0.02296975711715321,0.020275870920943337,441827600.0,15.967217302322387,0,11,6,2021,4,NVDA
2021-06-14 00:00:00-04:00,17.86928786859954,18.00251330381653,17.6265367051876,17.9818058013916,321376000,0.0,0.0,0.01085541767817677,0.01911949171369381,444965600.0,16.155780649185182,0,14,6,2021,0,NVDA
2021-06-15 00:00:00-04:00,17.878269225821697,17.97931132521287,17.69165236370676,17.75202751159668,243032000,0.0,0.0,-0.012778376784446155,0.019537752769834358,446268200.0,16.33672127723694,0,15,6,2021,1,NVDA
2021-06-16 00:00:00-04:00,17.754272386965212,17.91793568012031,17.548444139459,17.773731231689453,307124000,0.0,0.0,0.00122260514065764,0.01900267205325166,452311600.0,16.526217412948608,0,16,6,2021,2,NVDA
2021-06-17 00:00:00-04:00,17.738057866594737,18.796382777873085,17.719845770791785,18.61899757385254,809656000,0.0,0.0,0.04755705659912479,0.020438589145251537,475594400.0,16.755482578277586,0,17,6,2021,3,NVDA
2021-06-18 00:00:00-04:00,18.745481181414625,19.335268857488067,18.54589054796239,18.600528717041016,968856000,0.0,0.0,-0.000991936152215822,0.019865469760937976,507957600.0,16.95654911994934,0,18,6,2021,4,NVDA
2021-06-21 00:00:00-04:00,18.39745025777969,18.498494256767234,17.786206870403326,18.389467239379883,672384000,0.0,0.0,-0.011347068724329668,0.020276503207876037,507927200.0,17.128143405914308,0,21,6,2021,0,NVDA
2021-06-22 00:00:00-04:00,18.43362691291713,18.924868057922353,18.34830150419991,18.848024368286133,580144000,0.0,0.0,0.024935857191353383,0.019270574846566794,509193600.0,17.2917236328125,0,22,6,2021,1,NVDA
2021-06-23 00:00:00-04:00,18.968775202107935,19.113478344329064,18.868979865974822,19.018173217773438,332356000,0.0,0.0,0.009027410309039974,0.019192004216008474,504041000.0,17.462027978897094,0,23,6,2021,2,NVDA
2021-06-24 00:00:00-04:00,19.188327943979132,19.380183071571224,19.049112393678936,19.166122436523438,320924000,0.0,0.0,0.007779360144418712,0.01913542388303485,501565200.0,17.63712320327759,0,24,6,2021,3,NVDA
2021-06-25 00:00:00-04:00,19.24096637412508,19.30583362670558,18.855758174325253,18.99197769165039,278364000,0.0,0.0,-0.00908607077147705,0.01886976067326817,486409600.0,17.814087009429933,0,25,6,2021,4,NVDA
2021-06-28 00:00:00-04:00,19.321549543533276,20.03757898993622,19.2793864972352,19.944021224975586,495436000,0.0,0.0,0.05012872007235725,0.019008669377477236,478954600.0,18.000914001464842,0,28,6,2021,0,NVDA
2021-06-29 00:00:00-04:00,19.84173216140045,20.057538224477703,19.61669442518028,19.985687255859375,367632000,0.0,0.0,0.0020891489441261513,0.01898738150054499,473696000.0,18.18882656097412,0,29,6,2021,1,NVDA
2021-06-30 00:00:00-04:00,19.95824717255962,20.12116244061837,19.82302502560131,19.961490631103516,326568000,0.0,0.0,-0.0012106976580835704,0.018492727374887483,460316000.0,18.349900436401366,0,30,6,2021,2,NVDA
2021-07-01 00:00:00-04:00,20.083735514290062,20.41405620450806,19.977951959245576,20.170557022094727,480136000,0.0,0.0,0.010473485916199454,0.018487460543826884,455322400.0,18.511874675750732,0,1,7,2021,3,NVDA
2021-07-02 00:00:00-04:00,20.398340709880483,20.463207970031252,20.24615323612554,20.44499397277832,342764000,0.0,0.0,0.013605819134443253,0.017421794641022212,441604600.0,18.65721492767334,0,2,7,2021,4,NVDA
2021-07-06 00:00:00-04:00,20.694980768484587,20.799266327520442,20.308525759156822,20.65606117248535,446708000,0.0,0.0,0.01032366162533771,0.017380198079229404,435152200.0,18.81107587814331,0,6,7,2021,1,NVDA
2021-07-07 00:00:00-04:00,20.810749443232876,20.8322050014868,20.29031891488346,20.329986572265625,418428000,0.0,0.0,-0.015785904074203216,0.01778593281340984,439881200.0,18.95671453475952,0,7,7,2021,2,NVDA
2021-07-08 00:00:00-04:00,19.815787729327422,20.09171960290555,19.660356798187884,19.861942291259766,503300000,0.0,0.0,-0.023022360557993227,0.018881674911657483,445963400.0,19.08367862701416,0,8,7,2021,3,NVDA
2021-07-09 00:00:00-04:00,19.92156854746717,20.039077280594753,19.71374549718663,20.009138107299805,296624000,0.0,0.0,0.007410947725128292,0.018866855903761946,446406000.0,19.21467180252075,0,9,7,2021,4,NVDA
2021-07-12 00:00:00-04:00,20.19850332797306,20.49065253232822,20.14636054330938,20.47044563293457,321984000,0.0,0.0,0.023054842400556552,0.018870606318590423,441689800.0,19.34875898361206,0,12,7,2021,0,NVDA
2021-07-13 00:00:00-04:00,20.35867352716723,20.419299934726972,20.07276189404006,20.20848274230957,290708000,0.0,0.0,-0.012797126907854506,0.019364942462160167,440156400.0,19.46009283065796,0,13,7,2021,1,NVDA
2021-07-14 00:00:00-04:00,20.316005696247302,20.375882131291046,19.71224672567586,19.800813674926758,380100000,0.0,0.0,-0.020173165525648074,0.019808461480077096,447009800.0,19.562532138824462,0,14,7,2021,2,NVDA
2021-07-15 00:00:00-04:00,19.771125849419136,19.806303278960396,18.81982963269541,18.927358627319336,550564000,0.0,0.0,-0.04411207852096777,0.022722480033372593,459181800.0,19.620213508605957,0,15,7,2021,3,NVDA
2021-07-16 00:00:00-04:00,18.991480426516045,19.117720229645098,18.035943220014392,18.123762130737305,688224000,0.0,0.0,-0.04245687485532912,0.02242711202871687,453110200.0,19.595451736450194,0,16,7,2021,4,NVDA
2021-07-19 00:00:00-04:00,17.878515954774446,19.002954619617093,17.828866686933285,18.741243362426758,749060000,0.0,0.0,0.034070256894523254,0.023767004120210784,442120400.0,19.60248746871948,0,19,7,2021,0,NVDA
2021-07-20 00:00:00-04:00,18.691595362338763,18.799373720092376,18.12675590967269,18.573837280273438,434687000,0.0,4.0,-0.008932496041801796,0.023708941741210122,430235550.0,19.61170597076416,0,20,7,2021,1,NVDA
2021-07-21 00:00:00-04:00,18.84328571218755,19.4869637086803,18.703573366941228,19.370203018188477,371017000,0.0,0.0,0.04287567107960122,0.024976947371107606,419779200.0,19.637814903259276,0,21,7,2021,2,NVDA
2021-07-22 00:00:00-04:00,19.601723472760458,19.846220024304472,19.236472843910477,19.553821563720703,323826000,0.0,0.0,0.009479433197463694,0.024984165360929143,419352700.0,19.66459732055664,0,22,7,2021,3,NVDA
2021-07-23 00:00:00-04:00,19.615701026405628,19.65961144108396,19.210533278395555,19.517902374267578,195672000,0.0,0.0,-0.0018369396149020556,0.024953235252721077,413090100.0,19.682186317443847,0,23,7,2021,4,NVDA
2021-07-26 00:00:00-04:00,19.271405648863613,19.402135661445893,18.875218391704966,19.254440307617188,203943000,0.0,0.0,-0.013498482654454635,0.025068251125497463,409369050.0,19.695309448242188,0,26,7,2021,0,NVDA
2021-07-27 00:00:00-04:00,19.225503413331946,19.58177186301999,18.702577520018085,19.168621063232422,248863000,0.0,0.0,-0.004457114463660372,0.022249045650499902,397040400.0,19.65653944015503,0,27,7,2021,1,NVDA
2021-07-28 00:00:00-04:00,19.279393719301044,19.605722990721755,18.95605855634818,19.463016510009766,202191000,0.0,0.0,0.015358196388055578,0.022564988982475814,388768350.0,19.63040590286255,0,28,7,2021,2,NVDA
2021-07-29 00:00:00-04:00,19.478972899931957,19.812289528264923,19.28836458504594,19.621681213378906,190781000,0.0,0.0,0.008152112663910138,0.02265909425330023,381979000.0,19.613415431976318,0,29,7,2021,3,NVDA
2021-07-30 00:00:00-04:00,19.378185414523912,19.589750632003597,19.223504438237402,19.459020614624023,183497000,0.0,0.0,-0.008289840049178543,0.022564132984673413,367147050.0,19.577838611602782,0,30,7,2021,4,NVDA
2021-08-02 00:00:00-04:00,19.65960645881375,19.920070965789094,19.3213008684283,19.709503173828125,217444000,0.0,0.0,0.012872310696657285,0.022538781587819634,360881050.0,19.541064071655274,0,2,8,2021,0,NVDA
2021-08-03 00:00:00-04:00,19.699528918790353,20.18054107494759,19.18059456345731,19.774375915527344,301811000,0.0,0.0,0.0032914447983327655,0.022397582162306414,353636200.0,19.496979808807374,0,3,8,2021,1,NVDA
2021-08-04 00:00:00-04:00,19.949013314665788,20.276341820757914,19.7873448162624,20.232431411743164,231309000,0.0,0.0,0.02316409368227612,0.02281968489847889,344280250.0,19.49210205078125,0,4,8,2021,2,NVDA
2021-08-05 00:00:00-04:00,20.457964481741737,20.690486514235243,20.30028751870424,20.594682693481445,211435000,0.0,0.0,0.01790448584088744,0.022478279646951427,329687000.0,19.528739070892335,0,5,8,2021,3,NVDA
2021-08-06 00:00:00-04:00,20.481918625769893,20.527823837262428,20.16856135693953,20.324241638183594,178497000,0.0,0.0,-0.013131596117450739,0.022688964431970705,323780650.0,19.544494247436525,0,6,8,2021,4,NVDA
2021-08-09 00:00:00-04:00,20.40407883524216,20.465951991106525,20.101700576845037,20.253389358520508,146443000,0.0,0.0,-0.0034860970915625566,0.02210132950800959,315003600.0,19.53364143371582,0,9,8,2021,0,NVDA
2021-08-10 00:00:00-04:00,20.28033461302938,20.388112984304005,19.79433168561157,19.895126342773438,179238000,0.0,0.0,-0.017689040061650285,0.022273312665555062,309430100.0,19.517973613739013,0,10,8,2021,1,NVDA
2021-08-11 00:00:00-04:00,20.0019058704776,20.007894086641553,19.39016371647244,19.658611297607422,185925000,0.0,0.0,-0.011888089630148313,0.021963934331396446,299721350.0,19.510863494873046,0,11,8,2021,2,NVDA
2021-08-12 00:00:00-04:00,19.829262965274378,19.987935472764658,19.57977552028493,19.86419105529785,151652000,0.0,0.0,0.010457491354714854,0.01945942031698363,279775750.0,19.557705116271972,0,12,8,2021,3,NVDA
2021-08-13 00:00:00-04:00,19.86418766511711,20.1725541097233,19.810297533456417,20.1466064453125,183063000,0.0,0.0,0.014217311403643906,0.016446382275303022,254517700.0,19.658847332000732,0,13,8,2021,4,NVDA
2021-08-16 00:00:00-04:00,20.09371591167451,20.245404680922952,19.413113156362577,19.909095764160156,210876000,0.0,0.0,-0.011789116037833058,0.015407478870295116,227608500.0,19.717239952087404,0,16,8,2021,0,NVDA
2021-08-17 00:00:00-04:00,19.64463995270253,19.729466669758875,19.22749769540796,19.418106079101562,204585000,0.0,0.0,-0.024661576340521796,0.016423969454206027,216103400.0,19.75945339202881,0,17,8,2021,1,NVDA
2021-08-18 00:00:00-04:00,19.460017206207215,19.593743229252496,18.96104240604806,19.000961303710938,285913000,0.0,0.0,-0.021482258552473876,0.014223822626915331,211848200.0,19.74099130630493,0,18,8,2021,2,NVDA
2021-08-19 00:00:00-04:00,19.454028707916844,20.45297759855377,18.723529260876187,19.75740623474121,766555000,0.0,0.0,0.03981087687824192,0.016773389893354185,233984650.0,19.751170539855956,0,19,8,2021,3,NVDA
2021-08-20 00:00:00-04:00,19.950010047710816,20.822218562508386,19.892130309855503,20.773319244384766,675741000,0.0,0.0,0.051419351182706574,0.020228977787234315,257988100.0,19.813941383361815,0,20,8,2021,4,NVDA
2021-08-23 00:00:00-04:00,20.92800510656321,21.95190063240399,20.907048252948616,21.912981033325195,575807000,0.0,0.0,0.05486180496881787,0.022844920346264137,276581300.0,19.946868419647217,0,23,8,2021,0,NVDA
2021-08-24 00:00:00-04:00,21.708400719123865,21.913977739020556,21.490847267005936,21.74831771850586,297299000,0.0,0.0,-0.007514418716874527,0.02293378630410504,279003100.0,20.075853252410887,0,24,8,2021,1,NVDA
2021-08-25 00:00:00-04:00,21.692431791193993,22.423928711519626,21.67746315503596,22.167455673217773,347701000,0.0,0.0,0.019272201194452165,0.02302914700686225,286278600.0,20.211075210571288,0,25,8,2021,2,NVDA
2021-08-26 00:00:00-04:00,22.154483998522892,22.294196346774118,21.745324775697455,22.022754669189453,237940000,0.0,0.0,-0.006527632497000724,0.02321610933838329,288636550.0,20.331128883361817,0,26,8,2021,3,NVDA
2021-08-27 00:00:00-04:00,22.138515254341666,22.675412277569755,22.121549912178164,22.589588165283203,304722000,0.0,0.0,0.02573853746310717,0.023357089113502944,294697800.0,20.487657260894775,0,27,8,2021,4,NVDA
2021-08-30 00:00:00-04:00,22.783190447883996,22.99575306868684,22.504763165366676,22.641481399536133,262580000,0.0,0.0,0.0022972191380046247,0.023354535947633284,296954600.0,20.634256172180176,0,30,8,2021,0,NVDA
2021-08-31 00:00:00-04:00,22.652458850997647,22.652458850997647,22.078537807120643,22.343040466308594,259850000,0.004,0.0,-0.013181157538289634,0.02378659131008324,294856550.0,20.76268939971924,0,31,8,2021,1,NVDA
2021-09-01 00:00:00-04:00,22.442851555279045,22.65445404598005,22.315091237611284,22.39893341064453,201767000,0.0,0.0,0.0025015818424631853,0.02346623944593418,293379450.0,20.871014499664305,0,1,9,2021,2,NVDA
2021-09-02 00:00:00-04:00,22.475790220167823,22.55065039604721,22.25320865455279,22.354019165039062,187834000,0.0,0.0,-0.002005195728834286,0.023327808212220892,292199400.0,20.958981323242188,0,2,9,2021,3,NVDA
2021-09-03 00:00:00-04:00,22.283155522186565,22.942915865127908,22.158389818039435,22.80018424987793,280532000,0.0,0.0,0.019959054411864185,0.023194945293680932,297301150.0,21.082778453826904,0,3,9,2021,4,NVDA
2021-09-07 00:00:00-04:00,22.790201093344027,22.856077365071243,22.47978322176614,22.619522094726562,198107000,0.0,0.0,-0.007923714702100848,0.02331155278220115,299884350.0,21.201085090637207,0,7,9,2021,1,NVDA
2021-09-08 00:00:00-04:00,22.470804242295802,22.567622556480774,21.935807666986186,22.297130584716797,254434000,0.0,0.0,-0.014252799358874468,0.02314141230057974,303644150.0,21.321185302734374,0,8,9,2021,2,NVDA
2021-09-09 00:00:00-04:00,22.270184229864274,22.495760504336147,22.08952369477424,22.13543701171875,196856000,0.0,0.0,-0.0072517659787523225,0.022975782707987755,304190700.0,21.44502658843994,0,9,9,2021,3,NVDA
2021-09-10 00:00:00-04:00,22.306111815053313,22.58359062659003,22.228258896952823,22.435869216918945,248376000,0.0,0.0,0.01357245420730302,0.023016703103593716,309026900.0,21.573610496520995,0,10,9,2021,4,NVDA
2021-09-13 00:00:00-04:00,22.641483731301825,22.920959616823474,21.817031677597985,22.11048126220703,297500000,0.0,0.0,-0.014503024222771721,0.02339308203726191,314748750.0,21.671804237365723,0,13,9,2021,0,NVDA
2021-09-14 00:00:00-04:00,22.23324884827066,22.36799604174789,22.04460391966671,22.2003116607666,199755000,0.0,0.0,0.004062797073219437,0.02306348216349265,314192700.0,21.786365032196045,0,14,9,2021,1,NVDA
2021-09-15 00:00:00-04:00,22.267182251249665,22.325074094953457,21.924824786515654,22.299121856689453,166538000,0.0,0.0,0.004450847241819211,0.021936941268343908,312290350.0,21.93041582107544,0,15,9,2021,2,NVDA
2021-09-16 00:00:00-04:00,22.14142223119242,22.23524590680437,21.885901542653063,22.2003116607666,156033000,0.0,0.0,-0.004431124981417622,0.021079571019258052,305796350.0,22.090383338928223,0,16,9,2021,3,NVDA
2021-09-17 00:00:00-04:00,22.25819950957799,22.279160055223453,21.78908117577002,21.858949661254883,294503000,0.0,0.0,-0.015376450778165851,0.020296261713681193,282193750.0,22.195460510253906,0,17,9,2021,4,NVDA
2021-09-20 00:00:00-04:00,21.10636056579907,21.392823223374187,20.623268596762017,21.073423385620117,349440000,0.0,0.0,-0.03593614001623857,0.01920997424743995,265878700.0,22.210465717315675,0,20,9,2021,0,NVDA
2021-09-21 00:00:00-04:00,21.37685576304197,21.384840189083846,20.9107320527546,21.2061767578125,204688000,0.0,0.0,0.006299563661923635,0.014527461599665297,247322750.0,22.175125503540038,0,21,9,2021,1,NVDA
2021-09-22 00:00:00-04:00,21.325948895718273,21.918835312303802,21.15626748266208,21.899871826171875,268726000,0.0,0.0,0.03271193465384159,0.01632931584905231,245894100.0,22.18270320892334,0,22,9,2021,2,NVDA
2021-09-23 00:00:00-04:00,22.098499486193866,22.492759542814195,21.84896809396937,22.43985939025879,248555000,0.0,0.0,0.02465711070699461,0.0166958656944684,240936800.0,22.19632339477539,0,23,9,2021,3,NVDA
2021-09-24 00:00:00-04:00,22.028628941311577,22.107481326017684,21.820021082441105,22.039608001708984,217655000,0.0,0.0,-0.017836626406115275,0.01714064854231029,239922550.0,22.19716606140137,0,24,9,2021,4,NVDA
2021-09-27 00:00:00-04:00,21.66930745391913,21.75814133943312,21.285030745012563,21.619401931762695,245215000,0.0,0.0,-0.01906595026162472,0.016541527239384488,236947200.0,22.14865674972534,0,27,9,2021,0,NVDA
2021-09-28 00:00:00-04:00,21.17423998028748,21.378855679206684,20.612293563513262,20.66020393371582,343069000,0.0,0.0,-0.04436746220244159,0.019002267072522526,240971650.0,22.049592876434325,0,28,9,2021,1,NVDA
2021-09-29 00:00:00-04:00,20.900753668486963,20.977609015916958,20.428638712979975,20.478546142578125,218394000,0.0,0.0,-0.00879264269222646,0.018920642750123052,238898850.0,21.956368160247802,0,29,9,2021,2,NVDA
2021-09-30 00:00:00-04:00,20.729072377363426,21.02651414505671,20.64922240448641,20.677169799804688,221009000,0.0,0.0,0.009699109294365016,0.019121725718680753,239860950.0,21.87027997970581,0,30,9,2021,3,NVDA
2021-10-01 00:00:00-04:00,20.711105611128573,20.81990055215603,20.165130040101197,20.703121185302734,240978000,0.0,0.0,0.001255074352501273,0.019151853116949467,242518150.0,21.787735080718996,0,1,10,2021,4,NVDA
2021-10-04 00:00:00-04:00,20.465565305506654,20.50349418175342,19.518344784114188,19.69501304626465,345635000,0.0,0.0,-0.04869353417849609,0.02078014083652996,245773300.0,21.63247652053833,0,4,10,2021,0,NVDA
2021-10-05 00:00:00-04:00,19.912607817291025,20.609299487136077,19.81678708313489,20.412668228149414,279282000,0.0,0.0,0.03643842124902141,0.0229412920476056,249832050.0,21.522133827209473,0,5,10,2021,1,NVDA
2021-10-06 00:00:00-04:00,20.08229239072324,20.681166361334203,20.042366444003083,20.661205291748047,297202000,0.0,0.0,0.012175628429403229,0.023132618811078767,251970450.0,21.440337562561034,0,6,10,2021,2,NVDA
2021-10-07 00:00:00-04:00,21.052464094730574,21.282034428331333,20.932690089504817,21.035497665405273,256919000,0.0,0.0,0.018115708564529598,0.02360931391963414,254973600.0,21.38534059524536,0,7,10,2021,3,NVDA
2021-10-08 00:00:00-04:00,21.061450345280186,21.166253087457257,20.736061152048205,20.791955947875977,151258000,0.0,0.0,-0.01157765418261636,0.023389385596097018,250117700.0,21.303144931793213,0,8,10,2021,4,NVDA
2021-10-11 00:00:00-04:00,20.536435934235318,21.02352021397934,20.472554811528397,20.65620994567871,163388000,0.0,0.0,-0.006528775000176568,0.023260199809296014,243412100.0,21.230431365966798,0,11,10,2021,0,NVDA
2021-10-12 00:00:00-04:00,20.788958953630814,21.01752980565477,20.489522037442182,20.632253646850586,162134000,0.0,0.0,-0.0011597625552376423,0.02320436614467224,241531050.0,21.152028465270995,0,12,10,2021,1,NVDA
2021-10-13 00:00:00-04:00,20.878791116440304,20.950656664118235,20.674175439233597,20.899751663208008,180652000,0.0,0.0,0.012965041092263485,0.023432918828303135,242236750.0,21.082059955596925,0,13,10,2021,2,NVDA
2021-10-14 00:00:00-04:00,21.248094793760433,21.714218436998244,21.082405602697325,21.705236434936523,243589000,0.0,0.0,0.03854039917356977,0.025195855252891416,246614550.0,21.05730619430542,0,14,10,2021,3,NVDA
2021-10-15 00:00:00-04:00,21.769119455245605,21.889892945838103,21.62139804997386,21.821022033691406,226994000,0.0,0.0,0.005334454618910023,0.024991041318540512,243239100.0,21.055409812927245,0,15,10,2021,4,NVDA
2021-10-18 00:00:00-04:00,21.708234455215166,22.249218353447674,21.60342981922469,22.180347442626953,189494000,0.0,0.0,0.016466937633844658,0.023716254248240094,235241800.0,21.11075601577759,0,18,10,2021,0,NVDA
2021-10-19 00:00:00-04:00,22.23424674868244,22.337054333529306,21.995696294779776,22.24822235107422,161473000,0.0,0.0,0.0030601372959930817,0.02370238270376105,233081050.0,21.162858295440675,0,19,10,2021,1,NVDA
2021-10-20 00:00:00-04:00,22.263192160502342,22.390952498212002,21.94079763235497,22.06157112121582,146276000,0.0,0.0,-0.008389489592160015,0.022722089898630053,226958550.0,21.17094326019287,0,20,10,2021,2,NVDA
2021-10-21 00:00:00-04:00,22.05558337136621,22.66843286145896,22.04160967270452,22.64946746826172,187590000,0.0,0.0,0.026647981860210335,0.02283703094831441,223910300.0,21.181423664093018,0,21,10,2021,3,NVDA
2021-10-22 00:00:00-04:00,22.780221323580307,23.086645101577915,22.51871327531193,22.68340301513672,249384000,0.0,0.0,0.0014982933670539822,0.022415752872972882,225496750.0,21.213613414764403,0,22,10,2021,4,NVDA
2021-10-25 00:00:00-04:00,22.929942420281105,23.311226426187307,22.72732377645304,23.122581481933594,230235000,0.0,0.0,0.019361224878992278,0.022189575805175672,224747750.0,21.28877239227295,0,25,10,2021,0,NVDA
2021-10-26 00:00:00-04:00,23.94403538165205,25.211655352856283,23.879156684477824,24.670669555664062,485898000,0.0,0.0,0.0669513512122355,0.023449322842213648,231889200.0,21.48929567337036,0,26,10,2021,1,NVDA
2021-10-27 00:00:00-04:00,24.428126137261565,25.04297071184437,24.236484687501985,24.405168533325195,245990000,0.0,0.0,-0.010761808541102647,0.023532692099848984,233269000.0,21.685626792907716,0,27,10,2021,2,NVDA
2021-10-28 00:00:00-04:00,24.83136732781748,24.903232868960202,24.477033219667174,24.894248962402344,234204000,0.0,0.0,0.020040034897087944,0.02366049873334429,233928750.0,21.896480751037597,0,28,10,2021,3,NVDA
2021-10-29 00:00:00-04:00,24.954132616908744,25.660805583997924,24.95313503979381,25.519071578979492,292503000,0.0,0.0,0.025099074791162135,0.02381876998367793,236505000.0,22.137278270721435,0,29,10,2021,4,NVDA
2021-11-01 00:00:00-04:00,25.60092339643473,25.845463099594504,25.179713514581092,25.778589248657227,265740000,0.0,0.0,0.010169557653167294,0.019289302479989327,232510250.0,22.441457080841065,0,1,11,2021,0,NVDA
2021-11-02 00:00:00-04:00,25.773599620972107,26.627994125241784,25.751639593772857,26.351512908935547,294112000,0.0,0.0,0.0222247871965362,0.01865988723827478,233251750.0,22.738399314880372,0,2,11,2021,1,NVDA
2021-11-03 00:00:00-04:00,26.62001084272468,26.733797485295405,26.185826723233117,26.548145294189453,239910000,0.0,0.0,0.0074619011793903844,0.01870072658272517,230387150.0,23.03274631500244,0,3,11,2021,2,NVDA
2021-11-04 00:00:00-04:00,27.177964146874924,31.306211626575355,27.067172135821593,29.74514389038086,1153631000,0.0,0.0,0.1204226721213224,0.03050503866521174,275222750.0,23.46822862625122,0,4,11,2021,3,NVDA
2021-11-05 00:00:00-04:00,30.130415918427726,31.341141542276063,29.35487194821832,29.696231842041016,851260000,0.0,0.0,-0.0016443708768092424,0.030077863523632304,310222850.0,23.913442420959473,0,5,11,2021,4,NVDA
2021-11-08 00:00:00-05:00,30.092484914811457,31.041702448497848,29.850937972707673,30.746257781982422,503101000,0.0,0.0,0.03535889487685373,0.029707626044485687,327208500.0,24.417944812774657,0,8,11,2021,0,NVDA
2021-11-09 00:00:00-05:00,32.221494949731124,32.24944234715114,29.90783881318145,30.599538803100586,646746000,0.0,0.0,-0.004771929641721018,0.029856730871560124,351439100.0,24.916309070587157,0,9,11,2021,1,NVDA
2021-11-10 00:00:00-05:00,29.30097811813441,30.79217735388519,28.72406045944693,29.403783798217773,636206000,0.0,0.0,-0.039077549912668874,0.032665543040622864,374216800.0,25.341510677337645,0,10,11,2021,2,NVDA
2021-11-11 00:00:00-05:00,30.410889327830965,30.532660384653216,29.721184595739974,30.33303451538086,332172000,0.0,0.0,0.031603099911903465,0.03246883430278409,378645950.0,25.772900581359863,0,11,11,2021,3,NVDA
2021-11-12 00:00:00-05:00,29.953747648291444,30.62249183544844,29.574458877428643,30.33303451538086,413054000,0.0,0.0,0.0,0.03259442529267366,387948950.0,26.198501205444337,0,12,11,2021,4,NVDA
2021-11-15 00:00:00-05:00,30.49473401848278,30.586560631343108,29.192179778474006,29.968721389770508,384909000,0.0,0.0,-0.012010441138871952,0.033238538599008036,397719700.0,26.587919902801513,0,15,11,2021,0,NVDA
2021-11-16 00:00:00-05:00,29.70322098675446,30.333036864576925,29.65031892792296,30.146387100219727,264484000,0.0,0.0,0.005928371388906228,0.03318745227243456,402870250.0,26.98282814025879,0,16,11,2021,1,NVDA
2021-11-17 00:00:00-05:00,30.360982834698927,30.45181376929014,28.746015633176018,29.206151962280273,428508000,0.0,0.0,-0.031188982441368585,0.03443057818428681,416981850.0,27.340057182312012,0,17,11,2021,2,NVDA
2021-11-18 00:00:00-05:00,32.306333486090914,32.69859461239762,31.262292624753737,31.615629196166992,781711000,0.0,0.0,0.08249896244457533,0.03757494240826761,446687900.0,27.788365268707274,0,18,11,2021,3,NVDA
2021-11-19 00:00:00-05:00,32.18256225749875,33.02597956876637,31.845196475255754,32.92317199707031,533867000,0.0,0.0,0.041357481541497876,0.03774057731934386,460912050.0,28.300353717803954,0,19,11,2021,4,NVDA
2021-11-22 00:00:00-05:00,33.454175976198115,34.58205903594551,31.84020811210379,31.896102905273438,754335000,0.0,0.0,-0.031195933729844416,0.03940343737443024,487117050.0,28.739029788970946,0,22,11,2021,0,NVDA
2021-11-23 00:00:00-05:00,31.47588799437304,32.2993423065723,30.822115096042634,31.686492919921875,532163000,0.0,0.0,-0.00657164876769023,0.03789105276547347,489430300.0,29.08982095718384,0,23,11,2021,1,NVDA
2021-11-24 00:00:00-05:00,31.40202915429508,32.793415307155215,30.870027278590047,32.612754821777344,435162000,0.0,0.0,0.029232073874389197,0.037611603186583374,498888900.0,29.500200271606445,0,24,11,2021,2,NVDA
2021-11-26 00:00:00-05:00,32.538892641019984,32.648687064891426,31.29123755997602,31.443950653076172,283069000,0.0,0.0,-0.03583886657500934,0.03927545714670624,501332150.0,29.827685356140137,0,26,11,2021,4,NVDA
2021-11-29 00:00:00-05:00,32.30532956771906,33.34936641658166,31.97594634031224,33.31343460083008,454964000,0.0,0.0,0.059454486758998115,0.04058706091383229,509455200.0,30.217403507232667,0,29,11,2021,0,NVDA
2021-11-30 00:00:00-05:00,33.106821974068005,33.290478976993946,31.804269853026124,32.61474609375,622066000,0.0,0.0,-0.02097317540061361,0.0413390764795999,527271500.0,30.559211349487306,0,30,11,2021,1,NVDA
2021-12-01 00:00:00-05:00,33.16079341132922,33.23067044842361,31.3250132144851,31.37991714477539,484368000,0.004,0.0,-0.037861062766674114,0.042762658213116055,536784300.0,30.810631561279298,0,1,12,2021,2,NVDA
2021-12-02 00:00:00-05:00,31.15930528417701,32.421090351510074,30.970635382098994,32.069705963134766,472890000,0.0,0.0,0.021981855948724816,0.042847455310527825,548433300.0,31.086709594726564,0,2,12,2021,3,NVDA
2021-12-03 00:00:00-05:00,31.943928314068653,32.07270388968225,30.077204165452407,30.639219284057617,544325000,0.0,0.0,-0.04460554395857397,0.03585034779188652,517968000.0,31.1314133644104,0,3,12,2021,4,NVDA
2021-12-06 00:00:00-05:00,29.827646678222976,30.18801423424058,27.988874974536508,29.984373092651367,658938000,0.0,0.0,-0.021372809317859565,0.03622775429815127,508351900.0,31.14582042694092,0,6,12,2021,0,NVDA
2021-12-07 00:00:00-05:00,30.902763889915704,32.3921504761924,30.597298343373435,32.37018585205078,593053000,0.0,0.0,0.07956853898620064,0.039618377984711524,512849500.0,31.227016830444335,0,7,12,2021,1,NVDA
2021-12-08 00:00:00-05:00,31.94293035042135,32.233420811693634,31.365942129474018,31.770233154296875,475551000,0.0,0.0,-0.01853411347392364,0.03988471554803994,504289750.0,31.28555154800415,0,8,12,2021,2,NVDA
2021-12-09 00:00:00-05:00,31.6783946707129,32.14857195475035,30.37468329865997,30.436574935913086,488507000,0.0,0.0,-0.041978232010658534,0.040049255568190036,496904800.0,31.337191104888916,0,9,12,2021,3,NVDA
2021-12-10 00:00:00-05:00,31.09541783592562,31.250146926619742,29.80867689462589,30.14508628845215,488825000,0.0,0.0,-0.009576920138836043,0.03952807328579656,504737450.0,31.327793693542482,0,10,12,2021,4,NVDA
2021-12-13 00:00:00-05:00,30.19599683965419,30.24091806471552,28.06673305655488,28.11165428161621,598344000,0.0,0.0,-0.06745484114321132,0.042342981163867977,514001950.0,31.21672468185425,0,13,12,2021,0,NVDA
2021-12-14 00:00:00-05:00,27.650468938752773,28.627753757846968,27.202256210292038,28.287351608276367,667035000,0.0,0.0,0.006249981765571677,0.042334362084084746,528108250.0,31.132656192779542,0,14,12,2021,1,NVDA
2021-12-15 00:00:00-05:00,28.350237826437468,30.44655863805575,27.78922227506093,30.405630111694336,698297000,0.0,0.0,0.07488429927099283,0.04569258097769836,549798900.0,31.14561834335327,0,15,12,2021,2,NVDA
2021-12-16 00:00:00-05:00,31.097417834039266,31.10540323811993,28.04377760791641,28.337261199951172,707366000,0.0,0.0,-0.06802585258536209,0.0477707050496948,563741800.0,31.102173805236816,0,16,12,2021,3,NVDA
2021-12-17 00:00:00-05:00,27.93596259636866,28.87132096888041,27.711356482242586,27.75228500366211,713758000,0.0,0.0,-0.02064335689188168,0.04374360173142431,560344150.0,30.909006595611572,0,17,12,2021,4,NVDA
2021-12-20 00:00:00-05:00,27.25715510319622,28.094683761647232,27.097435615605775,27.670429229736328,461847000,0.0,0.0,-0.002949514748604609,0.04234000385849206,556743150.0,30.646369457244873,0,20,12,2021,0,NVDA
2021-12-21 00:00:00-05:00,28.324287284215675,29.068980528617058,27.35299057184371,29.024059295654297,524385000,0.0,0.0,0.048919735023961186,0.043776563503129806,545245650.0,30.502767276763915,0,21,12,2021,1,NVDA
2021-12-22 00:00:00-05:00,28.840378926185185,29.503215046409085,28.399152043018393,29.348485946655273,395184000,0.0,0.0,0.01117785240500635,0.04389726827436957,538396700.0,30.385866928100587,0,22,12,2021,2,NVDA
2021-12-23 00:00:00-05:00,29.70286437703643,30.006332580906882,29.37943266291663,29.58806610107422,343022000,0.0,0.0,0.008163288384089418,0.043334340774370275,533789700.0,30.23463249206543,0,23,12,2021,3,NVDA
2021-12-27 00:00:00-05:00,29.60803115692007,31.032530888330538,29.58806574290571,30.890779495239258,403686000,0.0,0.0,0.04402833864555089,0.04391908101306333,539820550.0,30.206973934173583,0,27,12,2021,0,NVDA
2021-12-28 00:00:00-05:00,31.25713249472459,31.275100603124315,29.959409332433424,30.26886749267578,420591000,0.0,0.0,-0.020132609559409875,0.04180544756484244,538101900.0,30.054745578765868,0,28,12,2021,1,NVDA
2021-12-29 00:00:00-05:00,30.21995567466968,30.494473432594628,29.314543448020515,29.94843101501465,343139000,0.0,0.0,-0.010586338512290516,0.041647146219030956,524155550.0,29.9214298248291,0,29,12,2021,2,NVDA
2021-12-30 00:00:00-05:00,29.774735640296466,30.403632796140236,29.48823978184023,29.53415870666504,308864000,0.0,0.0,-0.013832855154980006,0.04094246187055517,515380350.0,29.829141902923585,0,30,12,2021,3,NVDA
2021-12-31 00:00:00-05:00,29.6220062223588,29.977383352467218,29.279606801609862,29.359466552734375,266530000,0.0,0.0,-0.005914918913577871,0.0405472689784113,505062350.0,29.693629932403564,0,31,12,2021,4,NVDA
2022-01-03 00:00:00-05:00,29.76275846512053,30.65718839576648,29.732810345904568,30.068222045898438,391547000,0.0,0.0,0.02414061208813245,0.039797883121723006,497423450.0,29.665080070495605,0,3,1,2022,0,NVDA
2022-01-04 00:00:00-05:00,30.2239519793228,30.414617312262283,28.299330538133866,29.23868179321289,527154000,0.0,0.0,-0.0275886033906253,0.03999575993109004,490834250.0,29.627795505523682,0,4,1,2022,1,NVDA
2022-01-05 00:00:00-05:00,28.898276208088276,29.36445891031009,27.4847588010758,27.555633544921875,498064000,0.0,0.0,-0.05756238465858943,0.03720305811390374,486084800.0,29.387067890167238,0,5,1,2022,2,NVDA
2022-01-06 00:00:00-05:00,27.591572191186657,28.38817437487269,27.017580773523115,28.128629684448242,454186000,0.0,0.0,0.020794155888024024,0.03761844998156289,485016550.0,29.204987716674804,0,6,1,2022,3,NVDA
2022-01-07 00:00:00-05:00,28.09169732393048,28.372205145120265,27.009594968532756,27.199262619018555,409939000,0.0,0.0,-0.03303989834753718,0.03721184734375091,481088150.0,29.04312210083008,0,7,1,2022,4,NVDA
2022-01-10 00:00:00-05:00,26.53442639235559,27.420871001183084,25.599067850438242,27.351991653442383,594681000,0.0,0.0,0.005615190255821023,0.03726738993464005,486380950.0,28.90346736907959,0,10,1,2022,0,NVDA
2022-01-11 00:00:00-05:00,27.27512701669273,28.015827528910936,26.79197578494251,27.768260955810547,404089000,0.0,0.0,0.015218975921110767,0.03435149531326003,476668200.0,28.886297702789307,0,11,1,2022,1,NVDA
2022-01-12 00:00:00-05:00,28.017819463880873,28.544894162080126,27.559624105197184,27.949939727783203,383413000,0.0,0.0,0.0065426773488543866,0.03435438466731954,462487100.0,28.869427108764647,0,12,1,2022,2,NVDA
2022-01-13 00:00:00-05:00,28.32927671947222,28.430099589302795,26.451571911307685,26.528438568115234,540171000,0.0,0.0,-0.05085882737181535,0.03129040346419076,454580800.0,28.675567531585692,0,13,1,2022,3,NVDA
2022-01-14 00:00:00-05:00,26.25391724987273,27.149346820456078,26.16407479256996,26.894792556762695,395832000,0.0,0.0,0.01380985871847673,0.02797229997304974,439004100.0,28.60344409942627,0,14,1,2022,4,NVDA
2022-01-18 00:00:00-05:00,26.213991291636056,26.591329274186194,25.724850026554577,25.857616424560547,424270000,0.0,0.0,-0.038564198999235244,0.028865777848491713,424529700.0,28.508710670471192,0,18,1,2022,1,NVDA
2022-01-19 00:00:00-05:00,26.033302835009554,26.496488575055174,25.00810199719987,25.023075103759766,488315000,0.0,0.0,-0.03227448760544305,0.029591733630029777,425853100.0,28.376342964172363,0,19,1,2022,2,NVDA
2022-01-20 00:00:00-05:00,25.25966433666662,25.534182113390173,24.035810741574327,24.107685089111328,435181000,0.0,0.0,-0.036581835400034346,0.02755966559064391,421392900.0,28.130524253845216,0,20,1,2022,3,NVDA
2022-01-21 00:00:00-05:00,23.46581426384629,24.77950853590366,23.222242284700727,23.33304786682129,718958000,0.0,0.0,-0.032132376851061406,0.027602823951516003,437581600.0,27.829752349853514,0,21,1,2022,4,NVDA
2022-01-24 00:00:00-05:00,22.290873045084584,23.339032461596926,20.851400297392644,23.33104705810547,913982000,0.0,0.0,-8.574999405308592e-05,0.027361387496014022,466129600.0,27.516901397705077,0,24,1,2022,0,NVDA
2022-01-25 00:00:00-05:00,22.506498487282812,22.902804199645608,21.961455562338493,22.284887313842773,664616000,0.0,0.0,-0.044839811160521714,0.024990918487910806,479176100.0,27.086606788635255,0,25,1,2022,1,NVDA
2022-01-26 00:00:00-05:00,23.199277994324547,24.01484586051624,22.260924555461028,22.732097625732422,755959000,0.0,0.0,0.020067874052558166,0.026218549411631237,495944500.0,26.709768295288086,0,26,1,2022,2,NVDA
2022-01-27 00:00:00-05:00,23.52670088427018,23.952952667040794,21.63701657115856,21.905546188354492,573353000,0.0,0.0,-0.03636054406357492,0.026677368193724894,507455200.0,26.307624053955077,0,27,1,2022,3,NVDA
2022-01-28 00:00:00-05:00,21.973431793431153,22.81795018269309,21.2586866967448,22.79998207092285,543774000,0.0,0.0,0.04083148052450136,0.029475398854847637,519200700.0,25.970915222167967,0,28,1,2022,4,NVDA
2022-01-31 00:00:00-05:00,23.141378345935742,24.466054667495563,23.01160697733415,24.44309425354004,564680000,0.0,0.0,0.07206638046933689,0.03502010481587756,534108200.0,25.72509660720825,0,31,1,2022,0,NVDA
2022-02-01 00:00:00-05:00,25.060012633846654,25.100941158842325,23.84813911503411,24.594829559326172,518925000,0.0,0.0,0.006207696301140597,0.03436272233471467,540477100.0,25.45142698287964,0,1,2,2022,1,NVDA
2022-02-02 00:00:00-05:00,25.74880194425847,25.771760453388616,24.509975414365016,25.197769165039062,543419000,0.0,0.0,0.024514892622391038,0.03488524013086624,541290350.0,25.249381351470948,0,2,2,2022,2,NVDA
2022-02-03 00:00:00-05:00,24.415148787050356,25.03306375636469,23.73833717286738,23.906042098999023,410178000,0.0,0.0,-0.05126354867288252,0.034428584140396686,536896050.0,25.066901779174806,0,3,2,2022,3,NVDA
2022-02-04 00:00:00-05:00,23.92999606449557,24.59183445369835,23.590591664698938,24.27638816833496,354829000,0.0,0.0,0.01549173501001433,0.03422703171518883,531928200.0,24.87428970336914,0,4,2,2022,4,NVDA
2022-02-07 00:00:00-05:00,24.329296178413642,25.137876398379763,24.15959396888923,24.684673309326172,376868000,0.0,0.0,0.016818199567419923,0.03402899511503089,530274650.0,24.748560237884522,0,7,2,2022,0,NVDA
2022-02-08 00:00:00-05:00,24.31631676739425,25.185790867488787,23.937981150661084,25.06400489807129,410359000,0.0,0.0,0.015367089691310731,0.034247541648692925,521058550.0,24.634160900115965,0,8,2,2022,1,NVDA
2022-02-09 00:00:00-05:00,25.577104409106095,26.678172352297,25.308576654463888,26.658206939697266,524282000,0.0,0.0,0.0636052397894582,0.037240180685739456,527068200.0,24.578658199310304,0,9,2,2022,2,NVDA
2022-02-10 00:00:00-05:00,25.94945126409118,26.877820078131588,25.55514294337122,25.778749465942383,513200000,0.0,0.0,-0.03299012104393506,0.03784172556740618,533557550.0,24.47009868621826,0,10,2,2022,3,NVDA
2022-02-11 00:00:00-05:00,25.870592262319995,26.10617882145909,23.731347419157586,23.90703773498535,605472000,0.0,0.0,-0.07260676990673443,0.03955230948459748,536822600.0,24.33902864456177,0,11,2,2022,4,NVDA
2022-02-14 00:00:00-05:00,23.89206297353471,24.831414142549452,23.713375763493875,24.22447967529297,440424000,0.0,0.0,0.013278179581532878,0.03953957019255418,539052200.0,24.20551300048828,0,14,2,2022,0,NVDA
2022-02-15 00:00:00-05:00,24.905279869769412,26.498483779398263,24.740569998634584,26.448572158813477,699869000,0.0,0.0,0.0918117752510037,0.04410675232389016,552832150.0,24.23506078720093,0,15,2,2022,1,NVDA
2022-02-16 00:00:00-05:00,26.212992641734825,26.535426670922043,25.50723063832826,26.464550018310547,732676000,0.0,0.0,0.00060411047526987,0.043366748149621936,565050200.0,24.307134532928465,0,16,2,2022,2,NVDA
2022-02-17 00:00:00-05:00,25.58508935405849,25.739818442923863,24.122658131455818,24.46405792236328,810595000,0.0,0.0,-0.0755913890303499,0.04606658105499096,583820900.0,24.324953174591066,0,17,2,2022,3,NVDA
2022-02-18 00:00:00-05:00,24.624775798711664,24.942219388593067,23.05952437299927,23.600574493408203,761255000,0.0,0.0,-0.03529600165660762,0.046194265536748144,585935750.0,24.33832950592041,0,18,2,2022,4,NVDA
2022-02-22 00:00:00-05:00,22.994638666049642,24.02183501533585,22.959700144237637,23.349016189575195,633422000,0.0,0.0,-0.010658990691233772,0.04627478236688267,571907750.0,24.339227962493897,0,22,2,2022,1,NVDA
2022-02-23 00:00:00-05:00,23.76029414716043,24.11267625980038,22.26192474986699,22.3477725982666,566511000,0.0,0.0,-0.0428816179311069,0.04617453358467095,567002500.0,24.34237222671509,0,23,2,2022,2,NVDA
2022-02-24 00:00:00-05:00,20.978177373546444,23.758297405959556,20.853396395775633,23.706388473510742,735801000,0.0,0.0,0.06079424109360776,0.047917811957022154,565994600.0,24.391086769104003,0,24,2,2022,3,NVDA
2022-02-25 00:00:00-05:00,23.679436747579647,24.174566042065802,23.340032343064628,24.11467170715332,528866000,0.0,0.0,0.01722249823497113,0.04708091371215839,563770250.0,24.501543045043945,0,25,2,2022,4,NVDA
2022-02-28 00:00:00-05:00,23.94996266290202,24.621783791712947,23.665462181929623,24.342273712158203,477319000,0.0,0.0,0.009438320694092894,0.0463718110566535,560447500.0,24.578657627105713,0,28,2,2022,0,NVDA
2022-03-01 00:00:00-05:00,24.248438306705097,24.33428806146982,23.0914686803487,23.435863494873047,412056000,0.0,0.0,-0.03723605395302221,0.044361801116512334,552816300.0,24.528296089172365,0,1,3,2022,1,NVDA
2022-03-02 00:00:00-05:00,23.718417851383332,24.370384664963016,23.377957719167526,24.181682586669922,389642000,0.004,0.0,0.03182383665786559,0.04495184356607707,546352150.0,24.50763874053955,0,2,3,2022,2,NVDA
2022-03-03 00:00:00-05:00,24.2236146029454,24.287514431211836,23.431869927038584,23.676483154296875,365095000,0.0,0.0,-0.020891822997111675,0.044800900499415444,537435950.0,24.431574440002443,0,3,3,2022,3,NVDA
2022-03-04 00:00:00-05:00,23.347004684636605,23.64253590739631,22.4464313225243,22.89971351623535,431415000,0.0,0.0,-0.03280764431944583,0.0439175721953682,538497800.0,24.381258010864258,0,4,3,2022,4,NVDA
2022-03-07 00:00:00-05:00,22.780898565156743,22.99655831994982,21.296251771928134,21.31821632385254,450821000,0.0,0.0,-0.06906187674625575,0.04623139844421388,543297400.0,24.233349418640138,0,7,3,2022,0,NVDA
2022-03-08 00:00:00-05:00,21.2752877029685,22.33760355868449,20.617329890460645,21.479963302612305,557467000,0.0,0.0,0.007587266040582907,0.046042943360796035,552327350.0,24.073113918304443,0,8,3,2022,1,NVDA
2022-03-09 00:00:00-05:00,22.351581700991208,23.183264033281336,22.211803797860465,22.977590560913086,492742000,0.0,0.0,0.06972205851574453,0.04888248284980146,556446500.0,23.968793201446534,0,9,3,2022,2,NVDA
2022-03-10 00:00:00-05:00,22.495352455569837,22.751945809586083,21.847379110824843,22.62215232849121,428066000,0.0,0.0,-0.015468907911802887,0.04632512665894621,551635700.0,23.76699047088623,0,10,3,2022,3,NVDA
2022-03-11 00:00:00-05:00,22.985573116409018,23.10837959824057,22.011117546603547,22.065032958984375,367209000,0.0,0.0,-0.02462716020195732,0.046116983323965056,544336150.0,23.58130464553833,0,11,3,2022,4,NVDA
2022-03-14 00:00:00-04:00,21.83439804179049,22.22677588125091,21.125522327882823,21.29625129699707,385354000,0.0,0.0,-0.03484162762939702,0.04400291867853667,533330250.0,23.450765323638915,0,14,3,2022,0,NVDA
2022-03-15 00:00:00-04:00,21.48395879599291,23.001554656997122,21.288269715464182,22.936656951904297,491996000,0.0,0.0,0.07702790655642455,0.04755138751332399,535908850.0,23.38637418746948,0,15,3,2022,1,NVDA
2022-03-16 00:00:00-04:00,23.462822196971896,24.558086827363052,23.13534198778977,24.457246780395508,671422000,0.0,0.0,0.06629518118877242,0.04519524847943423,534486500.0,23.286807918548583,0,16,3,2022,2,NVDA
2022-03-17 00:00:00-04:00,24.081845795250025,24.802701892530575,23.86818361763717,24.726823806762695,471941000,0.0,0.0,0.01102237830724584,0.045298198615621614,521449750.0,23.19992160797119,0,17,3,2022,3,NVDA
2022-03-18 00:00:00-04:00,24.759763731529954,26.52696376041995,24.58504137175166,26.41114616394043,730719000,0.0,0.0,0.06811721433939599,0.04447108465942879,517455950.0,23.29727602005005,0,18,3,2022,4,NVDA
2022-03-21 00:00:00-04:00,26.46506364568239,27.10904365797584,25.925917057437342,26.69170379638672,591727000,0.0,0.0,0.010622698110290152,0.04346805723196145,508979550.0,23.451832485198974,0,21,3,2022,0,NVDA
2022-03-22 00:00:00-04:00,26.6847145409987,27.19490767313814,26.03075203419893,26.482036590576172,547007000,0.0,0.0,-0.00785514508215579,0.043412388739090695,504658800.0,23.608483505249023,0,22,3,2022,1,NVDA
2022-03-23 00:00:00-04:00,26.08466704185797,26.569898230749118,25.534540056766478,25.593446731567383,502120000,0.0,0.0,-0.033554438155447563,0.04289306087885661,501439250.0,23.770767211914062,0,23,3,2022,2,NVDA
2022-03-24 00:00:00-04:00,26.124604467332354,28.27519606311892,25.866013441097486,28.105464935302734,877379000,0.0,0.0,0.0981508364263024,0.04602720321946499,508518150.0,23.990721035003663,0,24,3,2022,3,NVDA
2022-03-25 00:00:00-04:00,27.841880951681336,28.313134317487354,27.227854178048023,27.6481876373291,579016000,0.0,0.0,-0.016270049224457295,0.04634097435761801,511025650.0,24.167396831512452,0,25,3,2022,4,NVDA
2022-03-28 00:00:00-04:00,27.712091473209046,28.205309464089712,27.162960411840395,28.174358367919922,425494000,0.0,0.0,0.01903093025455349,0.046407767388375876,508434400.0,24.359001064300536,0,28,3,2022,0,NVDA
2022-03-29 00:00:00-04:00,28.649602225179738,28.90020457741188,27.935733252172543,28.61066436767578,488984000,0.0,0.0,0.015485924969728782,0.045163399146194494,512280800.0,24.617741107940674,0,29,3,2022,1,NVDA
2022-03-30 00:00:00-04:00,28.25922341895474,28.450919107839006,27.45949002112841,27.646194458007812,463487000,0.0,0.0,-0.03371015427232171,0.04594179566416838,515973050.0,24.790966701507568,0,30,3,2022,2,NVDA
2022-03-31 00:00:00-04:00,27.738047789237637,28.20331016980752,27.226858654060223,27.24283218383789,523440000,0.0,0.0,-0.014590155429261453,0.045756629074308316,523890300.0,24.96928415298462,0,31,3,2022,3,NVDA
2022-04-01 00:00:00-04:00,27.331693851549694,27.452502723877,26.22544686101505,26.669742584228516,517235000,0.0,0.0,-0.021036344376461957,0.04527710370428363,528181300.0,25.157785606384277,0,1,4,2022,4,NVDA
2022-04-04 00:00:00-04:00,26.685713274366496,27.51440002424251,26.570895448674566,27.316713333129883,397120000,0.0,0.0,0.024258604928716565,0.04150349458810883,525496250.0,25.457710456848144,0,4,4,2022,0,NVDA
2022-04-05 00:00:00-04:00,27.210877434716057,27.275775122550794,25.779146346741044,25.889970779418945,436615000,0.0,0.0,-0.05222965648581801,0.04401379701682278,519453650.0,25.678210830688478,0,5,4,2022,1,NVDA
2022-04-06 00:00:00-04:00,24.89455002716388,25.25997017360934,23.965023277210598,24.368383407592773,703833000,0.0,0.0,-0.05877130510459083,0.044257397937590266,530008200.0,25.74775047302246,0,6,4,2022,2,NVDA
2022-04-07 00:00:00-04:00,24.402331794404898,24.68288736044798,23.44085601511471,24.169700622558594,557992000,0.0,0.0,-0.00815330183011953,0.04411931777452714,536504500.0,25.82512788772583,0,7,4,2022,3,NVDA
2022-04-08 00:00:00-04:00,23.879158080016047,23.88514910472886,23.0255113273418,23.082420349121094,524781000,0.0,0.0,-0.04498526028173866,0.04504500081883891,544383100.0,25.875997257232665,0,8,4,2022,4,NVDA
2022-04-11 00:00:00-04:00,22.17885714219664,22.28468843988748,21.625732742259814,21.882326126098633,575207000,0.0,0.0,-0.05199169778866608,0.045961234306353835,553875750.0,25.905300998687743,0,11,4,2022,0,NVDA
2022-04-12 00:00:00-04:00,22.501344972589628,22.68904726444352,21.248329435806077,21.46997833251953,662258000,0.0,0.0,-0.018843873873504835,0.04264158120995052,562388850.0,25.831967067718505,0,12,4,2022,1,NVDA
2022-04-13 00:00:00-04:00,21.69362263552108,22.464400538589988,21.421053859624465,22.167869567871094,516943000,0.0,0.0,0.032505446654061076,0.04038411281830842,554664900.0,25.717498207092284,0,13,4,2022,2,NVDA
2022-04-14 00:00:00-04:00,22.469398042646155,22.740969024763153,21.12952192442176,21.2243709564209,569097000,0.0,0.0,-0.04256153747934588,0.04109643602810017,559522700.0,25.542375564575195,0,14,4,2022,3,NVDA
2022-04-18 00:00:00-04:00,21.166461128057538,22.05305484356052,21.04565226764047,21.748538970947266,525701000,0.0,0.0,0.024696515887449255,0.03795630605146353,549271800.0,25.30924520492554,0,18,4,2022,0,NVDA
2022-04-19 00:00:00-04:00,21.685635559735957,22.337602310242648,21.28027776536861,22.162879943847656,512781000,0.0,0.0,0.019051439430202155,0.038231329175761504,545324500.0,25.082804012298585,0,19,4,2022,1,NVDA
2022-04-20 00:00:00-04:00,22.481375661869,22.634133476038546,21.16645987408989,21.448013305664062,468974000,0.0,0.0,-0.032255132906679806,0.03859494646116256,541422850.0,24.83110284805298,0,20,4,2022,2,NVDA
2022-04-21 00:00:00-04:00,21.67465447269553,22.35657448244033,19.968358596275365,20.15106964111328,656209000,0.0,0.0,-0.06046917474674818,0.039913927224078306,549127300.0,24.558983993530273,0,21,4,2022,3,NVDA
2022-04-22 00:00:00-04:00,20.270882535194318,20.453593614363914,19.469153289651153,19.484128952026367,624713000,0.0,0.0,-0.03309703658242469,0.030734093153646707,536494000.0,24.127917194366454,0,22,4,2022,4,NVDA
2022-04-25 00:00:00-04:00,19.17162060867915,19.913445155411033,19.065789314403048,19.870513916015625,641566000,0.0,0.0,0.01983075378635668,0.03186172656798638,539621500.0,23.739033508300782,0,25,4,2022,0,NVDA
2022-04-26 00:00:00-04:00,19.686802954155635,19.75669189674931,18.640460745330987,18.75827407836914,653143000,0.0,0.0,-0.05597438709172087,0.03194893704035748,551003950.0,23.268229293823243,0,26,4,2022,1,NVDA
2022-04-27 00:00:00-04:00,18.568577222764382,19.136677298891684,18.26106582462468,18.385868072509766,499460000,0.0,0.0,-0.019852892878285067,0.030862673390704174,551527750.0,22.75698947906494,0,27,4,2022,2,NVDA
2022-04-28 00:00:00-04:00,18.936992635336562,20.005301459653204,18.460747981111204,19.750703811645508,570327000,0.0,0.0,0.07423286916631477,0.03735395584134638,556869750.0,22.362214946746825,0,28,4,2022,3,NVDA
2022-04-29 00:00:00-04:00,19.371301116308935,20.096152216677037,18.48770120165283,18.517654418945312,500435000,0.0,0.0,-0.06243065586215513,0.03876331360255141,555719500.0,21.925956058502198,0,29,4,2022,4,NVDA
2022-05-02 00:00:00-04:00,18.511666932632682,19.543031679322635,18.361904626208553,19.502098083496094,572049000,0.0,0.0,0.05316243851832558,0.04192023945269356,558460200.0,21.567573833465577,0,2,5,2022,0,NVDA
2022-05-03 00:00:00-04:00,19.36930572544229,19.79363445026666,19.102727963969997,19.570985794067383,475751000,0.0,0.0,0.0035323230493640168,0.04115582838449016,562391750.0,21.180287456512453,0,3,5,2022,1,NVDA
2022-05-04 00:00:00-04:00,19.89147934504061,20.3677239478754,18.721332730387665,20.301828384399414,648855000,0.0,0.0,0.03734316697289586,0.04184284542100542,573003750.0,20.900880336761475,0,4,5,2022,2,NVDA
2022-05-05 00:00:00-04:00,19.835572309102805,19.893479216319392,18.470734233072054,18.814189910888672,626331000,0.0,0.0,-0.07327608357944215,0.04282402566979351,569128650.0,20.62317066192627,0,5,5,2022,3,NVDA
2022-05-06 00:00:00-04:00,18.706358724203252,19.481130122104307,17.96153864595354,18.64545440673828,633297000,0.0,0.0,-0.008968523489429447,0.042820582649326346,572893900.0,20.346958351135253,0,6,5,2022,4,NVDA
2022-05-09 00:00:00-04:00,18.00547209138607,18.226121253556457,16.80038073484784,16.923187255859375,644455000,0.0,0.0,-0.09236927742863144,0.0459380075178191,578877600.0,20.038996696472168,0,9,5,2022,0,NVDA
2022-05-10 00:00:00-04:00,17.661014619319474,18.16921014217234,16.998065530145627,17.567163467407227,761474000,0.0,0.0,0.03805289168119819,0.046467926437075494,588190950.0,19.823238563537597,0,10,5,2022,1,NVDA
2022-05-11 00:00:00-04:00,17.31955580309831,17.72491361626801,16.54178891271083,16.603689193725586,670167000,0.0,0.0,-0.05484518177730835,0.047518683719436065,588586400.0,19.5799241065979,0,11,5,2022,2,NVDA
2022-05-12 00:00:00-04:00,16.193341264041266,16.761441344854425,15.542373259298687,16.149410247802734,708728000,0.0,0.0,-0.027360121032289686,0.046462349183430396,598175650.0,19.27900114059448,0,12,5,2022,3,NVDA
2022-05-13 00:00:00-04:00,16.761441081977896,17.899636964841285,16.5667498814177,17.677988052368164,670437000,0.0,0.0,0.0946522368996976,0.051936420210538216,603242650.0,19.101681995391846,0,13,5,2022,4,NVDA
2022-05-16 00:00:00-04:00,17.48130380079539,17.759861788512186,17.078941416612707,17.236690521240234,521446000,0.0,0.0,-0.024963108348113883,0.051485297090836525,603029900.0,18.876089572906494,0,16,5,2022,0,NVDA
2022-05-17 00:00:00-04:00,18.045407159251763,18.341938202359145,17.60610459037376,18.148244857788086,585830000,0.0,0.0,0.05288453345638322,0.053033026733827746,606682350.0,18.675357818603516,0,17,5,2022,1,NVDA
2022-05-18 00:00:00-04:00,17.676988175468864,18.089334859232448,16.837319149393423,16.91120147705078,545161000,0.0,0.0,-0.0681632516219024,0.05446421848542831,610491700.0,18.44851722717285,0,18,5,2022,2,NVDA
2022-05-19 00:00:00-04:00,16.91020226237054,17.659015599508766,16.707522431730485,17.096906661987305,621310000,0.0,0.0,0.010981194043991005,0.05333913690874748,608746750.0,18.295809078216553,0,19,5,2022,3,NVDA
2022-05-20 00:00:00-04:00,17.304578335009833,17.382454041124078,15.730072820642876,16.667587280273438,739105000,0.0,0.0,-0.025110939083992423,0.05316175717025321,614466350.0,18.154981994628905,0,20,5,2022,4,NVDA
2022-05-23 00:00:00-04:00,16.24825029256108,16.888236803475092,16.15340129384625,16.87126350402832,639889000,0.0,0.0,0.012219898437006549,0.05299083305666994,614382500.0,18.00501947402954,0,23,5,2022,0,NVDA
2022-05-24 00:00:00-04:00,16.483878501085666,16.57074074512232,15.755032994513659,16.128440856933594,588550000,0.0,0.0,-0.04402886878729406,0.05247233606688072,611152850.0,17.873527812957764,0,24,5,2022,1,NVDA
2022-05-25 00:00:00-04:00,15.994655856173082,17.083929432634935,15.974687040333203,16.948144912719727,781132000,0.0,0.0,0.05082351499796367,0.05386692632991367,625236450.0,17.80164165496826,0,25,5,2022,2,NVDA
2022-05-26 00:00:00-04:00,16.010628703746065,18.063375657281167,15.996650914119456,17.822757720947266,996575000,0.0,0.0,0.051605223623686136,0.05238365294292327,646548850.0,17.70524435043335,0,26,5,2022,3,NVDA
2022-05-27 00:00:00-04:00,18.15722925835725,18.85112941351262,18.07136487475826,18.781240463256836,738379000,0.0,0.0,0.05377858787717549,0.05198299844679798,658446050.0,17.718423652648926,0,27,5,2022,4,NVDA
2022-05-31 00:00:00-04:00,18.949973180036782,19.169626358774867,18.32097067803956,18.6424617767334,664100000,0.0,0.0,-0.007389218342363502,0.05059090243556848,663048600.0,17.675441837310792,0,31,5,2022,1,NVDA
2022-06-01 00:00:00-04:00,18.694377690643833,19.022855747717312,18.093328926485647,18.291015625,544514000,0.0,0.0,-0.018851917517246464,0.05073206178845526,666486750.0,17.611443328857423,0,1,6,2022,2,NVDA
2022-06-02 00:00:00-04:00,18.263056649595164,19.587956621485738,18.169205521550257,19.560998916625977,648656000,0.0,0.0,0.06943208172050186,0.0525226024942942,666476800.0,17.57440185546875,0,2,6,2022,3,NVDA
2022-06-03 00:00:00-04:00,19.05180874846502,19.30141319266901,18.49269342232993,18.690380096435547,598779000,0.0,0.0,-0.044507891641997976,0.05079130986555401,665099200.0,17.568211364746094,0,3,6,2022,4,NVDA
2022-06-06 00:00:00-04:00,19.108717283101193,19.306403952174403,18.534626314314043,18.756275177001953,422406000,0.0,0.0,0.0035256147936217896,0.05074043701305142,654554650.0,17.573752403259277,0,6,6,2022,0,NVDA
2022-06-07 00:00:00-04:00,18.44277494540007,18.969939456850092,18.159223875312634,18.89605712890625,388914000,0.0,0.0,0.007452543246736498,0.04567584024008301,641777600.0,17.67239589691162,0,7,6,2022,1,NVDA
2022-06-08 00:00:00-04:00,18.773226668072084,19.15370484145058,18.509588668664488,18.622434616088867,363252000,0.004,0.0,-0.014480402496180433,0.045275156956243796,621866500.0,17.725159454345704,0,8,6,2022,2,NVDA
2022-06-09 00:00:00-04:00,18.45565931105647,18.90703918264308,18.0162621162253,18.023252487182617,395574000,0.0,0.0,-0.03217528434163952,0.04399310570215374,608136850.0,17.796137619018555,0,9,6,2022,3,NVDA
2022-06-10 00:00:00-04:00,17.575870567979027,17.672737701708236,16.84587187879017,16.950729370117188,465248000,0.0,0.0,-0.0595077452212448,0.04578894078296419,595962850.0,17.836203575134277,0,10,6,2022,4,NVDA
2022-06-13 00:00:00-04:00,15.978063114136962,16.289635619144264,15.5846032566188,15.625547409057617,604153000,0.0,0.0,-0.07817846253835914,0.043933875442208885,592648650.0,17.73358154296875,0,13,6,2022,0,NVDA
2022-06-14 00:00:00-04:00,15.709431606714736,16.043972335554802,15.39086873500502,15.814288139343262,469680000,0.0,0.0,0.012078983561000678,0.04383901289632653,590060350.0,17.6624614238739,0,14,6,2022,1,NVDA
2022-06-15 00:00:00-04:00,16.072930448129153,16.84487125542123,15.904162502265947,16.50433921813965,563936000,0.0,0.0,0.043634659538019704,0.04325914174182682,588965650.0,17.580266141891478,0,15,6,2022,2,NVDA
2022-06-16 00:00:00-04:00,15.838254590231825,15.920142894443504,15.379884274081553,15.579609870910645,545749000,0.0,0.0,-0.056029468069381916,0.04238587576590502,588995050.0,17.51368656158447,0,16,6,2022,3,NVDA
2022-06-17 00:00:00-04:00,15.626546404282076,15.973070790259849,15.306985428048275,15.85822868347168,630334000,0.0,0.0,0.01788355516406459,0.042535568490287126,589446250.0,17.45175266265869,0,17,6,2022,4,NVDA
2022-06-21 00:00:00-04:00,16.452414335241084,16.98468267040784,16.38450676600433,16.543289184570312,483089000,0.0,0.0,0.04319905550439196,0.043391431190624025,576645450.0,17.445537757873534,0,21,6,2022,1,NVDA
2022-06-22 00:00:00-04:00,16.20375313433491,16.63915617828488,16.157816675124355,16.337570190429688,437135000,0.0,0.0,-0.012435193016664181,0.04339189451126992,566507750.0,17.418853092193604,0,22,6,2022,2,NVDA
2022-06-23 00:00:00-04:00,16.49635060350386,16.56226009847651,15.831264314401132,16.202754974365234,463680000,0.0,0.0,-0.008251852294622442,0.04223401223739212,560264250.0,17.422568798065186,0,23,6,2022,3,NVDA
2022-06-24 00:00:00-04:00,16.4773787732115,17.11650073429401,16.287638726739992,17.102519989013672,472153000,0.0,0.0,0.05553160657381895,0.0425378920032946,544815300.0,17.430287551879882,0,24,6,2022,4,NVDA
2022-06-27 00:00:00-04:00,17.288264381866544,17.306239352209836,16.603204110211394,16.845870971679688,427968000,0.0,0.0,-0.015006502988965997,0.040972068826878275,516384950.0,17.381443214416503,0,27,6,2022,0,NVDA
2022-06-28 00:00:00-04:00,16.876830411741455,17.17841642783328,15.923139753787774,15.960089683532715,461149000,0.0,0.0,-0.052581507340053624,0.040245268451929044,502523450.0,17.240385675430296,0,28,6,2022,1,NVDA
2022-06-29 00:00:00-04:00,15.792319274408227,15.798310614181643,15.149202139419758,15.520691871643066,482352000,0.0,0.0,-0.027531036516856733,0.04049797216852117,493436050.0,17.08429718017578,0,29,6,2022,2,NVDA
2022-06-30 00:00:00-04:00,15.339939689323622,15.545657585028724,14.84162423644088,15.138216972351074,686070000,0.0,0.0,-0.02464290267824909,0.04059766468527959,500513850.0,16.926657247543336,0,30,6,2022,3,NVDA
2022-07-01 00:00:00-04:00,14.878573864617884,15.042348581207367,14.372268984402996,14.50308895111084,577610000,0.0,0.0,-0.04195527269824795,0.03678663585206609,496961550.0,16.673761749267577,0,1,7,2022,4,NVDA
2022-07-05 00:00:00-04:00,14.15556645659554,14.950474678954091,14.035731089261596,14.94348430633545,651397000,0.0,0.0,0.03036562464100978,0.03734542243580768,499592450.0,16.486416959762572,0,5,7,2022,1,NVDA
2022-07-06 00:00:00-04:00,14.989419487557397,15.29799582198432,14.768721837994862,15.109254837036133,529066000,0.0,0.0,0.011093164572763214,0.037532397510298764,504925450.0,16.304065942764282,0,6,7,2022,2,NVDA
2022-07-07 00:00:00-04:00,15.434810545701199,15.92313950679781,15.3679020124272,15.836258888244629,492903000,0.0,0.0,0.048116472920057385,0.03957766485548444,510124900.0,16.1510760307312,0,7,7,2022,3,NVDA
2022-07-08 00:00:00-04:00,15.408846399801957,16.01501457786156,15.367902243432237,15.81628704071045,467972000,0.0,0.0,-0.0012611468197836206,0.03957489371117031,515360900.0,16.01076865196228,0,8,7,2022,4,NVDA
2022-07-11 00:00:00-04:00,15.504713369588908,15.505712402359757,15.017382517341197,15.131226539611816,437321000,0.0,0.0,-0.04331361079470275,0.040018040577930694,517448250.0,15.866167354583741,0,11,7,2022,0,NVDA
2022-07-12 00:00:00-04:00,15.247066109475627,15.409842731268506,14.856602404665553,15.061321258544922,458483000,0.0,0.0,-0.004619934866740061,0.03813310382379692,517110000.0,15.771696949005127,0,12,7,2022,1,NVDA
2022-07-13 00:00:00-04:00,14.569996097816231,15.353919647779461,14.445167482793634,15.143208503723145,521918000,0.0,0.0,0.005436923080819556,0.0340784276522166,512998250.0,15.747580003738403,0,13,7,2022,2,NVDA
2022-07-14 00:00:00-04:00,15.087285563609488,15.451784891767781,14.707806458761096,15.350923538208008,456235000,0.0,0.0,0.013716712309270074,0.0341134950340831,512326000.0,15.724411773681641,0,14,7,2022,3,NVDA
2022-07-15 00:00:00-04:00,15.63753135293556,15.760361907974943,15.423824053568111,15.740389823913574,385935000,0.0,0.0,0.025370870015487768,0.033086677550922684,503425950.0,15.686214303970337,0,15,7,2022,4,NVDA
2022-07-18 00:00:00-04:00,16.27964880664775,16.87383233225247,15.98006089057034,16.07892417907715,670517000,0.0,0.0,0.021507367921044462,0.03087217009865196,509664350.0,15.711180019378663,0,18,7,2022,0,NVDA
2022-07-19 00:00:00-04:00,16.463395590625716,17.086540553268563,16.1498269486933,16.96870231628418,702366000,0.0,0.0,0.05533816362943389,0.032950461771306346,513265950.0,15.766703701019287,0,19,7,2022,1,NVDA
2022-07-20 00:00:00-04:00,16.92376734668727,17.908415670341522,16.777967593941465,17.7825870513916,760538000,0.0,0.0,0.04796387607827679,0.03326525232603881,527138400.0,15.828668594360352,0,20,7,2022,2,NVDA
2022-07-21 00:00:00-04:00,17.86047860589084,18.119122370641218,17.520944617991347,18.025251388549805,557049000,0.0,0.0,0.013646177378854096,0.03309195533336514,533134100.0,15.913052654266357,0,21,7,2022,3,NVDA
2022-07-22 00:00:00-04:00,17.8684661344218,17.94236407699637,17.113502185798406,17.29525375366211,536671000,0.0,0.0,-0.04049861048547776,0.03454803394967486,536783650.0,15.967677593231201,0,22,7,2022,4,NVDA
2022-07-25 00:00:00-04:00,16.995663824282083,17.100521303135608,16.626172209363542,17.00065803527832,480748000,0.0,0.0,-0.017033327326660963,0.032587743749934756,537213400.0,15.962584495544434,0,25,7,2022,0,NVDA
2022-07-26 00:00:00-04:00,16.86584492916972,16.89580448453477,16.455409115756805,16.510334014892578,397865000,0.0,0.0,-0.028841473039941334,0.033070907213724555,535708250.0,15.945807647705077,0,26,7,2022,1,NVDA
2022-07-27 00:00:00-04:00,17.00864767966369,17.911409474895198,16.88981135399597,17.765609741210938,569776000,0.0,0.0,0.07602969904703816,0.03486343733876125,541139600.0,16.03608365058899,0,27,7,2022,2,NVDA
2022-07-28 00:00:00-04:00,17.950356423261784,18.115129215664382,17.416090067566007,17.95934295654297,474646000,0.0,0.0,0.010904957282869221,0.03396892001234203,540754300.0,16.158016204833984,0,28,7,2022,3,NVDA
2022-07-29 00:00:00-04:00,17.788577248891293,18.218986083426355,17.66774285617166,18.138097763061523,435460000,0.0,0.0,0.009953304358132353,0.03309597949298686,528223800.0,16.308010244369505,0,29,7,2022,4,NVDA
2022-08-01 00:00:00-04:00,18.15707238058243,18.820163524797316,17.965336169045,18.41571807861328,476469000,0.0,0.0,0.01530592232869843,0.030798719168838924,523166750.0,16.50364170074463,0,1,8,2022,0,NVDA
2022-08-02 00:00:00-04:00,18.097155349870032,18.912036637847795,18.06719579272413,18.500600814819336,489527000,0.0,0.0,0.004609254759641024,0.03054803433027106,515073250.0,16.681497526168823,0,2,8,2022,1,NVDA
2022-08-03 00:00:00-04:00,18.15907024025615,18.9419957935247,18.11213379219575,18.867097854614258,418146000,0.0,0.0,0.019810007440480115,0.03060898449104189,509527250.0,16.869389677047728,0,3,8,2022,2,NVDA
2022-08-04 00:00:00-04:00,18.823158426576263,19.247574977869366,18.734279747108175,19.188655853271484,409652000,0.0,0.0,0.017043320659864136,0.029423968584208975,505364700.0,17.037009525299073,0,4,8,2022,3,NVDA
2022-08-05 00:00:00-04:00,18.784207691004337,19.2026337940128,18.64040603903881,18.962963104248047,386068000,0.0,0.0,-0.011761780019883927,0.02972859604910082,501269500.0,17.194343328475952,0,5,8,2022,4,NVDA
2022-08-08 00:00:00-04:00,17.47800666761525,18.213995799408384,17.218362882676377,17.768606185913086,981859000,0.0,0.0,-0.06298366514605536,0.031820528476896585,528496400.0,17.326212310791014,0,8,8,2022,0,NVDA
2022-08-09 00:00:00-04:00,17.228347155139414,17.42307949226524,16.70107120055864,17.06257438659668,668263000,0.0,0.0,-0.03973478796981533,0.0335091005255729,538985400.0,17.426274967193603,0,9,8,2022,1,NVDA
2022-08-10 00:00:00-04:00,17.673734322817726,18.093158539293153,17.293256191756413,18.072187423706055,597422000,0.0,0.0,0.0591712020843973,0.03549056156204318,542760600.0,17.57272391319275,0,10,8,2022,2,NVDA
2022-08-11 00:00:00-04:00,18.10614424417863,18.681354803668896,17.85149276386308,17.917402267456055,509327000,0.0,0.0,-0.008564826859141728,0.03569953370259891,545415200.0,17.70104784965515,0,11,8,2022,3,NVDA
2022-08-12 00:00:00-04:00,18.13510064991279,18.692336139246862,17.92838373644259,18.683347702026367,478094000,0.0,0.0,0.04274868773591822,0.0363410223384865,550023150.0,17.84819574356079,0,12,8,2022,4,NVDA
2022-08-15 00:00:00-04:00,18.675361478518084,19.137726058613044,18.587482780164496,19.00590705871582,457666000,0.0,0.0,0.017264537481924025,0.0362779140086248,539380600.0,17.994544887542723,0,15,8,2022,0,NVDA
2022-08-16 00:00:00-04:00,18.894059233195584,19.115754975228306,18.47563309117103,18.85311508178711,451240000,0.0,0.0,-0.008039183631524893,0.03475498966739124,526824300.0,18.08876552581787,0,16,8,2022,1,NVDA
2022-08-17 00:00:00-04:00,18.497604095833214,18.66237687623196,18.12012210718254,18.309860229492188,446799000,0.0,0.0,-0.028815124181771345,0.03409241840307802,511137350.0,18.1151291847229,0,17,8,2022,2,NVDA
2022-08-18 00:00:00-04:00,18.275911803660716,18.839137794765332,18.158073539060755,18.747264862060547,415447000,0.0,0.0,0.023889020838281372,0.034352351759389874,504057250.0,18.151229858398438,0,18,8,2022,3,NVDA
2022-08-19 00:00:00-04:00,18.38076519901237,18.49460922307441,17.74563748579289,17.82452964782715,441588000,0.0,0.0,-0.04921972463838009,0.03497686645331232,499303100.0,18.17769365310669,0,19,8,2022,4,NVDA
2022-08-22 00:00:00-04:00,17.466021020329865,17.5339285848503,16.942739255547924,17.01064682006836,409593000,0.0,0.0,-0.04566083054303782,0.03635897258994607,495745350.0,18.17819309234619,0,22,8,2022,0,NVDA
2022-08-23 00:00:00-04:00,16.965709688839496,17.441056961305907,16.946734730699763,17.157445907592773,369986000,0.0,0.0,0.008629835718605872,0.03571881568442214,494351400.0,18.210548686981202,0,23,8,2022,1,NVDA
2022-08-24 00:00:00-04:00,16.98867785339594,17.382138735444496,16.87183957113937,17.19839096069336,522661000,0.0,0.0,0.002386430551558183,0.03126065445662096,491995650.0,18.18218774795532,0,24,8,2022,2,NVDA
2022-08-25 00:00:00-04:00,16.820904665261263,17.922392956465742,16.809920067610644,17.888439178466797,770691000,0.0,0.0,0.04012283587171206,0.03251151047320852,506797900.0,18.178642559051514,0,25,8,2022,3,NVDA
2022-08-26 00:00:00-04:00,17.832515616356623,17.899423185098215,16.21473605112298,16.23770523071289,769127000,0.0,0.0,-0.09227937279966703,0.038415816897336696,523481250.0,18.083622932434082,0,26,8,2022,4,NVDA
2022-08-29 00:00:00-04:00,15.998034601224305,16.315597462506716,15.745381243650334,15.77933406829834,496132000,0.0,0.0,-0.028228814102842725,0.03844974964432279,524464400.0,17.951803731918336,0,29,8,2022,0,NVDA
2022-08-30 00:00:00-04:00,15.938117659650224,16.01700886462623,15.161184478948519,15.446792602539062,530181000,0.0,0.0,-0.021074493024859198,0.03847118507476885,526497100.0,17.799113321304322,0,30,8,2022,1,NVDA
2022-08-31 00:00:00-04:00,15.36290651341191,15.51869275581981,14.938489048973723,15.073304176330566,573710000,0.0,0.0,-0.024179027699711808,0.03803663222042045,534275300.0,17.609423637390137,0,31,8,2022,2,NVDA
2022-09-01 00:00:00-04:00,14.189518900332127,14.360284936978742,13.251807105060896,13.917892456054688,1178865000,0.0,0.0,-0.07665284975076725,0.040180010073601384,572735950.0,17.345885467529296,0,1,9,2022,3,NVDA
2022-09-02 00:00:00-04:00,14.080669178676303,14.151570983840651,13.572366244236866,13.628290176391602,743157000,0.0,0.0,-0.020807911871534857,0.04019078686917222,590590400.0,17.079151821136474,0,2,9,2022,4,NVDA
2022-09-06 00:00:00-04:00,13.712172074361943,13.760106592256813,13.33269301400527,13.446537017822266,535751000,0.0,0.0,-0.01333646086316742,0.038612444541451636,568285000.0,16.863048362731934,0,6,9,2022,1,NVDA
2022-09-07 00:00:00-04:00,13.54842863416654,13.82313376594556,13.331661755414254,13.69926643371582,512657000,0.004,0.0,0.018795130341632493,0.0387069459257223,560504700.0,16.694882965087892,0,7,9,2022,2,NVDA
2022-09-08 00:00:00-04:00,13.444541114584974,13.99295208288804,13.35463859857364,13.974970817565918,624873000,0.0,0.0,0.02012548519908708,0.0359077403960366,561877250.0,16.490022134780883,0,8,9,2022,3,NVDA
2022-09-09 00:00:00-04:00,14.141791420251705,14.458451271437566,14.110825537493945,14.37154483795166,486612000,0.0,0.0,0.028377448909393532,0.03703409017941662,560741500.0,16.312729263305663,0,9,9,2022,4,NVDA
2022-09-12 00:00:00-04:00,14.353564448703244,14.531372728120761,14.182747666358502,14.489418029785156,484159000,0.0,0.0,0.008201845602723301,0.03518940576154983,561044750.0,16.103032779693603,0,12,9,2022,0,NVDA
2022-09-13 00:00:00-04:00,13.78717343586701,13.907044413189137,13.084928555417918,13.116893768310547,714956000,0.0,0.0,-0.09472597578820496,0.03898856662676581,573909250.0,15.80858211517334,0,13,9,2022,1,NVDA
2022-09-14 00:00:00-04:00,13.239761417639983,13.275722995641786,12.899128137907093,13.113897323608398,588507000,0.0,0.0,-0.0002284416383234733,0.03912850203095171,580772600.0,15.521621227264404,0,14,9,2022,2,NVDA
2022-09-15 00:00:00-04:00,13.001018642377574,13.218783909130673,12.77625997339062,12.91511058807373,523625000,0.0,0.0,-0.015158478873919523,0.039034812574909296,584613900.0,15.251883745193481,0,15,9,2022,3,NVDA
2022-09-16 00:00:00-04:00,12.728309378217253,13.197804667975822,12.60344368060644,13.183819770812988,670751000,0.0,0.0,0.020805798053900704,0.03887244571669572,597379100.0,14.973711490631104,0,16,9,2022,4,NVDA
2022-09-19 00:00:00-04:00,12.998021871678207,13.448537595855514,12.996024164991917,13.367624282836914,569685000,0.0,0.0,0.013941673598333093,0.038656969602826136,603783950.0,14.750866222381593,0,19,9,2022,0,NVDA
2022-09-20 00:00:00-04:00,13.200802865242403,13.468514593898119,13.042972617197668,13.161844253540039,524818000,0.0,0.0,-0.015393911808329497,0.037919021761267366,609545200.0,14.558426094055175,0,20,9,2022,1,NVDA
2022-09-21 00:00:00-04:00,13.198805875239975,14.01592695660969,13.095915885590195,13.246753692626953,807679000,0.0,0.0,0.0064511809630383166,0.03785961788359696,631429850.0,14.362891483306885,0,21,9,2022,2,NVDA
2022-09-22 00:00:00-04:00,13.055959368568894,13.134874976064083,12.414649785628118,12.547506332397461,759162000,0.0,0.0,-0.05278631855431026,0.038744947089375766,643254900.0,14.13034725189209,0,22,9,2022,3,NVDA
2022-09-23 00:00:00-04:00,12.406657353956374,12.597452148701835,12.243832357060537,12.502553939819336,663309000,0.0,0.0,-0.003582575803294019,0.03665427170749393,637885800.0,13.861052989959717,0,23,9,2022,4,NVDA
2022-09-26 00:00:00-04:00,12.47758173756805,12.645401484838764,12.200878877608904,12.214863777160645,547343000,0.0,0.0,-0.023010511615744966,0.03217422647545272,626796600.0,13.659910917282104,0,26,9,2022,0,NVDA
2022-09-27 00:00:00-04:00,12.493564718799432,12.722318814218484,12.244832603128204,12.399665832519531,553854000,0.0,0.0,0.015129276816367776,0.03259628232463157,629682700.0,13.490927505493165,0,27,9,2022,1,NVDA
2022-09-28 00:00:00-04:00,12.39666770608599,12.809224124270647,12.34072811111852,12.722317695617676,542414000,0.0,0.0,0.02602101278019542,0.03355191994006457,630294350.0,13.354703760147094,0,28,9,2022,2,NVDA
2022-09-29 00:00:00-04:00,12.434626727281707,12.486570907986117,11.933166184419747,12.20687198638916,532763000,0.0,0.0,-0.040515079214384464,0.034132142485000225,628247000.0,13.211382150650024,0,29,9,2022,3,NVDA
2022-09-30 00:00:00-04:00,12.074013313407658,12.619427157270813,12.062026122679372,12.125957489013672,565638000,0.0,0.0,-0.0066286021075431245,0.030302942088886575,597585650.0,13.121785402297974,0,30,9,2022,4,NVDA
2022-10-03 00:00:00-04:00,12.333735347285502,12.664380071173387,12.091994756368466,12.498558044433594,547478000,0.0,0.0,0.030727516219441142,0.031192816522014076,587801700.0,13.065298795700073,0,3,10,2022,0,NVDA
2022-10-04 00:00:00-04:00,12.865164202159265,13.205798432836424,12.865164202159265,13.152854919433594,584182000,0.0,0.0,0.052349788885558635,0.0335120983010316,590223250.0,13.05061469078064,0,4,10,2022,1,NVDA
2022-10-05 00:00:00-04:00,12.897128792057934,13.30668813941161,12.607440403491943,13.194808006286621,507131000,0.0,0.0,0.003189656322525103,0.033218230925526,589946950.0,13.025391769409179,0,5,10,2022,2,NVDA
2022-10-06 00:00:00-04:00,13.205797781421655,13.641329249168423,13.088922897428635,13.115894317626953,644157000,0.0,0.0,-0.005980662137870407,0.03284132153790673,590911150.0,12.982437944412231,0,6,10,2022,3,NVDA
2022-10-07 00:00:00-04:00,12.491565435321453,12.656388130359453,12.009084541905652,12.063026428222656,672478000,0.0,0.0,-0.08027419739036079,0.03624990466766256,600204450.0,12.867012023925781,0,7,10,2022,4,NVDA
2022-10-10 00:00:00-04:00,12.024068434661013,12.110974864449592,11.39574445473449,11.657463073730469,698699000,0.0,0.0,-0.03362036524626455,0.03646726671107094,610931450.0,12.725414276123047,0,10,10,2022,0,NVDA
2022-10-11 00:00:00-04:00,11.548579372352663,11.833273031713603,11.27087816209463,11.573553085327148,667482000,0.0,0.0,-0.007197963045013411,0.030558366872147105,608557750.0,12.648247241973877,0,11,10,2022,1,NVDA
2022-10-12 00:00:00-04:00,11.566560749292124,11.722392337587419,11.332811937874556,11.487645149230957,492590000,0.0,0.0,-0.007422779803473167,0.03053180994915725,603761900.0,12.566934633255006,0,12,10,2022,2,NVDA
2022-10-13 00:00:00-04:00,10.959214240194914,12.0650254080203,10.80138397760334,11.947152137756348,850103000,0.0,0.0,0.04000010294156353,0.03212471387128005,620085800.0,12.518536710739136,0,13,10,2022,3,NVDA
2022-10-14 00:00:00-04:00,12.044046351536188,12.097988235900987,11.191963110771333,11.214938163757324,713432000,0.0,0.0,-0.061287741677367835,0.03405700864939513,622219850.0,12.420092630386353,0,14,10,2022,4,NVDA
2022-10-17 00:00:00-04:00,11.505626467697512,11.935164846156956,11.50462809067123,11.875228881835938,580774000,0.0,0.0,0.058876001671809286,0.036908349100082,622774300.0,12.345472860336304,0,17,10,2022,0,NVDA
2022-10-18 00:00:00-04:00,12.330738357702486,12.478579120897942,11.605518487513544,11.954143524169922,659362000,0.0,0.0,0.006645315481429659,0.03691848420597488,629501500.0,12.285087823867798,0,18,10,2022,1,NVDA
2022-10-19 00:00:00-04:00,11.866239297114978,12.336734019918332,11.82128755987071,12.038054466247559,523131000,0.0,0.0,0.0070194022606453466,0.03692728608264224,615274100.0,12.224652862548828,0,19,10,2022,2,NVDA
2022-10-20 00:00:00-04:00,12.099986314694126,12.755281678279875,12.091994536055378,12.180899620056152,652398000,0.0,0.0,0.011866132871312773,0.03523356808720701,609935900.0,12.206322526931762,0,20,10,2022,3,NVDA
2022-10-21 00:00:00-04:00,12.085002473404986,12.484573317773556,11.874229665134491,12.452607154846191,609494000,0.0,0.0,0.022306031842070695,0.0356028594900824,607245150.0,12.203825187683105,0,21,10,2022,4,NVDA
2022-10-24 00:00:00-04:00,12.494563584772553,12.696346249814729,12.051040310367156,12.585465431213379,517457000,0.0,0.0,0.010669113280063813,0.035231376170432226,605750850.0,12.222355270385743,0,24,10,2022,0,NVDA
2022-10-25 00:00:00-04:00,12.680363371654026,13.28571230644429,12.650394914056134,13.246753692626953,505482000,0.0,0.0,0.05254380658608815,0.03691316249328715,603332250.0,12.264709663391113,0,25,10,2022,1,NVDA
2022-10-26 00:00:00-04:00,12.855174461632362,13.373615968122406,12.694347182517397,12.882144927978516,532953000,0.0,0.0,-0.027524386208779283,0.03717011792118014,602859200.0,12.272701025009155,0,26,10,2022,2,NVDA
2022-10-27 00:00:00-04:00,13.615356979676683,13.823133701689956,13.10790236650194,13.161844253540039,583113000,0.0,0.0,0.021712170381971818,0.03607513438409871,605376700.0,12.3204496383667,0,27,10,2022,3,NVDA
2022-10-28 00:00:00-04:00,13.089922279790239,13.835121131094377,13.0469682542808,13.819137573242188,521040000,0.0,0.0,0.04993930235311517,0.037359753032965286,603146800.0,12.405108642578124,0,28,10,2022,4,NVDA
2022-10-31 00:00:00-04:00,13.763197365029688,13.823133322678522,13.282714184873065,13.482499122619629,486341000,0.0,0.0,-0.024360308220274685,0.0375660831509026,600089950.0,12.454305696487427,0,31,10,2022,0,NVDA
2022-11-01 00:00:00-04:00,13.79616270270372,13.910040552507906,13.50447658143312,13.528450965881348,432817000,0.0,0.0,0.0034082585760843997,0.0358374457831146,592521700.0,12.473085498809814,0,1,11,2022,1,NVDA
2022-11-02 00:00:00-04:00,13.835120334518214,14.194733217791391,13.196806918934737,13.204797744750977,672628000,0.0,0.0,-0.023923893574114397,0.036300919223085495,600796550.0,12.473584985733032,0,2,11,2022,2,NVDA
2022-11-03 00:00:00-04:00,13.028987715807942,13.766194775358752,12.94208128934156,13.406580924987793,500065000,0.0,0.0,0.015281050428585852,0.0364070847770961,593591950.0,12.488119316101074,0,3,11,2022,3,NVDA
2022-11-04 00:00:00-04:00,13.9709753954596,14.213714379632444,13.682285347325527,14.140792846679688,612576000,0.0,0.0,0.05476503858813375,0.032734614179963935,590596850.0,12.592007637023926,0,4,11,2022,4,NVDA
2022-11-07 00:00:00-05:00,14.212713469662221,14.396515799770526,13.939008633595261,14.285634994506836,410061000,0.0,0.0,0.010242859038922747,0.031198514266669686,576164950.0,12.723416233062744,0,7,11,2022,0,NVDA
2022-11-08 00:00:00-05:00,14.785098866709825,14.875002331764124,14.200727296506672,14.586313247680664,595292000,0.0,0.0,0.021047594544410853,0.030985305039174862,572555450.0,12.87405424118042,0,8,11,2022,1,NVDA
2022-11-09 00:00:00-05:00,14.146784936854425,14.195733033579206,13.74421801675612,13.761199951171875,454414000,0.0,0.0,-0.05656763861423231,0.034377218925709455,570646650.0,12.987731981277467,0,9,11,2022,2,NVDA
2022-11-10 00:00:00-05:00,14.784102469950865,15.756056875452659,14.531373975918367,15.733081817626953,700819000,0.0,0.0,0.14329287223874365,0.04522657555933928,563182450.0,13.177028465270997,0,10,11,2022,3,NVDA
2022-11-11 00:00:00-05:00,15.790018813908167,16.371393354489435,15.465368149594989,16.309459686279297,655487000,0.0,0.0,0.036634772216501466,0.04172079596653823,560285200.0,13.431754541397094,0,11,11,2022,4,NVDA
2022-11-14 00:00:00-05:00,16.200577486630568,16.522232066468828,15.904894997972113,16.277494430541992,527852000,0.0,0.0,-0.001959921196175274,0.04092383458707706,557639100.0,13.651867818832397,0,14,11,2022,0,NVDA
2022-11-15 00:00:00-05:00,16.704033766167488,16.979736298037132,16.364398914602432,16.648094177246094,545876000,0.0,0.0,0.022767616249877776,0.040875110828719106,551964800.0,13.886565351486206,0,15,11,2022,1,NVDA
2022-11-16 00:00:00-05:00,16.144638186290106,16.344422187657635,15.855948141798965,15.892908096313477,649547000,0.0,0.0,-0.04536171365277197,0.043191666711789915,558285600.0,14.079308032989502,0,16,11,2022,2,NVDA
2022-11-17 00:00:00-05:00,15.698116484447885,16.24852510301491,15.518309565551975,15.660157203674316,710894000,0.0,0.0,-0.014644953033683517,0.04369162376898797,561210400.0,14.25327091217041,0,17,11,2022,3,NVDA
2022-11-18 00:00:00-05:00,15.948847340613554,15.984809869987044,15.103756479830084,15.392446517944336,492072000,0.0,0.0,-0.01709501905045807,0.044160081564740265,555339300.0,14.400262880325318,0,18,11,2022,4,NVDA
2022-11-21 00:00:00-05:00,15.130728243271124,15.460373655747635,15.063799831129005,15.300545692443848,404739000,0.0,0.0,-0.005970514524338388,0.044333823336846545,549703400.0,14.53601689338684,0,21,11,2022,0,NVDA
2022-11-22 00:00:00-05:00,15.311533717452877,16.040749998560774,15.10575468856274,16.020771026611328,472866000,0.0,0.0,0.04707187237924226,0.04407822352799704,548072600.0,14.67471776008606,0,22,11,2022,1,NVDA
2022-11-23 00:00:00-05:00,16.08070587095073,16.509245859928704,16.030760346892983,16.501253128051758,427241000,0.0,0.0,0.029991197092969157,0.04334119047922195,542787000.0,14.855673170089721,0,23,11,2022,2,NVDA
2022-11-25 00:00:00-05:00,16.30046837060945,16.469285512890952,16.154625327709812,16.252519607543945,167934000,0.0,0.0,-0.015073614020560067,0.04374468406498365,522028050.0,15.010206937789917,0,25,11,2022,4,NVDA
2022-11-28 00:00:00-05:00,16.00878222333703,16.339427908021538,15.708106900644491,15.809996604919434,303741000,0.0,0.0,-0.027227963005754807,0.04357625554229573,511163100.0,15.109749889373779,0,28,11,2022,0,NVDA
2022-11-29 00:00:00-05:00,15.809997782076703,15.914885483010194,15.503328364152237,15.622200012207031,298384000,0.0,0.0,-0.011878344910837502,0.043181787782305144,501765250.0,15.21673493385315,0,29,11,2022,1,NVDA
2022-11-30 00:00:00-05:00,15.684150074109812,16.91614150191992,15.5842325052849,16.909147262573242,565298000,0.004,0.0,0.08237938634511166,0.04622038372666405,508389300.0,15.385769748687744,0,30,11,2022,2,NVDA
2022-12-01 00:00:00-05:00,16.98508145183784,17.250862487377347,16.621379181628495,17.120969772338867,470977000,0.0,0.0,0.012527095924847353,0.04543342556866666,498306750.0,15.581578350067138,0,1,12,2022,3,NVDA
2022-12-02 00:00:00-05:00,16.6453612261795,16.919137062737946,16.43153573239102,16.8621826171875,371389000,0.0,0.0,-0.015115215936510329,0.04589476456830491,491872950.0,15.754358434677124,0,2,12,2022,4,NVDA
2022-12-05 00:00:00-05:00,16.665348795509896,16.98109012864075,16.458517496870837,16.596405029296875,352255000,0.0,0.0,-0.015761754805082018,0.04517959448489132,478856900.0,15.877139043807983,0,5,12,2022,0,NVDA
2022-12-06 00:00:00-05:00,16.516465945155254,16.559430004993104,15.806047668820305,15.973910331726074,352694000,0.0,0.0,-0.03750780343525839,0.04635492083340807,475988550.0,15.961552810668945,0,6,12,2022,1,NVDA
2022-12-07 00:00:00-05:00,15.759088264862537,16.172749846641757,15.654173729604334,16.10680389404297,372388000,0.0,0.0,0.00831941331565833,0.046233015494007344,464843350.0,16.03757734298706,0,7,12,2022,2,NVDA
2022-12-08 00:00:00-05:00,16.259677159760216,17.16493550735757,15.945933165507713,17.154943466186523,515456000,0.0,0.0,0.06507433622701542,0.0455734967788524,467895450.0,16.207264518737794,0,8,12,2022,3,NVDA
2022-12-09 00:00:00-05:00,17.145947907877535,17.56860185807013,16.961099933854292,16.987077713012695,465338000,0.0,0.0,-0.009785269972163002,0.03366563972837161,456121400.0,16.26996431350708,0,9,12,2022,4,NVDA
2022-12-12 00:00:00-05:00,17.023049921856966,17.523639129543717,16.78324667435816,17.520641326904297,457328000,0.0,0.0,0.03140997073810259,0.03342147250557645,446213450.0,16.33052339553833,0,12,12,2022,0,NVDA
2022-12-13 00:00:00-05:00,18.515829057167874,18.774617794918285,17.696500685046704,18.057205200195312,656589000,0.0,0.0,0.030624670825666556,0.033900886461260465,452650300.0,16.419508934020996,0,13,12,2022,1,NVDA
2022-12-14 00:00:00-05:00,17.97227412197752,18.237058470762765,17.405738871124704,17.659530639648438,496888000,0.0,0.0,-0.022023040450499742,0.03419480951706689,450200900.0,16.470080757141112,0,14,12,2022,2,NVDA
2022-12-15 00:00:00-05:00,17.13196129101247,17.305818611715345,16.686327315889205,16.938119888305664,478542000,0.0,0.0,-0.040851071643042025,0.03386891874299361,441650650.0,16.522341346740724,0,15,12,2022,3,NVDA
2022-12-16 00:00:00-05:00,16.85019346435218,17.027048597052637,16.396564689566986,16.557432174682617,478232000,0.0,0.0,-0.0224752048121869,0.03413662234645466,430017550.0,16.567205095291136,0,16,12,2022,4,NVDA
2022-12-19 00:00:00-05:00,16.558430631961176,16.595399084562928,16.131780232311364,16.240690231323242,354039000,0.0,0.0,-0.019129895265021513,0.03420367471493526,423115900.0,16.609617280960084,0,19,12,2022,0,NVDA
2022-12-20 00:00:00-05:00,16.05084612823857,16.29664499548781,15.83902077141398,16.071828842163086,403260000,0.0,0.0,-0.010397426879953375,0.034280585697587206,423041950.0,16.648181438446045,0,20,12,2022,1,NVDA
2022-12-21 00:00:00-05:00,16.100803689987192,16.61338405429373,16.088812480691324,16.487485885620117,325025000,0.0,0.0,0.02586246080263055,0.033155333125659624,415649900.0,16.671517181396485,0,21,12,2022,2,NVDA
2022-12-22 00:00:00-05:00,16.08082376342015,16.12478836587808,14.869816130143493,15.326441764831543,565045000,0.0,0.0,-0.07041971886090903,0.03615231938915697,422540100.0,16.612776613235475,0,22,12,2022,3,NVDA
2022-12-23 00:00:00-05:00,15.18355806886971,15.326440634082571,14.87081461834004,15.193550109863281,349326000,0.0,0.0,-0.008670744130134578,0.03606870407748552,431609700.0,16.559828138351442,0,23,12,2022,4,NVDA
2022-12-27 00:00:00-05:00,15.061657689828774,15.087636423764959,14.0444906312177,14.109437942504883,464902000,0.0,0.0,-0.07135344666119992,0.038884297102418926,439667750.0,16.474800205230714,0,27,12,2022,1,NVDA
2022-12-28 00:00:00-05:00,13.915596566363247,14.250322305233574,13.872631553851827,14.024507522583008,351066000,0.0,0.0,-0.006019404902446235,0.038851477319392085,442301850.0,16.39491558074951,0,28,12,2022,2,NVDA
2022-12-29 00:00:00-05:00,14.390208780608043,14.670977896009743,14.215351871386131,14.591043472290039,354923000,0.0,0.0,0.04039613860199842,0.03482656782705875,431783100.0,16.279010391235353,0,29,12,2022,3,NVDA
2022-12-30 00:00:00-05:00,14.322265013832519,14.617023586437968,14.221347865834094,14.602036476135254,310490000,0.0,0.0,0.0007534076549144952,0.034581956065681665,423758750.0,16.15306372642517,0,30,12,2022,4,NVDA
2023-01-03 00:00:00-05:00,14.838840315183736,14.983722051275688,14.084458370348052,14.303278923034668,401277000,0.0,0.0,-0.02045999224757855,0.034665643395399445,425253150.0,16.02511854171753,0,3,1,2023,1,NVDA
2023-01-04 00:00:00-05:00,14.555075856628383,14.840841035974469,14.229342506465827,14.736926078796387,431324000,0.0,0.0,0.030318024146432032,0.03561440738592965,429206600.0,15.932144594192504,0,4,1,2023,2,NVDA
2023-01-05 00:00:00-05:00,14.479136454686978,14.552076644155658,14.136416855691813,14.253321647644043,389168000,0.0,0.0,-0.03281582797976834,0.03540604223132365,431030300.0,15.846115159988404,0,5,1,2023,3,NVDA
2023-01-06 00:00:00-05:00,14.462148249448697,14.997709608789437,14.022508953382575,14.846833229064941,405044000,0.0,0.0,0.04164022928080069,0.036825357703302565,432663100.0,15.783116626739503,0,6,1,2023,4,NVDA
2023-01-09 00:00:00-05:00,15.271487531503388,16.04285486212836,15.128604002009597,15.615205764770508,504231000,0.0,0.0,0.051753294716166076,0.0356222006767512,432101850.0,15.7061297416687,0,9,1,2023,0,NVDA
2023-01-10 00:00:00-05:00,15.49430474778188,15.948932173589144,15.459333553934178,15.895976066589355,384101000,0.0,0.0,0.017980570096123527,0.03592797836770607,428040000.0,15.651574659347535,0,10,1,2023,1,NVDA
2023-01-11 00:00:00-05:00,15.827031344724569,16.01487714757313,15.550257708216126,15.987898826599121,353285000,0.0,0.0,0.005782769150173284,0.03509499721025916,422837850.0,15.574937534332275,0,11,1,2023,2,NVDA
2023-01-12 00:00:00-05:00,16.08681762259126,16.623376674174565,15.479314701266622,16.497480392456055,551409000,0.0,0.0,0.03187295412509994,0.0351608177282552,417578850.0,15.496951293945312,0,12,1,2023,3,NVDA
2023-01-13 00:00:00-05:00,16.264674246702192,16.908148056338185,16.15176778844737,16.88516616821289,447287000,0.0,0.0,0.023499696107177392,0.03539939545967151,415098800.0,15.458233070373534,0,13,1,2023,4,NVDA
2023-01-17 00:00:00-05:00,16.885163700930974,17.713485409677194,16.885163700930974,17.6875057220459,511102000,0.0,0.0,0.047517421258397086,0.035760262256491225,416726800.0,15.495702362060547,0,17,1,2023,1,NVDA
2023-01-18 00:00:00-05:00,17.652533536018492,17.858364231807297,17.26784855712285,17.36277198791504,439624000,0.0,0.0,-0.01835949846371543,0.035618831742632896,414796400.0,15.535969352722168,0,18,1,2023,2,NVDA
2023-01-19 00:00:00-05:00,17.02205215333367,17.182921549244565,16.717303453615347,16.75127410888672,452932000,0.0,0.0,-0.035218908562177687,0.03631943919824902,419741050.0,15.561498546600342,0,19,1,2023,3,NVDA
2023-01-20 00:00:00-05:00,16.997071166426323,17.841380504769397,16.811224544692056,17.82439422607422,564967000,0.0,0.0,0.06406199971488724,0.038700231124835664,427826400.0,15.6491268157959,0,20,1,2023,4,NVDA
2023-01-23 00:00:00-05:00,18.049212513133778,19.229247442824025,17.803415497666883,19.177289962768555,655163000,0.0,0.0,0.07590135852781277,0.04156943341334127,444333300.0,15.78361701965332,0,23,1,2023,0,NVDA
2023-01-24 00:00:00-05:00,18.811584516005322,19.479038745727824,18.804590277949554,19.249225616455078,496204000,0.0,0.0,0.003751085467559978,0.03725103169754857,440891250.0,15.979756212234497,0,24,1,2023,1,NVDA
2023-01-25 00:00:00-05:00,18.897512486327795,19.354138986535606,18.56478499292929,19.30717658996582,449537000,0.0,0.0,0.003010561290382574,0.03699867176090026,445901800.0,16.185437536239625,0,25,1,2023,2,NVDA
2023-01-26 00:00:00-05:00,19.684868544073076,20.149487942957048,19.262214571587723,19.785785675048828,489535000,0.0,0.0,0.024789180481818773,0.03131168368008835,447133450.0,16.46925492286682,0,26,1,2023,3,NVDA
2023-01-27 00:00:00-05:00,19.446063368602864,20.611108951461375,19.38911083605339,20.348323822021484,542142000,0.0,0.0,0.028431428309771523,0.030894102397420388,456687250.0,16.785445737838746,0,27,1,2023,4,NVDA
2023-01-30 00:00:00-05:00,19.9336676842303,20.123510758938984,19.13432150128274,19.146312713623047,488611000,0.0,0.0,-0.05907175052411884,0.035036064098391946,463371650.0,17.013209199905397,0,30,1,2023,0,NVDA
2023-01-31 00:00:00-05:00,19.154305515596747,19.67088244369698,18.934486316616958,19.521005630493164,498017000,0.0,0.0,0.01956997791034265,0.03490677153684635,472748000.0,17.25915765762329,0,31,1,2023,1,NVDA
2023-02-01 00:00:00-05:00,19.674877995136793,21.174648503788042,19.594943571300696,20.925853729248047,660477000,0.0,0.0,0.07196596965068291,0.036037410014305445,485708000.0,17.59028639793396,0,1,2,2023,2,NVDA
2023-02-02 00:00:00-05:00,20.982805922594803,21.931028319443673,20.683052314586803,21.691225051879883,564276000,0.0,0.0,0.03657539293424761,0.03616031018336946,492355600.0,17.938001346588134,0,2,2,2023,3,NVDA
2023-02-03 00:00:00-05:00,20.98280511679256,21.727195946386907,20.771977442286037,21.08272361755371,429366000,0.0,0.0,-0.028052884651318277,0.035807210356498115,494365500.0,18.27947144508362,0,3,2,2023,4,NVDA
2023-02-06 00:00:00-05:00,20.78896612562126,21.55234058671362,20.768982041999962,21.071735382080078,452197000,0.0,0.0,-0.0005211962018267791,0.03573006522762688,496723150.0,18.590716552734374,0,6,2,2023,0,NVDA
2023-02-07 00:00:00-05:00,21.364493456754502,22.240776221047813,21.13268305609244,22.15484619140625,664150000,0.0,0.0,0.05140112049087686,0.03571277371773554,504719100.0,18.91769857406616,0,7,2,2023,1,NVDA
2023-02-08 00:00:00-05:00,22.368671190085877,22.859270343104374,21.989981762053976,22.18682098388672,559651000,0.0,0.0,0.001443241456258626,0.035910104017833476,513496600.0,19.23224081993103,0,8,2,2023,2,NVDA
2023-02-09 00:00:00-05:00,22.587493006154816,23.00115361559773,22.101890841134466,22.31871223449707,523876000,0.0,0.0,0.00594457631880374,0.03590736293718264,522026150.0,19.54878149032593,0,9,2,2023,3,NVDA
2023-02-10 00:00:00-05:00,21.672240349373936,22.059921229694073,20.793960380960065,21.247587203979492,550737000,0.0,0.0,-0.04799224163399474,0.03855909944209854,521992550.0,19.7862868309021,0,10,2,2023,4,NVDA
2023-02-13 00:00:00-05:00,21.520365368362526,22.029948022697017,20.94483676830914,21.770160675048828,474919000,0.0,0.0,0.024594485296262736,0.03857491738638164,523374150.0,20.030536556243895,0,13,2,2023,0,NVDA
2023-02-14 00:00:00-05:00,21.56033132218114,23.03012755681978,21.348505011824344,22.952192306518555,675474000,0.0,0.0,0.0542959534894234,0.03891790520863542,531592750.0,20.29377088546753,0,14,2,2023,1,NVDA
2023-02-15 00:00:00-05:00,22.530539101779834,22.8362883381025,22.087902895293183,22.745363235473633,420575000,0.0,0.0,-0.009011299150982643,0.03856554924948752,530640300.0,20.562900447845458,0,15,2,2023,2,NVDA
2023-02-16 00:00:00-05:00,22.11487725263338,22.531535636340326,21.90904654743779,21.983985900878906,412026000,0.0,0.0,-0.033473958042019025,0.03844944030328971,528595000.0,20.824536037445068,0,16,2,2023,3,NVDA
2023-02-17 00:00:00-05:00,21.613290195380436,21.72220020485549,20.957827156397038,21.3704891204834,465888000,0.0,0.0,-0.02790653083392769,0.037686999270548915,523641050.0,21.001840782165527,0,17,2,2023,4,NVDA
2023-02-21 00:00:00-05:00,20.982806991007344,21.47640202756458,20.60111977052066,20.638090133666992,410015000,0.0,0.0,-0.03427151258388417,0.035502392019099174,511383650.0,21.07488079071045,0,21,2,2023,1,NVDA
2023-02-22 00:00:00-05:00,20.690046644389827,21.086720955863115,20.404279605625497,20.73700714111328,513184000,0.0,0.0,0.0047929341719912255,0.03550234936504484,512232650.0,21.14926986694336,0,22,2,2023,2,NVDA
2023-02-23 00:00:00-05:00,23.420807196057563,23.868440315198026,23.00614609506352,23.644622802734375,1117995000,0.0,0.0,0.1402138525504215,0.04671895266636367,545655550.0,21.366142177581786,0,23,2,2023,3,NVDA
2023-02-24 00:00:00-05:00,23.205986370917074,23.454783066670746,22.928214087929295,23.266935348510742,589716000,0.0,0.0,-0.015973503040190407,0.04698266713063208,550664600.0,21.54019966125488,0,24,2,2023,4,NVDA
2023-02-27 00:00:00-05:00,23.65062037481705,23.86044752352484,23.43479762020704,23.48175811767578,452994000,0.0,0.0,0.009232963686332196,0.046763551568657725,546207200.0,21.6968713760376,0,27,2,2023,0,NVDA
2023-02-28 00:00:00-05:00,23.352863375406507,23.805493492684064,23.18699892583366,23.196990966796875,455963000,0.0,0.0,-0.012127164816698621,0.04432441896912921,544574800.0,21.89940528869629,0,28,2,2023,1,NVDA
2023-03-01 00:00:00-05:00,23.17301363949162,23.23696232930157,22.489573570982753,22.679418563842773,460026000,0.0,0.0,-0.022312049165985837,0.04486120206689773,542675250.0,22.05732593536377,0,1,3,2023,2,NVDA
2023-03-02 00:00:00-05:00,22.469590264985175,23.360858289754244,22.41363444953809,23.294912338256836,389415000,0.0,0.0,0.027138869221071227,0.04258225994048596,529122150.0,22.17577886581421,0,2,3,2023,3,NVDA
2023-03-03 00:00:00-05:00,23.300906520013164,23.88043157064552,23.111061548282237,23.870439529418945,412393000,0.0,0.0,0.024706132515335932,0.042217785118033264,521528000.0,22.284739589691164,0,3,3,2023,4,NVDA
2023-03-06 00:00:00-05:00,23.871437687148177,24.228143803852706,23.467767266153697,23.534713745117188,437429000,0.0,0.0,-0.014064499478025794,0.041744024476440926,521931150.0,22.407339096069336,0,6,3,2023,0,NVDA
2023-03-07 00:00:00-05:00,23.58468213091472,24.109340983531098,23.225913991146093,23.272884368896484,515154000,0.004,0.0,-0.01112524159232764,0.041902338131957595,525079000.0,22.517396545410158,0,7,3,2023,1,NVDA
2023-03-08 00:00:00-05:00,23.471756258943316,24.184294766581292,23.408797420933155,24.165306091308594,513573000,0.0,0.0,0.03834598704081582,0.04125078970802298,517550150.0,22.617919540405275,0,8,3,2023,2,NVDA
2023-03-09 00:00:00-05:00,24.15930848577099,24.43812863634961,23.367822715310396,23.42078971862793,501257000,0.0,0.0,-0.03080930859586506,0.04202535272773287,514630450.0,22.679617977142335,0,9,3,2023,3,NVDA
2023-03-10 00:00:00-05:00,23.393810167660668,23.611669117981997,22.711252805907186,22.950098037719727,474866000,0.0,0.0,-0.02009717377436826,0.0423481398160525,512179950.0,22.711187267303465,0,10,3,2023,4,NVDA
2023-03-13 00:00:00-04:00,22.737237552798856,23.282882793100022,22.28253286819605,22.95109748840332,421890000,0.0,0.0,4.354886336210839e-05,0.04068052590902253,505737600.0,22.796362781524657,0,13,3,2023,0,NVDA
2023-03-14 00:00:00-04:00,23.48074905093903,24.20327932512599,23.444771213854455,24.047380447387695,474910000,0.0,0.0,0.047766036440667126,0.04159923694752238,505737150.0,22.910223770141602,0,14,3,2023,1,NVDA
2023-03-15 00:00:00-04:00,23.745576714518688,24.270235562421657,23.34483792874035,24.2122745513916,524486000,0.0,0.0,0.006857050578322754,0.040008653152300955,498187750.0,22.973227882385252,0,15,3,2023,2,NVDA
2023-03-16 00:00:00-04:00,24.011404490940855,25.57139016249906,23.878489494645066,25.52442169189453,583253000,0.0,0.0,0.054193468594528005,0.04144738032161862,506321650.0,23.1121808052063,0,16,3,2023,3,NVDA
2023-03-17 00:00:00-04:00,25.965138540410706,26.381867732572218,25.651341237604235,25.70830535888672,848547000,0.0,0.0,0.007204224613268417,0.04036352445593516,528147700.0,23.29839677810669,0,17,3,2023,4,NVDA
2023-03-20 00:00:00-04:00,25.598375276520795,26.00711022624769,25.113689438376866,25.883190155029297,432747000,0.0,0.0,0.006802657495357911,0.03944750102545187,526490650.0,23.524031829833984,0,20,3,2023,0,NVDA
2023-03-21 00:00:00-04:00,26.16301052912087,26.37487284283391,25.36452926173858,26.181997299194336,547408000,0.0,0.0,0.011544448052010159,0.03802603351702492,533360300.0,23.801227188110353,0,21,3,2023,1,NVDA
2023-03-22 00:00:00-04:00,26.407847658541623,27.571093609171683,26.219969957500446,26.450820922851562,797295000,0.0,0.0,0.010267498716207468,0.037986434273521615,547565850.0,24.086917877197266,0,22,3,2023,2,NVDA
2023-03-23 00:00:00-04:00,27.097400403214937,27.481151940364768,26.672677017823016,27.173351287841797,564889000,0.0,0.0,0.027315990195450723,0.02381502403151221,519910550.0,24.263354301452637,0,23,3,2023,3,NVDA
2023-03-24 00:00:00-04:00,27.013458751569935,27.149370176064142,26.337896837515665,26.761621475219727,454920000,0.0,0.0,-0.015151970335226639,0.023773539976799436,513170750.0,24.438088607788085,0,24,3,2023,4,NVDA
2023-03-27 00:00:00-04:00,26.8195836745759,26.9824780003573,26.34788986309708,26.513782501220703,361026000,0.0,0.0,-0.009260984960440921,0.02405188996155178,508572350.0,24.589689826965333,0,27,3,2023,0,NVDA
2023-03-28 00:00:00-04:00,26.429837056217544,26.49579420860575,25.833224372418172,26.392860412597656,356104000,0.0,0.0,-0.004560725676069799,0.023803992202785756,503579400.0,24.74948329925537,0,28,3,2023,1,NVDA
2023-03-29 00:00:00-04:00,26.807588785589424,27.06042291764206,26.579736138825847,26.96648406982422,393694000,0.0,0.0,0.021734046566349585,0.022998570159793105,500262800.0,24.963836574554442,0,29,3,2023,2,NVDA
2023-03-30 00:00:00-04:00,27.211329265409276,27.481154500758176,27.084410876510685,27.3652286529541,364516000,0.0,0.0,0.01478667304560033,0.022647374768320436,499017850.0,25.167352390289306,0,30,3,2023,3,NVDA
2023-03-31 00:00:00-04:00,27.122386430264136,27.81593629126594,27.08740929659207,27.758974075317383,433933000,0.0,0.0,0.014388530326450377,0.022370408245234924,500094850.0,25.361779117584227,0,31,3,2023,4,NVDA
2023-04-03 00:00:00-04:00,27.49114640923392,27.981826954201942,27.318258357219978,27.946849822998047,398716000,0.0,0.0,0.006768108474430878,0.021775410082067855,498159200.0,25.58238592147827,0,3,4,2023,0,NVDA
2023-04-04 00:00:00-04:00,27.947848187847303,27.981826516516946,27.289275517291117,27.4351806640625,368592000,0.0,0.0,-0.01830865239467827,0.02217776564973464,490831100.0,25.790500736236574,0,4,4,2023,1,NVDA
2023-04-05 00:00:00-04:00,26.811589608214934,26.980478653593416,26.377871240257907,26.863555908203125,515015000,0.0,0.0,-0.02083546534133629,0.02193155326510774,490903200.0,25.9254132270813,0,5,4,2023,2,NVDA
2023-04-06 00:00:00-04:00,26.566746033983005,27.062424408814838,26.40984834215217,27.019453048706055,397654000,0.0,0.0,0.005803295030473832,0.020197963685512126,485723050.0,26.105346393585204,0,6,4,2023,3,NVDA
2023-04-10 00:00:00-04:00,26.805590178121808,27.603072562534653,26.651690804540983,27.561100006103516,395279000,0.0,0.0,0.02004655521416643,0.019300163698993688,481743700.0,26.335896492004395,0,10,4,2023,0,NVDA
2023-04-11 00:00:00-04:00,27.70600728201999,27.771964430932886,27.108393921533427,27.1513671875,314378000,0.0,0.0,-0.014866344903243345,0.01995618753196775,476368100.0,26.54590997695923,0,11,4,2023,1,NVDA
2023-04-12 00:00:00-04:00,27.352234292394773,27.45017025119376,26.430831901042534,26.477802276611328,446259000,0.0,0.0,-0.02480777141855195,0.019041616796328754,474935550.0,26.66743106842041,0,12,4,2023,2,NVDA
2023-04-13 00:00:00-04:00,26.7166476867757,26.869548260916794,26.31191176986607,26.445823669433594,353615000,0.0,0.0,-0.0012077515665256389,0.019085474934870457,466392000.0,26.77910852432251,0,13,4,2023,3,NVDA
2023-04-14 00:00:00-04:00,26.486800040275686,26.86555379993831,26.20298394452447,26.74063491821289,395660000,0.0,0.0,0.011147743116809883,0.015236633855180535,457012350.0,26.83991918563843,0,14,4,2023,4,NVDA
2023-04-17 00:00:00-04:00,26.547759434806412,26.988473203686386,26.415845135360854,26.98447608947754,321471000,0.0,0.0,0.009118750246972285,0.015274105843914285,430658550.0,26.903727722167968,0,17,4,2023,0,NVDA
2023-04-18 00:00:00-04:00,27.51513402889549,28.091759262343043,27.339247645401258,27.649045944213867,604812000,0.0,0.0,0.02462785834835879,0.01603715845393869,439261800.0,26.992020511627196,0,18,4,2023,1,NVDA
2023-04-19 00:00:00-04:00,27.343240685548253,27.98182586482497,27.214324706114123,27.912870407104492,358660000,0.0,0.0,0.009541901135501352,0.01598999536917988,429824400.0,27.078564167022705,0,19,4,2023,2,NVDA
2023-04-20 00:00:00-04:00,27.653040047394537,28.01180820232442,26.982476023380784,27.086408615112305,427713000,0.0,0.0,-0.029608627845806645,0.017494401987290558,411345300.0,27.110343551635744,0,20,4,2023,3,NVDA
2023-04-21 00:00:00-04:00,26.93450514321989,27.165356100991744,26.70465489349958,27.101396560668945,345103000,0.0,0.0,0.000553338235777634,0.016391168823682037,400356000.0,27.1067458152771,0,21,4,2023,4,NVDA
2023-04-24 00:00:00-04:00,26.99546979327811,27.348239440320924,26.653690781200147,27.024450302124023,339282000,0.0,0.0,-0.002839199019602945,0.01601931264905491,394574100.0,27.119887256622313,0,24,4,2023,0,NVDA
2023-04-25 00:00:00-04:00,27.06042517631063,27.2293161185349,26.207980048962167,26.223968505859375,378527000,0.0,0.0,-0.029620650459696196,0.01727718693576794,395449150.0,27.10539655685425,0,25,4,2023,1,NVDA
2023-04-26 00:00:00-04:00,26.984472931330465,27.312259131421882,26.687664839259735,26.938501358032227,406337000,0.0,0.0,0.02724731964245608,0.018307947405370815,397960800.0,27.132678604125978,0,26,4,2023,2,NVDA
2023-04-27 00:00:00-04:00,27.345244195270258,27.477158506001263,26.60772223648643,27.208332061767578,377161000,0.0,0.0,0.010016544727158516,0.01779602283435045,397134150.0,27.144771003723143,0,27,4,2023,3,NVDA
2023-04-28 00:00:00-04:00,27.207329402050984,27.73998248611326,27.053428123945196,27.730989456176758,292216000,0.0,0.0,0.019209461029167763,0.01800783981568212,393519150.0,27.163059043884278,0,28,4,2023,4,NVDA
2023-05-01 00:00:00-04:00,27.821930157082058,29.039140006502908,27.761969634748656,28.8912353515625,570329000,0.0,0.0,0.04183932553936742,0.020029235383528476,400338950.0,27.219672107696532,0,1,5,2023,0,NVDA
2023-05-02 00:00:00-04:00,28.661382750770706,28.817281620979408,28.06477016991846,28.191686630249023,402730000,0.0,0.0,-0.024213181361095515,0.02083833987062951,400539650.0,27.23191394805908,0,2,5,2023,1,NVDA
2023-05-03 00:00:00-04:00,27.821931972424778,28.348590376013785,27.45417077419222,27.78395652770996,383387000,0.0,0.0,-0.014462777906362523,0.020671334848520084,401279400.0,27.249352741241456,0,3,5,2023,2,NVDA
2023-05-04 00:00:00-04:00,27.63305228202087,27.840917463312735,27.22231974162607,27.544111251831055,321850000,0.0,0.0,-0.008632509759353368,0.020172112693855333,391621150.0,27.28338050842285,0,4,5,2023,3,NVDA
2023-05-05 00:00:00-04:00,27.807938808563854,28.736334757570592,27.713001157721607,28.66138458251953,361494000,0.0,0.0,0.040563056127440156,0.021983495454545605,389813150.0,27.365477085113525,0,5,5,2023,4,NVDA
2023-05-08 00:00:00-04:00,28.503486722502963,29.201033629261158,28.331599383389104,29.132078170776367,344979000,0.0,0.0,0.01642256977856915,0.02185171907356165,387298150.0,27.444025993347168,0,8,5,2023,0,NVDA
2023-05-09 00:00:00-04:00,28.88024404414107,28.954195421712242,28.43153605029766,28.55245590209961,314869000,0.0,0.0,-0.019896358415590232,0.0220957740823516,387322700.0,27.514080429077147,0,9,5,2023,1,NVDA
2023-05-10 00:00:00-04:00,28.986173947740745,29.094105560009464,28.44252830281305,28.866252899169922,369350000,0.0,0.0,0.010990192862787573,0.021176750098771548,383477250.0,27.633502960205078,0,10,5,2023,2,NVDA
2023-05-11 00:00:00-04:00,28.877242611386247,28.931208412235282,28.227664927932555,28.5594482421875,322149000,0.0,0.0,-0.010628489193041157,0.02141475908856593,381903950.0,27.739184188842774,0,11,5,2023,3,NVDA
2023-05-12 00:00:00-04:00,28.51048218586155,28.761320627980606,28.02779588194695,28.321605682373047,274222000,0.0,0.0,-0.00832798161216286,0.02151847470049146,375832050.0,27.81823272705078,0,12,5,2023,4,NVDA
2023-05-15 00:00:00-04:00,28.48949515899852,28.95019637066434,28.133727241512663,28.934206008911133,293926000,0.0,0.0,0.02163014108057304,0.021881605805410202,374454800.0,27.91571922302246,0,15,5,2023,0,NVDA
2023-05-16 00:00:00-04:00,28.822280100198324,29.85061345390706,28.813287070144554,29.19403839111328,449405000,0.0,0.0,0.008980111018844772,0.021368440919889434,366684450.0,27.992968845367432,0,16,5,2023,1,NVDA
2023-05-17 00:00:00-04:00,29.56479859708841,30.17939921213159,29.410899219353887,30.15841293334961,432535000,0.0,0.0,0.03303326964624009,0.02237257104978698,370378200.0,28.105245971679686,0,17,5,2023,2,NVDA
2023-05-18 00:00:00-04:00,30.390263479848883,31.807342452955133,30.30032173818178,31.657440185546875,748725000,0.0,0.0,0.049705110660502205,0.023098303592602135,386428800.0,28.333797550201417,0,18,5,2023,3,NVDA
2023-05-19 00:00:00-04:00,31.515530471475522,31.55950253794087,30.89593395749169,31.24370765686035,473908000,0.0,0.0,-0.013069045578593896,0.0235287194520682,392869050.0,28.540913105010986,0,19,5,2023,4,NVDA
2023-05-22 00:00:00-04:00,30.880944390289034,31.499544048329298,30.660089053951964,31.1557674407959,372000000,0.0,0.0,-0.002814653658594901,0.02352815804075153,394504950.0,28.74747896194458,0,22,5,2023,0,NVDA
2023-05-23 00:00:00-04:00,30.979880977168126,31.267694171698214,30.611120976902026,30.66808319091797,356253000,0.0,0.0,-0.015653097000568383,0.02255882621052947,393391250.0,28.96968469619751,0,23,5,2023,1,NVDA
2023-05-24 00:00:00-04:00,30.19039081167834,30.587134398271413,29.786653705153253,30.518178939819336,721419000,0.0,0.0,-0.004887956321411924,0.022265561703082807,409145350.0,29.148668575286866,0,24,5,2023,2,NVDA
2023-05-25 00:00:00-04:00,38.497991938105514,39.454371441773645,36.61121702902255,37.955345153808594,1543911000,0.0,0.0,0.24369626472978823,0.0575569865218378,467482850.0,29.686019229888917,0,25,5,2023,3,NVDA
2023-05-26 00:00:00-04:00,37.865408555661546,39.14457660817056,37.52562906518615,38.92072296142578,714397000,0.0,0.0,0.025434568008936065,0.05757970730522398,488591900.0,30.24550590515137,0,26,5,2023,4,NVDA
2023-05-30 00:00:00-04:00,40.56865561638492,41.91078253323842,39.92307495310247,40.08496856689453,923401000,0.0,0.0,0.029913257434160068,0.05738655186879589,506245500.0,30.80519256591797,0,30,5,2023,1,NVDA
2023-05-31 00:00:00-04:00,39.46236628795612,40.26884165058491,37.79744736537709,37.80944061279297,1002580000,0.0,0.0,-0.05676761228598992,0.05908029550145275,536238000.0,31.286080265045165,0,31,5,2023,2,NVDA
2023-06-01 00:00:00-04:00,38.46402321780072,40.02401112114797,38.31512164105145,39.74419403076172,635873000,0.0,0.0,0.051171172770911655,0.059106714809462536,548862300.0,31.884092140197755,0,1,6,2023,3,NVDA
2023-06-02 00:00:00-04:00,40.070980123808866,40.473718484515544,39.03265289434997,39.30147933959961,482731000,0.0,0.0,-0.011139103508287285,0.05917222386014949,556906350.0,32.47196054458618,0,2,6,2023,4,NVDA
2023-06-05 00:00:00-04:00,38.88374928722303,39.539321788375425,38.68188071638041,39.14558029174805,396094000,0.0,0.0,-0.003966747574676632,0.05917247621822481,558636350.0,32.996170330047605,0,5,6,2023,0,NVDA
2023-06-06 00:00:00-04:00,38.804802160748494,39.13458601689933,38.123241741889736,38.62891387939453,388729000,0.0,0.0,-0.013198588665766398,0.059562147765749536,560823850.0,33.471012115478516,0,6,6,2023,1,NVDA
2023-06-07 00:00:00-04:00,38.893764495503234,39.47744543312822,37.33561334043707,37.45454788208008,511998000,0.004,0.0,-0.030401217103359524,0.059937800278606394,570680300.0,33.91611671447754,0,7,6,2023,2,NVDA
2023-06-08 00:00:00-04:00,37.70342399186317,38.84280161488972,37.48454548013019,38.48899459838867,417772000,0.0,0.0,0.027618721218191977,0.05999185665503555,573101400.0,34.397253799438474,0,8,6,2023,3,NVDA
2023-06-09 00:00:00-04:00,39.01569674007006,39.68932873307715,38.545955805851406,38.748844146728516,427717000,0.0,0.0,0.006751268799074284,0.05971080478549258,578379800.0,34.90672359466553,0,9,6,2023,4,NVDA
2023-06-12 00:00:00-04:00,39.17861302696572,39.50843099459079,38.59692983734383,39.46045684814453,388701000,0.0,0.0,0.018364746538538812,0.05941516421551113,584103750.0,35.463666152954104,0,12,6,2023,0,NVDA
2023-06-13 00:00:00-04:00,40.16407983710106,41.078581630480215,39.71832397883791,40.9996223449707,613208000,0.0,0.0,0.03900526298388618,0.059594407777286376,600067850.0,36.06693696975708,0,13,6,2023,1,NVDA
2023-06-14 00:00:00-04:00,40.8017229530102,42.97653416086688,40.52986821598953,42.97353744506836,740465000,0.0,0.0,0.048144714199783056,0.05988750138793532,614620850.0,36.755911922454835,0,14,6,2023,2,NVDA
2023-06-15 00:00:00-04:00,42.57875935956908,43.265384836246646,42.12400575806211,42.629730224609375,568622000,0.0,0.0,-0.008000440291853095,0.060157529984573334,621425200.0,37.37947778701782,0,15,6,2023,3,NVDA
2023-06-16 00:00:00-04:00,43.426294660759105,43.69714671301747,42.63772367115166,42.66870880126953,655709000,0.0,0.0,0.0009143519429934965,0.05983505583080241,616774400.0,37.930041217803954,0,16,6,2023,4,NVDA
2023-06-20 00:00:00-04:00,42.974540163328015,43.96599947936296,42.65071563542564,43.784095764160156,451153000,0.0,0.0,0.026140630786030128,0.059454455063807296,615636650.0,38.557060623168944,0,20,6,2023,1,NVDA
2023-06-21 00:00:00-04:00,43.4772635468863,43.59120357044556,42.05704128100148,43.02151107788086,551603000,0.0,0.0,-0.017416933545616686,0.05981873408565401,624616800.0,39.150347805023195,0,21,6,2023,2,NVDA
2023-06-22 00:00:00-04:00,42.22994767790135,43.40230809572924,42.21096084923493,43.001529693603516,417737000,0.0,0.0,-0.00046445101012770884,0.059467241780165485,627691000.0,39.76702013015747,0,22,6,2023,3,NVDA
2023-06-23 00:00:00-04:00,42.44082840759844,42.78563755104555,41.992072112071554,42.18596649169922,358140000,0.0,0.0,-0.018965911392347823,0.059841358875838815,609527050.0,40.350409507751465,0,23,6,2023,4,NVDA
2023-06-26 00:00:00-04:00,42.43782951394114,42.74066558376808,40.078117742451454,40.60982894897461,594322000,0.0,0.0,-0.037361655398715166,0.029133290266034322,562047600.0,40.483133697509764,0,26,6,2023,0,NVDA
2023-06-27 00:00:00-04:00,40.77673370825854,41.917109847802685,40.425927340777655,41.853145599365234,462175000,0.0,0.0,0.030616150881916493,0.029358087254665002,549436500.0,40.629754829406735,0,27,6,2023,1,NVDA
2023-06-28 00:00:00-04:00,40.63782250587086,41.82217753926318,40.495901665534284,41.094573974609375,582639000,0.0,0.0,-0.01812460243770453,0.02909446318006298,532398400.0,40.68023509979248,0,28,6,2023,2,NVDA
2023-06-29 00:00:00-04:00,41.53532305058581,41.577299950801056,40.577845588400876,40.79972457885742,380514000,0.0,0.0,-0.00717489846552799,0.02577836246768004,501295100.0,40.829749298095706,0,29,6,2023,3,NVDA
2023-06-30 00:00:00-04:00,41.657256974665316,42.52678117830855,41.47835379473084,42.27891540527344,501148000,0.0,0.0,0.036254921857549416,0.02453122482786813,494558850.0,40.95648536682129,0,30,6,2023,4,NVDA
2023-07-03 00:00:00-04:00,42.4938015963702,42.874594246480044,42.17897482861766,42.38985824584961,198209000,0.0,0.0,0.002624070166244996,0.02429440032734202,480332750.0,41.11090431213379,0,3,7,2023,0,NVDA
2023-07-05 00:00:00-04:00,42.112014865904236,43.15344630122736,42.062042902020195,42.29391860961914,323618000,0.0,0.0,-0.0022632686260483093,0.024267720235515704,476708950.0,41.26832122802735,0,5,7,2023,2,NVDA
2023-07-06 00:00:00-04:00,41.82117097723614,42.15598728056081,41.32344159639819,42.08002853393555,303582000,0.0,0.0,-0.005057230039567595,0.024028444708132243,472451600.0,41.440876960754395,0,6,7,2023,3,NVDA
2023-07-07 00:00:00-04:00,42.298907804592,43.19042323587049,42.156986987539184,42.47980880737305,355881000,0.0,0.0,0.009500475341053916,0.02258603947753624,464645750.0,41.69214000701904,0,7,7,2023,4,NVDA
2023-07-10 00:00:00-04:00,42.63372716743976,42.787642471608095,41.62627391492432,42.156986236572266,353908000,0.0,0.0,-0.007599435587496095,0.022227445143621717,461452550.0,41.87553958892822,0,10,7,2023,0,NVDA
2023-07-11 00:00:00-04:00,42.45782520987243,42.73467453078964,42.044053399323744,42.381866455078125,298244000,0.0,0.0,0.005334352347767357,0.02222313734070718,454978900.0,42.0571907043457,0,11,7,2023,1,NVDA
2023-07-12 00:00:00-04:00,43.00951883998821,43.911027066615475,42.75365801470833,43.87804412841797,481277000,0.0,0.0,0.0353023072951657,0.023076672194810216,459607700.0,42.278070068359376,0,12,7,2023,2,NVDA
2023-07-13 00:00:00-04:00,44.49371584363228,46.12982004252078,44.46772905127002,45.95191955566406,478204000,0.0,0.0,0.047264536704883175,0.023769975583296684,452857500.0,42.525684928894044,0,13,7,2023,3,NVDA
2023-07-14 00:00:00-04:00,46.55758543157375,48.061765401261425,45.0354175393941,45.44419479370117,772075000,0.0,0.0,-0.01104904358452008,0.02185183823478426,454438000.0,42.649217796325686,0,14,7,2023,4,NVDA
2023-07-17 00:00:00-04:00,46.26374664142169,46.47063062366615,45.23730653549651,46.43564987182617,510488000,0.0,0.0,0.021816979762229627,0.022076131235831208,451531300.0,42.83951377868652,0,17,7,2023,0,NVDA
2023-07-18 00:00:00-04:00,46.675515893049734,47.86986348716586,45.7090445218803,47.468082427978516,569164000,0.0,0.0,0.02223361919133482,0.022405395879557175,447204050.0,43.07948246002197,0,18,7,2023,1,NVDA
2023-07-19 00:00:00-04:00,47.43810135841546,47.79190828525745,46.71649520501369,47.05131149291992,427502000,0.0,0.0,-0.008780024676390608,0.02207710024938825,446021500.0,43.24284324645996,0,19,7,2023,2,NVDA
2023-07-20 00:00:00-04:00,46.48162782743177,47.061313235391935,45.03741645990332,45.49516677856445,537865000,0.0,0.0,-0.03307335470531214,0.023123101712707414,445334600.0,43.36652603149414,0,20,7,2023,3,NVDA
2023-07-21 00:00:00-04:00,45.763017562258014,45.84097793575254,44.07593876183976,44.28482437133789,963769000,0.0,0.0,-0.026603758001758293,0.02405235224054103,472636200.0,43.43069076538086,0,21,7,2023,4,NVDA
2023-07-24 00:00:00-04:00,44.70659248014653,45.08438839809802,44.01597143107396,44.5876579284668,382516000,0.0,0.0,0.006838314511300236,0.023570185564605377,473855000.0,43.550775337219235,0,24,7,2023,0,NVDA
2023-07-25 00:00:00-04:00,44.916479357127734,46.15779841353938,44.89848762347168,45.654075622558594,348081000,0.0,0.0,0.023917329226008643,0.021971219176945177,461542950.0,43.80298767089844,0,25,7,2023,1,NVDA
2023-07-26 00:00:00-04:00,45.99588624332529,46.027870275466796,44.60564647122582,45.42719650268555,364237000,0.0,0.0,-0.00496952608894663,0.02131227769033104,456646050.0,43.98169021606445,0,26,7,2023,2,NVDA
2023-07-27 00:00:00-04:00,46.493615921248356,47.36913734530277,45.72503455251275,45.87495422363281,455976000,0.0,0.0,0.009856600349986255,0.02067011553809872,450312900.0,44.220709228515624,0,27,7,2023,3,NVDA
2023-07-28 00:00:00-04:00,46.64253893821814,47.00134424016971,46.35569676531063,46.72449493408203,331194000,0.0,0.0,0.018518617071699994,0.02062498186745549,447846900.0,44.516947746276855,0,28,7,2023,4,NVDA
2023-07-31 00:00:00-04:00,46.728490538955285,47.10428482748887,46.480624760835596,46.7035026550293,251055000,0.0,0.0,-0.00044927781632198016,0.019486747258726428,435342250.0,44.738177108764646,0,31,7,2023,0,NVDA
2023-08-01 00:00:00-04:00,46.434649363103794,46.87441172832599,46.00188696062389,46.481624603271484,237858000,0.0,0.0,-0.004750779687696882,0.019606827396170125,437324700.0,44.942765426635745,0,1,8,2023,1,NVDA
2023-08-02 00:00:00-04:00,45.80600223710468,45.8149961994171,43.363335100892726,44.24485397338867,530142000,0.0,0.0,-0.04812161039924978,0.02288383250030903,447650900.0,45.04031219482422,0,2,8,2023,2,NVDA
2023-08-03 00:00:00-04:00,43.776101176403955,45.093382845124545,43.776101176403955,44.4907112121582,324176000,0.0,0.0,0.005556742009305893,0.022822182326568644,448680600.0,45.16084632873535,0,3,8,2023,3,NVDA
2023-08-04 00:00:00-04:00,44.96045829684696,45.617097541524984,44.36878221779862,44.65562438964844,362666000,0.0,0.0,0.0037066878230791467,0.02277254055261687,449019850.0,45.26963710784912,0,4,8,2023,4,NVDA
2023-08-07 00:00:00-04:00,45.086386746173794,45.51515353063665,44.53868540861367,45.39221954345703,322154000,0.0,0.0,0.016495014096798544,0.022833600758939084,447432150.0,45.43139877319336,0,7,8,2023,0,NVDA
2023-08-08 00:00:00-04:00,44.828525407609725,45.217313078407265,44.031959427339665,44.63962936401367,353843000,0.0,0.0,-0.016579717559809026,0.023285109899532114,450212100.0,45.54428691864014,0,8,8,2023,1,NVDA
2023-08-09 00:00:00-04:00,44.24984363147646,44.287824912823,42.111011764378375,42.530784606933594,586449000,0.0,0.0,-0.047241538227916546,0.0245143742749354,455470700.0,45.47692394256592,0,9,8,2023,2,NVDA
2023-08-10 00:00:00-04:00,42.13699574373503,43.550225675456986,41.81217231360565,42.364871978759766,492705000,0.0,0.0,-0.003901000879884542,0.02168978545972808,456195750.0,45.2975715637207,0,10,8,2023,3,NVDA
2023-08-11 00:00:00-04:00,41.728217445224736,41.99507385757675,40.61682471129046,40.832706451416016,533085000,0.0,0.0,-0.036165942578840427,0.02282714871645654,444246250.0,45.06699714660645,0,11,8,2023,4,NVDA
2023-08-14 00:00:00-04:00,40.4639102150388,43.77610121709491,40.28900646052013,43.7291259765625,690286000,0.0,0.0,0.07093381205560623,0.027942609599399,453236150.0,44.93167095184326,0,14,8,2023,0,NVDA
2023-08-15 00:00:00-04:00,44.535691571886225,45.24330550401963,43.68615300358398,43.9160270690918,676512000,0.0,0.0,0.004274064215906481,0.02738456609544996,458603550.0,44.75406818389892,0,15,8,2023,1,NVDA
2023-08-16 00:00:00-04:00,44.49570885554983,44.65062306232533,43.38231446466475,43.46227264404297,527451000,0.0,0.0,-0.010332319550102942,0.027402432153348456,463601000.0,44.574616241455075,0,16,8,2023,2,NVDA
2023-08-17 00:00:00-04:00,43.94600851428991,44.037957367966825,42.97753549055958,43.320350646972656,452395000,0.0,0.0,-0.003265406717974817,0.026511420845543893,459327500.0,44.465875434875485,0,17,8,2023,3,NVDA
2023-08-18 00:00:00-04:00,42.611736188017545,43.55422246965972,41.63726968400494,43.27537536621094,583768000,0.0,0.0,-0.0010382021403342323,0.025877232353106048,440327450.0,44.41540298461914,0,18,8,2023,4,NVDA
2023-08-21 00:00:00-04:00,44.46972532960602,47.03932184051733,44.197874362477556,46.941375732421875,692573000,0.0,0.0,0.08471331178962616,0.032183308302654104,455830300.0,44.5330888748169,0,21,8,2023,0,NVDA
2023-08-22 00:00:00-04:00,48.108734662611624,48.16070824217046,45.30826536444509,45.64308166503906,755293000,0.0,0.0,-0.027657776260828548,0.03248876149241941,476190900.0,44.532539176940915,0,22,8,2023,1,NVDA
2023-08-23 00:00:00-04:00,45.840975904298595,47.174247686520786,45.18333397410903,47.090293884277344,779046000,0.0,0.0,0.031707153996720416,0.03319251551763078,496931350.0,44.61569404602051,0,23,8,2023,2,NVDA
2023-08-24 00:00:00-04:00,50.1885998204007,50.23857177595236,47.13326863032971,47.137264251708984,1156044000,0.0,0.0,0.0009974532659970947,0.03314562587996189,531934750.0,44.678809547424315,0,24,8,2023,3,NVDA
2023-08-25 00:00:00-04:00,46.9863542513935,47.77892090852691,44.999436003373106,45.992897033691406,925341000,0.0,0.0,-0.024277336332179877,0.03339472601598275,561642100.0,44.64222965240479,0,25,8,2023,4,NVDA
2023-08-28 00:00:00-04:00,46.45663639493685,46.9543657684175,44.863508175320256,46.809444427490234,685192000,0.0,0.0,0.017753771700892873,0.03363675729063405,583348950.0,44.64752674102783,0,28,8,2023,0,NVDA
2023-08-29 00:00:00-04:00,46.640540743084706,49.05422410380392,46.365689250102406,48.75738525390625,701397000,0.0,0.0,0.04161426930485068,0.03482249133050643,606525900.0,44.76131477355957,0,29,8,2023,1,NVDA
2023-08-30 00:00:00-04:00,49.01723659596874,49.89975418473673,48.39857488779277,49.237117767333984,735206000,0.0,0.0,0.00983917638178311,0.03269451688257649,616779100.0,45.01092796325683,0,30,8,2023,2,NVDA
2023-08-31 00:00:00-04:00,49.353059479355466,49.71685929593791,48.93128883683363,49.32807159423828,528570000,0.0,0.0,0.0018472613960487383,0.0327068270667347,626998800.0,45.25279598236084,0,31,8,2023,3,NVDA
2023-09-01 00:00:00-04:00,49.73485103360682,49.77282850136187,48.115732155842714,48.4825325012207,463830000,0.0,0.0,-0.017141134159324056,0.03310255456885853,632057000.0,45.44414138793945,0,1,9,2023,4,NVDA
2023-09-05 00:00:00-04:00,48.19668764519063,48.82434715495617,47.83388674600478,48.52151107788086,382653000,0.0,0.0,0.0008039715470551378,0.032992274527311044,635081950.0,45.600605964660645,0,5,9,2023,1,NVDA
2023-09-06 00:00:00-04:00,48.41855768556727,48.52650554110728,46.55841988311631,47.0391960144043,468670000,0.004,0.0,-0.0305496475799637,0.03358990732425014,640823300.0,45.720584297180174,0,6,9,2023,2,NVDA
2023-09-07 00:00:00-04:00,45.50390990685552,46.32253071023721,45.13108161869616,46.21957778930664,433330000,0.0,0.0,-0.017424154631526356,0.03185257744452224,633167350.0,45.90502395629883,0,7,9,2023,3,NVDA
2023-09-08 00:00:00-04:00,45.92071940996517,46.584409473307375,45.250028806839694,45.55088806152344,473069000,0.0,0.0,-0.014467672786442232,0.032088402787861875,632185550.0,46.06432476043701,0,8,9,2023,4,NVDA
2023-09-11 00:00:00-04:00,46.12661816019719,46.14161060053682,44.29147025437245,45.15707015991211,473966000,0.0,0.0,-0.008645669017021462,0.03083609540849688,629229600.0,46.28054294586182,0,11,9,2023,0,NVDA
2023-09-12 00:00:00-04:00,44.7172700232729,45.65183817230261,44.510365202730895,44.84920883178711,349256000,0.0,0.0,-0.0068175664859299046,0.026785557696842172,612178100.0,46.33654708862305,0,12,9,2023,1,NVDA
2023-09-13 00:00:00-04:00,44.57933983256991,45.908725609094766,44.48238464078705,45.463932037353516,398355000,0.0,0.0,0.01370644480869232,0.02691789220837657,598270250.0,46.41394233703613,0,13,9,2023,2,NVDA
2023-09-14 00:00:00-04:00,45.92871548306057,45.965697093021376,45.110094621925995,45.55988693237305,370097000,0.0,0.0,0.0021105718471665647,0.026759524355765736,590402550.0,46.518823051452635,0,14,9,2023,3,NVDA
2023-09-15 00:00:00-04:00,45.31999198709531,45.577871869694,43.78770131863037,43.879661560058594,506831000,0.0,0.0,-0.03687948951252884,0.028171638109393417,593124350.0,46.54678859710693,0,15,9,2023,4,NVDA
2023-09-18 00:00:00-04:00,42.728198651654026,44.221506057325286,41.98054405465205,43.94563293457031,500271000,0.0,0.0,0.0015034613341633474,0.028167646043148073,588949500.0,46.580301475524905,0,18,9,2023,0,NVDA
2023-09-19 00:00:00-04:00,43.81269451068332,43.94563231876148,42.982078190954006,43.499839782714844,373064000,0.0,0.0,-0.010144196865231159,0.020218859628199054,572974050.0,46.40822467803955,0,19,9,2023,1,NVDA
2023-09-20 00:00:00-04:00,43.579802461208814,43.88266351133672,42.203441401322486,42.21943283081055,367108000,0.0,0.0,-0.02943475098529169,0.02033369224495065,553564800.0,46.23704223632812,0,20,9,2023,2,NVDA
2023-09-21 00:00:00-04:00,41.563736977268604,42.08049577030541,40.96101567472074,40.99799728393555,450736000,0.0,0.0,-0.028930647926270314,0.019270118207831633,537149300.0,45.932427406311035,0,21,9,2023,3,NVDA
2023-09-22 00:00:00-04:00,41.552736723974945,42.09548821247719,41.21189511865896,41.590721130371094,479236000,0.0,0.0,0.014457385377402154,0.019782313521369357,503308900.0,45.65510025024414,0,22,9,2023,4,NVDA
2023-09-25 00:00:00-04:00,41.57173394062744,42.51629589542394,41.15792424834583,42.20244216918945,419091000,0.0,0.0,0.014708113304908732,0.01981284133759097,477996400.0,45.46557750701904,0,25,9,2023,0,NVDA
2023-09-26 00:00:00-04:00,41.981544768615734,42.80016565537031,41.63570436324995,41.89158630371094,402282000,0.0,0.0,-0.007365826466447012,0.019139001500225735,463850900.0,45.21968460083008,0,26,9,2023,1,NVDA
2023-09-27 00:00:00-04:00,42.31038955896758,42.852138257331035,41.609714131697665,42.44832229614258,444935000,0.0,0.0,0.0132899238619264,0.016320509917594588,451027800.0,44.90423145294189,0,27,9,2023,2,NVDA
2023-09-28 00:00:00-04:00,42.4403244191023,43.42586759785592,42.095486874346165,43.069034576416016,424663000,0.0,0.0,0.014622775334747207,0.01660933172199047,435500650.0,44.595827293396,0,28,9,2023,3,NVDA
2023-09-29 00:00:00-04:00,43.80669465697379,44.123549133326094,43.28693511492848,43.47884750366211,397830000,0.0,0.0,0.009515256872521194,0.016899043302914432,428963650.0,44.303366088867186,0,29,9,2023,4,NVDA
2023-10-02 00:00:00-04:00,44.009599054426594,45.154069017187716,43.840678635675474,44.761253356933594,433298000,0.0,0.0,0.029494936662326943,0.018449607527930588,427437050.0,44.117302131652835,0,2,10,2023,0,NVDA
2023-10-03 00:00:00-04:00,44.7872398839657,45.10909311668892,43.22596325710491,43.4968376159668,470850000,0.0,0.0,-0.028247996786062712,0.019194820440020542,431846900.0,43.86606845855713,0,3,10,2023,1,NVDA
2023-10-04 00:00:00-04:00,43.72173808377064,44.12255330566711,43.27194577354406,44.020599365234375,361821000,0.0,0.0,0.01204137537289185,0.018596442021479857,426504450.0,43.715138626098636,0,4,10,2023,2,NVDA
2023-10-05 00:00:00-04:00,44.02959243795168,44.879200950918715,43.867668737435245,44.66729736328125,393483000,0.0,0.0,0.01469080401839351,0.018684926932612554,424512100.0,43.63752460479736,0,5,10,2023,3,NVDA
2023-10-06 00:00:00-04:00,44.17252932671095,45.76779068476559,44.00560686892616,45.74080276489258,434436000,0.0,0.0,0.024033363668288565,0.019257440484799764,422580450.0,43.64702033996582,0,6,10,2023,4,NVDA
2023-10-09 00:00:00-04:00,44.821217956917046,45.5838648484024,44.347438598523695,45.252017974853516,409675000,0.0,0.0,-0.010685968773906596,0.019313123679637712,419365900.0,43.65176773071289,0,9,10,2023,0,NVDA
2023-10-10 00:00:00-04:00,45.28901388182662,46.23757180586334,45.06711658971715,45.77678680419922,368582000,0.0,0.0,0.011596584038248148,0.019395534751741186,420332200.0,43.69814662933349,0,10,10,2023,1,NVDA
2023-10-11 00:00:00-04:00,46.17459898720651,46.83729386766852,46.02866671277973,46.78431701660156,378137000,0.0,0.0,0.022009631578377098,0.019762621379324958,419321300.0,43.7641658782959,0,11,10,2023,2,NVDA
2023-10-12 00:00:00-04:00,46.75532686388765,47.58694209872688,46.30853537914647,46.923248291015625,481325000,0.0,0.0,0.002969612110929498,0.01976467879397362,424882700.0,43.832333946228026,0,12,10,2023,3,NVDA
2023-10-13 00:00:00-04:00,46.93823975092536,47.094169510667186,45.25901788884397,45.43993377685547,474115000,0.0,0.0,-0.03161150534508428,0.019252474756049482,423246900.0,43.91034755706787,0,13,10,2023,4,NVDA
2023-10-16 00:00:00-04:00,45.04212688013775,46.20358739976767,44.8911958461008,46.07365036010742,375099000,0.0,0.0,0.013946247949303325,0.019438261399473872,416988300.0,44.01674842834473,0,16,10,2023,0,NVDA
2023-10-17 00:00:00-04:00,43.9796198725083,44.73327224791512,42.46032345572455,43.91764831542969,812333000,0.0,0.0,-0.04679468693768829,0.022225521358945052,438951750.0,44.03763885498047,0,17,10,2023,1,NVDA
2023-10-18 00:00:00-04:00,42.57127011789517,43.19898137436451,41.80562611222444,42.17645263671875,627294000,0.0,0.0,-0.03964683323217011,0.023056409869247084,451961050.0,44.035489845275876,0,18,10,2023,2,NVDA
2023-10-19 00:00:00-04:00,42.79116734856338,43.27694225554759,41.86259688147746,42.08149719238281,501233000,0.0,0.0,-0.0022513852730532413,0.022031008375866756,454485900.0,44.08966484069824,0,19,10,2023,3,NVDA
2023-10-20 00:00:00-04:00,41.87058984444125,42.45032293422298,41.05896580650467,41.36782455444336,477266000,0.0,0.0,-0.01695929768555471,0.02218091577795962,454387400.0,44.07852001190186,0,20,10,2023,4,NVDA
2023-10-23 00:00:00-04:00,41.209903709929456,43.22796955938642,40.92603485604566,42.95509338378906,478530000,0.0,0.0,0.03836964709751012,0.02359449217333886,457359350.0,44.11615257263183,0,23,10,2023,0,NVDA
2023-10-24 00:00:00-04:00,43.05704182148603,43.67675350399577,42.67122288444641,43.64276885986328,401463000,0.0,0.0,0.016009171949181278,0.023728972278268572,457318400.0,44.203711700439456,0,24,10,2023,1,NVDA
2023-10-25 00:00:00-04:00,43.3778969328652,43.62978292171346,41.53575210190213,41.759647369384766,398379000,0.0,0.0,-0.04314853387339401,0.025635044537366616,454990600.0,44.16927795410156,0,25,10,2023,2,NVDA
2023-10-26 00:00:00-04:00,41.833612702341114,42.23642589504536,39.86152709976489,40.30731964111328,541001000,0.0,0.0,-0.0347782565169894,0.026467458565901145,460807500.0,44.031192207336424,0,26,10,2023,3,NVDA
2023-10-27 00:00:00-04:00,41.11094855365019,41.18691356194545,39.99646337372596,40.481239318847656,416784000,0.0,0.0,0.004314841058222552,0.026363662267010406,461755200.0,43.8813117980957,0,27,10,2023,4,NVDA
2023-10-30 00:00:00-04:00,41.0679702193919,41.746652746404344,40.462248113483334,41.14193344116211,388028000,0.0,0.0,0.01632099543965393,0.02565806513028398,459491700.0,43.700345802307126,0,30,10,2023,0,NVDA
2023-10-31 00:00:00-04:00,40.43126324594468,40.86006537582252,39.21182716227926,40.7611083984375,517969000,0.0,0.0,-0.009256372048465744,0.025053504652494507,461847650.0,43.56355934143066,0,31,10,2023,1,NVDA
2023-11-01 00:00:00-04:00,40.86506257244454,42.361370852066266,40.85007013008419,42.305397033691406,437593000,0.0,0.0,0.03788632586137197,0.02649221535133157,465636250.0,43.47779922485351,0,1,11,2023,2,NVDA
2023-11-02 00:00:00-04:00,43.307920925769054,43.863663031413026,42.874123932526324,43.48583984375,409172000,0.0,0.0,0.027902889296098632,0.027079334161935253,466420700.0,43.41872634887695,0,2,11,2023,3,NVDA
2023-11-03 00:00:00-04:00,43.99960568025811,45.28800612867796,43.70274239785865,44.98414993286133,424610000,0.0,0.0,0.034455125955827004,0.027679791617646717,465929400.0,43.38089370727539,0,3,11,2023,4,NVDA
2023-11-06 00:00:00-05:00,45.26402504269513,45.91372550519506,44.87820224142606,45.72980880737305,400733000,0.0,0.0,0.01657603568422683,0.027821002473772716,465482300.0,43.40478324890137,0,6,11,2023,0,NVDA
2023-11-07 00:00:00-05:00,45.69782127762116,46.19658683928955,45.137080351571434,45.933712005615234,343165000,0.0,0.0,0.00445886837404208,0.027722110317671588,464211450.0,43.41262950897217,0,7,11,2023,1,NVDA
2023-11-08 00:00:00-05:00,46.07863835763678,46.84528507821162,45.94669954943022,46.55242156982422,346719000,0.0,0.0,0.013469618221435109,0.02743830639428538,462640550.0,43.4010347366333,0,8,11,2023,2,NVDA
2023-11-09 00:00:00-05:00,47.44500813069146,48.207655129484806,46.728341254280565,46.92824935913086,540496000,0.0,0.0,0.00807321674433048,0.02748996851253671,465599100.0,43.401284790039064,0,9,11,2023,3,NVDA
2023-11-10 00:00:00-05:00,47.4779945591138,48.44954438031616,47.261096034839866,48.31260681152344,421245000,0.0,0.0,0.029499448014743024,0.027142547736882246,462955600.0,43.54491844177246,0,10,11,2023,4,NVDA
2023-11-13 00:00:00-05:00,48.29761289799248,49.0932455425318,48.07671461686158,48.59747314453125,384136000,0.0,0.0,0.005896314684884052,0.02703775927968648,463407450.0,43.67110958099365,0,13,11,2023,0,NVDA
2023-11-14 00:00:00-05:00,49.65698656195247,49.810914551979124,49.01728364536213,49.63299560546875,416954000,0.0,0.0,0.0213081543943201,0.024613690396098696,443638500.0,43.95687694549561,0,14,11,2023,1,NVDA
2023-11-15 00:00:00-05:00,49.91186068915213,49.93684681599167,48.17766410603599,48.8653450012207,475497000,0.0,0.0,-0.015466537832011573,0.02275525697838654,436048650.0,44.2913215637207,0,15,11,2023,2,NVDA
2023-11-16 00:00:00-05:00,48.656453168876766,49.50206198018349,48.30761579872143,49.45708084106445,339756000,0.0,0.0,0.01210951932967963,0.022653255776257104,427974800.0,44.66010074615478,0,16,11,2023,3,NVDA
2023-11-17 00:00:00-05:00,49.50105496849855,49.69396634927252,48.984296190510356,49.27516174316406,325205000,0.0,0.0,-0.0036783225941904307,0.022059102483133246,420371750.0,45.05546760559082,0,17,11,2023,4,NVDA
2023-11-20 00:00:00-05:00,49.28915491828104,50.52458236287964,49.15821508964933,50.38564682006836,414120000,0.0,0.0,0.02253640653058553,0.021218301022435316,417151250.0,45.426995277404785,0,20,11,2023,0,NVDA
2023-11-21 00:00:00-05:00,50.10277900216273,50.49359671556376,49.19919844365085,49.92086410522461,565747000,0.0,0.0,-0.0092245062667059,0.021479655846014033,425365450.0,45.74090003967285,0,21,11,2023,1,NVDA
2023-11-22 00:00:00-05:00,49.828899379673054,50.311673448926754,47.667898705235174,48.693424224853516,899420000,0.0,0.0,-0.024587713020829516,0.019511402879376315,450417500.0,46.08758888244629,0,22,11,2023,2,NVDA
2023-11-24 00:00:00-05:00,48.447542972132375,48.898334217844386,47.72287660824091,47.75386428833008,294645000,0.0,0.0,-0.019295417224814537,0.017976092356794274,438099700.0,46.45991611480713,0,24,11,2023,4,NVDA
2023-11-27 00:00:00-05:00,47.777853703101385,48.50751503969105,47.629923460498674,48.21965026855469,395662000,0.0,0.0,0.009753890856083691,0.01794793826706535,437043600.0,46.84683666229248,0,27,11,2023,0,NVDA
2023-11-28 00:00:00-05:00,48.2136481790491,48.300609664179134,47.45100125443084,47.7988395690918,401491000,0.0,0.0,-0.008726954615374094,0.018276470389054108,437716750.0,47.17968196868897,0,28,11,2023,1,NVDA
2023-11-29 00:00:00-05:00,48.35659018010254,48.739412176857265,47.837829598788915,48.117698669433594,382005000,0.0,0.0,0.006670854422750061,0.017841271708826587,430918550.0,47.54751148223877,0,29,11,2023,2,NVDA
2023-11-30 00:00:00-05:00,48.00174591431098,48.08770841421174,46.40049083853704,46.748329162597656,526247000,0.0,0.0,-0.028458748957289948,0.01824926602547521,435351250.0,47.76965808868408,0,30,11,2023,3,NVDA
2023-12-01 00:00:00-05:00,46.50344903798777,47.178135584830024,46.165604364255195,46.74333572387695,369317000,0.0,0.0,-0.00010681534100043244,0.017470507056053124,433358500.0,47.93253288269043,0,1,12,2023,4,NVDA
2023-12-04 00:00:00-05:00,46.05565315263873,46.05565315263873,44.989146129304046,45.488914489746094,437543000,0.0,0.0,-0.026836365327904677,0.017176561256942755,434005150.0,47.957771110534665,0,4,12,2023,0,NVDA
2023-12-05 00:00:00-05:00,45.448929830983346,46.58250295286297,45.25400334691917,46.548519134521484,371718000,0.004,0.0,0.023293689389185968,0.01756467798359326,432554400.0,47.99870662689209,0,5,12,2023,1,NVDA
2023-12-06 00:00:00-05:00,47.197275238129286,47.36921155253726,45.39495069645239,45.48591613769531,380590000,0.0,0.0,-0.022827858255927258,0.018327853537008314,434425650.0,47.97631683349609,0,6,12,2023,2,NVDA
2023-12-07 00:00:00-05:00,45.68285044200277,46.611502660553185,45.58688579779979,46.578514099121094,350823000,0.0,0.0,0.024020577229185935,0.018889215978532936,434630850.0,47.977621459960936,0,7,12,2023,3,NVDA
2023-12-08 00:00:00-05:00,46.57750949930058,47.72307920041658,46.53252440936205,47.48816680908203,359224000,0.0,0.0,0.019529448879050948,0.019309636197192757,425567250.0,48.0056173324585,0,8,12,2023,4,NVDA
2023-12-11 00:00:00-05:00,47.47317498768805,47.51315707527434,45.81279915946564,46.6094970703125,509728000,0.0,0.0,-0.01850291973371121,0.018517808424961004,429991400.0,47.92046184539795,0,11,12,2023,0,NVDA
2023-12-12 00:00:00-05:00,46.028715290198626,47.64810605776617,46.028715290198626,47.63911056518555,372387000,0.0,0.0,0.02209020821056762,0.0192054751781238,429403950.0,47.87254371643066,0,12,12,2023,1,NVDA
2023-12-13 00:00:00-05:00,47.61112654633229,48.57576453625137,47.59013451910957,48.06995391845703,447792000,0.0,0.0,0.009043900025840212,0.018649504993109214,430945850.0,47.79439163208008,0,13,12,2023,2,NVDA
2023-12-14 00:00:00-05:00,48.37183404392987,48.65172771318974,47.40419892072773,48.33184814453125,391232000,0.0,0.0,0.005448189663723735,0.018405982512621533,426732600.0,47.767716789245604,0,14,12,2023,3,NVDA
2023-12-15 00:00:00-05:00,48.17590524193445,49.38545001807013,48.10193171433854,48.87164306640625,479948000,0.0,0.0,0.01116851398400498,0.018373529938202366,433742200.0,47.7384449005127,0,15,12,2023,4,NVDA
2023-12-18 00:00:00-05:00,49.3814606049325,50.41407002944699,49.131554435501194,50.058204650878906,412587000,0.0,0.0,0.024279142464278758,0.019160411529851734,438111300.0,47.77759704589844,0,18,12,2023,0,NVDA
2023-12-19 00:00:00-05:00,49.40544401373602,49.68134136834579,48.87664329291069,49.58537673950195,464444000,0.0,0.0,-0.009445562713936706,0.018591330860636513,440627500.0,47.737583541870116,0,19,12,2023,1,NVDA
2023-12-20 00:00:00-05:00,49.63636045247814,49.98023309919541,48.07994567571629,48.09294128417969,397894000,0.0,0.0,-0.03009829819712395,0.019654388138018893,432234850.0,47.64618740081787,0,20,12,2023,2,NVDA
2023-12-21 00:00:00-05:00,48.79267736467951,49.076571148767,48.40082241502789,48.97161102294922,300425000,0.0,0.0,0.0182702433102917,0.019359429568816214,402285100.0,47.66009674072266,0,21,12,2023,3,NVDA
2023-12-22 00:00:00-05:00,49.17653306295307,49.36446221767303,48.44880569619553,48.81167221069336,252507000,0.0,0.0,-0.0032659495759881363,0.01882273261088816,400178200.0,47.71298713684082,0,22,12,2023,4,NVDA
2023-12-26 00:00:00-05:00,48.949613984887115,49.581376676631486,48.94161756801922,49.260498046875,244200000,0.0,0.0,0.009195051426312606,0.018809878120083532,392605100.0,47.76502952575684,0,26,12,2023,1,NVDA
2023-12-27 00:00:00-05:00,49.49241542635842,49.661350703421,49.066572842938115,49.3984489440918,233648000,0.0,0.0,0.0028004365097065165,0.01866454320589848,384212950.0,47.84500999450684,0,27,12,2023,2,NVDA
2023-12-28 00:00:00-05:00,49.62436711615611,49.86527396770583,49.39345101981501,49.50341033935547,246587000,0.0,0.0,0.0021247913144493147,0.018629923490294634,377442050.0,47.91429557800293,0,28,12,2023,3,NVDA
2023-12-29 00:00:00-05:00,49.79430147307111,49.978234327074226,48.732699840316755,49.50341033935547,389293000,0.0,0.0,0.0,0.0172500733903156,370594350.0,48.05204963684082,0,29,12,2023,4,NVDA
2024-01-02 00:00:00-05:00,49.22551389912714,49.27649344260116,47.57713465197093,48.14991760253906,411254000,0.0,0.0,-0.027341403906073314,0.018536009522711935,372691200.0,48.122378730773924,0,2,1,2024,1,NVDA
2024-01-03 00:00:00-05:00,47.46717554449256,48.16591065021649,47.302236567517355,47.551143646240234,320896000,0.0,0.0,-0.012435617465464843,0.017628818909033794,366858850.0,48.225490188598634,0,3,1,2024,2,NVDA
2024-01-04 00:00:00-05:00,47.74906818641796,48.48179475152094,47.49016653492504,47.979984283447266,306535000,0.0,0.0,0.009018513632341074,0.0170152664204295,363599700.0,48.29706344604492,0,4,1,2024,3,NVDA
2024-01-05 00:00:00-05:00,48.4438038170967,49.52839547317931,48.28786035280196,49.07856369018555,415039000,0.0,0.0,0.022896618728516005,0.016619989398886727,365322150.0,48.47669582366943,0,5,1,2024,4,NVDA
2024-01-08 00:00:00-05:00,49.493414803058315,52.2553780928012,49.46042624518818,52.23338317871094,642510000,0.0,0.0,0.06428100684528126,0.021032601126045034,379906500.0,48.75943927764892,0,8,1,2024,0,NVDA
2024-01-09 00:00:00-05:00,52.38133132087113,54.304608899415356,51.670595858503674,53.120052337646484,773100000,0.0,0.0,0.01697514319342286,0.02095342755943731,400600300.0,49.041033554077146,0,9,1,2024,1,NVDA
2024-01-10 00:00:00-05:00,53.59587564392309,54.57950363229104,53.468920600031716,54.32959747314453,533796000,0.0,0.0,0.022770029061903507,0.02045789209837967,401803700.0,49.42703857421875,0,10,1,2024,2,NVDA
2024-01-11 00:00:00-05:00,54.978353810668786,55.32522366817502,53.539894837912634,54.80141830444336,596759000,0.0,0.0,0.008684416105458004,0.02018590894778561,413022300.0,49.78515396118164,0,11,1,2024,3,NVDA
2024-01-12 00:00:00-05:00,54.59949438818704,54.94936528488959,54.30960615330977,54.68946075439453,352994000,0.0,0.0,-0.002042968111278798,0.020285129799377064,408282400.0,50.116129302978514,0,12,1,2024,4,NVDA
2024-01-16 00:00:00-05:00,54.99734961591672,56.813665103138256,54.879393878712925,56.360836029052734,449580000,0.0,0.0,0.030561195001797437,0.020971537283052708,411199800.0,50.51757869720459,0,16,1,2024,1,NVDA
2024-01-17 00:00:00-05:00,56.32585172177727,56.449805730670086,54.71945642379432,56.03196334838867,474394000,0.0,0.0,-0.00583512779147799,0.021176561846422106,410922100.0,50.87559471130371,0,17,1,2024,2,NVDA
2024-01-18 00:00:00-05:00,57.23850610997206,57.57837864545508,56.08593900392558,57.08556365966797,491650000,0.0,0.0,0.018803558688963884,0.020976812773569435,414875250.0,51.226962661743165,0,18,1,2024,3,NVDA
2024-01-19 00:00:00-05:00,57.967230984594906,59.47766538428564,57.203517829580356,59.46866989135742,543501000,0.0,0.0,0.04174621531105527,0.021989502495511595,418828100.0,51.721127319335935,0,19,1,2024,4,NVDA
2024-01-22 00:00:00-05:00,60.02646308238528,60.308358741109046,59.047830414692214,59.63161087036133,452955000,0.0,0.0,0.0027399465853461535,0.020026928011006816,421581150.0,52.29806079864502,0,22,1,2024,0,NVDA
2024-01-23 00:00:00-05:00,59.54763724461273,59.88750976187205,58.563006401379184,59.85052490234375,294654000,0.0,0.0,0.0036711071323956013,0.02001394233583211,421292600.0,52.84200649261474,0,23,1,2024,1,NVDA
2024-01-24 00:00:00-05:00,60.28136859690913,62.825411621033346,59.91550482899039,61.33897018432617,560271000,0.0,0.0,0.02486937724290761,0.02000143303422532,436680800.0,53.46837139129639,0,24,1,2024,2,NVDA
2024-01-25 00:00:00-05:00,62.32658710692477,62.695451848342564,60.82715033149019,61.59386444091797,482777000,0.0,0.0,0.004155502706123526,0.020065947932018095,448609650.0,54.08503971099854,0,25,1,2024,3,NVDA
2024-01-26 00:00:00-05:00,60.93711847607482,61.759811433716834,60.550266507965134,61.00809097290039,390309000,0.0,0.0,-0.00951025679805273,0.020527846036481324,456442700.0,54.66552181243897,0,26,1,2024,4,NVDA
2024-01-29 00:00:00-05:00,61.209012360122756,62.46554046020734,60.884137413565526,62.441551208496094,348733000,0.0,0.0,0.023496231610204754,0.02060821593815656,461550000.0,55.312428855895995,0,29,1,2024,0,NVDA
2024-01-30 00:00:00-05:00,62.876390843205506,63.46916675485246,62.23662787593773,62.75043487548828,410735000,0.0,0.0,0.004946764790656921,0.02048752160349773,462622100.0,55.97478008270264,0,30,1,2024,1,NVDA
2024-01-31 00:00:00-05:00,61.41693710561366,62.24562831970366,60.6772170002544,61.50390625,453795000,0.0,0.0,-0.019864860346572755,0.019785732065576944,464749150.0,56.642479515075685,0,31,1,2024,2,NVDA
2024-02-01 00:00:00-05:00,62.076683936331825,63.16727775299556,61.626855932874065,63.00333786010742,369146000,0.0,0.0,0.02437945329866631,0.01904270421856215,467161650.0,57.415089225769044,0,1,2,2024,3,NVDA
2024-02-02 00:00:00-05:00,63.94997850101078,66.57499195926525,63.66608473882134,66.13516235351562,476578000,0.0,0.0,0.049708866224867476,0.020557950033486577,475663800.0,58.32284812927246,0,2,2,2024,4,NVDA
2024-02-05 00:00:00-05:00,68.19939012424172,69.47091584987561,67.17977633836104,69.30597686767578,680078000,0.0,0.0,0.04794445800572844,0.021707209708050554,488915750.0,59.33421878814697,0,5,2,2024,0,NVDA
2024-02-06 00:00:00-05:00,69.60386495591794,69.72781896754408,66.27512050871108,68.19739532470703,683111000,0.0,0.0,-0.015995468112156352,0.019978980153314473,490945800.0,60.132419395446775,0,6,2,2024,1,NVDA
2024-02-07 00:00:00-05:00,68.29334720317483,70.1936343745623,67.57461541049389,70.07267761230469,495575000,0.0,0.0,0.02749785792652215,0.02020948392924391,477069550.0,60.98005065917969,0,7,2,2024,2,NVDA
2024-02-08 00:00:00-05:00,70.04768132116023,70.7674121465697,69.42891811747751,69.6148452758789,414422000,0.0,0.0,-0.006533678346913763,0.020608906878498687,471100850.0,61.7443130493164,0,8,2,2024,3,NVDA
2024-02-09 00:00:00-05:00,70.50652846806685,72.15790895507466,70.18564978274989,72.1059341430664,436637000,0.0,0.0,0.035783874219866174,0.021214939946886606,463094750.0,62.609538841247556,0,9,2,2024,4,NVDA
2024-02-12 00:00:00-05:00,72.57274383383451,74.5829904741092,71.22325216031359,72.22087860107422,613710000,0.0,0.0,0.0015941053863854915,0.021085138154719175,476130550.0,63.48610973358154,0,12,2,2024,0,NVDA
2024-02-13 00:00:00-05:00,70.37358838482487,73.42243948960919,69.59388225066057,72.10093688964844,602580000,0.0,0.0,-0.0016607622857691684,0.02100069302803367,483780550.0,64.27311477661132,0,13,2,2024,1,NVDA
2024-02-14 00:00:00-05:00,73.17452501401227,74.20813345586252,71.91099955356471,73.87226104736328,504917000,0.0,0.0,0.024567283507368032,0.020694380987807223,485306700.0,65.16512966156006,0,14,2,2024,2,NVDA
2024-02-15 00:00:00-05:00,73.84127361084667,73.9472289995395,72.37282328939969,72.63072204589844,420122000,0.0,0.0,-0.016806565602057733,0.021773702399301136,481730300.0,65.94238758087158,0,15,2,2024,3,NVDA
2024-02-16 00:00:00-05:00,74.07218040927339,74.37406898709354,72.47378167003887,72.58573913574219,495327000,0.0,0.0,-0.0006193372293314958,0.02080102002702388,479321600.0,66.59824104309082,0,16,2,2024,4,NVDA
2024-02-20 00:00:00-05:00,71.91999242878622,71.92899173506727,67.70857639129635,69.42593383789062,704833000,0.0,0.0,-0.043532039977473125,0.02400337144356722,491915500.0,67.08795719146728,0,20,2,2024,1,NVDA
2024-02-21 00:00:00-05:00,67.9804743369606,68.86214710879592,66.22313849991595,67.4466781616211,690298000,0.0,0.0,-0.028508880858428065,0.025343239769925894,511697700.0,67.46776485443115,0,21,2,2024,2,NVDA
2024-02-22 00:00:00-05:00,74.99684018330679,78.5455030813757,74.1921420425949,78.5085220336914,865100000,0.0,0.0,0.16400872768801222,0.04338552680035109,526939150.0,68.32624244689941,0,22,2,2024,3,NVDA
2024-02-23 00:00:00-05:00,80.75968130766822,82.36307562218218,77.54088851837011,78.78742218017578,829388000,0.0,0.0,0.0035524824472519256,0.04339239058634265,544269700.0,69.1859203338623,0,23,2,2024,4,NVDA
2024-02-26 00:00:00-05:00,79.67009046088133,80.6157422578572,78.47553917565106,79.06232452392578,503973000,0.0,0.0,0.0034891653533395406,0.04313052664555361,549952900.0,70.08863201141358,0,26,2,2024,0,NVDA
2024-02-27 00:00:00-05:00,79.35119274989219,79.45016223022866,77.13303174065258,78.67144775390625,391705000,0.0,0.0,-0.004943906878190019,0.04326515342988536,552101500.0,70.90012683868409,0,27,2,2024,1,NVDA
2024-02-28 00:00:00-05:00,77.59087459563746,78.90337778350795,77.09605760677522,77.63385772705078,393110000,0.0,0.0,-0.013188902155470417,0.04361929790340527,551220250.0,71.64429798126221,0,28,2,2024,2,NVDA
2024-02-29 00:00:00-05:00,79.06430729405044,79.9599670015527,78.3205833213307,79.0822982788086,507289000,0.0,0.0,0.018657330630796665,0.04300559091955093,553894950.0,72.52321758270264,0,29,2,2024,3,NVDA
2024-03-01 00:00:00-05:00,79.96996422541928,82.26910374751212,79.40517391258761,82.24810791015625,479135000,0.0,0.0,0.040031836457084635,0.04335557426594357,559394400.0,73.48545608520507,0,1,3,2024,4,NVDA
2024-03-04 00:00:00-05:00,84.09840760734,87.66207143981877,83.68756644704014,85.20499420166016,615616000,0.0,0.0,0.03595081232426489,0.04286981783265654,566346300.0,74.4389476776123,0,4,3,2024,0,NVDA
2024-03-05 00:00:00-05:00,85.24198821051228,86.06872004565462,83.38960003379123,85.93576049804688,520639000,0.004,0.0,0.008576566470472002,0.042105134350584994,558374350.0,75.27043685913085,0,5,3,2024,1,NVDA
2024-03-06 00:00:00-05:00,87.99308922719804,89.69452599594824,87.00141069166892,88.67086029052734,582520000,0.0,0.0,0.031827259997805335,0.04181265619371477,553344800.0,76.29411010742187,0,6,3,2024,2,NVDA
2024-03-07 00:00:00-05:00,90.12837327546654,92.73651717702312,89.57255620841083,92.6385498046875,608119000,0.0,0.0,0.04474626163725204,0.04228124761322875,558972000.0,77.42240371704102,0,7,3,2024,3,NVDA
2024-03-08 00:00:00-05:00,95.10675351305797,97.36801162259309,86.47758481062256,87.49925231933594,1142269000,0.0,0.0,-0.055476877565407645,0.04491815323688872,595364350.0,78.31662406921387,0,8,3,2024,4,NVDA
2024-03-11 00:00:00-04:00,86.4006103441235,88.76782871199401,84.13835321441624,85.7458267211914,678364000,0.0,0.0,-0.02003932092751215,0.04512271699929727,607450700.0,78.99861869812011,0,11,3,2024,0,NVDA
2024-03-12 00:00:00-04:00,88.02008324614344,91.92979413377263,86.12170491240781,91.8828125,668075000,0.0,0.0,0.07157183053075489,0.04713649014538669,610168950.0,79.98171539306641,0,12,3,2024,1,NVDA
2024-03-13 00:00:00-04:00,91.02508398682748,91.47393396528192,88.40594204784502,90.85813903808594,635713000,0.0,0.0,-0.011151960133066963,0.047340364063284214,611825600.0,80.91957550048828,0,13,3,2024,2,NVDA
2024-03-14 00:00:00-04:00,89.54757446626068,90.61622350841212,86.57154750613068,87.91510772705078,602318000,0.0,0.0,-0.03239149890359849,0.04828857847329739,616695650.0,81.62171783447266,0,14,3,2024,3,NVDA
2024-03-15 00:00:00-04:00,86.90144388293218,89.51658184476094,86.22866844065179,87.80814361572266,642086000,0.0,0.0,-0.001216674973091303,0.047961409961618705,627793850.0,82.38058891296387,0,15,3,2024,4,NVDA
2024-03-18 00:00:00-04:00,90.35831286729302,92.37464868231102,87.05639632268333,88.42594909667969,668976000,0.0,0.0,0.007035856305774413,0.04789794117119585,636476300.0,83.17259941101074,0,18,3,2024,0,NVDA
2024-03-19 00:00:00-04:00,86.67151765212044,90.51425674084177,84.98207797118587,89.36863708496094,672171000,0.0,0.0,0.010660761890727066,0.04615477455094717,634843200.0,84.16973457336425,0,19,3,2024,1,NVDA
2024-03-20 00:00:00-04:00,89.76749997737916,90.38030520484318,88.19401951660328,90.34231567382812,479063000,0.0,0.0,0.010895081547920737,0.0450887042045589,624281450.0,85.31451644897462,0,20,3,2024,2,NVDA
2024-03-21 00:00:00-04:00,92.26968196617385,92.61756721905257,90.37530021359187,91.40496063232422,480372000,0.0,0.0,0.011762427723600366,0.028531164399345263,605045050.0,85.95933837890625,0,21,3,2024,3,NVDA
2024-03-22 00:00:00-04:00,91.11105766429952,94.7468638928685,90.8041593115699,94.25802612304688,586719000,0.0,0.0,0.031213464466103735,0.028970387284041433,592911600.0,86.73286857604981,0,22,3,2024,4,NVDA
2024-03-25 00:00:00-04:00,93.91013861786189,96.7342074446901,93.47928046219188,94.97078704833984,552136000,0.0,0.0,0.007561806188923548,0.02894094826568942,595319750.0,87.52829170227051,0,25,3,2024,0,NVDA
2024-03-26 00:00:00-04:00,95.81951413427198,96.34334409261999,92.4716151430306,92.53059387207031,513648000,0.0,0.0,-0.02569414503248757,0.0298476698762348,601416900.0,88.22124900817872,0,26,3,2024,1,NVDA
2024-03-27 00:00:00-04:00,93.08140362412708,93.20935991690288,89.09371596526927,90.22034454345703,586067000,0.0,0.0,-0.02496741058214058,0.030410416994708162,611064750.0,88.85057334899902,0,27,3,2024,2,NVDA
2024-03-28 00:00:00-04:00,89.97043098866838,91.2700069314821,89.163696917333,90.3263168334961,435212000,0.0,0.0,0.0011745941624954348,0.030338459328462263,607460900.0,89.4127742767334,0,28,3,2024,3,NVDA
2024-04-01 00:00:00-04:00,90.26933865065378,92.1947007975338,89.17469715880289,90.33331298828125,452441000,0.0,0.0,7.745422408911296e-05,0.029355619207252926,606126200.0,89.81703453063965,0,1,4,2024,0,NVDA
2024-04-02 00:00:00-04:00,88.41893947358703,90.06440242112468,87.59121620163441,89.42261505126953,433064000,0.0,0.0,-0.01008152924857142,0.028604920348401147,596998600.0,90.02791557312011,0,2,4,2024,1,NVDA
2024-04-03 00:00:00-04:00,88.45493823513225,90.3443168469122,88.3709661913593,88.93477630615234,370067000,0.0,0.0,-0.005455429198055639,0.028627962256334318,589470000.0,90.1778663635254,0,3,4,2024,2,NVDA
2024-04-04 00:00:00-04:00,90.37629042203368,90.60421995433492,85.85177670926352,85.87677001953125,434965000,0.0,0.0,-0.0343848201303627,0.02883730985793801,582092250.0,90.03816184997558,0,4,4,2024,3,NVDA
2024-04-05 00:00:00-04:00,86.8374646504957,88.45193966671309,85.89777859630549,87.97909545898438,399678000,0.0,0.0,0.02448072323836792,0.027460785278611222,571670200.0,89.80518913269043,0,5,4,2024,4,NVDA
2024-04-08 00:00:00-04:00,88.67085666122206,88.80081883400379,86.70350850941023,87.10437774658203,283220000,0.0,0.0,-0.0099423358223788,0.024545968093224364,528717750.0,89.78544540405274,0,8,4,2024,0,NVDA
2024-04-09 00:00:00-04:00,87.41326961083752,87.60620698800746,82.99472376686872,85.3259506225586,503547000,0.0,0.0,-0.020417195668368415,0.024562389628405578,519976900.0,89.76445159912109,0,9,4,2024,1,NVDA
2024-04-10 00:00:00-04:00,83.89843024698811,87.3712879556285,83.68149867040677,87.01040649414062,431929000,0.0,0.0,0.01974142519704536,0.018637222099307738,508169600.0,89.52083129882813,0,10,4,2024,2,NVDA
2024-04-11 00:00:00-04:00,87.39128560717941,90.70919574606373,86.89745219051976,90.58623504638672,431637000,0.0,0.0,0.04109656185190791,0.020894002564311544,497965800.0,89.50723609924316,0,11,4,2024,3,NVDA
2024-04-12 00:00:00-04:00,89.66953943111257,90.1453886602286,87.50125303417155,88.15703582763672,426805000,0.0,0.0,-0.026816427655990682,0.02047121779086656,489190150.0,89.51933250427246,0,12,4,2024,4,NVDA
2024-04-15 00:00:00-04:00,89.06872264461606,90.58322421693445,85.90076523534208,85.97274017333984,443077000,0.0,0.0,-0.02477732643560726,0.021229159957532915,479239700.0,89.42756233215331,0,15,4,2024,0,NVDA
2024-04-16 00:00:00-04:00,86.40460421758179,88.08904823109181,86.03572977127556,87.38628387451172,370453000,0.0,0.0,0.01644176628919647,0.0215151213540252,464313550.0,89.37557907104492,0,16,4,2024,1,NVDA
2024-04-17 00:00:00-04:00,88.3109710984958,88.7458333599475,83.92241409948026,84.00739288330078,495400000,0.0,0.0,-0.03866614806578894,0.02296246116085057,455475000.0,89.10751686096191,0,17,4,2024,2,NVDA
2024-04-18 00:00:00-04:00,84.94208621726145,86.16168663370678,82.37492908333081,84.64318084716797,447260000,0.0,0.0,0.007568238247202874,0.02286960467759833,453884850.0,88.8225601196289,0,18,4,2024,3,NVDA
2024-04-19 00:00:00-04:00,83.12268637450086,84.29629668319684,75.58116589392048,76.17496490478516,875198000,0.0,0.0,-0.10004605046297887,0.031213496386870966,473626150.0,88.06106033325196,0,19,4,2024,4,NVDA
2024-04-22 00:00:00-04:00,78.07833775408314,80.04669267273574,76.37490279505329,79.49187469482422,596341000,0.0,0.0,0.043543305785372244,0.032148867310953635,474107250.0,87.32275276184082,0,22,4,2024,0,NVDA
2024-04-23 00:00:00-04:00,80.74246382535908,82.7418068067518,80.23763246823718,82.39591979980469,438559000,0.0,0.0,0.03653260306326067,0.03350977477166425,468428400.0,86.69400939941406,0,23,4,2024,1,NVDA
2024-04-24 00:00:00-04:00,83.92242471814481,84.0543851474842,79.15699208262093,79.65083312988281,512208000,0.0,0.0,-0.03331580831419256,0.03378142721598866,468356400.0,86.05002136230469,0,24,4,2024,2,NVDA
2024-04-25 00:00:00-04:00,78.84208734175279,83.29562566305763,78.19730258611348,82.6048583984375,424641000,0.0,0.0,0.03708718606543271,0.03486797733192778,460285100.0,85.66924705505372,0,25,4,2024,3,NVDA
2024-04-26 00:00:00-04:00,83.79047109382074,88.30198930446801,83.3596128981717,87.70618438720703,551011000,0.0,0.0,0.06175576216308887,0.037829265349846916,466075050.0,85.53824043273926,0,26,4,2024,4,NVDA
2024-04-29 00:00:00-04:00,87.56622296271497,87.96308807915567,85.23798574736955,87.7281723022461,388971000,0.0,0.0,0.000250699710547142,0.03782949159637076,462901550.0,85.4079833984375,0,29,4,2024,0,NVDA
2024-04-30 00:00:00-04:00,87.21134125053536,88.78982495986544,86.27165520822136,86.37361907958984,363709000,0.0,0.0,-0.015440344727455035,0.03791778798980857,459433800.0,85.25553359985352,0,30,4,2024,1,NVDA
2024-05-01 00:00:00-04:00,85.04905184528752,85.9717451202874,81.22830132116862,83.01371765136719,559863000,0.0,0.0,-0.038899625418342576,0.03884887417638414,468923600.0,84.95948066711426,0,1,5,2024,2,NVDA
2024-05-02 00:00:00-04:00,84.42125626969049,86.20867093085921,83.17266601309362,85.78881072998047,377898000,0.0,0.0,0.03342933140601945,0.038898205565211584,466070250.0,84.95508270263672,0,2,5,2024,3,NVDA
2024-05-03 00:00:00-04:00,87.76016278941914,89.25166943381491,87.01140828668458,88.75983428955078,398341000,0.0,0.0,0.03463183058827557,0.03928936592167929,466003400.0,84.99411964416504,0,3,5,2024,4,NVDA
2024-05-06 00:00:00-04:00,89.36062948973989,92.18970149787158,89.02574047227303,92.10972595214844,376203000,0.0,0.0,0.037741076123122275,0.040018417467598315,470652550.0,85.24438705444337,0,6,5,2024,0,NVDA
2024-05-07 00:00:00-04:00,91.06806618454974,91.75084041902228,88.98175395384375,90.52424621582031,437342000,0.0,0.0,-0.017212945972196136,0.03992362434078081,467342300.0,85.50430183410644,0,7,5,2024,1,NVDA
2024-05-08 00:00:00-04:00,89.45361321300157,91.16404981267715,89.39063036492911,90.38230895996094,325721000,0.0,0.0,-0.0015679473930220178,0.03975789494366825,462031900.0,85.67289695739746,0,8,5,2024,2,NVDA
2024-05-09 00:00:00-04:00,90.4992620554592,91.04208295679378,88.20202038816478,88.71784973144531,378013000,0.0,0.0,-0.01841576352351182,0.03894912638419838,459350700.0,85.5794776916504,0,9,5,2024,3,NVDA
2024-05-10 00:00:00-04:00,90.2753342742342,91.3709748992257,89.19768547851668,89.84847259521484,335325000,0.0,0.0,0.012744029157514492,0.038534418888147265,454776700.0,85.6640495300293,0,10,5,2024,4,NVDA
2024-05-13 00:00:00-04:00,90.44827727503778,90.96811074029578,88.49991996993283,90.36930847167969,289680000,0.0,0.0,0.005796825048004051,0.03803323154660926,447106850.0,85.88387794494629,0,13,5,2024,0,NVDA
2024-05-14 00:00:00-04:00,89.56956971282393,91.62089767401247,88.90478722070216,91.32599639892578,296507000,0.0,0.0,0.010586425230263874,0.0379483606241179,443409550.0,86.08086357116699,0,14,5,2024,1,NVDA
2024-05-15 00:00:00-04:00,92.44161932872312,94.83083350687552,91.5689050462718,94.59890747070312,417735000,0.0,0.0,0.035837671646973046,0.03730410094741007,439526300.0,86.61043930053711,0,15,5,2024,2,NVDA
2024-05-16 00:00:00-04:00,94.87882442022669,95.78752238437566,94.07208269713682,94.3280029296875,323952000,0.0,0.0,-0.002863717438803648,0.03736318119862944,433360900.0,87.09468040466308,0,16,5,2024,3,NVDA
2024-05-17 00:00:00-04:00,94.33799437588382,94.70886703782735,91.77583301886031,92.4486083984375,359691000,0.0,0.0,-0.019924036053757144,0.028665062145926977,407585550.0,87.9083625793457,0,17,5,2024,4,NVDA
2024-05-20 00:00:00-04:00,93.71920279909754,95.16872341830162,93.40930707577944,94.74886322021484,318764000,0.0,0.0,0.024881443448706575,0.02781064403663072,393706700.0,88.67121200561523,0,20,5,2024,0,NVDA
2024-05-21 00:00:00-04:00,93.56825212335475,95.36866300361463,93.14939104451075,95.35466766357422,328946000,0.0,0.0,0.006393791152421224,0.027056949438256248,388226050.0,89.31914939880372,0,21,5,2024,1,NVDA
2024-05-22 00:00:00-04:00,95.42764347286975,95.98845620709115,93.21837032400495,94.91880798339844,548648000,0.0,0.0,-0.004570931773508535,0.025482611886004557,390048050.0,90.08254814147949,0,22,5,2024,2,NVDA
2024-05-23 00:00:00-04:00,101.99449335003398,106.28508365177811,101.48665694608555,103.7649154663086,835065000,0.0,0.0,0.09319657158418337,0.031176993362082735,410569250.0,91.14055099487305,0,23,5,2024,3,NVDA
2024-05-24 00:00:00-04:00,104.41469537259921,106.44003098960508,102.96617374072069,106.43403625488281,429494000,0.0,0.0,0.025722767436175076,0.029118549077606585,404493400.0,92.07694358825684,0,24,5,2024,4,NVDA
2024-05-28 00:00:00-04:00,110.2077900069521,114.90124747385036,109.84690852832622,113.86358642578125,652728000,0.0,0.0,0.06980426968969322,0.03189902519742857,417681250.0,93.38371429443359,0,28,5,2024,1,NVDA
2024-05-29 00:00:00-04:00,113.01286640628571,115.45405793078952,110.86457027293942,114.78727722167969,557442000,0.0,0.0,0.008112258052757948,0.031197798745587806,427367900.0,94.80439720153808,0,29,5,2024,2,NVDA
2024-05-30 00:00:00-04:00,114.612337538274,115.78095222554882,109.62697631949285,110.46369934082031,487350000,0.0,0.0,-0.03766600258763508,0.031087124590853093,423742250.0,96.17689628601075,0,30,5,2024,3,NVDA
2024-05-31 00:00:00-04:00,112.4830297906596,112.67997129263833,106.904868817121,109.59698486328125,613263000,0.0,0.0,-0.007846147491991307,0.03115758023527799,435510500.0,97.36730499267578,0,31,5,2024,4,NVDA
2024-06-03 00:00:00-04:00,113.58368201334555,114.96222686767578,111.96620962094242,114.96222686767578,438392000,0.0,0.0,0.048954284746861365,0.03184356007889589,437513050.0,98.67742462158203,0,3,6,2024,0,NVDA
2024-06-04 00:00:00-04:00,115.67799408835361,116.56169877793198,114.00753771578134,116.39875030517578,403324000,0.0,0.0,0.012495612486294938,0.03132763950106946,438869100.0,99.89187583923339,0,4,6,2024,1,NVDA
2024-06-05 00:00:00-04:00,118.33211671671947,122.40877237466783,117.42941347887506,122.3997802734375,528402000,0.0,0.0,0.05155579379098252,0.03169853584458547,443422100.0,101.48565254211425,0,5,6,2024,2,NVDA
2024-06-06 00:00:00-04:00,124.00724541916884,125.54574130546908,118.28113030159747,120.958251953125,664696000,0.0,0.0,-0.011777213301299772,0.032070613809560417,460370850.0,103.01444969177246,0,6,6,2024,3,NVDA
2024-06-07 00:00:00-04:00,119.7306529022316,121.65202623467715,117.98323363858707,120.8482894897461,412386000,0.0,0.0,-0.000909094349524131,0.031336744530574515,462089500.0,104.6209716796875,0,7,6,2024,4,NVDA
2024-06-10 00:00:00-04:00,120.33046067723372,123.05955958930451,116.9715638416941,121.74999237060547,314162700,0.0,10.0,0.0074614451281569405,0.031388086082725454,461031385.0,106.21604766845704,0,10,6,2024,0,NVDA
2024-06-11 00:00:00-04:00,121.73999195116299,122.83972700807324,118.7107397776175,120.88021087646484,222551200,0.01,0.0,-0.007143996292771959,0.031735781177297064,457674945.0,107.7415927886963,0,11,6,2024,1,NVDA
2024-06-12 00:00:00-04:00,123.02967915018486,126.84873770805827,122.53980200765415,125.16915130615234,299595000,0.0,0.0,0.03548091452347513,0.032035596206371066,457829345.0,109.43375053405762,0,12,6,2024,2,NVDA
2024-06-13 00:00:00-04:00,129.35813218658845,129.7680348697194,127.12868568021801,129.5780792236328,260704500,0.0,0.0,0.035223758182210796,0.03201623899819173,449977820.0,111.18270912170411,0,13,6,2024,3,NVDA
2024-06-14 00:00:00-04:00,129.92799370452428,132.80727390157034,128.28839829543193,131.84751892089844,309320400,0.0,0.0,0.017514071136591758,0.03169594802343379,449246240.0,113.05868492126464,0,14,6,2024,4,NVDA
2024-06-17 00:00:00-04:00,132.9572533982128,133.69706139159663,129.54808953427707,130.94773864746094,288504400,0.0,0.0,-0.00682440049537314,0.03101319764020385,445686910.0,114.98364143371582,0,17,6,2024,0,NVDA
2024-06-18 00:00:00-04:00,131.10769173939232,136.29641557179684,130.6578056523983,135.54660034179688,294335100,0.0,0.0,0.03511982522063284,0.03121654626362315,444465465.0,117.02352828979492,0,18,6,2024,1,NVDA
2024-06-20 00:00:00-04:00,139.76557010788932,140.72532511567726,129.48810330722768,130.74778747558594,517768400,0.0,0.0,-0.035403417379042734,0.03339389640140933,453906585.0,118.79318428039551,0,20,6,2024,3,NVDA
2024-06-21 00:00:00-04:00,127.08867825178737,130.5978154647857,124.26937345205326,126.53881072998047,655484700,0.0,0.0,-0.03219157147413598,0.03484740564364992,459248420.0,120.3741844177246,0,21,6,2024,4,NVDA
2024-06-24 00:00:00-04:00,123.2096275256971,124.42932809847615,118.0109120255889,118.08089447021484,476060900,0.0,0.0,-0.0668404911581939,0.03432747859944954,441298215.0,121.08998336791993,0,24,6,2024,0,NVDA
2024-06-25 00:00:00-04:00,121.17013488438512,126.46883208603107,119.29060083723321,126.05892944335938,425787500,0.0,0.0,0.06756414751885997,0.03671766605679238,441112890.0,122.07122802734375,0,25,6,2024,1,NVDA
2024-06-26 00:00:00-04:00,126.09892059020918,128.08842814640124,122.56979155312732,126.36885833740234,362975900,0.0,0.0,0.002458603253347569,0.033835894688705605,426625285.0,122.69649162292481,0,26,6,2024,2,NVDA
2024-06-27 00:00:00-04:00,124.06941564080125,126.37885155800387,122.88970613137967,123.95944213867188,252571700,0.0,0.0,-0.01906653451198692,0.03427961883100657,411381770.0,123.15509986877441,0,27,6,2024,3,NVDA
2024-06-28 00:00:00-04:00,124.54930428199576,127.67853027804634,122.71975337861936,123.50955963134766,315516700,0.0,0.0,-0.0036292717969877986,0.03289793272559211,402790105.0,123.80739288330078,0,28,6,2024,4,NVDA
2024-07-01 00:00:00-04:00,123.43958890104815,124.80924657003757,118.8007324055703,124.2693862915039,284885500,0.0,0.0,0.006151966393728392,0.03273388802380987,386371230.0,124.54101295471192,0,1,7,2024,0,NVDA
2024-07-02 00:00:00-04:00,121.10014907077634,123.37959365292392,121.00017523772506,122.6397705078125,218374000,0.0,0.0,-0.013113573924544486,0.031444850321692926,375370330.0,124.92489013671874,0,2,7,2024,1,NVDA
2024-07-03 00:00:00-04:00,121.63003350315482,128.24839782714844,121.33010435521813,128.24839782714844,215749000,0.0,0.0,0.045732532734792164,0.0327835880791513,365991580.0,125.51737251281739,0,3,7,2024,2,NVDA
2024-07-05 00:00:00-04:00,127.34861718195397,128.81826389526591,125.64903902808197,125.79900360107422,214176700,0.0,0.0,-0.01909882905028948,0.031318603536999,350280315.0,125.68733367919921,0,5,7,2024,4,NVDA
2024-07-08 00:00:00-04:00,127.4585719244731,130.73776982046533,127.0086858992603,128.16839599609375,237677300,0.0,0.0,0.018834746915271205,0.03136630853198633,328929380.0,126.04784088134765,0,8,7,2024,0,NVDA
2024-07-09 00:00:00-04:00,130.3178959397844,133.78704236722226,128.61830251041144,131.34764099121094,285366600,0.0,0.0,0.024805217935426782,0.03170701492444279,322578410.0,126.5728084564209,0,9,7,2024,1,NVDA
2024-07-10 00:00:00-04:00,133.99698191654937,135.0667256558596,132.38737791270125,134.87677001953125,248978600,0.0,0.0,0.026868613716149348,0.03209215642222891,319319205.0,127.2291473388672,0,10,7,2024,2,NVDA
2024-07-11 00:00:00-04:00,135.71655549549055,136.1164508461357,127.0187019512054,127.36861419677734,374782700,0.0,0.0,-0.05566678251315382,0.034825773841858434,326930780.0,127.5535675048828,0,11,7,2024,3,NVDA
2024-07-12 00:00:00-04:00,128.22839089146464,131.88749271860638,127.18865386253758,129.20816040039062,252680500,0.0,0.0,0.01444269622633465,0.034109650656241844,324585055.0,127.75551795959473,0,12,7,2024,4,NVDA
2024-07-15 00:00:00-04:00,130.52782847793975,131.35762580228223,127.14866403247436,128.40835571289062,208326200,0.0,0.0,-0.006190047788170339,0.0332418041242885,321966140.0,127.69703178405761,0,15,7,2024,0,NVDA
2024-07-16 00:00:00-04:00,128.40836211736584,129.0082051584145,124.54931239200171,126.32887268066406,214769500,0.0,0.0,-0.016194296863952462,0.033165438457136855,317238595.0,127.4210994720459,0,16,7,2024,1,NVDA
2024-07-17 00:00:00-04:00,121.32010271185337,121.8199795319496,116.69124610366761,117.96092987060547,390086200,0.0,0.0,-0.06623935314622176,0.036180827670367635,322317685.0,126.77175903320312,0,17,7,2024,2,NVDA
2024-07-18 00:00:00-04:00,121.81998031239168,122.36984786902624,116.53128260658956,121.06016540527344,320979500,0.0,0.0,0.026273407119353775,0.035721059540757966,323649905.0,126.04743728637695,0,18,7,2024,3,NVDA
2024-07-19 00:00:00-04:00,120.32034177331325,121.57003374775046,117.341080377663,117.90093994140625,217223800,0.0,0.0,-0.026096325354347916,0.035363310822274924,308622675.0,125.40509490966797,0,19,7,2024,4,NVDA
2024-07-22 00:00:00-04:00,120.3203432330864,124.03942781453529,119.8304661088677,123.50955963134766,258068900,0.0,0.0,0.0475706104864706,0.036560453973012,288751885.0,125.25363235473633,0,22,7,2024,0,NVDA
2024-07-23 00:00:00-04:00,122.74974719191928,124.65928025097237,122.06991443104106,122.5597915649414,173911000,0.0,0.0,-0.00768983444877569,0.03315104040393521,273644390.0,125.47757720947266,0,23,7,2024,1,NVDA
2024-07-24 00:00:00-04:00,119.1406333610656,119.92043994002134,113.41204956795865,114.22184753417969,327776900,0.0,0.0,-0.06803164336603529,0.03298480470895265,268743860.0,124.88572311401367,0,24,7,2024,2,NVDA
2024-07-25 00:00:00-04:00,113.01214179627254,116.60125336651197,106.27380502948411,112.25232696533203,460067000,0.0,0.0,-0.017242940920372485,0.03306348184980808,273598415.0,124.17989654541016,0,25,7,2024,3,NVDA
2024-07-26 00:00:00-04:00,116.16137637359374,116.17136841805404,111.55251154245995,113.03214263916016,293399100,0.0,0.0,0.006946988939204424,0.03300831482962367,275639785.0,123.63353157043457,0,26,7,2024,4,NVDA
2024-07-29 00:00:00-04:00,113.66198865142056,116.25134680115113,111.27257816967544,111.5625,248152100,0.0,0.0,-0.013001988680793164,0.03306808463007565,272271555.0,123.03617858886719,0,29,7,2024,0,NVDA
2024-07-30 00:00:00-04:00,111.49251876218644,111.96240417731258,102.51473565355279,103.7044448852539,486833300,0.0,0.0,-0.07043634836747203,0.036062901894105374,282368945.0,122.00793151855468,0,30,7,2024,1,NVDA
2024-07-31 00:00:00-04:00,112.87217777091092,118.31083191790377,110.85267132044424,116.99115753173828,473174200,0.0,0.0,0.1281209562539556,0.04719603060320152,295108955.0,121.72550086975097,0,31,7,2024,2,NVDA
2024-08-01 00:00:00-04:00,117.50104810323892,120.13040514788088,106.78368749587625,109.18309783935547,523462300,0.0,0.0,-0.06674059695720658,0.047989281669609,310494620.0,120.77223587036133,0,1,8,2024,3,NVDA
2024-08-02 00:00:00-04:00,103.73443867463745,108.69321575888374,101.3450281116693,107.24356842041016,482027500,0.0,0.0,-0.0177640079584388,0.04797240452012015,323887160.0,119.84446411132812,0,2,8,2024,4,NVDA
2024-08-05 00:00:00-04:00,92.0373150047539,103.38452459369911,90.66765743904186,100.42524719238281,552842400,0.0,0.0,-0.06357790335079627,0.049172566947251514,339645415.0,118.45730667114258,0,5,8,2024,0,NVDA
2024-08-06 00:00:00-04:00,103.8144091952266,107.68345833707174,100.52522659409519,104.22431182861328,409012100,0.0,0.0,0.03782977630070117,0.04975441434962302,345827690.0,117.1011402130127,0,6,8,2024,1,NVDA
2024-08-07 00:00:00-04:00,107.78343659639361,108.77319818362058,98.6656883565928,98.88563537597656,411440400,0.0,0.0,-0.05122294749631595,0.04974482492389745,353950780.0,115.30158348083496,0,7,8,2024,2,NVDA
2024-08-08 00:00:00-04:00,101.97486813365401,105.47400576569116,97.49596860854,104.94413757324219,391910000,0.0,0.0,0.06126776830861602,0.05146243285847773,354807145.0,114.1803596496582,0,8,8,2024,3,NVDA
2024-08-09 00:00:00-04:00,105.6139698534446,106.57373239559361,103.40451530940655,104.72418975830078,290844200,0.0,0.0,-0.002095856138585206,0.05120833342590965,356715330.0,112.9561611175537,0,9,8,2024,4,NVDA
2024-08-12 00:00:00-04:00,106.29380933051287,111.04263923804827,106.23382655143305,108.9931411743164,325559900,0.0,0.0,0.040763756930162875,0.05241688920431468,362577015.0,111.985400390625,0,12,8,2024,0,NVDA
2024-08-13 00:00:00-04:00,112.41229629244809,116.20136332032301,111.55250759337807,116.11138153076172,312646700,0.0,0.0,0.06530906697202954,0.05476991148863433,367470875.0,111.47452583312989,0,13,8,2024,1,NVDA
2024-08-14 00:00:00-04:00,118.5007970340635,118.57077948335262,114.04189674110647,118.05091094970703,339246400,0.0,0.0,0.016704042216838744,0.05281919153654886,364928885.0,111.47902488708496,0,14,8,2024,2,NVDA
2024-08-15 00:00:00-04:00,118.73074633761901,123.2096384456698,117.44106320591041,122.8297348022461,318086700,0.0,0.0,0.04048104173101197,0.05326577070745711,364784245.0,111.5675033569336,0,15,8,2024,3,NVDA
2024-08-16 00:00:00-04:00,121.90995980977215,124.96920346991081,121.15014491697093,124.54930877685547,302589900,0.0,0.0,0.013999655518086573,0.05290379707054426,369052550.0,111.89992179870606,0,16,8,2024,4,NVDA
2024-08-19 00:00:00-04:00,124.24936523467589,129.96795654296875,123.38957660426745,129.96795654296875,318333600,0.0,0.0,0.04350604446807016,0.0527353921308946,372065785.0,112.22284164428712,0,19,8,2024,0,NVDA
2024-08-20 00:00:00-04:00,128.36836140301475,129.8480077753235,125.85898525590325,127.2186508178711,300087400,0.0,0.0,-0.021153719718511543,0.052975929404931545,378374605.0,112.45578460693359,0,20,8,2024,1,NVDA
2024-08-21 00:00:00-04:00,127.288628455805,129.31813467743694,126.62879504399294,128.4683380126953,257883600,0.0,0.0,0.009823144537299822,0.05025829159548875,374879940.0,113.16810913085938,0,21,8,2024,2,NVDA
2024-08-22 00:00:00-04:00,129.98796994394152,130.717785815134,123.06966909662319,123.70951080322266,376189100,0.0,0.0,-0.03704280200933541,0.050952748819356006,370686045.0,113.7409683227539,0,22,8,2024,3,NVDA
2024-08-23 00:00:00-04:00,125.82898983127045,129.56807382051312,125.18914813175064,129.33811950683594,323230300,0.0,0.0,0.045498593172568436,0.05171062431144432,372177605.0,114.5562671661377,0,23,8,2024,4,NVDA
2024-08-26 00:00:00-04:00,129.53808260280766,131.22765338990934,124.33935925298674,126.42884063720703,331964700,0.0,0.0,-0.02249359184068811,0.05195661642804085,376368235.0,115.29958419799804,0,26,8,2024,0,NVDA
2024-08-27 00:00:00-04:00,125.01920259136338,129.1681743229575,123.84948497148315,128.26840209960938,303134600,0.0,0.0,0.01455017267524461,0.04861135309862854,367183300.0,116.52778205871581,0,27,8,2024,1,NVDA
2024-08-28 00:00:00-04:00,128.0884319398247,128.29838691719942,122.60978624415954,125.57905578613281,448101100,0.0,0.0,-0.020966553488271367,0.04060489846288412,365929645.0,116.95717697143554,0,28,8,2024,2,NVDA
2024-08-29 00:00:00-04:00,121.33009516824127,124.39933835599817,116.68123949231907,117.56101989746094,453023300,0.0,0.0,-0.06384851230548327,0.0403427666967395,362407695.0,117.37607307434082,0,29,8,2024,3,NVDA
2024-08-30 00:00:00-04:00,119.50054804230363,121.72000228172388,117.19111963899515,119.34059143066406,333751600,0.0,0.0,0.015137428501005745,0.040057856418868644,354993900.0,117.98092422485351,0,30,8,2024,4,NVDA
2024-09-03 00:00:00-04:00,115.9814171340765,116.18136480283337,107.26356453201906,107.973388671875,477155100,0.0,0.0,-0.09525009573455412,0.04344153047661294,351209535.0,118.35833129882812,0,3,9,2024,1,NVDA
2024-09-04 00:00:00-04:00,105.38403194779274,113.24208832420429,104.09434887245212,106.18383026123047,372470300,0.0,0.0,-0.016574069154047688,0.042947796405759735,349382445.0,118.45630722045898,0,4,9,2024,2,NVDA
2024-09-05 00:00:00-04:00,104.96413183407385,109.6229874268856,104.73419276980215,107.18358612060547,306850700,0.0,0.0,0.009415330534935817,0.04110710074809163,344152960.0,118.87120475769044,0,5,9,2024,3,NVDA
2024-09-06 00:00:00-04:00,108.0133719412909,108.12334543943037,100.92511547059387,102.80465698242188,413638100,0.0,0.0,-0.040854474987021994,0.04005974664787725,345239365.0,118.76423072814941,0,6,9,2024,4,NVDA
2024-09-09 00:00:00-04:00,104.85416662249493,106.52376111930401,103.66446489131458,106.44377899169922,273912000,0.0,0.0,0.03539841594821502,0.04083879526272969,344392755.0,118.85021018981934,0,9,9,2024,0,NVDA
2024-09-10 00:00:00-04:00,107.78343479415585,109.37304700834024,104.92413884500664,108.0733642578125,268283700,0.0,0.0,0.015309351862078824,0.03994147850500711,341528945.0,118.80422134399414,0,10,9,2024,1,NVDA
2024-09-11 00:00:00-04:00,109.36305099024224,117.16113249890854,107.39353508245641,116.8812026977539,441422400,0.0,0.0,0.08149869767105633,0.04146242520252524,347967730.0,118.84271240234375,0,11,9,2024,2,NVDA
2024-09-12 00:00:00-04:00,116.82120128077001,120.77057045474369,115.3614370539407,119.12083435058594,367100500,0.01,0.0,0.01916160683787238,0.041514534678174564,349360435.0,118.89620857238769,0,12,9,2024,3,NVDA
2024-09-13 00:00:00-04:00,119.06084000976254,119.94069565795841,117.58107480834963,119.0808334350586,238358300,0.0,0.0,-0.00033580116984088804,0.04047627369438927,345374015.0,118.70876350402833,0,13,9,2024,4,NVDA
2024-09-16 00:00:00-04:00,116.77120810734208,118.16098383065176,114.34159881620232,116.7612075805664,248772300,0.0,0.0,-0.0194794224022391,0.04052595134657087,342683135.0,118.31935844421386,0,16,9,2024,0,NVDA
2024-09-17 00:00:00-04:00,118.15099033708098,118.7808938826076,114.81153124290536,115.57140350341797,231925900,0.0,0.0,-0.010190063136572669,0.039074893257986375,338362750.0,117.59953079223632,0,17,9,2024,1,NVDA
2024-09-18 00:00:00-04:00,115.87135202544096,117.68105834506785,113.20178347448297,113.35176086425781,310318900,0.0,0.0,-0.019205811921238047,0.03903523232006523,338874325.0,116.90618629455567,0,18,9,2024,2,NVDA
2024-09-19 00:00:00-04:00,117.3311230698782,119.64075670028409,117.23114068021938,117.85104370117188,293506400,0.0,0.0,0.03969310050950248,0.04018753035611973,340655465.0,116.3753215789795,0,19,9,2024,3,NVDA
2024-09-20 00:00:00-04:00,117.041165532472,118.6009197546388,115.37143602446805,115.98133850097656,382462400,0.0,0.0,-0.015864986354607202,0.0395316580603674,340969130.0,115.9889129638672,0,20,9,2024,4,NVDA
2024-09-23 00:00:00-04:00,116.5312567610485,116.97118080282907,114.84152614526418,116.24130249023438,206228500,0.0,0.0,0.002241429462858102,0.03791953902318004,335119040.0,115.33407211303711,0,23,9,2024,0,NVDA
2024-09-24 00:00:00-04:00,116.5012492087513,121.78040609310197,115.36143323881014,120.85055541992188,354966800,0.0,0.0,0.03965245425630637,0.03891219410390491,336269145.0,115.05515785217285,0,24,9,2024,1,NVDA
2024-09-25 00:00:00-04:00,122.00036937142775,124.91990547833531,121.5904392877682,123.4901351928711,284692900,0.0,0.0,0.021841685077717887,0.03910442110061942,335347060.0,114.81624450683594,0,25,9,2024,2,NVDA
2024-09-26 00:00:00-04:00,126.77960826024157,127.64946344549999,121.78041247124415,124.02005004882812,302582900,0.0,0.0,0.004291151314470554,0.038838077082267476,328071150.0,114.7382942199707,0,26,9,2024,3,NVDA
2024-09-27 00:00:00-04:00,123.9500642912149,124.01005220096552,119.24082267160239,121.38047790527344,271009200,0.0,0.0,-0.021283430723624597,0.03622780170851131,318970445.0,114.92926712036133,0,27,9,2024,4,NVDA
2024-09-30 00:00:00-04:00,118.29096227592748,121.48045146740193,118.13099198549791,121.42046356201172,226553700,0.0,0.0,0.0003294241168623202,0.03610122394859007,313610550.0,115.03326072692872,0,30,9,2024,0,NVDA
2024-10-01 00:00:00-04:00,121.75040758040218,122.42030559533124,115.77137385100936,116.9811782836914,302094500,0.0,0.0,-0.03656126115885805,0.029629052913756466,304857520.0,115.48365020751953,0,1,10,2024,1,NVDA
2024-10-02 00:00:00-04:00,116.42127087200362,119.360792730428,115.12147695024304,118.83087921142578,221845900,0.0,0.0,0.015811953297723225,0.029304254972952314,297326300.0,116.11600265502929,0,2,10,2024,2,NVDA
2024-10-03 00:00:00-04:00,120.90054847309592,124.33999759824167,120.32063993396463,122.83023834228516,277118000,0.0,0.0,0.033655891106752156,0.029945339740657422,295839665.0,116.89833526611328,0,3,10,2024,3,NVDA
2024-10-04 00:00:00-04:00,124.91990339813242,125.01988578554294,121.810403092212,124.89990234375,243678100,0.0,0.0,0.016849792277512377,0.02776663675890257,287341665.0,118.00309753417969,0,4,10,2024,4,NVDA
2024-10-07 00:00:00-04:00,124.96989107230341,130.61898369823507,124.92989659161151,127.69945526123047,346250200,0.0,0.0,0.022414372348951384,0.027292757858919447,290958575.0,119.06588134765624,0,7,10,2024,0,NVDA
2024-10-08 00:00:00-04:00,130.23904002332463,133.45852325335272,129.39917881279587,132.86862182617188,285722500,0.0,0.0,0.040479159087773775,0.02814222274502726,291830515.0,120.30564422607422,0,8,10,2024,1,NVDA
2024-10-09 00:00:00-04:00,134.08841860906853,134.49835629027027,131.35886221320516,132.62864685058594,246191600,0.0,0.0,-0.0018061072079146312,0.02277233074562742,282068975.0,121.09301643371582,0,9,10,2024,2,NVDA
2024-10-10 00:00:00-04:00,131.8887724251562,134.97827142059657,130.97891523035668,134.78829956054688,242311300,0.0,0.0,0.016283455808713043,0.022697641103944934,275829515.0,121.87638969421387,0,10,10,2024,3,NVDA
2024-10-11 00:00:00-04:00,133.98843884138304,135.75815840657205,133.63850429309608,134.7783203125,170209500,0.0,0.0,-7.403645627557243e-05,0.022693602902014255,272422075.0,122.66126403808593,0,11,10,2024,4,NVDA
2024-10-14 00:00:00-04:00,136.44805696221857,139.57755854294567,136.27808612883217,138.0478057861328,232347700,0.0,0.0,0.02425824469434046,0.02216421685433725,271600845.0,123.72559394836426,0,14,10,2024,0,NVDA
2024-10-15 00:00:00-04:00,137.84782283581688,138.547722466739,128.71930149862905,131.57884216308594,377831000,0.0,0.0,-0.046860314701913874,0.02512320813479439,278896100.0,124.52596588134766,0,15,10,2024,1,NVDA
2024-10-16 00:00:00-04:00,133.9584403413635,136.5980149944232,131.55883256815804,135.6981658935547,264879700,0.0,0.0,0.03130688538331294,0.024908576395281365,276624140.0,125.6432861328125,0,16,10,2024,2,NVDA
2024-10-17 00:00:00-04:00,139.31759037510415,140.8673441853548,136.8479863322171,136.90797424316406,306435900,0.0,0.0,0.00891543626726965,0.023862962169323456,277270615.0,126.59613265991212,0,17,10,2024,3,NVDA
2024-10-18 00:00:00-04:00,138.64768884107772,138.87764756674068,137.25791307551907,137.97779846191406,176090200,0.0,0.0,0.007814184854199047,0.0232057083319,266952005.0,127.69595565795899,0,18,10,2024,4,NVDA
2024-10-21 00:00:00-04:00,138.1077854115753,143.6868896484375,137.97780144123402,143.6868896484375,264554500,0.0,0.0,0.04137688273160345,0.024234945054971313,269868305.0,129.06823501586913,0,21,10,2024,0,NVDA
2024-10-22 00:00:00-04:00,142.88702644418225,144.39677817254247,141.7572032447214,143.56690979003906,226311600,0.0,0.0,-0.0008350090860202997,0.023385984287619583,263435545.0,130.204052734375,0,22,10,2024,1,NVDA
2024-10-23 00:00:00-04:00,142.00715584596583,142.4070854107316,137.43789878035992,139.5375518798828,285930000,0.0,0.0,-0.028066062827771576,0.02456643437187834,263497400.0,131.00642356872558,0,23,10,2024,2,NVDA
2024-10-24 00:00:00-04:00,140.79735837298583,141.3272719093067,138.4377373361036,140.38742065429688,172354900,0.0,0.0,0.00609060975317699,0.024561541118819863,256986000.0,131.824792098999,0,24,10,2024,3,NVDA
2024-10-25 00:00:00-04:00,140.90732467853542,144.1068221770471,140.77735596279692,141.51722717285156,205122100,0.0,0.0,0.008047776027859666,0.023674640916266143,253691645.0,132.83162956237794,0,25,10,2024,4,NVDA
2024-10-28 00:00:00-04:00,142.9770029033179,143.11697977842437,140.02748037021578,140.49740600585938,173586700,0.0,0.0,-0.007206339379067672,0.023861895287379104,251043295.0,133.7854766845703,0,28,10,2024,0,NVDA
2024-10-29 00:00:00-04:00,140.26742736816374,142.23711171034327,138.87765156261756,141.22727966308594,157593600,0.0,0.0,0.00519492621234674,0.02150548965365549,243818250.0,134.99778175354004,0,29,10,2024,1,NVDA
2024-10-30 00:00:00-04:00,139.51754595215704,140.30742741103543,136.78798938993828,139.3175811767578,179418100,0.0,0.0,-0.01352216435014486,0.022058656653706436,241696860.0,136.02211685180663,0,30,10,2024,2,NVDA
2024-10-31 00:00:00-04:00,137.57788081150406,137.5878737112806,132.08875807974474,132.7386474609375,270039600,0.0,0.0,-0.0472225663139626,0.024434943823653573,241342940.0,136.51753730773925,0,31,10,2024,3,NVDA
2024-11-01 00:00:00-04:00,134.67833522595924,137.2879161101812,134.5483665061615,135.3782196044922,207127800,0.0,0.0,0.019885483196078635,0.02452709537738596,239515425.0,137.04145317077638,0,1,11,2024,4,NVDA
2024-11-04 00:00:00-05:00,137.18793904541485,138.9376575905799,135.54820341905642,136.0281219482422,187528200,0.0,0.0,0.004800641828860641,0.024156762216668962,231579325.0,137.45788650512696,0,4,11,2024,0,NVDA
2024-11-05 00:00:00-05:00,137.4278859649573,140.3474144064953,137.30791015086248,139.8874969482422,160537400,0.0,0.0,0.028371890640881414,0.02331689988024282,225320070.0,137.80883026123047,0,5,11,2024,1,NVDA
2024-11-06 00:00:00-05:00,142.9370107400554,146.46644169789403,141.93717159604822,145.58657836914062,242043900,0.0,0.0,0.040740463195271026,0.024766725702632858,225112685.0,138.45672683715821,0,6,11,2024,2,NVDA
2024-11-07 00:00:00-05:00,146.3664587614797,148.9060435973239,146.14649291865044,148.85606384277344,207323300,0.0,0.0,0.022457327524676662,0.024952999339889242,223363285.0,139.16011505126954,0,7,11,2024,3,NVDA
2024-11-08 00:00:00-05:00,148.7460628790407,149.74590195013883,146.236457046531,147.6062469482422,175665800,0.0,0.0,-0.008396143645524212,0.025115726911389292,223636100.0,139.80151138305663,0,8,11,2024,4,NVDA
2024-11-11 00:00:00-05:00,148.65606583595482,148.82605190369284,143.5469028263821,145.2366180419922,182325600,0.0,0.0,-0.016053716934357865,0.02509439137282894,221134995.0,140.16095199584962,0,11,11,2024,0,NVDA
2024-11-12 00:00:00-05:00,146.7563770410738,149.62591028148023,145.98649668767203,148.26612854003906,198634700,0.0,0.0,0.020859136895978736,0.022466162543074267,212175180.0,140.99531631469728,0,12,11,2024,1,NVDA
2024-11-13 00:00:00-05:00,149.04602786184785,149.30598054586102,145.87652436377047,146.24647521972656,191903300,0.0,0.0,-0.013621811941809003,0.02206923825999589,208526360.0,141.52273178100586,0,13,11,2024,2,NVDA
2024-11-14 00:00:00-05:00,147.6162371498861,148.97601887199116,145.52657719098687,146.7363739013672,194463300,0.0,0.0,0.0033498153094260186,0.0220388189667513,202927730.0,142.014151763916,0,14,11,2024,3,NVDA
2024-11-15 00:00:00-05:00,144.8466877533126,145.2166386002855,140.05746510375218,141.9571533203125,250132900,0.0,0.0,-0.03257011505727392,0.02344736012295759,206629865.0,142.21311950683594,0,15,11,2024,4,NVDA
2024-11-18 00:00:00-05:00,139.47755210471132,141.52722527651324,137.1279241566863,140.12744140625,221866000,0.0,0.0,-0.012889184315593716,0.021686053308087597,204495440.0,142.03514709472657,0,18,11,2024,0,NVDA
2024-11-19 00:00:00-05:00,141.2972716123141,147.10633445236968,140.96732287230222,146.98634338378906,227834900,0.0,0.0,0.04894760018955968,0.024397094180897597,204571605.0,142.20611877441405,0,19,11,2024,1,NVDA
2024-11-20 00:00:00-05:00,147.38629113505743,147.53626090336707,142.70703603144835,145.8665313720703,309871700,0.0,0.0,-0.00761847656006287,0.02350685904740681,205768690.0,142.52256774902344,0,20,11,2024,2,NVDA
2024-11-21 00:00:00-05:00,149.32598496889756,152.8654088901037,140.67736706254192,146.6464080810547,400946600,0.0,0.0,0.005346508905426095,0.023501435643957732,217198275.0,142.83551712036132,0,21,11,2024,3,NVDA
2024-11-22 00:00:00-05:00,145.90650981286518,147.13632286743956,141.07730047570033,141.92715454101562,236406200,0.0,0.0,-0.03218117376206464,0.024688265579467083,218762480.0,142.85601348876952,0,22,11,2024,4,NVDA
2024-11-25 00:00:00-05:00,141.9671640146257,142.02715192160386,135.79815839357323,135.9981231689453,344941900,0.0,0.0,-0.041775172561195006,0.026401914440658106,227330240.0,142.63104934692382,0,25,11,2024,0,NVDA
2024-11-26 00:00:00-05:00,137.6778530821544,139.277601884859,135.64818075181995,136.89797973632812,190287700,0.0,0.0,0.006616683718972727,0.026422214237581565,228964945.0,142.41458435058593,0,26,11,2024,1,NVDA
2024-11-27 00:00:00-05:00,134.98827330747284,137.19792446250455,131.77879829463743,135.31822204589844,226370900,0.0,0.0,-0.011539671319272693,0.02637732820073452,231312585.0,142.21461639404296,0,27,11,2024,2,NVDA
2024-11-29 00:00:00-05:00,136.75800311530705,139.32759715528792,136.02812477876728,138.22776794433594,141863200,0.0,0.0,0.021501508477185016,0.024462944142850565,224903765.0,142.48907241821288,0,29,11,2024,4,NVDA
2024-12-02 00:00:00-05:00,138.8076612979231,140.42739572538855,137.7978293194704,138.60769653320312,171682800,0.0,0.0,0.0027485692239506143,0.024112611104161692,223131515.0,142.65054626464843,0,2,12,2024,0,NVDA
2024-12-03 00:00:00-05:00,138.23776359782383,140.51739577472358,137.92781588392697,140.23744201660156,164414000,0.0,0.0,0.011757972494752744,0.024213397414677564,221975805.0,142.86101226806642,0,3,12,2024,1,NVDA
2024-12-04 00:00:00-05:00,141.97715912549498,145.76654278655016,140.26742746830917,145.1166534423828,231224300,0.0,0.0,0.03479250160027614,0.02462329754341002,225510150.0,143.12247009277343,0,4,12,2024,2,NVDA
2024-12-05 00:00:00-05:00,145.0966598316491,146.52652104015894,143.93676281520223,145.04666137695312,172621200,0.01,0.0,-0.00048231587326041936,0.02288460090937478,222039015.0,143.09547424316406,0,5,12,2024,3,NVDA
2024-12-06 00:00:00-05:00,144.58670004061705,145.68658966441174,141.29699424160657,142.42689514160156,188505600,0.0,0.0,-0.018061541096373146,0.022589304884615916,221098130.0,142.77401580810547,0,6,12,2024,4,NVDA
2024-12-09 00:00:00-05:00,138.9572148926683,139.93712045292858,137.1173878488451,138.79722595214844,189308600,0.0,0.0,-0.025484436670788146,0.023161349317431898,221780270.0,142.33356475830078,0,9,12,2024,0,NVDA
2024-12-10 00:00:00-05:00,138.99721154250668,141.80696595909077,133.77769033829185,135.05758666992188,210020900,0.0,0.0,-0.026943184610302207,0.023612472357058923,223165035.0,141.82461318969726,0,10,12,2024,1,NVDA
2024-12-11 00:00:00-05:00,137.3473626393387,140.15710166074888,135.19756655561218,139.29718017578125,184905200,0.0,0.0,0.03139100594341926,0.024288829195052215,222478560.0,141.37616577148438,0,11,12,2024,2,NVDA
2024-12-12 00:00:00-05:00,137.0673914713081,138.42726697152892,135.7875104425574,137.32736206054688,159211400,0.0,0.0,-0.014141119818424364,0.024301241060370512,220843965.0,140.9302101135254,0,12,12,2024,3,NVDA
2024-12-13 00:00:00-05:00,138.92722683278515,139.58716980719961,132.52780616182653,134.23765563964844,231514900,0.0,0.0,-0.022498840540869036,0.02463852584076471,222696545.0,140.30527420043944,0,13,12,2024,4,NVDA
2024-12-16 00:00:00-05:00,134.16764608739564,134.38762706465963,130.40799755691268,131.98785400390625,237951100,0.0,0.0,-0.01675984003908426,0.023922044535916558,222087455.0,139.80680923461915,0,16,12,2024,0,NVDA
2024-12-17 00:00:00-05:00,129.07812250532473,131.57789255271604,126.84833189511964,130.3780059814453,259410300,0.0,0.0,-0.012196940654958244,0.023908033568667764,223964670.0,139.3193374633789,0,17,12,2024,1,NVDA
2024-12-18 00:00:00-05:00,133.84768927135005,136.68742440979707,128.2682006428492,128.8981475830078,277444500,0.0,0.0,-0.011350521794666113,0.02053237986248889,226445150.0,138.41492767333983,0,18,12,2024,2,NVDA
2024-12-19 00:00:00-05:00,131.7478712095932,134.01766661792476,129.5380830968377,130.66796875,209719200,0.0,0.0,0.013730384805200169,0.021011974705882678,221437525.0,137.65499954223634,0,19,12,2024,3,NVDA
2024-12-20 00:00:00-05:00,129.7980572196654,135.26755529215387,128.20820713472543,134.68760681152344,306528600,0.0,0.0,0.030762229641864147,0.022410290582700828,216716625.0,137.05705947875975,0,20,12,2024,4,NVDA
2024-12-23 00:00:00-05:00,136.2674627166313,139.77713434768583,135.1075657604122,139.6571502685547,176053500,0.0,0.0,0.03689681311202908,0.02315027626123997,213698990.0,136.9435592651367,0,23,12,2024,0,NVDA
2024-12-24 00:00:00-05:00,139.98712655305678,141.88694573903672,138.6372445869122,140.2071075439453,105157000,0.0,0.0,0.003937909905315173,0.021025143967943794,201709745.0,137.1540084838867,0,24,12,2024,1,NVDA
2024-12-26 00:00:00-05:00,139.68715493157526,140.8370583714796,137.7173348045662,139.91712951660156,116205600,0.0,0.0,-0.0020682120359187817,0.021008668991475753,198005640.0,137.3049659729004,0,26,12,2024,3,NVDA
2024-12-27 00:00:00-05:00,138.53725762424156,139.00721560881072,134.69761453351015,136.9973907470703,170582600,0.0,0.0,-0.02086762914318374,0.021408444172246015,195216225.0,137.388924407959,0,27,12,2024,4,NVDA
2024-12-30 00:00:00-05:00,134.81759702407376,140.2570989672278,134.00767398793965,137.47735595703125,167734700,0.0,0.0,0.003503462418835923,0.020865311885916386,196509800.0,137.35140380859374,0,30,12,2024,0,NVDA
2024-12-31 00:00:00-05:00,138.0173106258272,138.05731549303724,133.8176997545706,134.27764892578125,155659200,0.0,0.0,-0.023274429515869333,0.02148276837204596,195708620.0,137.13490142822266,0,31,12,2024,1,NVDA
2025-01-02 00:00:00-05:00,135.98748671158143,138.8672266066605,134.61761764692358,138.29727172851562,198247200,0.0,0.0,0.02993515923827439,0.022430885168661176,197400280.0,137.03789291381835,0,2,1,2025,3,NVDA
2025-01-03 00:00:00-05:00,139.99711439640743,144.88666393436952,139.71714137538024,144.4567108154297,229322500,0.0,0.0,0.04453767605051051,0.023324971039109254,197305190.0,137.0048957824707,0,3,1,2025,4,NVDA
2025-01-06 00:00:00-05:00,148.57632545203526,152.14600432101588,147.80640728049391,149.41624450683594,265377400,0.0,0.0,0.03433231771241818,0.024551701048466112,201943000.0,137.22337493896484,0,6,1,2025,0,NVDA
2025-01-07 00:00:00-05:00,153.0159191493047,153.1159160516902,139.99711279126652,140.12710571289062,351782200,0.0,0.0,-0.06216953735254882,0.028144875250675255,210106830.0,137.1083854675293,0,7,1,2025,1,NVDA
2025-01-08 00:00:00-05:00,142.5668963792699,143.9367655713296,137.5473535279277,140.0971221923828,227349900,0.0,0.0,-0.00021397373730991376,0.027521533099071894,212008895.0,137.17338027954102,0,8,1,2025,2,NVDA
2025-01-10 00:00:00-05:00,137.43735839735214,139.90713250101766,134.20765966847648,135.8975067138672,207602500,0.0,0.0,-0.029976457851494387,0.027690461545345837,211887975.0,137.2153762817383,0,10,1,2025,4,NVDA
2025-01-13 00:00:00-05:00,129.97805065881337,133.47772877314173,129.49808381781634,133.21774291992188,204808900,0.0,0.0,-0.019719006321341603,0.0270577848392232,212883160.0,136.91140441894532,0,13,1,2025,0,NVDA
2025-01-14 00:00:00-05:00,136.0374931021696,136.3674645891877,130.03804480886453,131.7478790283203,195590500,0.0,0.0,-0.011033544476767743,0.02699251390032561,214702115.0,136.63243026733397,0,14,1,2025,1,NVDA
2025-01-15 00:00:00-05:00,133.63770458598145,136.43745017340345,131.277920981104,136.22747802734375,185217300,0.0,0.0,0.03400129878417624,0.027652432417529026,212387235.0,136.73192138671874,0,15,1,2025,2,NVDA
2025-01-16 00:00:00-05:00,138.6272498193542,138.73724031386243,133.47772952507327,133.55772399902344,209235600,0.0,0.0,-0.019597764467051526,0.027755991541013058,210951460.0,136.8104148864746,0,16,1,2025,3,NVDA
2025-01-17 00:00:00-05:00,136.67743145335606,138.48726255165812,135.44754884500142,137.6973419189453,201188800,0.0,0.0,0.030994972031360257,0.028352440288911478,208040385.0,137.1763816833496,0,17,1,2025,4,NVDA
2025-01-21 00:00:00-05:00,139.14720257048143,141.8169551308445,137.07738566270945,140.81704711914062,197749000,0.0,0.0,0.022656248528251988,0.028458589164127367,204055610.0,137.77232666015624,0,21,1,2025,1,NVDA
2025-01-22 00:00:00-05:00,144.64670591256592,147.77640781491758,143.65679142482674,147.05648803710938,237651400,0.0,0.0,0.04430884644733224,0.029754481901637656,205452220.0,138.5917526245117,0,22,1,2025,2,NVDA
2025-01-23 00:00:00-05:00,145.03666800279981,147.2164602628041,143.706788444335,147.2064666748047,155915500,0.0,0.0,0.0010198709332529532,0.02920825236179168,197921565.0,139.2176956176758,0,23,1,2025,3,NVDA
2025-01-24 00:00:00-05:00,148.35634349735062,148.95629439391405,141.86695041120194,142.60687255859375,234657600,0.0,0.0,-0.03124586996828027,0.029248887247053695,200851770.0,139.36518173217775,0,24,1,2025,4,NVDA
2025-01-27 00:00:00-05:00,124.78852130861458,128.3881809500624,116.68926041493282,118.40910339355469,818830900,0.0,0.0,-0.16968164809235808,0.04813805769220226,236535465.0,138.2752815246582,0,27,1,2025,0,NVDA
2025-01-28 00:00:00-05:00,121.79880142784785,128.9881430022562,116.23931491482392,128.9781494140625,579666400,0.0,0.0,0.08925872857409978,0.05276272507800668,259708505.0,137.72833251953125,0,28,1,2025,1,NVDA
2025-01-29 00:00:00-05:00,126.48836708502724,126.87833061040895,120.03896327722832,123.6886215209961,467120600,0.0,0.0,-0.041011038823989265,0.05331788065766251,274535405.0,137.06289405822753,0,29,1,2025,2,NVDA
2025-01-30 00:00:00-05:00,123.08867408422283,124.9885008224628,118.08913405132431,124.63853454589844,392925500,0.0,0.0,0.007679873970792839,0.0533556142873021,285794945.0,136.4209529876709,0,30,1,2025,3,NVDA
2025-01-31 00:00:00-05:00,123.76861793270326,127.83824341487099,119.1790436181177,120.0589599609375,390372900,0.0,0.0,-0.03674284683822637,0.05370272884652236,297530630.0,135.71001853942872,0,31,1,2025,4,NVDA
2025-02-03 00:00:00-05:00,114.7394486968032,118.55909714130068,112.99961082645434,116.64927673339844,371235700,0.0,0.0,-0.028400073002868287,0.05333792023190099,306180055.0,134.62761878967285,0,3,2,2025,0,NVDA
2025-02-04 00:00:00-05:00,116.94924444838958,121.1888524384042,116.68926621972048,118.63909149169922,256550000,0.0,0.0,0.017058097692697283,0.052282578034919786,307541430.0,133.33673782348632,0,4,2,2025,1,NVDA
2025-02-05 00:00:00-05:00,121.74880228526035,124.98850212428793,120.74889426826606,124.81851959228516,262230800,0.0,0.0,0.05208593578127907,0.05318957362408502,307384100.0,132.1068515777588,0,5,2,2025,2,NVDA
2025-02-06 00:00:00-05:00,127.40827329026631,128.7581551695,125.19847756454047,128.66815185546875,251483600,0.0,0.0,0.030841835616687963,0.05221868820589454,302369170.0,131.5339038848877,0,6,2,2025,3,NVDA
2025-02-07 00:00:00-05:00,129.20811063964976,130.35799871586244,124.9884977355082,129.8280487060547,228186300,0.0,0.0,0.009014638306834799,0.052284273799823956,302410990.0,131.02045021057128,0,7,2,2025,4,NVDA
2025-02-10 00:00:00-05:00,130.0780330404282,134.98758517024453,129.94805537047182,133.55772399902344,216989100,0.0,0.0,0.028727808282886125,0.05230391679318156,302880320.0,130.9034610748291,0,10,2,2025,0,NVDA
2025-02-11 00:00:00-05:00,132.56781502240796,134.4676342706669,131.0079608594355,132.7877960205078,178902400,0.0,0.0,-0.00576475815446853,0.052112578304862184,301584995.0,130.8819637298584,0,11,2,2025,1,NVDA
2025-02-12 00:00:00-05:00,130.00805277951918,132.22784993678553,129.0681367435288,131.12794494628906,160278600,0.0,0.0,-0.012500027291381555,0.05213173806636571,299819400.0,130.85096702575683,0,12,2,2025,2,NVDA
2025-02-13 00:00:00-05:00,131.54790450828392,136.487452862588,131.15794096754342,135.27755737304688,197430000,0.0,0.0,0.031645523221289995,0.05205617718674677,300430035.0,130.803470993042,0,13,2,2025,3,NVDA
2025-02-14 00:00:00-05:00,136.46744211776974,139.23719160158925,135.4875365315285,138.8372344970703,195479600,0.0,0.0,0.026313877875597136,0.05211151873117068,299742235.0,131.06744651794435,0,14,2,2025,4,NVDA
2025-02-18 00:00:00-05:00,141.25701494818574,143.4268135927519,137.91731045487123,139.38717651367188,219176600,0.0,0.0,0.0039610556821711995,0.051704720369159116,300641625.0,131.15193824768068,0,18,2,2025,1,NVDA
2025-02-19 00:00:00-05:00,139.49716663707372,141.34700263351252,137.2073839146051,139.21719360351562,167536000,0.0,0.0,-0.0012195017820708642,0.0514768820270722,299130975.0,131.07194557189942,0,19,2,2025,2,NVDA
2025-02-20 00:00:00-05:00,140.01712771481476,140.6470746897965,136.7774200315485,140.0971221923828,143903600,0.0,0.0,0.006320545372960007,0.05047685839781558,294443585.0,130.72397727966307,0,20,2,2025,3,NVDA
2025-02-21 00:00:00-05:00,140.02711787829398,141.4470007486669,134.01767593596887,134.41763305664062,228217600,0.0,0.0,-0.04053965596768683,0.05123338393166143,298058690.0,130.08453559875488,0,21,2,2025,4,NVDA
2025-02-24 00:00:00-05:00,136.5474420161462,138.57725415414035,130.06804206967678,130.2680206298828,251381100,0.0,0.0,-0.030871042231559453,0.05122265590775116,298894865.0,129.46759300231935,0,24,2,2025,0,NVDA
2025-02-25 00:00:00-05:00,129.96804527013506,130.18802626376245,124.42856133510212,126.61835479736328,271428700,0.0,0.0,-0.028016590832288357,0.033830235287341665,271524755.0,129.87805557250977,0,25,2,2025,1,NVDA
2025-02-26 00:00:00-05:00,129.97805439122038,133.71770077604796,128.478192299153,131.26792907714844,322553800,0.0,0.0,0.03672117117005835,0.02846742412532999,258669125.0,129.99254455566407,0,26,2,2025,2,NVDA
2025-02-27 00:00:00-05:00,134.9875872324259,134.99758082030266,119.99896764539281,120.13895416259766,443175800,0.0,0.0,-0.08478060858269565,0.033180769762282486,257471885.0,129.81506118774413,0,27,2,2025,3,NVDA
2025-02-28 00:00:00-05:00,118.00914142194866,125.07849083366686,116.38929530836823,124.90850830078125,389091100,0.0,0.0,0.039700313453107094,0.03436897320918373,257280165.0,129.82855987548828,0,28,2,2025,4,NVDA
2025-03-03 00:00:00-05:00,123.49864257535764,123.68861991301428,112.26967207329028,114.04950714111328,411381400,0.0,0.0,-0.08693564039304158,0.038793069683646646,258330590.0,129.52808723449706,0,3,3,2025,0,NVDA
2025-03-04 00:00:00-05:00,110.63982667322061,119.29902637351395,110.09987541363249,115.97933197021484,398163300,0.0,0.0,0.01692093966450714,0.038481875587176896,259676970.0,129.49458999633788,0,4,3,2025,1,NVDA
2025-03-05 00:00:00-05:00,117.56918811598004,118.26912068620358,114.49947076595478,117.28921508789062,284337900,0.0,0.0,0.011294108143442116,0.03837225054723471,261066365.0,129.42709617614747,0,5,3,2025,2,NVDA
2025-03-06 00:00:00-05:00,113.51955654224739,115.3393888375433,110.209863429875,110.55982971191406,321181900,0.0,0.0,-0.057374289451369465,0.03838030714747529,264013920.0,128.71416168212892,0,6,3,2025,3,NVDA
2025-03-07 00:00:00-05:00,111.2397716760376,113.46957000648335,107.5501084934214,112.67964172363281,341755500,0.0,0.0,0.01917343774173985,0.037887083213828464,268527515.0,127.91473617553712,0,7,3,2025,4,NVDA
2025-03-10 00:00:00-04:00,109.88989097369002,111.83970852661247,105.45029700249104,106.97016143798828,366487400,0.0,0.0,-0.0506700251998321,0.03898430223116253,275442570.0,126.77184181213379,0,10,3,2025,0,NVDA
2025-03-11 00:00:00-04:00,106.98015850635034,112.22967568900775,104.76036144852146,108.75,354865700,0.0,0.0,0.016638645189327006,0.0384604599125324,282336400.0,125.53145561218261,0,11,3,2025,1,NVDA
2025-03-12 00:00:00-04:00,114.12000274658203,116.76000213623047,112.87999725341797,115.73999786376953,323857500,0.01,0.0,0.06427584242546702,0.04185718120497412,289584155.0,124.6790657043457,0,12,3,2025,2,NVDA
2025-03-13 00:00:00-04:00,117.02999877929688,117.76000213623047,113.79000091552734,115.58000183105469,299033100,0.0,0.0,-0.0013823745953681632,0.04184009420606519,296521880.0,123.90166854858398,0,13,3,2025,3,NVDA
2025-03-14 00:00:00-04:00,118.61000061035156,121.87999725341797,118.1500015258789,121.66999816894531,277593500,0.0,0.0,0.052690744431657555,0.04306850699691186,300530055.0,123.2212905883789,0,14,3,2025,4,NVDA
2025-03-17 00:00:00-04:00,122.73999786376953,122.88999938964844,118.02999877929688,119.52999877929688,255501500,0.0,0.0,-0.01758855446580132,0.042536810148083394,303531150.0,122.25592880249023,0,17,3,2025,0,NVDA
2025-03-18 00:00:00-04:00,118.0,119.0199966430664,114.54000091552734,115.43000030517578,299686900,0.0,0.0,-0.03430099988281132,0.04289648072217744,307556665.0,121.05806999206543,0,18,3,2025,1,NVDA
2025-03-19 00:00:00-04:00,117.2699966430664,120.44999694824219,115.68000030517578,117.5199966430664,273426200,0.0,0.0,0.018106179783115905,0.04328495121841884,312851175.0,119.97321014404297,0,19,3,2025,2,NVDA
2025-03-20 00:00:00-04:00,116.55000305175781,120.19999694824219,116.47000122070312,118.52999877929688,248829700,0.0,0.0,0.008594300247455555,0.0433262130759385,318097480.0,118.89485397338868,0,20,3,2025,3,NVDA
2025-03-21 00:00:00-04:00,116.94000244140625,117.98999786376953,115.41999816894531,117.69999694824219,266498500,0.0,0.0,-0.0070024621581255,0.04262004231606895,320011525.0,118.05897216796875,0,21,3,2025,4,NVDA
2025-03-24 00:00:00-04:00,119.87999725341797,122.22000122070312,119.33999633789062,121.41000366210938,228452500,0.0,0.0,0.03152087349244903,0.04296577650988034,318865095.0,117.61607131958007,0,24,3,2025,0,NVDA
2025-03-25 00:00:00-04:00,120.55000305175781,121.29000091552734,118.91999816894531,120.69000244140625,167447200,0.0,0.0,-0.005930328630142645,0.04256061651127952,313666020.0,117.31965370178223,0,25,3,2025,1,NVDA
2025-03-26 00:00:00-04:00,118.7300033569336,118.83999633789062,112.70999908447266,113.76000213623047,293463300,0.0,0.0,-0.057419837310387245,0.043308358624957466,312211495.0,116.44425735473632,0,26,3,2025,2,NVDA
2025-03-27 00:00:00-04:00,111.3499984741211,114.44999694824219,110.66000366210938,111.43000030517578,236902100,0.0,0.0,-0.020481731604263254,0.03937807531360764,301897810.0,116.00880966186523,0,27,3,2025,3,NVDA
2025-03-28 00:00:00-04:00,111.48999786376953,112.87000274658203,109.06999969482422,109.66999816894531,229872500,0.0,0.0,-0.015794688426907566,0.03814617165811113,293936880.0,115.24688415527343,0,28,3,2025,4,NVDA
2025-03-31 00:00:00-04:00,105.12999725341797,110.95999908447266,103.6500015258789,108.37999725341797,299212700,0.0,0.0,-0.011762568952906505,0.033098717226513565,288328445.0,114.96340866088867,0,31,3,2025,0,NVDA
2025-04-01 00:00:00-04:00,108.5199966430664,110.19999694824219,106.47000122070312,110.1500015258789,222614000,0.0,0.0,0.016331466297440977,0.033081216514118016,279550980.0,114.67194213867188,0,1,4,2025,1,NVDA
2025-04-02 00:00:00-04:00,107.29000091552734,111.9800033569336,106.79000091552734,110.41999816894531,220601200,0.0,0.0,0.002451172395153911,0.0329522649533845,276364145.0,114.3284812927246,0,2,4,2025,2,NVDA
2025-04-03 00:00:00-04:00,103.51000213623047,105.62999725341797,101.5999984741211,101.80000305175781,338769400,0.0,0.0,-0.07806552490608354,0.03502547408980374,277243520.0,113.8904899597168,0,3,4,2025,3,NVDA
2025-04-04 00:00:00-04:00,98.91000366210938,100.12999725341797,92.11000061035156,94.30999755859375,532273800,0.0,0.0,-0.07357569026158028,0.037884570561282006,286769435.0,112.97200775146484,0,4,4,2025,4,NVDA
2025-04-07 00:00:00-04:00,87.45999908447266,101.75,86.62000274658203,97.63999938964844,611041300,0.0,0.0,0.03530910738265902,0.03768556684955009,298997130.0,112.50549964904785,0,7,4,2025,0,NVDA
2025-04-08 00:00:00-04:00,103.80999755859375,105.8499984741211,94.45999908447266,96.30000305175781,476243400,0.0,0.0,-0.013723846233787307,0.03742661447051098,305066015.0,111.88299980163575,0,8,4,2025,1,NVDA
2025-04-09 00:00:00-04:00,98.88999938964844,115.0999984741211,97.52999877929688,114.33000183105469,612918300,0.0,0.0,0.18722739572091607,0.055301055110214596,319519055.0,111.8125,0,9,4,2025,2,NVDA
2025-04-10 00:00:00-04:00,109.37000274658203,110.86000061035156,99.1500015258789,107.56999969482422,437812400,0.0,0.0,-0.05912710599112658,0.05690300862683181,326458020.0,111.41199989318848,0,10,4,2025,3,NVDA
2025-04-11 00:00:00-04:00,108.5,111.55000305175781,107.4800033569336,110.93000030517578,313417300,0.0,0.0,0.031235480337304722,0.056010405280071084,328249210.0,110.875,0,11,4,2025,4,NVDA
2025-04-14 00:00:00-04:00,114.11000061035156,114.29000091552734,109.06999969482422,110.70999908447266,264705000,0.0,0.0,-0.0019832436680599086,0.055908013778442865,328709385.0,110.43400001525879,0,14,4,2025,0,NVDA
2025-04-15 00:00:00-04:00,110.97000122070312,113.62000274658203,110.5,112.19999694824219,228966900,0.0,0.0,0.013458566309197062,0.05549303324561908,325173385.0,110.2724998474121,0,15,4,2025,1,NVDA
2025-04-16 00:00:00-04:00,104.55000305175781,106.79000091552734,100.44999694824219,104.48999786376953,397016900,0.0,0.0,-0.06871657124936714,0.05736393077778106,331352920.0,109.62099990844726,0,16,4,2025,2,NVDA
2025-04-17 00:00:00-04:00,104.44999694824219,104.47000122070312,100.05000305175781,101.48999786376953,290833400,0.0,0.0,-0.02871088201103511,0.05752638117597408,333453105.0,108.7689998626709,0,17,4,2025,3,NVDA
2025-04-21 00:00:00-04:00,98.7699966430664,99.44000244140625,95.04000091552734,96.91000366210938,288501100,0.0,0.0,-0.0451275425959502,0.058180997316744566,334553235.0,107.72950019836426,0,21,4,2025,0,NVDA
2025-04-22 00:00:00-04:00,98.77999877929688,99.80999755859375,97.27999877929688,98.88999938964844,241004800,0.0,0.0,0.020431283177354986,0.05783489663020569,335180850.0,106.6034999847412,0,22,4,2025,1,NVDA
2025-04-23 00:00:00-04:00,104.5199966430664,104.80000305175781,102.0199966430664,102.70999908447266,247526000,0.0,0.0,0.0386287766043214,0.05879741554603135,339184790.0,105.70449981689453,0,23,4,2025,2,NVDA
2025-04-24 00:00:00-04:00,103.4800033569336,106.54000091552734,103.11000061035156,106.43000030517578,220815000,0.0,0.0,0.036218491421109444,0.058252512776695624,335552375.0,105.3379997253418,0,24,4,2025,3,NVDA
2025-04-25 00:00:00-04:00,106.8499984741211,111.91999816894531,105.7300033569336,111.01000213623047,251064700,0.0,0.0,0.0430329965040126,0.05890743045187046,336260505.0,105.31699981689454,0,25,4,2025,4,NVDA
2025-04-28 00:00:00-04:00,109.69000244140625,110.37000274658203,106.0199966430664,108.7300033569336,207708500,0.0,0.0,-0.02053867881651672,0.05898974942149819,335152305.0,105.27000007629394,0,28,4,2025,0,NVDA
2025-04-29 00:00:00-04:00,107.66999816894531,110.19999694824219,107.44000244140625,109.0199966430664,170444300,0.0,0.0,0.0026670953479219772,0.0589117031369238,328713885.0,105.30200004577637,0,29,4,2025,1,NVDA
2025-04-30 00:00:00-04:00,104.47000122070312,108.91999816894531,104.08000183105469,108.91999816894531,235044600,0.0,0.0,-0.0009172489194665401,0.05881504669507063,329335415.0,105.2404998779297,0,30,4,2025,2,NVDA
2025-05-01 00:00:00-04:00,113.08000183105469,114.94000244140625,111.30000305175781,111.61000061035156,236121500,0.0,0.0,0.02469704816955476,0.059053632060905706,330111430.0,105.3,0,1,5,2025,3,NVDA
2025-05-02 00:00:00-04:00,114.18000030517578,115.4000015258789,113.37000274658203,114.5,190194800,0.0,0.0,0.02589373151011709,0.05612682365725315,322682700.0,105.93499984741212,0,2,5,2025,4,NVDA
2025-05-05 00:00:00-04:00,112.91000366210938,114.66999816894531,112.66000366210938,113.81999969482422,133163200,0.0,0.0,-0.005938867294111638,0.052943502731331235,302727170.0,106.91049995422364,0,5,5,2025,0,NVDA
2025-05-06 00:00:00-04:00,111.4800033569336,114.73999786376953,110.81999969482422,113.54000091552734,158525600,0.0,0.0,-0.00246001388198569,0.052692548158628345,280101385.0,107.70550003051758,0,6,5,2025,1,NVDA
2025-05-07 00:00:00-04:00,113.05000305175781,117.68000030517578,112.27999877929688,117.05999755859375,206758800,0.0,0.0,0.031002260125796877,0.052634829045855376,266627155.0,108.74349975585938,0,7,5,2025,2,NVDA
2025-05-08 00:00:00-04:00,118.25,118.68000030517578,115.8499984741211,117.37000274658203,198428100,0.0,0.0,0.002648258965092687,0.03241687510958532,245902645.0,108.89549980163574,0,8,5,2025,3,NVDA
2025-05-09 00:00:00-04:00,117.3499984741211,118.2300033569336,115.20999908447266,116.6500015258789,132972200,0.0,0.0,-0.00613445687871117,0.029176926115210028,230660635.0,109.34949989318848,0,9,5,2025,4,NVDA
2025-05-12 00:00:00-04:00,121.97000122070312,123.0,120.27999877929688,123.0,225023300,0.0,0.0,0.05443633425681815,0.030717668782841493,226240935.0,109.95299987792968,0,12,5,2025,0,NVDA
2025-05-13 00:00:00-04:00,124.9800033569336,131.22000122070312,124.47000122070312,129.92999267578125,330430100,0.0,0.0,0.05634140386814024,0.03266383721235505,229527190.0,110.91399955749512,0,13,5,2025,1,NVDA
2025-05-14 00:00:00-04:00,133.1999969482422,135.44000244140625,131.67999267578125,135.33999633789062,281180800,0.0,0.0,0.041637835504302334,0.03348436733661122,232137885.0,112.07099952697754,0,14,5,2025,2,NVDA
2025-05-15 00:00:00-04:00,134.2899932861328,136.3000030517578,132.66000366210938,134.8300018310547,226632600,0.0,0.0,-0.0037682467905694184,0.028182775819465797,223618670.0,113.5879997253418,0,15,5,2025,3,NVDA
2025-05-16 00:00:00-04:00,136.22000122070312,136.35000610351562,133.4600067138672,135.39999389648438,222651500,0.0,0.0,0.004227486892300902,0.026517834111947056,220209575.0,115.28349952697754,0,16,5,2025,4,NVDA
