Date,Open,High,Low,Close,Volume,Dividends,Stock Splits,Returns,Volatility,Volume_MA,Price_MA,Hour,Day,Month,Year,DayOfWeek,Ticker
2020-05-18 00:00:00-04:00,39.57384339236373,39.90284870514864,39.139306599154295,39.623504638671875,38633700,0.0,0.0,,,,,0,18,5,2020,0,WMT
2020-05-19 00:00:00-04:00,40.89296841511268,40.96745850076255,38.73890808559133,38.78236389160156,74746200,0.0,0.0,-0.02122832785087292,,,,0,19,5,2020,1,WMT
2020-05-20 00:00:00-04:00,39.26035709832089,39.29139493333698,38.6830420004535,38.937557220458984,32246400,0.0,0.0,0.004001646967451311,,,,0,20,5,2020,2,WMT
2020-05-21 00:00:00-04:00,38.76375433251132,39.15173091933534,38.56510929706603,38.79479217529297,22448100,0.0,0.0,-0.003666512625784435,,,,0,21,5,2020,3,WMT
2020-05-22 00:00:00-04:00,38.82892013242349,38.90651471064036,38.41611129302637,38.58992385864258,22359600,0.0,0.0,-0.005280820057617541,,,,0,22,5,2020,4,WMT
2020-05-26 00:00:00-04:00,38.593041235742696,38.95618895590063,38.372668297576894,38.44405746459961,23730600,0.0,0.0,-0.0037799088326083696,,,,0,26,5,2020,1,WMT
2020-05-27 00:00:00-04:00,38.47819435087925,38.63959252541095,37.565668437868815,38.015724182128906,31073700,0.0,0.0,-0.011141729326180627,,,,0,27,5,2020,2,WMT
2020-05-28 00:00:00-04:00,38.40060224033362,38.78237334649947,38.226786078021725,38.39128875732422,24424800,0.0,0.0,0.009879190342291677,,,,0,28,5,2020,3,WMT
2020-05-29 00:00:00-04:00,38.56199281998976,38.70787205655575,37.84500750795194,38.50612258911133,29311200,0.0,0.0,0.0029911429260160993,,,,0,29,5,2020,4,WMT
2020-06-01 00:00:00-04:00,38.313699449000346,38.614771504251024,37.978485055440686,38.47509765625,20550300,0.0,0.0,-0.000805714280619374,,,,0,1,6,2020,0,WMT
2020-06-02 00:00:00-04:00,38.36024346870046,38.534056045205816,38.118146238265474,38.468875885009766,19187700,0.0,0.0,-0.00016170904349155357,,,,0,2,6,2020,1,WMT
2020-06-03 00:00:00-04:00,38.456466693854885,38.48440358920546,38.071591115733874,38.323001861572266,20262900,0.0,0.0,-0.0037920011978915813,,,,0,3,6,2020,2,WMT
2020-06-04 00:00:00-04:00,38.11504663938823,38.45336190669803,37.810870151375134,37.900882720947266,24015000,0.0,0.0,-0.011014772333069023,,,,0,4,6,2020,3,WMT
2020-06-05 00:00:00-04:00,38.04365762312876,38.0777999546044,37.218039783531445,37.73017120361328,39337200,0.0,0.0,-0.0045041567657112536,,,,0,5,6,2020,4,WMT
2020-06-08 00:00:00-04:00,37.11561955219251,37.630855560302734,37.078372719786124,37.630855560302734,28344300,0.0,0.0,-0.002632260605831438,,,,0,8,6,2020,0,WMT
2020-06-09 00:00:00-04:00,37.74259170665658,37.86674662803235,37.41979530477564,37.66499710083008,20746200,0.0,0.0,0.0009072751607424046,,,,0,9,6,2020,1,WMT
2020-06-10 00:00:00-04:00,37.73016531902827,38.0219237860862,37.59670050808529,37.60601043701172,28141500,0.0,0.0,-0.0015660870399233362,,,,0,10,6,2020,2,WMT
2020-06-11 00:00:00-04:00,37.55324281977987,38.046750678681,37.084563802458455,37.273895263671875,34162800,0.0,0.0,-0.008831438631229482,,,,0,11,6,2020,3,WMT
2020-06-12 00:00:00-04:00,37.404262326371715,37.47875596868592,36.333442858497826,36.54450225830078,32359200,0.0,0.0,-0.019568467427711567,,,,0,12,6,2020,4,WMT
2020-06-15 00:00:00-04:00,36.7493621773294,36.83627025676075,36.31792982650048,36.65003967285156,32703300,0.0,0.0,0.0028879149537961446,,29939235.0,38.117683219909665,0,15,6,2020,0,WMT
2020-06-16 00:00:00-04:00,37.18389703848982,37.317361868764216,36.79281247794152,37.13733673095703,25167600,0.0,0.0,0.013295948993649498,0.008463547049744658,29265930.0,37.993374824523926,0,16,6,2020,1,WMT
2020-06-17 00:00:00-04:00,37.2025240828154,37.28632411962838,36.749363804056074,36.94490432739258,20166900,0.0,0.0,-0.005181642532918751,0.007352227554264062,26536965.0,37.90150184631348,0,17,6,2020,2,WMT
2020-06-18 00:00:00-04:00,36.79281274946194,36.954214475857654,36.51967765073179,36.62210464477539,20070000,0.0,0.0,-0.008737326256326172,0.007320346661380841,25928145.0,37.785729217529294,0,18,6,2020,3,WMT
2020-06-19 00:00:00-04:00,36.90146095987712,37.339098872103236,36.547623104670805,37.19942855834961,40078800,0.0,0.0,0.015764356504742283,0.008436471783204988,26809680.0,37.705961036682126,0,19,6,2020,4,WMT
2020-06-22 00:00:00-04:00,37.547045000904106,37.89467375077672,37.37012435580764,37.767417907714844,27338400,0.0,0.0,0.01526876544553124,0.00923737717057922,27058620.0,37.66483573913574,0,22,6,2020,0,WMT
2020-06-23 00:00:00-04:00,38.09952794194335,38.13056577934073,37.5439407067824,37.57808303833008,19727700,0.0,0.0,-0.005013180139754492,0.009260743854416796,26858475.0,37.62153701782226,0,23,6,2020,1,WMT
2020-06-24 00:00:00-04:00,37.475653943782355,37.59359985051511,37.115610787683984,37.33908462524414,20614800,0.0,0.0,-0.006360048032310606,0.009047051337752814,26335530.0,37.587705039978026,0,24,6,2020,2,WMT
2020-06-25 00:00:00-04:00,37.17148663405696,37.295641559347395,36.74315871310392,37.155967712402344,20569800,0.0,0.0,-0.0049041618100620354,0.008721628913134466,26142780.0,37.525938987731934,0,25,6,2020,3,WMT
2020-06-26 00:00:00-04:00,37.12182283081713,37.50669486629656,36.63141575171941,36.72452926635742,26991600,0.0,0.0,-0.011611551861180902,0.008926076583665257,26026800.0,37.43685932159424,0,26,6,2020,4,WMT
2020-06-29 00:00:00-04:00,36.78039604860692,37.1466481883693,36.693487978550024,36.9542121887207,16511400,0.0,0.0,0.006254210113829428,0.00912678836619392,25824855.0,37.36081504821777,0,29,6,2020,0,WMT
2020-06-30 00:00:00-04:00,37.00387220167029,37.28631720384478,36.79280924541987,37.17768478393555,20509200,0.0,0.0,0.006047283434797546,0.009295750829594529,25890930.0,37.29625549316406,0,30,6,2020,1,WMT
2020-07-01 00:00:00-04:00,37.075256115378075,37.22113535059296,36.83005439422296,37.149749755859375,19733700,0.0,0.0,-0.0007513923537337819,0.009283982620908996,25864470.0,37.23759288787842,0,1,7,2020,2,WMT
2020-07-02 00:00:00-04:00,37.27390566268484,37.519107413938826,36.89213458848591,37.000770568847656,17695800,0.0,0.0,-0.00401023393133948,0.009035448208816984,25548510.0,37.192587280273436,0,2,7,2020,3,WMT
2020-07-06 00:00:00-04:00,37.18389586628063,37.20562377230745,36.69348882201375,36.90144729614258,21695100,0.0,0.0,-0.002684356870899962,0.009009148170274385,24666405.0,37.1511510848999,0,6,7,2020,0,WMT
2020-07-07 00:00:00-04:00,36.76487824010768,39.5893639617735,36.693489085544456,39.403133392333984,93458100,0.0,0.0,0.06779371215754226,0.017820885811060266,27922095.0,37.23976497650146,0,7,7,2020,1,WMT
2020-07-08 00:00:00-04:00,39.729038488869556,39.76938625587206,38.61165860426004,38.62407302856445,52217100,0.0,0.0,-0.019771533294382637,0.01850196357720165,29495640.0,37.287718772888184,0,8,7,2020,2,WMT
2020-07-09 00:00:00-04:00,38.987220025109536,39.78490449388298,38.782369595405505,39.65143966674805,42771600,0.0,0.0,0.026599127373847953,0.019316970165835765,30227145.0,37.389990234375,0,9,7,2020,3,WMT
2020-07-10 00:00:00-04:00,39.95871578421373,40.775023565966485,39.49934662809473,40.56085968017578,44236800,0.0,0.0,0.022935359247255205,0.019611896798945507,30730845.0,37.554338455200195,0,10,7,2020,4,WMT
2020-07-13 00:00:00-04:00,40.76260556397992,41.4764827525612,40.00526902004131,40.200809478759766,42338400,0.0,0.0,-0.008876789206516578,0.019061815314262032,31229805.0,37.73715381622314,0,13,7,2020,0,WMT
2020-07-14 00:00:00-04:00,40.12632155929812,41.12575536043318,40.04872342866636,40.97366714477539,26455800,0.0,0.0,0.0192249279563379,0.019317254987462614,30917430.0,37.953335189819335,0,14,7,2020,1,WMT
2020-07-15 00:00:00-04:00,41.054377013017735,41.6316886439811,40.59811224605999,40.97057342529297,31731300,0.0,0.0,-7.550506698583703e-05,0.019274201753651354,31245615.0,38.14499702453613,0,15,7,2020,2,WMT
2020-07-16 00:00:00-04:00,40.98608942312747,41.197148848551095,40.73467867787663,41.03264617919922,17676600,0.0,0.0,0.0015150569961983607,0.01914399702781671,31121100.0,38.34938411712646,0,16,7,2020,3,WMT
2020-07-17 00:00:00-04:00,41.395803377017295,41.395803377017295,40.80607372548852,40.88987731933594,18189600,0.0,0.0,-0.00347939685000509,0.018974551123146777,31027080.0,38.56277275085449,0,17,7,2020,4,WMT
2020-07-20 00:00:00-04:00,40.958149009571656,41.20024623058488,40.70363381410735,40.806060791015625,18342600,0.0,0.0,-0.00204981119570824,0.018894858914045184,29940270.0,38.74310436248779,0,20,7,2020,0,WMT
2020-07-21 00:00:00-04:00,40.83401310047894,41.58824555644202,40.79987075898068,41.0730094909668,21712500,0.0,0.0,0.0065418885032380025,0.018740574383035963,29658975.0,38.90838394165039,0,21,7,2020,1,WMT
2020-07-22 00:00:00-04:00,41.147489586519136,41.29026790783472,40.719161726678315,41.1754264831543,16164600,0.0,0.0,0.0024935351330908073,0.01861760668587928,29480820.0,39.0882511138916,0,22,7,2020,2,WMT
2020-07-23 00:00:00-04:00,41.28095986929762,41.327516633759096,40.75641392933551,40.85884094238281,16796400,0.0,0.0,-0.007688700951306582,0.018661623440287687,29289900.0,39.26423892974854,0,23,7,2020,3,WMT
2020-07-24 00:00:00-04:00,40.64465973567213,41.09471181986264,40.508090442898876,40.73466873168945,13037400,0.0,0.0,-0.0030390536742943564,0.018615838813384265,28913280.0,39.44317398071289,0,24,7,2020,4,WMT
2020-07-27 00:00:00-04:00,40.616736322051246,40.964365104041654,40.616736322051246,40.725372314453125,14045700,0.0,0.0,-0.0002282188004906205,0.01825928083610562,28265985.0,39.643216133117676,0,27,7,2020,0,WMT
2020-07-28 00:00:00-04:00,40.81536569456547,41.08850426602506,40.63534415976335,40.89606475830078,14414100,0.0,0.0,0.0041913046866628445,0.01825965648799958,28161120.0,39.84030876159668,0,28,7,2020,1,WMT
2020-07-29 00:00:00-04:00,40.83399514725961,40.92711219770281,40.30324039191632,40.563961029052734,14223300,0.0,0.0,-0.008120676921136716,0.018499709332599656,27846825.0,40.00962257385254,0,29,7,2020,2,WMT
2020-07-30 00:00:00-04:00,40.169774622811815,40.48015649544053,39.95250624635606,40.38704299926758,13788300,0.0,0.0,-0.004361458430019782,0.018571384053450754,27549555.0,40.17148723602295,0,30,7,2020,3,WMT
2020-07-31 00:00:00-04:00,40.24117618959693,40.37774553444917,39.611098768995845,40.163578033447266,21631500,0.0,0.0,-0.005533085594416121,0.018610526014453233,27746340.0,40.32962760925293,0,31,7,2020,4,WMT
2020-08-03 00:00:00-04:00,40.321869094475176,40.38704926231454,39.81284217609806,40.13253402709961,14971500,0.0,0.0,-0.0007729392615818398,0.018577816407618228,27410160.0,40.49118194580078,0,3,8,2020,0,WMT
2020-08-04 00:00:00-04:00,40.24117792144431,40.880565301232764,40.02080497386255,40.85884094238281,18219600,0.0,0.0,0.01809770882627948,0.01169673795747466,23648235.0,40.563967323303224,0,4,8,2020,1,WMT
2020-08-05 00:00:00-04:00,40.489469856359065,40.582583352256215,39.98664845358919,40.29082489013672,25483500,0.0,0.0,-0.01390191300450938,0.011187436889633503,22311555.0,40.647304916381835,0,5,8,2020,2,WMT
2020-08-06 00:00:00-04:00,40.079764008869745,40.42118728214006,40.048726175309234,40.14805221557617,14496300,0.0,0.0,-0.003543553028508395,0.009648192089611804,20897790.0,40.672135543823245,0,6,8,2020,3,WMT
2020-08-07 00:00:00-04:00,40.21943804062176,40.49257666079101,40.07355880123699,40.34048843383789,16558500,0.0,0.0,0.004793164490980217,0.008186421721867199,19513875.0,40.661116981506346,0,7,8,2020,4,WMT
2020-08-10 00:00:00-04:00,40.42429598935142,41.07610121821717,40.241169910615206,40.93332290649414,17683200,0.0,0.0,0.014695768337771975,0.00856573389296584,18281115.0,40.69774265289307,0,10,8,2020,0,WMT
2020-08-11 00:00:00-04:00,41.15369860337186,41.240606683529755,40.2660014921469,40.41188430786133,25360200,0.0,0.0,-0.012738731224532063,0.00793267244820345,18226335.0,40.669653511047365,0,11,8,2020,1,WMT
2020-08-12 00:00:00-04:00,40.495682033862735,41.04195573401016,40.06424974185666,40.936424255371094,19094400,0.0,0.0,0.012979843837861438,0.008500173923221267,17594490.0,40.66794605255127,0,12,8,2020,2,WMT
2020-08-13 00:00:00-04:00,40.89279679335473,41.126541149100106,40.743200548343914,41.09225845336914,19867200,0.18,0.0,0.0038067369300727183,0.008537143746928972,17704020.0,40.67092666625977,0,13,8,2020,3,WMT
2020-08-14 00:00:00-04:00,41.244973172380845,41.44131758100215,41.02369427219421,41.32600402832031,20106300,0.0,0.0,0.005688311710012828,0.008580448665452226,17799855.0,40.69273300170899,0,14,8,2020,4,WMT
2020-08-17 00:00:00-04:00,41.87139981820577,42.4261538274135,41.71557264519908,42.2609748840332,39465000,0.0,0.0,0.022624274417438528,0.009862653483069361,18855975.0,40.765478706359865,0,17,8,2020,0,WMT
2020-08-18 00:00:00-04:00,42.43862771330993,42.89365099546751,41.50365022302628,41.983604431152344,80232600,0.0,0.0,-0.006563276252901873,0.009965777383879493,21781980.0,40.81100845336914,0,18,8,2020,1,WMT
2020-08-19 00:00:00-04:00,41.82777711532933,41.968021598503114,41.09226130138521,41.266788482666016,38155200,0.0,0.0,-0.017073711469004826,0.010755502120685007,22881510.0,40.81557655334473,0,19,8,2020,2,WMT
2020-08-20 00:00:00-04:00,40.89279432006968,41.16082135533517,40.53126740816763,40.69333267211914,26810700,0.0,0.0,-0.013896303338161498,0.011078798931892038,23382225.0,40.807301139831544,0,20,8,2020,3,WMT
2020-08-21 00:00:00-04:00,40.687100641591364,41.347816499092524,40.546856168059655,41.0236930847168,24864000,0.0,0.0,0.008118293364160811,0.011205575217564274,23973555.0,40.82175235748291,0,21,8,2020,4,WMT
2020-08-24 00:00:00-04:00,41.21691830276464,41.28860094809954,40.61853335037497,40.93019485473633,19813800,0.0,0.0,-0.0022791275711669945,0.011221126214316588,24261960.0,40.83199348449707,0,24,8,2020,0,WMT
2020-08-25 00:00:00-04:00,40.765018810974794,40.90214960935809,40.41284360906142,40.7120361328125,21722400,0.0,0.0,-0.005330019138635622,0.011249754214688967,24627375.0,40.822792053222656,0,25,8,2020,1,WMT
2020-08-26 00:00:00-04:00,40.58112366916218,40.789937041017026,40.422179264705186,40.73383712768555,18814800,0.0,0.0,0.0005354926194780507,0.011093011349795298,24856950.0,40.831285858154295,0,26,8,2020,2,WMT
2020-08-27 00:00:00-04:00,40.85227870496641,43.4297010771248,40.79617877679752,42.58198547363281,119018700,0.0,0.0,0.045371329495770274,0.014916127412329684,30118470.0,40.94103298187256,0,27,8,2020,3,WMT
2020-08-28 00:00:00-04:00,43.94394213971564,43.96575937497798,42.959099228678845,43.72578048706055,64050900,0.0,0.0,0.026861007083288424,0.01570674519303624,32239440.0,41.119143104553224,0,28,8,2020,4,WMT
2020-08-31 00:00:00-04:00,42.84689708595051,43.28633402210289,42.23916037213758,43.273868560791016,45236400,0.0,0.0,-0.010335136874303763,0.016014177404198846,33752685.0,41.27620983123779,0,31,8,2020,0,WMT
2020-09-01 00:00:00-04:00,44.00626202759232,46.62108394879024,43.64785598061929,45.997764587402344,106798200,0.0,0.0,0.06294551694135708,0.020592868511740307,38181615.0,41.53315601348877,0,1,9,2020,1,WMT
2020-09-02 00:00:00-04:00,47.13844712204672,47.16337804667432,45.38068853618949,46.025821685791016,51666000,0.0,0.0,0.0006099665633829687,0.02009934889637294,39490740.0,41.819905853271486,0,2,9,2020,2,WMT
2020-09-03 00:00:00-04:00,45.72040329527825,46.62421539604705,44.19638890099397,45.047218322753906,48015000,0.0,0.0,-0.021262050892167372,0.02095450589120547,41166675.0,42.06486415863037,0,3,9,2020,3,WMT
2020-09-04 00:00:00-04:00,44.88514972682536,45.203042185580884,43.66344530559522,44.51427459716797,33982200,0.0,0.0,-0.011830779911148004,0.02133029927343223,42037860.0,42.273553466796876,0,4,9,2020,4,WMT
2020-09-08 00:00:00-04:00,44.07171643254768,44.22442992968875,43.08999088424731,43.149208068847656,33966900,0.0,0.0,-0.030665815419289366,0.022633335507411586,42852045.0,42.38434772491455,0,8,9,2020,1,WMT
2020-09-09 00:00:00-04:00,43.66033045176088,44.44571165387888,43.460868785613826,43.597999572753906,33669000,0.0,0.0,0.01040092099002532,0.022383048154666442,43267485.0,42.54365348815918,0,9,9,2020,2,WMT
2020-09-10 00:00:00-04:00,43.65097895232297,43.80057519064354,42.56951902322554,42.638084411621094,33709200,0.0,0.0,-0.022017412967100913,0.02300630668044503,43998225.0,42.62873649597168,0,10,9,2020,3,WMT
2020-09-11 00:00:00-04:00,42.71288049954168,43.14608645723924,42.245391850708046,42.603797912597656,28879800,0.0,0.0,-0.0008041285038146162,0.023013360662269326,44448855.0,42.70431346893311,0,11,9,2020,4,WMT
2020-09-14 00:00:00-04:00,42.42928111013779,43.97510914490264,42.34824668103964,42.79703903198242,45733800,0.0,0.0,0.004535772134240279,0.023005224994796403,45730230.0,42.77786521911621,0,14,9,2020,0,WMT
2020-09-15 00:00:00-04:00,43.08063829061668,43.34554804914886,42.597566925060015,42.80949401855469,30427800,0.0,0.0,0.00029102449267481845,0.022487499579269002,45278370.0,42.805291175842285,0,15,9,2020,1,WMT
2020-09-16 00:00:00-04:00,43.13673471460504,43.220882814115285,42.40121904974671,42.46666717529297,27860400,0.0,0.0,-0.008008196572310111,0.0225149775493908,42659760.0,42.829444313049315,0,16,9,2020,2,WMT
2020-09-17 00:00:00-04:00,42.20799254592259,42.87494283819922,42.080213549734964,42.60068130493164,37245000,0.0,0.0,0.003155748697807992,0.022120294799664802,42614250.0,42.896138954162595,0,17,9,2020,3,WMT
2020-09-18 00:00:00-04:00,42.52276994722525,42.86247962480477,41.99606765078363,42.164363861083984,54709200,0.0,0.0,-0.010242029716016399,0.0219984036593753,44009175.0,42.96969051361084,0,18,9,2020,4,WMT
2020-09-21 00:00:00-04:00,42.541475587397855,42.772102701363266,42.16436947582264,42.719120025634766,47275500,0.0,0.0,0.013156991206567215,0.02210074497506441,45129750.0,43.05446186065674,0,21,9,2020,0,WMT
2020-09-22 00:00:00-04:00,42.71911769881599,43.31750625289402,42.56329050416805,43.10557556152344,33102000,0.0,0.0,0.00904643016187534,0.022123552363394364,45794160.0,43.163230895996094,0,22,9,2020,1,WMT
2020-09-23 00:00:00-04:00,43.32061746920538,43.395417371688886,42.32954372788854,42.38252639770508,23133300,0.0,0.0,-0.016773912757210963,0.022490403833547834,45864705.0,43.24675540924072,0,23,9,2020,2,WMT
2020-09-24 00:00:00-04:00,42.30148820590866,42.943507567190615,42.09579562574749,42.603797912597656,29453100,0.0,0.0,0.0052208193729705865,0.0224960222869368,46396620.0,43.34025344848633,0,24,9,2020,3,WMT
2020-09-25 00:00:00-04:00,42.5477040262777,42.86559646859687,42.37317330370204,42.78144836425781,22618800,0.0,0.0,0.004169826643732666,0.020123162253346538,41576625.0,43.35022659301758,0,25,9,2020,4,WMT
2020-09-28 00:00:00-04:00,42.74716315665054,43.02453837563097,42.61003239221535,42.775211334228516,21197100,0.0,0.0,-0.00014578819249388975,0.019137678163713097,39433935.0,43.30269813537598,0,28,9,2020,0,WMT
2020-09-29 00:00:00-04:00,42.77521134101658,43.05258656004103,42.50718432563449,42.740928649902344,27702900,0.0,0.0,-0.0008014614833413702,0.019009324056591333,38557260.0,43.276051139831544,0,29,9,2020,1,WMT
2020-09-30 00:00:00-04:00,42.81884779913949,44.174565769369785,42.75963417951522,43.60422897338867,34826400,0.0,0.0,0.020198445629428408,0.012940461674948295,34958670.0,43.15637435913086,0,30,9,2020,2,WMT
2020-10-01 00:00:00-04:00,43.88160850849606,44.997347627885425,43.71331228508838,44.59218978881836,43290900,0.0,0.0,0.022657454074755723,0.014113206224488627,34539915.0,43.084692764282224,0,1,10,2020,3,WMT
2020-10-02 00:00:00-04:00,44.36156289078484,44.598424507529096,43.67279527454734,43.788108825683594,24585000,0.0,0.0,-0.01803187883220736,0.013891725719381787,33368415.0,43.021737289428714,0,2,10,2020,4,WMT
2020-10-05 00:00:00-04:00,44.03432716661575,44.31481971624124,43.965761766338545,44.19327163696289,14259000,0.0,0.0,0.009252804520337055,0.013852395051409188,32382255.0,43.005687141418456,0,5,10,2020,0,WMT
2020-10-06 00:00:00-04:00,44.215082577944614,44.54855775909011,43.71019392051243,43.8286247253418,21475500,0.0,0.0,-0.00825118616735554,0.012053763147218783,31757685.0,43.03965797424316,0,6,10,2020,1,WMT
2020-10-07 00:00:00-04:00,44.02497772426212,44.115360365772624,43.710202457835805,43.909664154052734,16949100,0.0,0.0,0.0018490068812055949,0.011847053453157421,30921690.0,43.05524120330811,0,7,10,2020,2,WMT
2020-10-08 00:00:00-04:00,44.10288906355352,44.28365433726546,43.98134455075695,44.0561408996582,14676900,0.0,0.0,0.003335865769584778,0.010611508866684636,29970075.0,43.12614402770996,0,8,10,2020,3,WMT
2020-10-09 00:00:00-04:00,44.149626095252295,44.67321106321135,44.11846066303141,44.49868392944336,14494800,0.0,0.0,0.010044979445500868,0.010753617610520365,29250825.0,43.22088832855225,0,9,10,2020,4,WMT
2020-10-12 00:00:00-04:00,44.57348847735265,45.312121483894465,44.57348847735265,44.95682907104492,18402300,0.0,0.0,0.01029570093191956,0.010894737209378438,27884250.0,43.32887783050537,0,12,10,2020,0,WMT
2020-10-13 00:00:00-04:00,45.090838382779175,45.689226862561426,44.9911075639247,45.573909759521484,23800200,0.0,0.0,0.013726072350463081,0.011160941393689982,27552870.0,43.46709861755371,0,13,10,2020,1,WMT
2020-10-14 00:00:00-04:00,45.62689151924398,45.667408724010336,44.80411049671437,44.86021041870117,19710900,0.0,0.0,-0.015660261421200583,0.011684027115952896,27145395.0,43.58677577972412,0,14,10,2020,2,WMT
2020-10-15 00:00:00-04:00,44.59530913912483,45.178111433962385,44.5173955382073,45.044097900390625,13692600,0.0,0.0,0.0040991221390436205,0.01168739932613542,25967775.0,43.70894660949707,0,15,10,2020,3,WMT
2020-10-16 00:00:00-04:00,45.31523739260708,45.54898173708981,45.02539312145245,45.10019302368164,16935000,0.0,0.0,0.001245337922296974,0.011285103384908434,24079065.0,43.85573806762695,0,16,10,2020,4,WMT
2020-10-19 00:00:00-04:00,45.221741491642334,45.30588959908558,44.489339447851904,44.551673889160156,14643300,0.0,0.0,-0.012162234743285039,0.01155366174260266,22447455.0,43.94736576080322,0,19,10,2020,0,WMT
2020-10-20 00:00:00-04:00,44.91320739333498,45.355761696711525,44.760493862595595,44.84775924682617,14523000,0.0,0.0,0.006645886266869461,0.011490716295441128,21518505.0,44.03447494506836,0,20,10,2020,1,WMT
2020-10-21 00:00:00-04:00,44.829054816254775,45.41809164301111,44.829054816254775,45.00358200073242,13114200,0.0,0.0,0.0034744824830301724,0.010603021333715794,21017550.0,44.165527725219725,0,21,10,2020,2,WMT
2020-10-22 00:00:00-04:00,44.938124355026986,45.053441456674456,44.470635701459706,44.73866271972656,13344000,0.0,0.0,-0.005886626557893737,0.010773310786240128,20212095.0,44.27227096557617,0,22,10,2020,3,WMT
2020-10-23 00:00:00-04:00,44.86957616813925,44.92255528320117,44.5205182003349,44.832176208496094,10540500,0.0,0.0,0.0020902164500393727,0.010766407784349997,19608180.0,44.374807357788086,0,23,10,2020,4,WMT
2020-10-26 00:00:00-04:00,44.517392570562386,44.60465793776629,43.92523854309563,44.30546188354492,16111800,0.0,0.0,-0.01174857813061847,0.011214035530312623,19353915.0,44.45131988525391,0,26,10,2020,0,WMT
2020-10-27 00:00:00-04:00,44.271187024697156,44.78542754746787,44.24625609631481,44.52674865722656,11831100,0.0,0.0,0.004994570968773093,0.011217652839502993,18560325.0,44.54061088562012,0,27,10,2020,1,WMT
2020-10-28 00:00:00-04:00,43.93147573077327,44.29611637426728,43.594883270115425,43.64474868774414,16849200,0.0,0.0,-0.01980831738405575,0.011387780583457054,17661465.0,44.54263687133789,0,28,10,2020,2,WMT
2020-10-29 00:00:00-04:00,43.63227625451637,43.97821686530178,43.22711846351311,43.60734176635742,15153900,0.0,0.0,-0.0008570772546852012,0.010075404928425822,16254615.0,44.493394470214845,0,29,10,2020,3,WMT
2020-10-30 00:00:00-04:00,43.37670834651406,43.660318045393325,42.81260620515126,43.24269485473633,18601800,0.0,0.0,-0.008362053196794839,0.009429821202473838,15955455.0,44.46612377166748,0,30,10,2020,4,WMT
2020-11-02 00:00:00-05:00,43.81615611581477,43.884721501403924,43.3299674695088,43.75693893432617,16575600,0.0,0.0,0.011892045149298092,0.0095918011430626,16071285.0,44.44430713653564,0,2,11,2020,0,WMT
2020-11-03 00:00:00-05:00,44.146508838699184,44.92877260073975,44.12157435292942,44.49868392944336,15413100,0.0,0.0,0.016951482740382273,0.010152399759951162,15768165.0,44.477810096740725,0,3,11,2020,1,WMT
2020-11-04 00:00:00-05:00,44.12158167107872,45.00046269876422,44.049902591743795,44.24312973022461,17927400,0.0,0.0,-0.005742960839559941,0.010252861995437958,15817080.0,44.494483375549315,0,4,11,2020,2,WMT
2020-11-05 00:00:00-05:00,44.8789126238374,44.95059526660832,44.548554722354,44.7137336730957,14202600,0.0,0.0,0.010636768821298048,0.010489079367685535,15793365.0,44.527363014221194,0,5,11,2020,3,WMT
2020-11-06 00:00:00-05:00,44.99110912534198,45.570797650875186,44.738664812607624,45.43054962158203,16198500,0.0,0.0,0.01603122552294578,0.010846300480268734,15878550.0,44.57395629882812,0,6,11,2020,4,WMT
2020-11-09 00:00:00-05:00,46.125558687814305,46.18789314103352,44.71686139154948,44.73556137084961,28198500,0.0,0.0,-0.015297817361255572,0.01120715684284311,16368360.0,44.56289291381836,0,9,11,2020,0,WMT
2020-11-10 00:00:00-05:00,44.801009929432354,45.63937034809446,44.73244452691652,45.3651123046875,18199200,0.0,0.0,0.014072717867984919,0.011230050954293403,16088310.0,44.55245304107666,0,10,11,2020,1,WMT
2020-11-11 00:00:00-05:00,45.78895842638474,46.424743348113246,45.626896722149866,46.119319915771484,18805800,0.0,0.0,0.01662527816570747,0.011206569055919189,16043055.0,44.61540851593018,0,11,11,2020,2,WMT
2020-11-12 00:00:00-05:00,46.2751410628397,46.34682370086024,45.845052368027034,46.197227478027344,12564300,0.0,0.0,0.0016892608650376228,0.011189468647599355,15986640.0,44.67306499481201,0,12,11,2020,3,WMT
2020-11-13 00:00:00-05:00,46.41851351042376,47.041829418533915,45.97595572034282,46.91716766357422,19738200,0.0,0.0,0.015584056118720602,0.011634653007397602,16126800.0,44.76391372680664,0,13,11,2020,4,WMT
2020-11-16 00:00:00-05:00,46.91404779725296,47.8085079659734,46.52447270135838,47.509315490722656,34560300,0.0,0.0,0.012621133300170895,0.011358809875236738,17122650.0,44.91179580688477,0,16,11,2020,0,WMT
2020-11-17 00:00:00-05:00,46.90470355592829,47.758650155354765,46.49331119270705,46.552528381347656,42711600,0.0,0.0,-0.020138936953571496,0.012466143634167252,18532080.0,44.99703426361084,0,17,11,2020,1,WMT
2020-11-18 00:00:00-05:00,46.705246081484326,47.26934843624761,46.45280171775272,46.465267181396484,24936900,0.0,0.0,-0.0018744674668655925,0.012488871111188878,19123215.0,45.070118522644044,0,18,11,2020,2,WMT
2020-11-19 00:00:00-05:00,46.58056851429208,47.51242855178738,46.53693761966706,47.409584045410156,18590700,0.0,0.0,0.020323069709835995,0.01301773006417355,19385550.0,45.20366458892822,0,19,11,2020,3,WMT
2020-11-20 00:00:00-05:00,47.11351014202228,47.60904701771417,46.68965591249593,46.82366943359375,21937200,0.0,0.0,-0.01235856891836895,0.013463252447822817,19955385.0,45.303239250183104,0,20,11,2020,4,WMT
2020-11-23 00:00:00-05:00,46.8641884275175,47.185198176727106,46.55253045060912,47.038719177246094,18557100,0.0,0.0,0.004592757172893647,0.01305800831994564,20077650.0,45.43990211486816,0,23,11,2020,0,WMT
2020-11-24 00:00:00-05:00,47.29116412426366,47.36596047033361,46.83302357545667,47.172733306884766,17155200,0.0,0.0,0.0028490174048680927,0.013050251263459482,20343855.0,45.572201347351076,0,24,11,2020,1,WMT
2020-11-25 00:00:00-05:00,47.13845596114385,47.49374488697178,47.12598692983605,47.319217681884766,13833300,0.0,0.0,0.0031052763902197356,0.011900290701646998,20193060.0,45.75592479705811,0,25,11,2020,2,WMT
2020-11-27 00:00:00-05:00,47.418930079291016,47.59657447307452,47.091689467938465,47.24751663208008,10999500,0.0,0.0,-0.0015152627899877036,0.011915670534299741,19985340.0,45.93793354034424,0,27,11,2020,4,WMT
2020-11-30 00:00:00-05:00,47.24752164901583,47.66826217018447,46.7800329736408,47.6183967590332,32695500,0.0,0.0,0.007849727422526653,0.01157085661379227,20690025.0,46.15671863555908,0,30,11,2020,0,WMT
2020-12-01 00:00:00-05:00,47.87084010490789,47.88954007954388,47.26622066941423,47.57164764404297,22935300,0.0,0.0,-0.0009817448333424572,0.011519080496812264,21008010.0,46.34745407104492,0,1,12,2020,1,WMT
2020-12-02 00:00:00-05:00,47.37219607987737,47.56542324779098,46.60239753245541,46.91093826293945,23547000,0.0,0.0,-0.013888721829592776,0.011790479289766296,21414705.0,46.46806678771973,0,2,12,2020,2,WMT
2020-12-03 00:00:00-05:00,46.83613146977014,46.83613146977014,46.247094758104815,46.530704498291016,25725900,0.0,0.0,-0.008105439343745302,0.011891019286794379,21804630.0,46.582445526123045,0,3,12,2020,3,WMT
2020-12-04 00:00:00-05:00,46.59615680857693,46.59615680857693,45.99465458216951,46.40916061401367,20889300,0.0,0.0,-0.002612122158644925,0.011787796977143328,22138965.0,46.66721687316895,0,4,12,2020,4,WMT
2020-12-07 00:00:00-05:00,46.26891459668847,46.434093552479624,45.86375678311852,46.15983200073242,18479100,0.0,0.0,-0.005372400836009983,0.011405452197543714,22252995.0,46.703680992126465,0,7,12,2020,0,WMT
2020-12-08 00:00:00-05:00,45.92608977913645,46.70212274816653,45.86999341670927,46.577457427978516,20716500,0.0,0.0,0.00904737753897078,0.010877322902886842,21878895.0,46.79577579498291,0,8,12,2020,1,WMT
2020-12-09 00:00:00-05:00,46.74887291863325,46.74887291863325,46.09127072713751,46.20970153808594,20139600,0.0,0.0,-0.007895576748929045,0.010709980987595,21975915.0,46.838005256652835,0,9,12,2020,2,WMT
2020-12-10 00:00:00-05:00,46.21595752314794,46.34107495752656,45.846855364222016,45.99386978149414,20652300,0.18,0.0,-0.004670702242339897,0.010114424457031583,22068240.0,46.831732749938965,0,10,12,2020,3,WMT
2020-12-11 00:00:00-05:00,45.95633575303435,46.14088684307383,45.649795873423244,45.981361389160156,16860900,0.0,0.0,-0.0002719578151046953,0.010105794173271855,22283070.0,46.820939445495604,0,11,12,2020,4,WMT
2020-12-14 00:00:00-05:00,46.200323514928826,46.206580819293094,45.480887439861796,45.559085845947266,25088100,0.0,0.0,-0.009183624200227336,0.009575245619803167,22550565.0,46.753035354614255,0,14,12,2020,0,WMT
2020-12-15 00:00:00-05:00,45.518417338336825,45.781166807469546,45.31196928133652,45.53718566894531,31871400,0.0,0.0,-0.00048069834140229695,0.008994328226431288,22416120.0,46.65442886352539,0,15,12,2020,1,WMT
2020-12-16 00:00:00-05:00,45.74362432461341,45.946943704021,45.38077952487551,45.490257263183594,25650900,0.0,0.0,-0.0010305512971945374,0.00792646465543536,21563085.0,46.601315307617185,0,16,12,2020,2,WMT
2020-12-17 00:00:00-05:00,45.687329518264924,45.80618964800363,45.40267948222823,45.6998405456543,30679500,0.0,0.0,0.0046072125127401,0.008026034912314605,21850215.0,46.56304397583008,0,17,12,2020,3,WMT
2020-12-18 00:00:00-05:00,45.86249672613468,46.03766543632314,45.40581019857281,45.652923583984375,41384100,0.0,0.0,-0.0010266329402845997,0.006303797425372743,22989885.0,46.475210952758786,0,18,12,2020,4,WMT
2020-12-21 00:00:00-05:00,45.5121690595876,45.878142629789984,45.3745369942961,45.659183502197266,25553100,0.0,0.0,0.00013711976630315093,0.005809062960880356,23170680.0,46.41698665618897,0,21,12,2020,0,WMT
2020-12-22 00:00:00-05:00,45.40268348035946,45.74050630747273,44.773960447437965,45.105525970458984,37599000,0.0,0.0,-0.012125874561721761,0.006119795852829749,24122775.0,46.32032699584961,0,22,12,2020,1,WMT
2020-12-23 00:00:00-05:00,44.89907226498458,45.11177402449275,44.511201823745424,44.79897689819336,20430600,0.0,0.0,-0.0067962642197408885,0.00609104470848925,24286545.0,46.20163917541504,0,23,12,2020,2,WMT
2020-12-24 00:00:00-05:00,44.89907695433757,45.164955076414834,44.78646697016672,44.88656234741211,9054600,0.0,0.0,0.001955076996909666,0.006039949693832379,24047610.0,46.0800064086914,0,24,12,2020,3,WMT
2020-12-28 00:00:00-05:00,45.05548500643783,45.44961289016936,44.83340079369948,45.42458724975586,19344900,0.0,0.0,0.011986324507979873,0.006867528118999166,24464880.0,45.98885993957519,0,28,12,2020,0,WMT
2020-12-29 00:00:00-05:00,45.55595253050076,45.62164348052049,44.9147185068517,45.136802673339844,17938200,0.0,0.0,-0.006335436243673609,0.006526995348484977,23727015.0,45.864780235290525,0,29,12,2020,1,WMT
2020-12-30 00:00:00-05:00,45.31822538291381,45.40268108523684,45.02419654057034,45.09926986694336,18751200,0.0,0.0,-0.0008315344502382027,0.006529104803972122,23517810.0,45.74116134643555,0,30,12,2020,2,WMT
2020-12-31 00:00:00-05:00,45.10552157598615,45.12741855848227,44.68324666292874,45.089881896972656,17814000,0.0,0.0,-0.00020816234937726108,0.005982898291582106,23231160.0,45.65010852813721,0,31,12,2020,3,WMT
2021-01-04 00:00:00-05:00,45.13680415063381,45.946953184100764,45.130550426398585,45.834346771240234,32182200,0.0,0.0,0.016510685833434513,0.0070831253533009415,23553975.0,45.61529064178467,0,4,1,2021,0,WMT
2021-01-05 00:00:00-05:00,45.856244273395426,46.00325870013732,45.19623830951666,45.590362548828125,26498100,0.0,0.0,-0.005323174422662502,0.007146698244785074,23834415.0,45.57435073852539,0,5,1,2021,1,WMT
2021-01-06 00:00:00-05:00,45.383912897344686,46.325436579446915,45.35888726388395,45.875003814697266,21918900,0.0,0.0,0.006243452562244567,0.00723263025490175,24006405.0,45.560109329223636,0,6,1,2021,2,WMT
2021-01-07 00:00:00-05:00,46.17528644175672,46.219076818986274,45.681063368802825,45.87186813354492,20538000,0.0,0.0,-6.835271698313328e-05,0.006892838166837506,23997480.0,45.52482986450195,0,7,1,2021,3,WMT
2021-01-08 00:00:00-05:00,45.94382951263284,45.98136618088658,45.60913531003998,45.865631103515625,24478200,0.0,0.0,-0.00013596634022272625,0.006684120499272678,24214410.0,45.507626342773435,0,8,1,2021,4,WMT
2021-01-11 00:00:00-05:00,45.668557130808715,46.29102632922608,45.668557130808715,46.07206726074219,26264400,0.0,0.0,0.0045008899313006,0.006686882784234529,24495015.0,45.51153621673584,0,11,1,2021,0,WMT
2021-01-12 00:00:00-05:00,46.60695446691451,46.897854635941385,46.39424911099335,46.59756851196289,23373300,0.0,0.0,0.011406070586037709,0.007146219444683337,24820635.0,45.54234657287598,0,12,1,2021,1,WMT
2021-01-13 00:00:00-05:00,46.52875514901017,46.62885052938037,46.11586259990638,46.12211990356445,16069500,0.0,0.0,-0.01020329222277716,0.007223587191327354,24369705.0,45.57049827575683,0,13,1,2021,2,WMT
2021-01-14 00:00:00-05:00,46.23785920334222,46.294160622655,45.6810772565918,45.971981048583984,23017200,0.0,0.0,-0.003255246187607863,0.007272698757622782,23926995.0,45.59223804473877,0,14,1,2021,3,WMT
2021-01-15 00:00:00-05:00,45.39954915690667,45.63727296856984,44.939734051545265,45.24314880371094,35920500,0.0,0.0,-0.015853835928949955,0.008140474175096066,24440475.0,45.57988262176514,0,15,1,2021,4,WMT
2021-01-19 00:00:00-05:00,45.2431529066777,45.37765629190365,44.62694097193083,44.85215377807617,24123600,0.0,0.0,-0.00864208252460752,0.008263359080631258,24112680.0,45.53749828338623,0,19,1,2021,1,WMT
2021-01-20 00:00:00-05:00,44.9147170377601,45.56220834395446,44.695757950602435,45.515289306640625,23775600,0.0,0.0,0.014784920515647393,0.00897653116938787,23232255.0,45.53061656951904,0,20,1,2021,2,WMT
2021-01-21 00:00:00-05:00,45.46837072943534,45.584105787857865,45.108650947002964,45.308841705322266,14325900,0.0,0.0,-0.00453578576481195,0.009030338578145948,22670895.0,45.51309947967529,0,21,1,2021,3,WMT
2021-01-22 00:00:00-05:00,45.543429303252736,46.08770003124504,45.393286271339726,45.77177429199219,19219500,0.0,0.0,0.010217268180915395,0.00887713390866851,21751920.0,45.54641189575195,0,22,1,2021,4,WMT
2021-01-25 00:00:00-05:00,45.46836779014969,45.74675692678701,45.12741636081207,45.731117248535156,19031100,0.0,0.0,-0.0008882557883307385,0.008708778576832272,21681945.0,45.59301891326904,0,25,1,2021,0,WMT
2021-01-26 00:00:00-05:00,45.55282314807519,46.23472605529924,45.502779037860634,46.14088439941406,15031500,0.0,0.0,0.008960357313203993,0.008885493460716319,21980790.0,45.65573501586914,0,26,1,2021,1,WMT
2021-01-27 00:00:00-05:00,45.96884784857244,46.25036565636506,44.902203103257825,44.992916107177734,29910300,0.0,0.0,-0.024879633478609775,0.01029024609637114,22509060.0,45.634151458740234,0,27,1,2021,2,WMT
2021-01-28 00:00:00-05:00,45.18685929583527,45.749898612388954,44.927238415073525,44.96477508544922,22301700,0.0,0.0,-0.000625454497358624,0.010196470112456295,22727235.0,45.6255500793457,0,28,1,2021,3,WMT
2021-01-29 00:00:00-05:00,44.78646639711977,44.964763746595764,43.90124769220147,43.94504165649414,32509200,0.0,0.0,-0.02267849504455921,0.011376276868347262,23415135.0,45.56783866882324,0,29,1,2021,4,WMT
2021-02-01 00:00:00-05:00,44.07641462275873,44.25783703695899,43.53840110359687,43.56342315673828,25945200,0.0,0.0,-0.008683994493368874,0.011493331998414288,23821695.0,45.491515731811525,0,1,2,2021,0,WMT
2021-02-02 00:00:00-05:00,43.71669369082192,44.464280308791004,43.6165983215618,44.03261947631836,27002400,0.0,0.0,0.010770418979517249,0.01107999532571888,23562705.0,45.40142936706543,0,2,2,2021,1,WMT
2021-02-03 00:00:00-05:00,43.998214307919056,44.43300381992363,43.98883193256121,44.1671257019043,14966700,0.0,0.0,0.003054695068919866,0.011103879994864688,22986135.0,45.33026752471924,0,3,2,2021,2,WMT
2021-02-04 00:00:00-05:00,44.3516826315434,44.78647220096476,44.18589986734908,44.583152770996094,17346300,0.0,0.0,0.009419382911617813,0.011242675081149497,22757505.0,45.26567497253418,0,4,2,2021,3,WMT
2021-02-05 00:00:00-05:00,44.874053171233086,45.30884270780862,44.58314940299818,45.15557098388672,20451600,0.0,0.0,0.012839339017383544,0.011682996229568528,22753185.0,45.22986011505127,0,5,2,2021,4,WMT
2021-02-08 00:00:00-05:00,45.29633061642232,45.53718668831433,45.186849282037535,45.36514663696289,15825300,0.0,0.0,0.004641191518782062,0.011744269699592441,22320540.0,45.20483589172363,0,8,2,2021,0,WMT
2021-02-09 00:00:00-05:00,45.22439158836105,45.768662517039914,45.22439158836105,45.61539077758789,15906900,0.0,0.0,0.005516220252247628,0.011769113515754081,21802665.0,45.18200206756592,0,9,2,2021,1,WMT
2021-02-10 00:00:00-05:00,45.615381773457116,45.63727517499041,44.89907449304241,45.083621978759766,18576900,0.0,0.0,-0.011657661805878905,0.011677725408634968,21562845.0,45.10630474090576,0,10,2,2021,2,WMT
2021-02-11 00:00:00-05:00,45.08676175711527,45.34012890059848,44.952258344390614,45.04922866821289,12791400,0.0,0.0,-0.0007628781592365907,0.011500482697839763,21398940.0,45.052660179138186,0,11,2,2021,3,WMT
2021-02-12 00:00:00-05:00,45.09301282251087,45.23377352042319,44.93974109669551,45.189979553222656,13423500,0.0,0.0,0.003124379465992533,0.011526381246886219,20919255.0,45.013560104370114,0,12,2,2021,4,WMT
2021-02-16 00:00:00-05:00,45.649798259182745,45.79055538828168,45.333872407128474,45.56221389770508,27891000,0.0,0.0,0.008237099201251485,0.01112142322036588,20517780.0,45.029513359069824,0,16,2,2021,1,WMT
2021-02-17 00:00:00-05:00,45.24628420665458,46.13776026741647,45.19936516760253,46.04391860961914,25571100,0.0,0.0,0.010572460613866852,0.01112817503709478,20590155.0,45.08910160064697,0,17,2,2021,2,WMT
2021-02-18 00:00:00-05:00,43.47897964687891,44.01073959161499,43.00978201191369,43.05982971191406,96927300,0.0,0.0,-0.06480962063645179,0.01811674191501189,24247740.0,44.966328620910645,0,18,2,2021,3,WMT
2021-02-19 00:00:00-05:00,43.103614388826465,43.61034500471451,43.06294907523203,43.272525787353516,36606000,0.0,0.0,0.004939547528693522,0.018187443514179922,25361745.0,44.864512825012206,0,19,2,2021,4,WMT
2021-02-22 00:00:00-05:00,43.08484210080489,43.272521813007934,42.61877326162408,43.0692024230957,32106600,0.0,0.0,-0.00469867105185795,0.017958663125202824,26006100.0,44.72938423156738,0,22,2,2021,0,WMT
2021-02-23 00:00:00-05:00,42.887781663381965,42.975362430044804,42.24654411356395,42.37479019165039,31300200,0.0,0.0,-0.016123173692042525,0.018191312164973827,26619555.0,44.561567878723146,0,23,2,2021,1,WMT
2021-02-24 00:00:00-05:00,42.49991946526507,42.590628901174185,41.617825686299796,41.66787338256836,46565700,0.0,0.0,-0.016682485173019734,0.018159959550118537,28196265.0,44.33791732788086,0,24,2,2021,2,WMT
2021-02-25 00:00:00-05:00,41.63345860220826,41.9181014480445,41.12672446101798,41.273738861083984,33324600,0.0,0.0,-0.009458954573123513,0.017586415860640275,28366980.0,44.15195846557617,0,25,2,2021,3,WMT
2021-02-26 00:00:00-05:00,41.126729297409284,41.229953328645365,40.61999509662844,40.638763427734375,42470700,0.0,0.0,-0.015384490256304617,0.01773957803957336,29375430.0,43.93565788269043,0,26,2,2021,4,WMT
2021-03-01 00:00:00-05:00,41.15801449626504,41.46768305422151,41.01725378284342,41.09232711791992,34634400,0.0,0.0,0.01116086346948264,0.017566702112046546,29481690.0,43.79302215576172,0,1,3,2021,0,WMT
2021-03-02 00:00:00-05:00,41.13611076674348,41.523981248436016,40.666913238512564,40.69819259643555,29230800,0.0,0.0,-0.009591438332352209,0.017582778348687354,29645970.0,43.64976062774658,0,2,3,2021,1,WMT
2021-03-03 00:00:00-05:00,40.50738597675324,40.6418893575933,39.897427785587524,39.90993881225586,41837400,0.0,0.0,-0.019368274950095077,0.01760989186201966,30387720.0,43.44362659454346,0,3,3,2021,2,WMT
2021-03-04 00:00:00-05:00,39.99440217521837,40.53241580173682,39.500182519975446,39.891178131103516,45348000,0.0,0.0,-0.0004700754175694932,0.017545173846282704,31906785.0,43.22982921600342,0,4,3,2021,3,WMT
2021-03-05 00:00:00-05:00,39.67221954678431,40.585589033029215,39.64719391087825,40.388526916503906,34073700,0.0,0.0,0.01246763842787102,0.017689016494256936,32743155.0,43.02009792327881,0,5,3,2021,4,WMT
2021-03-08 00:00:00-05:00,40.454210147825876,40.61373558400989,39.97875533151764,40.00065231323242,40988400,0.0,0.0,-0.009603583811643945,0.017218366365350936,33769995.0,42.762351989746094,0,8,3,2021,0,WMT
2021-03-09 00:00:00-05:00,40.28843101827069,40.6262502509928,40.13828794382978,40.31658172607422,31988700,0.0,0.0,0.007898106520060066,0.017338268675051886,34578165.0,42.50992374420166,0,9,3,2021,1,WMT
2021-03-10 00:00:00-05:00,40.307197422727285,41.617819714583845,40.185205061923035,41.34568786621094,44929200,0.0,0.0,0.02552562980484918,0.018556179035374754,36029280.0,42.29643859863281,0,10,3,2021,2,WMT
2021-03-11 00:00:00-05:00,41.71478919842275,41.75545093142727,41.14236764711666,41.33004379272461,35489700,0.0,0.0,-0.00037837255331074626,0.018506020931815952,36874920.0,42.10875968933105,0,11,3,2021,3,WMT
2021-03-12 00:00:00-05:00,41.452041749538076,42.0776397251354,41.31441327344307,41.95252227783203,28437600,0.0,0.0,0.015061162001889672,0.018991275646824513,37657230.0,41.953924369812015,0,12,3,2021,4,WMT
2021-03-15 00:00:00-04:00,42.146458058903235,42.14958671119569,41.545885687724784,41.736690521240234,25071900,0.0,0.0,-0.005144666991949709,0.018932157797894207,38239650.0,41.78125991821289,0,15,3,2021,0,WMT
2021-03-16 00:00:00-04:00,41.545884515201536,42.00256750558791,41.545884515201536,41.724178314208984,19881000,0.0,0.0,-0.00029978915134354356,0.018741942996095953,37839150.0,41.58935813903808,0,16,3,2021,1,WMT
2021-03-17 00:00:00-04:00,41.44577676359051,41.64596748863607,41.28311911472159,41.37696075439453,24156300,0.0,0.0,-0.008321735114822149,0.01843070699137584,37768410.0,41.35601024627685,0,17,3,2021,2,WMT
2021-03-18 00:00:00-04:00,41.1979259185616,41.446067433712216,40.81157772851839,40.83670425415039,29815500,0.183333,0.0,-0.01305694015205705,0.012193445235914114,34412820.0,41.24485397338867,0,18,3,2021,3,WMT
2021-03-19 00:00:00-04:00,40.87440344903852,41.6188316949771,40.80215838695621,41.38011169433594,57703500,0.0,0.0,0.013306838789036712,0.012601609508874654,35467695.0,41.15023326873779,0,19,3,2021,4,WMT
2021-03-22 00:00:00-04:00,41.147666294821946,41.60311778935065,41.14452458068559,41.57798767089844,24654000,0.0,0.0,0.004781910160710945,0.01267908813262236,35095065.0,41.07567253112793,0,22,3,2021,0,WMT
2021-03-23 00:00:00-04:00,41.37068528815876,42.1842168565577,41.34555875972042,42.07114028930664,29154900,0.0,0.0,0.01186090636015491,0.01254518292974055,34987800.0,41.06049003601074,0,23,3,2021,1,WMT
2021-03-24 00:00:00-04:00,42.22505251048747,42.22505251048747,41.7915857401873,41.81043243408203,23547300,0.0,0.0,-0.006196833587866268,0.012032462961993437,33836880.0,41.06761798858643,0,24,3,2021,2,WMT
2021-03-25 00:00:00-04:00,41.85754232164706,42.25645737078682,41.735044218068914,42.09312057495117,28125900,0.0,0.0,0.006761186728093005,0.011890164591780463,33576945.0,41.10858707427978,0,25,3,2021,3,WMT
2021-03-26 00:00:00-04:00,42.089984922866904,42.46690799346842,41.9078014247292,42.44491958618164,28653600,0.0,0.0,0.008357636745036645,0.011335203265132656,32886090.0,41.19889488220215,0,26,3,2021,4,WMT
2021-03-29 00:00:00-04:00,42.40409115180884,43.03543922797556,42.278451317388914,42.928646087646484,30146400,0.0,0.0,0.011396570100284276,0.011345087496603318,32661690.0,41.290710830688475,0,29,3,2021,0,WMT
2021-03-30 00:00:00-04:00,42.82184581661719,43.217619170565115,42.5517158813534,42.63652420043945,27230100,0.0,0.0,-0.006804824140286492,0.011208302959104351,32561655.0,41.38762741088867,0,30,3,2021,1,WMT
2021-03-31 00:00:00-04:00,42.576848697391426,42.988323460745825,42.39152706948574,42.664798736572266,24546000,0.0,0.0,0.0006631529343219533,0.009990644895134633,31697085.0,41.52537040710449,0,31,3,2021,2,WMT
2021-04-01 00:00:00-04:00,42.69934851897745,42.99775032115729,42.50774704860787,42.598838806152344,25595100,0.0,0.0,-0.0015460035526519977,0.010015391345531853,30709440.0,41.660753440856936,0,1,4,2021,3,WMT
2021-04-05 00:00:00-04:00,42.944349032813825,44.02486881191336,42.78101581794874,43.795570373535156,40043100,0.0,0.0,0.028093056076682776,0.011293123314416117,31007910.0,41.831105613708495,0,5,4,2021,0,WMT
2021-04-06 00:00:00-04:00,43.695058352068244,44.273011644933774,43.50973672394021,44.00602340698242,31044600,0.0,0.0,0.004805349756888511,0.010821463244595894,30510720.0,42.031374168396,0,6,4,2021,1,WMT
2021-04-07 00:00:00-04:00,44.06884615002461,44.210194564896454,43.86467781504951,43.91179275512695,20361600,0.0,0.0,-0.0021413125876881267,0.010904578164023923,29929365.0,42.21113471984863,0,7,4,2021,2,WMT
2021-04-08 00:00:00-04:00,44.115954765766375,44.326406500437855,43.86781324121974,43.88351821899414,19095600,0.0,0.0,-0.0006438939145683165,0.009735585979919241,28637685.0,42.338026237487796,0,8,4,2021,3,WMT
2021-04-09 00:00:00-04:00,43.858391417202114,44.0028815372291,43.56941836642668,43.90550994873047,20676600,0.0,0.0,0.0005011387105879894,0.009721367162725867,27897030.0,42.46679954528808,0,9,4,2021,4,WMT
2021-04-12 00:00:00-04:00,43.99660108512216,44.09397268021011,43.767306219961554,43.91179275512695,18723000,0.0,0.0,0.00014309835835679685,0.009316920263603501,27411300.0,42.56476306915283,0,12,4,2021,0,WMT
2021-04-13 00:00:00-04:00,43.91179096861157,43.97461448079842,43.61967619523217,43.776729583740234,17397900,0.0,0.0,-0.0030757835859696048,0.009240786346827663,27027600.0,42.66676502227783,0,13,4,2021,1,WMT
2021-04-14 00:00:00-04:00,43.69819312491199,43.804989840982536,43.47831985894474,43.76101303100586,21924600,0.0,0.0,-0.0003590161458797425,0.00924171636012009,27129780.0,42.76860675811768,0,14,4,2021,2,WMT
2021-04-15 00:00:00-04:00,43.786148028157214,44.12223959569538,43.72332811506499,44.02486801147461,21710400,0.0,0.0,0.006029453209453806,0.008914635742888106,27007485.0,42.90100212097168,0,15,4,2021,3,WMT
2021-04-16 00:00:00-04:00,44.25416402670689,44.276152434728964,43.88352077819361,44.16621398925781,26488500,0.0,0.0,0.0032105940157813873,0.008059819864045787,26841135.0,43.06747760772705,0,16,4,2021,4,WMT
2021-04-19 00:00:00-04:00,44.065698117960515,44.15364815028052,43.85210826344535,43.88351821899414,19281000,0.0,0.0,-0.006400724552311221,0.00806128876016725,24920010.0,43.19264793395996,0,19,4,2021,0,WMT
2021-04-20 00:00:00-04:00,43.79242282046595,44.530571092866396,43.603963102888336,44.222747802734375,24452100,0.0,0.0,0.007730227600425188,0.008122855210328232,24909915.0,43.32488594055176,0,20,4,2021,1,WMT
2021-04-21 00:00:00-04:00,44.21647462612036,44.50859300751679,44.14109144053905,44.351539611816406,17335200,0.0,0.0,0.0029123429791504396,0.007858137785922393,24318930.0,43.43890590667725,0,21,4,2021,2,WMT
2021-04-22 00:00:00-04:00,44.313848570341264,44.430066857714316,43.79243174263379,43.8709602355957,19705200,0.0,0.0,-0.010835686436749148,0.00819492644332753,24126825.0,43.54193229675293,0,22,4,2021,3,WMT
2021-04-23 00:00:00-04:00,43.69191949764439,44.08140584646497,43.66993108953254,43.943199157714844,22971000,0.0,0.0,0.001646622771218187,0.008132542377937046,23869080.0,43.634436225891115,0,23,4,2021,4,WMT
2021-04-26 00:00:00-04:00,43.94634451407038,43.974616353882475,43.23332979240137,43.318138122558594,22846200,0.0,0.0,-0.014224295161416656,0.008772721940632671,23578710.0,43.67809715270996,0,26,4,2021,0,WMT
2021-04-27 00:00:00-04:00,43.34640309584265,43.64480128901893,43.20505469137007,43.465763092041016,16151400,0.0,0.0,0.0034079250835932218,0.00845312047529861,22878960.0,43.704953002929685,0,27,4,2021,1,WMT
2021-04-28 00:00:00-04:00,43.456333966053265,43.531717132560296,43.30556403840059,43.31184387207031,14286600,0.0,0.0,-0.003541159961801932,0.008332157580843933,22231785.0,43.73871898651123,0,28,4,2021,2,WMT
2021-04-29 00:00:00-04:00,43.314996559542266,43.97461650811876,43.314996559542266,43.858394622802734,19596000,0.0,0.0,0.012618967512599166,0.008739342064046656,21984285.0,43.79839878082275,0,29,4,2021,3,WMT
2021-04-30 00:00:00-04:00,43.883522550962866,43.971472591964876,43.69505920442695,43.94634246826172,19680000,0.0,0.0,0.0020052682323501436,0.008712015958090463,21688530.0,43.86577396392822,0,30,4,2021,4,WMT
2021-05-03 00:00:00-04:00,43.8740900646956,44.83524965726438,43.8740900646956,44.6405029296875,27139500,0.0,0.0,0.015795636734208474,0.007011318206370246,21043350.0,43.90802059173584,0,3,5,2021,0,WMT
2021-05-04 00:00:00-04:00,44.45832653706678,44.612238183838556,44.006016739518,44.20075988769531,19084200,0.0,0.0,-0.009850763614487446,0.0073481927131623034,20445330.0,43.91775741577148,0,4,5,2021,1,WMT
2021-05-05 00:00:00-04:00,44.19762256973916,44.3515342318204,44.05313605136199,44.1630744934082,18351000,0.0,0.0,-0.0008525960726208925,0.007331784754062934,20344800.0,43.930321502685544,0,5,5,2021,2,WMT
2021-05-06 00:00:00-04:00,44.147305474938705,44.57616278878243,43.973868674392335,44.47840881347656,16302000,0.183333,0.0,0.007140225713122117,0.007483473791448435,20205120.0,43.96006603240967,0,6,5,2021,3,WMT
2021-05-07 00:00:00-04:00,44.6612972987709,44.68968015825177,43.93286645718497,44.210365295410156,23408400,0.0,0.0,-0.006026373811852559,0.007633445523618072,20341710.0,43.97530879974365,0,7,5,2021,4,WMT
2021-05-10 00:00:00-04:00,44.289209097597954,44.80321143760222,44.24506318498511,44.4058837890625,26307600,0.0,0.0,0.004422458225484149,0.0076864335600116815,20720940.0,44.00001335144043,0,10,5,2021,0,WMT
2021-05-11 00:00:00-04:00,44.421653779913896,44.421653779913896,43.61753993820129,44.00540542602539,26464200,0.0,0.0,-0.009018587828123592,0.007945993236681293,21174255.0,44.01144714355469,0,11,5,2021,1,WMT
2021-05-12 00:00:00-04:00,43.790973616466786,43.82566097680688,42.85757254857197,42.86703109741211,25998300,0.0,0.0,-0.025868965814368594,0.009870201268054208,21377940.0,43.966748046875,0,12,5,2021,2,WMT
2021-05-13 00:00:00-04:00,42.958484579807745,43.82566506035571,42.810276575797644,43.592315673828125,21475200,0.0,0.0,0.016919403043515135,0.010554199745443246,21366180.0,43.94512042999268,0,13,5,2021,3,WMT
2021-05-14 00:00:00-04:00,43.772050359211995,44.22298240859937,43.65222163127068,43.995941162109375,16091700,0.0,0.0,0.009259097206519407,0.010749182779883444,20846340.0,43.93660678863525,0,14,5,2021,4,WMT
2021-05-17 00:00:00-04:00,44.14730317860987,44.273436402442215,43.75943774131651,43.79727554321289,19675800,0.0,0.0,-0.004515544244512726,0.010699526163206371,20866080.0,43.93229465484619,0,17,5,2021,0,WMT
2021-05-18 00:00:00-04:00,45.254139594376966,45.59155103693741,44.52886269549708,44.74959945678711,58183800,0.0,0.0,0.021743907623537062,0.011651895251072533,22552665.0,43.95863723754883,0,18,5,2021,1,WMT
2021-05-19 00:00:00-04:00,44.371193245367486,45.32036097293076,44.3049725768171,44.75275421142578,34874700,0.0,0.0,7.049794136637644e-05,0.01164026496939282,23429640.0,43.9786979675293,0,19,5,2021,2,WMT
2021-05-20 00:00:00-04:00,44.62031917543896,45.05233060829907,44.36804906706146,44.91042709350586,30540900,0.0,0.0,0.0035231995182951614,0.011342346351248637,23971425.0,44.03067131042481,0,20,5,2021,3,WMT
2021-05-21 00:00:00-04:00,44.941957795294,45.118545042342575,44.651846308618715,44.69914627075195,22927500,0.0,0.0,-0.0047044937318010405,0.011418798636823359,23969250.0,44.06846866607666,0,21,5,2021,4,WMT
2021-05-24 00:00:00-04:00,44.702301025390625,44.91042158379668,44.57616418229848,44.702301025390625,18945900,0.0,0.0,7.057751437944404e-05,0.010854740571192206,23774235.0,44.13767681121826,0,24,5,2021,0,WMT
2021-05-25 00:00:00-04:00,44.71491393127388,44.97979661218681,44.484718611790576,44.885196685791016,21505200,0.0,0.0,0.004091414898228729,0.01086170661821284,24041925.0,44.20864849090576,0,25,5,2021,1,WMT
2021-05-26 00:00:00-04:00,44.90095964757387,45.055475734984434,44.702297653226964,44.83158493041992,19294200,0.0,0.0,-0.001194419526473034,0.010815091176447451,24292305.0,44.28463554382324,0,26,5,2021,2,WMT
2021-05-27 00:00:00-04:00,45.2036862236042,45.307748305104006,44.68022537231445,44.68022537231445,56577000,0.0,0.0,-0.0033761812869294028,0.010559891189176005,26141355.0,44.32572708129883,0,27,5,2021,3,WMT
2021-05-28 00:00:00-04:00,44.75590413387512,44.919878763843855,44.66445466211057,44.787437438964844,21186300,0.0,0.0,0.0023995417605218172,0.01056227038193902,26216670.0,44.36778182983399,0,28,5,2021,4,WMT
2021-06-01 00:00:00-04:00,44.844201938969334,45.03025135087236,44.54778594449953,44.67076873779297,20767500,0.0,0.0,-0.002604942542892008,0.009991777724770253,25898070.0,44.36929512023926,0,1,6,2021,1,WMT
2021-06-02 00:00:00-04:00,44.58562209144737,44.686530112802956,44.17568190140697,44.5730094909668,23298000,0.0,0.0,-0.0021884388737519744,0.00973449096057361,26108760.0,44.38790760040283,0,2,6,2021,2,WMT
2021-06-03 00:00:00-04:00,44.585615741227926,44.7306696479836,44.38379972726091,44.65183639526367,18374400,0.0,0.0,0.0017684896128193905,0.009733469579497523,26109930.0,44.4123456954956,0,3,6,2021,3,WMT
2021-06-04 00:00:00-04:00,44.607691968395194,44.8694241712496,44.541471306815666,44.730674743652344,13635900,0.0,0.0,0.0017656238746999176,0.009616761885642032,25976625.0,44.42495899200439,0,4,6,2021,4,WMT
2021-06-07 00:00:00-04:00,44.73067658291815,44.76851799359255,44.27028237639437,44.43110656738281,16630800,0.0,0.0,-0.00669715308312091,0.009641223699371999,25637745.0,44.43599605560303,0,7,6,2021,0,WMT
2021-06-08 00:00:00-04:00,44.3081290804485,44.43111187545498,44.08739230348435,44.09370040893555,20120700,0.0,0.0,-0.0075939175166741535,0.00974422544925179,25328400.0,44.42038688659668,0,8,6,2021,1,WMT
2021-06-09 00:00:00-04:00,43.93917649097357,44.15045107219234,43.84142252639839,43.8571891784668,17085300,0.0,0.0,-0.0053638326626090915,0.009605548219637007,24859455.0,44.41297607421875,0,9,6,2021,2,WMT
2021-06-10 00:00:00-04:00,43.8571926760688,44.20721671040815,43.8571926760688,44.10946273803711,16378500,0.0,0.0,0.005752159778040999,0.007521361893497161,24378465.0,44.47509765625,0,10,6,2021,3,WMT
2021-06-11 00:00:00-04:00,44.21983748821276,44.41534907786342,44.103162788524784,44.38381576538086,25232400,0.0,0.0,0.0062198224669638424,0.006699195819201147,24566325.0,44.514672660827635,0,11,6,2021,4,WMT
2021-06-14 00:00:00-04:00,44.44056918703787,44.44056918703787,44.15676579849067,44.32389450073242,15140700,0.0,0.0,-0.0013500701464063125,0.006418383052045967,24518775.0,44.53107032775879,0,14,6,2021,0,WMT
2021-06-15 00:00:00-04:00,44.41219103768761,44.43426579794612,44.04009220978915,44.147308349609375,19327200,0.0,0.0,-0.003983994482256725,0.0063980657105000265,24501345.0,44.54857196807861,0,15,6,2021,1,WMT
2021-06-16 00:00:00-04:00,44.100002238968365,44.159914797205275,43.191826447296116,43.24858856201172,28794900,0.0,0.0,-0.02035729518276752,0.005920131760500575,23031900.0,44.47352142333985,0,16,6,2021,2,WMT
2021-06-17 00:00:00-04:00,43.20128822839659,43.626995063172465,43.10983875694273,43.42832946777344,19341900,0.0,0.0,0.0041559947211686765,0.006052985103525296,22255260.0,44.40730018615723,0,17,6,2021,3,WMT
2021-06-18 00:00:00-04:00,42.709366995898556,43.00893704592873,42.38141408021658,42.62422561645508,44812800,0.0,0.0,-0.018515652367311453,0.007022071086462487,22968855.0,44.292990112304686,0,18,6,2021,4,WMT
2021-06-21 00:00:00-04:00,42.77873941013497,43.122455353301405,42.68098543387908,43.012088775634766,20775000,0.0,0.0,0.009099594269929678,0.007467118632400265,22861230.0,44.20863723754883,0,21,6,2021,0,WMT
2021-06-22 00:00:00-04:00,42.95847292415968,43.42832562255857,42.95847292415968,43.21074295043945,19107000,0.0,0.0,0.00461856609291722,0.007598231821030337,22869285.0,44.13405933380127,0,22,6,2021,1,WMT
2021-06-23 00:00:00-04:00,43.04361570173848,43.19813177456729,42.863874429828165,42.87333297729492,19390500,0.0,0.0,-0.007808474238258811,0.0075894314458434765,22763550.0,44.03346614837646,0,23,6,2021,2,WMT
2021-06-24 00:00:00-04:00,42.9395670087774,43.276978510672784,42.91749585489612,43.172916412353516,23444100,0.0,0.0,0.006987640434142239,0.007865550027552482,22971045.0,43.95053272247314,0,24,6,2021,3,WMT
2021-06-25 00:00:00-04:00,43.24228802828013,43.787823687499646,43.17606735389581,43.68376159667969,28640700,0.0,0.0,0.011832538238718548,0.008425832228188957,21574230.0,43.900709533691405,0,25,6,2021,4,WMT
2021-06-28 00:00:00-04:00,43.52924366025193,43.718447125734514,43.07515750834729,43.54816436767578,15549000,0.0,0.0,-0.003104064852652577,0.008395576166972497,21292365.0,43.83874588012695,0,28,6,2021,0,WMT
2021-06-29 00:00:00-04:00,43.48509425840149,43.6648355513671,43.27381604975683,43.29589080810547,35962500,0.0,0.0,-0.005792978033250185,0.008450375726164725,22052115.0,43.77000198364258,0,29,6,2021,1,WMT
2021-06-30 00:00:00-04:00,44.00855415373564,44.960875881030674,43.73420933709692,44.46894836425781,45511200,0.0,0.0,0.02709396975688816,0.010594593461766815,23162775.0,43.764798927307126,0,30,6,2021,2,WMT
2021-07-01 00:00:00-04:00,44.27658847283676,44.54147111803219,43.83511499167411,43.93286895751953,26348700,0.0,0.0,-0.01205514019236753,0.010914855208303558,23561490.0,43.728850555419925,0,1,7,2021,3,WMT
2021-07-02 00:00:00-04:00,43.94233411571775,44.487869704401334,43.94233411571775,44.18199157714844,26280600,0.0,0.0,0.00567052927660594,0.0109969311139754,24193725.0,43.701416397094725,0,2,7,2021,4,WMT
2021-07-06 00:00:00-04:00,44.11576742675438,44.38380775197456,43.99278825202732,44.12838363647461,18279300,0.0,0.0,-0.0012133436895940264,0.01090381745419741,24276150.0,43.686280250549316,0,6,7,2021,1,WMT
2021-07-07 00:00:00-04:00,44.071621450733495,44.52255351113076,43.945488223771754,44.05585479736328,25607400,0.0,0.0,-0.0016435870325279822,0.010774314870754136,24550485.0,43.6843879699707,0,7,7,2021,2,WMT
2021-07-08 00:00:00-04:00,43.623850622002585,44.35227806684744,43.58600920418419,44.01802062988281,21267000,0.0,0.0,-0.0008587772874795174,0.010702862835527254,24759570.0,43.692429542541504,0,8,7,2021,3,WMT
2021-07-09 00:00:00-04:00,44.27659639005445,44.41219178910408,44.12523433591226,44.24190902709961,15185400,0.0,0.0,0.005086289524449894,0.010685827141454874,24699915.0,43.69905185699463,0,9,7,2021,4,WMT
2021-07-12 00:00:00-04:00,44.36489055984794,44.396423869134665,43.93602961428553,44.1630744934082,19515000,0.0,0.0,-0.0017818971971376163,0.010598174316907249,24414045.0,43.68801479339599,0,12,7,2021,0,WMT
2021-07-13 00:00:00-04:00,44.14415079611759,44.51940364697363,44.128384142542146,44.3302001953125,18947700,0.0,0.0,0.003784285940718224,0.010630882208443198,24604395.0,43.688330078125,0,13,7,2021,1,WMT
2021-07-14 00:00:00-04:00,44.371199191797686,44.714918790817876,44.093703878958756,44.636085510253906,18812100,0.0,0.0,0.0069001564079052,0.010691345801325415,24578640.0,43.712768936157225,0,14,7,2021,2,WMT
2021-07-15 00:00:00-04:00,44.77798126767808,44.97979733423351,44.49102382249734,44.67076873779297,17974800,0.0,0.0,0.0007770221591474336,0.00948704076513319,24037635.0,43.78387794494629,0,15,7,2021,3,WMT
2021-07-16 00:00:00-04:00,44.68337090707184,44.818966270677144,44.44686753374886,44.639225006103516,18095400,0.0,0.0,-0.0007061380983749421,0.009482053396614454,23975310.0,43.84442272186279,0,16,7,2021,4,WMT
2021-07-19 00:00:00-04:00,44.59193001969828,45.08701161641275,44.0747772726328,44.53517150878906,27383100,0.0,0.0,-0.002330987988707789,0.008309371958961519,23103825.0,43.93997001647949,0,19,7,2021,0,WMT
2021-07-20 00:00:00-04:00,44.45318847413535,44.92619535736884,44.393272296139095,44.73699188232422,19020300,0.0,0.0,0.004531707562759113,0.008172194110389823,23016090.0,44.026215171813966,0,20,7,2021,1,WMT
2021-07-21 00:00:00-04:00,44.93564937903825,44.9482619804353,44.371193063640405,44.51625061035156,18591900,0.0,0.0,-0.0049342001481300635,0.008289377270651247,22990335.0,44.09149055480957,0,21,7,2021,2,WMT
2021-07-22 00:00:00-04:00,44.50363719185375,44.81582345511497,44.399578712856,44.547786712646484,13013400,0.0,0.0,0.0007084177544725012,0.007998498775299972,22671480.0,44.17521324157715,0,22,7,2021,3,WMT
2021-07-23 00:00:00-04:00,44.62662057951023,45.00502752022643,44.46579997539727,44.913578033447266,15947400,0.0,0.0,0.008211211999381796,0.008043630072276665,22296645.0,44.26224632263184,0,23,7,2021,4,WMT
2021-07-26 00:00:00-04:00,44.89150484004696,45.36451169005393,44.60769784303808,44.97664260864258,18517200,0.0,0.0,0.0014041316224762124,0.007704137267023001,21790470.0,44.32689037322998,0,26,7,2021,0,WMT
2021-07-27 00:00:00-04:00,45.093310134383465,45.093310134383465,44.765357305081345,44.97978591918945,15395700,0.0,0.0,6.988762087534184e-05,0.007636978682933085,21782805.0,44.398471450805665,0,27,7,2021,1,WMT
2021-07-28 00:00:00-04:00,44.929343044658815,45.172154577089,44.670768466427916,44.79690170288086,14071500,0.0,0.0,-0.004065920114363464,0.007557790782472278,20688255.0,44.47352199554443,0,28,7,2021,2,WMT
2021-07-29 00:00:00-04:00,44.979793810834884,45.04601808569453,44.784285864957496,44.853660583496094,11063100,0.0,0.0,0.0012670269250247834,0.004639298067240519,18965850.0,44.492757606506345,0,29,7,2021,3,WMT
2021-07-30 00:00:00-04:00,44.5257091420262,45.08070329959525,44.5257091420262,44.951416015625,16332300,0.0,0.0,0.002179430415649941,0.0035958686401172204,18465030.0,44.54368495941162,0,30,7,2021,4,WMT
2021-08-02 00:00:00-04:00,45.03971623251168,45.052328835245106,44.673921883193096,44.84735870361328,19958400,0.0,0.0,-0.00231488396217705,0.0035101444332301113,18148920.0,44.57695331573486,0,2,8,2021,0,WMT
2021-08-03 00:00:00-04:00,44.91673273141421,45.377127007188996,44.891507526340675,45.351898193359375,18915300,0.0,0.0,0.011250149492202821,0.004184216062645174,18180720.0,44.6381290435791,0,3,8,2021,1,WMT
2021-08-04 00:00:00-04:00,45.21314106571373,45.3897319062822,45.01132863310837,45.04286193847656,15301500,0.0,0.0,-0.006814185672344375,0.0045263961977189135,17665425.0,44.687479400634764,0,4,8,2021,2,WMT
2021-08-05 00:00:00-04:00,45.48117794395134,45.89426854358319,45.405495129779126,45.878501892089844,27005400,0.0,0.0,0.018552106097402765,0.005940374710202785,17952345.0,44.78050346374512,0,5,8,2021,3,WMT
2021-08-06 00:00:00-04:00,46.10555241456194,46.18753973419433,45.70822480864416,45.7965202331543,19263600,0.0,0.0,-0.00178692972862049,0.0059566222330804585,18156255.0,44.85823402404785,0,6,8,2021,4,WMT
2021-08-09 00:00:00-04:00,46.010945516016854,46.190690404314154,45.85012494096705,45.90688705444336,15811800,0.0,0.0,0.0024099390243446095,0.0058994648361601915,17971095.0,44.94542465209961,0,9,8,2021,0,WMT
2021-08-10 00:00:00-04:00,46.34521384272889,46.96958275508856,46.11816896152721,46.88444137573242,38262000,0.0,0.0,0.021294284670832386,0.007314784140566941,18936810.0,45.073136711120604,0,10,8,2021,1,WMT
2021-08-11 00:00:00-04:00,47.14616667702445,47.79891840885443,47.035800101313725,47.303836822509766,41455800,0.0,0.0,0.00894530113766967,0.007388598692554146,20068995.0,45.2065242767334,0,11,8,2021,2,WMT
2021-08-12 00:00:00-04:00,47.158244318459154,47.541205735206574,47.09810766598961,47.1772346496582,18269100,0.183333,0.0,-0.0026763616094522824,0.007481389066903839,20083710.0,45.33184757232666,0,12,8,2021,3,WMT
2021-08-13 00:00:00-04:00,47.278507318892025,47.58867667167306,47.208880938383,47.325984954833984,15981300,0.0,0.0,0.003153010266083056,0.007436929466804333,19978005.0,45.466185569763184,0,13,8,2021,4,WMT
2021-08-16 00:00:00-04:00,47.3734631746705,48.0222856217737,47.170904466389466,47.71211624145508,47791500,0.0,0.0,0.008158969897607005,0.007414556492575179,20998425.0,45.62503280639648,0,16,8,2021,0,WMT
2021-08-17 00:00:00-04:00,47.60134883051987,48.26599607487903,47.189903640995134,47.6963005065918,50950200,0.0,0.0,-0.0003314825689819667,0.007457770290740998,22594920.0,45.77299823760986,0,17,8,2021,1,WMT
2021-08-18 00:00:00-04:00,47.6488222423486,48.288147775557135,47.16457779253396,47.18989944458008,28211700,0.0,0.0,-0.010617197909127851,0.007881589901399984,23075910.0,45.90668067932129,0,18,8,2021,2,WMT
2021-08-19 00:00:00-04:00,46.94618807133499,47.68363083217613,46.841743062019546,47.50955581665039,22630500,0.0,0.0,0.006773830328791419,0.007907455279889886,23556765.0,46.054769134521486,0,19,8,2021,3,WMT
2021-08-20 00:00:00-04:00,47.62666250180717,48.019120912371136,47.39562010249146,47.93366622924805,19400400,0.0,0.0,0.00892684440651026,0.007932650724489926,23729415.0,46.205773544311526,0,20,8,2021,4,WMT
2021-08-23 00:00:00-04:00,47.95899121596134,48.04128387404918,47.60451341802638,47.6171760559082,16166100,0.0,0.0,-0.006602669861015764,0.008229271637640609,23611860.0,46.33780021667481,0,23,8,2021,0,WMT
2021-08-24 00:00:00-04:00,47.63299881400054,47.63299881400054,47.063299659436964,47.1265983581543,18828900,0.0,0.0,-0.010302536571633492,0.008727988930318606,23783520.0,46.44514083862305,0,24,8,2021,1,WMT
2021-08-25 00:00:00-04:00,46.971516502516735,47.246867286248296,46.85124680369921,47.14558792114258,21921300,0.0,0.0,0.0004029478818725618,0.008610973053936332,24176010.0,46.56257514953613,0,25,8,2021,2,WMT
2021-08-26 00:00:00-04:00,46.673993881145805,46.927192227604614,46.420795534687,46.636016845703125,23466900,0.0,0.0,-0.010808457332036725,0.009117327165772265,24796200.0,46.651692962646486,0,26,8,2021,3,WMT
2021-08-27 00:00:00-04:00,46.686664423785075,46.74363542407226,46.265722295208825,46.37333297729492,23088600,0.0,0.0,-0.005632639452835431,0.009274749535277946,25134015.0,46.72278881072998,0,27,8,2021,4,WMT
2021-08-30 00:00:00-04:00,46.34167824695456,46.84174368837948,46.215077246142414,46.746795654296875,16440600,0.0,0.0,0.008053393039159085,0.009334046912082323,24958125.0,46.81776065826416,0,30,8,2021,0,WMT
2021-08-31 00:00:00-04:00,46.838590446435056,46.981012524301605,46.60121669462146,46.87340545654297,25078500,0.0,0.0,0.0027084167048025964,0.009086307224008638,25266285.0,46.89383602142334,0,31,8,2021,1,WMT
2021-09-01 00:00:00-04:00,46.70249884182169,46.81960289495458,46.38916373222347,46.772125244140625,19056600,0.0,0.0,-0.0021607180322377184,0.008915036542451361,25454040.0,46.980299186706546,0,1,9,2021,2,WMT
2021-09-02 00:00:00-04:00,46.879721926512616,47.0917775958471,46.74362757814426,47.01898193359375,20018100,0.0,0.0,0.005277859155738307,0.008065512514019012,25104675.0,47.03732318878174,0,2,9,2021,3,WMT
2021-09-03 00:00:00-04:00,46.90505157125267,47.36397074586501,46.81009990385623,47.23737335205078,17211900,0.0,0.0,0.004644750045108781,0.008065883016205871,25002090.0,47.10936584472656,0,3,9,2021,4,WMT
2021-09-07 00:00:00-04:00,47.148756350018225,47.21205505141861,46.544245783165366,46.61071014404297,25345200,0.0,0.0,-0.013266258547811605,0.008716511103111012,25478760.0,47.14455699920654,0,7,9,2021,1,WMT
2021-09-08 00:00:00-04:00,46.5094250093684,46.94302613107797,46.43979499764239,46.67083740234375,19508400,0.0,0.0,0.0012899880331145308,0.0072680703526782795,24541080.0,47.13387680053711,0,8,9,2021,2,WMT
2021-09-09 00:00:00-04:00,46.6708423880627,46.7183200353373,46.158117844634944,46.3416862487793,22328700,0.0,0.0,-0.007052608692809215,0.0070862964085900105,23584725.0,47.08576927185059,0,9,9,2021,3,WMT
2021-09-10 00:00:00-04:00,46.588553399860196,46.60121603756527,46.02835120859728,46.17394256591797,15775200,0.0,0.0,-0.0036197146983564243,0.007101144507960623,23460030.0,47.03560466766358,0,10,9,2021,4,WMT
2021-09-13 00:00:00-04:00,46.37332417630698,46.572717206416584,45.77830712258643,45.91123580932617,19529400,0.0,0.0,-0.005689502390157752,0.007100945895312407,23637435.0,46.964867210388185,0,13,9,2021,0,WMT
2021-09-14 00:00:00-04:00,46.04416429203262,46.170765282959735,45.550426584876426,45.67069625854492,16533900,0.0,0.0,-0.005239230583559906,0.006766640521726673,22074555.0,46.862796211242674,0,14,9,2021,1,WMT
2021-09-15 00:00:00-04:00,45.59791690984798,45.81313467007923,45.509296553740036,45.74983596801758,14850000,0.0,0.0,0.0017328334349151486,0.006811630718778947,20269545.0,46.765472984313966,0,15,9,2021,2,WMT
2021-09-16 00:00:00-04:00,45.71501461442557,45.99036900103825,45.47764089259441,45.90174865722656,18428400,0.0,0.0,0.0033205078443381275,0.006599650127573455,19780380.0,46.70106544494629,0,16,9,2021,3,WMT
2021-09-17 00:00:00-04:00,45.62006298465516,46.25939210214325,45.582085941882404,45.80679702758789,73032600,0.0,0.0,-0.002068584148018582,0.006316010331401107,22300485.0,46.61592750549316,0,17,9,2021,4,WMT
2021-09-20 00:00:00-04:00,45.41751104517102,45.95239522526447,44.82249744389096,45.17697525024414,25054500,0.0,0.0,-0.013749526668813572,0.00632359507894925,22583190.0,46.478092956542966,0,20,9,2021,0,WMT
2021-09-21 00:00:00-04:00,45.16431129742886,45.75932850342538,45.154817941104376,45.26559066772461,17437500,0.0,0.0,0.0019615172770999223,0.0063522848706156045,22646760.0,46.36051368713379,0,21,9,2021,1,WMT
2021-09-22 00:00:00-04:00,45.408011142358845,45.449157466448085,45.03454305460868,45.16114044189453,15044400,0.0,0.0,-0.002307497246568646,0.006081890024344868,22457535.0,46.2622407913208,0,22,9,2021,2,WMT
2021-09-23 00:00:00-04:00,45.32888425933126,45.458647295641185,45.0851792368594,45.186458587646484,15585300,0.0,0.0,0.0005606179450787785,0.006085420147486611,22140735.0,46.164284324646,0,23,9,2021,3,WMT
2021-09-24 00:00:00-04:00,45.101008681987004,45.477642439470856,45.09784302280828,45.31306076049805,13360500,0.0,0.0,0.0028017724072355588,0.005815603796138529,21635415.0,46.098136520385744,0,24,9,2021,4,WMT
2021-09-27 00:00:00-04:00,45.218112321146606,45.43333005695063,44.89211824727177,45.02188491821289,21250800,0.0,0.0,-0.006425870100105646,0.005848445136546724,21543525.0,46.03056411743164,0,27,9,2021,0,WMT
2021-09-28 00:00:00-04:00,44.9047767335016,44.96491339055594,44.3065975542855,44.46800994873047,20580900,0.0,0.0,-0.012302349634818577,0.0058766231079798266,21750540.0,45.91662483215332,0,28,9,2021,1,WMT
2021-09-29 00:00:00-04:00,44.515488560540646,44.88896031173378,44.41104715326447,44.44902420043945,21375600,0.0,0.0,-0.00042695295590933213,0.0057718383174582034,21565395.0,45.79540576934814,0,29,9,2021,2,WMT
2021-09-30 00:00:00-04:00,44.512326618211716,44.85730743517953,44.07239412801369,44.1135368347168,22457700,0.0,0.0,-0.007547687980950957,0.005873296409131434,21735450.0,45.66247634887695,0,30,9,2021,3,WMT
2021-10-01 00:00:00-04:00,44.07554563386641,44.19264965117246,43.01844381942138,43.3760871887207,30014400,0.0,0.0,-0.016717082757593094,0.006303838081609723,22235265.0,45.480331611633304,0,1,10,2021,4,WMT
2021-10-04 00:00:00-04:00,43.38874822469814,43.749557269512856,42.63548079075719,42.958309173583984,29970300,0.0,0.0,-0.009631528388419408,0.006077035724363877,22873185.0,45.26637840270996,0,4,10,2021,0,WMT
2021-10-05 00:00:00-04:00,43.027949763269184,43.58498632864108,43.01212508722111,43.24000549316406,20597400,0.0,0.0,0.00655743498753214,0.006224420000870788,22635795.0,45.097843170166016,0,5,10,2021,1,WMT
2021-10-06 00:00:00-04:00,43.11972510576295,43.61029718586266,43.08491010266996,43.55649185180664,19376700,0.0,0.0,0.007319295060973285,0.006614042633253471,22629210.0,44.94212589263916,0,6,10,2021,2,WMT
2021-10-07 00:00:00-04:00,43.92363776553035,44.531317617160916,43.91731006857793,44.06922912597656,21068100,0.0,0.0,0.011771776200765194,0.007367337955579634,22566180.0,44.82850303649902,0,7,10,2021,3,WMT
2021-10-08 00:00:00-04:00,44.202152252197266,44.338246616930455,43.99642787555076,44.202152252197266,13847400,0.0,0.0,0.0030162344306210453,0.007462360862556654,22469790.0,44.729913520812985,0,8,10,2021,4,WMT
2021-10-11 00:00:00-04:00,44.15783726151257,44.55662331856147,44.13251561460222,44.1609992980957,13048200,0.0,0.0,-0.000931016975525556,0.007419412009251551,22145730.0,44.642401695251465,0,11,10,2021,0,WMT
2021-10-12 00:00:00-04:00,44.10087781896476,44.43953093907455,44.01542312407556,44.1135368347168,15789300,0.0,0.0,-0.0010747597231332007,0.0073795463899359575,22108500.0,44.56454372406006,0,12,10,2021,1,WMT
2021-10-13 00:00:00-04:00,44.15151243222723,44.31292482512281,43.717907688696364,43.79386901855469,17937900,0.0,0.0,-0.007246478951797308,0.0074322114915771125,22262895.0,44.466745376586914,0,13,10,2021,2,WMT
2021-10-14 00:00:00-04:00,43.83501838575602,44.33191823527284,43.83501838575602,44.268619537353516,19783500,0.0,0.0,0.010840570368370273,0.007899396567563704,22330650.0,44.38508892059326,0,14,10,2021,3,WMT
2021-10-15 00:00:00-04:00,44.505981670902294,44.65790067951471,44.297091675797134,44.48382568359375,20737200,0.0,0.0,0.004861370164449097,0.00803686323005137,19715880.0,44.31894035339356,0,15,10,2021,4,WMT
2021-10-18 00:00:00-04:00,44.30976540288339,44.94592527882787,44.25596006139784,44.84148025512695,19887000,0.0,0.0,0.008040103701447476,0.007751257452371491,19457505.0,44.3021656036377,0,18,10,2021,0,WMT
2021-10-19 00:00:00-04:00,45.77514571577439,46.08531509500062,45.468141995485546,45.79413604736328,33444300,0.0,0.0,0.02124496753488425,0.00912986542989195,20257845.0,44.32859287261963,0,19,10,2021,1,WMT
2021-10-20 00:00:00-04:00,45.85743975339926,46.363840199738796,45.85743975339926,46.20875549316406,17453700,0.0,0.0,0.00905398554461101,0.009290172523153353,20378310.0,44.3809736251831,0,20,10,2021,2,WMT
2021-10-21 00:00:00-04:00,46.39231511719321,46.49992215823866,46.148610106937,46.465110778808594,13954500,0.0,0.0,0.005547764334022265,0.009339240826965469,20296770.0,44.44490623474121,0,21,10,2021,3,WMT
2021-10-22 00:00:00-04:00,46.55689388803308,47.37662564279373,46.55689388803308,46.9493522644043,21195600,0.0,0.0,0.010421614787509581,0.009550849412991886,20688525.0,44.52672080993652,0,22,10,2021,4,WMT
2021-10-25 00:00:00-04:00,47.088615039311335,47.63932016445538,46.844910010864176,47.49373245239258,19287900,0.0,0.0,0.01159505215157175,0.009582129510314074,20590380.0,44.650313186645505,0,25,10,2021,0,WMT
2021-10-26 00:00:00-04:00,47.47474086921091,47.64881588494076,46.98733444720262,47.07911682128906,17418600,0.0,0.0,-0.008729902024843472,0.009316992987805806,20432265.0,44.78086853027344,0,26,10,2021,1,WMT
2021-10-27 00:00:00-04:00,47.14558461601821,47.1645749483987,46.64868480319839,46.6929931640625,14565600,0.0,0.0,-0.008201590923896829,0.009620285216937842,20091765.0,44.89306697845459,0,27,10,2021,2,WMT
2021-10-28 00:00:00-04:00,46.949361626781354,47.15192036181315,46.74996855111616,46.98417663574219,12598500,0.0,0.0,0.006236127777385692,0.009351860900050891,19598805.0,45.03659896850586,0,28,10,2021,3,WMT
2021-10-29 00:00:00-04:00,46.81326274096878,47.50639357201639,46.702490028059266,47.291175842285156,22022700,0.0,0.0,0.006534097828787333,0.008108294957592587,19199220.0,45.232353401184085,0,29,10,2021,4,WMT
2021-11-01 00:00:00-04:00,47.46841245239847,47.71211748931343,47.269019397851054,47.40827941894531,12549600,0.0,0.0,0.0024762246777432217,0.007432396871156111,18328185.0,45.454851913452146,0,1,11,2021,0,WMT
2021-11-02 00:00:00-04:00,47.465254466318015,47.53171882350622,47.24686743894444,47.38612747192383,13638900,0.0,0.0,-0.0004672590377248209,0.007518746064795571,17980260.0,45.66215801239014,0,2,11,2021,1,WMT
2021-11-03 00:00:00-04:00,47.34814700922191,47.5665303987986,47.1677406624149,47.531715393066406,14209500,0.0,0.0,0.003072374319442739,0.007498306627958088,17721900.0,45.86091918945313,0,3,11,2021,2,WMT
2021-11-04 00:00:00-04:00,47.53170592895546,48.06025860580792,47.42092961566967,47.879852294921875,15149100,0.0,0.0,0.007324307548686848,0.007332387341397417,17425950.0,46.05145034790039,0,4,11,2021,3,WMT
2021-11-05 00:00:00-04:00,48.107740870653366,48.107740870653366,47.354473401576094,47.54753875732422,15081900,0.0,0.0,-0.006940571486117597,0.007742173525276126,17487675.0,46.21871967315674,0,5,11,2021,4,WMT
2021-11-08 00:00:00-05:00,47.544370510772886,47.63615288415523,47.07278876453631,47.24369812011719,15373200,0.0,0.0,-0.006390249530218384,0.008005173201227775,17603925.0,46.37285461425781,0,8,11,2021,0,WMT
2021-11-09 00:00:00-05:00,47.32282473527707,47.43360106916041,47.117100362666996,47.40827941894531,15001800,0.0,0.0,0.003483666719097167,0.007935355867571938,17564550.0,46.537591743469235,0,9,11,2021,1,WMT
2021-11-10 00:00:00-05:00,47.07279262525998,47.354474708171885,46.83541890326645,46.98100662231445,16803600,0.0,0.0,-0.009012619775863762,0.00807151339975491,17507835.0,46.69694862365723,0,10,11,2021,2,WMT
2021-11-11 00:00:00-05:00,47.08545469033598,47.15508470631609,46.90188629458649,47.0,13603200,0.0,0.0,0.0004042777933268571,0.007911098747148789,17198820.0,46.83351764678955,0,11,11,2021,3,WMT
2021-11-12 00:00:00-05:00,47.158255144840425,47.23421286503933,46.696166638340195,46.76579666137695,18313800,0.0,0.0,-0.004983049757937175,0.008095118950734167,17077650.0,46.94761619567871,0,12,11,2021,4,WMT
2021-11-15 00:00:00-05:00,46.8892160802555,46.984167733082444,46.335345323233284,46.496761322021484,28896000,0.0,0.0,-0.005752822758553822,0.008188472391491314,17528100.0,47.03038024902344,0,15,11,2021,0,WMT
2021-11-16 00:00:00-05:00,45.923906210744036,46.423971699912904,45.03770998655513,45.31306076049805,73986600,0.0,0.0,-0.025457699157270586,0.008985569663930453,19555215.0,47.00632648468017,0,16,11,2021,1,WMT
2021-11-17 00:00:00-05:00,45.309897817141035,45.80363560011319,44.88579004656558,44.92376708984375,33116100,0.0,0.0,-0.008591202274150223,0.008864676181355226,20338335.0,46.94207706451416,0,17,11,2021,2,WMT
2021-11-18 00:00:00-05:00,44.98706996138391,45.351041079366304,44.581952518464405,45.309898376464844,24394200,0.0,0.0,0.008595256178068666,0.009014792773495383,20860320.0,46.88431644439697,0,18,11,2021,3,WMT
2021-11-19 00:00:00-05:00,45.45548539006214,45.57575508180689,44.92376694350824,45.066192626953125,28119300,0.0,0.0,-0.0053786425978458174,0.00862485186934747,21206505.0,46.79015846252442,0,19,11,2021,4,WMT
2021-11-22 00:00:00-05:00,45.15164556890002,46.00619239249636,44.94275554045748,45.8226203918457,29126400,0.0,0.0,0.016784816306851136,0.009119574469980714,21698430.0,46.70660285949707,0,22,11,2021,0,WMT
2021-11-23 00:00:00-05:00,45.65487522953032,46.202418310959665,45.338378160016674,46.14861297607422,29907900,0.0,0.0,0.0071142283317897625,0.00916934550465171,22322895.0,46.66007766723633,0,23,11,2021,1,WMT
2021-11-24 00:00:00-05:00,46.12328991971865,46.54423195422102,46.09480261492365,46.37965393066406,18089400,0.0,0.0,0.005006455008943034,0.009095489803316122,22499085.0,46.64441070556641,0,24,11,2021,2,WMT
2021-11-26 00:00:00-05:00,46.348009801049436,46.8037669222504,45.70868429211921,45.86060333251953,21039600,0.0,0.0,-0.011191342628828038,0.009269775125780394,22921140.0,46.58823204040527,0,26,11,2021,4,WMT
2021-11-29 00:00:00-05:00,45.89224884819841,45.97137583194991,45.01554968546311,45.142147064208984,33039600,0.0,0.0,-0.01566608845289863,0.009621396321509419,23471985.0,46.480780601501465,0,29,11,2021,0,WMT
2021-11-30 00:00:00-05:00,44.77817833949376,45.10100674316839,44.3129242551844,44.5091552734375,64818900,0.0,0.0,-0.014022190612048901,0.009895642718565799,26085450.0,46.33582439422607,0,30,11,2021,1,WMT
2021-12-01 00:00:00-05:00,44.471170339946674,44.53763468531978,43.37292218988595,43.404571533203125,36621300,0.0,0.0,-0.02481700075969706,0.010991470395435462,27234570.0,46.13674659729004,0,1,12,2021,2,WMT
2021-12-02 00:00:00-05:00,43.55965980134587,43.816023849775384,42.80323029205545,42.87602233886719,39805800,0.0,0.0,-0.012177270173756138,0.01098053378793835,28514385.0,45.903961944580075,0,2,12,2021,3,WMT
2021-12-03 00:00:00-05:00,42.99946124421687,43.63878677768344,42.81905850870404,43.52168273925781,44142600,0.0,0.0,0.015058775631930033,0.011561358179983777,29964060.0,45.68605346679688,0,3,12,2021,4,WMT
2021-12-06 00:00:00-05:00,43.53750611948295,44.10720524244214,43.391918396102476,43.993263244628906,32589300,0.0,0.0,0.010835530147038863,0.01205262472053917,30839430.0,45.50833969116211,0,6,12,2021,0,WMT
2021-12-07 00:00:00-05:00,44.18316714028003,44.25596281988819,43.70525397769773,43.85084533691406,37739100,0.0,0.0,-0.0032372662814966757,0.012037680442003672,31957725.0,45.338697052001955,0,7,12,2021,1,WMT
2021-12-08 00:00:00-05:00,43.69575494615302,43.83501496834737,43.04693247695519,43.40774154663086,34496400,0.0,0.0,-0.01010479471669834,0.01199725061805864,32932455.0,45.13867015838623,0,8,12,2021,2,WMT
2021-12-09 00:00:00-05:00,43.41727837333026,44.03375813684027,43.12493051945716,44.01151657104492,32351700,0.183333,0.0,0.013909385812331587,0.01260577755775982,33709860.0,44.99019565582275,0,9,12,2021,3,WMT
2021-12-10 00:00:00-05:00,43.96066989170199,44.90127422528087,43.71598359225053,44.81547546386719,38575500,0.0,0.0,0.01826701180643231,0.01347611244289543,34958475.0,44.88096942901611,0,10,12,2021,4,WMT
2021-12-13 00:00:00-05:00,44.564436114072365,45.679820015547335,44.49134733724532,45.62261962890625,54039300,0.0,0.0,0.018010389417598027,0.014195890984697326,36744750.0,44.82381057739258,0,13,12,2021,0,WMT
2021-12-14 00:00:00-05:00,45.53682237834056,46.166012105793776,45.17138211869807,46.05796813964844,46721400,0.0,0.0,0.009542383017093314,0.0143455535714369,37636020.0,44.80187091827393,0,14,12,2021,1,WMT
2021-12-15 00:00:00-05:00,46.1437581875809,46.54415355848155,45.56859055184966,46.321712493896484,33489900,0.0,0.0,0.005726356695726853,0.013118138922242875,35611185.0,44.85230350494385,0,15,12,2021,2,WMT
2021-12-16 00:00:00-05:00,46.32171499084896,46.56322286103041,45.40653071748464,45.54952621459961,39069600,0.0,0.0,-0.016670071932220143,0.013552167076888217,35908860.0,44.88359146118164,0,16,12,2021,3,WMT
2021-12-17 00:00:00-05:00,45.36203925080308,45.74336784069137,43.976552889888126,44.09095001220703,78581100,0.0,0.0,-0.032021764518926465,0.015255536763779573,38618205.0,44.82264404296875,0,17,12,2021,4,WMT
2021-12-20 00:00:00-05:00,43.89075654620514,44.40872384832042,43.72551584527968,44.233951568603516,31017900,0.0,0.0,0.003243331258611759,0.015254595280522119,38763135.0,44.78103199005127,0,20,12,2021,0,WMT
2021-12-21 00:00:00-05:00,44.13861089338817,44.44367228104675,43.85579470168967,44.367408752441406,24620400,0.0,0.0,0.00301707577788779,0.014719579442500281,38537835.0,44.70827140808105,0,21,12,2021,1,WMT
2021-12-22 00:00:00-05:00,44.45639836684579,44.48500038247481,44.02105132361871,44.42462158203125,17028000,0.0,0.0,0.0012895238013352905,0.014597100459299553,37893840.0,44.62207183837891,0,22,12,2021,2,WMT
2021-12-23 00:00:00-05:00,44.4246119493384,44.53901271380885,44.122728922438355,44.32610321044922,17592600,0.0,0.0,-0.002217652465539066,0.014508922076283534,37869000.0,44.51939430236816,0,23,12,2021,3,WMT
2021-12-27 00:00:00-05:00,44.36104893956871,44.76462266108646,44.351517362870375,44.72966384887695,16040700,0.0,0.0,0.009104356331792296,0.014553792231897929,37619055.0,44.46284732818604,0,27,12,2021,0,WMT
2021-12-28 00:00:00-05:00,44.67883497882627,45.431953369356464,44.67883497882627,45.371578216552734,15783000,0.0,0.0,0.014350976789017311,0.014525379905469737,36756225.0,44.47431888580322,0,28,12,2021,1,WMT
2021-12-29 00:00:00-05:00,45.333442513333175,45.60990556913581,45.22539856042617,45.34933090209961,13045200,0.0,0.0,-0.0004903359179383449,0.014130257701055814,34167540.0,44.516327667236325,0,29,12,2021,2,WMT
2021-12-30 00:00:00-05:00,45.52410829662672,45.66392903161674,45.27624360521367,45.495506286621094,14949000,0.0,0.0,0.003223319542179137,0.012754765028874997,33083925.0,44.62087440490723,0,30,12,2021,3,WMT
2021-12-31 00:00:00-05:00,45.50503892000232,46.08974179498959,45.41606176309226,45.978519439697266,17947800,0.0,0.0,0.010616722232591469,0.01239382971511451,31991025.0,44.77599925994873,0,31,12,2021,4,WMT
2022-01-03 00:00:00-05:00,45.759256185466285,46.010295627984746,45.44465955361411,45.9658088684082,20706600,0.0,0.0,-0.00027644585871744454,0.01211710334985805,30819225.0,44.89820556640625,0,3,1,2022,0,WMT
2022-01-04 00:00:00-05:00,45.77196706524558,46.12151888526153,45.04744709489648,45.12371063232422,33930000,0.0,0.0,-0.01832010045759791,0.012832914432226616,30886260.0,44.95472793579101,0,4,1,2022,1,WMT
2022-01-05 00:00:00-05:00,45.39382413222166,46.3789188436803,45.358868947430715,45.73383712768555,35418000,0.0,0.0,0.013521195105888895,0.013062815550241053,30770205.0,45.04887752532959,0,5,1,2022,2,WMT
2022-01-06 00:00:00-05:00,45.63850437793433,45.9626326031352,45.25082259706011,45.606727600097656,21828900,0.0,0.0,-0.002779332231253817,0.012800108942813153,30136830.0,45.15882682800293,0,6,1,2022,3,WMT
2022-01-07 00:00:00-05:00,45.60036478179785,46.19142440886604,45.42876729479336,46.04206848144531,19723500,0.0,0.0,0.009545540850133705,0.01263242068269084,29505420.0,45.26035442352295,0,7,1,2022,4,WMT
2022-01-10 00:00:00-05:00,46.21684388288967,46.26450904285894,45.479614014146975,45.953094482421875,22731600,0.0,0.0,-0.001932450082239301,0.01208724603994994,28713225.0,45.31723537445068,0,10,1,2022,0,WMT
2022-01-11 00:00:00-05:00,45.825989531764826,45.95627868272086,45.49868290677541,45.822811126708984,21668700,0.0,0.0,-0.002835137811289856,0.011454879780381687,27094695.0,45.32724494934082,0,11,1,2022,1,WMT
2022-01-12 00:00:00-05:00,45.657565995581606,45.74654314540808,45.44148174881906,45.581298828125,18946800,0.0,0.0,-0.005270569234963718,0.011302474300086213,25705965.0,45.30341148376465,0,12,1,2022,2,WMT
2022-01-13 00:00:00-05:00,45.578130554646215,46.29311898664992,45.47644340795998,46.22638702392578,24252600,0.0,0.0,0.014152475080476234,0.011695377742225739,25244100.0,45.298645210266116,0,13,1,2022,3,WMT
2022-01-14 00:00:00-05:00,45.82916819850855,46.59500017348134,45.82916819850855,46.09609603881836,26867400,0.0,0.0,-0.002818541389358109,0.011050965517055904,24633990.0,45.325973701477054,0,14,1,2022,4,WMT
2022-01-18 00:00:00-05:00,45.88954719420305,45.981702765976415,45.165027151235684,45.28895950317383,21123900,0.0,0.0,-0.017509867537694013,0.009096012661416259,21761130.0,45.38587417602539,0,18,1,2022,1,WMT
2022-01-19 00:00:00-05:00,45.29530268651686,46.073848175308854,45.098285238303326,45.74018478393555,22674000,0.0,0.0,0.009963251214241131,0.009290471485467878,21343935.0,45.46118583679199,0,19,1,2022,2,WMT
2022-01-20 00:00:00-05:00,45.23493408465501,45.90543209574056,44.82818551086534,44.875850677490234,22387200,0.0,0.0,-0.01889660285650785,0.010359717452311392,21232275.0,45.48660793304443,0,20,1,2022,3,WMT
2022-01-21 00:00:00-05:00,44.87585247996371,45.20633389113231,44.5072374793159,44.548545837402344,27508200,0.0,0.0,-0.0072935629107097055,0.010507294108836327,21756285.0,45.49280414581299,0,21,1,2022,4,WMT
2022-01-24 00:00:00-05:00,44.19263628083078,44.65658520751203,43.633357026864665,44.551719665527344,28699200,0.0,0.0,7.124425871452011e-05,0.010492122852129138,22311615.0,45.50408496856689,0,24,1,2022,0,WMT
2022-01-25 00:00:00-05:00,44.48499390778553,44.60574785447727,43.47447556931019,43.58251953125,29479500,0.0,0.0,-0.021754494361915233,0.011363070455250014,22983555.0,45.44672775268555,0,25,1,2022,1,WMT
2022-01-26 00:00:00-05:00,43.64289159245419,44.10366214577685,42.950148378221,43.13763427734375,26185500,0.0,0.0,-0.010207882855126194,0.01090779721704496,23503680.0,45.3350305557251,0,26,1,2022,2,WMT
2022-01-27 00:00:00-05:00,43.509435776385395,44.19582594487885,43.01688835336309,43.16624069213867,27759000,0.0,0.0,0.0006631428745258461,0.01092182567299642,24239370.0,45.225876045227054,0,27,1,2022,3,WMT
2022-01-28 00:00:00-05:00,43.21707278684554,43.715976888682015,42.565641617684236,43.70008850097656,25131900,0.0,0.0,0.012367252748398672,0.011352799270814524,24748515.0,45.136105155944826,0,28,1,2022,4,WMT
2022-01-31 00:00:00-05:00,43.56344710678663,44.500876547725085,43.43951477076591,44.42778778076172,20193600,0.0,0.0,0.0166521237083741,0.011776709054420593,24860805.0,45.05856857299805,0,31,1,2022,0,WMT
2022-02-01 00:00:00-05:00,44.23712382787192,44.85360347116586,44.16721710192195,44.777339935302734,20323200,0.0,0.0,0.007867872158432876,0.011965916079473353,24841635.0,44.999145126342775,0,1,2,2022,1,WMT
2022-02-02 00:00:00-05:00,44.805943062617665,45.0093173619985,44.5358367985412,44.758277893066406,18149700,0.0,0.0,-0.00042570733911106995,0.011270428065046335,24052620.0,44.98087348937988,0,2,2,2022,2,WMT
2022-02-03 00:00:00-05:00,44.57079221757234,45.12053996449378,44.41508308692515,44.802764892578125,20741100,0.0,0.0,0.0009939390344284593,0.01079736345130953,23318775.0,44.93431987762451,0,3,2,2022,3,WMT
2022-02-04 00:00:00-05:00,44.77098667588234,44.80594185993887,43.96384631061212,44.27526092529297,22036500,0.0,0.0,-0.011773915483786146,0.011060696947603688,23329155.0,44.86774654388428,0,4,2,2022,4,WMT
2022-02-07 00:00:00-05:00,44.5072395293955,44.51041429814896,43.72869386091376,43.83991622924805,20010300,0.0,0.0,-0.009832685046836764,0.010896920252315631,23343495.0,44.757638931274414,0,7,2,2022,0,WMT
2022-02-08 00:00:00-05:00,43.95431471852941,44.24666619929803,43.69691842469898,43.849449157714844,19458900,0.0,0.0,0.00021744860133732224,0.010912275093203302,23179860.0,44.65245666503906,0,8,2,2022,1,WMT
2022-02-09 00:00:00-05:00,44.01150849883485,44.10366042393021,43.68420188027297,43.754112243652344,21473700,0.0,0.0,-0.002174187267885541,0.010911517389425838,23170110.0,44.54902172088623,0,9,2,2022,2,WMT
2022-02-10 00:00:00-05:00,43.39184878990731,43.5380226844638,43.045475391202814,43.242496490478516,27810600,0.0,0.0,-0.011692975287095453,0.011097986186359002,23613300.0,44.432081604003905,0,10,2,2022,3,WMT
2022-02-11 00:00:00-05:00,43.47765384816964,43.592050983842924,42.63555462912009,43.004173278808594,23733300,0.0,0.0,-0.005511319442955798,0.010386619217184513,23587335.0,44.27097091674805,0,11,2,2022,4,WMT
2022-02-14 00:00:00-05:00,43.00416864724799,43.20436452226993,42.17160473386653,42.565643310546875,29363400,0.0,0.0,-0.01019738166848605,0.010489631873374679,23712135.0,44.094448280334475,0,14,2,2022,0,WMT
2022-02-15 00:00:00-05:00,42.81667982939063,43.11220601423977,42.51479683499339,42.69910430908203,21824400,0.0,0.0,0.0031354159870546905,0.010090515552694333,23747160.0,43.964955520629886,0,15,2,2022,1,WMT
2022-02-16 00:00:00-05:00,42.68639616281432,42.86116843009887,42.16842526092553,42.43217468261719,28490700,0.0,0.0,-0.006251410440196725,0.00964488347499498,24037995.0,43.79955501556397,0,16,2,2022,2,WMT
2022-02-17 00:00:00-05:00,42.5815286002534,44.31974506885057,42.51161824200882,44.13225555419922,53831400,0.0,0.0,0.040065843532608,0.013135715006951584,25610205.0,43.76237525939941,0,17,2,2022,3,WMT
2022-02-18 00:00:00-05:00,43.884404344653035,44.35788493443439,43.585699689562624,43.849449157714844,31103400,0.0,0.0,-0.006408156413783561,0.013113989477508685,25789965.0,43.72742042541504,0,18,2,2022,4,WMT
2022-02-22 00:00:00-05:00,43.77953547927407,43.92889143216512,43.198010967102086,43.360076904296875,25380900,0.0,0.0,-0.011160282804416277,0.013317683275907885,25624050.0,43.66783828735352,0,22,2,2022,1,WMT
2022-02-23 00:00:00-05:00,43.49036704255297,43.59523260658416,42.84846730933251,42.915199279785156,21030900,0.0,0.0,-0.010260074618724468,0.012616791996758145,25201620.0,43.63447227478027,0,23,2,2022,2,WMT
2022-02-24 00:00:00-05:00,42.55293689830847,42.902488774176035,41.949170765983894,42.74995803833008,31717500,0.0,0.0,-0.003850413005839437,0.01244344495982998,25478220.0,43.61508846282959,0,24,2,2022,3,WMT
2022-02-25 00:00:00-05:00,42.83892532075269,43.46493651065124,42.61012745149164,43.337825775146484,24997800,0.0,0.0,0.013751305586997775,0.01283899420605594,25340160.0,43.62366771697998,0,25,2,2022,4,WMT
2022-02-28 00:00:00-05:00,42.899305962739305,43.23932258709709,42.508445764988004,42.95014953613281,26286600,0.0,0.0,-0.008945447356429215,0.01266587881527192,25397895.0,43.586170768737794,0,28,2,2022,0,WMT
2022-03-01 00:00:00-05:00,43.17576412021416,43.817663706742685,42.90565789456225,43.213897705078125,24024900,0.0,0.0,0.00614079745457996,0.012109911347548574,25589460.0,43.52547626495361,0,1,3,2022,1,WMT
2022-03-02 00:00:00-05:00,43.10903755199765,43.48083095933426,42.95650683010009,43.267921447753906,23863800,0.0,0.0,0.0012501474188808537,0.011934926035138044,25766490.0,43.45000534057617,0,2,3,2022,2,WMT
2022-03-03 00:00:00-05:00,43.627003875617966,44.63752215802635,43.39185280596712,44.262550354003906,29885100,0.0,0.0,0.02298767477081176,0.013147638239816496,26353260.0,43.425218963623045,0,3,3,2022,3,WMT
2022-03-04 00:00:00-05:00,43.79224591070242,45.42241855989762,43.72233554719475,45.38428497314453,35576400,0.0,0.0,0.025342747089112327,0.014362122451433593,27095025.0,43.454294967651364,0,4,3,2022,4,WMT
2022-03-07 00:00:00-05:00,44.901272881012105,45.64168493128489,44.631166620067994,45.01884841918945,45870000,0.0,0.0,-0.008052050487769469,0.014214776949663721,28286700.0,43.491474342346194,0,7,3,2022,0,WMT
2022-03-08 00:00:00-05:00,44.96483057722623,45.2698920261583,44.03693260926002,44.08777618408203,28305600,0.0,0.0,-0.02068183145063629,0.014840271731707473,28701465.0,43.50386734008789,0,8,3,2022,1,WMT
2022-03-09 00:00:00-05:00,44.48816778684268,44.56443132421446,43.89710809827111,44.31657028198242,22122900,0.0,0.0,0.005189513232536358,0.014878907589688205,28834665.0,43.52722339630127,0,9,3,2022,2,WMT
2022-03-10 00:00:00-05:00,44.32610134093215,45.44148510945186,44.1735706313572,45.32390594482422,27512700,0.0,0.0,0.022730451757259296,0.015653512024820116,29136615.0,43.605713081359866,0,10,3,2022,3,WMT
2022-03-11 00:00:00-05:00,45.21904289835483,45.775143747814255,45.08557534879519,45.14595413208008,19162200,0.0,0.0,-0.003926224120241795,0.015393266375964209,28704195.0,43.700885963439944,0,11,3,2022,4,WMT
2022-03-14 00:00:00-04:00,45.13007220312362,46.02936817834712,45.1205406236718,45.775150299072266,22646400,0.0,0.0,0.013936933643076799,0.015489989328492725,28649850.0,43.83943481445313,0,14,3,2022,0,WMT
2022-03-15 00:00:00-04:00,45.92767695920626,46.44246948287924,45.711592690114266,46.324893951416016,22872600,0.0,0.0,0.012009652589931363,0.015270451348199526,28325310.0,44.027397346496585,0,15,3,2022,1,WMT
2022-03-16 00:00:00-04:00,46.20096147900862,46.693508802377174,45.66392739456501,46.18825149536133,24615900,0.0,0.0,-0.002949655021293629,0.015356308736682657,28464885.0,44.20185470581055,0,16,3,2022,2,WMT
2022-03-17 00:00:00-04:00,46.079791545906716,46.35094247190608,45.50558636377485,46.25843048095703,19023000,0.186667,0.0,0.0015194120436179404,0.015179342290513943,27991500.0,44.39316749572754,0,17,3,2022,3,WMT
2022-03-18 00:00:00-04:00,46.31266327985461,46.43707495531238,45.97133158491195,46.39560317993164,31233300,0.0,0.0,0.002965355667029712,0.012652399239675122,26861595.0,44.50633487701416,0,18,3,2022,4,WMT
2022-03-21 00:00:00-04:00,46.39241285986856,46.98575860877468,45.81502060215002,46.009613037109375,21350700,0.0,0.0,-0.008319541429934962,0.01273083567563198,26373960.0,44.614343070983885,0,21,3,2022,0,WMT
2022-03-22 00:00:00-04:00,46.13083596070032,46.24567554730246,45.610861646591665,45.87244415283203,20235000,0.0,0.0,-0.002981309235674523,0.012396453195976424,26116665.0,44.73996143341064,0,22,3,2022,1,WMT
2022-03-23 00:00:00-04:00,45.6619003764668,45.85011141673816,45.14511677761636,45.28228759765625,19625400,0.0,0.0,-0.01286516482988287,0.012554607838027488,26046390.0,44.8583158493042,0,23,3,2022,2,WMT
2022-03-24 00:00:00-04:00,45.42265345242297,45.90753741625572,45.25996068139296,45.56301498413086,13440900,0.0,0.0,0.006199496566271945,0.01247687399309856,25132560.0,44.99896869659424,0,24,3,2022,3,WMT
2022-03-25 00:00:00-04:00,45.76078796386719,45.913908617351446,45.381175202931935,45.76078796386719,14085300,0.0,0.0,0.004340647338750836,0.012235719552801947,24586935.0,45.120116806030275,0,25,3,2022,4,WMT
2022-03-28 00:00:00-04:00,45.7767425863451,46.593389807598925,45.71294322006557,46.574249267578125,20105700,0.0,0.0,0.017776383229092252,0.012344756367368339,24277890.0,45.301321792602536,0,28,3,2022,0,WMT
2022-03-29 00:00:00-04:00,46.76565120393155,47.2441537543091,46.653998661811585,46.96662139892578,19934400,0.0,0.0,0.008424658207444313,0.012374855870921719,24073365.0,45.48895797729492,0,29,3,2022,1,WMT
2022-03-30 00:00:00-04:00,46.93471568438893,47.90767422811276,46.90600670104155,47.80878448486328,24991500,0.0,0.0,0.017931097891507264,0.012719723672255857,24129750.0,45.71600112915039,0,30,3,2022,2,WMT
2022-03-31 00:00:00-04:00,47.46426154988767,48.0225132738601,47.26966911318735,47.50572967529297,27163800,0.0,0.0,-0.006338893842119386,0.012227398446156423,23993685.0,45.878160095214845,0,31,3,2022,3,WMT
2022-04-01 00:00:00-04:00,47.74179038971269,48.255383291652315,47.480211542013045,48.17244338989258,20939700,0.0,0.0,0.014034385307976072,0.011403360962225165,23261850.0,46.017568016052245,0,1,4,2022,4,WMT
2022-04-04 00:00:00-04:00,48.14054650140116,48.871059469607715,47.875776940064505,48.1820182800293,25332600,0.0,0.0,0.00019876280842190397,0.011126576018435528,22234980.0,46.17572650909424,0,4,4,2022,0,WMT
2022-04-05 00:00:00-04:00,48.130968669668626,48.91252541873983,48.130968669668626,48.319183349609375,18657900,0.0,0.0,0.0028468103760803665,0.009575448652074527,21752595.0,46.38729686737061,0,5,4,2022,1,WMT
2022-04-06 00:00:00-04:00,48.17563297166067,49.57924082454749,48.009753171985594,49.44207000732422,28018500,0.0,0.0,0.023238941138352676,0.01044172819676651,22047375.0,46.643571853637695,0,6,4,2022,2,WMT
2022-04-07 00:00:00-04:00,49.47715767532028,50.25552006255005,49.26661541371757,49.936519622802734,27088200,0.0,0.0,0.010000584834034543,0.009700275058215293,22026150.0,46.87420253753662,0,7,4,2022,3,WMT
2022-04-08 00:00:00-04:00,50.054555858145655,50.533058400113866,49.83125442851484,50.21405792236328,23294400,0.0,0.0,0.005557822244260047,0.009475187486105653,22232760.0,47.12760772705078,0,8,4,2022,4,WMT
2022-04-11 00:00:00-04:00,50.0736975468005,50.4788286374281,49.008230596667794,49.218772888183594,24712800,0.0,0.0,-0.01982084450769772,0.010786048310386459,22336080.0,47.299788856506346,0,11,4,2022,0,WMT
2022-04-12 00:00:00-04:00,49.20281782784465,49.57285849730516,48.663703012997054,48.8806266784668,26761200,0.0,0.0,-0.006870269002541063,0.010845466515389344,22530510.0,47.427575492858885,0,12,4,2022,1,WMT
2022-04-13 00:00:00-04:00,48.95081208224304,50.33527950204523,48.91891239915938,50.153446197509766,29284500,0.0,0.0,0.026039345350776344,0.011927568405630187,22763940.0,47.625835227966306,0,13,4,2022,2,WMT
2022-04-14 00:00:00-04:00,50.118355981303864,50.49477808402828,49.901435945208604,50.108787536621094,22360500,0.0,0.0,-0.0008904405235246049,0.011968111268858042,22930815.0,47.81835308074951,0,14,4,2022,3,WMT
2022-04-18 00:00:00-04:00,50.00351117707787,50.395883080478285,49.51224953596767,49.72597885131836,14671800,0.0,0.0,-0.0076395519453142935,0.012251359010431185,22102740.0,47.98487186431885,0,18,4,2022,0,WMT
2022-04-19 00:00:00-04:00,49.977992358552456,50.38631777802454,49.77702217248071,50.29061508178711,15855000,0.0,0.0,0.011354954563227881,0.012036713279385563,21827955.0,48.19892196655273,0,19,4,2022,1,WMT
2022-04-20 00:00:00-04:00,50.513915634492804,51.15192021256542,50.49477509557533,50.922237396240234,19821600,0.0,0.0,0.012559446994750978,0.012028126297942343,21807285.0,48.45141162872314,0,20,4,2022,2,WMT
2022-04-21 00:00:00-04:00,51.014752026532584,51.28590298227516,50.743601070790014,50.998802185058594,18168300,0.0,0.0,0.001503562937005043,0.011292393814642225,21734430.0,48.73723735809326,0,21,4,2022,3,WMT
2022-04-22 00:00:00-04:00,51.120021475695054,51.155111855911294,49.97480537254754,50.038604736328125,21046200,0.0,0.0,-0.01882784315690822,0.012584508198212266,22114695.0,48.96101684570313,0,22,4,2022,4,WMT
2022-04-25 00:00:00-04:00,49.8822916057369,50.233195395456555,49.237909292759205,50.06412124633789,18057600,0.0,0.0,0.0005099364809275642,0.012620502655735909,22313310.0,49.17618350982666,0,25,4,2022,0,WMT
2022-04-26 00:00:00-04:00,49.88229008924529,50.44373248504365,49.509058724751654,49.540958404541016,19601100,0.0,0.0,-0.010449855680531805,0.012645259539686295,22288080.0,49.3245189666748,0,26,4,2022,1,WMT
2022-04-27 00:00:00-04:00,49.61432843825655,49.82805774700102,49.132635255720075,49.202816009521484,17496900,0.0,0.0,-0.00682551177670665,0.012770777923403667,22166205.0,49.43632869720459,0,27,4,2022,2,WMT
2022-04-28 00:00:00-04:00,49.518630328775004,50.076885712770675,49.158161733738886,49.83125305175781,14955900,0.0,0.0,0.012772379575077819,0.012489703652234252,21664425.0,49.537452125549315,0,28,4,2022,3,WMT
2022-04-29 00:00:00-04:00,49.70365276663496,49.83444218815619,48.71474440762377,48.8040657043457,21088800,0.0,0.0,-0.02061331563035773,0.013376559336801704,21360675.0,49.602368927001955,0,29,4,2022,4,WMT
2022-05-02 00:00:00-04:00,49.43250004015932,49.44207213517817,47.95233362013717,48.481876373291016,20016000,0.0,0.0,-0.006601690379783198,0.01314738965363017,21314490.0,49.61784057617187,0,2,5,2022,0,WMT
2022-05-03 00:00:00-04:00,48.6254254723935,49.21557685338668,48.41807390184108,48.650943756103516,17950500,0.0,0.0,0.0034872285369227374,0.013165262922152133,20945385.0,49.641286849975586,0,3,5,2022,1,WMT
2022-05-04 00:00:00-04:00,48.49783136379557,49.3878464594512,48.33195153936839,49.32404708862305,20022600,0.0,0.0,0.01383536023255627,0.01349070318464111,21013620.0,49.69153003692627,0,4,5,2022,2,WMT
2022-05-05 00:00:00-04:00,49.18956876802867,49.250401401705375,48.47240833195832,48.901424407958984,23234400,0.186667,0.0,-0.00856828880859506,0.012590219828891644,20774415.0,49.664497756958006,0,5,5,2022,3,WMT
2022-05-06 00:00:00-04:00,48.57165935043645,49.288819813433605,47.47030395028501,47.8833122253418,34258200,0.0,0.0,-0.020819683576568493,0.01311582610644725,21132915.0,49.561837387084964,0,6,5,2022,4,WMT
2022-05-09 00:00:00-04:00,47.53433797207026,49.01668232083041,47.4446919999239,48.44359588623047,28207200,0.0,0.0,0.011701021396597344,0.013371950443948741,21378555.0,49.47331428527832,0,9,5,2022,0,WMT
2022-05-10 00:00:00-04:00,48.48201670885716,48.75735557781971,47.563155489478,47.761653900146484,24861300,0.0,0.0,-0.014077030691229453,0.013019504923128743,21385980.0,49.400458335876465,0,10,5,2022,1,WMT
2022-05-11 00:00:00-04:00,47.8320912373285,48.264309668644636,47.034891609749685,47.26220703125,27878700,0.0,0.0,-0.010457068131280778,0.013122811217437838,21441855.0,49.31953735351563,0,11,5,2022,2,WMT
2022-05-12 00:00:00-04:00,47.339045963940904,48.07221435002231,46.91002980978701,47.217384338378906,25244400,0.0,0.0,-0.0009483834058248153,0.011406393907599708,21239850.0,49.17273426055908,0,12,5,2022,3,WMT
2022-05-13 00:00:00-04:00,47.291023200366084,47.505529448615825,46.78836887136902,47.39987564086914,19962300,0.0,0.0,0.003864917657920852,0.01150075232728151,21119940.0,49.037288665771484,0,13,5,2022,4,WMT
2022-05-16 00:00:00-04:00,47.82568364337281,47.93774203080911,46.890814635736994,47.45109558105469,21449100,0.0,0.0,0.0010805922904444376,0.011469362414742227,21458805.0,48.9235445022583,0,16,5,2022,0,WMT
2022-05-17 00:00:00-04:00,43.67960321023174,44.00296557233991,41.82586906757373,42.053184509277344,132940200,0.0,0.0,-0.11375735387514452,0.027105081276630805,27313065.0,48.51167297363281,0,17,5,2022,1,WMT
2022-05-18 00:00:00-04:00,40.990239163309504,41.067079612103555,38.909190085224616,39.19733810424805,104253000,0.0,0.0,-0.06791034824959019,0.02966147657533575,31534635.0,47.925428009033205,0,18,5,2022,2,WMT
2022-05-19 00:00:00-04:00,38.697889716817905,38.992438690866486,37.971122338673844,38.12159729003906,71008500,0.0,0.0,-0.027444231323769386,0.029645629801052613,34176645.0,47.28156776428223,0,19,5,2022,3,WMT
2022-05-20 00:00:00-04:00,38.30409117693184,38.68828246051522,37.54530817071942,38.1632194519043,49356000,0.0,0.0,0.0010918262828434333,0.029809145003763637,35592135.0,46.687798500061035,0,20,5,2022,4,WMT
2022-05-23 00:00:00-04:00,38.3937341337657,39.62635808449381,38.374527683625494,39.25177001953125,43680900,0.0,0.0,0.028523551819280124,0.03110756297001595,36873300.0,46.1471809387207,0,23,5,2022,0,WMT
2022-05-24 00:00:00-04:00,38.80674261274329,39.87608243076321,38.7651237519674,39.741615295410156,34584900,0.0,0.0,0.01247957163804747,0.03157148090650733,37622490.0,45.65721378326416,0,24,5,2022,1,WMT
2022-05-25 00:00:00-04:00,39.69999171328235,39.91450159602616,39.251769162028644,39.498291015625,27121800,0.0,0.0,-0.006122657017749833,0.03157612948624655,38103735.0,45.171987533569336,0,25,5,2022,2,WMT
2022-05-26 00:00:00-04:00,40.1161998637347,40.4683754892349,39.828055503970106,40.34031295776367,28197600,0.0,0.0,0.021317933522885246,0.03196199814656261,38765820.0,44.69744052886963,0,26,5,2022,3,WMT
2022-05-27 00:00:00-04:00,40.17703410660565,41.179136645742,40.119403766762666,41.134315490722656,25299900,0.0,0.0,0.01968260716743342,0.032522699904363975,38976375.0,44.31395301818848,0,27,5,2022,4,WMT
2022-05-31 00:00:00-04:00,40.80775066757431,41.58894239559833,40.794941482821386,41.18233871459961,36912300,0.0,0.0,0.0011674735146081083,0.03258639160492738,39821190.0,43.94897613525391,0,31,5,2022,1,WMT
2022-06-01 00:00:00-04:00,41.14071416108639,41.27518128271838,39.91770088227794,40.164222717285156,28534800,0.0,0.0,-0.024722151026200012,0.03269186022319961,40350405.0,43.52464008331299,0,1,6,2022,2,WMT
2022-06-02 00:00:00-04:00,40.20264739010806,40.830161915142405,39.80564690939055,40.823760986328125,23214300,0.0,0.0,0.016421039034800744,0.03279189511927421,40509990.0,43.099625778198245,0,2,6,2022,3,WMT
2022-06-03 00:00:00-04:00,40.554819076862934,40.794939986812494,40.048966216306056,40.12260437011719,18302700,0.0,0.0,-0.017175208733113956,0.032844095550168505,40263405.0,42.660684776306155,0,3,6,2022,4,WMT
2022-06-06 00:00:00-04:00,40.2826907507713,40.436368017927144,39.88889252468725,39.978538513183594,19855500,0.0,0.0,-0.003590640717253457,0.032752008999730985,39543270.0,42.26544609069824,0,6,6,2022,0,WMT
2022-06-07 00:00:00-04:00,38.816348467952324,39.536711242975315,38.70108778590137,39.498291015625,47707800,0.0,0.0,-0.012012632662902978,0.032411821356942226,40518300.0,41.818180847167966,0,7,6,2022,1,WMT
2022-06-08 00:00:00-04:00,39.171727574959256,39.67117955348988,39.043665031925826,39.15571975708008,22522800,0.0,0.0,-0.008673065333621777,0.03239531336247596,40401375.0,41.38788414001465,0,8,6,2022,2,WMT
2022-06-09 00:00:00-04:00,39.05966202090956,39.812040244505695,38.73629979265347,38.74590301513672,19880100,0.0,0.0,-0.010466331470493695,0.03239532995125692,40001445.0,40.96206893920898,0,9,6,2022,3,WMT
2022-06-10 00:00:00-04:00,38.339318316516405,39.29659995503852,38.20804978486971,38.96363067626953,25238100,0.0,0.0,0.005619372480433649,0.03251813737678204,40001130.0,40.549381256103516,0,10,6,2022,4,WMT
2022-06-13 00:00:00-04:00,38.33611111152858,38.816353017835766,38.1280057969348,38.2304573059082,24897900,0.0,0.0,-0.018816864795093702,0.03244012962969019,40247910.0,40.09091033935547,0,13,6,2022,0,WMT
2022-06-14 00:00:00-04:00,38.140813777901826,38.41935498086233,37.83345923117135,38.24646759033203,21544200,0.0,0.0,0.00041878349232704615,0.032428389874683085,40252665.0,39.63067893981933,0,14,6,2022,1,WMT
2022-06-15 00:00:00-04:00,38.409746934590196,38.550615002865754,37.74701079939933,38.220848083496094,25914000,0.0,0.0,-0.0006698528896931233,0.021407476637899898,34901355.0,39.43906211853027,0,15,6,2022,2,WMT
2022-06-16 00:00:00-04:00,37.89108761025526,38.98283628729292,37.85266737792511,38.617855072021484,30706800,0.0,0.0,0.010387184179118769,0.015574027547089218,31224045.0,39.410087966918944,0,16,6,2022,3,WMT
2022-06-17 00:00:00-04:00,38.42575581785673,38.701091033090364,37.769424257378844,37.87187576293945,36838800,0.0,0.0,-0.019316953458207275,0.014930259237102941,29515560.0,39.39760189056396,0,17,6,2022,4,WMT
2022-06-21 00:00:00-04:00,37.875076358467346,39.30939737189887,37.84946165125015,39.114097595214844,23916600,0.0,0.0,0.03280064182854647,0.016660527593192236,28243590.0,39.445145797729495,0,21,6,2022,1,WMT
2022-06-22 00:00:00-04:00,39.09168730026786,39.45987076427997,38.60824315427489,38.6402587890625,20235000,0.0,0.0,-0.0121142717149203,0.01561919658283373,27071295.0,39.41457023620605,0,22,6,2022,2,WMT
2022-06-23 00:00:00-04:00,38.97963372124505,39.68719106195675,38.80354770819951,39.578338623046875,18040800,0.0,0.0,0.02427726582022549,0.016347711580601023,26244090.0,39.40640640258789,0,23,6,2022,3,WMT
2022-06-24 00:00:00-04:00,39.728807057225474,40.11940291510215,39.43105580362246,39.610347747802734,31845900,0.0,0.0,0.0008087536230543257,0.0162862093279785,26480295.0,39.41200923919678,0,24,6,2022,4,WMT
2022-06-27 00:00:00-04:00,39.629562471408974,39.936920677602444,39.3126047027061,39.73841857910156,19889100,0.0,0.0,0.0032332670269457076,0.015540916156089069,26064870.0,39.38191452026367,0,27,6,2022,0,WMT
2022-06-28 00:00:00-04:00,39.911303287624754,40.20264999022553,39.15252020943512,39.17813491821289,15399000,0.0,0.0,-0.014099294358515979,0.015044079376893704,25569825.0,39.284105491638186,0,28,6,2022,1,WMT
2022-06-29 00:00:00-04:00,39.34461440939808,39.491890728648876,38.7299054176242,39.0340576171875,19111500,0.0,0.0,-0.0036774925944321746,0.015023856402472661,24679785.0,39.17669143676758,0,29,6,2022,2,WMT
2022-06-30 00:00:00-04:00,38.70108086981055,39.07887481930214,38.38412321069884,38.92519760131836,19166100,0.0,0.0,-0.0027888470354977546,0.014093328724095272,24211350.0,39.114740180969235,0,30,6,2022,3,WMT
2022-07-01 00:00:00-04:00,39.04046080557328,39.354216218867315,38.79073299667607,39.26137161254883,17460900,0.0,0.0,0.008636411166711211,0.01367442726931076,23923680.0,39.036620712280275,0,1,7,2022,4,WMT
2022-07-05 00:00:00-04:00,39.126907676709685,39.86327831471072,38.93481019202359,39.78003692626953,18218100,0.0,0.0,0.013210575494895016,0.01357100466775501,23919450.0,39.01949234008789,0,5,7,2022,1,WMT
2022-07-06 00:00:00-04:00,39.85366991233945,40.42996234451997,39.796043233889634,40.06177520751953,21300000,0.0,0.0,0.007082403713505547,0.013646162336600823,23991675.0,39.02365417480469,0,6,7,2022,2,WMT
2022-07-07 00:00:00-04:00,40.08098184910542,40.18983793178672,39.73840944861617,40.12260437011719,17487300,0.0,0.0,0.001518384102615622,0.013341250398044862,22480650.0,39.0548698425293,0,7,7,2022,3,WMT
2022-07-08 00:00:00-04:00,40.28269102864768,40.53562117621659,40.06818477807662,40.148223876953125,14751000,0.0,0.0,0.0006385305051388457,0.013151878679237188,22092060.0,39.10449504852295,0,8,7,2022,4,WMT
2022-07-11 00:00:00-04:00,40.026553299623025,40.44596614466971,39.89849077005133,40.164222717285156,11532900,0.0,0.0,0.00039849434886751745,0.012859953466313804,21674700.0,39.17541103363037,0,11,7,2022,0,WMT
2022-07-12 00:00:00-04:00,40.05537357725847,40.70209819800058,39.930509669546325,40.042564392089844,13732200,0.0,0.0,-0.003029022273172366,0.012872899398898211,21099405.0,39.22935771942139,0,12,7,2022,1,WMT
2022-07-13 00:00:00-04:00,39.84086338887202,40.48758800467506,39.67117832622928,40.138614654541016,12689100,0.0,0.0,0.0023987040767585732,0.0119569064982936,20488965.0,39.324765586853026,0,13,7,2022,2,WMT
2022-07-14 00:00:00-04:00,39.75122411194474,41.08309745925327,39.7448231822852,40.92301559448242,20905500,0.0,0.0,0.01954230226161191,0.01253204405410864,20457030.0,39.45859298706055,0,14,7,2022,3,WMT
2022-07-15 00:00:00-04:00,41.236767990029044,41.70740295303648,40.996647064099456,41.323211669921875,21184200,0.0,0.0,0.009779242062831095,0.012568485102513089,20220540.0,39.61371116638183,0,15,7,2022,4,WMT
2022-07-18 00:00:00-04:00,41.188744990829726,41.717014011843254,41.063884734912826,41.22716522216797,14243700,0.0,0.0,-0.0023242735468167464,0.012549044854706516,19397385.0,39.74417667388916,0,18,7,2022,0,WMT
2022-07-19 00:00:00-04:00,41.425666859853564,41.608157460803135,41.172740390197696,41.48009490966797,16995300,0.0,0.0,0.0061350249559239955,0.011364143792558613,18405210.0,39.924587631225585,0,19,7,2022,1,WMT
2022-07-20 00:00:00-04:00,41.784240213179245,42.04036893699005,41.46087792836525,41.82585906982422,18564900,0.0,0.0,0.008335664634066653,0.009300616611694892,18137625.0,40.06017570495605,0,20,7,2022,2,WMT
2022-07-21 00:00:00-04:00,41.83867292721253,42.440576411386985,41.78104258393514,42.437374114990234,18764700,0.0,0.0,0.01462050173662055,0.008864772422333782,18064110.0,40.25003147125244,0,21,7,2022,3,WMT
2022-07-22 00:00:00-04:00,42.4341717109148,42.70630828067277,42.01475881891766,42.32851791381836,13616400,0.0,0.0,-0.00256510218744721,0.00770664845083846,17842890.0,40.38754043579102,0,22,7,2022,4,WMT
2022-07-25 00:00:00-04:00,42.38614424400445,42.48539343892714,42.088392995282035,42.26768493652344,20535300,0.0,0.0,-0.0014371629410407927,0.007762442703521603,17277360.0,40.52040729522705,0,25,7,2022,0,WMT
2022-07-26 00:00:00-04:00,38.78113186349323,39.280583844268904,38.43855942980241,39.05326843261719,95391600,0.0,0.0,-0.0760490315174247,0.019363190288583042,21052485.0,40.48614978790283,0,26,7,2022,1,WMT
2022-07-27 00:00:00-04:00,38.81635074147492,40.58684329606111,38.749117171651186,40.529212951660156,42159600,0.0,0.0,0.037793111262622636,0.02088763837947679,22390515.0,40.553703689575194,0,27,7,2022,2,WMT
2022-07-28 00:00:00-04:00,40.42675930588887,41.78424348020213,40.42675930588887,41.54092025756836,33262200,0.0,0.0,0.02496242172565455,0.021458288049183774,23098050.0,40.67904682159424,0,28,7,2022,3,WMT
2022-07-29 00:00:00-04:00,41.083097733385564,42.344531551215056,40.98384485147137,42.27729797363281,30141900,0.0,0.0,0.017726562423235892,0.021639329488512604,23646840.0,40.84665184020996,0,29,7,2022,4,WMT
2022-08-01 00:00:00-04:00,41.96033251618313,42.97524058765707,41.94112240268506,42.43416976928711,24996300,0.0,0.0,0.0037105445043372765,0.021616218945366267,24023610.0,41.00529174804687,0,1,8,2022,0,WMT
2022-08-02 00:00:00-04:00,42.62946741539194,42.80875937189294,42.06918646324694,42.4789924621582,19695000,0.0,0.0,0.0010562877302606744,0.021517896018193067,24097455.0,41.140239524841306,0,2,8,2022,1,WMT
2022-08-03 00:00:00-04:00,42.31250778048456,42.56223192581192,41.57613720144707,41.78104019165039,32003100,0.0,0.0,-0.016430527892806635,0.021950682605970915,24632610.0,41.22620277404785,0,3,8,2022,2,WMT
2022-08-04 00:00:00-04:00,41.83547127461491,41.877090136549036,40.12581136791086,40.2026481628418,53106000,0.0,0.0,-0.037777710214213944,0.023715736863657747,26413545.0,41.23020496368408,0,4,8,2022,3,WMT
2022-08-05 00:00:00-04:00,40.18343996369361,40.59965058660433,40.05857970798433,40.5260124206543,32007000,0.0,0.0,0.008043357156541253,0.023777799726494065,27276345.0,41.24909439086914,0,5,8,2022,4,WMT
2022-08-08 00:00:00-04:00,40.548423230340724,41.04787522530333,40.53561770840701,40.855777740478516,18175200,0.0,0.0,0.00813712724561455,0.023834769831979803,27608460.0,41.283672142028806,0,8,8,2022,0,WMT
2022-08-09 00:00:00-04:00,40.94542666537831,41.291201430128815,40.72771445708056,41.259185791015625,19325100,0.0,0.0,0.009873953522549828,0.023890790526842128,27888105.0,41.344503211975095,0,9,8,2022,1,WMT
2022-08-10 00:00:00-04:00,41.62096189081786,41.668985346233214,41.105502075325866,41.34562301635742,25251000,0.0,0.0,0.0020949813643831305,0.0238904707696612,28516200.0,41.404853630065915,0,10,8,2022,2,WMT
2022-08-11 00:00:00-04:00,41.7057704992993,41.92121466193917,41.35206098082185,41.74435806274414,23854500,0.186667,0.0,0.009643948193233554,0.023603536499193323,28663650.0,41.445920753479,0,11,8,2022,3,WMT
2022-08-12 00:00:00-04:00,41.80222394609457,42.71544183739512,41.744346297152646,42.51607894897461,26625000,0.0,0.0,0.018486830844794078,0.023847867191618067,28935690.0,41.50556411743164,0,12,8,2022,4,WMT
2022-08-15 00:00:00-04:00,42.32636580842358,42.950184484545176,42.23954564545911,42.638275146484375,26516100,0.0,0.0,0.002874117287636535,0.023829999065584057,29549310.0,41.576119613647464,0,15,8,2022,0,WMT
2022-08-16 00:00:00-04:00,44.6640744493241,45.31683195907641,44.43576902909148,44.815208435058594,91773300,0.0,0.0,0.05105584785255357,0.02623921222683547,33288210.0,41.742875289916995,0,16,8,2022,1,WMT
2022-08-17 00:00:00-04:00,44.557964718466465,45.89242237196027,44.50329962057783,44.86344528198242,41792100,0.0,0.0,0.0010763499403050325,0.026229313188715922,34449570.0,41.894754600524905,0,17,8,2022,2,WMT
2022-08-18 00:00:00-04:00,44.866660270013064,45.15284706856816,44.53546078121846,44.718746185302734,19197600,0.0,0.0,-0.0032253228830332326,0.026146861018914728,34471215.0,42.008823204040525,0,18,8,2022,3,WMT
2022-08-19 00:00:00-04:00,44.67050865186186,44.718741260265425,44.0241799235353,44.05955123901367,22918800,0.0,0.0,-0.014740908512003714,0.026422388283976982,34936335.0,42.09537487030029,0,19,8,2022,4,WMT
2022-08-22 00:00:00-04:00,43.79587333283338,43.963081162112516,43.229932347743876,43.27173614501953,18667200,0.0,0.0,-0.017880688110516907,0.026799373717777256,34842930.0,42.1455774307251,0,22,8,2022,0,WMT
2022-08-23 00:00:00-04:00,43.28459804338776,43.39714446537754,42.834419715252224,43.08845138549805,16955100,0.0,0.0,-0.004235669188479729,0.019740437922235596,30921105.0,42.34733657836914,0,23,8,2022,1,WMT
2022-08-24 00:00:00-04:00,43.20099732665546,43.50326162303199,42.95983061014647,43.40036392211914,15766500,0.0,0.0,0.0072388894609025645,0.018200372463344053,29601450.0,42.49089412689209,0,24,8,2022,2,WMT
2022-08-25 00:00:00-04:00,43.50004425433489,43.7283496723004,43.419652897637306,43.689762115478516,19414500,0.0,0.0,0.00666810522323491,0.017516274086052837,28909065.0,42.5983362197876,0,25,8,2022,3,WMT
2022-08-26 00:00:00-04:00,43.76694365900951,43.99846537350843,42.28778798500971,42.31673049926758,21331800,0.0,0.0,-0.03142685035871362,0.01870076024941893,28468560.0,42.600307846069335,0,26,8,2022,4,WMT
2022-08-29 00:00:00-04:00,42.06911953836152,43.04664762550656,41.99194442836786,42.72830581665039,17381700,0.0,0.0,0.009726066086082286,0.01880805672414097,28087830.0,42.6150146484375,0,29,8,2022,0,WMT
2022-08-30 00:00:00-04:00,42.87622752020137,42.9759089799116,42.36173900565295,42.59968948364258,14468100,0.0,0.0,-0.0030100967157394853,0.018823846149957232,27826485.0,42.62104949951172,0,30,8,2022,1,WMT
2022-08-31 00:00:00-04:00,42.6961552071119,43.02092953569446,42.42283341050724,42.62220001220703,22460700,0.0,0.0,0.0005284200151998153,0.018407439195462578,27349365.0,42.66310749053955,0,31,8,2022,2,WMT
2022-09-01 00:00:00-04:00,42.61898672640473,43.455029710509805,42.57396667777806,43.24280548095703,21741900,0.0,0.0,0.01456061556119237,0.01616455921228812,25781160.0,42.81511535644531,0,1,9,2022,3,WMT
2022-09-02 00:00:00-04:00,43.36177900850449,43.625452083227444,42.58682996126463,42.76689910888672,17234400,0.0,0.0,-0.011005446265041408,0.01645831349143119,25042530.0,42.92715969085693,0,2,9,2022,4,WMT
2022-09-06 00:00:00-04:00,42.78297398489517,42.96626304436365,42.03375125100376,42.55467224121094,21899700,0.0,0.0,-0.0049624095292819526,0.016496271495777235,25228755.0,43.01210441589355,0,6,9,2022,1,WMT
2022-09-07 00:00:00-04:00,42.78618399491128,43.72191189508692,42.683286309113306,43.647953033447266,17058900,0.0,0.0,0.025691204623532915,0.017247262376639268,25115445.0,43.13154277801514,0,7,9,2022,2,WMT
2022-09-08 00:00:00-04:00,43.538635542009224,44.01132399375425,43.37142767386969,43.86983871459961,16956000,0.0,0.0,0.00508353005654838,0.01725233811492327,24700695.0,43.25775356292725,0,8,9,2022,3,WMT
2022-09-09 00:00:00-04:00,43.82802671440261,44.21389120403241,43.773361627727894,44.00166702270508,16140600,0.0,0.0,0.003004987298063533,0.017183681825687535,24315000.0,43.370619010925296,0,9,9,2022,4,WMT
2022-09-12 00:00:00-04:00,44.07884444413859,44.45506393666231,44.043473129121004,44.397186279296875,14284500,0.0,0.0,0.008988733458387133,0.01685471175033897,23697975.0,43.464674377441405,0,12,9,2022,0,WMT
2022-09-13 00:00:00-04:00,44.00810082796503,44.358597727119495,43.348914509983814,43.480751037597656,17687400,0.0,0.0,-0.02064174148185982,0.017615649813094672,23256540.0,43.50679817199707,0,13,9,2022,1,WMT
2022-09-14 00:00:00-04:00,43.612594243717496,43.90199360811253,43.120615692237195,43.3842887878418,19934700,0.0,0.0,-0.0022185046820476506,0.013123018878618593,19664610.0,43.43525218963623,0,14,9,2022,2,WMT
2022-09-15 00:00:00-04:00,43.42608579511324,43.45824086613209,42.757250750150014,42.91802978515625,20189400,0.0,0.0,-0.010747185575996188,0.013264552726709376,18584475.0,43.337981414794925,0,15,9,2022,3,WMT
2022-09-16 00:00:00-04:00,42.44534709476969,43.265312555317294,42.213825400545815,42.827999114990234,41874300,0.0,0.0,-0.0020977353950473177,0.013262049217527066,19718310.0,43.2434440612793,0,16,9,2022,4,WMT
2022-09-19 00:00:00-04:00,42.70901895659964,43.332833970081374,42.59647252597932,43.1945686340332,16853100,0.0,0.0,0.008559109148637889,0.013113306241467889,19415025.0,43.200194931030275,0,19,9,2022,0,WMT
2022-09-20 00:00:00-04:00,42.921242267182926,43.04986623092714,42.618981656247605,42.94375228881836,13963500,0.0,0.0,-0.005806663966015924,0.012556971219809528,19179840.0,43.18379573822021,0,20,9,2022,1,WMT
2022-09-21 00:00:00-04:00,43.551492247649314,44.19781725211137,43.28781552109713,43.3360481262207,24903600,0.0,0.0,0.009135108519720214,0.012691901965879321,19577265.0,43.19617557525635,0,21,9,2022,2,WMT
2022-09-22 00:00:00-04:00,43.271743040647344,43.31997565140499,42.715450695470444,42.89230728149414,16744500,0.0,0.0,-0.010239531842731076,0.012794897048783312,19626165.0,43.1707727432251,0,22,9,2022,3,WMT
2022-09-23 00:00:00-04:00,42.725098586476555,42.82478004940048,41.406718505519066,41.82152557373047,27195300,0.0,0.0,-0.02496442312455549,0.013778145654604392,20015205.0,43.07736091613769,0,23,9,2022,4,WMT
2022-09-26 00:00:00-04:00,41.400287180768764,42.49035807984963,41.245940630815866,42.22346878051758,23011200,0.0,0.0,0.009610916896814148,0.012137675373320339,20099175.0,43.0726978302002,0,26,9,2022,0,WMT
2022-09-27 00:00:00-04:00,42.51930261145474,42.90516716474478,41.89870013900032,42.10771179199219,17171700,0.0,0.0,-0.002741531945826381,0.011928038599135117,20088675.0,43.04166812896729,0,27,9,2022,1,WMT
2022-09-28 00:00:00-04:00,42.25562915690629,42.97591314711719,41.71220176069304,42.80227279663086,16838400,0.0,0.0,0.016494864600330894,0.012509301664210597,20207190.0,43.0517972946167,0,28,9,2022,2,WMT
2022-09-29 00:00:00-04:00,42.927668188997735,43.127034750328065,42.3263596222432,42.52572250366211,15241500,0.0,0.0,-0.006461112340523156,0.012600229945535389,19846230.0,43.046973419189456,0,29,9,2022,3,WMT
2022-09-30 00:00:00-04:00,42.522521467710405,42.56110534947184,41.70576858520508,41.70576858520508,19602300,0.0,0.0,-0.019281363612021374,0.012807240981621821,19739250.0,42.97012157440186,0,30,9,2022,4,WMT
2022-10-03 00:00:00-04:00,41.87940320296804,42.69936853683314,41.805444333197464,42.61576461791992,17574900,0.0,0.0,0.021819428428844656,0.013632678278314811,19756275.0,42.962564849853514,0,3,10,2022,0,WMT
2022-10-04 00:00:00-04:00,43.043438396153206,43.47432301739522,42.88587926741489,43.168846130371094,16134300,0.0,0.0,0.012978331314947189,0.013883063806414785,19468005.0,42.99327354431152,0,4,10,2022,1,WMT
2022-10-05 00:00:00-04:00,43.01127448953057,43.28781248876169,42.60932878183352,42.74116897583008,14553900,0.0,0.0,-0.009907078666161695,0.01276168145512846,19342755.0,42.94793434143067,0,5,10,2022,2,WMT
2022-10-06 00:00:00-04:00,42.79262374530771,43.24280211708027,42.31029030125313,42.342445373535156,14200500,0.0,0.0,-0.00932879497330541,0.01280859560780407,19204980.0,42.87156467437744,0,6,10,2022,3,WMT
2022-10-07 00:00:00-04:00,42.223470655081954,42.332797166207264,41.18162863671195,41.33919143676758,17080500,0.0,0.0,-0.02369381191655573,0.013656515449259202,19251975.0,42.738440895080565,0,7,10,2022,4,WMT
2022-10-10 00:00:00-04:00,41.6510949521354,41.7797189047233,41.24914924019883,41.58356857299805,11411700,0.0,0.0,0.005911512241459027,0.013530769295658574,19108335.0,42.59776000976562,0,10,10,2022,0,WMT
2022-10-11 00:00:00-04:00,41.64466616045008,43.02414005075074,41.62858862493946,42.66078186035156,21276000,0.0,0.0,0.025904782208927557,0.0143478036042145,19287765.0,42.55676155090332,0,11,10,2022,1,WMT
2022-10-12 00:00:00-04:00,42.77010745573945,43.33604474078421,42.114133773550584,42.178443908691406,16947600,0.0,0.0,-0.011306355172745586,0.014535973598387446,19138410.0,42.4964693069458,0,12,10,2022,2,WMT
2022-10-13 00:00:00-04:00,41.57070693116044,42.74759787185264,41.278091397395535,42.53537368774414,20545500,0.0,0.0,0.008462374283542129,0.01451407777480256,19156215.0,42.4773365020752,0,13,10,2022,3,WMT
2022-10-14 00:00:00-04:00,42.586830934733676,42.83764272176942,41.818310676680674,41.94050216674805,16641000,0.0,0.0,-0.013985336660331193,0.014829504344342439,17894550.0,42.43296165466309,0,14,10,2022,4,WMT
2022-10-17 00:00:00-04:00,42.110923308266536,42.71223566603039,41.99194806996844,42.24276351928711,17812500,0.0,0.0,0.0072069082849157695,0.014786928881094917,17942520.0,42.385371398925784,0,17,10,2022,0,WMT
2022-10-18 00:00:00-04:00,42.90516321629683,43.4421617141184,42.87300814647449,43.13346862792969,16842300,0.0,0.0,0.021085389175258484,0.015531680778507268,18086460.0,42.394857215881345,0,18,10,2022,1,WMT
2022-10-19 00:00:00-04:00,43.19456529110521,43.3231855676747,42.75724825496302,43.01127624511719,11339400,0.0,0.0,-0.002832890252034592,0.015404820413072635,17408250.0,42.37861862182617,0,19,10,2022,2,WMT
2022-10-20 00:00:00-04:00,43.08201836732815,43.53862549570728,42.97590443244739,43.11738967895508,12754800,0.0,0.0,0.0024671073053763592,0.015232791023622594,17208765.0,42.38987274169922,0,20,10,2022,3,WMT
2022-10-21 00:00:00-04:00,43.348907611341005,44.18495036739741,43.088447160746945,43.988800048828125,18134700,0.0,0.0,0.020210183788059055,0.014614893926865512,16755735.0,42.4982364654541,0,21,10,2022,4,WMT
2022-10-24 00:00:00-04:00,44.197816638951785,45.17213217652593,44.09491894415091,44.828067779541016,18806700,0.0,0.0,0.019079123089997818,0.015001144982293727,16545510.0,42.62846641540527,0,24,10,2022,0,WMT
2022-10-25 00:00:00-04:00,44.72516516212296,45.159262234346436,44.47756600129861,45.040287017822266,15051300,0.0,0.0,0.004734070612298469,0.014940837760875614,16439490.0,42.77509517669678,0,25,10,2022,1,WMT
2022-10-26 00:00:00-04:00,45.13354948892806,45.67376428485405,44.95990915023443,45.384361267089844,20754300,0.0,0.0,0.007639255254555222,0.014663412854804946,16635285.0,42.90419960021973,0,26,10,2022,2,WMT
2022-10-27 00:00:00-04:00,45.34255792113262,45.69305481689993,45.111036259359935,45.25252151489258,16602900,0.0,0.0,-0.002904959957933051,0.01456342192596266,16703355.0,43.04053955078125,0,27,10,2022,3,WMT
2022-10-28 00:00:00-04:00,45.03386363968294,45.95029417362822,45.03064739670334,45.82489013671875,13648200,0.0,0.0,0.012648325500222324,0.013691780884692811,16405650.0,43.24649562835693,0,28,10,2022,4,WMT
2022-10-31 00:00:00-04:00,45.77022597815254,46.00496020167882,45.586940603612284,45.76700973510742,22572000,0.0,0.0,-0.0012630778041942126,0.01314439087951097,16655505.0,43.40405788421631,0,31,10,2022,0,WMT
2022-11-01 00:00:00-04:00,45.97280908904258,46.15931072268465,45.50012435824949,45.56121826171875,14814300,0.0,0.0,-0.004496502493384735,0.013072647325224571,16589505.0,43.52367649078369,0,1,11,2022,1,WMT
2022-11-02 00:00:00-04:00,45.390797269800004,46.16574636736575,45.242883186079325,45.25896072387695,15522000,0.0,0.0,-0.0066340969222009605,0.012925099606250545,16637910.0,43.649566078186034,0,2,11,2022,2,WMT
2022-11-03 00:00:00-04:00,44.86022494839739,45.56764755323498,44.72195593454397,45.249305725097656,10976400,0.0,0.0,-0.00021332789407613184,0.012626782896075415,16476705.0,43.79490909576416,0,3,11,2022,3,WMT
2022-11-04 00:00:00-04:00,45.67054866542823,45.7284263258419,44.62870661903471,45.3297004699707,14669400,0.0,0.0,0.0017767067048821694,0.01091920758291268,16356150.0,43.99443454742432,0,4,11,2022,4,WMT
2022-11-07 00:00:00-05:00,45.422943449464235,45.97280323026247,45.422943449464235,45.80559539794922,11364000,0.0,0.0,0.010498523551766725,0.010994472723526483,16353765.0,44.205535888671875,0,7,11,2022,0,WMT
2022-11-08 00:00:00-05:00,45.847405859654245,46.32652308566969,45.5033377363711,45.91493225097656,15068400,0.0,0.0,0.002386975915877665,0.009825663080518505,16043385.0,44.36824340820313,0,8,11,2022,1,WMT
2022-11-09 00:00:00-05:00,45.90528222036212,46.03390619251603,44.763758727156045,44.84736633300781,15932100,0.0,0.0,-0.02325095269951194,0.011071599303767476,15992610.0,44.50168952941895,0,9,11,2022,2,WMT
2022-11-10 00:00:00-05:00,45.82488207156715,45.882759715366056,45.17855350315999,45.776649475097656,20310600,0.0,0.0,0.020721019272114782,0.011703586991684334,15980865.0,44.66375331878662,0,10,11,2022,3,WMT
2022-11-11 00:00:00-05:00,45.87633949259628,46.02104098898548,45.01457036011528,45.8474006652832,19270800,0.0,0.0,0.0015455738022949195,0.010956757099997582,16112355.0,44.859098243713376,0,11,11,2022,4,WMT
2022-11-14 00:00:00-05:00,45.54513457247695,46.08534930031975,44.46149255381557,44.50008010864258,37525800,0.0,0.0,-0.029387065288105862,0.013291243509448837,17098020.0,44.971964073181155,0,14,11,2022,0,WMT
2022-11-15 00:00:00-05:00,46.821708940508344,48.32015791793958,46.480860805365914,47.41015625,76548600,0.0,0.0,0.06539485174527226,0.01899000571927123,20083335.0,45.185798454284665,0,15,11,2022,1,WMT
2022-11-16 00:00:00-05:00,47.55164429502805,48.297654482631266,47.30726501004326,47.75101089477539,32593200,0.0,0.0,0.007189485792411743,0.018907097902014048,21146025.0,45.42278518676758,0,16,11,2022,2,WMT
2022-11-17 00:00:00-05:00,47.27189468338489,47.824970769221736,47.17542578474347,47.590232849121094,24791400,0.0,0.0,-0.00336700820865532,0.018999622970758037,21747855.0,45.64642734527588,0,17,11,2022,3,WMT
2022-11-18 00:00:00-05:00,48.12722775706257,48.31051681065702,47.837828442859454,48.30730056762695,18987000,0.0,0.0,0.015067539610054803,0.018818520514078948,21790470.0,45.86235237121582,0,18,11,2022,4,WMT
2022-11-21 00:00:00-05:00,48.429489889010775,48.921468333279314,48.29443344713947,48.603126525878906,21157200,0.0,0.0,0.006123835419820534,0.01852391537189112,21907995.0,46.05110530853271,0,21,11,2022,0,WMT
2022-11-22 00:00:00-05:00,48.87645286246573,49.02115067580891,48.593482361846796,48.77676773071289,16898400,0.0,0.0,0.0035726344629605222,0.01852400800210446,22000350.0,46.237929344177246,0,22,11,2022,1,WMT
2022-11-23 00:00:00-05:00,48.902178753578475,49.31698580372463,48.83786860996539,49.01150894165039,16920600,0.0,0.0,0.00481256183750145,0.01850677919373697,21808665.0,46.41928672790527,0,23,11,2022,2,WMT
2022-11-25 00:00:00-05:00,48.91504316098698,49.22694882587102,48.83143555936161,49.22052001953125,8777400,0.0,0.0,0.00426453056423326,0.018435063266231344,21417390.0,46.617686653137206,0,25,11,2022,4,WMT
2022-11-28 00:00:00-05:00,49.10797151418861,49.72535769143689,49.10797151418861,49.36199951171875,17674800,0.0,0.0,0.0028744005981928833,0.01833331739290398,21618720.0,46.794542121887204,0,28,11,2022,0,WMT
2022-11-29 00:00:00-05:00,49.20765221940491,49.426312580457086,49.05330567743905,49.18836212158203,13841700,0.0,0.0,-0.003517632832022888,0.018373498250994293,21182205.0,46.96560974121094,0,29,11,2022,1,WMT
2022-11-30 00:00:00-05:00,49.0726028421004,49.12405169297329,48.61921191373365,49.01150894165039,31338000,0.0,0.0,-0.0035954272983210744,0.018353259569825416,22008390.0,47.13812427520752,0,30,11,2022,2,WMT
2022-12-01 00:00:00-05:00,48.892533981849006,49.394161200688316,48.46807819980153,49.316986083984375,22732200,0.0,0.0,0.0062327634657741715,0.01819258407515438,22368900.0,47.34102554321289,0,1,12,2022,3,WMT
2022-12-02 00:00:00-05:00,48.70924450020835,49.275185538065124,48.70924450020835,49.26875305175781,20733000,0.0,0.0,-0.0009780206792122659,0.018203715171882805,22856730.0,47.5419979095459,0,2,12,2022,4,WMT
2022-12-05 00:00:00-05:00,49.117617683762184,49.19800535476345,48.397330167926356,48.7639045715332,23608200,0.0,0.0,-0.010246828851021572,0.01849180266050482,23303670.0,47.713708114624026,0,5,12,2022,0,WMT
2022-12-06 00:00:00-05:00,48.61921856750965,48.847520344562724,47.979322247232695,48.19797897338867,20625600,0.0,0.0,-0.011605420097448471,0.018730458597538673,23766750.0,47.833327293395996,0,6,12,2022,1,WMT
2022-12-07 00:00:00-05:00,48.39412476894713,48.62242652436929,47.85390997207852,47.94716262817383,17550300,0.0,0.0,-0.005203876813036579,0.018814110412381225,23890845.0,47.93493881225586,0,7,12,2022,2,WMT
2022-12-08 00:00:00-05:00,48.14404492770106,48.182774255377325,47.81482163285526,48.021392822265625,13512600,0.186667,0.0,0.0015481665655054933,0.017830789606994052,23769870.0,48.09364013671875,0,8,12,2022,3,WMT
2022-12-09 00:00:00-05:00,47.59856987414288,47.67926429216774,46.872342274626696,46.90139389038086,27929400,0.0,0.0,-0.023322916434974084,0.018314626235558847,24150810.0,48.14987735748291,0,9,12,2022,4,WMT
2022-12-12 00:00:00-05:00,47.09181887786147,47.801911960223805,46.982080241865305,47.77608871459961,19432200,0.0,0.0,0.01864965519496309,0.018718144382607233,24158880.0,48.24631175994873,0,12,12,2022,0,WMT
2022-12-13 00:00:00-05:00,48.41517681001356,48.47972939408429,47.36295417576438,47.60503005981445,23408100,0.0,0.0,-0.003580424002622151,0.017256691636429684,23452995.0,48.40155925750732,0,13,12,2022,1,WMT
2022-12-14 00:00:00-05:00,47.47591298534885,47.940698159070735,47.11118503838533,47.34035110473633,20334600,0.0,0.0,-0.0055598947158643774,0.009346192293399058,20642295.0,48.39806900024414,0,14,12,2022,2,WMT
2022-12-15 00:00:00-05:00,46.98854701261151,47.259670833759316,46.359148206335504,46.917537689208984,17514000,0.0,0.0,-0.008931353605551196,0.009385673395831455,19888335.0,48.35639533996582,0,15,12,2022,3,WMT
2022-12-16 00:00:00-05:00,46.63349315595158,46.710959203558986,46.01700791784452,46.075103759765625,40343100,0.0,0.0,-0.017955629620288405,0.010129941139559609,20665920.0,48.28063888549805,0,16,12,2022,4,WMT
2022-12-19 00:00:00-05:00,46.15902087105929,46.33654414439961,45.74587848494675,46.09123992919922,15067500,0.0,0.0,0.00035021450017191924,0.009363477698055348,20469945.0,48.16983585357666,0,19,12,2022,0,WMT
2022-12-20 00:00:00-05:00,46.12998478073588,46.68514592788402,45.91373212358074,46.494712829589844,17009400,0.0,0.0,0.008753787075600483,0.00950544721544974,20262555.0,48.06441516876221,0,20,12,2022,1,WMT
2022-12-21 00:00:00-05:00,46.58184790607189,47.10473261857379,46.562481395188385,46.85942840576172,13726500,0.0,0.0,0.007844237634257789,0.00968756207275068,20103960.0,47.96854820251465,0,21,12,2022,2,WMT
2022-12-22 00:00:00-05:00,46.72709693350812,46.79487787767135,45.81043630972726,46.310726165771484,13082400,0.0,0.0,-0.011709537624722044,0.009783766270199345,19912050.0,47.833509063720705,0,22,12,2022,3,WMT
2022-12-23 00:00:00-05:00,46.1719442269189,46.414020126474526,45.923411591028696,46.404335021972656,9547500,0.0,0.0,0.002021321278057542,0.009711293563697041,19950555.0,47.69269981384277,0,23,12,2022,4,WMT
2022-12-27 00:00:00-05:00,46.491474128387665,46.62381134293966,46.21712198409328,46.417240142822266,10044600,0.0,0.0,0.0002781016222621613,0.009647231309712899,19569045.0,47.54546184539795,0,27,12,2022,1,WMT
2022-12-28 00:00:00-05:00,46.307495414769576,46.37204798802457,45.481210656996154,45.60386276245117,15246300,0.0,0.0,-0.017523174102303196,0.010178457011471374,19639275.0,47.36623687744141,0,28,12,2022,2,WMT
2022-12-29 00:00:00-05:00,45.87821453537412,46.16224807175521,45.75233406347957,45.881439208984375,9171900,0.0,0.0,0.006086687173388894,0.010412586442854017,18530970.0,47.209733390808104,0,29,12,2022,3,WMT
2022-12-30 00:00:00-05:00,45.69101716664227,45.82980743653069,45.44894128631523,45.76525115966797,11505900,0.0,0.0,-0.0025323540699581093,0.010174523446419172,17969655.0,47.03214664459229,0,30,12,2022,4,WMT
2023-01-03 00:00:00-05:00,46.010555963681405,46.384965382597755,45.86208428205177,46.349464416503906,17249700,0.0,0.0,0.012765433206030297,0.01081088339380972,17795490.0,46.88618221282959,0,3,1,2023,1,WMT
2023-01-04 00:00:00-05:00,46.29136531853557,46.49470817590752,45.85562798574932,46.40110397338867,13338300,0.0,0.0,0.001114134921187615,0.0107076987288717,17281995.0,46.768042182922365,0,4,1,2023,2,WMT
2023-01-05 00:00:00-05:00,46.30427083560833,46.52052345121836,46.04282845999534,46.24294662475586,13274400,0.0,0.0,-0.0034084824517002232,0.010492552724781355,16914435.0,46.670290565490724,0,5,1,2023,3,WMT
2023-01-06 00:00:00-05:00,46.67222937858319,47.62439473194123,46.556033992992724,47.37586212158203,21231900,0.0,0.0,0.02449920646319015,0.01200996819047163,17098515.0,46.64172554016113,0,6,1,2023,4,WMT
2023-01-09 00:00:00-05:00,47.22738842694195,47.72444993263371,46.736779962861014,46.785194396972656,17756700,0.0,0.0,-0.012467693423573567,0.01228798502710643,17310720.0,46.579915618896486,0,9,1,2023,0,WMT
2023-01-10 00:00:00-05:00,46.78196884756002,46.94658236599789,46.39142128965687,46.75614929199219,11970600,0.0,0.0,-0.000620818302773718,0.011134268910148603,16512780.0,46.57265338897705,0,10,1,2023,1,WMT
2023-01-11 00:00:00-05:00,47.04018080457047,47.18219573036945,46.71418217551449,47.16605758666992,14834700,0.0,0.0,0.008766938699717564,0.010457254150267615,16282905.0,46.542151832580565,0,11,1,2023,2,WMT
2023-01-12 00:00:00-05:00,47.256437336752825,47.259665704518014,46.60444741200039,46.74000930786133,12472800,0.0,0.0,-0.009032942344729733,0.010609276463063947,15736140.0,46.49890079498291,0,12,1,2023,3,WMT
2023-01-13 00:00:00-05:00,46.972397961868495,47.066002153926966,46.433378770426785,46.894935607910156,13699800,0.0,0.0,0.003314639905789951,0.010588061286708653,15404400.0,46.4766300201416,0,13,1,2023,4,WMT
2023-01-17 00:00:00-05:00,46.89493814427973,47.030500041377195,46.54311993035752,46.61090087890625,15122400,0.0,0.0,-0.006056831624180692,0.010485447874955553,15284820.0,46.46129817962647,0,17,1,2023,1,WMT
2023-01-18 00:00:00-05:00,46.54312477695165,46.55926292382066,45.342430397243156,45.45862579345703,22674300,0.0,0.0,-0.024721150282909,0.011172475762206133,14401380.0,46.430474281311035,0,18,1,2023,2,WMT
2023-01-19 00:00:00-05:00,45.63614509676459,45.68133116527428,44.796946758102514,44.80986022949219,17342100,0.0,0.0,-0.01427156128547602,0.011577137281781788,14515110.0,46.36640529632568,0,19,1,2023,3,WMT
2023-01-20 00:00:00-05:00,44.99383714817209,45.43925587848455,44.59683285484406,45.361793518066406,29543100,0.0,0.0,0.012317228523979207,0.011766607854835428,15141795.0,46.309759330749515,0,20,1,2023,4,WMT
2023-01-23 00:00:00-05:00,45.33596390175445,46.15902029625418,45.252044817343396,46.03959655761719,13149900,0.0,0.0,0.014942156978004606,0.012153382153896788,15112965.0,46.268767738342284,0,23,1,2023,0,WMT
2023-01-24 00:00:00-05:00,47.301624388534705,47.301624388534705,45.510264395174694,46.162254333496094,13669200,0.0,0.0,0.0026641800765001555,0.01189733428378122,15142305.0,46.26134414672852,0,24,1,2023,1,WMT
2023-01-25 00:00:00-05:00,45.91049562187028,46.10415705415974,45.31337318012649,45.942771911621094,12491700,0.0,0.0,-0.00475458629661718,0.011930380746892134,15289515.0,46.23826599121094,0,25,1,2023,2,WMT
2023-01-26 00:00:00-05:00,46.16548098735723,46.39787544345918,45.755566938696994,45.90081024169922,15819000,0.0,0.0,-0.0009133464999150354,0.011929622744338755,15578235.0,46.21244449615479,0,26,1,2023,3,WMT
2023-01-27 00:00:00-05:00,46.02669060632653,46.63026608453834,45.75233845202885,46.252628326416016,18412800,0.0,0.0,0.007664746719376669,0.011352562493928268,15736560.0,46.24488277435303,0,27,1,2023,4,WMT
2023-01-30 00:00:00-05:00,45.8717578005852,45.97827176189718,45.59740567260329,45.881439208984375,15897600,0.0,0.0,-0.008025254582551877,0.011442768682725172,16072845.0,46.24488277435303,0,30,1,2023,0,WMT
2023-01-31 00:00:00-05:00,45.9363138033003,46.43983203469088,45.72328955855449,46.436607360839844,14103600,0.0,0.0,0.012100059663053386,0.011732266900115666,16202730.0,46.27845058441162,0,31,1,2023,1,WMT
2023-02-01 00:00:00-05:00,46.368821647625765,46.99822034572889,46.058964849915284,46.69481658935547,12849300,0.0,0.0,0.0055604671226126,0.011452605367922818,15982710.0,46.2957181930542,0,1,2,2023,2,WMT
2023-02-02 00:00:00-05:00,46.610900717704624,46.756147717683675,46.136434079504426,46.35591506958008,17806800,0.0,0.0,-0.007257797428690371,0.011578724746680933,16206135.0,46.29345874786377,0,2,2,2023,3,WMT
2023-02-03 00:00:00-05:00,46.27199178792438,46.46565320577271,45.465073522971345,45.73942565917969,17155500,0.0,0.0,-0.013299045213001182,0.01193826674253957,16400190.0,46.26828269958496,0,3,2,2023,4,WMT
2023-02-06 00:00:00-05:00,45.77492727791125,45.865303092750715,45.197171430178194,45.4069709777832,17454000,0.0,0.0,-0.007268448971653463,0.010461992466609896,16211295.0,46.16983814239502,0,6,2,2023,0,WMT
2023-02-07 00:00:00-05:00,45.113259522279556,45.60709267445601,44.764669676609266,45.503807067871094,16341300,0.0,0.0,0.0021326260704610522,0.010204344369324589,16140525.0,46.10576877593994,0,7,2,2023,1,WMT
2023-02-08 00:00:00-05:00,45.29400761553556,45.54253650906458,45.18426528200782,45.25850296020508,11691300,0.0,0.0,-0.0053908480075114396,0.010242374328531433,16126560.0,46.03088645935058,0,8,2,2023,2,WMT
2023-02-09 00:00:00-05:00,45.468300908037236,45.813658652669716,45.37146835431315,45.678096771240234,13064400,0.0,0.0,0.009271049274521825,0.010269751799688764,16038045.0,45.9564884185791,0,9,2,2023,3,WMT
2023-02-10 00:00:00-05:00,46.18484458082529,46.4591967184964,45.88789756437919,46.388187408447266,15002700,0.0,0.0,0.015545539052627788,0.01078499636827545,16164540.0,45.9388973236084,0,10,2,2023,4,WMT
2023-02-13 00:00:00-05:00,46.70773164834714,47.16283545149528,46.64317537628997,47.09505081176758,16015800,0.0,0.0,0.015238004388841375,0.011313230278115226,16280340.0,45.94890308380127,0,13,2,2023,0,WMT
2023-02-14 00:00:00-05:00,47.03694632035598,47.488817978965386,46.65930863559725,46.95948028564453,13831200,0.0,0.0,-0.002878657603851087,0.011241722293597229,16215780.0,45.966332054138185,0,14,2,2023,1,WMT
2023-02-15 00:00:00-05:00,46.78842238430268,47.31776386888346,46.65931722772119,47.30807876586914,14674200,0.0,0.0,0.007423388804649322,0.009639927062229272,15815775.0,46.05880470275879,0,15,2,2023,2,WMT
2023-02-16 00:00:00-05:00,46.95625949741562,47.12087300085454,46.53666405428438,46.565711975097656,16312200,0.0,0.0,-0.015692177956443953,0.009770788535126886,15764280.0,46.14659729003906,0,16,2,2023,3,WMT
2023-02-17 00:00:00-05:00,46.836840322832664,47.346815333330866,46.6625453933775,47.26612091064453,24770700,0.0,0.0,0.015041301976042698,0.009940153220616747,15525660.0,46.24181365966797,0,17,2,2023,4,WMT
2023-02-21 00:00:00-05:00,46.11706584755533,47.87937782560589,45.88144302734525,47.553382873535156,54393900,0.0,0.0,0.006077544705513027,0.009526662573265182,17587860.0,46.31750297546387,0,21,2,2023,1,WMT
2023-02-22 00:00:00-05:00,47.3726299689496,47.63084396840125,46.078331604113636,46.5560302734375,29844000,0.0,0.0,-0.02097332597241386,0.010779617126442376,18396600.0,46.33719177246094,0,22,2,2023,2,WMT
2023-02-23 00:00:00-05:00,46.597988605377374,46.597988605377374,45.41665723317809,45.86207962036133,22021200,0.0,0.0,-0.014905709292660774,0.011267024340435828,18873075.0,46.33315715789795,0,23,2,2023,3,WMT
2023-02-24 00:00:00-05:00,45.45862422264908,46.07188486383555,45.0357966629646,45.984737396240234,20623500,0.0,0.0,0.002674492236162118,0.011280731777416534,19113300.0,46.337353515625,0,24,2,2023,4,WMT
2023-02-27 00:00:00-05:00,46.06219677589723,46.18484889618919,45.40052173863957,45.65228271484375,16647300,0.0,0.0,-0.007229674457674862,0.011250253327521016,19025025.0,46.307336235046385,0,27,2,2023,0,WMT
2023-02-28 00:00:00-05:00,45.51025302208002,46.04281907400718,45.49411488073579,45.87498092651367,18054000,0.0,0.0,0.0048781396772852315,0.011171300920662708,19132845.0,46.30701332092285,0,28,2,2023,1,WMT
2023-03-01 00:00:00-05:00,45.52962716254211,45.600636473873465,44.984151244858666,45.23590850830078,14180100,0.0,0.0,-0.013930739703992723,0.011210099998275077,19136670.0,46.2469783782959,0,1,3,2023,2,WMT
2023-03-02 00:00:00-05:00,45.13585270616755,45.42634300204372,45.026110368127526,45.348876953125,14785500,0.0,0.0,0.0024973179173242155,0.011132825391865504,19233480.0,46.179681396484376,0,2,3,2023,3,WMT
2023-03-03 00:00:00-05:00,45.523178953835895,45.57159339505222,45.11326484690529,45.40375518798828,16888800,0.0,0.0,0.0012101343748822657,0.011059194214579373,19187580.0,46.132073402404785,0,3,3,2023,4,WMT
2023-03-06 00:00:00-05:00,45.34887484469206,45.50380324154181,45.193946447842315,45.39728927612305,16720800,0.0,0.0,-0.00014240918704766514,0.010672320505422616,19165845.0,46.114966583251956,0,6,3,2023,0,WMT
2023-03-07 00:00:00-05:00,45.56836515834656,45.72974661645158,44.79694775222232,44.9454231262207,17387400,0.0,0.0,-0.009953593201433852,0.01078065694818384,19162515.0,46.091889190673825,0,7,3,2023,1,WMT
2023-03-08 00:00:00-05:00,44.72271702301819,44.838912420091084,44.309570856276096,44.574241638183594,19090800,0.0,0.0,-0.00825849357329922,0.010899108513314108,19299990.0,46.04541091918945,0,8,3,2023,2,WMT
2023-03-09 00:00:00-05:00,44.80986523401847,44.85827967578267,44.193376188775154,44.27406692504883,15415800,0.0,0.0,-0.006734264052573935,0.010931846533972448,19486215.0,45.99618911743164,0,9,3,2023,3,WMT
2023-03-10 00:00:00-05:00,44.225645133098006,44.63233450265392,43.92547342777661,44.20950698852539,20065200,0.0,0.0,-0.0014581885290260166,0.010658962664188148,19836255.0,45.9227596282959,0,10,3,2023,4,WMT
2023-03-13 00:00:00-04:00,44.115906069467435,44.70334339141035,44.08362978062897,44.33861541748047,28142100,0.0,0.0,0.002920377035387167,0.009941121221343793,20493225.0,45.82028102874756,0,13,3,2023,0,WMT
2023-03-14 00:00:00-04:00,44.44190809412238,44.629112815457894,44.219198710655554,44.574241638183594,25542600,0.0,0.0,0.005314243994417378,0.009247909329244781,20969565.0,45.69424057006836,0,14,3,2023,1,WMT
2023-03-15 00:00:00-04:00,44.18368391505654,45.126164041886945,44.12558438295261,45.071292877197266,33133500,0.0,0.0,0.011151086832801749,0.009752463876201451,21934680.0,45.599831199646,0,15,3,2023,2,WMT
2023-03-16 00:00:00-04:00,45.187968005867475,45.25926835997071,44.68562763653243,44.81526565551758,28905600,0.19,0.0,-0.005680494286624205,0.009523218225319943,22646250.0,45.47519054412842,0,16,3,2023,3,WMT
2023-03-17 00:00:00-04:00,44.7860936087727,45.207412521526976,44.59164214958504,45.178245544433594,43081200,0.0,0.0,0.008099469758946487,0.009292767917105963,23984700.0,45.40581722259522,0,17,3,2023,4,WMT
2023-03-20 00:00:00-04:00,45.40511060587706,45.9949556172697,45.311122764071534,45.66438293457031,33928500,0.0,0.0,0.010760430917101438,0.008934846149527557,24442590.0,45.325730323791504,0,20,3,2023,0,WMT
2023-03-21 00:00:00-04:00,45.823191815385705,45.823191815385705,45.22038035476991,45.50882339477539,19013400,0.0,0.0,-0.003406583639109173,0.008751008531316204,22673565.0,45.22350234985352,0,21,3,2023,1,WMT
2023-03-22 00:00:00-04:00,45.58012531581988,45.76809731287741,45.19769812186944,45.21714401245117,18548400,0.0,0.0,-0.0064092929802642695,0.007638150916708336,22108785.0,45.1565580368042,0,22,3,2023,2,WMT
2023-03-23 00:00:00-04:00,45.43751636039165,45.89448543397701,45.207411023933716,45.58335494995117,22044300,0.0,0.0,0.008098940025914825,0.007222915028886105,22109940.0,45.14262180328369,0,23,3,2023,3,WMT
2023-03-24 00:00:00-04:00,45.70003538966762,46.17320880396643,45.56715947362735,45.9560661315918,22752300,0.0,0.0,0.008176475427266183,0.007442793743249252,22216380.0,45.14118824005127,0,24,3,2023,4,WMT
2023-03-27 00:00:00-04:00,46.2769111639111,46.98666933002906,46.27366956467829,46.72415542602539,26775600,0.0,0.0,0.01671355620897197,0.008114807064100891,22722795.0,45.19478187561035,0,27,3,2023,0,WMT
2023-03-28 00:00:00-04:00,46.55562626239796,46.8019358824211,46.36117481293894,46.54266357421875,21282900,0.0,0.0,-0.003884326001226124,0.008141833351945106,22884240.0,45.228166007995604,0,28,3,2023,1,WMT
2023-03-29 00:00:00-04:00,46.788977834971966,46.9801914130443,46.490813723735165,46.74360656738281,24216900,0.0,0.0,0.004317393499485345,0.007398077187464258,23386080.0,45.30355091094971,0,29,3,2023,2,WMT
2023-03-30 00:00:00-04:00,47.15520056463908,47.51170234081508,46.999637164741564,47.210296630859375,21879000,0.0,0.0,0.009984040551167306,0.007628156685452062,23740755.0,45.39662189483643,0,30,3,2023,3,WMT
2023-03-31 00:00:00-04:00,47.50522580802502,48.10803360360413,47.469575625404644,47.78718566894531,20868000,0.0,0.0,0.012219559698950277,0.007955272099668799,23939715.0,45.51579341888428,0,31,3,2023,4,WMT
2023-04-03 00:00:00-04:00,47.877918174196125,48.27331170012907,47.80337993347164,48.18904495239258,19766700,0.0,0.0,0.008409352378087709,0.008030071823989047,24092010.0,45.655381202697754,0,3,4,2023,0,WMT
2023-04-04 00:00:00-04:00,48.13719659516025,48.22146335358527,47.64782258810083,47.71588134765625,18113700,0.0,0.0,-0.009818903968812465,0.00801866807921437,24128325.0,45.79390411376953,0,4,4,2023,1,WMT
2023-04-05 00:00:00-04:00,47.69643484774965,48.574719220110524,47.6867100485523,48.50666046142578,26540700,0.0,0.0,0.016572660745967305,0.008101457261049811,24500820.0,45.99052505493164,0,5,4,2023,2,WMT
2023-04-06 00:00:00-04:00,48.224703897468025,48.95067022087122,48.1339613523515,48.872886657714844,17891700,0.0,0.0,0.0075500187562962395,0.0077002359688945555,24624615.0,46.22046604156494,0,6,4,2023,3,WMT
2023-04-10 00:00:00-04:00,48.730283461740115,48.976593120687305,48.53906987241588,48.77889633178711,14519100,0.0,0.0,-0.0019231588791962517,0.007721374819758116,24347310.0,46.44893550872803,0,10,4,2023,0,WMT
2023-04-11 00:00:00-04:00,48.93769731344364,48.93769731344364,48.490453011541305,48.636295318603516,18370500,0.0,0.0,-0.00292341614729541,0.00791079576204118,23858730.0,46.66381950378418,0,11,4,2023,1,WMT
2023-04-12 00:00:00-04:00,48.54555010433915,48.92797725960935,48.34461172793459,48.39970779418945,11209800,0.0,0.0,-0.004864423222703085,0.008189411189881375,23142090.0,46.85509281158447,0,12,4,2023,2,WMT
2023-04-13 00:00:00-04:00,48.50017305166391,48.61360677890742,48.03024498113007,48.44832229614258,13272600,0.0,0.0,0.0010044379226388234,0.008046374635053685,22149045.0,47.02394428253174,0,13,4,2023,3,WMT
2023-04-14 00:00:00-04:00,48.29924164574808,48.57795987452815,48.01404021762928,48.12099075317383,10464900,0.0,0.0,-0.006756302952410254,0.00811533130378273,21227010.0,47.18923053741455,0,14,4,2023,4,WMT
2023-04-17 00:00:00-04:00,48.172840743167704,48.50665500852477,48.12746947878637,48.45804214477539,16166700,0.0,0.0,0.0070042487971704315,0.008086988828405042,19881285.0,47.35322036743164,0,17,4,2023,0,WMT
2023-04-18 00:00:00-04:00,48.542307324358696,48.723799807735055,48.432115194528485,48.56499481201172,13482300,0.0,0.0,0.002207119035407823,0.00790933326925846,18858975.0,47.49825096130371,0,18,4,2023,1,WMT
2023-04-19 00:00:00-04:00,48.88583756565685,49.0705716291646,48.539060632837874,48.616844177246094,12433500,0.0,0.0,0.0010676283490831384,0.007777383032187519,18529980.0,47.65365200042724,0,19,4,2023,2,WMT
2023-04-20 00:00:00-04:00,48.68166886541209,49.06409603049947,48.48397579244645,48.927978515625,13641600,0.0,0.0,0.0063997230516357195,0.007453170884642384,18284640.0,47.839193725585936,0,20,4,2023,3,WMT
2023-04-21 00:00:00-04:00,49.24882031259977,49.35901243428726,48.99603120328121,49.17428207397461,25335000,0.0,0.0,0.0050340023402142275,0.0073952581629615835,18449175.0,48.01874008178711,0,21,4,2023,4,WMT
2023-04-24 00:00:00-04:00,49.16780102767232,49.56967404967984,49.16780102767232,49.508094787597656,13579500,0.0,0.0,0.006788359677948774,0.007358687704092443,17990535.0,48.1963415145874,0,24,4,2023,0,WMT
2023-04-25 00:00:00-04:00,49.67986915570602,49.82894935734672,49.0446491538501,49.122432708740234,17246700,0.0,0.0,-0.007789879221004381,0.007123712796984521,17514090.0,48.31625537872314,0,25,4,2023,1,WMT
2023-04-26 00:00:00-04:00,48.93121867708512,49.07057778753651,48.684909034111875,48.908531188964844,12910200,0.0,0.0,-0.0043544569757705265,0.007146730673980898,17095455.0,48.43454875946045,0,26,4,2023,2,WMT
2023-04-27 00:00:00-04:00,48.86640067757548,49.24234836323448,48.86640067757548,49.060855865478516,12861000,0.0,0.0,0.003114480701232658,0.007135740814045343,16527660.0,48.550411224365234,0,27,4,2023,3,WMT
2023-04-28 00:00:00-04:00,49.03168745161737,49.31688517113433,48.67194777531711,48.927978515625,14088600,0.0,0.0,-0.0027084189117665414,0.006993059176286523,16138140.0,48.636295318603516,0,28,4,2023,4,WMT
2023-05-01 00:00:00-04:00,48.95065909132152,49.43679512374637,48.9150089178011,49.12890625,11409600,0.0,0.0,0.004106601998912218,0.00658069574483588,15665220.0,48.70338134765625,0,1,5,2023,0,WMT
2023-05-02 00:00:00-04:00,49.090024374012124,49.09650386433575,48.43860007981017,48.996036529541016,11329500,0.0,0.0,-0.002704512080583643,0.006425601246550843,15243360.0,48.74373092651367,0,2,5,2023,1,WMT
2023-05-03 00:00:00-04:00,49.11918826257658,49.29419754201319,48.70111095158065,48.814544677734375,12334500,0.0,0.0,-0.003704214966392505,0.006024166311244715,14954400.0,48.79866409301758,0,3,5,2023,2,WMT
2023-05-04 00:00:00-04:00,48.97720708992045,49.12034950277988,48.632366712041424,48.95117950439453,14011200,0.19,0.0,0.0027990597384897065,0.004839869037101307,14327925.0,48.82089004516602,0,4,5,2023,3,WMT
2023-05-05 00:00:00-04:00,48.89587495049604,49.4521750432863,48.7429745174219,49.37409973144531,14556000,0.0,0.0,0.008639633024834836,0.004929102485908271,14161140.0,48.84595069885254,0,5,5,2023,4,WMT
2023-05-08 00:00:00-04:00,49.21144187937738,49.757984002316185,49.143124579386736,49.68315887451172,14926200,0.0,0.0,0.006259539814344572,0.005053506146129801,14181495.0,48.89116382598877,0,8,5,2023,0,WMT
2023-05-09 00:00:00-04:00,49.68315901023977,49.83280926625754,49.55953634253478,49.76774215698242,15209700,0.0,0.0,0.001702453796956549,0.0049730304853356205,14023455.0,48.94773616790771,0,9,5,2023,1,WMT
2023-05-10 00:00:00-04:00,49.99871755160329,50.213431176300375,49.198426052476584,49.62784957885742,15827700,0.0,0.0,-0.002810908674211854,0.004862011437554583,14254350.0,49.00914325714111,0,10,5,2023,2,WMT
2023-05-11 00:00:00-04:00,49.62784997826472,49.86208336372969,49.44892567925716,49.81328582763672,11926800,0.0,0.0,0.003736536044840033,0.0048925922145633865,14187060.0,49.07739143371582,0,11,5,2023,3,WMT
2023-05-12 00:00:00-04:00,49.969436325178116,50.122336749022175,49.679897598587445,49.79701614379883,16119300,0.0,0.0,-0.00032661334356032246,0.004525837223876308,14469780.0,49.16119270324707,0,12,5,2023,4,WMT
2023-05-15 00:00:00-04:00,49.936903868094504,50.05076477511502,49.24721943018312,49.409881591796875,16113900,0.0,0.0,-0.007774251993011516,0.004815366937296521,14467140.0,49.208784675598146,0,15,5,2023,0,WMT
2023-05-16 00:00:00-04:00,49.07480174702126,49.29601946857549,48.65839016620709,48.726707458496094,15512100,0.0,0.0,-0.013826670117222162,0.005829039110583309,14568630.0,49.21687030792236,0,16,5,2023,1,WMT
2023-05-17 00:00:00-04:00,49.16914264526391,49.172392835527745,48.37860925459648,48.6453742980957,26985900,0.0,0.0,-0.0016691700433415502,0.005839279184396292,15296250.0,49.21829681396484,0,17,5,2023,2,WMT
2023-05-18 00:00:00-04:00,49.38385760469192,50.19391083537337,48.782013892007804,49.27650451660156,46768500,0.0,0.0,0.012974105505660916,0.006376177539696652,16952595.0,49.23572311401367,0,18,5,2023,3,WMT
2023-05-19 00:00:00-04:00,49.253733733974556,49.27325349377617,48.50874756277839,48.769004821777344,27594000,0.0,0.0,-0.01029901978240444,0.0066999941670823834,17065545.0,49.21545925140381,0,19,5,2023,4,WMT
2023-05-22 00:00:00-04:00,48.7006866867933,48.82430934806936,48.24198164687456,48.339576721191406,16117800,0.0,0.0,-0.008805348851288808,0.006727655987387577,17192460.0,49.157033348083495,0,22,5,2023,0,WMT
2023-05-23 00:00:00-04:00,48.150894389724414,48.427417511290294,47.848347402206166,48.24849319458008,16302300,0.0,0.0,-0.0018842433630867905,0.00654914019161928,17145240.0,49.113336372375485,0,23,5,2023,1,WMT
2023-05-24 00:00:00-04:00,48.31354845676636,48.323306474103894,47.59458622780689,48.02726364135742,20515200,0.0,0.0,-0.004585211652734178,0.006555789236352563,17525490.0,49.06927299499512,0,24,5,2023,2,WMT
2023-05-25 00:00:00-04:00,47.7832752235285,47.96545715792818,47.20095126220665,47.54904556274414,21299100,0.0,0.0,-0.009957221010640227,0.006783371530319874,17947395.0,48.9936824798584,0,25,5,2023,3,WMT
2023-05-26 00:00:00-04:00,47.399399256654945,47.76375943271103,47.324577851501026,47.63363265991211,15720900,0.0,0.0,0.0017789441652693583,0.0068168862282372775,18029010.0,48.928965187072755,0,26,5,2023,4,WMT
2023-05-30 00:00:00-04:00,47.59458913697471,47.916659573995986,47.366863580710785,47.51651382446289,15742500,0.0,0.0,-0.0024587424663873314,0.006698997755335263,18245655.0,48.848345565795896,0,30,5,2023,1,WMT
2023-05-31 00:00:00-04:00,47.30829724242291,47.92315652485766,47.174916586825866,47.7800178527832,30130800,0.0,0.0,0.005545525273460861,0.006881882626085524,19185720.0,48.787544631958006,0,31,5,2023,2,WMT
2023-06-01 00:00:00-04:00,47.56530830772629,48.115100542716064,47.47747125990397,47.955692291259766,20239200,0.0,0.0,0.003676734467070286,0.006940062279434516,19580955.0,48.744602012634275,0,1,6,2023,3,WMT
2023-06-02 00:00:00-04:00,47.89388749725685,48.47621147739573,47.854847978193504,48.41440200805664,19178100,0.0,0.0,0.009565281927552904,0.0072844135910238115,19839300.0,48.717763137817386,0,2,6,2023,4,WMT
2023-06-05 00:00:00-04:00,48.59332303003262,49.20492842281501,48.59332303003262,48.733211517333984,15553200,0.0,0.0,0.006585013881288626,0.0071618060077208905,19889160.0,48.68571872711182,0,5,6,2023,0,WMT
2023-06-06 00:00:00-04:00,48.70068359620181,48.860088129534006,48.313549791222016,48.726707458496094,15015600,0.0,0.0,-0.0001334625532646294,0.006978509107683358,19893630.0,48.63789615631104,0,6,6,2023,1,WMT
2023-06-07 00:00:00-04:00,48.55428741455078,48.91539363529067,48.485970122059804,48.79827880859375,24256500,0.0,0.0,0.001468832060089742,0.0069740326415508305,20345970.0,48.5894229888916,0,7,6,2023,2,WMT
2023-06-08 00:00:00-04:00,48.92515287013294,49.58880972578026,48.729959020293194,49.50422286987305,18873000,0.0,0.0,0.014466577070234132,0.007758639146750689,20498235.0,48.583241653442386,0,8,6,2023,3,WMT
2023-06-09 00:00:00-04:00,49.50097706017038,50.00847962546075,49.31879512472733,49.803524017333984,15603900,0.0,0.0,0.006045972042580727,0.007835487810880582,20682090.0,48.582753562927245,0,9,6,2023,4,WMT
2023-06-12 00:00:00-04:00,49.91413162543249,50.19716252891296,49.829548490337736,50.13209915161133,14713500,0.0,0.0,0.00659742740620084,0.007971187551201285,20611800.0,48.59950771331787,0,12,6,2023,0,WMT
2023-06-13 00:00:00-04:00,50.26873441694764,50.59080111738224,50.122338093014434,50.522483825683594,15738900,0.0,0.0,0.007787120042423323,0.007893942337710905,20593050.0,48.655137825012204,0,13,6,2023,1,WMT
2023-06-14 00:00:00-04:00,50.72093258298825,51.18288778931439,50.62333379079734,51.033241271972656,21103200,0.0,0.0,0.010109507839149767,0.007296728212233088,20872605.0,48.77046451568604,0,14,6,2023,2,WMT
2023-06-15 00:00:00-04:00,51.07553150456613,51.47567724913,51.069027400362025,51.313018798828125,18160500,0.0,0.0,0.005482260579226184,0.0072650557017508235,20431335.0,48.903846740722656,0,15,6,2023,3,WMT
2023-06-16 00:00:00-04:00,51.4268783562253,51.449652027871586,50.51597616653203,50.59730911254883,34675800,0.0,0.0,-0.013947916202031063,0.007739468951585168,19826700.0,48.96988697052002,0,16,6,2023,4,WMT
2023-06-20 00:00:00-04:00,50.32729306785417,50.57128447409524,50.060527988639826,50.15161895751953,19994400,0.0,0.0,-0.008808574267020863,0.007627748660612742,19446720.0,49.03901767730713,0,20,6,2023,1,WMT
2023-06-21 00:00:00-04:00,50.16788503592708,50.53549910385119,49.891361937305476,50.24921798706055,19251000,0.0,0.0,0.0019460793404033616,0.0072375833871309685,19603380.0,49.13449974060059,0,21,6,2023,2,WMT
2023-06-22 00:00:00-04:00,50.41837744702377,50.77623344834584,50.25571528978529,50.66887664794922,13307400,0.0,0.0,0.008351546107578045,0.007312652874113895,19453635.0,49.25551891326904,0,22,6,2023,3,WMT
2023-06-23 00:00:00-04:00,50.71117760353897,50.84456201681503,50.43140056697803,50.57454299926758,18975000,0.0,0.0,-0.0018617671225884536,0.007198716178997966,19376625.0,49.38288288116455,0,23,6,2023,4,WMT
2023-06-26 00:00:00-04:00,50.63634078460581,50.67863421093344,50.20366339662009,50.4411506652832,14106300,0.0,0.0,-0.0026375390873291105,0.006694470872779356,19016985.0,49.5274881362915,0,26,6,2023,0,WMT
2023-06-27 00:00:00-04:00,50.148365254061666,50.70141517406999,50.11908747655428,50.258975982666016,12093600,0.0,0.0,-0.0036116282086041673,0.0068519485540298325,18835620.0,49.6587553024292,0,27,6,2023,1,WMT
2023-06-28 00:00:00-04:00,50.337051778143625,50.64610654797022,50.30777027950865,50.53224563598633,18889800,0.0,0.0,0.005437230822501471,0.0067654868012991054,18992985.0,49.809541893005374,0,28,6,2023,2,WMT
2023-06-29 00:00:00-04:00,50.26547987242193,50.34355518066318,49.81978680220662,50.19065475463867,21530400,0.0,0.0,-0.00675985951244551,0.007083741798339106,18562965.0,49.930073738098145,0,29,6,2023,3,WMT
2023-06-30 00:00:00-04:00,50.41512816462529,51.24795133800059,50.35331869854464,51.134090423583984,19073100,0.0,0.0,0.018797038483705286,0.007968856437286108,18504660.0,50.08899364471436,0,30,6,2023,4,WMT
2023-07-03 00:00:00-04:00,51.013722299052226,51.5439948065706,50.85756795215553,51.465919494628906,8647500,0.0,0.0,0.006489390312727217,0.00786949947826425,17978130.0,50.24156951904297,0,3,7,2023,0,WMT
2023-07-05 00:00:00-04:00,51.45291135412435,51.765220070928244,51.18614626239094,51.4366455078125,17585400,0.0,0.0,-0.0005688033382841295,0.007864867275043786,18079740.0,50.37674121856689,0,5,7,2023,2,WMT
2023-07-06 00:00:00-04:00,51.378081749391534,51.459410973862504,51.03324137001872,51.1113166809082,14427000,0.0,0.0,-0.00632484532559352,0.008101888532281495,18050310.0,50.4959716796875,0,6,7,2023,3,WMT
2023-07-07 00:00:00-04:00,50.6883949268071,50.84454925291861,49.92063522600562,49.93364715576172,19774800,0.0,0.0,-0.023041267602217363,0.009906531112491575,17826225.0,50.5527400970459,0,7,7,2023,4,WMT
2023-07-10 00:00:00-04:00,50.28174610522209,50.58754695963361,50.2036670733645,50.38584899902344,12967800,0.0,0.0,0.009056054765059107,0.009594053790593412,17530965.0,50.59682140350342,0,10,7,2023,0,WMT
2023-07-11 00:00:00-04:00,50.35006322795625,50.59080070368893,50.05402039201186,50.3110237121582,11460900,0.0,0.0,-0.0014850456696022807,0.009530140096931301,17323815.0,50.62219638824463,0,11,7,2023,1,WMT
2023-07-12 00:00:00-04:00,50.52573759271553,50.71442362271778,50.366329338209766,50.43790054321289,16509900,0.0,0.0,0.0025218495211025704,0.009437151507144685,17413635.0,50.63748645782471,0,12,7,2023,2,WMT
2023-07-13 00:00:00-04:00,50.564772698647744,50.62007805432783,49.99871093499763,50.14185333251953,11859600,0.0,0.0,-0.005869538729902479,0.009364234795397578,17219670.0,50.618454933166504,0,13,7,2023,3,WMT
2023-07-14 00:00:00-04:00,50.13860735214456,50.31753537735662,49.962933240666075,50.31428146362305,10427400,0.0,0.0,0.003438806498835323,0.009087297967975862,16685880.0,50.58250694274902,0,14,7,2023,4,WMT
2023-07-17 00:00:00-04:00,50.229690876516514,50.4183768919486,50.04100486108443,50.3760871887207,10135200,0.0,0.0,0.0012283932772116923,0.008984931821604432,16284615.0,50.535660362243654,0,17,7,2023,0,WMT
2023-07-18 00:00:00-04:00,50.31753153623756,50.639598234020035,50.05402038913564,50.28499984741211,13437300,0.0,0.0,-0.0018081464121529889,0.00844995950727446,15222690.0,50.52004489898682,0,18,7,2023,1,WMT
2023-07-19 00:00:00-04:00,50.35982890553796,50.48995940365429,50.018242397879874,50.301273345947266,12372900,0.0,0.0,0.0003236253074383466,0.008207861478198816,14841615.0,50.5275276184082,0,19,7,2023,2,WMT
2023-07-20 00:00:00-04:00,50.40211262335717,51.25445549418798,50.392350883298384,51.23168182373047,14987700,0.0,0.0,0.018496718192088535,0.009172791724015684,14628450.0,50.5766508102417,0,20,7,2023,3,WMT
2023-07-21 00:00:00-04:00,51.36831701557395,51.65460182585203,51.218670506664154,51.52122116088867,16960500,0.0,0.0,0.0056515680698205895,0.009078418336723544,14811105.0,50.61926803588867,0,21,7,2023,4,WMT
2023-07-24 00:00:00-04:00,51.547249337168964,51.88233170733707,51.257714312274196,51.82377243041992,12529800,0.0,0.0,0.005872362159011102,0.00912039438583082,14488845.0,50.68172950744629,0,24,7,2023,0,WMT
2023-07-25 00:00:00-04:00,52.201144361087444,52.2174102051893,51.49194015539931,51.78147888183594,15553800,0.0,0.0,-0.000816103239893784,0.009088461842334857,14561220.0,50.748745918273926,0,25,7,2023,1,WMT
2023-07-26 00:00:00-04:00,51.80425667664825,52.27596991616586,51.7066578812547,51.966915130615234,15094200,0.0,0.0,0.0035811307977984264,0.009023816557966403,14711250.0,50.83414287567139,0,26,7,2023,2,WMT
2023-07-27 00:00:00-04:00,52.07751785187835,52.259696036917894,51.768459390825726,51.778221130371094,13400400,0.0,0.0,-0.0036310410146508376,0.009054505929356828,14436780.0,50.89644165039063,0,27,7,2023,3,WMT
2023-07-28 00:00:00-04:00,51.820518839085565,52.35729914505358,51.820518839085565,52.022216796875,11020200,0.0,0.0,0.004712322308052075,0.008881595540490523,13911270.0,50.98801975250244,0,28,7,2023,4,WMT
2023-07-31 00:00:00-04:00,52.03848643328362,52.259704164885136,51.69689995632443,52.00595474243164,13033200,0.0,0.0,-0.0003125982598329857,0.007938149815166573,13609275.0,51.031612968444826,0,31,7,2023,0,WMT
2023-08-01 00:00:00-04:00,52.035228234994,52.197890398873625,51.713161543667766,51.761959075927734,11782500,0.0,0.0,-0.004691687090686791,0.007915682676963617,13766025.0,51.04641494750977,0,1,8,2023,1,WMT
2023-08-02 00:00:00-04:00,51.57327692201776,52.19138648973466,51.57327692201776,51.79774856567383,12660000,0.0,0.0,0.0006914245593678814,0.00791327843828774,13519755.0,51.06447010040283,0,2,8,2023,2,WMT
2023-08-03 00:00:00-04:00,51.73268137622301,51.88883571348928,51.56676529868275,51.81075668334961,13202700,0.0,0.0,0.0002511328780880895,0.007755076354350298,13458540.0,51.099442100524904,0,3,8,2023,3,WMT
2023-08-04 00:00:00-04:00,51.97341825326702,52.13282650213548,51.38783670295352,51.51145935058594,14262000,0.0,0.0,-0.005776741200536395,0.005646548751064111,13182900.0,51.17833271026611,0,4,8,2023,4,WMT
2023-08-07 00:00:00-04:00,51.88883647122798,52.44513653855108,51.76195990690476,52.21090316772461,14268900,0.0,0.0,0.013578411987481775,0.006038950343669465,13247955.0,51.26958541870117,0,7,8,2023,0,WMT
2023-08-08 00:00:00-04:00,52.373565432096214,52.57851730506921,51.89208675866784,52.26295471191406,11017500,0.0,0.0,0.000996947783535651,0.0059932662580371564,13225785.0,51.36718196868897,0,8,8,2023,1,WMT
2023-08-09 00:00:00-04:00,52.34754180908203,52.73467563600573,52.28247842664513,52.34754180908203,13209600,0.0,0.0,0.0016184905280276496,0.005991911034261876,13060770.0,51.46266403198242,0,9,8,2023,2,WMT
2023-08-10 00:00:00-04:00,52.494455626032625,52.80787454423861,52.24633138172417,52.32141876220703,15169500,0.19,0.0,-0.0004990310141070875,0.005741602246424432,13226265.0,51.571642303466795,0,10,8,2023,3,WMT
2023-08-11 00:00:00-04:00,52.41610352729429,52.83399545410377,52.26919049841514,52.62831497192383,14195100,0.0,0.0,0.005865594186418965,0.005795764783026975,13414650.0,51.687343978881835,0,11,8,2023,4,WMT
2023-08-14 00:00:00-04:00,52.8894997808814,53.1441512840251,51.96883205567115,52.236541748046875,20813700,0.0,0.0,-0.007444152906775692,0.00618864735675292,13948575.0,51.78036670684814,0,14,8,2023,0,WMT
2023-08-15 00:00:00-04:00,52.086357456500416,52.494456648807585,51.88393873272676,51.96882629394531,14559300,0.0,0.0,-0.005125060831799311,0.00633409491228426,14004675.0,51.8645580291748,0,15,8,2023,1,WMT
2023-08-16 00:00:00-04:00,52.19735669522133,52.553219393585756,51.704377423276114,51.99494171142578,26980800,0.0,0.0,0.0005025208253262026,0.006332223794671842,14735070.0,51.94924144744873,0,16,8,2023,2,WMT
2023-08-17 00:00:00-04:00,52.530363756650715,52.60872035290773,50.61067198333175,50.82941436767578,53614200,0.0,0.0,-0.02241616790761547,0.0071659131844289655,16666395.0,51.929128074645995,0,17,8,2023,3,WMT
2023-08-18 00:00:00-04:00,50.705353233329994,52.128796554683824,50.705353233329994,51.560726165771484,27954900,0.0,0.0,0.014387570803112926,0.007791218086408173,17216115.0,51.93110332489014,0,18,8,2023,4,WMT
2023-08-21 00:00:00-04:00,51.462781435974875,51.85782244113749,51.27016289116201,51.423606872558594,15679200,0.0,0.0,-0.002659374749146126,0.007689550025573993,17373585.0,51.91109504699707,0,21,8,2023,0,WMT
2023-08-22 00:00:00-04:00,51.247310158878776,51.358314099958015,51.00898234354512,51.26036834716797,16670700,0.0,0.0,-0.003174388871538536,0.007714962550176405,17429430.0,51.885039520263675,0,22,8,2023,1,WMT
2023-08-23 00:00:00-04:00,51.12977416811123,51.71416820359067,51.09712309609595,51.61622619628906,14210400,0.0,0.0,0.00694216332412978,0.007843551177739133,17385240.0,51.86750507354736,0,23,8,2023,2,WMT
2023-08-24 00:00:00-04:00,51.62602514395303,51.98515335330593,51.19834051019921,51.22119140625,14033100,0.0,0.0,-0.007653306317606412,0.007983526065491119,17416875.0,51.83965358734131,0,24,8,2023,3,WMT
2023-08-25 00:00:00-04:00,51.31586865486274,51.596640243348666,51.10692270401259,51.52481460571289,12267000,0.0,0.0,0.005927687176480623,0.008029862394250168,17479215.0,51.8147834777832,0,25,8,2023,4,WMT
2023-08-28 00:00:00-04:00,51.53787767690255,51.8545621142129,51.53787767690255,51.81864929199219,11871000,0.0,0.0,0.005702780078450154,0.008147062824040843,17421105.0,51.80541820526123,0,28,8,2023,0,WMT
2023-08-29 00:00:00-04:00,51.910060232891745,52.31162847392267,51.86435470630021,52.25286102294922,12702300,0.0,0.0,0.00837944903793808,0.008286537706521152,17467095.0,51.829963302612306,0,29,8,2023,1,WMT
2023-08-30 00:00:00-04:00,52.367132517667905,52.65769683044995,52.210423045114354,52.62831497192383,10967700,0.0,0.0,0.00718532806863359,0.008420381152642398,17382480.0,51.87149162292481,0,30,8,2023,2,WMT
2023-08-31 00:00:00-04:00,52.602193891020214,53.212708056767795,52.549953668591726,53.088645935058594,19582800,0.0,0.0,0.008746830738934896,0.008602002382384882,17701485.0,51.93538608551025,0,31,8,2023,3,WMT
2023-09-01 00:00:00-04:00,53.17353406119184,53.20291591946844,52.28550998801458,52.74911117553711,12553500,0.0,0.0,-0.006395619129876184,0.008629694752106737,17616060.0,51.99726867675781,0,1,9,2023,4,WMT
2023-09-05 00:00:00-04:00,52.840521780115544,53.15067521678375,52.29530228711837,52.324684143066406,15209400,0.0,0.0,-0.008046145669797333,0.008350402479447724,17663085.0,52.0029577255249,0,5,9,2023,1,WMT
2023-09-06 00:00:00-04:00,52.36712943611428,52.94499628269743,52.207154491749684,52.716461181640625,14594700,0.0,0.0,0.007487422905468888,0.008509968846359406,17841945.0,52.02563304901123,0,6,9,2023,2,WMT
2023-09-07 00:00:00-04:00,52.88949804564153,53.37268465761212,52.72299586371198,53.369422912597656,19120800,0.0,0.0,0.012386296733902125,0.008917535138180823,18137505.0,52.076727104187015,0,7,9,2023,3,WMT
2023-09-08 00:00:00-04:00,53.37268498891942,53.49674712394522,53.23883014629227,53.46736526489258,12667200,0.0,0.0,0.0018351772784825915,0.008912087569053092,18012390.0,52.134024429321286,0,8,9,2023,4,WMT
2023-09-11 00:00:00-04:00,53.542453622747416,53.699163090011616,53.43144968234211,53.6534538269043,11912100,0.0,0.0,0.003480413913978797,0.008861078350706087,17898240.0,52.185281372070314,0,11,9,2023,0,WMT
2023-09-12 00:00:00-04:00,53.70568827630013,53.84607406890811,53.55550977696873,53.71221923828125,11757300,0.0,0.0,0.001095277324858479,0.00863552193139274,17445420.0,52.25906524658203,0,12,9,2023,1,WMT
2023-09-13 00:00:00-04:00,53.84607358885744,54.14643432109072,53.6632477537469,53.725276947021484,14364300,0.0,0.0,0.00024310499408541908,0.008503490185979703,17435670.0,52.34688777923584,0,13,9,2023,2,WMT
2023-09-14 00:00:00-04:00,53.86892411337719,54.11051737863453,53.676301850064235,53.95054244995117,14923800,0.0,0.0,0.004192914689892024,0.008516217159842623,16832820.0,52.44466781616211,0,14,9,2023,3,WMT
2023-09-15 00:00:00-04:00,53.93749132013116,54.08440808143378,53.467362914710584,53.751399993896484,63925200,0.0,0.0,-0.0036912039622108983,0.006493347531282968,17348370.0,52.59076709747315,0,15,9,2023,4,WMT
2023-09-18 00:00:00-04:00,53.76445687348847,53.93422452614024,53.29759396057192,53.353092193603516,12997800,0.0,0.0,-0.007410184671249431,0.00627500618182773,16600515.0,52.68038539886474,0,18,9,2023,0,WMT
2023-09-19 00:00:00-04:00,53.34003448486328,53.47062757470994,53.003764657598694,53.34003448486328,14019600,0.0,0.0,-0.0002447413674329102,0.006209016986184083,16517535.0,52.77620677947998,0,19,9,2023,1,WMT
2023-09-20 00:00:00-04:00,53.41185784616229,53.77424777044192,53.20291190031658,53.513065338134766,10120800,0.0,0.0,0.0032439209112358203,0.006100611010666646,16190040.0,52.88884162902832,0,20,9,2023,2,WMT
2023-09-21 00:00:00-04:00,53.6273424251268,53.705695297902956,52.82094038244771,52.863380432128906,18782400,0.0,0.0,-0.012140678204484723,0.006770525531164511,16418640.0,52.95119934082031,0,21,9,2023,3,WMT
2023-09-22 00:00:00-04:00,52.96458680529074,53.29106392829798,52.86337557189741,53.00376510620117,13215000,0.0,0.0,0.002655612882201286,0.006444294223971112,16377735.0,53.04032802581787,0,22,9,2023,4,WMT
2023-09-25 00:00:00-04:00,53.01028784935826,53.25188112412812,52.847051169783,53.23882293701172,10459500,0.0,0.0,0.004434738368860547,0.0064016373024855374,16287360.0,53.12602844238281,0,25,9,2023,0,WMT
2023-09-26 00:00:00-04:00,53.19638573824111,53.39227351420817,53.00376717976764,53.052738189697266,14435700,0.0,0.0,-0.0034952828978697115,0.006426042191054774,16415595.0,53.18773288726807,0,26,9,2023,1,WMT
2023-09-27 00:00:00-04:00,52.88949141229592,52.96458252693381,52.3312137462882,52.79807662963867,15711000,0.0,0.0,-0.004800158648701869,0.006325732951584687,16566030.0,53.21499366760254,0,27,9,2023,2,WMT
2023-09-28 00:00:00-04:00,52.88949727528666,53.160476172443886,52.75564243544005,53.0657958984375,11617200,0.0,0.0,0.005070625406997209,0.006225659186920711,16598505.0,53.23686771392822,0,28,9,2023,3,WMT
2023-09-29 00:00:00-04:00,53.22576647315791,53.258413810129966,51.972087063191225,52.21368408203125,18842400,0.0,0.0,-0.016057646964102945,0.006914696006131886,16561485.0,53.19311962127686,0,29,9,2023,4,WMT
2023-10-02 00:00:00-04:00,52.07003088090103,52.3246823415959,51.684786340908836,52.26918411254883,12992700,0.0,0.0,0.0010629403286384065,0.006797607760353306,16583445.0,53.16912326812744,0,2,10,2023,0,WMT
2023-10-03 00:00:00-04:00,52.13533327544507,52.481399569287476,51.805590651901916,51.93944549560547,11253300,0.0,0.0,-0.006308470708732528,0.006705687611156953,16385640.0,53.149861335754395,0,3,10,2023,1,WMT
2023-10-04 00:00:00-04:00,52.12226846950691,52.57933865235781,51.913322527203434,52.56301498413086,15755700,0.0,0.0,0.012005701689251858,0.007050785683008987,16443690.0,53.142189025878906,0,4,10,2023,2,WMT
2023-10-05 00:00:00-04:00,52.383450032832705,52.54995219324921,51.91005618956791,51.93617630004883,14269500,0.0,0.0,-0.011925470490444234,0.006874305052637355,16201125.0,53.070526695251466,0,5,10,2023,3,WMT
2023-10-06 00:00:00-04:00,51.795794538142275,51.90679848588365,49.51044705544215,51.064483642578125,42616200,0.0,0.0,-0.01678392056501632,0.007640100119080517,17698575.0,52.95038261413574,0,6,10,2023,4,WMT
2023-10-09 00:00:00-04:00,50.63026320121685,50.88165293219071,50.03607268823164,50.878387451171875,21022500,0.0,0.0,-0.0036443370838490363,0.007523137967026722,18154095.0,52.81162929534912,0,9,10,2023,0,WMT
2023-10-10 00:00:00-04:00,51.00571770525026,51.60970095640088,50.81962263999827,51.4529914855957,16014300,0.0,0.0,0.011293676219107374,0.008111202177274865,18366945.0,52.69866790771484,0,10,10,2023,1,WMT
2023-10-11 00:00:00-04:00,51.668461145557075,52.0700293415589,51.27015843028456,51.65866470336914,12026100,0.0,0.0,0.003997303399376095,0.008211464642420178,18250035.0,52.595337295532225,0,11,10,2023,2,WMT
2023-10-12 00:00:00-04:00,51.75661747369753,52.01126896145144,51.50849321204081,51.89373779296875,13514100,0.0,0.0,0.0045505065016571145,0.008225868655682733,18179550.0,52.49249706268311,0,12,10,2023,3,WMT
2023-10-13 00:00:00-04:00,51.99494284721479,52.386718372068486,51.87741168425801,52.18103790283203,13809000,0.0,0.0,0.005536315595717323,0.008378038424142656,15673740.0,52.41397895812988,0,13,10,2023,4,WMT
2023-10-16 00:00:00-04:00,52.41283794612119,52.915617438822544,52.34101230430671,52.6315803527832,14348100,0.0,0.0,0.008634217870294947,0.00854360529056187,15741255.0,52.377903366088866,0,16,10,2023,0,WMT
2023-10-17 00:00:00-04:00,52.47813395060907,52.79481462553847,52.36386453070038,52.700138092041016,10893000,0.0,0.0,0.0013025970111153473,0.00855442696739658,15584925.0,52.34590854644775,0,17,10,2023,1,WMT
2023-10-18 00:00:00-04:00,52.85031523268963,53.007024693704906,52.471601635964795,52.739315032958984,10559100,0.0,0.0,0.0007433935153935423,0.008513953319386624,15606840.0,52.307221031188966,0,18,10,2023,2,WMT
2023-10-19 00:00:00-04:00,52.70340722833913,52.830731108855765,52.30836618911192,52.48793029785156,11745900,0.0,0.0,-0.004766552901764531,0.008143749232846494,15255015.0,52.2884485244751,0,19,10,2023,3,WMT
2023-10-20 00:00:00-04:00,52.50751192511544,52.59566122620607,51.81537570345059,51.83169937133789,15056700,0.0,0.0,-0.012502511011384554,0.008547146151555987,15347100.0,52.229845237731936,0,20,10,2023,4,WMT
2023-10-23 00:00:00-04:00,51.82190756742632,52.67728048285785,51.59010699589291,52.56627655029297,17097000,0.0,0.0,0.01417235375001602,0.009135103777603565,15678975.0,52.196217918395995,0,23,10,2023,0,WMT
2023-10-24 00:00:00-04:00,52.693605219745244,53.37267954369858,52.690339738795075,53.29759216308594,17535000,0.0,0.0,0.013912258215460271,0.009658581401392266,15833940.0,52.20846061706543,0,24,10,2023,1,WMT
2023-10-25 00:00:00-04:00,53.26820837098873,53.650191193854354,53.042938749041326,53.13761901855469,16621800,0.0,0.0,-0.0030015079113094867,0.009617126996985699,15879480.0,52.22543773651123,0,25,10,2023,2,WMT
2023-10-26 00:00:00-04:00,53.12129907361476,53.49348547939127,52.76217085674744,52.81440734863281,16220100,0.0,0.0,-0.006082539562207612,0.009653175620850168,16109625.0,52.212868309021,0,26,10,2023,3,WMT
2023-10-27 00:00:00-04:00,52.71972624461617,52.8797011877122,52.41610002720956,52.61851501464844,13829700,0.0,0.0,-0.0037090700022679446,0.008954697796275063,15858990.0,52.233109855651854,0,27,10,2023,4,WMT
2023-10-30 00:00:00-04:00,52.71320073824286,53.3008603478364,52.49446205937981,53.22250747680664,12653700,0.0,0.0,0.011478705964812264,0.009290380821322978,15842040.0,52.280776023864746,0,30,10,2023,0,WMT
2023-10-31 00:00:00-04:00,53.215975862385484,53.41839460454331,52.873175050362285,53.34983444213867,14168400,0.0,0.0,0.002392351870823095,0.009135260804785663,15987795.0,52.351295471191406,0,31,10,2023,1,WMT
2023-11-01 00:00:00-04:00,53.611011585118085,53.99299066241223,53.20944335818728,53.82648849487305,14899500,0.0,0.0,0.008934499192332801,0.008971596065305853,15944985.0,52.414469146728514,0,1,11,2023,2,WMT
2023-11-02 00:00:00-04:00,53.666509917762355,54.2574386802098,53.42165115121588,54.0386962890625,15492300,0.0,0.0,0.003942441725687917,0.00843273715208164,16006125.0,52.5195951461792,0,2,11,2023,3,WMT
2023-11-03 00:00:00-04:00,54.156229704189876,54.29335375760991,53.705690451697905,53.75792694091797,17240100,0.0,0.0,-0.0051957091385522736,0.00740865265303333,14737320.0,52.65426731109619,0,3,11,2023,4,WMT
2023-11-06 00:00:00-05:00,53.70569174381888,54.07461265835811,53.56530594214686,53.82975387573242,14529000,0.0,0.0,0.0013361180183415478,0.007270147086880555,14412645.0,52.80183563232422,0,6,11,2023,0,WMT
2023-11-07 00:00:00-05:00,54.120320726591004,54.39456136147138,53.97666944689235,54.08114242553711,15023400,0.0,0.0,0.004670066862743294,0.007011451033187642,14363100.0,52.93324317932129,0,7,11,2023,1,WMT
2023-11-08 00:00:00-05:00,54.14316801264704,54.28681928276945,53.405329985310296,53.6403923034668,15591900,0.0,0.0,-0.008149793112768866,0.007392266262864193,14541390.0,53.03232955932617,0,8,11,2023,2,WMT
2023-11-09 00:00:00-05:00,53.66324747150073,53.71221847692019,53.297592066954614,53.51633071899414,15080100,0.0,0.0,-0.0023128388728178573,0.007422476366084818,14619690.0,53.11345920562744,0,9,11,2023,3,WMT
2023-11-10 00:00:00-05:00,53.72201186545679,54.3390570030698,53.50980043636376,54.25743865966797,14319900,0.0,0.0,0.013848257732116842,0.007875323496828474,14645235.0,53.217279243469235,0,10,11,2023,4,WMT
2023-11-13 00:00:00-05:00,54.319466011188474,54.805921782860665,54.21172755980299,54.74388885498047,15408900,0.0,0.0,0.008965594530987442,0.007890389089022653,14698275.0,53.3228946685791,0,13,11,2023,0,WMT
2023-11-14 00:00:00-05:00,54.90386791912819,55.22381408021412,54.60350717226823,54.73409652709961,19792500,0.0,0.0,-0.00017887526965432166,0.007904211755303429,15143250.0,53.42459259033203,0,14,11,2023,1,WMT
2023-11-15 00:00:00-05:00,54.97242278007974,55.48172943458776,54.6883857299458,55.42949295043945,35769900,0.0,0.0,0.012704995011574516,0.008254876784521544,16403790.0,53.55910148620605,0,15,11,2023,2,WMT
2023-11-16 00:00:00-05:00,51.828442193967376,52.0569773007765,50.76738500655058,50.94368362426758,97658700,0.0,0.0,-0.08092820423565339,0.020411090262449107,20699430.0,53.481889152526854,0,16,11,2023,3,WMT
2023-11-17 00:00:00-05:00,50.914302075988054,51.433401488947574,50.60741036555245,50.718414306640625,42487800,0.0,0.0,-0.004421928325568536,0.020256753566441077,22070985.0,53.426224899291995,0,17,11,2023,4,WMT
2023-11-20 00:00:00-05:00,50.78044399958282,50.933887976886446,50.607407136721235,50.70208740234375,26663100,0.0,0.0,-0.00032191275141535414,0.019946752901292837,22549290.0,53.33301544189453,0,20,11,2023,0,WMT
2023-11-21 00:00:00-05:00,50.75432512638955,51.208129843764894,50.32010955880178,50.884918212890625,29382300,0.0,0.0,0.003605981921336543,0.019655756522308054,23141655.0,53.212381744384764,0,21,11,2023,1,WMT
2023-11-22 00:00:00-05:00,50.83921116546463,50.946949625864406,50.40173009781761,50.49641036987305,26416500,0.0,0.0,-0.00763502933014748,0.019693948728973905,23631390.0,53.080321311950684,0,22,11,2023,2,WMT
2023-11-24 00:00:00-05:00,50.65311912192851,50.973065281203425,50.50620236232639,50.95021438598633,13975200,0.0,0.0,0.008986856942687416,0.01983153334158655,23519145.0,52.98711166381836,0,24,11,2023,4,WMT
2023-11-27 00:00:00-05:00,50.914297266606624,51.37463292065236,50.914297266606624,51.182010650634766,23393700,0.0,0.0,0.004549465933399333,0.019871232622362515,23997345.0,52.915286445617674,0,27,11,2023,0,WMT
2023-11-28 00:00:00-05:00,51.146099264625384,51.88393729331944,51.146099264625384,51.79252624511719,23535000,0.0,0.0,0.01192832377472941,0.019886563618421445,24541410.0,52.843787384033206,0,28,11,2023,1,WMT
2023-11-29 00:00:00-05:00,51.8349690120153,51.8349690120153,50.803297426502716,50.95674514770508,29896500,0.0,0.0,-0.016137098496733504,0.02014214366812177,25327815.0,52.72413291931152,0,29,11,2023,2,WMT
2023-11-30 00:00:00-05:00,50.9371528194051,51.04489127113441,50.44416982065783,50.82941436767578,29925900,0.0,0.0,-0.0024988012805804427,0.019974318445657686,26079135.0,52.57427921295166,0,30,11,2023,3,WMT
2023-12-01 00:00:00-05:00,50.7282071892111,50.803298310574434,49.83039415899082,50.388671875,39273600,0.0,0.0,-0.008671012604781536,0.01995392922172636,27268200.0,52.391777992248535,0,1,12,2023,4,WMT
2023-12-04 00:00:00-05:00,50.055660472912464,50.58129081515972,50.052394991982695,50.3756103515625,24883200,0.0,0.0,-0.00025921547346796636,0.019959682301529724,27650355.0,52.222662162780765,0,4,12,2023,0,WMT
2023-12-05 00:00:00-05:00,50.4245839803167,50.88165419181256,50.1927833934691,50.84247589111328,21883800,0.0,0.0,0.009267689985145822,0.02012940659927558,28018095.0,52.0732982635498,0,5,12,2023,1,WMT
2023-12-06 00:00:00-05:00,50.7837088212525,50.875123611487524,50.16340191260088,50.29072952270508,26447400,0.0,0.0,-0.010852075134772154,0.020131580901212396,28589295.0,51.8837776184082,0,6,12,2023,2,WMT
2023-12-07 00:00:00-05:00,50.57909952666471,50.6413591079008,49.88439255374557,49.95976257324219,25362600,0.19,0.0,-0.006581072746488337,0.02011525479261341,29077830.0,51.69974613189697,0,7,12,2023,3,WMT
2023-12-08 00:00:00-05:00,49.809020199725964,49.87783499168593,49.232284740853196,49.43545150756836,34069500,0.0,0.0,-0.010494666881276205,0.020176220805562323,30027300.0,51.49570217132568,0,8,12,2023,4,WMT
2023-12-11 00:00:00-05:00,49.52720607883703,49.628789462738716,49.00290111341712,49.559974670410156,31883400,0.0,0.0,0.002518904127389865,0.019811694530971754,30905475.0,51.26082897186279,0,11,12,2023,0,WMT
2023-12-12 00:00:00-05:00,49.553425165626514,49.710716673388426,49.22901307154741,49.59930419921875,21381900,0.0,0.0,0.000793574433202382,0.019606418832498702,31204125.0,51.00359973907471,0,12,12,2023,1,WMT
2023-12-13 00:00:00-05:00,49.66155930946482,50.48078536987305,49.36336061846272,50.48078536987305,35348700,0.0,0.0,0.017772047106019206,0.02022684823206678,31981935.0,50.79093418121338,0,13,12,2023,2,WMT
2023-12-14 00:00:00-05:00,50.30710667771201,50.444736257907344,49.78607933836541,49.864723205566406,30891300,0.0,0.0,-0.012203894210296995,0.019919434475200684,31738005.0,50.512695693969725,0,14,12,2023,3,WMT
2023-12-15 00:00:00-05:00,49.73693067610798,50.2874490436377,49.65828305210367,50.051513671875,70003500,0.0,0.0,0.0037459441124050308,0.008900630717292005,30355245.0,50.4680871963501,0,15,12,2023,4,WMT
2023-12-18 00:00:00-05:00,50.251404455804206,50.815029486676394,50.17930830344706,50.78226089477539,26316000,0.0,0.0,0.014599902566203804,0.009494811535648302,29546655.0,50.471279525756835,0,18,12,2023,0,WMT
2023-12-19 00:00:00-05:00,50.7396644318423,51.01820121974883,50.493896236615946,50.96577072143555,24417000,0.0,0.0,0.003613660034562205,0.009526213155977663,29434350.0,50.484463691711426,0,19,12,2023,1,WMT
2023-12-20 00:00:00-05:00,50.9297283636318,51.16566374878745,50.339886150617346,50.36937713623047,21967800,0.0,0.0,-0.01170184570473376,0.009856069622692483,29063625.0,50.458686637878415,0,20,12,2023,2,WMT
2023-12-21 00:00:00-05:00,50.46440237451223,50.81175771319525,50.43491139061584,50.72655487060547,20087700,0.0,0.0,0.007091168378139168,0.009842127577034907,28747185.0,50.47019386291504,0,21,12,2023,3,WMT
2023-12-22 00:00:00-05:00,50.939555929641124,51.49662953096153,50.84452775654247,51.332786560058594,19405500,0.0,0.0,0.011950973035711021,0.010001274007088978,29018700.0,50.48932247161865,0,22,12,2023,4,WMT
2023-12-26 00:00:00-05:00,51.33278657268613,51.444202793027706,51.15583316396726,51.2541389465332,11679900,0.0,0.0,-0.001532112686564835,0.009961538065664292,28433010.0,50.49292888641357,0,26,12,2023,1,WMT
2023-12-27 00:00:00-05:00,51.221367755468435,51.758783173266394,51.17221486667747,51.735843658447266,19896000,0.0,0.0,0.009398357319329032,0.009818702318400197,28251060.0,50.49009475708008,0,27,12,2023,2,WMT
2023-12-28 00:00:00-05:00,51.69979927231719,51.88330789706491,51.61132256933618,51.63426208496094,16776000,0.0,0.0,-0.001963466067296693,0.009076837407672175,27595035.0,50.52397060394287,0,28,12,2023,3,WMT
2023-12-29 00:00:00-05:00,51.62114524758719,51.80137624059767,51.49989996595959,51.66046905517578,21948300,0.0,0.0,0.0005075500095599317,0.009045921312435144,27196155.0,50.565523338317874,0,29,12,2023,4,WMT
2024-01-02 00:00:00-05:00,51.529401419627995,52.279812720078645,51.50973951326846,52.19789123535156,23539800,0.0,0.0,0.010402967491483395,0.008994627183390337,26409465.0,50.65598430633545,0,2,1,2024,1,WMT
2024-01-03 00:00:00-05:00,52.35517805861022,52.5288538407903,52.079915144294276,52.2011604309082,18756000,0.0,0.0,6.263079751445133e-05,0.008991029316167258,26103105.0,50.74726181030273,0,3,1,2024,2,WMT
2024-01-04 00:00:00-05:00,52.171673868499745,52.2798124779137,51.60804505588771,51.6965217590332,19282500,0.0,0.0,-0.00966719260087956,0.009160807384468459,25973040.0,50.78996410369873,0,4,1,2024,3,WMT
2024-01-05 00:00:00-05:00,51.74895199211309,51.807937710614226,50.988711620988184,51.352447509765625,21709500,0.0,0.0,-0.006655655691331974,0.008923091426865851,25736145.0,50.84305000305176,0,5,1,2024,4,WMT
2024-01-08 00:00:00-05:00,51.349173079008104,51.87020049924947,51.342617859838256,51.857093811035156,20680800,0.0,0.0,0.009827112936994231,0.00893565706989976,25502055.0,50.9379165649414,0,8,1,2024,0,WMT
2024-01-09 00:00:00-05:00,51.752228488812726,52.21427389849133,51.686691303081744,52.20444107055664,23322300,0.0,0.0,0.006698162854771539,0.008496361161592246,24964695.0,51.07636604309082,0,9,1,2024,1,WMT
2024-01-10 00:00:00-05:00,52.28636502674046,52.92208246304079,52.28636502674046,52.853267669677734,20121900,0.0,0.0,0.01242857093794325,0.008766052077652658,24376620.0,51.2410306930542,0,10,1,2024,2,WMT
2024-01-11 00:00:00-05:00,52.872932510553156,53.04988591763294,52.48625710250846,52.794288635253906,14355300,0.0,0.0,-0.0011159013817733099,0.00880462390790955,24025290.0,51.40077991485596,0,11,1,2024,3,WMT
2024-01-12 00:00:00-05:00,52.87948625571447,52.93519436381675,52.55507043506741,52.863101959228516,13629000,0.0,0.0,0.0013034236420919054,0.00810905260520348,22939305.0,51.51989574432373,0,12,1,2024,4,WMT
2024-01-16 00:00:00-05:00,52.902423330580696,53.21700633105019,52.83360853361082,53.03022384643555,17032500,0.0,0.0,0.0031614090171236953,0.007351111603663148,22246365.0,51.67817077636719,0,16,1,2024,1,WMT
2024-01-17 00:00:00-05:00,52.8827570884791,53.08264999431816,52.63698890512978,52.78117370605469,14827800,0.0,0.0,-0.004696381088302726,0.007552176675807398,19487580.0,51.81465377807617,0,17,1,2024,2,WMT
2024-01-18 00:00:00-05:00,52.81067489487279,53.54142431599426,52.65338338830347,53.492271423339844,18190500,0.0,0.0,0.013472563555432693,0.007462244128096972,19081305.0,51.950154304504395,0,18,1,2024,3,WMT
2024-01-19 00:00:00-05:00,53.55452700647033,53.6004060362901,52.90242151224681,53.210453033447266,19175400,0.0,0.0,-0.005268394524926001,0.007662199512311283,18819225.0,52.06238842010498,0,19,1,2024,4,WMT
2024-01-22 00:00:00-05:00,53.34480422709429,53.39723472459763,52.92208263782517,53.21372985839844,13938300,0.0,0.0,6.158235392428324e-05,0.0069593466034394294,18417750.0,52.20460605621338,0,22,1,2024,0,WMT
2024-01-23 00:00:00-05:00,53.12525481230319,53.364467792690476,53.01056098600099,53.34808349609375,12066600,0.0,0.0,0.002524792718962221,0.006884740570757935,18016695.0,52.335682487487794,0,23,1,2024,1,WMT
2024-01-24 00:00:00-05:00,53.38085217207586,53.436560280641174,52.535408965923125,52.59439468383789,22932900,0.0,0.0,-0.014127757978616873,0.007455480180651857,18193065.0,52.39876289367676,0,24,1,2024,2,WMT
2024-01-25 00:00:00-05:00,52.88931629827067,53.37102362404441,52.56817808108817,53.36119079589844,16369500,0.0,0.0,0.014579426508661397,0.007991246029380788,18427545.0,52.50411548614502,0,25,1,2024,3,WMT
2024-01-26 00:00:00-05:00,53.43000617648516,53.86583447592553,53.30220941019168,53.82979202270508,15746400,0.0,0.0,0.008781686087160123,0.0079625253688411,18220065.0,52.60881290435791,0,26,1,2024,4,WMT
2024-01-29 00:00:00-05:00,53.85600506185085,54.2033566554693,53.58402348387138,54.08211135864258,18240300,0.0,0.0,0.0046873548356098915,0.007926387042318645,18293280.0,52.73120536804199,0,29,1,2024,0,WMT
2024-01-30 00:00:00-05:00,53.970697071243855,54.33443294946643,53.61679027075701,54.2623405456543,15270000,0.0,0.0,0.0033325101865298024,0.007917021494385782,17959365.0,52.86129894256592,0,30,1,2024,1,WMT
2024-01-31 00:00:00-05:00,54.98653880033689,54.98653880033689,54.10504940267722,54.15092468261719,26134800,0.0,0.0,-0.0020532815561719042,0.00774992350593418,18089115.0,52.9589506149292,0,31,1,2024,2,WMT
2024-02-01 00:00:00-05:00,54.29838754030991,55.16677025789575,54.12798935615254,55.15365982055664,20792700,0.0,0.0,0.01851741486995029,0.00857819373668735,18190950.0,53.10657558441162,0,1,2,2024,3,WMT
2024-02-02 00:00:00-05:00,55.101224412965784,55.897514654750616,55.02585440548055,55.56654739379883,21670800,0.0,0.0,0.007486131919178574,0.008112036546808537,18310365.0,53.3000768661499,0,2,2,2024,4,WMT
2024-02-05 00:00:00-05:00,55.71073610160943,55.71073610160943,55.07501861450288,55.26835632324219,19145100,0.0,0.0,-0.005366377515654608,0.00803056704696879,18182145.0,53.49587230682373,0,5,2,2024,0,WMT
2024-02-06 00:00:00-05:00,55.31095011482173,55.69107403676329,55.16349144908903,55.64519500732422,14181300,0.0,0.0,0.006818344332117476,0.007937620213985273,17857170.0,53.68527736663818,0,6,2,2024,1,WMT
2024-02-07 00:00:00-05:00,55.79593494170419,55.92373170177303,55.44530575357941,55.50428771972656,17082600,0.0,0.0,-0.002532245373191855,0.00801361071983704,17545185.0,53.85026969909668,0,7,2,2024,2,WMT
2024-02-08 00:00:00-05:00,55.504284753733614,55.887682513702444,55.42564088636491,55.50101089477539,14427900,0.0,0.0,-5.9037330011668665e-05,0.007729965743424235,17260485.0,53.98265686035156,0,8,2,2024,3,WMT
2024-02-09 00:00:00-05:00,55.50756185485143,55.618978061906034,55.35354798048168,55.47151565551758,14329800,0.0,0.0,-0.0005314360726461631,0.007716767860768256,17259210.0,54.11651821136475,0,9,2,2024,4,WMT
2024-02-12 00:00:00-05:00,55.45513785210116,55.825428965821295,55.3961521326158,55.80576705932617,14795100,0.0,0.0,0.006025640364404783,0.00775025188166598,17317515.0,54.26365146636963,0,12,2,2024,0,WMT
2024-02-13 00:00:00-05:00,55.91062893632125,56.058091362281864,55.14055571213867,55.4256477355957,18574200,0.0,0.0,-0.006811470279162513,0.008037267376370246,17394600.0,54.383422660827634,0,13,2,2024,1,WMT
2024-02-14 00:00:00-05:00,55.29784063023142,55.34043829812685,54.90133618228254,55.248687744140625,18484500,0.0,0.0,-0.0031927455732994048,0.007975745441974581,17577435.0,54.506798362731935,0,14,2,2024,2,WMT
2024-02-15 00:00:00-05:00,55.64191686475296,55.65830491091342,55.04224562965424,55.474796295166016,16948800,0.0,0.0,0.004092559665353601,0.007549656639179912,17515350.0,54.60592460632324,0,15,2,2024,3,WMT
2024-02-16 00:00:00-05:00,55.80248468036477,56.33990007829709,55.47479501707974,55.82542419433594,22373400,0.0,0.0,0.006320490070920171,0.007418286552316724,17675250.0,54.73667316436767,0,16,2,2024,4,WMT
2024-02-20 00:00:00-05:00,58.48627354757176,59.42674863074327,57.42127931588011,57.627723693847656,71788500,0.0,0.0,0.03228456434540772,0.009945926660655942,20567760.0,54.95737285614014,0,20,2,2024,1,WMT
2024-02-21 00:00:00-05:00,57.345909691076415,57.53597352458457,56.624989417808315,56.91991424560547,40551600,0.0,0.0,-0.012282446761258337,0.010594528582566666,21992010.0,55.13596439361572,0,21,2,2024,2,WMT
2024-02-22 00:00:00-05:00,56.978901135258006,57.49993229263621,56.79211864495279,57.48027038574219,29512800,0.0,0.0,0.009844641327441561,0.009849076909229055,22321005.0,55.38025817871094,0,22,2,2024,3,WMT
2024-02-23 00:00:00-05:00,57.7030985608639,58.21429688513042,57.447501273793264,57.529422760009766,74365800,0.0,0.0,0.0008551173113440225,0.009584182477624898,25220820.0,55.588669776916504,0,23,2,2024,4,WMT
2024-02-26 00:00:00-05:00,58.1192624419927,58.82707605262576,57.19517536709684,58.59113693237305,32154800,0.0,3.0,0.0184551507980939,0.010079530217489025,26041240.0,55.826737022399904,0,26,2,2024,0,WMT
2024-02-27 00:00:00-05:00,58.63046316384489,58.787754667129924,58.21757437401864,58.5813102722168,18012700,0.0,0.0,-0.00016771581284713566,0.010127920073330634,26029860.0,56.051696968078616,0,27,2,2024,1,WMT
2024-02-28 00:00:00-05:00,58.54198308773839,58.74842747076347,58.306047721459734,58.61079788208008,14803300,0.0,0.0,0.0005033620744612222,0.01015820723689648,26006525.0,56.269119834899904,0,28,2,2024,2,WMT
2024-02-29 00:00:00-05:00,58.443682199701136,58.483006014079194,57.59823894119965,57.61790084838867,29245100,0.0,0.0,-0.01694051385700346,0.011118277848672233,26162040.0,56.44246864318848,0,29,2,2024,3,WMT
2024-03-01 00:00:00-05:00,57.804677967216136,57.85383085555614,57.21483580688613,57.76535415649414,19017700,0.0,0.0,0.002559157934154177,0.010514836767356026,26073290.0,56.57305335998535,0,1,3,2024,4,WMT
2024-03-04 00:00:00-05:00,57.509761347261026,58.38469557799419,57.41145556295685,58.29621887207031,16033300,0.0,0.0,0.009190019230869595,0.010565269228299121,25791415.0,56.709536933898924,0,4,3,2024,0,WMT
2024-03-05 00:00:00-05:00,58.856564951152116,59.31861034729296,58.571476701525285,59.02368927001953,19676900,0.0,0.0,0.012478860756743648,0.010623501574842155,25818005.0,56.89730358123779,0,5,3,2024,1,WMT
2024-03-06 00:00:00-05:00,59.102332395948544,59.59386876858647,59.02368852639143,59.544715881347656,12698700,0.0,0.0,0.00882741519162833,0.010667475893747605,25743875.0,57.09227962493897,0,6,3,2024,2,WMT
2024-03-07 00:00:00-05:00,59.967441913082034,60.03625671034933,59.328443081171244,59.33827590942383,16195300,0.0,0.0,-0.003466973834171827,0.01069705281960098,25699510.0,57.28397903442383,0,7,3,2024,3,WMT
2024-03-08 00:00:00-05:00,58.9843691951896,59.25962838472709,58.71893908379622,59.10233688354492,12132000,0.0,0.0,-0.003976169213932845,0.010799077839536523,25584715.0,57.4640453338623,0,8,3,2024,4,WMT
2024-03-11 00:00:00-04:00,59.08267564896364,59.6823506759537,58.85656934782604,59.63319778442383,14154000,0.0,0.0,0.00898206278924163,0.010835372482842566,25575925.0,57.672129440307614,0,11,3,2024,0,WMT
2024-03-12 00:00:00-04:00,59.91828229692228,60.527786325789336,59.623361234575306,60.3704948425293,16613100,0.0,0.0,0.012363869212092649,0.010999070719171033,25666825.0,57.90036582946777,0,12,3,2024,1,WMT
2024-03-13 00:00:00-04:00,60.22303295039538,60.41964824368006,59.84946801829178,60.24269485473633,15935200,0.0,0.0,-0.0021169279484344328,0.010804668761478562,25534875.0,58.141218185424805,0,13,3,2024,2,WMT
2024-03-14 00:00:00-04:00,60.447874038894156,60.60570123888224,59.777107498220495,60.19140625,16584700,0.208,0.0,-0.0008513663749605271,0.010732445342437244,25439885.0,58.38835411071777,0,14,3,2024,3,WMT
2024-03-15 00:00:00-04:00,59.856021881103516,60.31964091882709,59.63900807401637,59.856021881103516,50904600,0.0,0.0,-0.005571964334966539,0.01095970583631795,27137675.0,58.60741539001465,0,15,3,2024,4,WMT
2024-03-18 00:00:00-04:00,59.86588725857974,60.0730385218877,59.56996172043641,60.0335807800293,16801700,0.0,0.0,0.002966433340299224,0.010945800089298557,26859090.0,58.817823219299314,0,18,3,2024,0,WMT
2024-03-19 00:00:00-04:00,60.14208612454146,60.240726713724705,59.77710766618943,60.04344177246094,12353600,0.0,0.0,0.00016425794203045463,0.008645153744158106,23887345.0,58.93860912322998,0,19,3,2024,1,WMT
2024-03-20 00:00:00-04:00,60.013852916280406,60.447876795314784,59.91521232287632,60.41828536987305,12007600,0.0,0.0,0.006242873265536852,0.007991853082065261,22460145.0,59.11352767944336,0,20,3,2024,2,WMT
2024-03-21 00:00:00-04:00,60.44787274064664,60.8227137436543,60.22099638071751,60.61556625366211,14265900,0.0,0.0,0.003265251282477344,0.007829788489264447,21697800.0,59.27029247283936,0,21,3,2024,3,WMT
2024-03-22 00:00:00-04:00,60.4873319495801,60.694479444603296,60.02371290204483,60.04344177246094,14025400,0.0,0.0,-0.009438573563875674,0.008281891330395466,18680780.0,59.39599342346192,0,22,3,2024,4,WMT
2024-03-25 00:00:00-04:00,60.043438330867865,60.16181154657953,59.54036533423299,59.74751281738281,14186600,0.0,0.0,-0.004928580813198025,0.0074734925370405205,17782370.0,59.453812217712404,0,25,3,2024,0,WMT
2024-03-26 00:00:00-04:00,59.6390113077818,60.00398977819966,59.4121349348422,59.688331604003906,13738300,0.0,0.0,-0.0009905217905855634,0.007482542718475188,17568650.0,59.509163284301756,0,26,3,2024,1,WMT
2024-03-27 00:00:00-04:00,60.04344199393979,60.220998065442394,59.5600978371028,59.89548110961914,14363400,0.0,0.0,0.0034705192798745177,0.007502336706345922,17546655.0,59.57339744567871,0,27,3,2024,2,WMT
2024-03-28 00:00:00-04:00,59.83629516018953,59.94480206763025,59.34308468120251,59.35294723510742,17535100,0.0,0.0,-0.009058010127989236,0.006664334730944261,16961155.0,59.66014976501465,0,28,3,2024,3,WMT
2024-04-01 00:00:00-04:00,59.49104497252726,59.93493136078445,59.11620398234179,59.18525314331055,13837600,0.0,0.0,-0.0028253709311621966,0.006727990471923338,16702150.0,59.731144714355466,0,1,4,2024,0,WMT
2024-04-02 00:00:00-04:00,59.08661590264921,59.28389708063686,58.0804660907436,58.35666275024414,19510100,0.0,0.0,-0.01399994676140126,0.00726218271644108,16875990.0,59.73416690826416,0,2,4,2024,1,WMT
2024-04-03 00:00:00-04:00,58.57368080056652,58.692050268505135,58.13965314662903,58.62300109863281,14615100,0.0,0.0,0.00456397497452099,0.0067482509076323745,16622900.0,59.71413249969483,0,3,4,2024,2,WMT
2024-04-04 00:00:00-04:00,58.731504860635404,58.99783897137919,58.48489962063902,58.692047119140625,14436100,0.0,0.0,0.0011777974381017575,0.0064109211811774125,16709770.0,59.67149906158447,0,4,4,2024,3,WMT
2024-04-05 00:00:00-04:00,58.74136694740597,59.224714869629786,58.6821840985318,59.03729248046875,10332300,0.0,0.0,0.005882319296638405,0.0065382445812905135,16416620.0,59.65644989013672,0,5,4,2024,4,WMT
2024-04-08 00:00:00-04:00,58.7906865748627,59.22471419713053,58.61313050446172,58.96824264526367,11070100,0.0,0.0,-0.0011695969158463937,0.0064835879030518025,16363525.0,59.64974517822266,0,8,4,2024,0,WMT
2024-04-09 00:00:00-04:00,59.05701916894151,59.15566351824913,58.49475954802815,58.97810745239258,10015900,0.0,0.0,0.00016729016647576422,0.0061237981322039255,16156620.0,59.616990661621095,0,9,4,2024,1,WMT
2024-04-10 00:00:00-04:00,58.810419656155226,59.93493900728071,58.58354327504197,59.79684066772461,15097600,0.0,0.0,0.013881985209391656,0.006298991087222542,16080845.0,59.58830795288086,0,10,4,2024,2,WMT
2024-04-11 00:00:00-04:00,59.92507024242214,60.06316856766624,59.25430372303898,59.27403259277344,10987600,0.0,0.0,-0.008743071859870999,0.006559678125370542,15833465.0,59.53987483978271,0,11,4,2024,3,WMT
2024-04-12 00:00:00-04:00,59.18525829446114,59.89548259812184,59.1359379984619,59.32335662841797,12278100,0.0,0.0,0.0008321356500813337,0.006569639319434704,15618135.0,59.49647235870361,0,12,4,2024,4,WMT
2024-04-15 00:00:00-04:00,59.688329310208076,59.87575169670588,59.09647825249258,59.116207122802734,10557200,0.0,0.0,-0.003491870949122955,0.006504687660820973,13600765.0,59.45948162078857,0,15,4,2024,0,WMT
2024-04-16 00:00:00-04:00,59.214846292449145,59.47131783743784,58.96824106382772,59.027427673339844,14726300,0.0,0.0,-0.0015017785102225956,0.0064522132537006656,13496995.0,59.4091739654541,0,16,4,2024,1,WMT
2024-04-17 00:00:00-04:00,59.33322207523393,59.60941873909716,58.761096113920296,58.84001159667969,15329700,0.0,0.0,-0.0031750676600261762,0.006468454036888866,13645800.0,59.34900245666504,0,17,4,2024,2,WMT
2024-04-18 00:00:00-04:00,59.01757044064952,59.126073590191524,58.41585302650135,58.45530700683594,12061500,0.0,0.0,-0.006538146057494254,0.006346270858217163,13648495.0,59.250853538513184,0,18,4,2024,3,WMT
2024-04-19 00:00:00-04:00,58.6427221972661,58.859732232572334,58.169240625374734,58.72163391113281,14160200,0.0,0.0,0.004556077419381799,0.006404978186814453,13643210.0,59.15615692138672,0,19,4,2024,4,WMT
2024-04-22 00:00:00-04:00,58.751234421611485,59.579828188249834,58.23829506484514,59.32335662841797,14910000,0.0,0.0,0.010247036351130445,0.006639839983420971,13687440.0,59.12015266418457,0,22,4,2024,0,WMT
2024-04-23 00:00:00-04:00,59.43186104353565,59.53050163139507,57.7648110261691,58.28761291503906,17963900,0.0,0.0,-0.017459290442151887,0.007594172685950173,13876305.0,59.04715766906738,0,23,4,2024,1,WMT
2024-04-24 00:00:00-04:00,58.179104280340034,59.224711789879585,58.011414533386855,59.0570182800293,18529100,0.0,0.0,0.013200152253819875,0.00825021760099483,14115845.0,59.01559200286865,0,24,4,2024,2,WMT
2024-04-25 00:00:00-04:00,59.234579256911324,59.70806087704649,59.0175691994936,59.39240646362305,19263000,0.0,0.0,0.0056790571783262855,0.008320626798684824,14360825.0,58.990438270568845,0,25,4,2024,3,WMT
2024-04-26 00:00:00-04:00,59.293758323005086,59.56995495886914,59.18525142665937,59.34307861328125,11045200,0.0,0.0,-0.0008305413651156224,0.00806903687763341,14036330.0,58.98994483947754,0,26,4,2024,4,WMT
2024-04-29 00:00:00-04:00,59.36281427217016,59.56996177276271,59.12607158370912,59.422000885009766,9785100,0.0,0.0,0.0013299322106765654,0.008045306388544192,13833705.0,59.0017822265625,0,29,4,2024,0,WMT
2024-04-30 00:00:00-04:00,59.382542717785576,59.48118330891435,58.356664013297944,58.54408264160156,14209200,0.0,0.0,-0.01477429622585591,0.008118919867598676,13568660.0,59.01115322113037,0,30,4,2024,1,WMT
2024-05-01 00:00:00-04:00,58.50463315499751,58.60327375370012,57.922644591697775,58.05087661743164,15464300,0.0,0.0,-0.008424523912847981,0.008268863394522548,13611120.0,58.982546997070315,0,1,5,2024,2,WMT
2024-05-02 00:00:00-04:00,58.13964824263204,59.076748878438686,57.78453986876908,58.899192810058594,17574100,0.0,0.0,0.01461332269308424,0.008928203919997863,13768020.0,58.99290428161621,0,2,5,2024,3,WMT
2024-05-03 00:00:00-04:00,58.81041692803763,59.16552907779315,58.336935315996065,59.0077018737793,14207400,0.0,0.0,0.0018422843937884181,0.008838461125093719,13961775.0,58.99142475128174,0,3,5,2024,4,WMT
2024-05-06 00:00:00-04:00,59.185254050750444,59.185254050750444,58.58353669917094,59.0570182800293,11119400,0.0,0.0,0.0008357621917811642,0.008835724815370554,13964240.0,58.99586353302002,0,6,5,2024,0,WMT
2024-05-07 00:00:00-04:00,59.352950459938874,59.9743967508389,59.23458099216186,59.79684066772461,14520200,0.0,0.0,0.012527256018705746,0.00926174856699234,14189455.0,59.03680019378662,0,7,5,2024,1,WMT
2024-05-08 00:00:00-04:00,59.806702815704064,60.02371286435039,59.40227037967108,59.48118209838867,11015700,0.0,0.0,-0.005278850283913283,0.00880970374278562,13985360.0,59.02101726531983,0,8,5,2024,2,WMT
2024-05-09 00:00:00-04:00,59.588083284684686,59.96422173996955,59.340624470193404,59.82564163208008,14550500,0.208,0.0,0.005791067385339188,0.00866863455275387,14163505.0,59.048597717285155,0,9,5,2024,3,WMT
2024-05-10 00:00:00-04:00,59.79595002111962,59.96422398475246,59.54849119736463,59.865238189697266,12356600,0.0,0.0,0.0006618659915207381,0.008668373752540563,14167430.0,59.07569179534912,0,10,5,2024,4,WMT
2024-05-13 00:00:00-04:00,60.00381252737079,60.72639181554652,59.677168854378245,59.79594802856445,19260500,0.0,0.0,-0.0011574356542815023,0.008627548989016739,14602595.0,59.10967884063721,0,13,5,2024,0,WMT
2024-05-14 00:00:00-04:00,59.904832278875965,59.934526129318094,58.835808351895636,59.25154113769531,18780100,0.0,0.0,-0.00910441106492832,0.00888888998878731,14805285.0,59.12088451385498,0,14,5,2024,1,WMT
2024-05-15 00:00:00-04:00,59.22185134887695,59.330730066606,58.865510015444485,59.22185134887695,22240600,0.0,0.0,-0.00050108044868169,0.008855070302523912,15150830.0,59.139976501464844,0,15,5,2024,2,WMT
2024-05-16 00:00:00-04:00,63.567224248231426,63.76518828772407,62.30023249513079,63.35935974121094,60545600,0.0,0.0,0.06986455671505176,0.017742525541906216,17575035.0,59.385179138183595,0,16,5,2024,3,WMT
2024-05-17 00:00:00-04:00,63.58701896515208,64.22051296702864,62.98322259055993,63.992855072021484,29330400,0.0,0.0,0.009998449059429149,0.01779025342249868,18333545.0,59.648740196228026,0,17,5,2024,4,WMT
2024-05-20 00:00:00-04:00,63.76518820976446,64.10173613870333,63.220779549981245,63.52762985229492,15001400,0.0,0.0,-0.007269955672441375,0.017920708911965167,18338115.0,59.858953857421874,0,20,5,2024,0,WMT
2024-05-21 00:00:00-04:00,63.874069487558444,64.52736439803569,63.79488085261989,64.4877700805664,17131700,0.0,0.0,0.015113742327611757,0.017380258488543104,18296505.0,60.168961715698245,0,21,5,2024,1,WMT
2024-05-22 00:00:00-04:00,64.31950163487363,65.02228379731291,64.07204280788046,64.58675384521484,14879400,0.0,0.0,0.001534923048583936,0.017293376464266465,18114020.0,60.44544849395752,0,22,5,2024,2,WMT
2024-05-23 00:00:00-04:00,64.50757095508851,64.8540118333744,63.90377075928535,64.18092346191406,16222900,0.0,0.0,-0.006283492498684318,0.017460974675913545,17962015.0,60.68487434387207,0,23,5,2024,3,WMT
2024-05-24 00:00:00-04:00,64.46796478044106,65.02227763563158,64.34918938792002,64.71542358398438,11793800,0.0,0.0,0.008328021680577669,0.01744703761545789,17999445.0,60.953491592407225,0,24,5,2024,4,WMT
2024-05-28 00:00:00-04:00,64.55706165329852,64.80452048665103,64.0819373704502,64.37889099121094,13349600,0.0,0.0,-0.005200191455699943,0.017569808352013,18177670.0,61.20133609771729,0,28,5,2024,1,WMT
2024-05-29 00:00:00-04:00,64.09183875112026,64.54716210475245,63.992856726738374,64.2601089477539,11538600,0.0,0.0,-0.0018450464372437025,0.017067308198089333,18044140.0,61.487137413024904,0,29,5,2024,2,WMT
2024-05-30 00:00:00-04:00,64.27000966451317,64.50756803431808,64.1116323834136,64.23041534423828,13053500,0.0,0.0,-0.0004620845498374271,0.016833803421452274,17923600.0,61.79611434936523,0,30,5,2024,3,WMT
2024-05-31 00:00:00-04:00,64.01265114931347,65.23015196931016,63.50784055122331,65.0915756225586,27632200,0.0,0.0,0.013407359639588057,0.016800438990814667,18426505.0,62.105733489990236,0,31,5,2024,4,WMT
2024-06-03 00:00:00-04:00,64.84411628582127,65.1707562138982,64.49767542159152,65.15096282958984,11578700,0.0,0.0,0.0009123639497623515,0.016811329592966946,18295070.0,62.41289653778076,0,3,6,2024,0,WMT
2024-06-04 00:00:00-04:00,65.31923448320879,65.96262898931224,65.16086474967949,65.92303466796875,14780800,0.0,0.0,0.011850505423816271,0.016844887882210422,18478140.0,62.75619735717773,0,4,6,2024,1,WMT
2024-06-05 00:00:00-04:00,65.89333190354806,66.4674381576198,65.60627877651218,66.40804290771484,14982700,0.0,0.0,0.007357189216014026,0.016773221047826546,18501265.0,63.08675746917724,0,5,6,2024,2,WMT
2024-06-06 00:00:00-04:00,66.37835626492773,66.75449853173441,66.09130310672846,66.46744537353516,13256000,0.0,0.0,0.0008945070991304149,0.01662276252846397,18613280.0,63.43607063293457,0,6,6,2024,3,WMT
2024-06-07 00:00:00-04:00,66.71490399528409,66.88317419207638,64.97279166751171,65.2103500366211,20213200,0.0,0.0,-0.018912947983022566,0.01750941597632,18896415.0,63.70530605316162,0,7,6,2024,4,WMT
2024-06-10 00:00:00-04:00,66.50703096335543,66.64560729024751,65.59637681998026,66.27936553955078,21667400,0.0,0.0,0.016393340970096704,0.01768234155349736,19361955.0,64.0260124206543,0,10,6,2024,0,WMT
2024-06-11 00:00:00-04:00,66.26946945576286,66.27936992315092,65.67556979382543,66.05171203613281,13367500,0.0,0.0,-0.003434756829138963,0.017733006262092316,19067305.0,64.33880062103272,0,11,6,2024,1,WMT
2024-06-12 00:00:00-04:00,66.17048299474581,66.25957209156915,65.23014255579942,65.63597106933594,11704700,0.0,0.0,-0.006294173973408146,0.01762506828944328,18713535.0,64.65802211761475,0,12,6,2024,2,WMT
2024-06-13 00:00:00-04:00,65.626082728812,66.08140605585942,65.27963433593675,66.02201080322266,11196600,0.0,0.0,0.005881526967566497,0.017572731007413675,18161335.0,64.99803009033204,0,13,6,2024,3,WMT
2024-06-14 00:00:00-04:00,65.86363607270013,66.427841842837,65.62607773575918,66.33875274658203,12590100,0.0,0.0,0.004797520395181776,0.00895944139975926,15763560.0,65.14699974060059,0,14,6,2024,4,WMT
2024-06-17 00:00:00-04:00,66.23978534758686,66.75450400165319,65.73497471420974,66.73470306396484,12103000,0.0,0.0,0.005968612628207914,0.008822369425561638,14902190.0,65.28409214019776,0,17,6,2024,0,WMT
2024-06-18 00:00:00-04:00,66.9425509029458,67.18011678488601,66.61591103100353,66.91285705566406,12093500,0.0,0.0,0.0026695854408531616,0.008540017161913294,14756795.0,65.4533535003662,0,18,6,2024,1,WMT
2024-06-20 00:00:00-04:00,66.66540775710722,67.43747810380296,66.61592052186819,67.3187026977539,13860800,0.0,0.0,0.0060652864030634746,0.008070866506320065,14593250.0,65.59490013122559,0,20,6,2024,3,WMT
2024-06-21 00:00:00-04:00,67.56615977817587,67.85321292176108,67.1405302965625,67.21971893310547,25891500,0.0,0.0,-0.0014703754035910732,0.008111411039785821,15143855.0,65.72654838562012,0,21,6,2024,4,WMT
2024-06-24 00:00:00-04:00,67.35829513153413,68.33822996322924,67.2098183262848,68.19965362548828,12470400,0.0,0.0,0.014578083751852766,0.008324463980513635,14956230.0,65.92748489379883,0,24,6,2024,0,WMT
2024-06-25 00:00:00-04:00,66.48724420577585,66.90297327509055,65.87355107064798,66.73470306396484,20904000,0.0,0.0,-0.021480322606447055,0.00986096331888754,15411740.0,66.02844886779785,0,25,6,2024,1,WMT
2024-06-26 00:00:00-04:00,66.71489534179828,67.90269458512198,66.52682423339871,67.5958480834961,14177500,0.0,0.0,0.012904006161619463,0.010034859803576709,15453135.0,66.18929672241211,0,26,6,2024,2,WMT
2024-06-27 00:00:00-04:00,67.59585379961982,67.88290694392992,66.98215319262815,67.19001770019531,12899200,0.0,0.0,-0.0060037767822587185,0.010171550718308385,15521165.0,66.33579216003417,0,27,6,2024,3,WMT
2024-06-28 00:00:00-04:00,67.18011339164677,67.40777124386996,66.63570104616912,67.02173614501953,18816700,0.0,0.0,-0.0025045618521289947,0.0102107199502505,15809325.0,66.47535820007325,0,28,6,2024,4,WMT
2024-07-01 00:00:00-04:00,67.19991882253086,67.54635967185179,66.56642482610285,66.7940902709961,8666000,0.0,0.0,-0.0033965976878137516,0.009925533500240091,14861015.0,66.56048393249512,0,1,7,2024,0,WMT
2024-07-02 00:00:00-04:00,66.75449637208546,67.38799037249778,66.57632571247922,67.37808990478516,9436500,0.0,0.0,0.008743282997337953,0.010061357073996562,14753905.0,66.67184028625488,0,2,7,2024,1,WMT
2024-07-03 00:00:00-04:00,67.12072673620618,67.55625666831351,66.93266317157745,67.54635620117188,6287500,0.0,0.0,0.00249734441306515,0.00977963209427944,14329240.0,66.75300636291504,0,3,7,2024,2,WMT
2024-07-05 00:00:00-04:00,67.46716893122652,69.43693880848893,67.40777368566837,69.32805633544922,21586100,0.0,0.0,0.02637744261098174,0.011221933886498092,14659410.0,66.89900703430176,0,5,7,2024,4,WMT
2024-07-08 00:00:00-04:00,69.18949044276494,69.42704880526966,68.64507799552057,68.97172546386719,12077700,0.0,0.0,-0.0051397787622646796,0.011339767855476789,14600495.0,67.02422103881835,0,8,7,2024,0,WMT
2024-07-09 00:00:00-04:00,69.18949127197266,69.53593212807822,68.96182582262085,69.18949127197266,9758400,0.0,0.0,0.0031573199980265976,0.010225707210715706,14077755.0,67.22317810058594,0,9,7,2024,1,WMT
2024-07-10 00:00:00-04:00,69.38745134905578,69.72399926991193,69.01131666277546,69.69430541992188,10803400,0.0,0.0,0.0072961101269681805,0.009792464296948536,13534555.0,67.3939250946045,0,10,7,2024,2,WMT
2024-07-11 00:00:00-04:00,69.46664220563603,69.73389441593893,68.55599553487433,69.09050750732422,15624800,0.0,0.0,-0.008663518618338362,0.010027919458903654,13647420.0,67.54586486816406,0,11,7,2024,3,WMT
2024-07-12 00:00:00-04:00,69.18948876854128,69.31816463848348,68.46690567894214,68.53619384765625,12145300,0.0,0.0,-0.00802300749649587,0.01011298405338424,13669450.0,67.69087600708008,0,12,7,2024,4,WMT
2024-07-15 00:00:00-04:00,68.5955887787044,69.25877661211808,68.5955887787044,68.90243530273438,10171100,0.0,0.0,0.005343767059667881,0.010103426523939994,13618175.0,67.83489723205567,0,15,7,2024,0,WMT
2024-07-16 00:00:00-04:00,69.11030189019723,69.52603091305616,68.87274352739844,69.27857208251953,9836800,0.0,0.0,0.005458976567846108,0.010113503271972635,13480510.0,67.98188819885254,0,16,7,2024,1,WMT
2024-07-17 00:00:00-04:00,69.46664018046745,70.377286824681,69.23897474349214,70.30799865722656,13533800,0.0,0.0,0.014859234879738281,0.0104758913468509,13552050.0,68.16055297851562,0,17,7,2024,2,WMT
2024-07-18 00:00:00-04:00,69.9615518507428,70.46636991446407,69.71409305211282,70.10012817382812,10682700,0.0,0.0,-0.0029565694852426994,0.010550987258586095,13481510.0,68.31991653442383,0,18,7,2024,3,WMT
2024-07-19 00:00:00-04:00,70.47626849469422,70.60495191350638,69.93186362504929,70.03084564208984,11665500,0.0,0.0,-0.0009883367340852711,0.010539274559241777,13371745.0,68.45552368164063,0,19,7,2024,4,WMT
2024-07-22 00:00:00-04:00,70.13972844353606,70.53566406533237,69.51613493670148,69.66460418701172,12666100,0.0,0.0,-0.005229716301726417,0.010638039584251458,12710475.0,68.57776794433593,0,22,7,2024,0,WMT
2024-07-23 00:00:00-04:00,69.75369884043995,69.98135674359654,69.39735750764797,69.93186950683594,9263600,0.0,0.0,0.003836457881921662,0.010224272819638995,12550135.0,68.66437873840331,0,23,7,2024,1,WMT
2024-07-24 00:00:00-04:00,69.8031889801881,70.11993600563784,69.6250183063823,69.88237762451172,22490800,0.0,0.0,-0.0007077157049173444,0.008734414120932567,12629475.0,68.82176246643067,0,24,7,2024,2,WMT
2024-07-25 00:00:00-04:00,69.88237198326968,70.05064217499023,69.23897751580644,69.30826568603516,18821200,0.0,0.0,-0.00821540362523654,0.008666797321332836,12861660.0,68.90738334655762,0,25,7,2024,3,WMT
2024-07-26 00:00:00-04:00,69.51613966527665,69.52603258140769,68.13036867064962,69.07070922851562,16789300,0.0,0.0,-0.0034275342943316245,0.008571352073491478,13056165.0,69.00141792297363,0,26,7,2024,4,WMT
2024-07-29 00:00:00-04:00,69.13999615325245,69.18949094039218,68.4273135087683,68.91233825683594,10315300,0.0,0.0,-0.002292881793869106,0.008566385557407444,12631095.0,69.09594802856445,0,29,7,2024,0,WMT
2024-07-30 00:00:00-04:00,68.8430509212925,69.13999699220125,68.27884507953715,68.48670959472656,12522500,0.0,0.0,-0.006176378176619979,0.008670673751185373,12823920.0,69.18057899475097,0,30,7,2024,1,WMT
2024-07-31 00:00:00-04:00,68.47680320337778,68.54609136911398,67.59585043108468,67.94229125976562,22908800,0.0,0.0,-0.007949255237732378,0.008718481514645406,13497535.0,69.2087890625,0,31,7,2024,2,WMT
2024-08-01 00:00:00-04:00,68.20955223234837,69.09050502046094,67.82350952849315,69.08060455322266,17275500,0.0,0.0,0.01675411989131903,0.009446847900790497,14046935.0,69.28550148010254,0,1,8,2024,3,WMT
2024-08-02 00:00:00-04:00,68.89253361844663,69.52602759019628,67.05143940309803,67.76412200927734,23578700,0.0,0.0,-0.01905719488790858,0.008478241303541785,14146565.0,69.20730476379394,0,2,8,2024,4,WMT
2024-08-05 00:00:00-04:00,67.40777982907262,67.88290407762442,66.22988100259457,66.90296173095703,20770500,0.0,0.0,-0.01270820388113958,0.00882939367238088,14581205.0,69.10386657714844,0,5,8,2024,0,WMT
2024-08-06 00:00:00-04:00,67.1504270327124,67.93239787141461,66.9920573024602,67.05144500732422,14815100,0.0,0.0,0.002219382707813411,0.008805900991162274,14834040.0,68.99696426391601,0,6,8,2024,1,WMT
2024-08-07 00:00:00-04:00,67.18012223595606,67.31869856907717,66.13089171852563,66.2298812866211,18499200,0.0,0.0,-0.012252736993414337,0.008859276626321723,15218830.0,68.82374305725098,0,7,8,2024,2,WMT
2024-08-08 00:00:00-04:00,66.16058733179085,67.22961126022997,65.99231714449321,66.97225952148438,12489800,0.0,0.0,0.011209113174316387,0.00923894614717229,15062080.0,68.71783065795898,0,8,8,2024,3,WMT
2024-08-09 00:00:00-04:00,67.16032583839004,67.52656763028966,66.64561478800543,67.25930786132812,13805600,0.0,0.0,0.004286078174675634,0.00919247930060498,15145095.0,68.65398635864258,0,9,8,2024,4,WMT
2024-08-12 00:00:00-04:00,67.64534476304684,68.51640471155332,67.37809253911065,68.0016860961914,17385300,0.0,0.0,0.011037553886130924,0.009479697088246943,15505805.0,68.60894889831543,0,12,8,2024,0,WMT
2024-08-13 00:00:00-04:00,67.73443838924912,67.91260906770304,66.45754978563687,67.43748474121094,26557900,0.0,0.0,-0.008296873024330353,0.009514763883601545,16341860.0,68.51689453125,0,13,8,2024,1,WMT
2024-08-14 00:00:00-04:00,67.22961358875506,68.09077304179829,67.16032541794773,67.96209716796875,22928600,0.0,0.0,0.007779240711171198,0.008999558676460701,16811600.0,68.39959945678712,0,14,8,2024,2,WMT
2024-08-15 00:00:00-04:00,73.36659722197606,73.68334422482755,72.04021395564256,72.43614959716797,49567500,0.0,0.0,0.0658315828327305,0.01755481170398037,18755840.0,68.5164005279541,0,15,8,2024,3,WMT
2024-08-16 00:00:00-04:00,72.16614432257157,73.0694656206537,71.98746580060862,72.91063690185547,19872100,0.208,0.0,0.006550421403211271,0.017573110111583315,19166170.0,68.66039009094239,0,16,8,2024,4,WMT
2024-08-19 00:00:00-04:00,72.85107898345123,73.43675040978596,72.80144311612166,73.17865753173828,13709300,0.0,0.0,0.003676015479656236,0.01748864809115373,19218330.0,68.83609275817871,0,19,8,2024,0,WMT
2024-08-20 00:00:00-04:00,73.20843031708864,74.20108699935426,73.17865182835979,73.99263000488281,14434000,0.0,0.0,0.011123085618119033,0.01759125537052375,19476850.0,69.03913078308105,0,20,8,2024,1,WMT
2024-08-21 00:00:00-04:00,74.74705692599242,75.02499960656478,74.04226396306534,74.68749237060547,14832000,0.0,0.0,0.009390967258182448,0.017625064180272165,19093910.0,69.27938652038574,0,21,8,2024,2,WMT
2024-08-22 00:00:00-04:00,74.81654451011683,75.66030126154531,74.59815880597458,75.0250015258789,16511100,0.0,0.0,0.004518951494564716,0.017409245935063097,18978405.0,69.56522331237792,0,22,8,2024,3,WMT
2024-08-23 00:00:00-04:00,75.04484747470838,75.25330447976339,74.45918363765426,75.14411163330078,12299100,0.0,0.0,0.0015876055314811843,0.01733089385613053,18753895.0,69.86889343261718,0,23,8,2024,4,WMT
2024-08-26 00:00:00-04:00,75.34265228929394,75.6503734724048,75.01507372918671,75.47169494628906,9508200,0.0,0.0,0.004359400967927751,0.017260151740489022,18713540.0,70.19686126708984,0,26,8,2024,0,WMT
2024-08-27 00:00:00-04:00,75.88860321661404,75.88860321661404,75.21359634406181,75.57095336914062,11557800,0.0,0.0,0.0013151741579700005,0.017092298886480818,18665305.0,70.55107345581055,0,27,8,2024,1,WMT
2024-08-28 00:00:00-04:00,75.71985246995506,75.86875249082006,75.25330260548392,75.52132415771484,9814300,0.0,0.0,-0.0006567233733754119,0.016876394123171216,18010580.0,70.93002510070801,0,28,8,2024,2,WMT
2024-08-29 00:00:00-04:00,75.43198298566396,75.90846154956901,75.11433313418388,75.85882568359375,11856800,0.0,0.0,0.0044689566773761236,0.016664909252436425,17739645.0,71.26893615722656,0,29,8,2024,3,WMT
2024-08-30 00:00:00-04:00,75.87868024541316,76.90111543028043,75.66029456061247,76.66287994384766,23230000,0.0,0.0,0.010599350214141268,0.015721295829065608,17722210.0,71.71387405395508,0,30,8,2024,4,WMT
2024-09-03 00:00:00-04:00,76.76213832593803,77.23860926297111,76.2360315285032,76.60330963134766,22666100,0.0,0.0,-0.0007770424557964617,0.015178990059269128,17816990.0,72.1988914489746,0,3,9,2024,1,WMT
2024-09-04 00:00:00-04:00,76.76214119412587,76.91104120752568,76.16654871389593,76.67279815673828,18442800,0.0,0.0,0.0009071217121692232,0.015203097596155188,17998375.0,72.67995910644531,0,4,9,2024,2,WMT
2024-09-05 00:00:00-04:00,76.68273832613897,76.88126665815298,75.829052866412,76.39486694335938,13082900,0.0,0.0,-0.003624899834889894,0.014748652152205565,17727560.0,73.18820838928222,0,5,9,2024,3,WMT
2024-09-06 00:00:00-04:00,76.33530999248045,76.75222403391808,75.73971742280234,76.07721710205078,14548600,0.0,0.0,-0.004157999797867351,0.014931476161066572,17830500.0,73.64345626831054,0,6,9,2024,4,WMT
2024-09-09 00:00:00-04:00,76.28567213603581,76.90112206691805,75.92831508886162,76.7720718383789,22260200,0.0,0.0,0.009133545663165377,0.014933060474212567,18253230.0,74.11909446716308,0,9,9,2024,0,WMT
2024-09-10 00:00:00-04:00,76.7819994932851,78.32062051309644,76.71251382245704,78.23127746582031,17686300,0.0,0.0,0.019006985124920606,0.015158446519111829,18268280.0,74.63057403564453,0,10,9,2024,1,WMT
2024-09-11 00:00:00-04:00,77.80443379380856,78.34046935074922,77.00038424508259,78.26105499267578,19518800,0.0,0.0,0.00038063454694925447,0.014813711735067367,17916325.0,75.17175254821777,0,11,9,2024,2,WMT
2024-09-12 00:00:00-04:00,78.4099569262935,79.32320691959241,78.04267876467556,79.07504272460938,14884900,0.0,0.0,0.010400929709033058,0.014827248257046873,17514140.0,75.7273998260498,0,12,9,2024,3,WMT
2024-09-13 00:00:00-04:00,79.23386187744586,80.09747598066853,79.10481922571513,80.00813293457031,12994100,0.0,0.0,0.011800059510692407,0.005933144473705533,15685470.0,76.10599899291992,0,13,9,2024,4,WMT
2024-09-16 00:00:00-04:00,80.24636460240752,80.42504311269971,79.5515079364766,79.96842193603516,15346400,0.0,0.0,-0.0004963370232328179,0.006044426432677358,15459185.0,76.45888824462891,0,16,9,2024,0,WMT
2024-09-17 00:00:00-04:00,79.17430499139941,79.67063336947649,77.68531985716817,78.02281951904297,21065900,0.0,0.0,-0.02432963374653596,0.008866547409212687,15827015.0,76.70109634399414,0,17,9,2024,1,WMT
2024-09-18 00:00:00-04:00,78.06252573065014,78.82687566450332,77.70516869699384,78.44966125488281,15684900,0.0,0.0,0.005470729441348521,0.008690642622430394,15889560.0,76.92394790649413,0,18,9,2024,2,WMT
2024-09-19 00:00:00-04:00,78.4695196489436,78.50921925464722,76.92096995855142,77.46693420410156,21525700,0.0,0.0,-0.012526848874316654,0.009204398355813125,16224245.0,77.06291999816895,0,19,9,2024,3,WMT
2024-09-20 00:00:00-04:00,77.6555394502197,79.02540301350045,77.5364179160071,78.47943878173828,39534300,0.0,0.0,0.01307015164649572,0.009526929895239874,17375405.0,77.23564186096192,0,20,9,2024,4,WMT
2024-09-23 00:00:00-04:00,78.48937028675194,79.84931278435363,78.48937028675194,79.74011993408203,12147300,0.0,0.0,0.01606384005688266,0.010008004283335125,17367815.0,77.46544227600097,0,23,9,2024,0,WMT
2024-09-24 00:00:00-04:00,79.88901420826045,80.31585689037851,79.65077114844834,80.0776138305664,14651100,0.0,0.0,0.004232422734796071,0.010007150355786443,17624960.0,77.69573822021485,0,24,9,2024,1,WMT
2024-09-25 00:00:00-04:00,80.29600428706534,81.00078967414404,80.08754727736911,80.80226135253906,14163800,0.0,0.0,0.009049314625007687,0.010087162116577774,17755260.0,77.95730361938476,0,25,9,2024,2,WMT
2024-09-26 00:00:00-04:00,80.44490822865116,80.6037293789879,78.67798033094661,79.3331298828125,17061100,0.0,0.0,-0.018181811314868623,0.01116208950912595,18117600.0,78.14789390563965,0,26,9,2024,3,WMT
2024-09-27 00:00:00-04:00,79.31327436623147,79.70040988566986,79.01547431741585,79.19415283203125,11899100,0.0,0.0,-0.0017518160570059171,0.011191687088853482,18119715.0,78.31466026306153,0,27,9,2024,4,WMT
2024-09-30 00:00:00-04:00,79.30334283385264,80.34563539395161,79.27356434471317,80.15702819824219,18997000,0.0,0.0,0.012158414880113266,0.011258402371817116,17908065.0,78.48936767578125,0,30,9,2024,0,WMT
2024-10-01 00:00:00-04:00,80.08754630108861,80.93130301767926,79.84931080339275,80.67321014404297,16054200,0.0,0.0,0.006439634270424488,0.01127052400468563,17577470.0,78.69286270141602,0,1,10,2024,1,WMT
2024-10-02 00:00:00-04:00,80.3952713656931,80.3952713656931,79.53166480466113,79.83938598632812,16618300,0.0,0.0,-0.010335824696030338,0.011636587721413471,17486245.0,78.8511920928955,0,2,10,2024,2,WMT
2024-10-03 00:00:00-04:00,79.71034332993848,79.98828601962097,79.26364323005996,79.83938598632812,11640400,0.0,0.0,0.0,0.011570934062913922,17414120.0,79.02341804504394,0,3,10,2024,3,WMT
2024-10-04 00:00:00-04:00,79.4621706171848,80.51438427919197,79.26363473627907,80.34563446044922,11583400,0.0,0.0,0.006340836266047756,0.011501847284316892,17265860.0,79.23683891296386,0,4,10,2024,4,WMT
2024-10-07 00:00:00-04:00,80.09747799856459,80.34564219355494,78.400035813635,78.51914978027344,16791600,0.0,0.0,-0.022732842828876776,0.01272038972273,16992430.0,79.32419281005859,0,7,10,2024,0,WMT
2024-10-08 00:00:00-04:00,79.03532883924366,79.23385714903884,78.48936462725257,79.12466430664062,15270000,0.0,0.0,0.007711679610154398,0.012125133737000424,16871615.0,79.36886215209961,0,8,10,2024,1,WMT
2024-10-09 00:00:00-04:00,79.23385054752922,79.90885734731081,79.16436488755326,79.8095932006836,12413000,0.0,0.0,0.008656326065265674,0.012256380794614203,16516325.0,79.4462890625,0,9,10,2024,2,WMT
2024-10-10 00:00:00-04:00,79.72026259184264,79.73019128006344,78.87650585395754,79.02540588378906,10812700,0.0,0.0,-0.009825727527800643,0.012278829771845894,16312715.0,79.44380722045898,0,10,10,2024,3,WMT
2024-10-11 00:00:00-04:00,79.11473846609152,79.54158116354375,78.78716750047877,79.51180267333984,9570700,0.0,0.0,0.006154941997590591,0.012057168196262671,16141545.0,79.41899070739746,0,11,10,2024,4,WMT
2024-10-14 00:00:00-04:00,79.46217344335633,79.9187946256256,79.17430208583163,79.70040893554688,9914500,0.0,0.0,0.002372053655755879,0.012071030703105227,15869950.0,79.40559005737305,0,14,10,2024,0,WMT
2024-10-15 00:00:00-04:00,80.07761575098503,81.21917249317706,79.91879461400436,81.05042266845703,13276200,0.0,0.0,0.016938604844573657,0.011207195724171004,15480465.0,79.55697021484374,0,15,10,2024,1,WMT
2024-10-16 00:00:00-04:00,80.93130209585975,81.06035231789296,80.0279884084765,80.62358093261719,11123300,0.0,0.0,-0.005266372731773106,0.01128731520909112,15252385.0,79.66566619873046,0,16,10,2024,2,WMT
2024-10-17 00:00:00-04:00,80.67320442870474,80.90151879562522,80.05776213881099,80.2959976196289,9424700,0.0,0.0,-0.004063120357579608,0.010888171186129,14647335.0,79.80711936950684,0,17,10,2024,3,WMT
2024-10-18 00:00:00-04:00,80.2761497169166,81.09012790454956,80.06769271959995,80.7129135131836,12324100,0.0,0.0,0.005192237545010192,0.010599635111253966,13286825.0,79.91879310607911,0,18,10,2024,4,WMT
2024-10-21 00:00:00-04:00,80.63351247905953,80.95116234142041,80.1272554075759,80.21659088134766,9750400,0.0,0.0,-0.006149234493373457,0.010142524939559838,13166980.0,79.94261665344239,0,21,10,2024,0,WMT
2024-10-22 00:00:00-04:00,80.51438803439052,81.6261662992076,80.23644536152871,81.4177017211914,12240100,0.0,0.0,0.014973346868110804,0.010631657977542244,13046430.0,80.00962104797364,0,22,10,2024,1,WMT
2024-10-23 00:00:00-04:00,81.28865998226357,82.72800922856334,81.19932451071679,82.65852355957031,13058200,0.0,0.0,0.015240197305347758,0.010966749184414223,12991150.0,80.1024341583252,0,23,10,2024,2,WMT
2024-10-24 00:00:00-04:00,82.35080719603064,82.70816424979975,81.97360033855007,82.43022155761719,11645900,0.0,0.0,-0.0027619898362761797,0.010035396521354052,12720390.0,80.25728874206543,0,24,10,2024,3,WMT
2024-10-25 00:00:00-04:00,82.5890418039541,82.68831354153652,81.83462809724574,81.90411376953125,8959400,0.0,0.0,-0.006382462380235099,0.010178056214663514,12573405.0,80.39278678894043,0,25,10,2024,4,WMT
2024-10-28 00:00:00-04:00,82.14234924316406,82.46992780095715,81.86440655414094,82.14234924316406,7990200,0.0,0.0,0.002908711939710207,0.009885341505263535,12023065.0,80.49205284118652,0,28,10,2024,0,WMT
2024-10-29 00:00:00-04:00,82.06293012053207,82.25153732286908,81.07027338969692,81.10005187988281,9682400,0.0,0.0,-0.012688915923207422,0.01027652340685671,11704475.0,80.51339492797851,0,29,10,2024,1,WMT
2024-10-30 00:00:00-04:00,81.00079252729277,81.22910692121359,80.70300003439594,80.7923355102539,9268800,0.0,0.0,-0.0037942807987924043,0.010020635941897695,11337000.0,80.5610424041748,0,30,10,2024,2,WMT
2024-10-31 00:00:00-04:00,80.69307128264013,81.83462810460796,80.62358561034836,81.34822082519531,15539000,0.0,0.0,0.006880421409167559,0.010115125445413414,11531930.0,80.63648414611816,0,31,10,2024,3,WMT
2024-11-01 00:00:00-04:00,81.92396360133456,81.92396360133456,80.94123550056547,81.58646392822266,12181800,0.0,0.0,0.0029286824052279226,0.010048597119190185,11561850.0,80.69852561950684,0,1,11,2024,4,WMT
2024-11-04 00:00:00-05:00,81.5963792772666,82.30117221236357,81.39785096280279,81.84454345703125,11731000,0.0,0.0,0.0031632640561019,0.0083854976745955,11308820.0,80.86479530334472,0,4,11,2024,0,WMT
2024-11-05 00:00:00-05:00,82.0728569030494,83.15484907932355,81.90410708033373,83.06551361083984,10612500,0.0,0.0,0.014918161947468311,0.008784246569582052,11075945.0,81.06183776855468,0,5,11,2024,1,WMT
2024-11-06 00:00:00-05:00,84.5147992962576,84.91186353069736,81.4574145364529,82.82728576660156,19974000,0.0,0.0,-0.0028679512577791666,0.008734907204457134,11453995.0,81.21272239685058,0,6,11,2024,2,WMT
2024-11-07 00:00:00-05:00,83.10522553550507,83.77030375010985,82.80742547680765,83.23426818847656,12665800,0.0,0.0,0.004913627412853172,0.008305328289396681,11546650.0,81.42316551208496,0,7,11,2024,3,WMT
2024-11-08 00:00:00-05:00,83.66111276437948,84.79274089525376,83.61148446907077,84.20707702636719,14396500,0.0,0.0,0.011687600060203307,0.00851830839090227,11787940.0,81.65792922973633,0,8,11,2024,4,WMT
2024-11-11 00:00:00-05:00,84.32618525044876,84.78281400575818,83.50228592943247,83.59162139892578,10433200,0.0,0.0,-0.0073088349480257,0.008820023911473768,11813875.0,81.85248985290528,0,11,11,2024,0,WMT
2024-11-12 00:00:00-05:00,83.87949084225771,84.9019260277674,83.87949084225771,84.36589050292969,12860200,0.0,0.0,0.009262520466122304,0.008307241788204597,11793075.0,82.01826324462891,0,12,11,2024,1,WMT
2024-11-13 00:00:00-05:00,84.36589716020522,85.16002560930384,84.1475114580346,84.87215423583984,12802600,0.0,0.0,0.0060008106343947265,0.008166583833611076,11877040.0,82.23069190979004,0,13,11,2024,2,WMT
2024-11-14 00:00:00-05:00,84.4056015384195,85.13024429217252,83.72066596314048,83.84971618652344,15740700,0.0,0.0,-0.012046802140491142,0.008688030385219538,12192840.0,82.40837783813477,0,14,11,2024,3,WMT
2024-11-15 00:00:00-05:00,83.90927507974295,84.15743927083335,83.32361122398729,83.63133239746094,17370600,0.0,0.0,-0.002604466645739212,0.008721719516490162,12445165.0,82.55429878234864,0,15,11,2024,4,WMT
2024-11-18 00:00:00-05:00,84.1971493596859,84.22692785190654,83.04567141138905,83.46258544921875,25278100,0.0,0.0,-0.0020177479349511307,0.008570814314199107,13221550.0,82.71659851074219,0,18,11,2024,0,WMT
2024-11-19 00:00:00-05:00,85.5967950299861,87.64166551497655,85.27914517238204,85.96407318115234,36340900,0.0,0.0,0.029971366432874014,0.010254537185299648,14426590.0,82.94391708374023,0,19,11,2024,1,WMT
2024-11-20 00:00:00-05:00,85.9640750638637,86.55966761324422,85.2791470400927,86.5398178100586,18183200,0.0,0.0,0.006697502893947105,0.009878811283443503,14682840.0,83.13798179626465,0,20,11,2024,2,WMT
2024-11-21 00:00:00-05:00,86.8078288907477,87.98909283492263,86.29165071818827,87.74092864990234,18729200,0.0,0.0,0.013879285515483675,0.010123986620622857,15037005.0,83.40351715087891,0,21,11,2024,3,WMT
2024-11-22 00:00:00-05:00,88.7534361228385,90.24242112151238,88.27695759098035,89.77587127685547,23990600,0.0,0.0,0.023192626956033413,0.010792374365986835,15788565.0,83.79710502624512,0,22,11,2024,4,WMT
2024-11-25 00:00:00-05:00,89.83543783859167,90.28213035650734,88.40600966386934,88.84278106689453,25078600,0.0,0.0,-0.010393552261758865,0.011303378524671889,16642985.0,84.13212661743164,0,25,11,2024,0,WMT
2024-11-26 00:00:00-05:00,89.22990989851439,91.20529460524563,89.1802740343104,90.63948059082031,16657000,0.0,0.0,0.020223359763726245,0.0111421995591064,16991715.0,84.60909805297851,0,26,11,2024,1,WMT
2024-11-27 00:00:00-05:00,91.32442091374209,91.57258510100769,90.63948533341063,91.2052993774414,14358900,0.0,0.0,0.006242520179207567,0.010918981406189876,17246220.0,85.12974624633789,0,27,11,2024,2,WMT
2024-11-29 00:00:00-05:00,91.58251188121976,91.95971871159242,91.1457404972526,91.82074737548828,11041200,0.0,0.0,0.006747941207888797,0.010918546286048898,17021330.0,85.65337257385254,0,29,11,2024,4,WMT
2024-12-02 00:00:00-05:00,92.13839530719854,92.30714512990141,91.27478124507316,91.959716796875,17173000,0.0,0.0,0.001513486062342917,0.010944935400037478,17270890.0,86.17203521728516,0,2,12,2024,0,WMT
2024-12-03 00:00:00-05:00,92.09869098882668,92.90274052355545,91.58251281707521,92.82333374023438,17775200,0.0,0.0,0.009391252751103751,0.010946816711683452,17573100.0,86.72097473144531,0,3,12,2024,1,WMT
2024-12-04 00:00:00-05:00,92.76376723257178,93.82590961749418,92.36671060421814,93.75642395019531,17312600,0.0,0.0,0.010052323832412391,0.010799924611315133,17908105.0,87.25552024841309,0,4,12,2024,2,WMT
2024-12-05 00:00:00-05:00,94.19319631528155,94.89798168336638,93.64723208552648,94.60018920898438,21932300,0.0,0.0,0.008999546092300692,0.010603954760232057,18006020.0,87.84416542053222,0,5,12,2024,3,WMT
2024-12-06 00:00:00-05:00,94.83842465033291,95.47372435003773,94.62996764637069,94.99724578857422,18803500,0.0,0.0,0.0041972070342555234,0.010611586088385602,18312905.0,88.43231430053712,0,6,12,2024,4,WMT
2024-12-09 00:00:00-05:00,94.95754723042106,95.23548990543345,92.91266919942855,93.14098358154297,20931100,0.0,0.0,-0.019540168681969394,0.012038199228887584,18639635.0,88.8790096282959,0,9,12,2024,0,WMT
2024-12-10 00:00:00-05:00,93.35936926270591,94.54062563134386,93.0814190143624,93.85569763183594,13164500,0.0,0.0,0.007673464707050881,0.01168484666974275,18776200.0,89.3922134399414,0,10,12,2024,1,WMT
2024-12-11 00:00:00-05:00,93.84577364973917,94.98733047065475,93.8060664694133,94.26268768310547,19682100,0.0,0.0,0.004336338246251348,0.011661514925484336,19117295.0,89.88705329895019,0,11,12,2024,2,WMT
2024-12-12 00:00:00-05:00,94.97739892336766,95.01710610249833,93.3990707397461,93.3990707397461,14298600,0.0,0.0,-0.009161811153345245,0.012119722246294996,19192095.0,90.3133991241455,0,12,12,2024,3,WMT
2024-12-13 00:00:00-05:00,93.3175003097148,94.19297089923138,92.5614075882259,93.76518249511719,11495900,0.208,0.0,0.003919865074367257,0.011454526769720046,18979855.0,90.80917243957519,0,13,12,2024,4,WMT
2024-12-16 00:00:00-05:00,93.93430637839084,95.21767159314898,93.61595274613569,94.38199615478516,16742000,0.0,0.0,0.006578280372888878,0.011288402687265647,18948425.0,91.34670562744141,0,16,12,2024,0,WMT
2024-12-17 00:00:00-05:00,94.65060259630229,94.9988006906461,93.83482095091854,94.92916107177734,23560800,0.0,0.0,0.005797344189402809,0.011125786756167568,18862560.0,91.92003440856934,0,17,12,2024,1,WMT
2024-12-18 00:00:00-05:00,94.84957227331992,95.40669682326516,92.65094131109748,93.06878662109375,24665600,0.0,0.0,-0.019597502281484824,0.011146813592673235,18278795.0,92.2752700805664,0,18,12,2024,2,WMT
2024-12-19 00:00:00-05:00,93.99400200901432,94.08353540935236,92.8797605116403,92.9195556640625,16606500,0.0,0.0,-0.0016034479705726579,0.01119698368481901,18199960.0,92.5942569732666,0,19,12,2024,3,WMT
2024-12-20 00:00:00-05:00,92.53156158294928,93.26775292076206,91.1586554022602,91.76551818847656,49350600,0.0,0.0,-0.012419748107257433,0.011469965887788796,19731030.0,92.79548645019531,0,20,12,2024,4,WMT
2024-12-23 00:00:00-05:00,91.02933229919218,91.02933229919218,88.45265866754697,89.88524627685547,26205400,0.0,0.0,-0.020489961248398525,0.011442686870509533,19841770.0,92.80095520019532,0,23,12,2024,0,WMT
2024-12-24 00:00:00-05:00,89.90513976067605,92.20325469970703,89.88523839012441,92.20325469970703,8992400,0.0,0.0,0.025788530586119407,0.01250348715054296,19037460.0,92.96897888183594,0,24,12,2024,1,WMT
2024-12-26 00:00:00-05:00,92.06397673059546,92.40222413312814,91.69587727182541,92.31269073486328,10994000,0.0,0.0,0.0011868999148962889,0.011739015943046613,18754310.0,93.05263938903809,0,26,12,2024,3,WMT
2024-12-27 00:00:00-05:00,91.65609070556786,91.87496026424847,90.5617505023146,91.18851470947266,11384400,0.0,0.0,-0.0121779141788797,0.012023615243302085,18605585.0,93.05180015563965,0,27,12,2024,4,WMT
2024-12-30 00:00:00-05:00,90.26329132652391,90.60153873489489,89.66637163385882,90.10411071777344,9790200,0.0,0.0,-0.011891892253691583,0.012199031668142114,18543035.0,92.96596832275391,0,30,12,2024,0,WMT
2024-12-31 00:00:00-05:00,90.10411583123376,90.47221531724719,89.59673709973407,89.88524627685547,11267700,0.0,0.0,-0.002429017268740452,0.012190299366428719,18247770.0,92.86224479675293,0,31,12,2024,1,WMT
2025-01-02 00:00:00-05:00,89.5171469299569,90.13395279715574,89.0595064869946,89.53704071044922,14820400,0.0,0.0,-0.003873890107991107,0.011949681970879573,18100030.0,92.69793014526367,0,2,1,2025,3,WMT
2025-01-03 00:00:00-05:00,89.68627745738337,90.83036347158917,89.67632677130517,90.31303405761719,10834600,0.0,0.0,0.008666729892016667,0.011881582898949113,17776130.0,92.52576065063477,0,3,1,2025,4,WMT
2025-01-06 00:00:00-05:00,90.36277418488642,91.99433745167792,90.20359357829746,90.95968627929688,14519900,0.0,0.0,0.007160120667268677,0.011800412693663938,17405510.0,92.34373550415039,0,6,1,2025,0,WMT
2025-01-07 00:00:00-05:00,91.2282938689652,91.46706477833497,89.98472384572331,90.3428726196289,11238000,0.0,0.0,-0.006781176199025185,0.011757416180601082,17027235.0,92.11101684570312,0,7,1,2025,1,WMT
2025-01-08 00:00:00-05:00,90.64133619667408,91.37752755553062,90.35282702857435,91.32778930664062,13453600,0.0,0.0,0.01090198549650423,0.011392370286795662,16653360.0,92.02035713195801,0,8,1,2025,2,WMT
2025-01-10 00:00:00-05:00,92.01423535615228,93.09863241422816,91.72572618639173,92.52161407470703,18140900,0.0,0.0,0.013071867578640761,0.011667346628088285,16902180.0,91.95365295410156,0,10,1,2025,4,WMT
2025-01-13 00:00:00-05:00,91.64614260385517,91.95454555234274,90.63138517633256,91.05917358398438,18617100,0.0,0.0,-0.015806474036886176,0.012076388447997374,16848930.0,91.79347724914551,0,13,1,2025,0,WMT
2025-01-14 00:00:00-05:00,91.38747847091764,91.50686393082238,90.10411324000195,90.32298278808594,13549200,0.0,0.0,-0.008084751562339232,0.012043522133840889,16811460.0,91.6396728515625,0,14,1,2025,1,WMT
2025-01-15 00:00:00-05:00,90.60153991200838,91.25814854641109,90.34287521450283,90.87014770507812,17348200,0.0,0.0,0.0060578703238347575,0.012104469788026822,17104075.0,91.49492111206055,0,15,1,2025,2,WMT
2025-01-16 00:00:00-05:00,91.02932858656321,91.2481981320149,89.65642996984256,90.83036041259766,13267700,0.0,0.0,-0.0004378477804349856,0.011958902483302903,16930360.0,91.31733932495118,0,16,1,2025,3,WMT
2025-01-17 00:00:00-05:00,91.59639245253557,91.78541752310873,90.58164266293791,91.4670639038086,15868200,0.0,0.0,0.007009809146619084,0.012002692440918354,16545730.0,91.14423446655273,0,17,1,2025,4,WMT
2025-01-21 00:00:00-05:00,92.0042918002805,93.75523300157842,91.83516050150848,92.60120391845703,23247500,0.0,0.0,0.012399436105669182,0.011630518050624846,16474825.0,91.1208553314209,0,21,1,2025,1,WMT
2025-01-22 00:00:00-05:00,93.28765047470812,93.51647071079391,92.04408038546885,92.75043487548828,15567100,0.0,0.0,0.0016115444585651506,0.011632137466858629,16422855.0,91.11239929199219,0,22,1,2025,2,WMT
2025-01-23 00:00:00-05:00,92.48181983801273,93.32744598388672,91.84511255710882,93.32744598388672,14198400,0.0,0.0,0.006221114857014376,0.011329761713947669,14665245.0,91.1904956817627,0,23,1,2025,3,WMT
2025-01-24 00:00:00-05:00,93.05884207215736,94.5212817782124,92.97925176118095,94.27256774902344,14973800,0.0,0.0,0.010126943421337131,0.010309238328057723,14103665.0,91.4098617553711,0,24,1,2025,4,WMT
2025-01-27 00:00:00-05:00,95.40669513666806,96.95866812017773,94.33224879878482,96.89897918701172,18880600,0.0,0.0,0.02785976345717489,0.01056344264417265,14598075.0,91.64464797973633,0,27,1,2025,0,WMT
2025-01-28 00:00:00-05:00,96.72986184415869,97.33671708160297,96.23243379466525,96.78955078125,14641600,0.0,0.0,-0.0011293040100095464,0.010591711519024672,14780455.0,91.86849098205566,0,28,1,2025,1,WMT
2025-01-29 00:00:00-05:00,96.92881924672746,97.66501055285096,96.71990039999574,96.99845886230469,11261400,0.0,0.0,0.002158374322108747,0.010021262111260329,14774305.0,92.15898818969727,0,29,1,2025,2,WMT
2025-01-30 00:00:00-05:00,97.18749429694977,98.42111372884213,96.91887890096093,98.1425552368164,11012200,0.0,0.0,0.011794995383749729,0.009539279943831786,14835405.0,92.56091041564942,0,30,1,2025,3,WMT
2025-01-31 00:00:00-05:00,98.49075052533696,98.49075052533696,97.19743460359095,97.65507507324219,16413900,0.0,0.0,-0.00496706207004638,0.009650095380087664,15092715.0,92.94940185546875,0,31,1,2025,4,WMT
2025-02-03 00:00:00-05:00,96.27221392838115,99.27668336590092,95.97376167581137,99.02796936035156,20484200,0.0,0.0,0.01405860664261116,0.009693621937359257,15375905.0,93.42394828796387,0,3,2,2025,0,WMT
2025-02-04 00:00:00-05:00,99.45576760670146,100.43072235456137,99.17720910731292,100.25164794921875,15201200,0.0,0.0,0.0123568987304421,0.009799730450343746,15594235.0,93.92087898254394,0,4,2,2025,1,WMT
2025-02-05 00:00:00-05:00,100.13225831320601,102.05233070438962,100.0228235455622,101.93294525146484,15926700,0.0,0.0,0.016770769724381296,0.010126985678011348,15664575.0,94.46954193115235,0,5,2,2025,2,WMT
2025-02-06 00:00:00-05:00,102.00259209952623,102.4900694507677,101.41563065886909,102.3209457397461,13088500,0.0,0.0,0.003806428700005249,0.009704850759366229,15757100.0,95.06844558715821,0,6,2,2025,3,WMT
2025-02-07 00:00:00-05:00,102.4701665033305,102.57960126894402,100.58988929800556,100.62968444824219,12451100,0.0,0.0,-0.016528984161323534,0.01088518780125492,15706975.0,95.53354034423828,0,7,2,2025,4,WMT
2025-02-10 00:00:00-05:00,101.42557523232257,102.40053753915872,100.72917900611789,102.39058685302734,15274600,0.0,0.0,0.01749883659518825,0.011102572896272228,15563660.0,96.0269889831543,0,10,2,2025,0,WMT
2025-02-11 00:00:00-05:00,102.09213153825364,102.32094418140996,101.32608812210573,101.94290161132812,11953600,0.0,0.0,-0.004372328115882729,0.010227142254610027,15230485.0,96.57117538452148,0,11,2,2025,1,WMT
2025-02-12 00:00:00-05:00,101.5947081550602,103.36555080718774,101.51511784503994,103.07704162597656,15162100,0.0,0.0,0.011125247532903337,0.009754490239510919,15311130.0,97.20887832641601,0,12,2,2025,2,WMT
2025-02-13 00:00:00-05:00,103.46502643525211,104.69864577904606,102.99744288982279,104.50962829589844,12604400,0.0,0.0,0.013898212902928808,0.009885219625228656,15073940.0,97.89085235595704,0,13,2,2025,3,WMT
2025-02-14 00:00:00-05:00,104.75835021618684,104.75835021618684,103.06709029451663,103.50482940673828,14109500,0.0,0.0,-0.009614414533321902,0.010448616324731957,15116030.0,98.52457580566406,0,14,2,2025,4,WMT
2025-02-18 00:00:00-05:00,103.18647347880295,103.45508127981768,101.98269853694158,103.24616241455078,18247300,0.0,0.0,-0.0024990813826766267,0.010643711233328456,15234985.0,99.11353073120117,0,18,2,2025,1,WMT
2025-02-19 00:00:00-05:00,103.31579693332046,103.66399502490039,102.02248865171659,103.46502685546875,18508000,0.0,0.0,0.0021198312440824374,0.010572931241176878,14998010.0,99.65672187805175,0,19,2,2025,2,WMT
2025-02-20 00:00:00-05:00,98.2718769642126,99.60498798498539,96.182680829123,96.70995330810547,55450900,0.0,0.0,-0.06528847237240376,0.01907246654903483,16992200.0,99.85469779968261,0,20,2,2025,3,WMT
2025-02-21 00:00:00-05:00,96.03344794167401,96.35180155633131,93.63584894163135,94.29244995117188,35014800,0.0,0.0,-0.024997461732110815,0.019987604709711167,18033020.0,99.90294799804687,0,21,2,2025,4,WMT
2025-02-24 00:00:00-05:00,93.6955424646656,94.15317533378067,91.64614144424831,93.18816375732422,29755900,0.0,0.0,-0.011711289657013846,0.02004245258980547,18772125.0,99.84872779846191,0,24,2,2025,0,WMT
2025-02-25 00:00:00-05:00,93.86466176553535,97.40635427489691,93.75522699869235,97.18748474121094,29331200,0.0,0.0,0.04291661969326421,0.021396220514792133,19294655.0,99.86315307617187,0,25,2,2025,1,WMT
2025-02-26 00:00:00-05:00,97.19743083049065,98.22213891432797,95.57581823845635,95.70514678955078,19069700,0.0,0.0,-0.015252354308862848,0.021679481879838352,19516060.0,99.80893287658691,0,26,2,2025,2,WMT
2025-02-27 00:00:00-05:00,95.40670057408646,97.53569200003362,95.31715957908514,96.29212188720703,16431500,0.0,0.0,0.0061331612493837895,0.02172173249424453,19774565.0,99.77361602783203,0,27,2,2025,3,WMT
2025-02-28 00:00:00-05:00,97.28697105320076,98.3514666904103,96.67015758868575,98.10275268554688,25451300,0.0,0.0,0.018803519569968064,0.021979371529381106,20496520.0,99.77162590026856,0,28,2,2025,4,WMT
2025-03-03 00:00:00-05:00,97.47599827560502,98.9782254332049,96.33191230997025,97.08799743652344,18372200,0.0,0.0,-0.010343799957133526,0.022078720903172852,20594435.0,99.74327201843262,0,3,3,2025,0,WMT
2025-03-04 00:00:00-05:00,95.26741298335538,96.5507781381892,93.97409714324873,94.48147583007812,25227700,0.0,0.0,-0.02684700143444063,0.022591102576551496,20831610.0,99.51594734191895,0,4,3,2025,1,WMT
2025-03-05 00:00:00-05:00,94.48148321114402,95.89417702429115,94.26261365893681,95.48628997802734,17639000,0.0,0.0,0.01063503865833293,0.022536318088686728,20953500.0,99.27767944335938,0,5,3,2025,2,WMT
2025-03-06 00:00:00-05:00,94.31235596424295,95.69520525756027,93.69554248479055,94.1531753540039,19957800,0.0,0.0,-0.013961319727996635,0.022221159210971772,21155055.0,98.88869094848633,0,6,3,2025,3,WMT
2025-03-07 00:00:00-05:00,93.45678114080772,93.46672423654651,90.29313855165744,91.24819946289062,35913200,0.0,0.0,-0.030853721929089972,0.022942798340114548,22296290.0,98.33505363464356,0,7,3,2025,4,WMT
2025-03-10 00:00:00-04:00,89.2982865261707,89.7658701121236,86.1644882627873,87.3682632446289,35148800,0.0,0.0,-0.042520687981790095,0.024299034242176384,23431175.0,97.67198257446289,0,10,3,2025,0,WMT
2025-03-11 00:00:00-04:00,86.84098918437607,88.89039030511611,86.6917592525412,86.99021911621094,28687600,0.0,0.0,-0.004327018924016546,0.023633359188873167,24101825.0,96.90196418762207,0,11,3,2025,1,WMT
2025-03-12 00:00:00-04:00,87.42794857624709,88.64167419436485,84.44338037044255,84.76173400878906,33301600,0.0,0.0,-0.02561765138727634,0.02394433828582483,25169225.0,96.04290580749512,0,12,3,2025,2,WMT
2025-03-13 00:00:00-04:00,84.5030772355578,85.01044836767656,83.43858154148094,84.06533813476562,31507800,0.0,0.0,-0.008215922929930009,0.02347860932824266,25986510.0,95.09232063293457,0,13,3,2025,3,WMT
2025-03-14 00:00:00-04:00,84.5229641070444,84.93085870673444,83.62759219687625,84.91095733642578,35500600,0.0,0.0,0.010059070961024874,0.023288922807802506,27131320.0,94.11238708496094,0,14,3,2025,4,WMT
2025-03-17 00:00:00-04:00,84.69209253692905,87.537381438167,84.54287020201913,87.0101089477539,26297800,0.0,0.0,0.024721798895884328,0.02455537137128808,27740735.0,93.28765106201172,0,17,3,2025,0,WMT
2025-03-18 00:00:00-04:00,86.99021665804806,87.22897998814712,85.06019346519466,85.14972686767578,17850900,0.0,0.0,-0.0213812176835132,0.024681149178776427,27720915.0,92.38282928466796,0,18,3,2025,1,WMT
2025-03-19 00:00:00-04:00,85.50787513330273,86.3435581687466,85.17957840273668,85.88592529296875,24555900,0.0,0.0,0.008645928206405529,0.02488234552070265,28023310.0,91.50387420654297,0,19,3,2025,2,WMT
2025-03-20 00:00:00-04:00,85.36859893798828,86.63207042697438,85.08008976011075,85.36859893798828,18185500,0.0,0.0,-0.0060234124883186135,0.021057318301921053,26160040.0,90.9368064880371,0,20,3,2025,3,WMT
2025-03-21 00:00:00-04:00,85.07430497544055,86.02201815933839,84.5755109663341,85.77262115478516,26797200,0.235,0.0,0.0047326794842956765,0.020692364052140824,25749160.0,90.51081504821778,0,21,3,2025,4,WMT
2025-03-24 00:00:00-04:00,86.26143997736874,87.43859418184707,86.14172667130569,87.27897644042969,17900700,0.0,0.0,0.017562192519757103,0.02118637671404637,25156400.0,90.21535568237304,0,24,3,2025,0,WMT
2025-03-25 00:00:00-04:00,86.55074097167108,87.0994098301829,84.41590316285952,84.5555648803711,27908600,0.0,0.0,-0.031203523129277322,0.019101385482362974,25085270.0,89.58375968933106,0,25,3,2025,1,WMT
2025-03-26 00:00:00-04:00,84.98453004204477,85.35363275657583,84.36602269924605,85.00447845458984,27228800,0.0,0.0,0.005309095561644828,0.019173599550326277,25493225.0,89.04872627258301,0,26,3,2025,2,WMT
2025-03-27 00:00:00-04:00,84.5755135944309,85.90230752652108,84.5755135944309,85.4234619140625,16782800,0.0,0.0,0.004928957474828577,0.019136224363329696,25510790.0,88.50529327392579,0,27,3,2025,3,WMT
2025-03-28 00:00:00-04:00,85.22394929689823,85.62298604790384,84.4957066554885,84.94462585449219,14790600,0.0,0.0,-0.005605439639662868,0.018242334814591338,24977755.0,87.84738693237304,0,28,3,2025,4,WMT
2025-03-31 00:00:00-04:00,84.55556416472916,87.98726183724563,84.16650543909792,87.57825469970703,30269300,0.0,0.0,0.03100406669312039,0.020094230193105453,25572610.0,87.37189979553223,0,31,3,2025,0,WMT
2025-04-01 00:00:00-04:00,87.32885608674934,88.89506897196334,87.15926795017664,88.6157455444336,22080300,0.0,0.0,0.011846443483989999,0.019734293145441412,25415240.0,87.07861328125,0,1,4,2025,1,WMT
2025-04-02 00:00:00-04:00,87.98726032091896,89.93256152654361,87.90745906367212,89.54350280761719,19384100,0.0,0.0,0.010469440362812277,0.019728299182339273,25502495.0,86.78147392272949,0,2,4,2025,2,WMT
2025-04-03 00:00:00-04:00,86.07189799519644,89.66321354725189,86.07189799519644,87.0495376586914,33012900,0.0,0.0,-0.027851994513594436,0.020367848641448496,26155250.0,86.42629203796386,0,3,4,2025,3,WMT
2025-04-04 00:00:00-04:00,85.4334369564643,87.17921598191214,82.4506509240628,82.98934936523438,36209000,0.0,0.0,-0.04664227292483092,0.021735103184257528,26170040.0,86.01334953308105,0,4,4,2025,4,WMT
2025-04-07 00:00:00-04:00,80.04646257885487,86.05194687034526,79.61749941517698,83.6278076171875,36884900,0.0,0.0,0.007693255301270963,0.019938669035442558,26256845.0,85.82632675170899,0,7,4,2025,0,WMT
2025-04-08 00:00:00-04:00,85.6429327154809,86.76023407333233,80.83455861076959,81.59272766113281,34351700,0.0,0.0,-0.024334967208161418,0.020554278351249778,26540050.0,85.55645217895508,0,8,4,2025,1,WMT
2025-04-09 00:00:00-04:00,83.12901448589871,90.58099847774463,82.81975701323923,89.3838882446289,46632800,0.0,0.0,0.09548841921125595,0.029452009455954976,27206610.0,85.78755989074708,0,9,4,2025,2,WMT
2025-04-10 00:00:00-04:00,88.5159862810872,91.64841198131708,87.94736142750386,90.39144897460938,34735300,0.0,0.0,0.011272285752695677,0.029381606295906863,27367985.0,86.10386543273925,0,10,4,2025,3,WMT
2025-04-11 00:00:00-04:00,90.46128251951595,93.12484072280994,89.79290036860564,92.576171875,25508100,0.0,0.0,0.024169574945128947,0.02970155614912477,26868360.0,86.48712615966797,0,11,4,2025,4,WMT
2025-04-14 00:00:00-04:00,93.04503301541898,95.2098048436293,92.67593031215632,94.50151824951172,27742900,0.0,0.0,0.02079742913880045,0.02957529689280846,26940615.0,86.86169662475587,0,14,4,2025,0,WMT
2025-04-15 00:00:00-04:00,94.59129546015438,95.79837604731154,93.643589888475,93.74334716796875,21871200,0.0,0.0,-0.00802284551176391,0.02910611801794072,27141630.0,87.2913776397705,0,15,4,2025,1,WMT
2025-04-16 00:00:00-04:00,93.77327454708889,94.07255399961495,90.39145174411053,90.97005462646484,22229100,0.0,0.0,-0.029583886486736377,0.030106848331729937,27025290.0,87.54558410644532,0,16,4,2025,2,WMT
2025-04-17 00:00:00-04:00,91.60850861206873,93.64358906194754,91.39901604368315,92.99515533447266,21351200,0.0,0.0,0.02226117942132877,0.030309463399394974,27183575.0,87.92691192626953,0,17,4,2025,3,WMT
2025-04-21 00:00:00-04:00,92.7956325798722,93.85308103726956,91.11968443238551,92.1871109008789,18361200,0.0,0.0,-0.008689102466547638,0.03045726686893773,26761775.0,88.24763641357421,0,21,4,2025,0,WMT
2025-04-22 00:00:00-04:00,92.65597380606887,95.06016461993885,92.65597380606887,94.62122344970703,15407800,0.0,0.0,0.026404044177556596,0.030726799947172447,26637130.0,88.61474876403808,0,22,4,2025,1,WMT
2025-04-23 00:00:00-04:00,94.79080987665776,96.36700076766434,93.93289118550712,94.73095703125,18046900,0.0,0.0,0.0011597142537613792,0.02957912979613072,26144045.0,89.12351837158204,0,23,4,2025,2,WMT
2025-04-24 00:00:00-04:00,94.48156157702871,95.98792163610186,93.43409871025017,95.60883331298828,13444500,0.0,0.0,0.009267047533877193,0.029586773192816714,25454830.0,89.65373611450195,0,24,4,2025,3,WMT
2025-04-25 00:00:00-04:00,95.56893567368756,96.2373178226404,94.13240648466076,94.86064147949219,15317200,0.0,0.0,-0.007825551338408121,0.029754896424714065,25381550.0,90.12559509277344,0,25,4,2025,4,WMT
2025-04-28 00:00:00-04:00,94.87062025341683,95.76845100377577,94.11245121855899,94.9903335571289,12950000,0.0,0.0,0.0013671853322303473,0.029656593336701148,25289520.0,90.62788047790528,0,28,4,2025,0,WMT
2025-04-29 00:00:00-04:00,94.61124701213073,95.94801895689514,94.19226185775392,95.80835723876953,12679000,0.0,0.0,0.008611651849276258,0.02908052523707772,24410005.0,91.0393856048584,0,29,4,2025,1,WMT
2025-04-30 00:00:00-04:00,95.70859640361239,97.54415469427275,94.70103037939526,97.01543426513672,21639900,0.0,0.0,0.012598869881037311,0.029090479526206744,24387985.0,91.45937004089356,0,30,4,2025,2,WMT
2025-05-01 00:00:00-04:00,96.78599011248795,97.66387247523609,96.35702694277953,97.17505645751953,13171800,0.0,0.0,0.001645327813990738,0.029068958636778035,24077370.0,91.84094772338867,0,1,5,2025,3,WMT
2025-05-02 00:00:00-04:00,97.71374446397789,98.98068552384318,97.61398718320717,98.5118179321289,16031400,0.0,0.0,0.013756220200332514,0.02810547775464074,23228295.0,92.41406173706055,0,2,5,2025,4,WMT
2025-05-05 00:00:00-04:00,98.70136485041574,99.49943072986731,98.29235009353994,99.09042358398438,12439100,0.0,0.0,0.005873464361952019,0.02517258060966417,22039800.0,93.21911544799805,0,5,5,2025,0,WMT
2025-05-06 00:00:00-04:00,98.50183818256413,99.23008078022562,98.17263992292916,98.31230163574219,10626000,0.0,0.0,-0.007852645292031557,0.02545978788193038,20726855.0,93.95334014892578,0,6,5,2025,1,WMT
2025-05-07 00:00:00-04:00,98.31230559145536,98.99066577141004,98.07287897900582,98.59162902832031,11301300,0.0,0.0,0.0028412252376417424,0.02431939033890652,19574335.0,94.80328521728515,0,7,5,2025,2,WMT
2025-05-08 00:00:00-04:00,98.51181555784123,99.09041842775586,97.12516883886849,97.19499969482422,14461100,0.0,0.0,-0.01416580035506776,0.014258563071821492,17965750.0,95.19384078979492,0,8,5,2025,3,WMT
2025-05-09 00:00:00-04:00,96.75,97.19999694824219,96.29000091552734,96.72000122070312,13697800,0.235,0.0,-0.004887066985055921,0.014300117387936793,16913875.0,95.51026840209961,0,9,5,2025,4,WMT
2025-05-12 00:00:00-04:00,97.66999816894531,97.97000122070312,95.62000274658203,96.75,26783900,0.0,0.0,0.00031016107235593005,0.013454015813300055,16977665.0,95.71895980834961,0,12,5,2025,0,WMT
2025-05-13 00:00:00-04:00,96.5,97.31999969482422,95.2300033569336,95.87999725341797,19746700,0.0,0.0,-0.008992276450460301,0.012936672177845393,16577855.0,95.78788375854492,0,13,5,2025,1,WMT
2025-05-14 00:00:00-04:00,96.02999877929688,97.33000183105469,95.83000183105469,96.83000183105469,25620100,0.0,0.0,0.009908266633819274,0.01291408046999377,16765300.0,95.94221649169921,0,14,5,2025,2,WMT
2025-05-15 00:00:00-04:00,94.30000305175781,96.72000122070312,91.88999938964844,96.3499984741211,44026100,0.0,0.0,-0.004957175956384785,0.010770302582003672,17855150.0,96.21121368408203,0,15,5,2025,3,WMT
2025-05-16 00:00:00-04:00,96.13999938964844,99.19000244140625,96.0,98.23999786376953,33708300,0.0,0.0,0.019615977369798143,0.010534094055592075,18473005.0,96.47345581054688,0,16,5,2025,4,WMT
