Date,Open,High,Low,Close,Volume,Dividends,Stock Splits,Returns,Volatility,Volume_MA,Price_MA,Hour,Day,Month,Year,DayOfWeek,Ticker
2020-05-18 00:00:00+01:00,8838.837515887193,8887.781242667448,8718.975327853917,8779.9052734375,2098697,0.0,0.0,,,,,0,18,5,2020,0,AZN.L
2020-05-19 00:00:00+01:00,8807.873054303898,8835.84089797826,8662.040726573307,8666.0361328125,1595315,0.0,0.0,-0.012969290337277006,,,,0,19,5,2020,1,AZN.L
2020-05-20 00:00:00+01:00,8715.978956958244,8871.7998046875,8687.611181682414,8871.7998046875,2069578,0.0,0.0,0.023743689585589145,,,,0,20,5,2020,2,AZN.L
2020-05-21 00:00:00+01:00,8819.8584654597,9324.2784569724,8738.951496524,8950.7080078125,3864998,0.0,0.0,0.008894272285462135,,,,0,21,5,2020,3,AZN.L
2020-05-22 00:00:00+01:00,8910.757012556796,9004.649082860611,8798.885609641611,8985.6708984375,2205478,0.0,0.0,0.0039061592216484975,,,,0,22,5,2020,4,AZN.L
2020-05-26 00:00:00+01:00,9089.54949748472,9102.534568195413,8631.076616237964,8662.041015625,2388420,0.0,0.0,-0.0360162180954986,,,,0,26,5,2020,1,AZN.L
2020-05-27 00:00:00+01:00,8663.039503940487,8719.974042361402,8246.518407071677,8319.4345703125,4037131,0.0,0.0,-0.03955262330142406,,,,0,27,5,2020,2,AZN.L
2020-05-28 00:00:00+01:00,8482.248277262015,8713.981861850425,8473.258612342637,8688.01171875,2394818,0.0,0.0,0.04430314888859743,,,,0,28,5,2020,3,AZN.L
2020-05-29 00:00:00+01:00,8821.856075174825,8979.674605505172,8570.1455078125,8570.1455078125,6105511,0.0,0.0,-0.013566534525169649,,,,0,29,5,2020,4,AZN.L
2020-06-01 00:00:00+01:00,8770.916460934808,8793.890049205107,8555.631737803164,8694.0048828125,1990220,0.0,0.0,0.014452423810901616,,,,0,1,6,2020,0,AZN.L
2020-06-02 00:00:00+01:00,8738.952712401773,8749.94008008224,8532.1904296875,8532.1904296875,2871304,0.0,0.0,-0.018612187973910288,,,,0,2,6,2020,1,AZN.L
2020-06-03 00:00:00+01:00,8595.118571228624,8645.0611544432,8519.205844742468,8586.12890625,1994287,0.0,0.0,0.006321761921161739,,,,0,3,6,2020,2,AZN.L
2020-06-04 00:00:00+01:00,8625.081541823893,9526.13228781131,8520.2021484375,8520.2021484375,2285373,0.0,0.0,-0.007678286516815569,,,,0,4,6,2020,3,AZN.L
2020-06-05 00:00:00+01:00,8520.205955374096,8561.158879661356,8349.4559448091,8417.32421875,2558075,0.0,0.0,-0.012074587890660182,,,,0,5,6,2020,4,AZN.L
2020-06-08 00:00:00+01:00,8250.515086699696,8373.37384646532,8112.6735513528965,8190.583984375,5123700,0.0,0.0,-0.026937329308276525,,,,0,8,6,2020,0,AZN.L
2020-06-09 00:00:00+01:00,8190.5837294547555,9173.453776989327,8101.685930439941,8234.533203125,3240576,0.0,0.0,0.0053658223679582395,,,,0,9,6,2020,1,AZN.L
2020-06-10 00:00:00+01:00,8227.540419856801,8434.522170018832,8160.617364359606,8394.3486328125,2515293,0.0,0.0,0.019407952551196317,,,,0,10,6,2020,2,AZN.L
2020-06-11 00:00:00+01:00,8348.40291368679,8464.269716508958,8239.528073103893,8266.4970703125,1929024,0.0,0.0,-0.015230671025532994,,,,0,11,6,2020,3,AZN.L
2020-06-12 00:00:00+01:00,8202.569398930009,8276.484417868247,8091.696870522649,8191.58203125,2250487,0.0,0.0,-0.00906248903559681,,,,0,12,6,2020,4,AZN.L
2020-06-15 00:00:00+01:00,8151.359293356046,8425.214883007846,8107.679526528159,8271.4912109375,2124219,0.0,0.0,0.009755036253394689,,2782125.2,8539.631982421875,0,15,6,2020,0,AZN.L
2020-06-16 00:00:00+01:00,8355.393258884642,8536.18539036798,8294.463314020091,8501.2255859375,2822640,0.0,0.0,0.02777423914761812,0.021652651255681284,2818322.35,8525.697998046875,0,16,6,2020,1,AZN.L
2020-06-17 00:00:00+01:00,8541.1795553969,8607.103757321376,8504.222048257421,8580.134765625,3271616,0.0,0.0,0.009282094550935094,0.021597894888043256,2902137.4,8521.4029296875,0,17,6,2020,2,AZN.L
2020-06-18 00:00:00+01:00,8584.129728655134,8591.985929751396,8361.38584577288,8390.3525390625,1915081,0.0,0.0,-0.022118793206236553,0.02134662074091568,2894412.55,8497.33056640625,0,18,6,2020,3,AZN.L
2020-06-19 00:00:00+01:00,8420.317764165391,8479.25,8397.34418070444,8479.25,5033160,0.0,0.0,0.010595199727737814,0.021398022741485508,2952820.65,8473.757666015625,0,19,6,2020,4,AZN.L
2020-06-22 00:00:00+01:00,8482.247194602272,8612.736807351073,8451.282797165548,8460.2724609375,2622559,0.0,0.0,-0.002238115288793252,0.0213454879643356,2973674.7,8447.487744140624,0,22,6,2020,0,AZN.L
2020-06-23 00:00:00+01:00,8513.212257720857,8534.188141495602,8372.374180947581,8515.2099609375,1768677,0.0,0.0,0.006493585195235241,0.019932708751443432,2942687.55,8440.14619140625,0,23,6,2020,1,AZN.L
2020-06-24 00:00:00+01:00,8524.199777722015,8545.175661871554,8312.443232974292,8334.41796875,1995965,0.0,0.0,-0.021231654065708483,0.01841472393270839,2840629.25,8440.895361328125,0,24,6,2020,2,AZN.L
2020-06-25 00:00:00+01:00,8332.418793320585,8463.268333230078,8304.450952729243,8439.2958984375,1812704,0.0,0.0,0.012583713713512079,0.015566623343403977,2811523.55,8428.4595703125,0,25,6,2020,3,AZN.L
2020-06-26 00:00:00+01:00,8470.261500709556,8572.144363100166,8437.299398171417,8446.2890625,1671568,0.0,0.0,0.0008286430700688019,0.015301896051644401,2589826.4,8422.266748046875,0,26,6,2020,4,AZN.L
2020-06-29 00:00:00+01:00,8496.232797739603,8605.10763608355,8464.269542445967,8538.1845703125,1596437,0.0,0.0,0.010879986125563734,0.01513669872398354,2570137.25,8414.475732421875,0,29,6,2020,0,AZN.L
2020-06-30 00:00:00+01:00,8499.228040042193,8550.169470297471,8370.376187043552,8411.3291015625,1758018,0.0,0.0,-0.014857428731522182,0.014925898806846537,2514472.95,8408.432666015626,0,30,6,2020,1,AZN.L
2020-07-01 00:00:00+01:00,8413.327076908428,8464.268508811827,8337.414354856304,8441.294921875,2942312,0.0,0.0,0.0035625547342967856,0.014871136062540612,2561874.2,8401.190966796876,0,1,7,2020,2,AZN.L
2020-07-02 00:00:00+01:00,8512.21354242422,8584.130859375,8431.306560854593,8584.130859375,1652679,0.0,0.0,0.016921093128715592,0.015279205470737594,2530239.5,8404.38740234375,0,2,7,2020,3,AZN.L
2020-07-03 00:00:00+01:00,8591.123067539935,8640.066798537431,8430.307951405308,8449.2861328125,663728,0.0,0.0,-0.015708605655193608,0.015456998365959472,2435522.15,8405.985498046875,0,3,7,2020,4,AZN.L
2020-07-06 00:00:00+01:00,8519.205130448903,8657.046648563799,8484.245325129907,8650.0546875,1391271,0.0,0.0,0.02376159968211078,0.014901755372186333,2248900.7,8428.959033203126,0,6,7,2020,0,AZN.L
2020-07-07 00:00:00+01:00,8580.134442353872,8601.110323994084,8442.292934432471,8527.1953125,1796554,0.0,0.0,-0.014203306156843287,0.015362394284087906,2176699.6,8443.592138671875,0,7,7,2020,1,AZN.L
2020-07-08 00:00:00+01:00,8524.199141116753,8585.129085762654,8469.262305780285,8569.1474609375,1291376,0.0,0.0,0.004919806208262045,0.01482350318603719,2115503.75,8452.332080078126,0,8,7,2020,2,AZN.L
2020-07-09 00:00:00+01:00,8593.119477009324,8621.087319082584,8450.283712135171,8470.2607421875,1469965,0.0,0.0,-0.011539854950655903,0.014630756980134135,2092550.8,8462.520263671875,0,9,7,2020,3,AZN.L
2020-07-10 00:00:00+01:00,8420.3185557209,8637.06934179343,8403.338079392637,8495.232421875,1544040,0.0,0.0,0.002948159501527936,0.01442725349511022,2057228.45,8477.702783203125,0,10,7,2020,4,AZN.L
2020-07-13 00:00:00+01:00,8538.184099355889,8579.137017941943,8428.310415344524,8558.1611328125,1364246,0.0,0.0,0.007407532579739584,0.014369592848211325,2019229.8,8492.036279296875,0,13,7,2020,0,AZN.L
2020-07-14 00:00:00+01:00,8453.28040994378,8607.103543954336,8400.34127940768,8539.181640625,1565654,0.0,0.0,-0.00221770680558131,0.013018014038578444,1956380.5,8493.93408203125,0,14,7,2020,1,AZN.L
2020-07-15 00:00:00+01:00,8597.117543669583,9047.829914894037,8530.19447228282,8985.6708984375,3175800,0.0,0.0,0.052287124996655,0.017394981146238452,1951589.7,8514.210888671874,0,15,7,2020,2,AZN.L
2020-07-16 00:00:00+01:00,9154.47613285225,9169.4589088471,8833.8447265625,8833.8447265625,2356885,0.0,0.0,-0.016896475910485487,0.017042331986840537,1973679.9,8536.385498046875,0,16,7,2020,3,AZN.L
2020-07-17 00:00:00+01:00,8979.675462780287,9244.371124363912,8909.755854060086,9176.44921875,3099547,0.0,0.0,0.03878316891368061,0.018802966433167725,1876999.25,8571.245458984375,0,17,7,2020,4,AZN.L
2020-07-20 00:00:00+01:00,9627.92851415806,10108.37603104882,8999.650992070145,9309.294921875,6160168,0.0,0.0,0.014476809053066031,0.018876618384471914,2053879.7,8613.69658203125,0,20,7,2020,0,AZN.L
2020-07-21 00:00:00+01:00,9320.282366657342,9382.21115314676,8962.693567250704,9037.607421875,2709902,0.0,0.0,-0.029184541072126535,0.020352233291222616,2100940.95,8639.816455078126,0,21,7,2020,1,AZN.L
2020-07-22 00:00:00+01:00,9021.62829064169,9022.627142312485,8742.948674489227,8790.8935546875,2293988,0.0,0.0,-0.02729858198867363,0.02077597443872511,2115842.1,8662.640234375,0,22,7,2020,2,AZN.L
2020-07-23 00:00:00+01:00,8840.834365804621,8867.80335550937,8708.98597169252,8740.94921875,1884985,0.0,0.0,-0.005681371936402169,0.020728023606411034,2119456.15,8677.722900390625,0,23,7,2020,3,AZN.L
2020-07-24 00:00:00+01:00,8565.15094053398,8659.967692085509,8454.278432732315,8642.0625,1750131,0.0,0.0,-0.0113130412127187,0.020939608758085818,2123384.3,8687.511572265625,0,24,7,2020,4,AZN.L
2020-07-27 00:00:00+01:00,8645.061297703407,8695.003881745599,8575.141680044339,8638.0693359375,1286447,0.0,0.0,-0.0004620614653619848,0.020821245640443076,2107884.8,8692.505810546874,0,27,7,2020,0,AZN.L
2020-07-28 00:00:00+01:00,8665.038473195043,8732.960388604526,8627.082108701508,8690.009765625,1731925,0.0,0.0,0.00601296744301516,0.020516768950957727,2106580.15,8706.43984375,0,28,7,2020,1,AZN.L
2020-07-29 00:00:00+01:00,8697.00177855666,8724.969626242382,8570.147612267847,8605.107421875,1953934,0.0,0.0,-0.009770109129893956,0.020673474197233678,2057161.25,8714.63046875,0,29,7,2020,2,AZN.L
2020-07-30 00:00:00+01:00,8701.994011398698,8912.751671683951,8610.099676108444,8740.94921875,2623866,0.0,0.0,0.015786182579159647,0.020629452331851872,2105720.6,8722.47138671875,0,30,7,2020,3,AZN.L
2020-07-31 00:00:00+01:00,8737.951746134964,8804.87478762914,8489.237756104374,8520.2021484375,2376818,0.0,0.0,-0.02525435908482121,0.021142973845605786,2191375.1,8726.0171875,0,31,7,2020,4,AZN.L
2020-08-03 00:00:00+01:00,8473.256852200546,8761.979546002274,8426.310834040292,8756.9306640625,1834731,0.0,0.0,0.027784377823525386,0.02139229696803985,2213548.1,8731.360986328125,0,3,8,2020,0,AZN.L
2020-08-04 00:00:00+01:00,8700.994766995615,8713.425785126268,8505.21988760965,8540.1796875,2800005,0.0,0.0,-0.02475193476774029,0.021906298441833852,2263720.65,8732.010205078124,0,4,8,2020,1,AZN.L
2020-08-05 00:00:00+01:00,8590.1234375,8667.0350078125,8487.241726562499,8490.23828125,1748061,0.0,0.0,-0.005847816799814831,0.021919142240896212,2286554.9,8728.06474609375,0,5,8,2020,2,AZN.L
2020-08-06 00:00:00+01:00,8474.256404319842,8508.217356435222,8388.35517249859,8409.3310546875,1333592,0.0,0.0,-0.009529441210286982,0.02186913022363227,2279736.25,8725.01826171875,0,6,8,2020,3,AZN.L
2020-08-07 00:00:00+01:00,8454.279351756199,8567.149574670713,8420.318399728823,8460.2724609375,1107813,0.0,0.0,0.006057723963858397,0.021903238564891743,2257924.9,8723.270263671875,0,7,8,2020,4,AZN.L
2020-08-10 00:00:00+01:00,8424.313960182353,8499.22782632104,8359.914372209148,8370.3759765625,1119110,0.0,0.0,-0.010625719773218578,0.02195421108107619,2245668.1,8713.881005859375,0,10,8,2020,0,AZN.L
2020-08-11 00:00:00+01:00,8436.300492095044,8564.601222473348,8375.370545372596,8440.2958984375,1369429,0.0,0.0,0.008353259408033775,0.022047417819682856,2235856.85,8708.93671875,0,11,8,2020,1,AZN.L
2020-08-12 00:00:00+01:00,8457.278103535607,8725.969234969536,8402.34125510116,8689.01171875,2961843,0.0,0.0,0.02946766598058992,0.01963871767929015,2225159.0,8694.103759765625,0,12,8,2020,2,AZN.L
2020-08-13 00:00:00+01:00,8616.781322253277,8646.749261004448,8490.91597949836,8532.87109375,1158770,69.6,0.0,-0.01796989462714893,0.019684438430682922,2165253.25,8679.055078125,0,13,8,2020,3,AZN.L
2020-08-14 00:00:00+01:00,8490.9177706643,8527.878236254252,8354.064154831241,8372.044921875,1211671,0.0,0.0,-0.018847837979504845,0.01757486401046397,2070859.45,8638.83486328125,0,14,8,2020,4,AZN.L
2020-08-17 00:00:00+01:00,8392.023207673717,8592.80843142594,8376.040304290455,8569.8330078125,1690484,0.0,0.0,0.02362482377760622,0.018200723486680715,1847375.25,8601.861767578124,0,17,8,2020,0,AZN.L
2020-08-18 00:00:00+01:00,8577.825255456422,8628.770764717896,8450.96094807981,8482.9267578125,1859807,0.0,0.0,-0.010140950228642032,0.017287552057685257,1804870.5,8574.127734375,0,18,8,2020,1,AZN.L
2020-08-19 00:00:00+01:00,8489.919196033123,8634.764269974152,8446.965139623024,8598.802734375,1376366,0.0,0.0,0.013659905345260848,0.016675296170244967,1758989.4,8564.523193359375,0,19,8,2020,2,AZN.L
2020-08-20 00:00:00+01:00,8535.868532343877,8630.767012223652,8493.913414923347,8539.8642578125,1053130,0.0,0.0,-0.006854265458013709,0.016694779721005287,1717396.65,8554.4689453125,0,20,8,2020,3,AZN.L
2020-08-21 00:00:00+01:00,8543.861409495563,8556.847519436336,8393.022747875799,8427.9853515625,1812737,0.0,0.0,-0.013100782737576866,0.016757397608594984,1720526.95,8543.765087890624,0,21,8,2020,4,AZN.L
2020-08-24 00:00:00+01:00,8531.873625713113,8788.599011711038,8394.021083815396,8601.798828125,1702376,0.0,0.0,0.020623371934346713,0.017449967748000634,1741323.4,8541.9515625,0,24,8,2020,0,AZN.L
2020-08-25 00:00:00+01:00,8613.78552437116,8724.66691057146,8587.813307783703,8617.78125,1240888,0.0,0.0,0.0018580325109143203,0.017398441881411687,1716771.55,8538.34013671875,0,25,8,2020,1,AZN.L
2020-08-26 00:00:00+01:00,8622.776261229503,8646.750615987325,8517.888459164038,8589.8115234375,1327248,0.0,0.0,-0.0032455832599023182,0.017271720282350335,1685437.25,8537.575341796875,0,26,8,2020,2,AZN.L
2020-08-27 00:00:00+01:00,8588.813446048547,8589.812377596121,8408.0068359375,8408.0068359375,1085711,0.0,0.0,-0.021165154439528933,0.017475233834608014,1608529.5,8520.92822265625,0,27,8,2020,3,AZN.L
2020-08-28 00:00:00+01:00,8442.969197298411,8478.930731976918,8319.101688961331,8331.0888671875,1525817,0.0,0.0,-0.009148181043483139,0.016690774041783922,1565979.45,8511.47255859375,0,28,8,2020,4,AZN.L
2020-09-01 00:00:00+01:00,8427.984259735364,8454.955407656764,8161.269574734849,8188.24072265625,2435758,0.0,0.0,-0.017146395484252452,0.015602276457377209,1596030.8,8483.038061523437,0,1,9,2020,1,AZN.L
2020-09-02 00:00:00+01:00,8265.15985663893,8329.091477478292,8220.20793573625,8283.140625,1574221,0.0,0.0,0.0115897792405113,0.015071854560246714,1534741.6,8470.186108398437,0,2,9,2020,2,AZN.L
2020-09-03 00:00:00+01:00,8297.125082372284,8374.042808274362,8082.3548087495965,8112.32275390625,2325392,0.0,0.0,-0.020622355556561667,0.015651272474457644,1563608.15,8451.29033203125,0,3,9,2020,3,AZN.L
2020-09-04 00:00:00+01:00,8038.402103591594,8127.307010664994,7921.527113393978,7961.484375,1863673,0.0,0.0,-0.01859373492426919,0.016003239186510015,1590112.2,8428.897998046876,0,4,9,2020,4,AZN.L
2020-09-07 00:00:00+01:00,8067.372234488224,8302.121178904363,8034.407489102128,8271.154296875,1345139,0.0,0.0,0.03889600321862097,0.01843874239752351,1601978.5,8419.44208984375,0,7,9,2020,0,AZN.L
2020-09-08 00:00:00+01:00,8296.125052524743,8392.022464329966,8196.231915227638,8339.0791015625,1766282,0.0,0.0,0.008212252153627864,0.018400617831144096,1634337.1,8417.87724609375,0,8,9,2020,1,AZN.L
2020-09-09 00:00:00+01:00,8176.253842900369,8391.059221354584,8087.348944669687,8377.0390625,3128280,0.0,0.0,0.004552056704964835,0.018328988735159195,1722279.65,8414.714404296876,0,9,9,2020,2,AZN.L
2020-09-10 00:00:00+01:00,8367.049940011997,8408.006130023994,8279.143971205758,8326.09375,1419203,0.0,0.0,-0.006081541714190841,0.016972223290671187,1645147.65,8396.568505859375,0,10,9,2020,3,AZN.L
2020-09-11 00:00:00+01:00,8333.087094684275,8444.967429688426,8323.459696646503,8419.994140625,1594168,0.0,0.0,0.011277844502411538,0.016782308760658733,1666917.55,8390.924658203125,0,11,9,2020,4,AZN.L
2020-09-14 00:00:00+01:00,8499.90794514974,8517.888711751302,8340.078908691406,8391.0244140625,978231,0.0,0.0,-0.0034405874966974004,0.016242264943331128,1655245.55,8391.8736328125,0,14,9,2020,0,AZN.L
2020-09-15 00:00:00+01:00,8406.007721709762,8635.76194345584,8395.157024493043,8595.8046875,1812116,0.0,0.0,0.02440468092242809,0.016302191000427013,1661327.15,8393.172216796875,0,15,9,2020,1,AZN.L
2020-09-16 00:00:00+01:00,8579.820864460167,8664.73002425515,8531.872162458294,8532.87109375,1715089,0.0,0.0,-0.0073214313305091094,0.016219341548091914,1654091.25,8395.66943359375,0,16,9,2020,2,AZN.L
2020-09-17 00:00:00+01:00,8502.90604041397,8678.71800741501,8447.964800726144,8638.7607421875,1773528,0.0,0.0,0.012409615389017192,0.016167943632866798,1673949.35,8397.667333984375,0,17,9,2020,3,AZN.L
2020-09-18 00:00:00+01:00,8650.748127715528,8795.593217613767,8614.786588154586,8736.65625,3978560,0.0,0.0,0.011332123985611231,0.016252328643399993,1820220.85,8407.50693359375,0,18,9,2020,4,AZN.L
2020-09-21 00:00:00+01:00,8734.65680609179,8734.65680609179,8502.904704191826,8602.7978515625,1330317,0.0,0.0,-0.01532146791714506,0.01636284615991176,1796099.85,8416.24755859375,0,21,9,2020,0,AZN.L
2020-09-22 00:00:00+01:00,8696.696405840254,8730.66007202433,8533.870594428357,8570.8310546875,1636483,0.0,0.0,-0.0037158605173076564,0.015731505707086806,1792805.2,8414.699169921874,0,22,9,2020,1,AZN.L
2020-09-23 00:00:00+01:00,8733.659651788754,8838.547477871085,8668.729092785406,8802.5859375,1950650,0.0,0.0,0.027039954624441087,0.01686061032588295,1828293.3,8423.939404296874,0,23,9,2020,2,AZN.L
2020-09-24 00:00:00+01:00,8721.670705840526,8770.618348102144,8459.95065946208,8549.8544921875,2211836,0.0,0.0,-0.028711045493556187,0.018127592114745548,1872522.7,8421.941552734375,0,24,9,2020,3,AZN.L
2020-09-25 00:00:00+01:00,8500.906463167561,8566.8359375,8460.949205996385,8566.8359375,1475923,0.0,0.0,0.0019861677561900937,0.017436140124838743,1892033.3,8429.8830078125,0,25,9,2020,4,AZN.L
2020-09-28 00:00:00+01:00,8660.736175942384,8689.705189679677,8499.908203125,8499.908203125,1845707,0.0,0.0,-0.007812421629557975,0.01739741543494511,1908027.8,8438.323974609375,0,28,9,2020,0,AZN.L
2020-09-29 00:00:00+01:00,8523.884339386748,8559.845881191262,8415.999713973204,8529.8779296875,1687534,0.0,0.0,0.0035258882621205245,0.016859150245030582,1870616.6,8455.405834960937,0,29,9,2020,1,AZN.L
2020-09-30 00:00:00+01:00,8533.871977933406,8581.820690907865,8447.9638671875,8447.9638671875,1344758,0.0,0.0,-0.00960319282118971,0.016902573961246583,1859143.45,8463.646997070313,0,30,9,2020,2,AZN.L
2020-10-01 00:00:00+01:00,8511.895553882201,8654.742762449876,8469.9404296875,8469.9404296875,1140325,0.0,0.0,0.0026014034678059073,0.016109347458638852,1799890.1,8481.527880859376,0,1,10,2020,3,AZN.L
2020-10-02 00:00:00+01:00,8390.025403945447,8468.940989957078,8373.043568980918,8421.9912109375,1670453,0.0,0.0,-0.005661104602570299,0.015474339794772517,1790229.1,8504.55322265625,0,2,10,2020,4,AZN.L
2020-10-05 00:00:00+01:00,8420.992209100741,8484.923822550616,8369.047773172717,8400.0146484375,1658410,0.0,0.0,-0.0026094259599154235,0.012978764443884221,1805892.65,8510.996240234375,0,5,10,2020,0,AZN.L
2020-10-06 00:00:00+01:00,8400.015966567911,8415.169681154852,8270.154856370047,8308.1142578125,1412298,0.0,0.0,-0.010940503614728203,0.0131130959476743,1788193.45,8509.447998046875,0,6,10,2020,1,AZN.L
2020-10-07 00:00:00+01:00,8370.046964003164,8401.013840227546,8272.151677874472,8286.13671875,1454901,0.0,0.0,-0.002645310160706238,0.013077291169429604,1704524.5,8504.902880859376,0,7,10,2020,2,AZN.L
2020-10-08 00:00:00+01:00,8308.114332825005,8389.027794524996,8210.219033484276,8362.056640625,1351014,0.0,0.0,0.009162282068458705,0.013176523458685462,1701115.05,8506.701025390625,0,8,10,2020,3,AZN.L
2020-10-09 00:00:00+01:00,8369.047202839358,8422.989498011633,8334.084604116588,8414.998046875,1558736,0.0,0.0,0.0063311465737743156,0.013004881345523253,1699343.45,8506.451220703126,0,9,10,2020,4,AZN.L
2020-10-12 00:00:00+01:00,8394.020812887396,8479.249954728055,8365.051801394628,8460.94921875,1090577,0.0,0.0,0.005460627752856606,0.013031401820637242,1704960.75,8509.9474609375,0,12,10,2020,0,AZN.L
2020-10-13 00:00:00+01:00,8424.988350542515,8485.923172617815,8332.087720165415,8446.96484375,1161647,0.0,0.0,-0.001652813961938171,0.011755297674966914,1672437.3,8502.50546875,0,13,10,2020,1,AZN.L
2020-10-14 00:00:00+01:00,8468.940791337569,8491.52503145955,8180.249603711176,8181.24853515625,2457138,0.0,0.0,-0.03145701604172724,0.013559614639284965,1709539.75,8484.924340820313,0,14,10,2020,2,AZN.L
2020-10-15 00:00:00+01:00,8113.3211050550335,8151.2804995381775,8011.430098810807,8111.3232421875,1729058,0.0,0.0,-0.008547019769448272,0.013191062516319633,1707316.25,8458.552465820312,0,15,10,2020,3,AZN.L
2020-10-16 00:00:00+01:00,8120.3137589420185,8264.968593021866,8094.341541235967,8208.2197265625,2053127,0.0,0.0,0.011945829488219095,0.013226973311671756,1611044.6,8432.130639648438,0,16,10,2020,4,AZN.L
2020-10-19 00:00:00+01:00,8244.18158372208,8276.147391389486,8100.33544921875,8100.33544921875,1673499,0.0,0.0,-0.013143444125237935,0.013129062213602974,1628203.7,8407.00751953125,0,19,10,2020,0,AZN.L
2020-10-20 00:00:00+01:00,8109.326276238609,8195.234389044292,8057.3818359375,8057.3818359375,970808,0.0,0.0,-0.005302695616808406,0.013138901425481898,1594919.95,8381.33505859375,0,20,10,2020,1,AZN.L
2020-10-21 00:00:00+01:00,8058.381027684067,8083.733794033527,7894.556249136876,7911.5380859375,1472292,0.0,0.0,-0.01810063777162807,0.011479003794375066,1571002.05,8336.782666015624,0,21,10,2020,2,AZN.L
2020-10-22 00:00:00+01:00,7851.601508485229,7954.491451917033,7782.675235700817,7946.5,1587402,0.0,0.0,0.004419104563832432,0.010240137024083587,1539780.35,8306.61494140625,0,22,10,2020,3,AZN.L
2020-10-23 00:00:00+01:00,7899.550579863952,8022.833754293657,7886.56446990717,7934.51318359375,1188323,0.0,0.0,-0.0015084397415529027,0.010169333116922509,1525400.35,8274.998803710938,0,23,10,2020,4,AZN.L
2020-10-26 00:00:00+00:00,7935.51126075585,8175.254803376873,7889.730155387993,8068.369140625,1655949,0.0,0.0,0.016870090695422224,0.011108181482879969,1515912.45,8253.421850585937,0,26,10,2020,0,AZN.L
2020-10-27 00:00:00+00:00,8118.31671827481,8195.234447733055,8047.392578125,8047.392578125,1609809,0.0,0.0,-0.002599851609959347,0.011016114357866341,1512026.2,8229.297583007812,0,27,10,2020,1,AZN.L
2020-10-28 00:00:00+00:00,7992.4507874464625,8111.323633803934,7817.63777809724,7871.580078125,3373397,0.0,0.0,-0.021847138472889438,0.011728404523708644,1613458.15,8200.478393554688,0,28,10,2020,2,AZN.L
2020-10-29 00:00:00+00:00,7796.660820228186,7957.488801273251,7791.666162431755,7867.5849609375,2704117,0.0,0.0,-0.0005075368792349932,0.011664248989388552,1691647.75,8170.360620117188,0,29,10,2020,3,AZN.L
2020-10-30 00:00:00+00:00,7812.643381783375,7897.552560590636,7757.7021484375,7757.7021484375,1745965,0.0,0.0,-0.01396652378659613,0.011886590779218054,1695423.35,8137.146166992187,0,30,10,2020,4,AZN.L
2020-11-02 00:00:00+00:00,7818.636236435655,7856.595630454379,7758.700351142932,7765.69287109375,1897782,0.0,0.0,0.0010300373104501492,0.011937265232797008,1707391.95,8105.430078125,0,2,11,2020,0,AZN.L
2020-11-03 00:00:00+00:00,7883.567561250079,7954.49169921875,7797.659450471125,7954.49169921875,1455702,0.0,0.0,0.02431191025179036,0.013353785936666175,1709562.15,8087.748950195312,0,3,11,2020,1,AZN.L
2020-11-04 00:00:00+00:00,8108.327227264716,8514.892359887204,8021.420184173422,8501.90625,2789025,0.0,0.0,0.06881829430220088,0.020723871269236572,1776268.35,8098.537426757813,0,4,11,2020,2,AZN.L
2020-11-05 00:00:00+00:00,8536.868554160805,8604.795895804022,8415.997843295667,8519.88671875,2239747,0.0,0.0,0.002114874972892089,0.020646246215415266,1820705.0,8106.428930664062,0,5,11,2020,3,AZN.L
2020-11-06 00:00:00+00:00,8391.025260385932,8516.89063929172,8311.11073409654,8463.947265625,1288608,0.0,0.0,-0.006565750810030413,0.02067674393835435,1807198.6,8108.876391601562,0,6,11,2020,4,AZN.L
2020-11-09 00:00:00+00:00,8536.86909097925,8592.809258203079,8152.280441315429,8292.130859375,3389653,0.0,0.0,-0.020299796402064696,0.021147705107105327,1922152.4,8100.435473632812,0,9,11,2020,0,AZN.L
2020-11-10 00:00:00+00:00,8341.075203326494,8613.783410572978,8329.088029381594,8520.8828125,2350161,0.0,0.0,0.02758663086779145,0.022075916743662282,1981578.1,8104.131372070313,0,10,11,2020,1,AZN.L
2020-11-11 00:00:00+00:00,8554.849418397838,8789.598322335658,8514.892158153103,8775.61328125,1743336,0.0,0.0,0.029894844742649695,0.02163602548332382,1945888.0,8133.849609375,0,11,11,2020,2,AZN.L
2020-11-12 00:00:00+00:00,8771.617785729106,8775.61351185858,8607.793014420648,8650.7470703125,1851822,0.0,0.0,-0.01422877318492255,0.021842033547320342,1952026.2,8160.82080078125,0,12,11,2020,3,AZN.L
2020-11-13 00:00:00+00:00,8664.731580943038,8716.650653949579,8607.792487086253,8623.775390625,1502333,0.0,0.0,-0.003117843981366719,0.021793174865284225,1924486.5,8181.598583984375,0,13,11,2020,4,AZN.L
2020-11-16 00:00:00+00:00,8669.724774326385,8687.705537771239,8478.92889555045,8533.8701171875,2199475,0.0,0.0,-0.010425280038628637,0.02169748293693656,1950785.3,8203.275317382813,0,16,11,2020,0,AZN.L
2020-11-17 00:00:00+00:00,8460.950351614325,8532.21885094075,8233.193954900267,8282.1416015625,3109521,0.0,0.0,-0.02949757989848123,0.02282016350153649,2057720.95,8214.513305664062,0,17,11,2020,1,AZN.L
2020-11-18 00:00:00+00:00,8241.183986523914,8362.054684992932,8171.2587890625,8171.2587890625,2415181,0.0,0.0,-0.013388181201717364,0.022629368545541595,2104865.4,8227.499340820312,0,18,11,2020,2,AZN.L
2020-11-19 00:00:00+00:00,8161.2707674278845,8313.10836310096,8085.351969591346,8116.31884765625,2894601,0.0,0.0,-0.006723559102030707,0.022699964634004952,2170225.35,8235.990283203126,0,19,11,2020,3,AZN.L
2020-11-20 00:00:00+00:00,8085.35250724232,8315.036541751533,7865.58755152286,8308.1142578125,2148616,0.0,0.0,0.023630837299058793,0.02322632797386879,2218240.0,8254.670336914063,0,20,11,2020,4,AZN.L
2020-11-23 00:00:00+00:00,8315.105960449218,8316.104891967774,7960.485271362305,7991.4521484375,2607984,0.0,0.0,-0.03811479952592467,0.0246530356511675,2265841.75,8250.824487304688,0,23,11,2020,0,AZN.L
2020-11-24 00:00:00+00:00,8177.253410888672,8180.250205444337,7991.4521484375,7991.4521484375,2847999,0.0,0.0,0.0,0.02464653991949402,2327751.25,8248.027465820312,0,24,11,2020,1,AZN.L
2020-11-25 00:00:00+00:00,8017.424543770033,8058.380736929087,7760.699137870593,7791.666015625,4207740,0.0,0.0,-0.024999978614845708,0.024802782869484254,2369468.4,8244.031762695313,0,25,11,2020,2,AZN.L
2020-11-26 00:00:00+00:00,7820.634642168241,7858.434053700427,7705.757520716032,7739.72119140625,2398687,0.0,0.0,-0.006666715964799175,0.024844711125452733,2354196.9,8237.63857421875,0,26,11,2020,3,AZN.L
2020-11-27 00:00:00+00:00,7694.769343415682,7805.623913126378,7635.832384923987,7761.69775390625,6933755,0.0,0.0,0.0028394514423080164,0.024649796727740085,2613586.4,8237.838354492187,0,27,11,2020,4,AZN.L
2020-11-30 00:00:00+00:00,7885.565057455157,7970.962480031856,7741.718925168161,7796.66015625,4863411,0.0,0.0,0.004504478717449967,0.02466737583925277,2761867.85,8239.38671875,0,30,11,2020,0,AZN.L
2020-12-01 00:00:00+00:00,7990.453392177485,7995.506093265216,7791.666015625,7791.666015625,2773905,0.0,0.0,-0.0006405487125146214,0.024021323772824763,2827778.0,8231.245434570312,0,1,12,2020,1,AZN.L
2020-12-02 00:00:00+00:00,7842.6119029028405,7980.4644621437765,7756.70378627443,7928.52001953125,1931427,0.0,0.0,0.017564151701550124,0.0182473287566734,2784898.1,8202.576123046874,0,2,12,2020,2,AZN.L
2020-12-03 00:00:00+00:00,7916.532276660447,7950.495948257476,7695.768411279758,7720.74169921875,3702698,0.0,0.0,-0.02620644455720056,0.01889040908623627,2858045.65,8162.618872070312,0,3,12,2020,3,AZN.L
2020-12-04 00:00:00+00:00,7840.614015758022,7954.492216521994,7778.6802574477915,7949.49755859375,3426784,0.0,0.0,0.029628741419771565,0.020381463538906464,2964954.45,8136.89638671875,0,4,12,2020,4,AZN.L
2020-12-07 00:00:00+00:00,8101.333813648982,8176.25367012539,8039.400065628484,8062.37548828125,2189160,0.0,0.0,0.014199379124970601,0.020293998937429388,2904929.8,8125.408618164062,0,7,12,2020,0,AZN.L
2020-12-08 00:00:00+00:00,8035.405244143027,8165.2663433149055,7930.517433273432,8125.30908203125,1850894,0.0,0.0,0.007805837602264276,0.019273152343845433,2879966.45,8105.629931640625,0,8,12,2020,1,AZN.L
2020-12-09 00:00:00+00:00,8158.273840947563,8173.257813962649,8003.439453125,8003.439453125,2746073,0.0,0.0,-0.014998768376178973,0.017904500569965644,2930103.3,8067.021240234375,0,9,12,2020,2,AZN.L
2020-12-10 00:00:00+00:00,8051.388228848497,8197.232233986448,8019.422419503193,8094.34228515625,2257369,0.0,0.0,0.011357970852863275,0.01808163429940482,2950380.65,8039.201000976563,0,10,12,2020,3,AZN.L
2020-12-11 00:00:00+00:00,8103.332051355698,8176.254048366172,8041.39830047009,8151.28076171875,1751201,0.0,0.0,0.007034354930469888,0.01822488728334907,2962824.05,8015.57626953125,0,11,12,2020,4,AZN.L
2020-12-14 00:00:00+00:00,7791.665854134165,7815.640210608424,7402.082561427457,7683.78125,8369844,0.0,0.0,-0.057352890347525554,0.021923517109528144,3271342.5,7973.071826171875,0,14,12,2020,0,AZN.L
2020-12-15 00:00:00+00:00,7541.93287482824,7606.863422757225,7470.009806353056,7496.98095703125,7679478,0.0,0.0,-0.024310985293699017,0.021647440258156497,3499840.35,7933.813793945313,0,15,12,2020,1,AZN.L
2020-12-16 00:00:00+00:00,7625.843296144334,7698.765297797274,7562.910609786319,7636.83154296875,3850651,0.0,0.0,0.01865425385752606,0.02215365791049589,3571613.85,7907.092431640625,0,16,12,2020,2,AZN.L
2020-12-17 00:00:00+00:00,7586.884775983659,7593.877296514519,7492.449654612293,7533.94140625,3027139,0.0,0.0,-0.013472882849364543,0.022262263016987062,3578240.75,7877.973559570312,0,17,12,2020,3,AZN.L
2020-12-18 00:00:00+00:00,7515.960442715271,7578.854105087183,7465.014937322065,7499.9775390625,5737295,0.0,0.0,-0.004508114060898349,0.021328488779043874,3757674.7,7837.566723632813,0,18,12,2020,4,AZN.L
2020-12-21 00:00:00+00:00,7457.023090321531,7578.852727937827,7378.107507717994,7432.0498046875,2379055,0.0,0.0,-0.009057058374002946,0.01988665936955247,3746228.25,7809.596606445312,0,21,12,2020,0,AZN.L
2020-12-22 00:00:00+00:00,7356.132927374028,7388.807943765319,7305.187411445718,7320.17138671875,2518823,0.0,0.0,-0.015053507566403335,0.020034282500972653,3729769.45,7776.032568359375,0,22,12,2020,1,AZN.L
2020-12-23 00:00:00+00:00,7299.1930594713585,7316.174896341622,7188.311654024346,7216.28173828125,1588406,0.0,0.0,-0.014192242633279117,0.019583956705775677,3598802.75,7747.263354492187,0,23,12,2020,2,AZN.L
2020-12-24 00:00:00+00:00,7242.252886963736,7318.17167584777,7209.288149685142,7215.28173828125,744212,0.0,0.0,-0.00013857552078311297,0.019585320334520675,3516079.0,7721.0413818359375,0,24,12,2020,3,AZN.L
2020-12-29 00:00:00+00:00,7500.976144627572,7570.138976987838,7432.049875619807,7454.0263671875,2984828,0.0,0.0,0.03308874657514371,0.021188187444764382,3318632.65,7705.6578125,0,29,12,2020,1,AZN.L
2020-12-30 00:00:00+00:00,7561.911714448428,7589.8817974080785,7392.093353621976,7393.09228515625,2290546,0.0,0.0,-0.008174653406041177,0.021179159165494472,3189989.4,7685.479418945312,0,30,12,2020,2,AZN.L
2020-12-31 00:00:00+00:00,7392.092617166166,7401.083000078936,7261.23259921363,7316.173828125,1135354,0.0,0.0,-0.010404098050512123,0.02124794416773616,3108061.85,7661.704809570312,0,31,12,2020,3,AZN.L
2021-01-04 00:00:00+00:00,7417.066130333594,7551.921878157841,7394.590172362887,7414.0693359375,4373741,0.0,0.0,0.013380697357977978,0.02105532495630102,3230177.55,7635.982275390625,0,4,1,2021,0,AZN.L
2021-01-05 00:00:00+00:00,7437.04534707811,7476.610937935737,7358.129755080908,7431.0517578125,2800020,0.0,0.0,0.0022905669080652835,0.020364838617587706,3185043.65,7621.497778320312,0,5,1,2021,1,AZN.L
2021-01-06 00:00:00+00:00,7399.085822449705,7574.897771248295,7367.120013577235,7503.9736328125,2567664,0.0,0.0,0.009813129739452364,0.019209089461675318,3142087.65,7599.22158203125,0,6,1,2021,2,AZN.L
2021-01-07 00:00:00+00:00,7566.905346924645,7574.896798116116,7396.08807770694,7467.01220703125,2874639,0.0,0.0,-0.004925580444423372,0.018795009066127973,3176361.6,7569.45341796875,0,7,1,2021,3,AZN.L
2021-01-08 00:00:00+00:00,7436.045939873762,7490.9871712941085,7390.095091776745,7463.01708984375,3028898,0.0,0.0,-0.0005350355773809934,0.01861895837338093,3235261.8,7536.338818359375,0,8,1,2021,4,AZN.L
2021-01-11 00:00:00+00:00,7483.995138900377,7597.084140145886,7475.0047549908595,7547.9267578125,1728696,0.0,0.0,0.01137739160269402,0.018738254610214132,3184392.95,7513.56318359375,0,11,1,2021,0,AZN.L
2021-01-12 00:00:00+00:00,7489.988027383313,7489.988027383313,7388.097019275405,7397.08740234375,2085461,0.0,0.0,-0.019984210275043157,0.018806193397045805,3175797.55,7478.700439453125,0,12,1,2021,1,AZN.L
2021-01-13 00:00:00+00:00,7380.1057400966265,7520.955078125,7372.114288293598,7520.955078125,3474528,0.0,0.0,0.016745466025182232,0.01923534458102467,3261963.9,7447.184155273438,0,13,1,2021,2,AZN.L
2021-01-14 00:00:00+00:00,7472.007266792895,7591.06984811858,7441.040391756722,7550.9228515625,4881492,0.0,0.0,0.00398457019437104,0.014580454639245307,3087546.3,7440.541235351562,0,14,1,2021,3,AZN.L
2021-01-15 00:00:00+00:00,7524.950254289569,7583.88720703125,7494.982312217528,7583.88720703125,4424316,0.0,0.0,0.004365606180432469,0.013514798998302525,2924788.2,7444.886547851563,0,15,1,2021,4,AZN.L
2021-01-18 00:00:00+00:00,7579.892058872112,7682.782001157804,7554.918771909566,7653.81298828125,2403380,0.0,0.0,0.009220308707277303,0.013008970955188187,2852424.65,7445.735620117188,0,18,1,2021,0,AZN.L
2021-01-19 00:00:00+00:00,7741.719595418325,7793.344554068695,7671.794386169386,7713.74951171875,3108910,0.0,0.0,0.007830936492604357,0.012699785250263277,2856513.2,7454.726025390625,0,19,1,2021,1,AZN.L
2021-01-20 00:00:00+00:00,7677.7877356779345,7738.722558976966,7627.59337735909,7636.83154296875,2316591,0.0,0.0,-0.009971540900199805,0.012887670460385768,2685478.0,7461.5687255859375,0,20,1,2021,2,AZN.L
2021-01-21 00:00:00+00:00,7680.783519837622,7738.721540926266,7627.840155739379,7641.8251953125,2370049,0.0,0.0,0.0006538905979074361,0.012670601015601697,2685027.7,7472.0574951171875,0,21,1,2021,3,AZN.L
2021-01-22 00:00:00+00:00,7654.812236427326,7770.688292727152,7602.867797396369,7768.6904296875,2646689,0.0,0.0,0.016601431089109386,0.01247367686741322,2691421.0,7494.483447265625,0,22,1,2021,4,AZN.L
2021-01-25 00:00:00+00:00,7858.594066885071,7939.507517936005,7795.111189997165,7888.56201171875,3777537,0.0,0.0,0.015430088650870921,0.01207057713276792,2800877.55,7528.0974609375,0,25,1,2021,0,AZN.L
2021-01-26 00:00:00+00:00,7827.627362072827,8005.437171982087,7816.639115393042,7943.50341796875,3357229,0.0,0.0,0.006964692192110933,0.012030339321312724,2931528.4,7564.508544921875,0,26,1,2021,1,AZN.L
2021-01-27 00:00:00+00:00,7900.548584329606,7989.453480524489,7708.753752088957,7770.6875,3983116,0.0,0.0,-0.0217556295850303,0.011502897044992822,2981442.8,7580.3416015625,0,27,1,2021,2,AZN.L
2021-01-28 00:00:00+00:00,7601.868819402454,7709.753422884119,7563.909421881128,7640.8271484375,2654940,0.0,0.0,-0.016711565297472086,0.012051324203931034,2999662.5,7592.728344726563,0,28,1,2021,3,AZN.L
2021-01-29 00:00:00+00:00,7478.000460187642,7610.858336383869,7477.00152878767,7482.9951171875,2802519,0.0,0.0,-0.02065640645754896,0.012789548764022093,3083020.75,7601.069409179688,0,29,1,2021,4,AZN.L
2021-02-01 00:00:00+00:00,7477.002312991189,7527.947819733013,7380.10595703125,7380.10595703125,3269241,0.0,0.0,-0.013749729693118051,0.012868817778565312,3027795.75,7599.371240234375,0,1,2,2021,0,AZN.L
2021-02-02 00:00:00+00:00,7389.095114011687,7450.888870064805,7356.130379827236,7372.11328125,3016614,0.0,0.0,-0.0010830028495234512,0.012857240655390628,3038625.45,7596.42431640625,0,2,2,2021,1,AZN.L
2021-02-03 00:00:00+00:00,7372.114718000857,7449.318273177604,7288.204469178082,7292.2001953125,2455388,0.0,0.0,-0.010839915623753194,0.012829972286116617,3033011.65,7585.83564453125,0,3,2,2021,2,AZN.L
2021-02-04 00:00:00+00:00,7362.124731091485,7439.04245216259,7311.179227524909,7375.11083984375,2098692,0.0,0.0,0.011369770756505915,0.013105540737978124,2994214.3,7581.240576171875,0,4,2,2021,3,AZN.L
2021-02-05 00:00:00+00:00,7383.102614905498,7414.069490979381,7232.263960481099,7267.2265625,2527456,0.0,0.0,-0.014628156740493892,0.013478978935539381,2969142.2,7571.4510498046875,0,5,2,2021,4,AZN.L
2021-02-08 00:00:00+00:00,7243.25203022909,7357.130216885568,7209.288360524527,7281.21142578125,2161268,0.0,0.0,0.0019243741970855766,0.013175510118005298,2990770.8,7558.115283203125,0,8,2,2021,0,AZN.L
2021-02-09 00:00:00+00:00,7242.253259704723,7341.147476630346,7216.281041118196,7304.18701171875,1672152,0.0,0.0,0.0031554619958085173,0.012484615802350867,2970105.35,7553.470263671875,0,9,2,2021,1,AZN.L
2021-02-10 00:00:00+00:00,7274.218458392265,7352.135107630744,7189.309289350334,7239.255859375,2047837,0.0,0.0,-0.008889579667056058,0.011917748394163723,2898770.8,7539.385302734375,0,10,2,2021,2,AZN.L
2021-02-11 00:00:00+00:00,7352.136006072316,7459.021678986683,7180.319784191278,7238.2578125,4709264,0.0,0.0,-0.00013786594843279154,0.011847163018355407,2890159.4,7523.75205078125,0,11,2,2021,3,AZN.L
2021-02-12 00:00:00+00:00,7244.251095642735,7463.01708984375,7232.2639178782965,7463.01708984375,2896751,0.0,0.0,0.031051571132987954,0.013927346262822063,2813781.15,7517.708544921875,0,12,2,2021,4,AZN.L
2021-02-15 00:00:00+00:00,7462.0180462750095,7462.0180462750095,7355.132379480977,7414.0693359375,2452965,0.0,0.0,-0.006558708537980129,0.013781305166684627,2816260.4,7505.721362304687,0,15,2,2021,0,AZN.L
2021-02-16 00:00:00+00:00,7426.057218519907,7437.045465682097,7308.183294416417,7326.1640625,1537830,0.0,0.0,-0.011856548604341377,0.013782855802793042,2737706.4,7486.34208984375,0,16,2,2021,1,AZN.L
2021-02-17 00:00:00+00:00,7326.163276091497,7476.002994037192,7299.192126861272,7413.0703125,2090098,0.0,0.0,0.011862449333456926,0.014021247862678062,2726381.75,7475.154028320312,0,17,2,2021,2,AZN.L
2021-02-18 00:00:00+00:00,7433.049047176851,7446.03515625,7349.138803934968,7446.03515625,3103690,0.0,0.0,0.00444685432086267,0.014075930815788467,2763063.8,7465.364526367188,0,18,2,2021,3,AZN.L
2021-02-19 00:00:00+00:00,7387.098227172817,7409.074719532223,7218.27880859375,7218.27880859375,3463584,0.0,0.0,-0.030587600364078038,0.014867165368923614,2803908.55,7437.8439453125,0,19,2,2021,4,AZN.L
2021-02-22 00:00:00+00:00,7249.245856326975,7252.242650810781,7166.334542275005,7188.31103515625,2518774,0.0,0.0,-0.004151650861950906,0.014179445925397485,2740970.4,7402.831396484375,0,22,2,2021,0,AZN.L
2021-02-23 00:00:00+00:00,7189.310312382309,7240.255821056965,7081.425705777156,7128.37548828125,2434121,0.0,0.0,-0.008337917847721088,0.013936674580578033,2694815.0,7362.075,0,23,2,2021,1,AZN.L
2021-02-24 00:00:00+00:00,7022.488739356566,7115.389372750615,6993.519724642293,7112.392578125,3921728,0.0,0.0,-0.002242153234285338,0.013397116826406147,2691745.6,7329.16025390625,0,24,2,2021,2,AZN.L
2021-02-25 00:00:00+00:00,7065.806541993581,7065.806541993581,6976.884485681728,7003.86083984375,3561144,137.4,0.0,-0.015259525833128507,0.01333026029532485,2737055.8,7297.311938476562,0,25,2,2021,3,AZN.L
2021-02-26 00:00:00+00:00,6994.870403828631,7165.720687938715,6888.963210169749,6938.91943359375,3965074,0.0,0.0,-0.009272229665181153,0.012826750765295915,2795183.55,7270.108154296875,0,26,2,2021,4,AZN.L
2021-03-01 00:00:00+00:00,7018.847797907526,7068.804009992276,6937.918734330229,6973.88720703125,2480464,0.0,0.0,0.005039368704615299,0.012738890942819504,2755744.7,7249.797216796875,0,1,3,2021,0,AZN.L
2021-03-02 00:00:00+00:00,6943.913797777753,6993.870012150254,6862.9847304943,6873.97509765625,5440668,0.0,0.0,-0.01432660242544015,0.012989435624607812,2876947.4,7224.890307617187,0,2,3,2021,1,AZN.L
2021-03-03 00:00:00+00:00,6879.970220737047,6912.941324031314,6730.1015693994705,6788.05078125,3509730,0.0,0.0,-0.012499945837096016,0.013044584669244028,2929664.5,7199.682836914062,0,3,3,2021,2,AZN.L
2021-03-04 00:00:00+00:00,6773.06487233336,6866.982573764151,6755.080631633846,6850.99658203125,3965042,0.0,0.0,0.009273030330757104,0.01292672518000909,3022982.0,7173.477124023438,0,4,3,2021,3,AZN.L
2021-03-05 00:00:00+00:00,6794.044933836395,6914.938968688484,6773.063324481901,6851.994140625,2900654,0.0,0.0,0.00014560780782857385,0.012683170682090326,3041641.9,7152.715502929687,0,5,3,2021,4,AZN.L
2021-03-08 00:00:00+00:00,6920.93451008766,7022.435398709544,6843.002809237821,6998.8662109375,2465768,0.0,0.0,0.021434938106806856,0.013774034291696574,3056866.9,7138.5982421875,0,8,3,2021,0,AZN.L
2021-03-09 00:00:00+00:00,7005.859099464486,7175.710218533078,6989.873111787442,7124.7548828125,3075466,0.0,0.0,0.017987009335636017,0.014442744554996407,3127032.6,7129.626635742187,0,9,3,2021,1,AZN.L
2021-03-10 00:00:00+00:00,7093.782228463484,7221.670133427333,7079.794488858063,7185.70166015625,3741793,0.0,0.0,0.008554227948357251,0.014477043465377478,3211730.4,7126.94892578125,0,10,3,2021,2,AZN.L
2021-03-11 00:00:00+00:00,7153.72986980281,7153.72986980281,6982.879617325676,7004.8603515625,3617643,0.0,0.0,-0.025166826727094804,0.015509816427271447,3157149.35,7115.279052734375,0,11,3,2021,3,AZN.L
2021-03-12 00:00:00+00:00,6952.906569268923,7007.8584102388595,6902.950350205344,6944.91357421875,3044203,0.0,0.0,-0.008557883288905055,0.013534472032954275,3164521.95,7089.373876953125,0,12,3,2021,4,AZN.L
2021-03-15 00:00:00+00:00,6944.913291242342,6998.866005632658,6893.753051327306,6971.8896484375,2798398,0.0,0.0,0.0038842922853485895,0.01361163082891564,3181793.6,7067.264892578125,0,15,3,2021,0,AZN.L
2021-03-16 00:00:00+00:00,7111.766821127023,7272.625834642258,7061.81060574962,7225.6669921875,4760163,0.0,0.0,0.036400080400996515,0.01601966882715858,3342910.25,7062.2400390625,0,16,3,2021,1,AZN.L
2021-03-17 00:00:00+00:00,7189.698723217725,7225.667199320538,7063.809056857882,7131.74951171875,3490906,0.0,0.0,-0.01299775931693159,0.015968738132347986,3412950.65,7048.173999023437,0,17,3,2021,2,AZN.L
2021-03-18 00:00:00+00:00,7193.695253314394,7213.6777401291565,7097.779316603535,7121.75830078125,2289202,0.0,0.0,-0.0014009481013155245,0.01590150659408702,3372226.25,7031.96015625,0,18,3,2021,3,AZN.L
2021-03-19 00:00:00+00:00,7121.757674050633,7153.0842197761585,7066.805840145921,7103.7734375,5123972,0.0,0.0,-0.002525340305255419,0.014425479699716387,3455245.65,7026.234887695313,0,19,3,2021,4,AZN.L
2021-03-22 00:00:00+00:00,7153.729500697848,7337.568359375,7118.760152579912,7337.568359375,3091682,0.0,0.0,0.03291137082734408,0.016227002797769008,3483891.05,7033.69775390625,0,22,3,2021,0,AZN.L
2021-03-23 00:00:00+00:00,7264.632599997834,7315.587937998094,7134.7464443108975,7208.681640625,4635566,0.0,0.0,-0.017565317614428144,0.016637025205598586,3593963.3,7037.713061523437,0,23,3,2021,1,AZN.L
2021-03-24 00:00:00+00:00,7203.686292650991,7203.686292650991,7122.757223343816,7123.75634765625,3299087,0.0,0.0,-0.01178097427553848,0.01686075238859256,3562831.25,7038.28125,0,24,3,2021,2,AZN.L
2021-03-25 00:00:00+00:00,7081.793353415395,7203.6865234375,7081.793353415395,7203.6865234375,3857585,0.0,0.0,0.011220228750179917,0.016619696188948277,3577653.3,7048.272534179688,0,25,3,2021,3,AZN.L
2021-03-26 00:00:00+00:00,7197.6919679312505,7415.501080786472,7170.715609917072,7264.63330078125,2276342,0.0,0.0,0.008460498266471994,0.016485105997172896,3493216.7,7064.5582275390625,0,26,3,2021,4,AZN.L
2021-03-29 00:00:00+01:00,7293.607702402285,7415.500872223255,7176.340361203572,7387.525390625,2706941,0.0,0.0,0.01691648907186183,0.016795274565793914,3504540.55,7085.24013671875,0,29,3,2021,0,AZN.L
2021-03-30 00:00:00+01:00,7391.5222342474535,7401.513478143435,7244.6509489765185,7282.61767578125,2384481,0.0,0.0,-0.014200657093765279,0.016788451160494974,3351731.2,7105.672265625,0,30,3,2021,1,AZN.L
2021-03-31 00:00:00+01:00,7264.6332817135535,7292.6087640252,7221.670933877811,7240.654296875,2336138,0.0,0.0,-0.005762128505770847,0.016526079611243465,3293051.6,7128.30244140625,0,31,3,2021,2,AZN.L
2021-04-01 00:00:00+01:00,7262.634787002623,7275.623403350268,7141.481204378891,7165.7197265625,1776199,0.0,0.0,-0.010349143494509994,0.01673775874148971,3183609.45,7144.038598632813,0,1,4,2021,3,AZN.L
2021-04-06 00:00:00+01:00,7128.7519937754505,7176.7099609375,7102.774761562674,7176.7099609375,2690288,0.0,0.0,0.0015337237283032934,0.01673088074584684,3173091.15,7160.274389648437,0,6,4,2021,1,AZN.L
2021-04-07 00:00:00+01:00,7103.774059148956,7173.712762966175,7092.78369140625,7092.78369140625,2254793,0.0,0.0,-0.011694254050680142,0.016388805983849952,3162542.4,7164.970263671875,0,7,4,2021,2,AZN.L
2021-04-08 00:00:00+01:00,7072.8008431362605,7305.596802516222,7038.830617303992,7236.6572265625,3832186,0.0,0.0,0.020284494976291256,0.016523165923844358,3200378.4,7170.565380859375,0,8,4,2021,3,AZN.L
2021-04-09 00:00:00+01:00,7226.66594104602,7341.565233624519,7210.679952513358,7280.61865234375,2771607,0.0,0.0,0.006074824937111423,0.016472002038056432,3151869.1,7175.31123046875,0,9,4,2021,4,AZN.L
2021-04-12 00:00:00+01:00,7253.642201016436,8251.609282276984,7187.699999189013,7218.6728515625,1497166,0.0,0.0,-0.008508315534602073,0.015482126613781467,3045845.25,7186.00185546875,0,12,4,2021,0,AZN.L
2021-04-13 00:00:00+01:00,7151.732002063494,7227.616666284319,7139.742510023153,7160.72412109375,2468700,0.0,0.0,-0.008027615554874079,0.015464228282797624,3017070.1,7196.7923828125,0,13,4,2021,1,AZN.L
2021-04-14 00:00:00+01:00,7168.7173611752805,7301.600902504384,7158.726117466326,7264.63330078125,2226444,0.0,0.0,0.014510987706034983,0.015725617311040253,2988472.4,7211.4295654296875,0,14,4,2021,2,AZN.L
2021-04-15 00:00:00+01:00,7245.649619140625,7442.477111552471,7230.66275423617,7393.52001953125,2958186,0.0,0.0,0.017741668906555708,0.01405284097454064,2898373.55,7219.822216796875,0,15,4,2021,3,AZN.L
2021-04-16 00:00:00+01:00,7414.501695421007,7436.482430806974,7340.566494577299,7373.53759765625,3481109,0.0,0.0,-0.002702693956628699,0.013687591400723497,2897883.7,7231.91162109375,0,16,4,2021,4,AZN.L
2021-04-19 00:00:00+01:00,7341.565206676328,7439.479386079469,7294.606365534005,7411.50390625,3059836,0.0,0.0,0.005148995050329397,0.013686418443693404,2936415.4,7246.398901367187,0,19,4,2021,0,AZN.L
2021-04-20 00:00:00+01:00,7443.47603082466,7500.426115892714,7415.500550440352,7487.4375,2743439,0.0,0.0,0.010245369186942854,0.013757756830053479,2817388.75,7265.582104492188,0,20,4,2021,1,AZN.L
2021-04-21 00:00:00+01:00,7510.4168640937705,7640.303014463891,7353.554359416011,7613.32666015625,2705954,0.0,0.0,0.016813383771984824,0.012291378166277464,2798102.35,7279.37001953125,0,21,4,2021,2,AZN.L
2021-04-22 00:00:00+01:00,7590.346831396415,7720.232982256166,7569.3652224113775,7666.2802734375,3711060,0.0,0.0,0.00695538437334875,0.011439071940874039,2751877.05,7302.249951171875,0,22,4,2021,3,AZN.L
2021-04-23 00:00:00+01:00,7654.2915252733965,8641.137558209839,7541.390475494531,7557.37646484375,2157879,0.0,0.0,-0.014205560546890705,0.011617032636275532,2694816.65,7323.93095703125,0,23,4,2021,4,AZN.L
2021-04-26 00:00:00+01:00,7535.395742031872,7602.3370725431605,7490.43514691235,7523.40625,2132317,0.0,0.0,-0.004494974545965369,0.01156474613584754,2608553.25,7339.916943359375,0,26,4,2021,0,AZN.L
2021-04-27 00:00:00+01:00,7550.383385056747,7640.059681988759,7536.395642911611,7554.3798828125,2268551,0.0,0.0,0.004116969333205933,0.011482212695797366,2608163.7,7354.404272460937,0,27,4,2021,1,AZN.L
2021-04-28 00:00:00+01:00,7536.394745047852,7612.328193360676,7500.42626953125,7500.42626953125,2249361,0.0,0.0,-0.007142030731602911,0.011093080863643518,2585284.7,7360.04931640625,0,28,4,2021,2,AZN.L
2021-04-29 00:00:00+01:00,7487.437416045722,7549.383121916397,7385.52673864558,7391.521484375,2082611,0.0,0.0,-0.014519812773661989,0.011116027016921569,2570191.2,7365.4945068359375,0,29,4,2021,3,AZN.L
2021-04-30 00:00:00+01:00,7512.415773604585,7860.111037497974,7495.430660138529,7708.244140625,3798456,0.0,0.0,0.04284945351502034,0.014426952309110758,2643307.1,7388.873999023437,0,30,4,2021,4,AZN.L
2021-05-04 00:00:00+01:00,7821.145573991923,7823.143822733362,7603.33646117508,7622.31982421875,3190761,0.0,0.0,-0.011147067326708116,0.014467531088878516,2714035.2,7411.70400390625,0,4,5,2021,1,AZN.L
2021-05-05 00:00:00+01:00,7615.325322186726,7686.263146625884,7600.338457868594,7667.27978515625,1661936,0.0,0.0,0.005898461619866291,0.01447412437761821,2662617.6,7436.232495117188,0,5,5,2021,2,AZN.L
2021-05-06 00:00:00+01:00,7692.258264732362,7743.213605880737,7628.31430721283,7673.27490234375,3626177,0.0,0.0,0.0007819092762346713,0.014051585039514827,2731186.8,7465.257055664062,0,6,5,2021,3,AZN.L
2021-05-07 00:00:00+01:00,7675.273458836659,7738.21829454438,7666.281339449843,7728.22705078125,1778622,0.0,0.0,0.007161498726015347,0.013550252892236552,2628508.6,7489.835546875,0,7,5,2021,4,AZN.L
2021-05-10 00:00:00+01:00,7683.265344951689,7736.218929253698,7661.284611845196,7710.24169921875,2009219,0.0,0.0,-0.0023272286702138434,0.013592407051278609,2590389.2,7511.31669921875,0,10,5,2021,0,AZN.L
2021-05-11 00:00:00+01:00,7703.248592352717,7717.23633298734,7549.383445371872,7625.31689453125,2468207,0.0,0.0,-0.01101454506881483,0.013714678675764872,2638941.25,7531.648901367187,0,11,5,2021,1,AZN.L
2021-05-12 00:00:00+01:00,7672.275342712481,7801.8619569123875,7635.307744368899,7779.181640625,2280112,0.0,0.0,0.02017814449181765,0.013986700162395733,2629511.85,7562.57177734375,0,12,5,2021,2,AZN.L
2021-05-13 00:00:00+01:00,7763.195830630333,7864.107385185502,7693.257129453483,7845.1240234375,1574450,0.0,0.0,0.008476776331861391,0.013817596523028565,2596912.15,7591.5963134765625,0,13,5,2021,3,AZN.L
2021-05-14 00:00:00+01:00,7873.099758889401,7875.657575729147,7817.1487961358725,7857.11376953125,1699711,0.0,0.0,0.0015283054873231894,0.013435622153424767,2533988.4,7614.7760009765625,0,14,5,2021,4,AZN.L
2021-05-17 00:00:00+01:00,7848.1214533897055,7911.505841060256,7835.955358644827,7888.08642578125,1602777,0.0,0.0,0.003941989025296744,0.013365772935408589,2440071.8,7640.503442382813,0,17,5,2021,0,AZN.L
2021-05-18 00:00:00+01:00,7913.063933441046,7964.019269376084,7893.081448760639,7923.05517578125,2248563,0.0,0.0,0.004433109389586409,0.013361976101959695,2399508.15,7666.081005859375,0,18,5,2021,1,AZN.L
2021-05-19 00:00:00+01:00,7898.077092083189,7975.009658318535,7882.091104294026,7947.0341796875,2108822,0.0,0.0,0.003026484528285023,0.013265235107057835,2367777.3,7689.06083984375,0,19,5,2021,2,AZN.L
2021-05-20 00:00:00+01:00,7992.993635469192,8123.87890625,7969.014654562785,8123.87890625,2451518,0.0,0.0,0.02225292134951573,0.013613143482767449,2355055.5,7714.588452148438,0,20,5,2021,3,AZN.L
2021-05-21 00:00:00+01:00,8117.885221494218,8138.866832528234,6494.108157186913,8127.87646484375,2027991,0.0,0.0,0.000492075108440515,0.01359944773003679,2270902.05,7737.66826171875,0,21,5,2021,4,AZN.L
2021-05-24 00:00:00+01:00,8127.876903697757,8165.84363047594,8120.88303297546,8142.86376953125,1531224,0.0,0.0,0.0018439385431516797,0.01298971254965968,2239569.3,7766.942626953125,0,24,5,2021,0,AZN.L
2021-05-25 00:00:00+01:00,8092.906499124319,8138.476419985183,8055.9389015357265,8075.92138671875,2112047,0.0,0.0,-0.0082209876902255,0.0131410340230513,2238555.8,7794.568383789063,0,25,5,2021,1,AZN.L
2021-05-26 00:00:00+01:00,8042.951270505378,8085.807754653529,8005.983668392496,8012.9775390625,1798925,0.0,0.0,-0.007794014409273964,0.013385456489488232,2215074.5,7817.498266601562,0,26,5,2021,2,AZN.L
2021-05-27 00:00:00+01:00,7993.992951388889,8092.90625,7918.059510030865,8092.90625,7954127,0.0,0.0,0.00997490764798159,0.013247006430249087,2500312.8,7847.122265625,0,27,5,2021,3,AZN.L
2021-05-28 00:00:00+01:00,8007.981248325061,8113.888423911144,7989.997010961386,8038.9541015625,2488145,0.0,0.0,-0.006666597483135361,0.01278075133014301,2520589.5,7879.493896484375,0,28,5,2021,4,AZN.L
2021-06-01 00:00:00+01:00,8087.9108861865925,8099.900377308796,7938.042247159046,7950.03173828125,2816821,0.0,0.0,-0.011061434380371216,0.009476888856286881,2471507.75,7891.583276367188,0,1,6,2021,1,AZN.L
2021-06-02 00:00:00+01:00,7928.0510837479915,7985.001167147315,7877.59530810473,7925.0537109375,2356409,0.0,0.0,-0.003141877688799033,0.009071075370235163,2429790.15,7906.719970703125,0,2,6,2021,2,AZN.L
2021-06-03 00:00:00+01:00,7925.053562757533,7966.017657068307,7863.107859165631,7941.03955078125,1516340,0.0,0.0,0.002017127003402841,0.009024414686927624,2422510.35,7920.407958984375,0,3,6,2021,3,AZN.L
2021-06-04 00:00:00+01:00,7986.000582057922,8051.942786288601,7925.0539993598695,8047.9462890625,1553314,0.0,0.0,0.01346256212396435,0.009387699238556473,2318867.2,7939.141528320312,0,4,6,2021,4,AZN.L
2021-06-07 00:00:00+01:00,8021.969707958405,8038.954822547431,7955.028373989889,7997.99072265625,1775673,0.0,0.0,-0.006207244011325219,0.009508108796113425,2318719.75,7952.629711914063,0,7,6,2021,0,AZN.L
2021-06-08 00:00:00+01:00,7975.010602502757,8036.956312519691,7917.06138990627,7928.0517578125,1981881,0.0,0.0,-0.008744566887984861,0.009758279384195562,2317352.85,7963.52021484375,0,8,6,2021,1,AZN.L
2021-06-09 00:00:00+01:00,7957.025741130458,8161.846217892355,7924.054639993177,8122.88037109375,2538781,0.0,0.0,0.0245745889700153,0.01057828485467182,2320881.55,7988.398388671875,0,9,6,2021,2,AZN.L
2021-06-10 00:00:00+01:00,8171.83727216686,8286.736561358593,8153.853035597719,8274.7470703125,2958647,0.0,0.0,0.018696163464278825,0.010457735108653587,2354808.3,8013.17666015625,0,10,6,2021,3,AZN.L
2021-06-11 00:00:00+01:00,8326.702519390738,8416.623712904677,8299.726161336555,8332.697265625,3224225,0.0,0.0,0.007003258809010537,0.010423323249424805,2437297.05,8037.555322265625,0,11,6,2021,4,AZN.L
2021-06-14 00:00:00+01:00,8346.68322151451,8388.646436178577,8297.726137739766,8340.6884765625,3210991,0.0,0.0,0.0009590185125849526,0.010428532494551678,2512861.05,8061.734057617187,0,14,6,2021,0,AZN.L
2021-06-15 00:00:00+01:00,8382.654161797314,8401.637526406868,8323.705819062388,8335.6953125,1938063,0.0,0.0,-0.0005986513075666444,0.010457295731787658,2529625.35,8084.114501953125,0,15,6,2021,1,AZN.L
2021-06-16 00:00:00+01:00,8318.708929527606,8412.62661381485,8311.715059421109,8396.640625,2643652,0.0,0.0,0.007311365184930363,0.010500451683306421,2549379.8,8107.793774414063,0,16,6,2021,2,AZN.L
2021-06-17 00:00:00+01:00,8308.716881449063,8375.658203125,8271.749285896682,8375.658203125,2213978,0.0,0.0,-0.0024989067428380363,0.010571031389333468,2554637.6,8129.2249755859375,0,17,6,2021,3,AZN.L
2021-06-18 00:00:00+01:00,8404.632703941286,8430.609932935875,8339.689631454818,8376.6572265625,4454445,0.0,0.0,0.000119277006447982,0.009520806212976421,2654783.95,8141.8638916015625,0,18,6,2021,4,AZN.L
2021-06-21 00:00:00+01:00,8356.675251620482,8468.577167950167,8345.684884838101,8400.63671875,1289177,0.0,0.0,0.0028626564915967823,0.009521357920866906,2617843.25,8155.501904296875,0,21,6,2021,0,AZN.L
2021-06-22 00:00:00+01:00,8349.68136976048,8402.634955089821,8261.330100134204,8342.6875,1751286,0.0,0.0,-0.006898193635806016,0.009712878576457994,2628846.35,8165.493090820312,0,22,6,2021,1,AZN.L
2021-06-23 00:00:00+01:00,8308.718144489005,8424.616569784906,8255.76455362105,8314.712890625,2123818,0.0,0.0,-0.0033531891701564787,0.00952197707583274,2629434.9,8177.432666015625,0,23,6,2021,2,AZN.L
2021-06-24 00:00:00+01:00,8329.700132645388,8485.563539229612,8300.725525011141,8407.6318359375,2616506,0.0,0.0,0.011175243996370376,0.00949210775067158,2670313.95,8197.165380859375,0,24,6,2021,3,AZN.L
2021-06-25 00:00:00+01:00,8372.66182280636,8504.546233380397,8344.686341775503,8491.5576171875,2527540,0.0,0.0,0.009982095183006079,0.009492407802874149,2398984.6,8217.09794921875,0,25,6,2021,4,AZN.L
2021-06-28 00:00:00+01:00,8506.544240106812,8683.38924016541,8468.577516930389,8658.4111328125,2790416,0.0,0.0,0.01964934151624642,0.00997393471773473,2414098.15,8248.07080078125,0,28,6,2021,0,AZN.L
2021-06-29 00:00:00+01:00,8654.41480511082,8720.357009813812,8594.467346289917,8666.404296875,1687252,0.0,0.0,0.0009231675350005464,0.009378500257336048,2357619.7,8283.889428710938,0,29,6,2021,1,AZN.L
2021-06-30 00:00:00+01:00,8666.405341030966,8731.927999473175,8650.419350086016,8675.3974609375,2065659,0.0,0.0,0.001037704191315214,0.00924808981958571,2343082.2,8321.406616210938,0,30,6,2021,2,AZN.L
2021-07-01 00:00:00+01:00,8692.381505501458,8736.342975184454,8649.41916012944,8734.3447265625,1890059,0.0,0.0,0.006794762532831511,0.009240279298416169,2361768.15,8361.071875,0,1,7,2021,3,AZN.L
2021-07-02 00:00:00+01:00,8742.337894407108,8803.284478585261,8728.350153776057,8771.3125,1427145,0.0,0.0,0.004232461002492194,0.009013224260185198,2355459.7,8397.240185546874,0,2,7,2021,4,AZN.L
2021-07-05 00:00:00+01:00,8743.33744690687,8769.314680779522,8656.019440081021,8670.4013671875,908882,0.0,0.0,-0.011504678782394362,0.009408979750112477,2312120.15,8430.860717773438,0,5,7,2021,0,AZN.L
2021-07-06 00:00:00+01:00,8664.407160159386,8770.314351000818,8654.415915740383,8713.3642578125,1611520,0.0,0.0,0.004955121315097344,0.008911237594310057,2293602.1,8470.126342773438,0,6,7,2021,1,AZN.L
2021-07-07 00:00:00+01:00,8668.402205691267,8701.37330675026,8607.455624945858,8650.41796875,3443578,0.0,0.0,-0.007224108530302975,0.007980053670767418,2338841.95,8496.50322265625,0,7,7,2021,2,AZN.L
2021-07-08 00:00:00+01:00,8628.435393381069,8660.407363342649,8543.509848170626,8581.4765625,1981323,0.0,0.0,-0.007969719671240605,0.007462252670412483,2289975.75,8511.839697265625,0,8,7,2021,3,AZN.L
2021-07-09 00:00:00+01:00,8567.492622142583,8668.969131706712,8526.528517476945,8640.4287109375,1426900,0.0,0.0,0.0068696975407605,0.007457454475836659,2200109.5,8527.22626953125,0,9,7,2021,4,AZN.L
2021-07-12 00:00:00+01:00,8619.445367446966,8769.314012992003,8606.456751499729,8754.3271484375,1538438,0.0,0.0,0.013182035441808848,0.007870747131557202,2116481.85,8547.908203125,0,12,7,2021,0,AZN.L
2021-07-13 00:00:00+01:00,8694.379990848698,8757.324824154084,8649.419395630566,8751.330078125,5039988,0.0,0.0,-0.0003423530171630107,0.007865725137962862,2271578.1,8568.68994140625,0,13,7,2021,1,AZN.L
2021-07-14 00:00:00+01:00,8733.345149788398,8752.328510713462,8588.472132202387,8661.408203125,2336481,0.0,0.0,-0.010275223788526744,0.008268173904919825,2256219.55,8581.9283203125,0,14,7,2021,2,AZN.L
2021-07-15 00:00:00+01:00,8606.457726521312,8625.441090440967,8300.594910176458,8338.6923828125,3788349,0.0,0.0,-0.037259047575666226,0.011988414181335167,2334938.1,8580.080029296874,0,15,7,2021,3,AZN.L
2021-07-16 00:00:00+01:00,8219.796211546387,8332.697265625,8167.785641007572,8332.697265625,4072238,0.0,0.0,-0.0007189517147625502,0.011988880553141033,2315827.75,8577.88203125,0,16,7,2021,4,AZN.L
2021-07-19 00:00:00+01:00,8275.745628921768,8307.71760285941,8182.827079665492,8299.724609375,3265971,0.0,0.0,-0.003957020781976905,0.011994347032290463,2414667.45,8572.83642578125,0,19,7,2021,0,AZN.L
2021-07-20 00:00:00+01:00,8340.690270776668,8505.545792419953,8289.734927723288,8448.595703125,60291388,0.0,0.0,0.017936871493524187,0.012572538497234277,5341672.55,8578.1318359375,0,20,7,2021,1,AZN.L
2021-07-21 00:00:00+01:00,8509.541001771413,8666.403504680666,8415.62332487033,8451.591796875,5158277,0.0,0.0,0.00035462624266568987,0.012536808006271298,5493395.5,8584.97578125,0,21,7,2021,2,AZN.L
2021-07-22 00:00:00+01:00,8475.570778211446,8494.554138436133,8342.68725663864,8451.591796875,2992786,0.0,0.0,0.0,0.01230119390812788,5512209.5,8587.173779296874,0,22,7,2021,3,AZN.L
2021-07-23 00:00:00+01:00,8444.597764501032,8517.533831326466,8432.608274063974,8472.5732421875,1865735,0.0,0.0,0.002482543622168043,0.01210431954388616,5479119.25,8586.224560546874,0,23,7,2021,4,AZN.L
2021-07-26 00:00:00+01:00,8481.566758269453,8485.56325574066,8249.769904939438,8284.7392578125,1967668,0.0,0.0,-0.02216965011759564,0.012135743804112368,5437981.85,8567.540966796874,0,26,7,2021,0,AZN.L
2021-07-27 00:00:00+01:00,8213.8004848379,8354.677004526762,8181.828508738299,8245.7724609375,5105316,0.0,0.0,-0.004703442759318555,0.012126391378252886,5608885.05,8546.509375,0,27,7,2021,1,AZN.L
2021-07-28 00:00:00+01:00,8235.782832985838,8289.735553231045,8203.810850618309,8258.7626953125,2210869,0.0,0.0,0.0015753811345800006,0.012135039190706572,5616145.55,8525.67763671875,0,28,7,2021,2,AZN.L
2021-07-29 00:00:00+01:00,8242.77657000385,8391.646110480284,8134.871131269256,8269.7529296875,3008574,0.0,0.0,0.00133073618657642,0.011977935826180433,5672071.3,8502.448046875,0,29,7,2021,3,AZN.L
2021-07-30 00:00:00+01:00,8210.804520959951,8273.749359706662,8172.558252643777,8260.7607421875,3871533,0.0,0.0,-0.0010873586643342925,0.011875444882699104,5794290.7,8476.920458984376,0,30,7,2021,4,AZN.L
2021-08-02 00:00:00+01:00,8263.757509758543,8292.732115946792,8166.562907517864,8266.7548828125,5217517,0.0,0.0,0.0007256160554787172,0.011724389226990782,6009722.45,8456.738134765625,0,2,8,2021,0,AZN.L
2021-08-03 00:00:00+01:00,8271.751111918276,8327.702079700306,8244.77475245194,8289.7353515625,1397670,0.0,0.0,0.0027798657485029743,0.011663330773005447,5999029.95,8435.556689453126,0,3,8,2021,1,AZN.L
2021-08-04 00:00:00+01:00,8329.698154922726,8349.680638201897,8234.78135934666,8262.7568359375,2569377,0.0,0.0,-0.003254448360636153,0.011610995096035899,5955319.9,8416.1736328125,0,4,8,2021,2,AZN.L
2021-08-05 00:00:00+01:00,8342.688307285423,8366.667291641692,8234.78287768221,8334.6953125,2390496,0.0,0.0,0.00870635285424548,0.011774362816201114,5975778.55,8403.8345703125,0,5,8,2021,3,AZN.L
2021-08-06 00:00:00+01:00,8350.681418662653,8375.659527715843,8133.871432080959,8149.857421875,1781801,0.0,0.0,-0.022176922334255944,0.012472487533156159,5993523.6,8379.306005859375,0,6,8,2021,4,AZN.L
2021-08-09 00:00:00+01:00,8195.815747442704,8216.7973554759,8103.896321773471,8187.82275390625,2194047,0.0,0.0,0.004658404443904418,0.012033995261544157,6026304.05,8350.980786132812,0,9,8,2021,0,AZN.L
2021-08-10 00:00:00+01:00,8156.851122933029,8185.825728832718,8121.881770985129,8141.8642578125,3726224,0.0,0.0,-0.005613030163827637,0.012024222526389058,5960615.85,8320.507495117188,0,10,8,2021,1,AZN.L
2021-08-11 00:00:00+01:00,8155.851800671417,8211.80276243028,8142.8631845488235,8172.8369140625,1886529,0.0,0.0,0.00380412338860614,0.012020875772081985,5938118.25,8296.078930664062,0,11,8,2021,2,AZN.L
2021-08-12 00:00:00+01:00,8098.5441740674705,8317.369735340855,8098.5441740674705,8292.3896484375,2794210,64.8,0.0,0.014628058241232367,0.009542874215210086,5888411.3,8293.763793945312,0,12,8,2021,3,AZN.L
2021-08-13 00:00:00+01:00,8321.367115179208,8426.283487308629,8301.383044297414,8419.2890625,1739398,0.0,0.0,0.015303117610544481,0.01015309976184876,5771769.3,8298.093383789062,0,13,8,2021,4,AZN.L
2021-08-16 00:00:00+01:00,8419.288668511119,8485.236099334965,8373.325307633891,8470.248046875,3866338,0.0,0.0,0.00605264696302843,0.010165098541098419,5801787.65,8306.619555664063,0,16,8,2021,0,AZN.L
2021-08-17 00:00:00+01:00,8478.241758654267,8578.162109375,8438.273618365973,8578.162109375,2777291,0.0,0.0,0.012740366268236158,0.009769923473949945,2926082.8,8313.097875976562,0,17,8,2021,1,AZN.L
2021-08-18 00:00:00+01:00,8635.115640791413,8748.025623134556,8588.153081763736,8725.0439453125,3635886,0.0,0.0,0.017122762902437305,0.010426491308411374,2849963.25,8326.770483398437,0,18,8,2021,2,AZN.L
2021-08-19 00:00:00+01:00,8636.116064386053,8740.033230959714,8601.143941019918,8729.0419921875,1745582,0.0,0.0,0.00045822656023952746,0.010423188652309689,2787603.05,8340.642993164063,0,19,8,2021,3,AZN.L
2021-08-20 00:00:00+01:00,8728.04173549171,8752.022617191973,8629.120598478125,8724.044921875,2727142,0.0,0.0,-0.0005724649184838393,0.010433006689626349,2830673.4,8353.216577148438,0,20,8,2021,4,AZN.L
2021-08-23 00:00:00+01:00,8753.021541446835,8767.010388659191,8601.14262885552,8617.1298828125,1155660,0.0,0.0,-0.012255214183321872,0.009436318469578984,2790073.0,8369.836108398438,0,23,8,2021,0,AZN.L
2021-08-24 00:00:00+01:00,8573.165248571218,8610.13577470142,8440.271195184276,8523.205078125,1722880,0.0,0.0,-0.01089977822834487,0.009764394135580001,2620951.2,8383.707739257812,0,24,8,2021,1,AZN.L
2021-08-25 00:00:00+01:00,8519.209005612067,8658.098291535134,8510.216174149422,8546.1875,2711109,0.0,0.0,0.002696452996770571,0.009766850616103969,2645963.2,8398.078979492188,0,25,8,2021,2,AZN.L
2021-08-26 00:00:00+01:00,8531.20044047749,8633.119208916085,8518.21079351963,8573.1669921875,1273495,0.0,0.0,0.0031569038460133036,0.009771187401973533,2559209.25,8413.249682617188,0,26,8,2021,3,AZN.L
2021-08-27 00:00:00+01:00,8570.169153965082,8611.136500975992,8556.180303766236,8558.1787109375,1607899,0.0,0.0,-0.0017482782341295966,0.009782750425234604,2446027.55,8428.120581054687,0,27,8,2021,4,AZN.L
2021-08-31 00:00:00+01:00,8519.208214273916,8575.16360484386,8475.24326454039,8507.2177734375,2941351,0.0,0.0,-0.005954647504015198,0.009934786850816814,2332219.25,8440.143725585938,0,31,8,2021,1,AZN.L
2021-09-01 00:00:00+01:00,8528.20068416712,8558.176784990203,8470.246889242493,8509.2158203125,1535206,0.0,0.0,0.00023486490274637895,0.00993358189320342,2339096.05,8451.117749023437,0,1,9,2021,2,AZN.L
2021-09-02 00:00:00+01:00,8537.195397753656,8617.131684249478,8509.217697480119,8607.1396484375,1286043,0.0,0.0,0.01150797326014974,0.010119815865699308,2274929.35,8468.336889648437,0,2,9,2021,3,AZN.L
2021-09-03 00:00:00+01:00,8613.134245725116,8662.095217655571,8468.249736951317,8502.22265625,1257456,0.0,0.0,-0.012189530607481958,0.010473535751015395,2218277.35,8476.713256835938,0,3,9,2021,4,AZN.L
2021-09-06 00:00:00+01:00,8545.188332309139,8659.09753131326,8513.213820307981,8638.1142578125,800437,0.0,0.0,0.015983067846689014,0.009445346458450899,2169209.15,8501.126098632812,0,6,9,2021,0,AZN.L
2021-09-07 00:00:00+01:00,8635.116913555194,8635.116913555194,8450.264260349026,8463.25390625,1496230,0.0,0.0,-0.02024288477133218,0.010758957860534645,2134318.3,8514.89765625,0,7,9,2021,1,AZN.L
2021-09-08 00:00:00+01:00,8464.252879766997,8491.231374366656,8294.044807935123,8307.3779296875,1765026,0.0,0.0,-0.01841797236490661,0.011568275113096235,2036258.4,8523.17333984375,0,8,9,2021,2,AZN.L
2021-09-09 00:00:00+01:00,8293.38935989685,8343.349536763697,8170.487324804401,8197.4658203125,2589320,0.0,0.0,-0.013230661985680792,0.011976319565817566,2071397.95,8524.40478515625,0,9,9,2021,3,AZN.L
2021-09-10 00:00:00+01:00,8164.491339206171,8201.461866626392,8128.520015229739,8166.48974609375,1560501,0.0,0.0,-0.0037787378316350706,0.011508852311133726,2009712.5,8518.109790039063,0,10,9,2021,4,AZN.L
2021-09-13 00:00:00+01:00,8186.474135564916,8219.447850501281,8067.568921097416,8091.5498046875,67933,0.0,0.0,-0.009176518153603985,0.011007954532405195,1926139.25,8501.722827148438,0,13,9,2021,0,AZN.L
2021-09-14 00:00:00+01:00,8090.549726130073,8142.508301622079,8066.568845133764,8123.5234375,1969925,0.0,0.0,0.003951484398449612,0.010937604976782568,1831318.6,8484.386596679688,0,14,9,2021,1,AZN.L
2021-09-15 00:00:00+01:00,8136.513983052884,8180.478936418269,8092.5490296875,8118.5283203125,2585986,0.0,0.0,-0.0006148953992600736,0.010381902322483781,1821753.35,8461.404907226562,0,15,9,2021,2,AZN.L
2021-09-16 00:00:00+01:00,8152.501287848544,8255.419247481881,8134.515625,8134.515625,1724034,0.0,0.0,0.001969236794740148,0.009362068170182078,1726160.75,8431.878491210937,0,16,9,2021,3,AZN.L
2021-09-17 00:00:00+01:00,8215.450989594638,8258.416739114531,8022.604718493718,8056.57763671875,4835361,0.0,0.0,-0.009581146791546091,0.009410161092554123,1880649.7,8398.2552734375,0,17,9,2021,4,AZN.L
2021-09-20 00:00:00+01:00,8211.454229237863,8552.1826171875,8143.508392344681,8552.1826171875,4536066,0.0,0.0,0.06151557184901635,0.01741908981020593,1971095.9,8389.662158203126,0,20,9,2021,0,AZN.L
2021-09-21 00:00:00+01:00,8553.18101499713,8703.0615234375,8500.2232353482,8703.0615234375,3430306,0.0,0.0,0.017642152068499506,0.01767019587406006,2084828.2,8393.958740234375,0,21,9,2021,1,AZN.L
2021-09-22 00:00:00+01:00,8683.078575599106,8713.054681153533,8546.187693567223,8610.13671875,1471718,0.0,0.0,-0.010677254715165674,0.017662615016300592,2072270.1,8398.305322265625,0,22,9,2021,2,AZN.L
2021-09-23 00:00:00+01:00,8647.105879519137,8728.257975864586,8586.156426113545,8661.0947265625,1533110,0.0,0.0,0.005918373828086798,0.017696900728938807,2013370.15,8404.05068359375,0,23,9,2021,3,AZN.L
2021-09-24 00:00:00+01:00,8892.911271375071,8974.845959493357,8818.90580957692,8837.955078125,4861722,0.0,0.0,0.02042009204911377,0.01823018989018086,2192781.5,8417.290087890626,0,24,9,2021,4,AZN.L
2021-09-27 00:00:00+01:00,8861.936227972343,8891.912334279612,8549.185518833168,8560.1767578125,2153124,0.0,0.0,-0.03143015752592304,0.019674627623860824,2220042.75,8417.389990234375,0,27,9,2021,0,AZN.L
2021-09-28 00:00:00+01:00,8517.210172291716,8668.089892612697,8438.273100070805,8467.25,2345573,0.0,0.0,-0.01085570548852155,0.019785430703900306,2190253.85,8415.3916015625,0,28,9,2021,1,AZN.L
2021-09-29 00:00:00+01:00,8601.142144514886,8842.949346997764,8552.181182028684,8825.962890625,4161391,0.0,0.0,0.0423647454161622,0.021942756917680942,2321563.1,8431.228955078124,0,29,9,2021,2,AZN.L
2021-09-30 00:00:00+01:00,8899.903912267666,8990.831413785165,8882.880376129764,8950.86328125,4365829,0.0,0.0,0.014151474708518297,0.022010559251244698,2475552.4,8448.41513671875,0,30,9,2021,3,AZN.L
2021-10-01 00:00:00+01:00,8873.926678111286,8906.900395077582,8656.100305424847,8766.0126953125,2357783,0.0,0.0,-0.020651704771842416,0.022379683846680452,2530568.75,8461.604638671875,0,1,10,2021,4,AZN.L
2021-10-04 00:00:00+01:00,8741.031856783226,8879.921137543728,8716.05177031551,8818.9697265625,1763044,0.0,0.0,0.006041176654731251,0.022156505170340818,2578699.1,8470.647412109374,0,4,10,2021,0,AZN.L
2021-10-05 00:00:00+01:00,8840.953636658762,8908.899482871782,8815.97354613927,8848.947265625,1889685,0.0,0.0,0.0033992110180636192,0.021571524375778178,2598371.85,8489.932080078124,0,5,10,2021,1,AZN.L
2021-10-06 00:00:00+01:00,8732.03985049182,8826.249913620879,8609.13781346121,8771.0087890625,1590300,0.0,0.0,-0.008807655218521115,0.021185852856579312,2589635.55,8513.113623046875,0,6,10,2021,2,AZN.L
2021-10-07 00:00:00+01:00,8807.977129493705,8885.914987247592,8760.01537087593,8869.927734375,1486907,0.0,0.0,0.011277943927710199,0.020908988530698218,2534514.9,8546.73671875,0,7,10,2021,3,AZN.L
2021-10-08 00:00:00+01:00,8869.929479860994,8964.853812471876,8830.5712052325,8881.919921875,1121443,0.0,0.0,0.001352005096222575,0.020837893156434948,2512562.0,8582.508227539063,0,8,10,2021,4,AZN.L
2021-10-11 00:00:00+01:00,8901.902039923323,9000.823164847829,8810.974541255346,8995.8271484375,1436256,0.0,0.0,0.01282461760119702,0.020662869446495993,2580978.15,8627.722094726563,0,11,10,2021,0,AZN.L
2021-10-12 00:00:00+01:00,8913.894149231397,9073.766704312331,8856.939551483812,8888.9140625,1385930,0.0,0.0,-0.011884742133586923,0.021025990469332657,2551778.4,8665.991625976563,0,12,10,2021,1,AZN.L
2021-10-13 00:00:00+01:00,8874.925760957793,8883.91859273539,8678.082665381493,8847.947265625,1912408,0.0,0.0,-0.004608751596308913,0.021098153491339665,2518099.5,8702.462573242188,0,13,10,2021,2,AZN.L
2021-10-14 00:00:00+01:00,8833.957986207135,8871.927718531066,8774.005777274613,8806.9794921875,1784691,0.0,0.0,-0.004630200905091697,0.021191530270242252,2521132.35,8736.085766601562,0,14,10,2021,3,AZN.L
2021-10-15 00:00:00+01:00,8832.957313281695,8840.95093980955,8743.029014843307,8787.9931640625,1701134,0.0,0.0,-0.0021558274482008644,0.021001780926425642,2364421.0,8772.65654296875,0,15,10,2021,4,AZN.L
2021-10-18 00:00:00+01:00,8700.062962180458,8761.56568049924,8660.094830965663,8692.0693359375,1112241,0.0,0.0,-0.010915328031577132,0.016405546149245186,2193229.75,8779.65087890625,0,18,10,2021,0,AZN.L
2021-10-19 00:00:00+01:00,8639.113140447991,8755.020742147271,8600.144205393924,8732.0390625,1408339,0.0,0.0,0.0045984132221823515,0.015959782982761652,2092131.4,8781.099755859375,0,19,10,2021,1,AZN.L
2021-10-20 00:00:00+01:00,8783.997303760836,8809.976592794823,8725.044301722171,8761.015625,999913,0.0,0.0,0.0033184187899983897,0.015759328797628692,2068541.15,8788.643701171875,0,20,10,2021,2,AZN.L
2021-10-21 00:00:00+01:00,8737.034252298883,8859.936266598146,8736.035048930597,8855.939453125,1144096,0.0,0.0,0.01083479726415848,0.015878206228681097,2049090.45,8798.3859375,0,21,10,2021,3,AZN.L
2021-10-22 00:00:00+01:00,8884.916828486272,9021.80769730123,8865.931963468138,8988.833984375,1620095,0.0,0.0,0.015006260143649142,0.015577167236422907,1887009.1,8805.9298828125,0,22,10,2021,4,AZN.L
2021-10-25 00:00:00+01:00,9003.821004786925,9057.777983397345,8912.893503795292,8934.8759765625,1079881,0.0,0.0,-0.006002781662926893,0.013721422703366478,1833346.95,8824.66484375,0,25,10,2021,0,AZN.L
2021-10-26 00:00:00+01:00,8945.866984334214,9028.800856745667,8937.87335807769,8995.8271484375,1290577,0.0,0.0,0.006821714373527188,0.013399519495726655,1780597.15,8851.093701171874,0,26,10,2021,1,AZN.L
2021-10-27 00:00:00+01:00,9052.784349722733,9141.713467506985,8979.842489068233,8986.8369140625,1609568,0.0,0.0,-0.0009993782924743178,0.00971679250692844,1653006.0,8859.13740234375,0,27,10,2021,2,AZN.L
2021-10-28 00:00:00+01:00,8971.847724156663,9136.716292425497,8902.90268651697,9052.783203125,1268051,0.0,0.0,0.007338097897304552,0.009341734767893862,1498117.1,8864.2333984375,0,28,10,2021,3,AZN.L
2021-10-29 00:00:00+01:00,8971.847466607447,9101.74391060555,8961.855432453747,9086.755859375,1581992,0.0,0.0,0.0037527305677962364,0.007901487818353342,1459327.55,8880.270556640626,0,29,10,2021,4,AZN.L
2021-11-01 00:00:00+00:00,9169.690616600152,9181.681058727121,8964.964160599733,9130.7216796875,1191987,0.0,0.0,0.004838450707040698,0.007872257752543629,1430774.7,8895.858154296875,0,1,11,2021,0,AZN.L
2021-11-02 00:00:00+00:00,9182.679034041184,9419.490234375,9150.515223776965,9419.490234375,1829972,0.0,0.0,0.031626038424750647,0.010327495184211822,1427789.05,8924.385302734376,0,2,11,2021,1,AZN.L
2021-11-03 00:00:00+00:00,9385.517349458813,9436.476721844887,9292.591435107735,9332.5595703125,1646165,0.0,0.0,-0.009228807706096465,0.01035361900166636,1430582.3,8952.462841796874,0,3,11,2021,2,AZN.L
2021-11-04 00:00:00+00:00,9325.565167009458,9467.452047296112,9317.819389227523,9435.4775390625,1936557,0.0,0.0,0.011027839466183353,0.010343441731531716,1453064.8,8980.74033203125,0,4,11,2021,3,AZN.L
2021-11-05 00:00:00+00:00,9436.477427338463,9515.414500269397,9241.632753648184,9301.5849609375,1544225,0.0,0.0,-0.014190334041990993,0.011045339085924945,1474203.9,9001.723583984374,0,5,11,2021,4,AZN.L
2021-11-08 00:00:00+00:00,9323.5673828125,9433.47976220478,9305.581720730126,9323.5673828125,1050140,0.0,0.0,0.0023632985095891623,0.01076834970025716,1454898.1,9018.110595703125,0,8,11,2021,0,AZN.L
2021-11-09 00:00:00+00:00,9302.583857797194,9353.54323231359,9225.645194311652,9281.6005859375,1775163,0.0,0.0,-0.004501152311331302,0.010392873051221196,1474359.75,9037.744921875,0,9,11,2021,1,AZN.L
2021-11-10 00:00:00+00:00,9268.611415541081,9400.830234477993,9259.618584284088,9376.525390625,1771177,0.0,0.0,0.01022720206591532,0.0104096629255105,1467298.2,9064.173828125,0,10,11,2021,2,AZN.L
2021-11-11 00:00:00+00:00,9417.49267319611,9450.466387595628,9361.537279063592,9436.4775390625,1376773,0.0,0.0,0.006393855499761347,0.010277830148443254,1446902.3,9095.64873046875,0,11,11,2021,3,AZN.L
2021-11-12 00:00:00+00:00,8915.891084376066,9229.384290612621,8752.021742468896,8793.98828125,4680272,0.0,0.0,-0.06808570837506922,0.019033546466610502,1595859.2,9095.948486328125,0,12,11,2021,4,AZN.L
2021-11-15 00:00:00+00:00,8950.865386391197,9028.803263164864,8819.96972155337,8960.857421875,2242704,0.0,0.0,0.018975365361901586,0.019285752370373957,1652382.35,9109.387890625,0,15,11,2021,0,AZN.L
2021-11-16 00:00:00+00:00,8918.890368882237,8921.887979357998,8479.240832437225,8595.1484375,3755766,0.0,0.0,-0.04081182939952166,0.021475976918816007,1769753.7,9102.543359375,0,16,11,2021,1,AZN.L
2021-11-17 00:00:00+00:00,8561.174751709837,8741.031364140716,8532.317874542854,8583.1572265625,3454922,0.0,0.0,-0.0013951138860130996,0.021456974461299055,1892504.15,9093.650439453126,0,17,11,2021,2,AZN.L
2021-11-18 00:00:00+00:00,8578.161725088741,8620.128270511424,8322.36563870287,8374.32421875,2354891,0.0,0.0,-0.024330558359832888,0.021889782061061448,1953043.9,9069.569677734375,0,18,11,2021,3,AZN.L
2021-11-19 00:00:00+00:00,8404.299290088933,8537.193334267013,8374.323189898389,8472.2451171875,4284864,0.0,0.0,0.011692991085568094,0.02176201704634219,2086282.35,9043.740234375,0,19,11,2021,4,AZN.L
2021-11-22 00:00:00+00:00,8476.24353176263,8545.188575225038,8386.98069936546,8436.275390625,2069463,0.0,0.0,-0.004245595596559015,0.021751629353638006,2135761.45,9018.810205078125,0,22,11,2021,0,AZN.L
2021-11-23 00:00:00+00:00,8396.306452797944,8510.215644231832,8344.347874249152,8473.2451171875,1618987,0.0,0.0,0.004382233254687673,0.02170258441691043,2152181.95,8992.681103515624,0,23,11,2021,1,AZN.L
2021-11-24 00:00:00+00:00,8482.238592860014,8511.215494637956,8397.30629454536,8464.2529296875,1393828,0.0,0.0,-0.001061244821273899,0.02170232489286636,2141394.95,8966.551904296875,0,24,11,2021,2,AZN.L
2021-11-25 00:00:00+00:00,8488.233986923153,8565.172658729283,8479.995436724554,8501.2236328125,1385060,0.0,0.0,0.004367863700685204,0.021639646093589905,2147245.4,8938.97392578125,0,25,11,2021,3,AZN.L
2021-11-26 00:00:00+00:00,8376.323082774788,8553.182105278802,8337.354145612888,8404.30078125,2355956,0.0,0.0,-0.01140104716083501,0.021659362483331734,2185943.6,8904.851171875,0,26,11,2021,4,AZN.L
2021-11-29 00:00:00+00:00,8379.319825794415,8430.279199884031,8273.404263961096,8360.3349609375,2477175,0.0,0.0,-0.005231347789287577,0.021568068214572893,2250203.0,8866.3318359375,0,29,11,2021,0,AZN.L
2021-11-30 00:00:00+00:00,8255.419354062198,8327.36200638518,8144.507765064267,8269.408203125,4277661,0.0,0.0,-0.010875970668321577,0.019883385915650167,2372587.45,8808.827734375,0,30,11,2021,1,AZN.L
2021-12-01 00:00:00+00:00,8296.386691146898,8367.330139908963,8225.443242384832,8307.3779296875,2140088,0.0,0.0,0.004591589341079061,0.020015823854212453,2397283.6,8757.56865234375,0,1,12,2021,2,AZN.L
2021-12-02 00:00:00+00:00,8299.383615960242,8340.350956226841,8206.457697794542,8224.443359375,2117981,0.0,0.0,-0.009983242728866637,0.019644818743016806,2406354.8,8697.016943359375,0,2,12,2021,3,AZN.L
2021-12-03 00:00:00+00:00,8243.428590402194,8263.056498320748,8091.549663645694,8184.4755859375,1759208,0.0,0.0,-0.004859632645161427,0.019567112099658515,2417103.95,8641.161474609375,0,3,12,2021,4,AZN.L
2021-12-06 00:00:00+00:00,8205.45913874731,8424.284705160566,8195.369525284512,8356.3388671875,1426244,0.0,0.0,0.020998691907065492,0.020420894255386915,2435909.15,8592.800048828125,0,6,12,2021,0,AZN.L
2021-12-07 00:00:00+00:00,8270.40620012085,8313.371944545786,8083.874741473888,8216.44921875,2643791,0.0,0.0,-0.016740542797611835,0.020579806597718617,2479340.55,8539.54248046875,0,7,12,2021,1,AZN.L
2021-12-08 00:00:00+00:00,8293.387643914473,8357.336657072368,8222.444207442435,8277.400390625,2153590,0.0,0.0,0.0074181888370841165,0.020473479775518978,2498461.2,8484.58623046875,0,8,12,2021,2,AZN.L
2021-12-09 00:00:00+00:00,8379.320728257295,8404.300816285728,8299.384446566311,8355.33984375,2004757,0.0,0.0,0.00941593368049154,0.020580716035296223,2529860.4,8430.529345703126,0,9,12,2021,3,AZN.L
2021-12-10 00:00:00+00:00,8273.403837021695,8325.362411843571,8115.529705832151,8186.47314453125,1813213,0.0,0.0,-0.02021063204808682,0.014985873420329225,2386507.45,8400.153588867188,0,10,12,2021,4,AZN.L
2021-12-13 00:00:00+00:00,8144.508887334429,8254.193930113233,8101.867091276944,8241.431640625,1398781,0.0,0.0,0.006713330041333343,0.014252344936304442,2344311.3,8364.182299804688,0,13,12,2021,0,AZN.L
2021-12-14 00:00:00+00:00,8292.38973662247,8356.33875977512,8190.470980972936,8221.4462890625,1440320,0.0,0.0,-0.0024249854192789355,0.01133035262012914,2228539.0,8345.497192382812,0,14,12,2021,1,AZN.L
2021-12-15 00:00:00+00:00,8230.438089495921,8307.37674833909,8221.445259241524,8281.3974609375,2734663,0.0,0.0,0.007292046893836224,0.011526001630126312,2192526.05,8330.409204101563,0,15,12,2021,2,AZN.L
2021-12-16 00:00:00+00:00,8419.288337574177,8505.219834966934,8281.39826036254,8461.2548828125,3895327,0.0,0.0,0.021718245347282172,0.011370872924082181,2269547.85,8334.755737304688,0,16,12,2021,3,AZN.L
2021-12-17 00:00:00+00:00,8553.181310936216,8569.168565723012,8475.24344385058,8506.21875,4797230,0.0,0.0,0.005314089672305622,0.011129593727843825,2295166.15,8336.454418945312,0,17,12,2021,4,AZN.L
2021-12-20 00:00:00+00:00,8446.267569959184,8541.191906779972,8342.350401229058,8484.2373046875,2263606,0.0,0.0,-0.0025841617713511233,0.011100364576153479,2304873.3,8338.852514648437,0,20,12,2021,0,AZN.L
2021-12-21 00:00:00+00:00,8528.200732376496,8601.142578125,8497.225428017542,8601.142578125,1772193,0.0,0.0,0.013779114048697139,0.011472993049577983,2312533.6,8345.247387695312,0,21,12,2021,1,AZN.L
2021-12-22 00:00:00+00:00,8603.141678077844,8621.127340122606,8513.213367854034,8608.1376953125,1328336,0.0,0.0,0.000813277669096113,0.011464539793389964,2309259.0,8352.441625976562,0,22,12,2021,2,AZN.L
2021-12-23 00:00:00+00:00,8626.123849960193,8646.107920040027,8549.185180152834,8589.1533203125,1560376,0.0,0.0,-0.0022053986206955756,0.011454274428437898,2318024.8,8356.838110351562,0,23,12,2021,3,AZN.L
2021-12-24 00:00:00+00:00,8606.139031834282,8669.088847114157,8601.629931257516,8604.140625,234238,0.0,0.0,0.0017449106016138582,0.011102537567612383,2211938.9,8366.830102539063,0,24,12,2021,4,AZN.L
2021-12-29 00:00:00+00:00,8650.103695571534,8713.053508765597,8644.653938833424,8649.1044921875,1406164,0.0,0.0,0.005225840574577978,0.011028010352465567,2158388.35,8381.268579101563,0,29,12,2021,2,AZN.L
2021-12-30 00:00:00+00:00,8642.110913313949,8704.061529179999,8623.12604716145,8666.091796875,697022,0.0,0.0,0.0019640535852982755,0.010620065313670327,1979356.4,8401.102758789062,0,30,12,2021,3,AZN.L
2021-12-31 00:00:00+00:00,8682.080106820948,8697.068160866558,8581.160542913834,8671.0888671875,482453,0.0,0.0,0.00057662328413155,0.01061438412537479,1896474.65,8419.288305664062,0,31,12,2021,4,AZN.L
2022-01-04 00:00:00+00:00,8619.128112828987,8653.101026790982,8438.272306148943,8466.25,2662591,0.0,0.0,-0.023623200076133055,0.011809218025534208,1923705.15,8431.378637695312,0,4,1,2022,1,AZN.L
2022-01-05 00:00:00+00:00,8436.27428443133,8517.209759622488,8419.287826675163,8453.2607421875,1775049,0.0,0.0,-0.0015342398124907897,0.01173791743881602,1924497.2,8444.817895507813,0,5,1,2022,2,AZN.L
2022-01-06 00:00:00+00:00,8351.34411042589,8419.289958656205,8279.401447593795,8349.345703125,1714291,0.0,0.0,-0.012292894095161877,0.011202864395574724,1938899.55,8444.468237304687,0,6,1,2022,3,AZN.L
2022-01-07 00:00:00+00:00,8335.355944997173,8399.304971667014,8264.412493535317,8392.310546875,1727026,0.0,0.0,0.00514589349605199,0.010528347321990194,1893061.3,8453.261303710937,0,7,1,2022,4,AZN.L
2022-01-10 00:00:00+00:00,8402.300599506727,8428.279885460726,8306.377082138117,8327.3603515625,1438582,0.0,0.0,-0.007739250704525635,0.010595863693692443,1857310.9,8455.759301757813,0,10,1,2022,0,AZN.L
2022-01-11 00:00:00+00:00,8417.290440471626,8479.241058623245,8361.335043431454,8469.2490234375,1648710,0.0,0.0,0.017038853356259098,0.011065660282427328,1839508.55,8461.454760742188,0,11,1,2022,1,AZN.L
2022-01-12 00:00:00+00:00,8460.254677111283,8504.219624057414,8399.30327339051,8472.2451171875,1769946,0.0,0.0,0.0003537614423319013,0.009912207670597348,1837345.2,8475.743359375,0,12,1,2022,2,AZN.L
2022-01-13 00:00:00+00:00,8466.251392199705,8523.205992619318,8430.280065618897,8442.2705078125,1245471,0.0,0.0,-0.0035379771194522514,0.00990784323151203,1829679.7,8485.785302734375,0,13,1,2022,3,AZN.L
2022-01-14 00:00:00+00:00,8396.306648511565,8578.161677671284,8386.31461394235,8537.1943359375,1623488,0.0,0.0,0.011243874267847342,0.010110282110401492,1838838.1,8501.572705078124,0,14,1,2022,4,AZN.L
2022-01-17 00:00:00+00:00,8573.165984446265,8774.005886879097,8550.18430406838,8763.0146484375,2606595,0.0,0.0,0.026451349660555845,0.011461951505773012,1832434.7,8525.653564453125,0,17,1,2022,0,AZN.L
2022-01-18 00:00:00+00:00,8740.032897858298,8759.017764104932,8624.125293405164,8720.048828125,1942280,0.0,0.0,-0.004903086670083434,0.010679753082368333,1734782.35,8538.59326171875,0,18,1,2022,1,AZN.L
2022-01-19 00:00:00+00:00,8720.04872446378,8765.012880829183,8682.078992421884,8726.0439453125,2383199,0.0,0.0,0.0006875095891853977,0.010644241642721375,1614080.8,8549.584521484376,0,19,1,2022,2,AZN.L
2022-01-20 00:00:00+00:00,8707.060912671766,8861.9374838749,8681.081616857045,8834.958984375,2357929,0.0,0.0,0.012481605610181079,0.010883060690390226,1618796.95,8567.12060546875,0,20,1,2022,3,AZN.L
2022-01-21 00:00:00+00:00,8789.992474153229,8884.916798928101,8733.037879288306,8745.0283203125,2592713,0.0,0.0,-0.010178956599747213,0.010846444170806272,1659822.95,8574.314892578124,0,21,1,2022,4,AZN.L
2022-01-24 00:00:00+00:00,8700.063507094757,8734.03642075517,8302.380576599326,8309.375,2765458,0.0,0.0,-0.04981725665777281,0.0156908728852561,1731679.05,8559.3767578125,0,24,1,2022,0,AZN.L
2022-01-25 00:00:00+00:00,8341.350139274737,8477.701398758618,8247.425017917307,8452.26171875,2046027,0.0,0.0,0.0171958443023692,0.016244422840675028,1755961.6,8552.532177734374,0,25,1,2022,1,AZN.L
2022-01-26 00:00:00+00:00,8544.189364116297,8633.118478068624,8474.2451171875,8474.2451171875,2360742,0.0,0.0,0.0026008894623712475,0.016252262154514825,1862286.8,8546.03740234375,0,26,1,2022,2,AZN.L
2022-01-27 00:00:00+00:00,8328.360972579329,8889.913326099373,8318.368937819185,8828.9619140625,2743645,0.0,0.0,0.04185821769015874,0.018810227185079482,1929160.85,8555.0302734375,0,27,1,2022,3,AZN.L
2022-01-28 00:00:00+00:00,8867.93057361323,8867.93057361323,8659.09705362617,8760.0166015625,4743488,0.0,0.0,-0.007808994213712284,0.018915940259706335,2131484.15,8559.726513671874,0,28,1,2022,4,AZN.L
2022-01-31 00:00:00+00:00,8746.028397263404,8762.015653559098,8580.160613195572,8610.13671875,1976888,0.0,0.0,-0.017109543238281844,0.019331347454881676,2206205.9,8556.67890625,0,31,1,2022,0,AZN.L
2022-02-01 00:00:00+00:00,8493.229824670938,8535.1963720399,8429.008556183951,8502.22265625,2628186,0.0,0.0,-0.012533373862112951,0.018774376783261798,2204485.65,8558.4775390625,0,1,2,2022,1,AZN.L
2022-02-02 00:00:00+00:00,8466.250885756526,8579.160876325448,8454.26044428018,8575.1640625,2186678,0.0,0.0,0.008579098572110588,0.01885611993343428,2225067.1,8564.572705078124,0,2,2,2022,2,AZN.L
2022-02-03 00:00:00+00:00,8638.114175205455,8651.103820581704,8350.34356994702,8351.3427734375,2281492,0.0,0.0,-0.0261011086704791,0.01960208533528543,2253427.15,8564.67255859375,0,3,2,2022,3,AZN.L
2022-02-04 00:00:00+00:00,8436.275082516111,8465.2519837826,8252.421639997698,8275.4033203125,2007468,0.0,0.0,-0.009093083014929615,0.019671276712724315,2267449.25,8558.827197265626,0,4,2,2022,4,AZN.L
2022-02-07 00:00:00+00:00,8230.438036945601,8352.340846282419,8207.456359775546,8341.349609375,2440699,0.0,0.0,0.007968951664341306,0.019681307400938777,2317555.1,8559.52666015625,0,7,2,2022,0,AZN.L
2022-02-08 00:00:00+00:00,8341.349403782895,8404.299213610198,8243.427477384868,8277.400390625,2227859,0.0,0.0,-0.007666531406155919,0.019345802991463917,2346512.55,8549.934228515625,0,8,2,2022,1,AZN.L
2022-02-09 00:00:00+00:00,8359.33434398912,8439.270603553921,8294.386133092718,8357.3359375,2618498,0.0,0.0,0.009657083516889653,0.01949052470580123,2388940.15,8544.18876953125,0,9,2,2022,2,AZN.L
2022-02-10 00:00:00+00:00,8493.228865606936,8793.989087789018,8493.228865606936,8643.109375,5701787,0.0,0.0,0.03419432216643492,0.020952461288320956,2611755.95,8554.230712890625,0,10,2,2022,3,AZN.L
2022-02-11 00:00:00+00:00,8715.052819063969,8719.049633014469,8448.265487868133,8503.2216796875,4601471,0.0,0.0,-0.01618488083896308,0.021169755253285086,2760655.1,8552.532080078125,0,11,2,2022,4,AZN.L
2022-02-14 00:00:00+00:00,8440.271647271358,8460.255716520254,8280.399093280186,8374.32421875,2940867,0.0,0.0,-0.015158661715877653,0.020467831862349434,2777368.7,8533.09755859375,0,14,2,2022,0,AZN.L
2022-02-15 00:00:00+00:00,8541.190986763255,8862.369514464148,8463.253118610759,8857.9384765625,3096131,0.0,0.0,0.05774964584362441,0.024423219927756364,2835061.25,8539.992041015625,0,15,2,2022,1,AZN.L
2022-02-16 00:00:00+00:00,8819.968358871165,8965.852054395713,8792.989867233064,8908.8974609375,1983937,0.0,0.0,0.005752916946740294,0.0244453422372738,2815098.15,8549.134716796874,0,16,2,2022,2,AZN.L
2022-02-17 00:00:00+00:00,8934.87834668122,8979.842507450698,8816.972325107929,8910.8974609375,2198212,0.0,0.0,0.00022449467049878713,0.024304006931970303,2807112.3,8552.931640625,0,17,2,2022,3,AZN.L
2022-02-18 00:00:00+00:00,8872.92534229065,8952.86160663561,8780.998638293944,8793.98828125,2061222,0.0,0.0,-0.013119798561255114,0.02438210190503578,2780537.75,8555.379638671875,0,18,2,2022,4,AZN.L
2022-02-21 00:00:00+00:00,8928.882367657103,9167.692001259391,8876.404668850508,9142.7119140625,3314751,0.0,0.0,0.039654775701262635,0.02281000187787882,2808002.4,8597.046484375,0,21,2,2022,0,AZN.L
2022-02-22 00:00:00+00:00,8959.85810650903,9130.721911149718,8959.85810650903,9004.822265625,2109444,0.0,0.0,-0.015081919865090665,0.0230448200593516,2811173.25,8624.67451171875,0,22,2,2022,1,AZN.L
2022-02-23 00:00:00+00:00,9013.814840909643,9074.766254865466,8942.871391879093,9000.8251953125,2396077,0.0,0.0,-0.0004438810888870437,0.023060561771710113,2812940.0,8651.003515625,0,23,2,2022,2,AZN.L
2022-02-24 00:00:00+00:00,8612.524980746402,8735.446838791402,8565.554839867418,8576.5478515625,3848689,145.29999,0.0,-0.047137605113246495,0.023796627122662787,2868192.2,8638.3828125,0,24,2,2022,3,AZN.L
2022-02-25 00:00:00+00:00,8576.548481578307,9025.263264639209,8555.56182134606,8989.2861328125,2741333,0.0,0.0,0.048124057417205046,0.0261475126272805,2768084.45,8649.8462890625,0,25,2,2022,4,AZN.L
2022-02-28 00:00:00+00:00,8894.345165201734,9083.225079384107,8851.37248631368,9053.244140625,3070446,0.0,0.0,0.007114915118681342,0.025793222185136234,2822762.35,8672.00166015625,0,28,2,2022,0,AZN.L
2022-03-01 00:00:00+00:00,9189.158073220167,9345.058960596169,9125.198734809499,9218.1396484375,4678616,0.0,0.0,0.01821396896528582,0.02574591276485492,2925283.85,8707.797509765625,0,1,3,2022,1,AZN.L
2022-03-02 00:00:00+00:00,9244.123279958816,9352.05466528158,9199.151869407666,9312.080078125,3312616,0.0,0.0,0.010190823015294947,0.02576232330855129,2981580.75,8744.643310546875,0,2,3,2022,2,AZN.L
2022-03-03 00:00:00+00:00,9212.1436845309,9267.108742314496,8872.35969095957,8914.3330078125,2402470,0.0,0.0,-0.04271302082623274,0.027035255900136074,2987629.65,8772.792822265625,0,3,3,2022,3,AZN.L
2022-03-04 00:00:00+00:00,8911.335129380184,8968.29891791609,8669.488869280374,8673.486328125,3515520,0.0,0.0,-0.02701791367637074,0.027765858864412452,3063032.25,8792.69697265625,0,4,3,2022,4,AZN.L
2022-03-07 00:00:00+00:00,8487.603326995253,8717.457179015613,8320.709443136993,8645.5029296875,3319255,0.0,0.0,-0.003226314930221297,0.027767235810979753,3106960.05,8807.904638671875,0,7,3,2022,0,AZN.L
2022-03-08 00:00:00+00:00,8653.498295732645,8777.419509345169,8515.585977357416,8741.4423828125,3887164,0.0,0.0,0.01109703552300667,0.02773484657650697,3189925.3,8831.10673828125,0,8,3,2022,1,AZN.L
2022-03-09 00:00:00+00:00,8940.316262351305,9115.205078125,8804.402668378605,9115.205078125,2785222,0.0,0.0,0.04275755406766679,0.029101022532168636,3198261.5,8869.0001953125,0,9,3,2022,2,AZN.L
2022-03-10 00:00:00+00:00,9130.195313347434,9246.573472267455,9046.248683933994,9213.142578125,2655485,0.0,0.0,0.010744409934893673,0.028313999152387373,3045946.4,8897.50185546875,0,10,3,2022,3,AZN.L
2022-03-11 00:00:00+00:00,9231.129618851079,9378.036196091643,9214.43515728727,9269.10546875,2381186,0.0,0.0,0.006074245584549498,0.027931210557489355,2934932.15,8935.796044921875,0,11,3,2022,4,AZN.L
2022-03-14 00:00:00+00:00,9252.117951413833,9453.989611187606,9209.726932820791,9390.0302734375,3006352,0.0,0.0,0.013046005905875901,0.02758620651692017,2938206.4,8986.58134765625,0,14,3,2022,0,AZN.L
2022-03-15 00:00:00+00:00,9249.120379775924,9377.0390625,9165.17374423825,9377.0390625,3133639,0.0,0.0,-0.0013835110813485985,0.02478590803649729,2940081.8,9012.536376953125,0,15,3,2022,1,AZN.L
2022-03-16 00:00:00+00:00,9468.980092686319,9474.994823506655,9360.351887479716,9410.017578125,3369420,0.0,0.0,0.0035169433981443454,0.024778560562789594,3009355.95,9037.5923828125,0,16,3,2022,2,AZN.L
2022-03-17 00:00:00+00:00,9373.041408047668,9554.92578125,9269.107480503479,9554.92578125,2515303,0.0,0.0,0.015399355200128584,0.02492000566354446,3025210.5,9069.793798828125,0,17,3,2022,3,AZN.L
2022-03-18 00:00:00+00:00,9643.868977591495,9643.868977591495,9504.957289727743,9529.94140625,6352349,0.0,0.0,-0.002614816229031036,0.024654111409061406,3239766.85,9106.591455078125,0,18,3,2022,4,AZN.L
2022-03-21 00:00:00+00:00,9480.971099064349,9694.835104039554,9475.9742765182,9622.880859375,1728666,0.0,0.0,0.009752363541715825,0.023265834013688532,3160462.6,9130.59990234375,0,21,3,2022,0,AZN.L
2022-03-22 00:00:00+00:00,9616.886840743811,9649.865876984542,9508.955449410514,9567.91796875,2602834,0.0,0.0,-0.005711687739691107,0.0229789269797174,3185132.1,9158.7546875,0,22,3,2022,1,AZN.L
2022-03-23 00:00:00+00:00,9613.888244315262,9723.818359375,9553.926363373586,9723.818359375,2800281,0.0,0.0,0.01629407684453299,0.02314004887770012,3205342.3,9194.904345703126,0,23,3,2022,2,AZN.L
2022-03-24 00:00:00+00:00,9723.817354615698,9852.735385319236,9685.841500610004,9829.75,3168157,0.0,0.0,0.010894037373998078,0.01976604716232821,3171315.7,9257.564453125,0,24,3,2022,3,AZN.L
2022-03-25 00:00:00+00:00,9843.741646188915,9927.688275455908,9790.77532057998,9836.74609375,2563789,0.0,0.0,0.0007117265189857669,0.017262391854355186,3162438.5,9299.937451171874,0,25,3,2022,4,AZN.L
2022-03-28 00:00:00+01:00,9853.736442225085,9991.648777826207,9833.74914721043,9887.71484375,1488881,0.0,0.0,0.005181464430842997,0.01725331412978164,3083360.25,9341.660986328125,0,28,3,2022,0,AZN.L
2022-03-29 00:00:00+01:00,9984.652132223024,10091.584148852777,9916.695336607854,10039.6171875,2764533,0.0,0.0,0.015362735085955315,0.01714600426714444,2987656.1,9382.73486328125,0,29,3,2022,1,AZN.L
2022-03-30 00:00:00+01:00,9989.648157218873,10163.327763407719,9970.660230549489,10153.5439453125,2704406,0.0,0.0,0.011347719308894222,0.017168442450204806,2957245.6,9424.808056640624,0,30,3,2022,2,AZN.L
2022-03-31 00:00:00+01:00,10167.536795355987,10255.480891875679,10125.5634765625,10125.5634765625,2293648,0.0,0.0,-0.002755734244191399,0.013270561598935542,2951804.5,9485.369580078124,0,31,3,2022,3,AZN.L
2022-04-01 00:00:00+01:00,10127.561784926744,10129.560514309993,9940.680587592888,10069.5986328125,1726028,0.0,0.0,-0.0055270843819744675,0.011110202523170612,2862329.9,9555.1751953125,0,1,4,2022,4,AZN.L
2022-04-04 00:00:00+01:00,10171.532789275107,10225.498477094015,10087.586163779026,10135.5556640625,1292042,0.0,0.0,0.006550115218602048,0.010822554110732508,2760969.25,9629.67783203125,0,4,4,2022,0,AZN.L
2022-04-05 00:00:00+01:00,10105.575612057288,10343.424405141704,10071.920249869474,10327.4345703125,2529617,0.0,0.0,0.018931266583670725,0.011077907664867399,2693091.9,9708.97744140625,0,5,4,2022,1,AZN.L
2022-04-06 00:00:00+01:00,10235.493281115585,10474.41756845218,10220.611140153076,10455.353515625,2251895,0.0,0.0,0.012386323480588102,0.007687118950825622,2666425.55,9775.98486328125,0,6,4,2022,2,AZN.L
2022-04-07 00:00:00+01:00,10547.295080058353,10673.215032691227,10516.582182385388,10661.22265625,3462762,0.0,0.0,0.019690308923303146,0.008167252772676025,2706789.4,9848.3888671875,0,7,4,2022,3,AZN.L
2022-04-08 00:00:00+01:00,10727.181151003546,10993.012172632663,10706.432621281407,10923.056640625,2542196,0.0,0.0,0.024559470598947142,0.009016242294322994,2714839.9,9931.08642578125,0,8,4,2022,4,AZN.L
2022-04-11 00:00:00+01:00,10881.081523272012,10943.042127096669,10739.17175322199,10851.1005859375,2561255,0.0,0.0,-0.0065875383653950514,0.00952469360575206,2692585.05,10004.13994140625,0,11,4,2022,0,AZN.L
2022-04-12 00:00:00+01:00,10713.190927265803,10747.169331326162,10391.395453517707,10497.328125,2791098,0.0,0.0,-0.03260244969030812,0.012960952085817849,2675458.0,10060.15439453125,0,12,4,2022,1,AZN.L
2022-04-13 00:00:00+01:00,10601.259999405327,10633.659322647907,10457.451038712303,10503.322265625,2102995,0.0,0.0,0.0005710158388518849,0.013004200712168897,2612136.75,10114.81962890625,0,13,4,2022,2,AZN.L
2022-04-14 00:00:00+01:00,10425.370776385726,10567.280539637908,10385.396195187926,10529.3046875,1980089,0.0,0.0,0.0024737336642555174,0.012810874892511087,2585376.05,10163.53857421875,0,14,4,2022,3,AZN.L
2022-04-19 00:00:00+01:00,10471.344053199406,10575.27798921131,10421.375814732142,10493.330078125,3260649,0.0,0.0,-0.00341661775802804,0.012837006630831857,2430791.05,10211.7080078125,0,19,4,2022,1,AZN.L
2022-04-20 00:00:00+01:00,10387.396913987883,10489.33211556829,10384.688674630635,10463.3486328125,4070091,0.0,0.0,-0.0028571907191788926,0.012895934259514227,2547862.3,10253.731396484374,0,20,4,2022,2,AZN.L
2022-04-21 00:00:00+01:00,10493.330665698782,10599.263337181073,10415.12060869657,10497.328125,4003183,0.0,0.0,0.00324747777981349,0.012684656471459907,2617879.75,10300.201904296875,0,21,4,2022,3,AZN.L
2022-04-22 00:00:00+01:00,10275.467479328794,10401.73681429852,10253.481456712063,10273.46875,2235621,0.0,0.0,-0.021325367020476937,0.01363230839981443,2589646.75,10327.684423828125,0,22,4,2022,4,AZN.L
2022-04-25 00:00:00+01:00,10137.555226451046,10291.457385843145,10083.589534196673,10227.498046875,2847515,0.0,0.0,-0.004474701217638932,0.013587607876244398,2573614.65,10347.571826171876,0,25,4,2022,0,AZN.L
2022-04-26 00:00:00+01:00,10331.431734765172,10429.369470304637,10211.507976961746,10325.435546875,3205465,0.0,0.0,0.009575900142061,0.013685075463789515,2605698.45,10372.006298828124,0,26,4,2022,1,AZN.L
2022-04-27 00:00:00+01:00,10343.425175915027,10731.178699417927,10293.456938350218,10505.322265625,4758681,0.0,0.0,0.017421707581569468,0.014078568036110597,2769188.45,10402.886669921874,0,27,4,2022,2,AZN.L
2022-04-28 00:00:00+01:00,10543.296687121283,10653.226794759516,10505.320831755349,10555.2890625,2289793,0.0,0.0,0.00475633165852507,0.013790281047561,2745451.45,10428.670263671875,0,28,4,2022,3,AZN.L
2022-04-29 00:00:00+01:00,10611.253461460867,10755.161965741368,10415.377997301295,10681.208984375,3226261,0.0,0.0,0.011929556938649721,0.013810309542393207,2771544.2,10455.053515625,0,29,4,2022,4,AZN.L
2022-05-03 00:00:00+01:00,10491.33200839895,10703.197352824609,10465.34852276184,10677.2138671875,2234172,0.0,0.0,-0.0003740323022743963,0.013771663376855479,2768570.4,10482.63603515625,0,3,5,2022,1,AZN.L
2022-05-04 00:00:00+01:00,10785.14248703122,10785.14248703122,10451.354719178327,10499.32421875,2213731,0.0,0.0,-0.016660680459363864,0.014337110778235768,2792955.55,10504.122314453125,0,4,5,2022,2,AZN.L
2022-05-05 00:00:00+01:00,10525.309560650923,10625.246035780538,10471.34386408093,10505.322265625,2501672,0.0,0.0,0.0005712793271293037,0.01430370081249879,2853437.05,10522.61064453125,0,5,5,2022,3,AZN.L
2022-05-06 00:00:00+01:00,10457.352169516565,10467.345816467558,10215.505913302593,10315.4423828125,2591818,0.0,0.0,-0.018074636647160802,0.014376680384136278,2856547.1,10522.01103515625,0,6,5,2022,4,AZN.L
2022-05-09 00:00:00+01:00,10365.409218595907,10455.823408979119,10111.570620300172,10133.556640625,2216925,0.0,0.0,-0.01763237439923626,0.014585401018504245,2854798.6,10505.92119140625,0,9,5,2022,0,AZN.L
2022-05-10 00:00:00+01:00,10159.541062137054,10331.431782448639,10007.637634884955,10239.490234375,1759026,0.0,0.0,0.010453742699312096,0.014015540980373966,2769611.8,10484.8345703125,0,10,5,2022,1,AZN.L
2022-05-11 00:00:00+01:00,10203.51297661237,10255.479937903638,9894.709302785413,10019.6298828125,4552005,0.0,0.0,-0.021471806362430734,0.013193360335004931,2870102.25,10439.663232421875,0,11,5,2022,2,AZN.L
2022-05-12 00:00:00+01:00,9941.679745907551,9977.656874059208,9757.796646465755,9958.6689453125,3585647,0.0,0.0,-0.006084150633604901,0.01318909316104024,2921321.85,10395.041650390625,0,12,5,2022,3,AZN.L
2022-05-13 00:00:00+01:00,10047.611289199214,10293.45497103162,9989.648144702143,10279.4638671875,2551525,0.0,0.0,0.03221263038631239,0.013791776454196002,2909343.2,10384.1484375,0,13,5,2022,4,AZN.L
2022-05-16 00:00:00+01:00,10171.533562361157,10459.3505859375,10129.560246422941,10459.3505859375,2366936,0.0,0.0,0.017499620707282837,0.014396751769290493,2922540.25,10381.949853515625,0,16,5,2022,0,AZN.L
2022-05-17 00:00:00+01:00,10453.355676576803,10525.309941272168,10389.396330180922,10481.337890625,2102049,0.0,0.0,0.0021021672910612743,0.014393479464955613,2928638.25,10379.551513671875,0,17,5,2022,1,AZN.L
2022-05-18 00:00:00+01:00,10451.355240529518,10451.355240529518,10205.511542961123,10237.4912109375,3461990,0.0,0.0,-0.023264842926742024,0.015288440768018078,2938705.3,10366.7595703125,0,18,5,2022,2,AZN.L
2022-05-19 00:00:00+01:00,10175.530510861281,10269.47078467988,10081.590237042683,10243.4873046875,2367764,0.0,0.0,0.0005856995260318243,0.015287263193095221,2853588.95,10355.76650390625,0,19,5,2022,3,AZN.L
2022-05-20 00:00:00+01:00,10319.438779749142,10571.278657000428,10301.450217088335,10487.33203125,2900943,0.0,0.0,0.023804854666136466,0.0162454446121768,2798476.95,10355.26669921875,0,20,5,2022,4,AZN.L
2022-05-23 00:00:00+01:00,10557.288496462264,10627.244024174528,10447.358381485848,10593.265625,2274183,0.0,0.0,0.010101100397540641,0.015572210103620828,2800405.05,10371.25654296875,0,23,5,2022,0,AZN.L
2022-05-24 00:00:00+01:00,10463.347925868973,10659.223398024686,10463.347925868973,10591.2666015625,1817364,0.0,0.0,-0.00018870700577755528,0.015512882447217873,2748897.5,10389.444970703125,0,24,5,2022,1,AZN.L
2022-05-25 00:00:00+01:00,10567.282143278302,10639.236400353773,10507.320262382074,10593.265625,1610331,0.0,0.0,0.00018874262283286036,0.015408904537868862,2669140.8,10402.836474609376,0,25,5,2022,2,AZN.L
2022-05-26 00:00:00+01:00,10585.271560307227,10639.23725746136,10513.317297435047,10539.30078125,4008193,0.0,0.0,-0.005094259472040785,0.014993166083532981,2631616.4,10404.535400390625,0,26,5,2022,3,AZN.L
2022-05-27 00:00:00+01:00,10545.297083234876,10605.258969606568,10447.359335494446,10573.279296875,1192233,0.0,0.0,0.003223981963343281,0.014972924501871734,2576738.4,10405.434912109375,0,27,5,2022,4,AZN.L
2022-05-30 00:00:00+01:00,10647.231442327211,10669.217465579624,10389.395351458015,10461.349609375,1253111,0.0,0.0,-0.010586090119938607,0.014890128990140267,2478080.9,10394.441943359376,0,30,5,2022,0,AZN.L
2022-05-31 00:00:00+01:00,10459.350774636205,10471.343150834908,10375.404141245277,10447.3583984375,4155173,0.0,0.0,-0.0013374193062969386,0.014889779107346297,2574130.95,10382.949169921874,0,31,5,2022,1,AZN.L
2022-06-01 00:00:00+01:00,10521.311575248994,10547.295057482703,10413.380187508978,10435.3662109375,1920774,0.0,0.0,-0.0011478679148017035,0.014426941778092124,2559483.1,10379.75126953125,0,1,6,2022,2,AZN.L
2022-06-06 00:00:00+01:00,10393.392185638404,10493.32864896185,10041.615834739872,10065.6005859375,3078078,0.0,0.0,-0.03543389062977409,0.016431855803810853,2588303.4,10357.765185546876,0,6,6,2022,0,AZN.L
2022-06-07 00:00:00+01:00,10093.582600195503,10231.494916911046,10093.582600195503,10223.5,2440406,0.0,0.0,0.01568703354701939,0.01642853904676237,2580732.8,10353.16806640625,0,7,6,2022,1,AZN.L
2022-06-08 00:00:00+01:00,10353.418430983269,10353.418430983269,10151.546758873365,10303.4501953125,4477140,0.0,0.0,0.007820237229177796,0.01599695391583282,2693743.55,10361.662744140625,0,8,6,2022,2,AZN.L
2022-06-09 00:00:00+01:00,10225.500507315284,10275.468746698178,10031.62373850966,10049.6123046875,3152703,0.0,0.0,-0.024636203001251245,0.016804078383903853,2763427.4,10352.16884765625,0,9,6,2022,3,AZN.L
2022-06-10 00:00:00+01:00,9955.669700014592,9979.654449342072,9765.79043450538,9844.740234375,2216657,0.0,0.0,-0.020386067054242507,0.016735398255208176,2646660.0,10343.424365234376,0,10,6,2022,4,AZN.L
2022-06-13 00:00:00+01:00,9824.753776501131,9851.736621782948,9681.844632971515,9770.7880859375,3013591,0.0,0.0,-0.007511843550658703,0.016762386613309387,2618057.2,10334.030322265626,0,13,6,2022,0,AZN.L
2022-06-14 00:00:00+01:00,9701.83234735577,9800.090195338322,9393.02866015625,9743.8056640625,4907668,0.0,0.0,-0.0027615399738158963,0.014850422185109216,2735864.35,10307.247412109375,0,14,6,2022,1,AZN.L
2022-06-15 00:00:00+01:00,9793.772888183594,9909.699179513114,9718.820544651577,9849.7373046875,2263863,0.0,0.0,0.010871690618348584,0.014447548559621274,2730710.7,10276.766748046875,0,15,6,2022,2,AZN.L
2022-06-16 00:00:00+01:00,9807.764518362577,9879.71877201268,9647.866176917905,9753.798828125,4868717,0.0,0.0,-0.009740206626306924,0.014474477972479279,2869044.1,10240.389794921875,0,16,6,2022,3,AZN.L
2022-06-17 00:00:00+01:00,9817.758842200725,9945.996657248132,9721.819830713423,9917.6953125,4419170,0.0,0.0,0.016803348855463973,0.014365940642823274,2916903.1,10224.4,0,17,6,2022,4,AZN.L
2022-06-20 00:00:00+01:00,9922.691722025282,10047.6123046875,9922.691722025282,10047.6123046875,2361443,0.0,0.0,0.013099514362349574,0.014728886857734387,2916587.05,10214.60625,0,20,6,2022,0,AZN.L
2022-06-21 00:00:00+01:00,10025.625453569313,10139.553015541691,9999.64197452298,10121.564453125,2162246,0.0,0.0,0.007360171371560531,0.013702704383250807,2879652.2,10196.31787109375,0,21,6,2022,1,AZN.L
2022-06-22 00:00:00+01:00,10093.583698154236,10313.443937123933,10043.61546202476,10297.4541015625,1868013,0.0,0.0,0.017377713618490498,0.014122252667689312,2859343.7,10181.527294921874,0,22,6,2022,2,AZN.L
2022-06-23 00:00:00+01:00,10239.491371628132,10397.39100433526,10151.547272398844,10373.40625,1518253,0.0,0.0,0.007375818108863896,0.014254809725812157,2844388.15,10170.63427734375,0,23,6,2022,3,AZN.L
2022-06-24 00:00:00+01:00,10457.351553800112,10785.143154492624,10415.37823907729,10769.1533203125,2343039,0.0,0.0,0.03815015634931873,0.016726292307234745,2881023.55,10179.428662109374,0,24,6,2022,4,AZN.L
2022-06-27 00:00:00+01:00,10707.19418302766,10843.107792220468,10645.233567072113,10799.1357421875,1825901,0.0,0.0,0.002784102053635662,0.01666895928932971,2771908.95,10192.42041015625,0,27,6,2022,0,AZN.L
2022-06-28 00:00:00+01:00,10753.163979203366,10837.110612498262,10737.174144290051,10779.1474609375,1713046,0.0,0.0,-0.0018509148997835068,0.016677565462722636,2797949.6,10202.713818359374,0,28,6,2022,1,AZN.L
2022-06-29 00:00:00+01:00,10745.168445811472,11046.9765625,10729.178611814728,11046.9765625,1738135,0.0,0.0,0.024846965173552338,0.01724358276246794,2822200.8,10231.995166015626,0,29,6,2022,2,AZN.L
2022-06-30 00:00:00+01:00,10835.111008572048,10939.044927119503,10671.215213939526,10793.1376953125,2526095,0.0,0.0,-0.022978130328363267,0.018175208728727202,2740746.9,10249.284130859374,0,30,6,2022,3,AZN.L
2022-07-01 00:00:00+01:00,10715.186351081575,10775.148222100497,10561.284215466338,10747.166015625,2197334,0.0,0.0,-0.004259343388852144,0.018214921160427163,2754574.9,10264.87412109375,0,1,7,2022,4,AZN.L
2022-07-04 00:00:00+01:00,10801.1337890625,10891.076612990666,10763.157930070607,10801.1337890625,943491,0.0,0.0,0.005021581815991105,0.01599300338097298,2647845.55,10301.65078125,0,4,7,2022,0,AZN.L
2022-07-05 00:00:00+01:00,10851.100842194734,10893.074155454284,10661.221567925348,10793.1376953125,3156736,0.0,0.0,-0.0007403013337449194,0.015762648036093927,2683662.05,10330.132666015625,0,5,7,2022,1,AZN.L
2022-07-06 00:00:00+01:00,10885.079059753029,11084.9519767518,10873.086684733104,10971.0244140625,2232503,0.0,0.0,0.016481464776202825,0.0160237144622197,2571430.2,10363.511376953125,0,6,7,2022,2,AZN.L
2022-07-07 00:00:00+01:00,11102.94144370087,11162.903323684854,10983.017683732904,10997.0087890625,2583073,0.0,0.0,0.0023684547604043704,0.014625629314584275,2542948.7,10410.881201171875,0,7,7,2022,3,AZN.L
2022-07-08 00:00:00+01:00,11068.96404722021,11112.936096522999,10829.116505568634,11036.984375,1521595,0.0,0.0,0.003635132671464092,0.013399326688380885,2508195.6,10470.493408203125,0,8,7,2022,4,AZN.L
2022-07-11 00:00:00+01:00,10993.01093287722,11182.890212626917,10937.046513582573,11146.9130859375,1462016,0.0,0.0,0.009960031400107816,0.013049604246482273,2430616.85,10539.299658203125,0,11,7,2022,0,AZN.L
2022-07-12 00:00:00+01:00,11168.899602656978,11230.860212478447,11104.94026348643,11156.9072265625,2841130,0.0,0.0,0.0008965837042014257,0.012935288598290769,2327289.95,10609.954736328125,0,12,7,2022,1,AZN.L
2022-07-13 00:00:00+01:00,11152.910060194672,11168.51537422274,10817.373361923135,10973.0244140625,2140416,0.0,0.0,-0.016481522053191422,0.01390031593252819,2321117.6,10666.119091796874,0,13,7,2022,2,AZN.L
2022-07-14 00:00:00+01:00,10941.044037748818,10953.036413383908,10717.186359227102,10769.1533203125,5021332,0.0,0.0,-0.0185792982916112,0.014536518237594177,2328748.35,10716.88681640625,0,14,7,2022,3,AZN.L
2022-07-15 00:00:00+01:00,10875.087219600866,11126.927136834778,10783.145662515471,11102.9423828125,2494991,0.0,0.0,0.03099492156643513,0.015456967861521478,2232539.4,10776.149169921875,0,15,7,2022,4,AZN.L
2022-07-18 00:00:00+01:00,11192.884119277218,11282.44729663755,11036.983233330142,11088.9501953125,2472982,0.0,0.0,-0.0012602233730096835,0.015432232199410301,2238116.35,10828.216064453125,0,18,7,2022,0,AZN.L
2022-07-19 00:00:00+01:00,11003.00529545189,11232.859175375044,10987.0154603268,11224.8642578125,1889018,0.0,0.0,0.012256711420478128,0.015509373061632357,2224454.95,10883.3810546875,0,19,7,2022,1,AZN.L
2022-07-20 00:00:00+01:00,11234.858635467233,11280.829414441749,10911.064453125,10911.064453125,1710262,0.0,0.0,-0.027955777235265544,0.016901559021554387,2216567.4,10914.061572265626,0,20,7,2022,2,AZN.L
2022-07-21 00:00:00+01:00,10779.146684681595,10865.092041151334,10589.267408760075,10787.1416015625,2554818,0.0,0.0,-0.011357540054399373,0.017165270785818348,2268395.65,10934.74833984375,0,21,7,2022,3,AZN.L
2022-07-22 00:00:00+01:00,10767.155073698448,10795.13728476802,10695.20081666241,10759.16015625,1136593,0.0,0.0,-0.0025939629186333413,0.014933936082824827,2208073.35,10934.248681640625,0,22,7,2022,4,AZN.L
2022-07-25 00:00:00+01:00,10759.158818874306,10887.077482149052,10715.186778373612,10803.130859375,809455,0.0,0.0,0.004086815558689949,0.014949278439557857,2157251.05,10934.4484375,0,25,7,2022,0,AZN.L
2022-07-26 00:00:00+01:00,10805.13020715177,11036.982797612296,10757.160705677179,11012.998046875,1342524,0.0,0.0,0.019426515352989115,0.015546472206990734,2138724.95,10946.140966796875,0,26,7,2022,1,AZN.L
2022-07-27 00:00:00+01:00,10991.012283199918,11022.991951599844,10923.055487850073,10955.03515625,2874837,0.0,0.0,-0.005263134559571392,0.014561539283746424,2195560.05,10941.543896484374,0,27,7,2022,2,AZN.L
2022-07-28 00:00:00+01:00,10953.036568537258,10999.007342456302,10747.167450551979,10863.09375,3537670,0.0,0.0,-0.008392616266278852,0.01370705442213089,2246138.8,10945.04169921875,0,28,7,2022,3,AZN.L
2022-07-29 00:00:00+01:00,10893.073790805976,11009.000080689782,10525.30762979528,10837.109375,3180395,0.0,0.0,-0.0023919866290392777,0.013679891465180397,2295291.85,10949.5388671875,0,29,7,2022,4,AZN.L
2022-08-01 00:00:00+01:00,10679.211242105785,10839.1095949728,10647.231571532382,10701.197265625,1422773,0.0,0.0,-0.012541361784954796,0.013936047894138267,2319255.95,10944.542041015626,0,1,8,2022,0,AZN.L
2022-08-02 00:00:00+01:00,10611.253325385553,10859.095746245941,10601.259679383116,10773.150390625,3725296,0.0,0.0,0.006723838764390644,0.014025339999556963,2347683.95,10943.54267578125,0,2,8,2022,1,AZN.L
2022-08-03 00:00:00+01:00,10643.234185952448,10748.445624242557,10551.292632421217,10655.2265625,3362723,0.0,0.0,-0.010946085764069524,0.013665348899037175,2404194.95,10927.752783203125,0,3,8,2022,2,AZN.L
2022-08-04 00:00:00+01:00,10725.180851722831,10843.105874132754,10651.227871567455,10713.1884765625,2394155,0.0,0.0,0.005439763642989259,0.013726699098404871,2394749.05,10913.561767578125,0,4,8,2022,3,AZN.L
2022-08-05 00:00:00+01:00,10793.138610401711,10909.064913994915,10725.181811743627,10859.0966796875,1159145,0.0,0.0,0.01361949371507909,0.014089227436704092,2376626.55,10904.6673828125,0,5,8,2022,4,AZN.L
2022-08-08 00:00:00+01:00,10883.080553372049,10895.072928637472,10703.194924390691,10707.1923828125,1414290,0.0,0.0,-0.013988667875030947,0.014151504141378514,2374240.25,10882.68134765625,0,8,8,2022,0,AZN.L
2022-08-09 00:00:00+01:00,10691.202821276633,10855.098620742829,10679.210445705936,10835.111328125,1610653,0.0,0.0,0.011947011012694464,0.014479003661174897,2312716.4,10866.591552734375,0,9,8,2022,1,AZN.L
2022-08-10 00:00:00+01:00,10859.096457076748,10909.064690359817,10741.171426528703,10811.126953125,1615527,0.0,0.0,-0.0022135790093584795,0.014039718713556937,2286471.95,10858.4966796875,0,10,8,2022,2,AZN.L
2022-08-11 00:00:00+01:00,10743.928599580002,10801.895842256807,10424.30941188492,10500.06640625,1572867,76.4,0.0,-0.028772259194041472,0.014884428950202824,2114048.7,10845.042333984375,0,11,8,2022,3,AZN.L
2022-08-12 00:00:00+01:00,10562.031522037201,10733.934381782698,10506.063149096808,10705.9501953125,1554698,0.0,0.0,0.01960785590269709,0.01376547976273902,2067034.05,10825.192724609375,0,12,8,2022,4,AZN.L
2022-08-15 00:00:00+01:00,10823.884112979782,11033.765522372742,10809.892019020252,10955.8095703125,1475470,0.0,0.0,0.023338365155985752,0.014864567819082597,2017158.45,10818.535693359376,0,15,8,2022,0,AZN.L
2022-08-16 00:00:00+01:00,11015.775166784908,11037.762741968112,10869.857622387286,10961.8056640625,962238,0.0,0.0,0.0005472980989233989,0.014563281524219379,1970819.45,10805.382763671874,0,16,8,2022,1,AZN.L
2022-08-17 00:00:00+01:00,10931.823250531153,11087.73515646303,10799.89779166572,10995.787109375,1321532,0.0,0.0,0.003099986111221309,0.013132692344741506,1951382.95,10809.618896484375,0,17,8,2022,2,AZN.L
2022-08-18 00:00:00+01:00,10935.82093262694,11049.756555576992,10923.827709158515,11007.7802734375,1189939,0.0,0.0,0.001090705371357581,0.012834290776209449,1883139.0,10820.650830078124,0,18,8,2022,3,AZN.L
2022-08-19 00:00:00+01:00,10977.796709722223,11287.621635069445,10971.800098263888,11243.646484375,1721288,0.0,0.0,0.021427227386311642,0.013573938055853862,1912373.75,10844.875146484375,0,19,8,2022,4,AZN.L
2022-08-22 00:00:00+01:00,11299.614741313375,11511.495010653409,11157.69493826486,11433.5390625,1709107,0.0,0.0,0.01688887838913189,0.01395939658977652,1957356.35,10876.395556640626,0,22,8,2022,0,AZN.L
2022-08-23 00:00:00+01:00,11307.61026871428,11371.574123866985,11143.70288988547,11191.67578125,1505012,0.0,0.0,-0.02115384221174954,0.014378676114112298,1965480.75,10885.329443359375,0,23,8,2022,1,AZN.L
2022-08-24 00:00:00+01:00,11147.70053895925,11361.579677863436,11043.759275192731,11343.58984375,1462807,0.0,0.0,0.013573844120333467,0.01456917206216097,1894879.25,10904.757177734375,0,24,8,2022,2,AZN.L
2022-08-25 00:00:00+01:00,11443.533992617044,11533.483168104864,11363.579169961205,11415.5498046875,1240502,0.0,0.0,0.006343667386488505,0.014395760220560215,1780020.85,10932.37998046875,0,25,8,2022,3,AZN.L
2022-08-26 00:00:00+01:00,11435.538962987559,11493.506211707474,11343.5909132939,11357.5830078125,1998604,0.0,0.0,-0.005077880423350001,0.014457001398072872,1720931.3,10958.403662109375,0,26,8,2022,4,AZN.L
2022-08-30 00:00:00+01:00,11103.724633410722,11279.625221662773,10963.8037109375,10963.8037109375,3055491,0.0,0.0,-0.03467104722933856,0.016383137585154615,1802567.2,10971.533984375,0,30,8,2022,1,AZN.L
2022-08-31 00:00:00+01:00,10913.83239677283,10939.817712003241,10598.010873203213,10637.98828125,4157924,0.0,0.0,-0.02971737166020827,0.01772450402772969,1824198.6,10964.77587890625,0,31,8,2022,2,AZN.L
2022-09-01 00:00:00+01:00,10669.970870071387,10703.95166902066,10517.356910176428,10570.02734375,3336705,0.0,0.0,-0.006388514040740589,0.017611813340938292,1822897.7,10960.51591796875,0,1,9,2022,3,AZN.L
2022-09-02 00:00:00+01:00,10614.001800082995,10641.08610353759,10506.06279872622,10612.0029296875,2609789,0.0,0.0,0.003971189910149109,0.01758987737949357,1833679.4,10955.456640625,0,2,9,2022,4,AZN.L
2022-09-05 00:00:00+01:00,10548.039416513078,10655.978421343798,10395.108258138825,10641.986328125,1582601,0.0,0.0,0.0028254231209849934,0.017302711633146783,1854852.2,10944.601123046876,0,5,9,2022,0,AZN.L
2022-09-06 00:00:00+01:00,10645.983578814557,10645.983578814557,10436.102190197296,10508.0615234375,2067257,0.0,0.0,-0.012584568383964045,0.01724943151684898,1887500.55,10934.644580078126,0,6,9,2022,1,AZN.L
2022-09-07 00:00:00+01:00,10344.154217059795,10446.096606445313,10200.235549692008,10394.1259765625,2970346,0.0,0.0,-0.010842679843553915,0.01711555657026517,1955485.2,10912.5953125,0,7,9,2022,2,AZN.L
2022-09-08 00:00:00+01:00,10366.14350340682,10544.042996619934,10298.18189925799,10506.064453125,2120469,0.0,0.0,0.010769397717028673,0.017349061808806326,1980732.3,10897.3421875,0,8,9,2022,3,AZN.L
2022-09-09 00:00:00+01:00,10472.082736607143,10612.003674107144,10450.095160714285,10494.0703125,1208126,0.0,0.0,-0.0011416397337474793,0.016100301982196072,1962495.25,10897.0423828125,0,9,9,2022,4,AZN.L
2022-09-12 00:00:00+01:00,10504.06519745281,10616.001953125,10452.094560890722,10616.001953125,1811824,0.0,0.0,0.011619098880990109,0.015684457746242407,1975351.55,10892.544970703126,0,12,9,2022,0,AZN.L
2022-09-13 00:00:00+01:00,10572.025798156406,10617.999818454686,10292.18393547123,10322.1669921875,1572156,0.0,0.0,-0.02767849537282774,0.01578522807995771,1980185.85,10860.862841796876,0,13,9,2022,1,AZN.L
2022-09-14 00:00:00+01:00,10284.18965513261,10326.165939439274,10122.281129949764,10146.267578125,2513290,0.0,0.0,-0.01704093861256384,0.01607301464434841,2057738.45,10820.0859375,0,14,9,2022,2,AZN.L
2022-09-15 00:00:00+01:00,10106.289461994076,10268.197975922383,10091.397486049354,10124.279296875,2604935,0.0,0.0,-0.0021671300387746673,0.015998116342403043,2121908.6,10776.510546875,0,15,9,2022,3,AZN.L
2022-09-16 00:00:00+01:00,10192.24027914135,10433.243734495603,10088.299017224239,10116.283203125,10442349,0.0,0.0,-0.0007897938722876141,0.015972141298033808,2584529.1,10731.935693359375,0,16,9,2022,4,AZN.L
2022-09-20 00:00:00+01:00,10184.24617632555,10250.208909165343,9998.351201958863,10070.310546875,1442120,0.0,0.0,-0.004544421634597895,0.014801025176317267,2570570.7,10673.268896484375,0,20,9,2022,1,AZN.L
2022-09-21 00:00:00+01:00,10038.327735923562,10128.276909184526,9985.357667225438,10084.3017578125,2145979,0.0,0.0,0.0013893524804795554,0.013954673685269585,2592414.3,10605.80703125,0,21,9,2022,2,AZN.L
2022-09-22 00:00:00+01:00,10004.34672648071,10100.292509272133,9895.038377443789,9928.3896484375,1561591,0.0,0.0,-0.015460873059873648,0.013688366979051224,2595243.25,10542.642724609375,0,22,9,2022,3,AZN.L
2022-09-23 00:00:00+01:00,10024.33584389976,10066.312125599043,9778.4747653754,10010.34375,2219872,0.0,0.0,0.008254521071843435,0.013337653818162395,2633096.5,10475.980419921874,0,23,9,2022,4,AZN.L
2022-09-26 00:00:00+01:00,10140.2705078125,10214.22871967709,9856.430883899751,10140.2705078125,4845197,0.0,0.0,0.012979250369149486,0.013741135840733837,2813331.25,10412.216455078125,0,26,9,2022,0,AZN.L
2022-09-27 00:00:00+01:00,9891.411166568514,9989.355825992958,9790.05534857535,9917.396484375,2973886,0.0,0.0,-0.021979100386502304,0.01420528917590393,2862095.35,10340.20712890625,0,27,9,2022,1,AZN.L
2022-09-28 00:00:00+01:00,9929.390163080898,10070.310546875,9812.456227592174,10070.310546875,3037383,0.0,0.0,0.015418770716782104,0.013399548527196324,2861189.95,10295.532470703125,0,28,9,2022,2,AZN.L
2022-09-29 00:00:00+01:00,9973.363666742958,10040.325823840041,9825.447260021047,9927.3896484375,2232990,0.0,0.0,-0.014192302985318705,0.01224032284451032,2764943.25,10260.0025390625,0,29,9,2022,3,AZN.L
2022-09-30 00:00:00+01:00,9960.3723425401,10032.331685171335,9887.413564594543,9938.384765625,2621284,0.0,0.0,0.0011075537051403739,0.012258079162093921,2729172.2,10228.42041015625,0,30,9,2022,4,AZN.L
2022-10-03 00:00:00+01:00,9800.4609375,9830.44399156129,9661.539453682695,9800.4609375,1970236,0.0,0.0,-0.013877891767890893,0.01237271014211191,2697194.55,10187.843310546876,0,3,10,2022,0,AZN.L
2022-10-04 00:00:00+01:00,9832.443749490047,9980.360162879406,9761.483848472177,9952.3759765625,3045275,0.0,0.0,0.015500805526525774,0.013041717097574153,2770328.25,10153.36279296875,0,4,10,2022,1,AZN.L
2022-10-05 00:00:00+01:00,9871.422599565378,9973.571915968712,9781.473421276334,9938.384765625,1860537,0.0,0.0,-0.001405816155905737,0.012859466705362102,2759992.25,10124.878955078126,0,5,10,2022,2,AZN.L
2022-10-06 00:00:00+01:00,9949.377276131137,9994.351859498882,9783.471035263456,9832.443359375,1798787,0.0,0.0,-0.010659821364174982,0.012853439330353402,2701414.3,10096.79482421875,0,6,10,2022,3,AZN.L
2022-10-07 00:00:00+01:00,9728.502144542934,10042.3247943669,9720.506663018756,10024.3349609375,2461182,0.0,0.0,0.019516166485671782,0.013469707343969422,2718449.95,10072.708349609375,0,7,10,2022,4,AZN.L
2022-10-10 00:00:00+01:00,9904.402751429561,9929.388631226306,9798.462621091365,9820.4501953125,1802691,0.0,0.0,-0.020338981729909444,0.014057195289665553,2748178.2,10039.02734375,0,10,10,2022,0,AZN.L
2022-10-11 00:00:00+01:00,9798.46303196565,9843.68259623928,9737.497482705154,9819.451171875,2834609,0.0,0.0,-0.00010172888387305346,0.013644363528736837,2799317.45,9999.1998046875,0,11,10,2022,1,AZN.L
2022-10-12 00:00:00+01:00,9971.364950105371,10078.304516073225,9873.420300901169,9929.388671875,1949347,0.0,0.0,0.011195890490792948,0.012807508666687695,2818177.0,9979.560888671875,0,12,10,2022,2,AZN.L
2022-10-13 00:00:00+01:00,9899.405966417433,9899.405966417433,9624.56127779908,9774.4765625,1708306,0.0,0.0,-0.01560137431358577,0.012721456460309165,2777927.8,9960.971337890625,0,13,10,2022,3,AZN.L
2022-10-14 00:00:00+01:00,9880.416673695636,10010.343253463028,9794.465244003362,9812.455078125,2036947,0.0,0.0,0.0038854782025572465,0.012783798722960793,2749528.4,9945.380126953125,0,14,10,2022,4,AZN.L
2022-10-17 00:00:00+01:00,9861.428817485994,9964.370660822475,9824.449708714637,9856.431640625,2392468,0.0,0.0,0.004481708415464469,0.012853047606437979,2347034.35,9932.387548828125,0,17,10,2022,0,AZN.L
2022-10-18 00:00:00+01:00,9940.382823412421,10012.342160159425,9838.4404296875,9838.4404296875,1015462,0.0,0.0,-0.0018253270142255529,0.012830411473823885,2325701.45,9920.79404296875,0,18,10,2022,1,AZN.L
2022-10-19 00:00:00+01:00,9913.397833881034,9932.387102844008,9796.463914477457,9803.4599609375,1150057,0.0,0.0,-0.0035554892058344834,0.01282785056552676,2275905.35,9906.751953125,0,19,10,2022,2,AZN.L
2022-10-20 00:00:00+01:00,9701.51807328345,9740.496048441382,9493.849285516051,9650.546875,2590812,0.0,0.0,-0.015597869175453583,0.012835825746303686,2327366.4,9892.859814453124,0,20,10,2022,3,AZN.L
2022-10-21 00:00:00+01:00,9659.541802802694,9731.501141633713,9594.578510802468,9714.5107421875,1522417,0.0,0.0,0.006628004403895549,0.012776855583555808,2292493.65,9878.0681640625,0,21,10,2022,4,AZN.L
2022-10-24 00:00:00+01:00,9588.581759505661,9817.452431063593,9588.581759505661,9776.4755859375,987863,0.0,0.0,0.006378586157808508,0.012466796446598094,2099626.95,9859.87841796875,0,24,10,2022,0,AZN.L
2022-10-25 00:00:00+01:00,9763.483151818671,9848.435149761612,9692.523247654568,9747.4921875,1194303,0.0,0.0,-0.0029646060262442653,0.011533073063715753,2010647.8,9851.383203125,0,25,10,2022,1,AZN.L
2022-10-26 00:00:00+01:00,9794.465166091539,10032.330748696619,9784.146778243172,10028.3330078125,3656171,0.0,0.0,0.02881159737400396,0.012839217344752157,2041587.2,9849.284326171875,0,26,10,2022,2,AZN.L
2022-10-27 00:00:00+01:00,10036.328487911076,10094.295730721158,9893.4092513276,9945.3798828125,1891142,0.0,0.0,-0.00827187578786781,0.012563235565700073,2024494.8,9850.183837890625,0,27,10,2022,3,AZN.L
2022-10-28 00:00:00+01:00,9944.381457042053,10128.277556348157,9934.707235445574,10118.283203125,1111337,0.0,0.0,0.017385290692747635,0.013141450059425427,1948997.45,9859.178759765626,0,28,10,2022,4,AZN.L
2022-10-31 00:00:00+00:00,10124.279978964001,10312.17382260124,10028.33418646839,10248.2099609375,1745228,0.0,0.0,0.012840790794664825,0.012907626455878628,1937747.05,9881.5662109375,0,31,10,2022,0,AZN.L
2022-11-01 00:00:00+00:00,10280.191110808222,10430.106400193916,10280.191110808222,10340.1572265625,1360768,0.0,0.0,0.008972031796330215,0.012636309186514195,1853521.7,9900.9552734375,0,1,11,2022,1,AZN.L
2022-11-02 00:00:00+00:00,10446.095057776854,10554.03404230038,10418.110876604087,10514.056640625,1219515,0.0,0.0,0.01681786942424579,0.013029579159016364,1821470.6,9929.7388671875,0,2,11,2022,2,AZN.L
2022-11-03 00:00:00+00:00,10494.070550561108,10675.9677734375,10421.511938873067,10675.9677734375,1993536,0.0,0.0,0.015399492160513617,0.012904614478064659,1831208.05,9971.915087890626,0,3,11,2022,3,AZN.L
2022-11-04 00:00:00+00:00,10619.999103257074,10795.899709522202,10619.999103257074,10735.93359375,1475146,0.0,0.0,0.005616897838685686,0.012400961204888667,1781906.25,10007.49501953125,0,4,11,2022,4,AZN.L
2022-11-07 00:00:00+00:00,10773.912612424854,10773.912612424854,10594.014257115348,10639.98828125,1604095,0.0,0.0,-0.008936839228947502,0.011474438643759513,1771976.45,10048.471923828125,0,7,11,2022,0,AZN.L
2022-11-08 00:00:00+00:00,10635.989658148159,10677.965937573288,10570.026933337242,10653.9794921875,1684219,0.0,0.0,0.0013149648822599058,0.01145162867887404,1714456.95,10090.19833984375,0,8,11,2022,1,AZN.L
2022-11-09 00:00:00+00:00,10629.99359210769,10839.875,10606.990964590921,10839.875,1673019,0.0,0.0,0.01744845744717427,0.011735957676821037,1700640.55,10135.72265625,0,9,11,2022,2,AZN.L
2022-11-10 00:00:00+00:00,10947.815373673879,11345.59066294923,10913.834570067442,11151.7001953125,2832678,0.0,0.0,0.028766493646144475,0.01193561579730322,1756859.15,10204.583837890625,0,10,11,2022,3,AZN.L
2022-11-11 00:00:00+00:00,10999.784225391879,11021.77180061981,10592.0146484375,10592.0146484375,2913259,0.0,0.0,-0.05018836025651563,0.017451735135116095,1800674.75,10243.56181640625,0,11,11,2022,4,AZN.L
2022-11-14 00:00:00+00:00,10570.027211480952,10961.805829758236,10536.046412956903,10861.8623046875,2163702,0.0,0.0,0.025476518415673333,0.018103026435733992,1789236.45,10293.833349609375,0,14,11,2022,0,AZN.L
2022-11-15 00:00:00+00:00,10861.861985677082,11003.781787109374,10773.911686197916,10793.900390625,1634491,0.0,0.0,-0.006256930179751041,0.01821805370994866,1820187.9,10341.60634765625,0,15,11,2022,1,AZN.L
2022-11-16 00:00:00+00:00,10837.874482825293,10853.865444806592,10725.937748956201,10741.9287109375,2124542,0.0,0.0,-0.004814911923093135,0.018250617683847538,1868912.15,10388.52978515625,0,16,11,2022,2,AZN.L
2022-11-17 00:00:00+00:00,10751.924205240313,10811.890319045335,10688.95978574504,10807.892578125,1234336,0.0,0.0,0.006140784300712632,0.01761169622724791,1801088.35,10446.3970703125,0,17,11,2022,3,AZN.L
2022-11-18 00:00:00+00:00,10745.926923076922,10989.789103994963,10745.926923076922,10913.83203125,2150528,0.0,0.0,0.009802045344105226,0.01763356993996062,1832493.9,10506.363134765625,0,18,11,2022,4,AZN.L
2022-11-21 00:00:00+00:00,10947.81355966294,11111.720938135162,10930.555733668836,11063.748046875,1128012,0.0,0.0,0.013736331583236616,0.017718717757190545,1839501.35,10570.7267578125,0,21,11,2022,0,AZN.L
2022-11-22 00:00:00+00:00,11067.74588194413,11117.717644098475,10969.801228121618,11077.740234375,1214034,0.0,0.0,0.001264687829180211,0.017626639183551673,1840487.9,10637.23916015625,0,22,11,2022,1,AZN.L
2022-11-23 00:00:00+00:00,11093.731305346832,11124.070606939833,10949.812628953143,10989.7900390625,1085234,0.0,0.0,-0.007939362491962476,0.017093083652159974,1711941.05,10685.31201171875,0,23,11,2022,2,AZN.L
2022-11-24 00:00:00+00:00,10953.81072495194,11031.766677191561,10863.211525951101,10917.8310546875,1020204,0.0,0.0,-0.006547803381067974,0.017028293077581646,1668394.15,10733.9345703125,0,24,11,2022,3,AZN.L
2022-11-25 00:00:00+00:00,10927.824772022492,11005.780719728524,10883.849622034473,10947.8134765625,839863,0.0,0.0,0.002746188480552414,0.016772224649128652,1654820.45,10775.411083984374,0,25,11,2022,4,AZN.L
2022-11-28 00:00:00+00:00,10993.788974123303,11091.733639529128,10869.858989324095,11043.7607421875,1157755,0.0,0.0,0.00876405739195385,0.01668473146710069,1625446.8,10815.188623046875,0,28,11,2022,0,AZN.L
2022-11-29 00:00:00+00:00,11027.76858965303,11169.68839568264,10981.794567981466,11053.75390625,2434217,0.0,0.0,0.0009048696631326347,0.01665261106380928,1679119.25,10850.86845703125,0,29,11,2022,1,AZN.L
2022-11-30 00:00:00+00:00,11101.727089700318,11221.659323294487,11049.756455142844,11159.6943359375,3794486,0.0,0.0,0.009584113287305795,0.016424570114918335,1807867.8,10883.150341796874,0,30,11,2022,2,AZN.L
2022-12-01 00:00:00+00:00,11193.67578125,11215.663358677455,11095.731118164063,11193.67578125,1282615,0.0,0.0,0.0030450157763792784,0.01616852928644571,1772321.75,10909.0357421875,0,1,12,2022,3,AZN.L
2022-12-02 00:00:00+00:00,11161.69217156468,11223.65715317616,11067.745263960178,11171.6865234375,1347226,0.0,0.0,-0.0019644358334313106,0.016180385416767355,1765925.75,10930.823388671875,0,2,12,2022,4,AZN.L
2022-12-05 00:00:00+00:00,11179.68241840586,11257.63836589698,11155.695973023978,11253.640625,1336663,0.0,0.0,0.007335875509088652,0.016003440804384823,1752554.15,10961.506005859375,0,5,12,2022,0,AZN.L
2022-12-06 00:00:00+00:00,11233.652298206278,11261.636485426008,11143.703125,11143.703125,1648969,0.0,0.0,-0.009769060845587485,0.016252332425880027,1750791.65,10985.9921875,0,6,12,2022,1,AZN.L
2022-12-07 00:00:00+00:00,11233.651767770696,11343.58964094283,11215.661933978892,11251.6416015625,1599108,0.0,0.0,0.009686050978902072,0.015963584073892825,1747096.1,11006.580517578124,0,7,12,2022,2,AZN.L
2022-12-08 00:00:00+00:00,11299.615998123509,11359.582118757457,11199.672463733596,11309.6103515625,2292719,0.0,0.0,0.005152025993429232,0.014702227239121232,1720098.15,11014.476025390624,0,8,12,2022,3,AZN.L
2022-12-09 00:00:00+00:00,11327.600160357859,11406.871779923458,11257.639686454113,11347.5888671875,2462856,0.0,0.0,0.0033580746324963773,0.008489868991528137,1697578.0,11052.254736328125,0,9,12,2022,4,AZN.L
2022-12-12 00:00:00+00:00,11307.610175523128,11357.581936949338,11259.637284553964,11343.58984375,1214972,0.0,0.0,-0.00035241173118838454,0.0067560206224405416,1650141.5,11076.34111328125,0,12,12,2022,0,AZN.L
2022-12-13 00:00:00+00:00,11283.623847025097,11389.563982347032,11217.661121258609,11319.603515625,1746160,0.0,0.0,-0.002114527099039587,0.00654346469709024,1655724.95,11102.62626953125,0,13,12,2022,1,AZN.L
2022-12-14 00:00:00+00:00,11251.641722005208,11407.553616536457,11137.146852491696,11393.5615234375,3363995,0.0,0.0,0.006533621757194297,0.006374678966724151,1717697.6,11135.20791015625,0,14,12,2022,2,AZN.L
2022-12-15 00:00:00+00:00,11315.606419694926,11407.554466913787,11275.62900786064,11353.5849609375,1191977,0.0,0.0,-0.003508697646277259,0.006486120645876533,1715579.65,11162.492529296875,0,15,12,2022,3,AZN.L
2022-12-16 00:00:00+00:00,11359.58160809626,11359.58160809626,11055.753277209293,11149.7001953125,5753405,0.0,0.0,-0.017957743419939498,0.0076955490128073414,1895723.5,11174.2859375,0,16,12,2022,4,AZN.L
2022-12-19 00:00:00+00:00,11163.691546914386,11175.684769704267,11037.762707620634,11101.7265625,1701253,0.0,0.0,-0.0043026836571505855,0.007175880754114987,1924385.55,11176.18486328125,0,19,12,2022,0,AZN.L
2022-12-20 00:00:00+00:00,11099.729066312859,11153.698575549388,11047.758427788795,11119.7177734375,809011,0.0,0.0,0.0016205777395266185,0.007179111141499581,1904134.4,11178.283740234376,0,20,12,2022,1,AZN.L
2022-12-21 00:00:00+00:00,11155.695727478267,11261.635858916423,11071.743170489539,11237.6494140625,1105988,0.0,0.0,0.0106056325374293,0.007267728101519148,1905172.1,11190.676708984374,0,21,12,2022,2,AZN.L
2022-12-22 00:00:00+00:00,11229.653794514528,11361.579239590705,11195.672998055512,11299.6142578125,2227678,0.0,0.0,0.005514039588426556,0.007094514033443228,1965545.8,11209.765869140625,0,22,12,2022,3,AZN.L
2022-12-23 00:00:00+00:00,11283.623953223716,11321.602492658836,11199.671392367136,11231.6533203125,440196,0.0,0.0,-0.006014447568686854,0.007296944777404691,1945562.45,11223.957861328125,0,23,12,2022,4,AZN.L
2022-12-28 00:00:00+00:00,11257.638577777778,11277.627282638889,11179.682628819444,11243.646484375,1027336,0.0,0.0,0.0010678004137476549,0.007082725903522828,1939041.5,11233.9521484375,0,28,12,2022,2,AZN.L
2022-12-29 00:00:00+00:00,11237.650525560672,11349.587279283794,11159.694572074925,11341.591796875,699578,0.0,0.0,0.008711169693578658,0.007293731285870004,1852309.55,11248.34404296875,0,29,12,2022,3,AZN.L
2022-12-30 00:00:00+00:00,11285.623250231212,11319.60404995738,11211.6650390625,11211.6650390625,646706,0.0,0.0,-0.011455778001840944,0.007550549614796913,1694920.55,11250.942578125,0,30,12,2022,4,AZN.L
2023-01-03 00:00:00+00:00,11311.6083112293,11545.476162866307,11247.644454371315,11527.486328125,1827870,0.0,0.0,0.02816899077542434,0.009794802094054963,1722183.3,11267.63310546875,0,3,1,2023,1,AZN.L
2023-01-04 00:00:00+00:00,11529.485513004223,11739.366924041922,11529.485513004223,11595.4482421875,1332731,0.0,0.0,0.005895640396179402,0.00980549858548907,1721458.55,11288.82119140625,0,4,1,2023,2,AZN.L
2023-01-05 00:00:00+00:00,11517.491763183176,11723.375423649659,11469.518871423996,11703.38671875,2215897,0.0,0.0,0.009308693748447672,0.009872661058033945,1765420.25,11311.30849609375,0,5,1,2023,3,AZN.L
2023-01-06 00:00:00+00:00,11727.37281280502,11801.33101871499,11683.39766334504,11775.345703125,4153691,0.0,0.0,0.006148560763160393,0.009508214126823747,1890656.35,11342.890625,0,6,1,2023,4,AZN.L
2023-01-09 00:00:00+00:00,11687.395789897271,11751.359645768096,11595.44774708296,11729.3720703125,1989665,0.0,0.0,-0.0039042278648599993,0.009476004461250642,1910184.2,11366.7771484375,0,9,1,2023,0,AZN.L
2023-01-10 00:00:00+00:00,11707.384657890347,11879.287522937055,11659.411765319173,11795.3349609375,3318361,0.0,0.0,0.005623735885397885,0.009484521748440415,1961466.3,11391.06337890625,0,10,1,2023,1,AZN.L
2023-01-11 00:00:00+00:00,11749.360787884649,11809.326902827917,11617.435335009455,11627.4296875,6368782,0.0,0.0,-0.014234888114118882,0.010158225692731313,2156762.6,11405.055419921875,0,11,1,2023,2,AZN.L
2023-01-12 00:00:00+00:00,11605.44155263201,11749.360221558896,11305.610992367661,11441.5341796875,2689299,0.0,0.0,-0.015987669915763614,0.010866413553292653,2230478.95,11409.95263671875,0,12,1,2023,3,AZN.L
2023-01-13 00:00:00+00:00,11465.521871782774,11723.376181660733,11461.524130544354,11649.41796875,3914240,0.0,0.0,0.018169223270036783,0.011536820931008466,2338882.95,11426.443359375,0,13,1,2023,4,AZN.L
2023-01-16 00:00:00+00:00,11655.41415617506,11701.38817874272,11615.43674524666,11669.40625,884693,0.0,0.0,0.001715818018000581,0.011476327858982924,2214917.85,11440.235595703125,0,16,1,2023,0,AZN.L
2023-01-17 00:00:00+00:00,11657.413076508621,11699.389358162716,11513.494396551725,11593.44921875,1321499,0.0,0.0,-0.006509074208467136,0.01156123051325095,2221393.95,11452.22880859375,0,17,1,2023,1,AZN.L
2023-01-18 00:00:00+00:00,11595.447382697788,11637.42366179392,11507.49708363923,11571.4609375,3152528,0.0,0.0,-0.0018966125468888873,0.010692271093982077,2091350.1,11473.316845703124,0,18,1,2023,2,AZN.L
2023-01-19 00:00:00+00:00,11517.491063854532,11573.459434175242,11377.570138052759,11413.5498046875,2912324,0.0,0.0,-0.013646602936777996,0.011171521967792093,2151903.65,11488.9080078125,0,19,1,2023,3,AZN.L
2023-01-20 00:00:00+00:00,11407.554943498884,11437.538003627233,11129.711919642858,11193.67578125,3206265,0.0,0.0,-0.019264297891546267,0.01209238921885845,2271766.35,11492.605908203124,0,20,1,2023,4,AZN.L
2023-01-23 00:00:00+00:00,11137.70575511868,11191.67525536782,11009.778050824425,11031.765625,1673010,0.0,0.0,-0.014464431471314154,0.012276854604323251,2300117.45,11482.31171875,0,23,1,2023,0,AZN.L
2023-01-24 00:00:00+00:00,10793.901326155461,10903.839210032971,10665.97360673436,10703.9521484375,3434381,0.0,0.0,-0.029715413443847538,0.013753785882141531,2360452.6,11452.52861328125,0,24,1,2023,1,AZN.L
2023-01-25 00:00:00+00:00,10781.906956810823,10807.892272057123,10637.988287754393,10803.89453125,1463315,0.0,0.0,0.009336960911871195,0.013980533236760134,2411608.55,11431.140673828126,0,25,1,2023,2,AZN.L
2023-01-26 00:00:00+00:00,10777.909209413754,10873.854988726043,10637.98828125,10637.98828125,2313220,0.0,0.0,-0.015356152313419913,0.014279497971016181,2475902.75,11400.857763671875,0,26,1,2023,3,AZN.L
2023-01-27 00:00:00+00:00,10661.97597777608,10693.957907968133,10551.13821054982,10616.001953125,1234783,0.0,0.0,-0.0020667749901315258,0.014028634018532686,2502663.0,11364.578271484375,0,27,1,2023,4,AZN.L
2023-01-30 00:00:00+00:00,10554.036852240895,10753.923913836368,10554.036852240895,10703.9521484375,4824076,0.0,0.0,0.008284681530847937,0.014111901924576023,2711531.5,11339.192626953125,0,30,1,2023,0,AZN.L
2023-01-31 00:00:00+00:00,10623.995961881787,10663.09398323911,10535.143831966281,10584.0185546875,2198543,0.0,0.0,-0.011204608548956108,0.012276448160819594,2730065.15,11292.01923828125,0,31,1,2023,1,AZN.L
2023-02-01 00:00:00+00:00,10580.020515792194,10619.9979218598,10262.200137554717,10274.193359375,2072186,0.0,0.0,-0.029272926319208192,0.01323714583162007,2767037.9,11225.956494140624,0,1,2,2023,2,AZN.L
2023-02-02 00:00:00+00:00,10324.16575457317,10336.158977134146,10179.165663708198,10244.2109375,2173963,0.0,0.0,-0.0029182263586310375,0.012769589384116457,2764941.2,11152.997705078125,0,2,2,2023,3,AZN.L
2023-02-03 00:00:00+00:00,10268.198042775986,10572.0263671875,10268.198042775986,10572.0263671875,1998719,0.0,0.0,0.03200006634844832,0.015200495473833205,2657192.6,11092.83173828125,0,3,2,2023,4,AZN.L
2023-02-06 00:00:00+00:00,10448.097508750296,10605.294835362047,10400.124610298028,10574.0263671875,4571397,0.0,0.0,0.00018917849147714882,0.015247276596936764,2786279.2,11035.064453125,0,6,2,2023,0,AZN.L
2023-02-07 00:00:00+00:00,10560.032779511266,10619.998894102471,10534.04746318841,10580.021484375,1392341,0.0,0.0,0.000566966355039833,0.015102008077116449,2689978.2,10974.298779296874,0,7,2,2023,1,AZN.L
2023-02-08 00:00:00+00:00,10675.967267354328,10837.875776745024,10655.97856249128,10745.927734375,2590923,0.0,0.0,0.015681088194860138,0.015643713903387188,2501085.25,10930.223681640626,0,8,2,2023,2,AZN.L
2023-02-09 00:00:00+00:00,11035.764244198224,11341.591436620309,10871.856860024296,11183.6806640625,9530658,0.0,0.0,0.040736634426377094,0.018246723418121016,2843153.2,10917.331005859374,0,9,2,2023,3,AZN.L
2023-02-10 00:00:00+00:00,11155.696148108264,11385.566253292362,11123.714220430476,11383.5673828125,5534265,0.0,0.0,0.01787307101787272,0.01823047697253107,2924154.45,10904.0384765625,0,10,2,2023,4,AZN.L
2023-02-13 00:00:00+00:00,11369.575781660393,11459.524957148213,11289.620959004553,11415.5498046875,4321426,0.0,0.0,0.002809525414966929,0.0182406788663877,3095991.1,10891.345654296874,0,13,2,2023,0,AZN.L
2023-02-14 00:00:00+00:00,11469.519810025611,11593.449790545234,11469.519810025611,11511.49609375,1576817,0.0,0.0,0.008404876743045797,0.01830583870956317,3108757.0,10887.247998046874,0,14,2,2023,1,AZN.L
2023-02-15 00:00:00+00:00,11521.490360666277,11594.349585846252,11427.543440653904,11561.4677734375,3028574,0.0,0.0,0.0043410239017178665,0.01832846485293116,3102559.3,10886.74833984375,0,15,2,2023,2,AZN.L
2023-02-16 00:00:00+00:00,11553.471182037714,11619.433906779452,11290.521141187131,11355.5830078125,1937907,0.0,0.0,-0.01780783977083089,0.018515578960432353,3053838.45,10883.85,0,16,2,2023,3,AZN.L
2023-02-17 00:00:00+00:00,11309.609673597204,11479.513671875,11309.609673597204,11479.513671875,1809735,0.0,0.0,0.010913632877962876,0.01809585312279654,2984011.95,10898.14189453125,0,17,2,2023,4,AZN.L
2023-02-20 00:00:00+00:00,11493.5059863112,11559.468716319594,11451.529703578584,11533.4833984375,902044,0.0,0.0,0.004701394859150332,0.017714037928160994,2945463.65,10923.227783203125,0,20,2,2023,0,AZN.L
2023-02-21 00:00:00+00:00,11525.486307530251,11673.402711754537,11509.49534491141,11563.46484375,4363971,0.0,0.0,0.0025995134580556467,0.016026307123892185,2991943.15,10966.20341796875,0,21,2,2023,1,AZN.L
2023-02-22 00:00:00+00:00,11587.451792289401,11599.445014775814,11433.538770380434,11493.5048828125,1708966,0.0,0.0,-0.006050086361036766,0.016125171169474407,3004225.7,11000.683935546875,0,22,2,2023,2,AZN.L
2023-02-23 00:00:00+00:00,11327.203241037578,11381.180383202776,11165.271814541982,11205.2548828125,1727667,162.8,0.0,-0.02507938204568494,0.016845240832167548,2974948.05,11029.047265625,0,23,2,2023,3,AZN.L
2023-02-24 00:00:00+00:00,11187.262817426803,11224.687399888511,11091.303450872749,11095.3017578125,1649984,0.0,0.0,-0.009812639350904484,0.017049260403887753,2995708.1,11053.012255859376,0,24,2,2023,4,AZN.L
2023-02-27 00:00:00+00:00,11031.328004975558,11157.274663966762,11025.330545023597,11093.3017578125,929834,0.0,0.0,-0.0001802564764488146,0.016999117667293864,2800996.0,11072.479736328125,0,27,2,2023,0,AZN.L
2023-02-28 00:00:00+00:00,11055.319330552045,11109.296477373908,10822.517505003249,10875.3955078125,2325200,0.0,0.0,-0.019643047197065444,0.01744111312834729,2807328.85,11087.048583984375,0,28,2,2023,1,AZN.L
2023-03-01 00:00:00+00:00,10869.39830694255,10893.38815054809,10781.435547055578,10811.4228515625,2258745,0.0,0.0,-0.005882329171756906,0.015992930911708694,2816656.8,11113.91005859375,0,1,3,2023,2,AZN.L
2023-03-02 00:00:00+00:00,10811.422657400588,10859.40234375,10747.449742268042,10859.40234375,1455371,0.0,0.0,0.004437851783825719,0.015942103511119642,2780727.2,11144.66962890625,0,2,3,2023,3,AZN.L
2023-03-03 00:00:00+00:00,10843.408458132419,10879.393220714715,10779.435546875,10779.435546875,1621692,0.0,0.0,-0.00736383037884436,0.01454745061823686,2761875.85,11155.040087890626,0,3,3,2023,4,AZN.L
2023-03-06 00:00:00+00:00,10813.420955711228,10813.420955711228,10683.475982126234,10737.453125,1662736,0.0,0.0,-0.0038946772020146403,0.014589092509467732,2616442.8,11163.21142578125,0,6,3,2023,0,AZN.L
2023-03-07 00:00:00+00:00,10733.455602318549,10901.384503528227,10719.461527217742,10845.408203125,3187734,0.0,0.0,0.010054067465370187,0.014732334322298398,2706212.45,11176.48076171875,0,7,3,2023,1,AZN.L
2023-03-08 00:00:00+00:00,10839.410611052717,12823.022901250042,10783.434311327619,10817.419921875,3574135,0.0,0.0,-0.0025806572445964404,0.01435800247883055,2755373.05,11180.05537109375,0,8,3,2023,2,AZN.L
2023-03-09 00:00:00+00:00,10845.408138596022,10941.36751014489,10781.43522423011,10861.4013671875,3708991,0.0,0.0,0.004065798095122641,0.010853484283370367,2464289.7,11163.94140625,0,9,3,2023,3,AZN.L
2023-03-10 00:00:00+00:00,10793.429351025017,10989.34638684655,10585.517394642982,10693.4716796875,3024311,0.0,0.0,-0.015461143716437808,0.010281708327140596,2338792.0,11129.43662109375,0,10,3,2023,4,AZN.L
2023-03-13 00:00:00+00:00,10693.472460498842,10855.403899889458,10553.531710408186,10681.4775390625,3796358,0.0,0.0,-0.0011216320559190862,0.01020062053682539,2312538.6,11092.7330078125,0,13,3,2023,0,AZN.L
2023-03-14 00:00:00+00:00,10697.470767644289,10725.458917662421,10569.524938989975,10681.4775390625,1699355,0.0,0.0,0.0,0.009861922356342579,2318665.5,11051.232080078125,0,14,3,2023,1,AZN.L
2023-03-15 00:00:00+00:00,10699.469723259583,10793.42993943918,10627.500195973083,10639.4951171875,3311202,0.0,0.0,-0.003930394622042588,0.009679228832214037,2332796.9,11005.133447265625,0,15,3,2023,2,AZN.L
2023-03-16 00:00:00+00:00,10675.478665754075,10825.415163868598,10635.495599590202,10793.4287109375,2264805,0.0,0.0,0.014468129554505715,0.009960344228132516,2349141.8,10977.025732421875,0,16,3,2023,3,AZN.L
2023-03-17 00:00:00+00:00,10819.418618948815,10917.377139334716,10741.451633335548,10809.4228515625,5013166,0.0,0.0,0.0014818405766456877,0.00950531406870648,2509313.35,10943.52119140625,0,17,3,2023,4,AZN.L
2023-03-20 00:00:00+00:00,10757.445443553059,10809.42343677595,10649.491149936284,10785.43359375,1411596,0.0,0.0,-0.002219291274097257,0.009336210476461713,2534790.95,10906.118701171876,0,20,3,2023,0,AZN.L
2023-03-21 00:00:00+00:00,10879.393230838454,10927.372914326164,10803.425398649579,10899.384765625,1201315,0.0,0.0,0.010565284268314823,0.009761606365108923,2376658.15,10872.914697265625,0,21,3,2023,1,AZN.L
2023-03-22 00:00:00+00:00,10879.392462104819,10979.35012897458,10757.44410852371,10971.353515625,1294815,0.0,0.0,0.0066030103118277506,0.00995530689291135,2355950.6,10846.80712890625,0,22,3,2023,2,AZN.L
2023-03-23 00:00:00+00:00,10929.371816715255,11019.333721187944,10871.39636716619,10993.3447265625,1477887,0.0,0.0,0.0020044209591989492,0.008412501366501771,2343461.6,10836.21162109375,0,23,3,2023,3,AZN.L
2023-03-24 00:00:00+00:00,11001.341866327279,11089.304621573217,10948.793803467734,11075.310546875,1365404,0.0,0.0,0.007455949244860038,0.008337666866633694,2329232.6,10835.212060546875,0,24,3,2023,4,AZN.L
2023-03-27 00:00:00+01:00,11125.289910265952,11297.217121817232,11118.550575983214,11247.23828125,1617043,0.0,0.0,0.015523513643011189,0.009035675795889287,2363593.05,10842.90888671875,0,27,3,2023,0,AZN.L
2023-03-28 00:00:00+01:00,11223.247320285836,11294.606750328792,11128.173323214665,11129.287109375,1779061,0.0,0.0,-0.010487123054166436,0.008136437074801392,2336286.1,10855.603466796874,0,28,3,2023,1,AZN.L
2023-03-29 00:00:00+01:00,11111.294602476268,11197.258198717087,11101.29883547152,11161.2734375,1248968,0.0,0.0,0.002874068016275322,0.007969963979725408,2285797.25,10873.09599609375,0,29,3,2023,2,AZN.L
2023-03-30 00:00:00+01:00,11157.2751306981,11231.243806533226,11091.303068466774,11161.2734375,1224253,0.0,0.0,0.0,0.007949243398407382,2274241.35,10888.18955078125,0,30,3,2023,3,AZN.L
2023-03-31 00:00:00+01:00,11145.281769407442,11323.206446981838,11139.284308365608,11227.2470703125,1620239,0.0,0.0,0.005910941361837674,0.007729990379924075,2274168.7,10910.580126953126,0,31,3,2023,4,AZN.L
2023-04-03 00:00:00+01:00,11255.233725113687,11277.224412676076,11167.27097486413,11265.2294921875,1660237,0.0,0.0,0.0033830574527422552,0.007604931630556739,2274043.75,10936.9689453125,0,3,4,2023,0,AZN.L
2023-04-04 00:00:00+01:00,11315.20904551872,11351.193809267721,11189.262372397223,11239.2412109375,1885935,0.0,0.0,-0.0023069464557311514,0.007453450916417789,2208953.8,10956.660595703124,0,4,4,2023,1,AZN.L
2023-04-05 00:00:00+01:00,11239.240912931797,11623.078382743768,11226.046304677178,11589.0927734375,2157931,0.0,0.0,0.03112768521771203,0.009837799534954563,2138143.6,10995.24423828125,0,5,4,2023,2,AZN.L
2023-04-06 00:00:00+01:00,11615.081712406516,11729.632816287798,11585.094410223024,11695.0478515625,1203186,0.0,0.0,0.009142655097891028,0.009918420657588868,2012853.35,11036.9265625,0,6,4,2023,3,AZN.L
2023-04-11 00:00:00+01:00,11733.032418852106,11781.012105008598,11569.101824484094,11625.078125,4498431,0.0,0.0,-0.0059828508143429104,0.00914871703943014,2086559.35,11083.506884765626,0,11,4,2023,1,AZN.L
2023-04-12 00:00:00+01:00,11659.06393403189,11866.97591090763,11609.085093436759,11816.9970703125,3148358,0.0,0.0,0.016509045638134046,0.009450882035914302,2054159.35,11140.282861328125,0,12,4,2023,2,AZN.L
2023-04-13 00:00:00+01:00,11844.984963101082,11910.95703125,11787.009509273246,11910.95703125,1407991,0.0,0.0,0.00795125532979557,0.009391835735601485,2039591.15,11201.7568359375,0,13,4,2023,3,AZN.L
2023-04-14 00:00:00+01:00,11944.941267468414,11984.924334472493,11872.971746861072,11886.9658203125,1644644,0.0,0.0,-0.0020142135409065842,0.009299853531355946,1956263.25,11264.13037109375,0,14,4,2023,4,AZN.L
2023-04-17 00:00:00+01:00,11872.973240998183,11926.950388246363,11814.997786546432,11818.99609375,1092430,0.0,0.0,-0.005718004711206759,0.00938172476391594,1897644.5,11315.408740234376,0,17,4,2023,0,AZN.L
2023-04-18 00:00:00+01:00,11908.957624000726,12386.755319507889,11854.980478483181,12034.904296875,2047219,0.0,0.0,0.01826789698654485,0.009829190801510214,1749347.15,11376.6828125,0,18,4,2023,1,AZN.L
2023-04-19 00:00:00+01:00,11988.923958257328,12031.94578212599,11942.943426151289,11986.9248046875,1072912,0.0,0.0,-0.003986694950283809,0.009909196792947361,1732412.95,11436.757373046876,0,19,4,2023,2,AZN.L
2023-04-20 00:00:00+01:00,11970.931382051414,12050.897523548085,11936.386438430496,12004.9169921875,2691006,0.0,0.0,0.0015009844303823794,0.009864872852161036,1806897.5,11492.033984375,0,20,4,2023,3,AZN.L
2023-04-21 00:00:00+01:00,12016.911216316366,12226.822325568275,12016.911216316366,12180.841796875,1604980,0.0,0.0,0.014654395761502403,0.010100025230869378,1822405.75,11552.5083984375,0,21,4,2023,4,AZN.L
2023-04-24 00:00:00+01:00,12146.855665925066,12196.83449931021,12116.93474403207,12158.8505859375,1344950,0.0,0.0,-0.001805393363137009,0.010200689734388283,1815758.9,11610.78369140625,0,24,4,2023,0,AZN.L
2023-04-25 00:00:00+01:00,12106.873901903367,12342.774020863837,12106.873901903367,12288.796875,1694844,0.0,0.0,0.010687382671910717,0.010265356964997134,1832230.9,11671.4580078125,0,25,4,2023,1,AZN.L
2023-04-26 00:00:00+01:00,12158.850869242866,12204.831397028558,11773.01426651944,11838.986328125,3561383,0.0,0.0,-0.036603302296425944,0.013598906002023707,1929447.9,11701.04541015625,0,26,4,2023,2,AZN.L
2023-04-27 00:00:00+01:00,11904.959566537385,12140.85968893057,11749.025587328331,11791.0078125,1400645,0.0,0.0,-0.004052586454215357,0.013345367194693866,1910527.1,11734.1314453125,0,27,4,2023,3,AZN.L
2023-04-28 00:00:00+01:00,11810.99967409118,11850.98274678614,11635.074154233356,11741.029296875,1622067,0.0,0.0,-0.004238697524397872,0.013442672364081693,1929182.05,11763.11923828125,0,28,4,2023,4,AZN.L
2023-05-02 00:00:00+01:00,11721.036917778314,11850.981894693818,11647.06823861103,11769.0166015625,1794124,0.0,0.0,0.0023837181545018904,0.013428767913730717,1957675.6,11793.506396484376,0,2,5,2023,1,AZN.L
2023-05-03 00:00:00+01:00,11838.987631084863,11899.86224872566,11773.015562218634,11878.970703125,1005207,0.0,0.0,0.00934267537254585,0.013493180372404854,1926924.0,11826.092578125,0,3,5,2023,2,AZN.L
2023-05-04 00:00:00+01:00,11836.98776107595,11872.972523734177,11751.024161392406,11844.984375,1292780,0.0,0.0,-0.0028610499153819413,0.013553811793580194,1908551.15,11855.080322265625,0,4,5,2023,3,AZN.L
2023-05-05 00:00:00+01:00,11868.974417207946,11916.9541015625,11709.042136026097,11916.9541015625,877124,0.0,0.0,0.006075966357068419,0.013523668803885485,1858110.6,11888.965966796875,0,5,5,2023,4,AZN.L
2023-05-09 00:00:00+01:00,11950.939253451821,11950.939253451821,11781.011211206354,11908.95703125,1685343,0.0,0.0,-0.000671066637023543,0.011805141330755694,1834481.2,11904.9591796875,0,9,5,2023,1,AZN.L
2023-05-10 00:00:00+01:00,11830.990298157254,11840.986065560226,11747.025851972292,11814.9970703125,1262452,0.0,0.0,-0.007889856407319429,0.011833726924816934,1837444.5,11910.956640625,0,10,5,2023,2,AZN.L
2023-05-11 00:00:00+01:00,11876.969928525192,11996.919128274645,11862.975855221088,11918.9521484375,2240297,0.0,0.0,0.008798569945159596,0.011863984906027799,1724537.8,11925.650341796874,0,11,5,2023,3,AZN.L
2023-05-12 00:00:00+01:00,11952.939000214665,12084.883133684169,11916.954236541163,12004.9169921875,1550380,0.0,0.0,0.007212449775735541,0.011410883581216601,1644638.9,11935.046337890624,0,12,5,2023,4,AZN.L
2023-05-15 00:00:00+01:00,12044.899735514324,12064.891270345053,11968.931903157552,11994.9208984375,776116,0.0,0.0,-0.0008326666278912764,0.0112916665489546,1613045.15,11939.24453125,0,15,5,2023,0,AZN.L
2023-05-16 00:00:00+01:00,12036.903452031122,12096.878058169792,11986.924613582229,12064.8916015625,1187703,0.0,0.0,0.005833360946474908,0.011339149952439186,1590198.1,11948.1408203125,0,16,5,2023,1,AZN.L
2023-05-17 00:00:00+01:00,12114.869174694943,12178.842081227986,11860.97670189193,11918.9521484375,1555565,0.0,0.0,-0.012096209227946964,0.011618511595097396,1613354.85,11953.138623046874,0,17,5,2023,2,AZN.L
2023-05-18 00:00:00+01:00,11964.934049827027,12090.880724035733,11964.934049827027,11972.9306640625,1230986,0.0,0.0,0.004528797074839774,0.010895475781157354,1572543.2,11950.03994140625,0,18,5,2023,3,AZN.L
2023-05-19 00:00:00+01:00,12020.910220486834,12070.889058922252,11930.963929690091,12004.9169921875,1312211,0.0,0.0,0.002671553775969837,0.010875417487906266,1584508.15,11950.93955078125,0,19,5,2023,4,AZN.L
2023-05-22 00:00:00+01:00,12058.894400132935,12102.87577891326,11988.924024800597,12030.90625,1774287,0.0,0.0,0.0021648844243915555,0.010880827978405559,1538672.2,11952.239013671875,0,22,5,2023,0,AZN.L
2023-05-23 00:00:00+01:00,11964.934311280798,12180.842900356542,11936.946160845053,12028.9072265625,1644235,0.0,0.0,-0.0001661573447553355,0.010332994940987618,1540634.95,11944.64228515625,0,23,5,2023,1,AZN.L
2023-05-24 00:00:00+01:00,11872.973240332743,11926.9503875779,11682.1526624442,11789.0087890625,2075369,0.0,0.0,-0.019943493867028206,0.011205703633089146,1577155.9,11926.1501953125,0,24,5,2023,2,AZN.L
2023-05-25 00:00:00+01:00,11751.024012599853,11816.996076637928,11585.09427577682,11637.072265625,1076348,0.0,0.0,-0.012887981182816866,0.011097566467600612,1546231.1,11893.56396484375,0,25,5,2023,3,AZN.L
2023-05-26 00:00:00+01:00,11685.05247863231,11826.992380425789,11631.075332879858,11779.0126953125,1441890,0.0,0.0,0.012197262889462435,0.008238648040793066,1440256.45,11890.565283203125,0,26,5,2023,4,AZN.L
2023-05-30 00:00:00+01:00,11775.014440351039,11834.989047008175,11493.1337890625,11493.1337890625,1980999,0.0,0.0,-0.024270192557290127,0.009821712937021944,1469274.15,11875.67158203125,0,30,5,2023,1,AZN.L
2023-05-31 00:00:00+01:00,11461.147531457707,11761.020569957385,11459.14837786771,11655.0654296875,4150407,0.0,0.0,0.014089424485696167,0.010366391993407848,1595691.15,11871.373388671875,0,31,5,2023,2,AZN.L
2023-06-01 00:00:00+01:00,11721.036844272172,11776.612920513986,11515.124035989717,11665.060546875,1609544,0.0,0.0,0.0008575770979406538,0.010351079080313557,1586462.15,11866.1755859375,0,1,6,2023,3,AZN.L
2023-06-02 00:00:00+01:00,11631.074750755448,11749.024804088993,11525.119618099889,11743.02734375,1544750,0.0,0.0,0.006683788443420102,0.010235900912362868,1613439.3,11859.37841796875,0,2,6,2023,4,AZN.L
2023-06-05 00:00:00+01:00,11717.03925940229,11812.99863228257,11687.051955377205,11789.0087890625,927474,0.0,0.0,0.003915638103063168,0.010266627230897158,1595174.0,11856.579638671876,0,5,6,2023,0,AZN.L
2023-06-06 00:00:00+01:00,11765.018428572937,11928.949016702587,11747.026046948953,11826.9921875,1508766,0.0,0.0,0.003221933168184643,0.010194583666534805,1626756.1,11852.08154296875,0,6,6,2023,1,AZN.L
2023-06-07 00:00:00+01:00,11775.013408002063,11870.97277024045,11666.158139854138,11749.0244140625,1227113,0.0,0.0,-0.006592358581237967,0.010290566301467133,1603844.6,11844.084912109374,0,7,6,2023,2,AZN.L
2023-06-08 00:00:00+01:00,11749.025650930851,11779.012954787235,11648.348549438802,11745.02734375,1399930,0.0,0.0,-0.0003402044435039109,0.010147530744352708,1610718.5,11840.58642578125,0,8,6,2023,3,AZN.L
2023-06-09 00:00:00+01:00,11852.98117515689,11862.976942719006,11705.043815237575,11707.04296875,950706,0.0,0.0,-0.0032340814447071597,0.009937487331109371,1546238.95,11829.990966796875,0,9,6,2023,4,AZN.L
2023-06-12 00:00:00+01:00,11840.985414465342,11852.98033468935,11663.06076447591,11824.9921875,1391951,0.0,0.0,0.010075064989924831,0.010079316603320272,1538317.5,11820.9947265625,0,12,6,2023,0,AZN.L
2023-06-13 00:00:00+01:00,11759.02109241908,11799.004163117546,11639.07188032368,11735.03125,2301469,0.0,0.0,-0.007607695301067197,0.010196953603246732,1614585.15,11808.000244140625,0,13,6,2023,1,AZN.L
2023-06-14 00:00:00+01:00,11711.040731904322,11795.005175526716,11497.131316009178,11505.1279296875,1781655,0.0,0.0,-0.01959119796229769,0.010857718355909773,1644282.75,11780.012060546875,0,14,6,2023,2,AZN.L
2023-06-15 00:00:00+01:00,11473.141750311537,11701.045245613073,11473.141750311537,11681.0537109375,2984914,0.0,0.0,0.015291075625160744,0.011278237895161605,1715750.2,11768.117138671874,0,15,6,2023,3,AZN.L
2023-06-16 00:00:00+01:00,11715.039523111427,11872.972649788186,11713.040369609189,11783.0107421875,5017591,0.0,0.0,0.008728410447640833,0.011423706189356722,1905080.45,11758.621142578126,0,16,6,2023,4,AZN.L
2023-06-19 00:00:00+01:00,11721.036448941697,11741.23687896519,11611.083011334364,11641.0703125,2367195,0.0,0.0,-0.012046193693034724,0.01166410147671851,1957829.65,11740.42880859375,0,19,6,2023,0,AZN.L
2023-06-20 00:00:00+01:00,11637.07167881467,11771.0149535923,11619.07929862066,11631.07421875,1206664,0.0,0.0,-0.000858691982924098,0.01163402843845443,1929448.5,11720.43720703125,0,20,6,2023,1,AZN.L
2023-06-21 00:00:00+01:00,11577.098372530694,11657.064515666807,11507.127997286596,11581.0966796875,1149726,0.0,0.0,-0.004296897958224077,0.011643449614909098,1904723.05,11698.0466796875,0,21,6,2023,2,AZN.L
2023-06-22 00:00:00+01:00,11453.150915443157,11595.0908203125,11339.199160829741,11595.0908203125,1939447,0.0,0.0,0.0012083605734458658,0.010844863033309,1897926.95,11688.35078125,0,22,6,2023,3,AZN.L
2023-06-23 00:00:00+01:00,11569.101686643648,11627.077140058658,11387.178712134477,11417.166015625,1228732,0.0,0.0,-0.015344839246606679,0.011002092383451519,1905546.15,11677.35546875,0,23,6,2023,4,AZN.L
2023-06-26 00:00:00+01:00,11373.184303945824,11445.153830214422,11234.342702392985,11287.220703125,1066377,0.0,0.0,-0.011381573353857033,0.010786455729730998,1886770.5,11652.765869140625,0,26,6,2023,0,AZN.L
2023-06-27 00:00:00+01:00,11291.21880585344,11327.203568336685,11159.274676748213,11185.263671875,1353695,0.0,0.0,-0.009032961606019851,0.009610224050698524,1855405.3,11637.37236328125,0,27,6,2023,1,AZN.L
2023-06-28 00:00:00+01:00,11295.218164444988,11333.202083936043,11179.267252314403,11229.24609375,2293497,0.0,0.0,0.003932175688052153,0.009002616788968723,1762559.8,11616.081396484375,0,28,6,2023,2,AZN.L
2023-06-29 00:00:00+01:00,11241.239907927087,11285.22128405627,11131.28646760413,11231.244140625,2529983,0.0,0.0,0.0001779324149029371,0.008993253113477255,1808581.75,11594.390576171874,0,29,6,2023,3,AZN.L
2023-06-30 00:00:00+01:00,11243.239389799131,11339.19875870211,11175.268170159521,11271.2275390625,1408446,0.0,0.0,0.003560015073741818,0.008863346796105028,1801766.55,11570.8005859375,0,30,6,2023,4,AZN.L
2023-07-03 00:00:00+01:00,10933.371700924487,11039.326848145003,10325.628969697382,10369.6103515625,4450775,0.0,0.0,-0.07999281217376553,0.019448526955352013,1977931.6,11499.8306640625,0,3,7,2023,0,AZN.L
2023-07-04 00:00:00+01:00,10355.615566664697,10659.486911478025,10273.65026970847,10575.5224609375,4015254,0.0,0.0,0.019857265836799032,0.020213645148481982,2103256.0,11437.257177734375,0,4,7,2023,1,AZN.L
2023-07-05 00:00:00+01:00,10637.496549479167,10725.459309895834,10455.573567708334,10615.505859375,2885595,0.0,0.0,0.0037807492334478443,0.02031358382930768,2186180.1,11380.58125,0,5,7,2023,2,AZN.L
2023-07-06 00:00:00+01:00,10533.539032053339,10561.52717903545,10289.642322637794,10323.6279296875,1911277,0.0,0.0,-0.027495432959488197,0.020895081085387776,2211747.45,11309.511279296876,0,6,7,2023,3,AZN.L
2023-07-07 00:00:00+01:00,10271.65043969461,10303.636894936944,10073.734247882665,10105.720703125,1800903,0.0,0.0,-0.02110762108501285,0.0211417101104488,2254257.3,11229.445166015625,0,7,7,2023,4,AZN.L
2023-07-10 00:00:00+01:00,10145.704103481092,10239.664318823674,10105.721033122545,10175.69140625,1255741,0.0,0.0,0.006923870664995002,0.021018300498027498,2247446.8,11146.980126953125,0,10,7,2023,0,AZN.L
2023-07-11 00:00:00+01:00,10133.709699797597,10133.709699797597,10015.759636217394,10077.7333984375,1929561,0.0,0.0,-0.009626668488819656,0.021024881476787913,2228851.4,11064.115234375,0,11,7,2023,1,AZN.L
2023-07-12 00:00:00+01:00,10223.669600547059,10271.64927798412,10079.730568235875,10243.6611328125,4075139,0.0,0.0,0.0164647870522876,0.021462695326299984,2343525.6,11001.04189453125,0,12,7,2023,2,AZN.L
2023-07-13 00:00:00+01:00,10291.641346502904,10347.617639762828,10243.661666565828,10325.626953125,1250510,0.0,0.0,0.008001613802895768,0.02114952864975018,2256805.4,10933.270556640626,0,13,7,2023,3,AZN.L
2023-07-14 00:00:00+01:00,10323.628189624904,10549.53252452568,10318.130517757849,10319.6298828125,2472036,0.0,0.0,-0.0005807947875441366,0.020911100736127727,2129527.65,10860.101513671874,0,14,7,2023,4,AZN.L
2023-07-17 00:00:00+01:00,10295.640289905024,10345.619126263788,10191.684310278799,10195.6826171875,1161172,0.0,0.0,-0.012010824712951784,0.02091059896306006,2069226.5,10787.83212890625,0,17,7,2023,0,AZN.L
2023-07-18 00:00:00+01:00,10257.656056967413,10305.635738387646,10201.67976197714,10275.6484375,2368022,0.0,0.0,0.007843106078811779,0.021121240435900527,2127294.4,10720.06083984375,0,18,7,2023,1,AZN.L
2023-07-19 00:00:00+01:00,10277.647809643402,10585.51743864264,10273.649502773282,10497.5546875,2838541,0.0,0.0,0.021595352483077868,0.02200339034861762,2211735.15,10665.883740234374,0,19,7,2023,2,AZN.L
2023-07-20 00:00:00+01:00,10483.560697340126,10705.466730407396,10481.56154388907,10691.47265625,1845464,0.0,0.0,0.018472680021463406,0.02257696054303716,2207036.0,10620.70283203125,0,20,7,2023,3,AZN.L
2023-07-21 00:00:00+01:00,10637.496549479167,10793.430533854167,10593.515169270833,10765.4423828125,1297138,0.0,0.0,0.006918572299697168,0.02252648162244221,2210456.3,10588.116650390624,0,21,7,2023,4,AZN.L
2023-07-24 00:00:00+01:00,10795.428056876159,10853.403503848273,10702.82957770015,10775.4365234375,1168905,0.0,0.0,0.0009283539189208767,0.022444381590067033,2215582.7,10562.52744140625,0,24,7,2023,0,AZN.L
2023-07-25 00:00:00+01:00,10695.471355381296,10769.440035782998,10623.501828503964,10715.462890625,1638957,0.0,0.0,-0.005565772920851253,0.02240111406241765,2229845.8,10539.03740234375,0,25,7,2023,1,AZN.L
2023-07-26 00:00:00+01:00,10737.45390405342,10785.433590089035,10573.523310098406,10665.484375,1181359,0.0,0.0,-0.004664149009253382,0.02236584040421665,2174238.9,10510.84931640625,0,26,7,2023,2,AZN.L
2023-07-27 00:00:00+01:00,10797.428512521905,10797.428512521905,10640.494956100321,10695.4716796875,3990122,0.0,0.0,0.0028116214541358264,0.022389099938253627,2247245.85,10484.060693359375,0,27,7,2023,3,AZN.L
2023-07-28 00:00:00+01:00,10795.42854296663,11259.232139627418,10791.430236098864,11053.3193359375,6645000,0.0,0.0,0.03345786581152965,0.023750274347175696,2509073.55,10473.165283203125,0,28,7,2023,4,AZN.L
2023-07-31 00:00:00+01:00,11023.332497094583,11199.258006660111,11017.335036541212,11181.265625,1639504,0.0,0.0,0.0115753725350638,0.014799405177234796,2368510.0,10513.748046875,0,31,7,2023,0,AZN.L
2023-08-01 00:00:00+01:00,11171.270182989461,11249.237172455565,11143.282032924706,11191.26171875,955804,0.0,0.0,0.0008940037814368917,0.014321589033074057,2215537.5,10544.535009765625,0,1,8,2023,1,AZN.L
2023-08-02 00:00:00+01:00,11035.327412468458,11135.285088306035,10869.39767057808,11091.3037109375,1371970,0.0,0.0,-0.008931790742149226,0.014561971777684991,2139856.25,10568.32490234375,0,2,8,2023,2,AZN.L
2023-08-03 00:00:00+01:00,11013.335789671732,11013.335789671732,10773.437388008888,10895.3857421875,4910009,0.0,0.0,-0.017664106389657208,0.013640166356837414,2289792.85,10596.91279296875,0,3,8,2023,3,AZN.L
2023-08-04 00:00:00+01:00,10947.36503780935,10963.358266498624,10779.436136571952,10905.3828125,1506764,0.0,0.0,0.0009175508374881236,0.012446358828302775,2275085.9,10636.8958984375,0,4,8,2023,4,AZN.L
2023-08-07 00:00:00+01:00,10889.389192182045,10939.368030038582,10799.427284040281,10881.392578125,853789,0.0,0.0,-0.002199852567073779,0.01249633424725466,2254988.3,10672.18095703125,0,7,8,2023,0,AZN.L
2023-08-08 00:00:00+01:00,10935.369151249433,11095.301424028217,10829.414020533488,11025.3310546875,1977417,0.0,0.0,0.013227946288038694,0.012282488885195033,2257381.1,10719.56083984375,0,8,8,2023,1,AZN.L
2023-08-09 00:00:00+01:00,11105.298049809404,11207.254881589832,10975.99537430294,11177.267578125,2545313,0.0,0.0,0.013780676760078103,0.012159782903850933,2180889.8,10766.241162109374,0,9,8,2023,2,AZN.L
2023-08-10 00:00:00+01:00,11161.990751265455,11179.984288209998,11038.035274536374,11157.9921875,2848203,71.8,0.0,-0.0017245172391437968,0.012204269324949822,2260774.45,10807.859423828126,0,10,8,2023,3,AZN.L
2023-08-11 00:00:00+01:00,11062.026134689482,11120.005306550316,10908.081436990027,11026.0390625,2243755,0.0,0.0,-0.011825884333188874,0.01267417358299299,2249360.4,10843.1798828125,0,11,8,2023,4,AZN.L
2023-08-14 00:00:00+01:00,11078.020280762159,11122.004479675128,10986.053319398676,11110.0087890625,898615,0.0,0.0,0.0076155839904543665,0.012168549086128456,2236232.55,10888.89619140625,0,14,8,2023,0,AZN.L
2023-08-15 00:00:00+01:00,11122.004958416179,11122.004958416179,10840.106216885228,10872.0947265625,1345290,0.0,0.0,-0.02141439012489532,0.01342337630007464,2185095.95,10918.718505859375,0,15,8,2023,1,AZN.L
2023-08-16 00:00:00+01:00,10880.092572523097,10912.081084312947,10734.1449874819,10874.0947265625,1997373,0.0,0.0,0.0001839571904311832,0.012688434580646179,2143037.55,10937.5455078125,0,16,8,2023,2,AZN.L
2023-08-17 00:00:00+01:00,10890.087389856202,10892.086671550685,10737.059362228134,10788.1240234375,1467968,0.0,0.0,-0.007906010135721564,0.012231240012216553,2124162.75,10942.378076171875,0,17,8,2023,3,AZN.L
2023-08-18 00:00:00+01:00,10738.143672520055,10750.139364576491,10576.201829758164,10654.173828125,1807434,0.0,0.0,-0.012416449330902135,0.01246090373610914,2149677.55,10936.8146484375,0,18,8,2023,4,AZN.L
2023-08-21 00:00:00+01:00,10674.166532725549,10802.120579943086,10636.180174957843,10670.16796875,4598853,0.0,0.0,0.0015012089048873634,0.012464886854499717,2321174.95,10931.551220703124,0,21,8,2023,0,AZN.L
2023-08-22 00:00:00+01:00,10686.161076033488,10764.133065175734,10630.1811863929,10694.158203125,1105121,0.0,0.0,0.0022483464595177693,0.012417393241251141,2294483.15,10930.485986328125,0,22,8,2023,1,AZN.L
2023-08-23 00:00:00+01:00,10708.153638579386,10810.076988719631,10660.170873955432,10766.1328125,2181058,0.0,0.0,0.006730273482766336,0.012454759048176701,2344468.1,10935.518408203125,0,23,8,2023,2,AZN.L
2023-08-24 00:00:00+01:00,10820.113074854651,10842.10517460029,10738.142521257269,10746.1396484375,674424,0.0,0.0,-0.0018570423020685123,0.01245375409773563,2178683.2,10938.051806640626,0,24,8,2023,3,AZN.L
2023-08-25 00:00:00+01:00,10702.15633666305,10748.139821763603,10608.190084501055,10656.1728515625,1044943,0.0,0.0,-0.008372010770219318,0.009829876182137393,1898680.35,10918.194482421875,0,25,8,2023,4,AZN.L
2023-08-29 00:00:00+01:00,10846.103597878968,10896.085642108825,10688.16033811262,10800.1201171875,2978845,0.0,0.0,0.013508345597443405,0.009976527039230753,1965647.4,10899.13720703125,0,29,8,2023,1,AZN.L
2023-08-30 00:00:00+01:00,10820.114174294298,10862.099096256637,10730.146484375,10730.146484375,913945,0.0,0.0,-0.006478968016396691,0.010012362119627721,1963554.45,10876.0814453125,0,30,8,2023,2,AZN.L
2023-08-31 00:00:00+01:00,10710.152223397054,10798.12061948245,10657.104875171728,10658.1708984375,2367206,0.0,0.0,-0.006707791551803122,0.009944070788338966,2013316.25,10854.4248046875,0,31,8,2023,3,AZN.L
2023-09-01 00:00:00+01:00,10674.166102146612,10730.145995546145,10580.199852511683,10696.158203125,759392,0.0,0.0,0.0035641485813544538,0.009289029508655709,1805785.4,10844.463427734376,0,1,9,2023,4,AZN.L
2023-09-04 00:00:00+01:00,10740.141740967027,10798.120912688553,10686.1611328125,10686.1611328125,510722,0.0,0.0,-0.0009346412162807294,0.009279380007036413,1755983.3,10833.50234375,0,4,9,2023,0,AZN.L
2023-09-05 00:00:00+01:00,10658.171105829686,10794.122266061615,10634.179724612286,10732.14453125,1302060,0.0,0.0,0.004303079269159182,0.009347838232547187,1778396.85,10826.03994140625,0,5,9,2023,1,AZN.L
2023-09-06 00:00:00+01:00,10618.186638717176,10656.172996490783,10540.214641181878,10602.1923828125,1283468,0.0,0.0,-0.012108684155259342,0.009081304811292714,1743699.4,10804.8830078125,0,6,9,2023,2,AZN.L
2023-09-07 00:00:00+01:00,10592.195152265798,10828.11040858278,10582.198743099825,10820.11328125,1042230,0.0,0.0,0.020554324102888044,0.009795706042913112,1668545.25,10787.02529296875,0,7,9,2023,3,AZN.L
2023-09-08 00:00:00+01:00,10836.107623202102,10880.091823886685,10794.122704366817,10842.10546875,2242376,0.0,0.0,0.0020325283967321806,0.00982869419926446,1638253.9,10771.23095703125,0,8,9,2023,4,AZN.L
2023-09-11 00:00:00+01:00,10842.104978144043,10842.104978144043,10362.277356024448,10498.228515625,2011900,0.0,0.0,-0.03171680575476321,0.011757474715576817,1626661.15,10744.8404296875,0,11,9,2023,0,AZN.L
2023-09-12 00:00:00+01:00,10554.208335953586,10720.148720853027,10538.214081987375,10680.1630859375,1423103,0.0,0.0,0.01733002573164777,0.01237665435655233,1652885.55,10723.34814453125,0,12,9,2023,1,AZN.L
2023-09-13 00:00:00+01:00,10664.169314268924,10686.161414467078,10558.20737695054,10578.2001953125,1663183,0.0,0.0,-0.009546941353288263,0.011655179115100719,1668780.2,10708.65341796875,0,13,9,2023,2,AZN.L
2023-09-14 00:00:00+01:00,10610.18899834705,10816.115033174588,10562.206232950342,10810.1171875,1797197,0.0,0.0,0.02192405020754551,0.012762480619997447,1658771.4,10705.454541015624,0,14,9,2023,3,AZN.L
2023-09-15 00:00:00+01:00,10878.092117694527,11002.047587515712,10830.109355183102,10936.0712890625,4715880,0.0,0.0,0.01165150195671738,0.012890981336743093,1821167.0,10712.851904296875,0,15,9,2023,4,AZN.L
2023-09-18 00:00:00+01:00,10938.070611258214,11024.719171159219,10680.163261806138,10724.1474609375,1017587,0.0,0.0,-0.0193784241637992,0.013351306597338504,1781674.65,10716.3505859375,0,18,9,2023,0,AZN.L
2023-09-19 00:00:00+01:00,10610.188218255464,10636.178880934438,10535.614423457177,10612.1875,2034190,0.0,0.0,-0.01043998708012106,0.013565334687444771,1653441.5,10713.4515625,0,19,9,2023,1,AZN.L
2023-09-20 00:00:00+01:00,10788.124127425799,10946.0673828125,10738.142084581907,10946.0673828125,1568781,0.0,0.0,0.03146192835478079,0.015302678585792281,1676624.5,10726.047021484375,0,20,9,2023,2,AZN.L
2023-09-21 00:00:00+01:00,10900.083378307001,11075.020519833388,10882.08984375,10882.08984375,5277686,0.0,0.0,-0.005844796749831627,0.015325101737654272,1831455.9,10731.844873046875,0,21,9,2023,3,AZN.L
2023-09-22 00:00:00+01:00,10906.082042919948,11185.981490400936,10884.089943475014,11042.033203125,3547059,0.0,0.0,0.014697853231460112,0.01562683721734508,1975087.65,10746.63955078125,0,22,9,2023,4,AZN.L
2023-09-25 00:00:00+01:00,11134.000577178624,11255.956769530552,11040.034330612381,11189.98046875,3471175,0.0,0.0,0.013398552866434876,0.015663022430545414,2096399.25,10773.329931640625,0,25,9,2023,0,AZN.L
2023-09-26 00:00:00+01:00,11151.995059454497,11257.957006057417,11116.00798324973,11159.9921875,1606820,0.0,0.0,-0.0026799225730328446,0.015484924518180017,2027798.0,10791.32353515625,0,26,9,2023,1,AZN.L
2023-09-27 00:00:00+01:00,11203.975495817593,11305.9388702442,11084.01858472747,11114.0078125,1501177,0.0,0.0,-0.004120466594188632,0.01542780143519915,2057159.6,10810.5166015625,0,27,9,2023,2,AZN.L
2023-09-28 00:00:00+01:00,11114.007633442838,11185.981778937341,10874.093815127828,11002.0478515625,1491439,0.0,0.0,-0.010073770220997869,0.015544242528888438,2013371.25,10827.71044921875,0,28,9,2023,3,AZN.L
2023-09-29 00:00:00+01:00,11042.033779456968,11229.966275431792,11016.043115120023,11098.013671875,1752888,0.0,0.0,0.008722541622000923,0.01561935150729128,2063046.05,10847.80322265625,0,29,9,2023,4,AZN.L
2023-10-02 00:00:00+01:00,11056.027877069064,11183.981906749428,10866.096114262271,10946.0673828125,3816373,0.0,0.0,-0.013691304908694413,0.015999682916407305,2228328.6,10860.79853515625,0,2,10,2023,0,AZN.L
2023-10-03 00:00:00+01:00,10992.051407582165,11066.0248346612,10880.091626057138,10904.0830078125,1297146,0.0,0.0,-0.0038355670152299126,0.016023400184120688,2228082.9,10869.395458984374,0,3,10,2023,1,AZN.L
2023-10-04 00:00:00+01:00,10896.086971802699,10936.523621973465,10786.126461078085,10888.08984375,2200732,0.0,0.0,-0.001466713344995707,0.015742320367113084,2273946.1,10883.69033203125,0,4,10,2023,2,AZN.L
2023-10-05 00:00:00+01:00,10908.081369817464,10986.05335908119,10854.100761865655,10898.0849609375,1102217,0.0,0.0,0.0009179862887738199,0.01508672979582847,2276945.45,10887.588916015626,0,5,10,2023,3,AZN.L
2023-10-06 00:00:00+01:00,10952.06626238062,10978.056927114272,10854.101449153777,10938.0712890625,1250802,0.0,0.0,0.003669115103096088,0.015100099812426947,2227366.75,10892.38720703125,0,6,10,2023,4,AZN.L
2023-10-09 00:00:00+01:00,10904.08288907056,10952.065652058769,10806.118081302966,10852.1015625,2558599,0.0,0.0,-0.007859678757850541,0.013245486887362158,2254701.7,10910.080859375,0,9,10,2023,0,AZN.L
2023-10-10 00:00:00+01:00,10926.075827080298,11018.042796530563,10780.128245126618,10974.05859375,1237326,0.0,0.0,0.01123810264284919,0.01293454560522747,2245412.85,10924.775634765625,0,10,10,2023,1,AZN.L
2023-10-11 00:00:00+01:00,10966.060976619608,11058.027941965918,10864.097601996527,10940.0703125,2745784,0.0,0.0,-0.003097147783533538,0.012724977196908736,2299542.9,10942.869140625,0,11,10,2023,2,AZN.L
2023-10-12 00:00:00+01:00,10978.056391390794,11147.995344817897,10880.091582944582,11116.0068359375,1536321,0.0,0.0,0.01608184576624483,0.012297607887121715,2286499.1,10958.163623046876,0,12,10,2023,3,AZN.L
2023-10-13 00:00:00+01:00,11104.011454987356,11171.987038255194,10880.091886575656,10970.0595703125,1162288,0.0,0.0,-0.013129468862250082,0.012464790198220227,2108819.5,10959.863037109375,0,13,10,2023,4,AZN.L
2023-10-16 00:00:00+01:00,10924.076344900657,10992.051929770098,10827.311295799474,10968.060546875,1702777,0.0,0.0,-0.000182225394920299,0.011583473062707083,2143079.0,10972.05869140625,0,16,10,2023,0,AZN.L
2023-10-17 00:00:00+01:00,10994.050795807454,11299.94091614907,10906.082395186335,11265.953125,2225240,0.0,0.0,0.027160004893469925,0.012603218562507108,2152631.5,11004.74697265625,0,17,10,2023,1,AZN.L
2023-10-18 00:00:00+01:00,11171.98796100523,11239.963549887509,10589.754667451145,10608.1904296875,3678685,0.0,0.0,-0.058385001962494854,0.017144395577904314,2258126.7,10987.853125,0,18,10,2023,2,AZN.L
2023-10-19 00:00:00+01:00,10534.215441717619,10648.174500396286,10436.250636888588,10484.2333984375,2131732,0.0,0.0,-0.011685030738428415,0.017272910872375622,2100829.0,10967.960302734375,0,19,10,2023,3,AZN.L
2023-10-20 00:00:00+01:00,10470.239083660415,10530.217539362116,10360.278581540628,10426.2548828125,2024298,0.0,0.0,-0.005530067237308978,0.016848221902954496,2024690.95,10937.17138671875,0,20,10,2023,4,AZN.L
2023-10-23 00:00:00+01:00,10460.243344678218,10518.222522238553,10078.380485573949,10096.3740234375,2181139,0.0,0.0,-0.031639439384778756,0.01757364458949077,1960189.15,10882.491064453125,0,23,10,2023,0,AZN.L
2023-10-24 00:00:00+01:00,10260.313472258813,10452.244511490468,10058.386024733845,10434.2509765625,2379083,0.0,0.0,0.03346517792829973,0.019567958213958517,1998802.3,10846.20400390625,0,24,10,2023,1,AZN.L
2023-10-25 00:00:00+01:00,10462.241618934311,10562.205708547672,10368.275374697752,10542.212890625,2347407,0.0,0.0,0.01034687725118033,0.019797117864240096,2041113.8,10817.6142578125,0,25,10,2023,2,AZN.L
2023-10-26 00:00:00+01:00,10434.25203751233,10510.224748266395,10364.277172344111,10388.2685546875,2652740,0.0,0.0,-0.01460265861965282,0.019914479284731248,2099178.85,10786.92529296875,0,26,10,2023,3,AZN.L
2023-10-27 00:00:00+01:00,10284.30536194933,10454.244311359456,10098.372158477072,10120.3642578125,1707716,0.0,0.0,-0.025789119280528516,0.020365011122494753,2096920.25,10738.042822265625,0,27,10,2023,4,AZN.L
2023-10-30 00:00:00+00:00,10136.359061903626,10316.294429866412,10084.377733381043,10214.3310546875,4438387,0.0,0.0,0.0092849224080509,0.020461164977536774,2128020.95,10701.456005859374,0,30,10,2023,0,AZN.L
2023-10-31 00:00:00+00:00,10274.309281440548,10326.290608803354,10158.350935785062,10246.3193359375,2913453,0.0,0.0,0.003131705941263885,0.020509957588700993,2208836.3,10668.567822265624,0,31,10,2023,1,AZN.L
2023-11-01 00:00:00+00:00,10294.301732680377,10398.264383699872,10158.350573654883,10332.2880859375,1837433,0.0,0.0,0.00839020795481904,0.020664150479343796,2190671.35,10640.777734375,0,1,11,2023,2,AZN.L
2023-11-02 00:00:00+00:00,10372.273291986345,10436.25030535249,10260.31351859559,10358.2783203125,1595747,0.0,0.0,0.002515438415850335,0.02068077452352789,2215347.85,10613.78740234375,0,2,11,2023,3,AZN.L
2023-11-03 00:00:00+00:00,10330.289520447906,10412.260077896786,10156.35199610516,10266.3125,1219573,0.0,0.0,-0.00887848515637546,0.020679502688305748,2213786.4,10580.199462890625,0,3,11,2023,4,AZN.L
2023-11-06 00:00:00+00:00,10244.32059988079,10316.294749294473,10190.33998782053,10272.310546875,1893919,0.0,0.0,0.0005842454995403923,0.020660353928151333,2180552.4,10551.209912109374,0,6,11,2023,0,AZN.L
2023-11-07 00:00:00+00:00,10204.334072580645,10286.304624495968,10142.356338205645,10226.326171875,1729632,0.0,0.0,-0.004476536684727583,0.020406199221901268,2205167.7,10513.823291015626,0,7,11,2023,1,AZN.L
2023-11-08 00:00:00+00:00,10244.320628226402,10396.266055186823,10166.3486328125,10166.3486328125,4678524,0.0,0.0,-0.005865013305311306,0.020413980146357414,2301804.7,10475.13720703125,0,8,11,2023,2,AZN.L
2023-11-09 00:00:00+00:00,10596.195037011306,10596.195037011306,10270.312057571147,10432.25390625,2005703,0.0,0.0,0.02615543525423414,0.021036309677169476,2325273.8,10440.949560546875,0,9,11,2023,3,AZN.L
2023-11-10 00:00:00+00:00,10398.263915580092,10506.225125240027,10022.398963430687,10086.3759765625,1775830,0.0,0.0,-0.03315466943152945,0.022000468680144502,2355950.9,10396.765380859375,0,10,11,2023,4,AZN.L
2023-11-13 00:00:00+00:00,10178.34304044844,10310.295631426558,10118.364590003841,10244.3193359375,1737947,0.0,0.0,0.015659079112459118,0.022424620698037027,2357709.4,10360.5783203125,0,13,11,2023,0,AZN.L
2023-11-14 00:00:00+00:00,10300.299418319262,10328.289362390782,10142.356162487114,10182.341796875,1464278,0.0,0.0,-0.006049942122077323,0.021260214467423204,2319661.3,10306.39775390625,0,14,11,2023,1,AZN.L
2023-11-15 00:00:00+00:00,10226.325692788343,10286.304142599418,10054.387469996593,10086.3759765625,1944444,0.0,0.0,-0.009424729814309751,0.017199568460030863,2232949.25,10280.30703125,0,15,11,2023,2,AZN.L
2023-11-16 00:00:00+00:00,10062.384550254832,10174.34432271942,10008.403945673692,10162.3486328125,2120644,0.0,0.0,0.007532205464731545,0.017189055869758666,2232394.85,10264.21279296875,0,16,11,2023,3,AZN.L
2023-11-17 00:00:00+00:00,10208.332667443348,10324.291009533383,10174.344877520407,10256.3154296875,1631489,0.0,0.0,0.009246563001351626,0.017320043051420375,2212754.4,10255.7158203125,0,17,11,2023,4,AZN.L
2023-11-20 00:00:00+00:00,10128.361757557392,10242.320821943647,10038.39407514719,10102.37109375,1727350,0.0,0.0,-0.015009711527777192,0.016112545448675897,2190064.95,10256.015673828126,0,20,11,2023,0,AZN.L
2023-11-21 00:00:00+00:00,10102.370728113961,10188.33984375,10036.3944300677,10188.33984375,858427,0.0,0.0,0.00850975965960954,0.014256423041471752,2114032.15,10243.7201171875,0,21,11,2023,1,AZN.L
2023-11-22 00:00:00+00:00,10172.345609012493,10234.323343658598,10068.382957348056,10082.3779296875,1785560,0.0,0.0,-0.010400312090836028,0.014134370036293075,2085939.8,10220.728369140625,0,22,11,2023,2,AZN.L
2023-11-23 00:00:00+00:00,10106.369661061592,10242.320825641647,9979.415264725803,10170.3466796875,735970,0.0,0.0,0.008725000254253157,0.014013113826147247,1990101.3,10209.832275390625,0,23,11,2023,3,AZN.L
2023-11-24 00:00:00+00:00,10194.33826340711,10260.314565170678,10114.366988542179,10176.3447265625,1108994,0.0,0.0,0.0005897583498288839,0.01273702591648868,1960165.2,10212.631298828124,0,24,11,2023,4,AZN.L
2023-11-27 00:00:00+00:00,10138.357371167363,10232.323609866804,9972.4169921875,9972.4169921875,1447262,0.0,0.0,-0.020039389373544325,0.013328824580318161,1810608.95,10200.535595703124,0,27,11,2023,0,AZN.L
2023-11-28 00:00:00+00:00,9952.424223090278,10064.383997395833,9847.46193467882,9896.4443359375,3203391,0.0,0.0,-0.007618279130276795,0.013365346793605995,1825105.85,10183.041845703125,0,28,11,2023,1,AZN.L
2023-11-29 00:00:00+00:00,9890.447980524821,10080.379769113835,9774.489625386264,10028.3984375,1725710,0.0,0.0,0.013333485955488777,0.013604371034690166,1819519.7,10167.84736328125,0,29,11,2023,2,AZN.L
2023-11-30 00:00:00+00:00,10032.396572329277,10154.352768206534,9891.447198405558,10122.3642578125,9359776,0.0,0.0,0.009369972772633961,0.013793318451314249,2207721.15,10156.05166015625,0,30,11,2023,3,AZN.L
2023-12-01 00:00:00+00:00,10184.34050602753,10300.298839233183,9989.410549345614,10194.3369140625,1154807,0.0,0.0,0.007110261438620924,0.013779691374831503,2204482.85,10152.452880859375,0,1,12,2023,4,AZN.L
2023-12-04 00:00:00+00:00,10134.360405784264,10274.310145063193,10082.379074052089,10262.314453125,1170647,0.0,0.0,0.0066681668102148706,0.01386621777976001,2168319.25,10151.953076171874,0,4,12,2023,0,AZN.L
2023-12-05 00:00:00+00:00,10210.332285787781,10324.29134987431,10076.380403440457,10140.357421875,1325441,0.0,0.0,-0.011883969430781072,0.014090406624409026,2148109.7,10147.654638671875,0,5,12,2023,1,AZN.L
2023-12-06 00:00:00+00:00,10190.339322209711,10252.317057934353,10078.379541545843,10126.3623046875,2642947,0.0,0.0,-0.0013801404235820325,0.014033209231230763,2046330.85,10145.655322265626,0,6,12,2023,2,AZN.L
2023-12-07 00:00:00+00:00,10106.36971449328,10186.340988198468,10022.399877102831,10094.3740234375,1517762,0.0,0.0,-0.0031589113926125956,0.012604407386353156,2021933.8,10128.761328125,0,7,12,2023,3,AZN.L
2023-12-08 00:00:00+00:00,10120.364516183807,10192.338661300879,10032.396116596276,10118.365234375,1060358,0.0,0.0,0.00237669130168916,0.010191135972884206,1986160.2,10130.360791015624,0,8,12,2023,4,AZN.L
2023-12-11 00:00:00+00:00,10092.3740234375,10146.354629347328,9945.426818460746,10092.3740234375,1756079,0.0,0.0,-0.0025687164216211533,0.009530227209094775,1987066.8,10122.763525390625,0,11,12,2023,0,AZN.L
2023-12-12 00:00:00+00:00,10120.363919106985,10280.033115081696,10100.371102198436,10168.3466796875,2707895,0.0,0.0,0.007527728963826474,0.00961258344350966,2049247.65,10122.06376953125,0,12,12,2023,1,AZN.L
2023-12-13 00:00:00+00:00,10208.33248127707,10494.229767767985,10106.369113367722,10386.2685546875,2683892,0.0,0.0,0.021431397046613787,0.010463052049840743,2086220.05,10137.0583984375,0,13,12,2023,2,AZN.L
2023-12-14 00:00:00+00:00,10528.219212719718,10686.162493730893,10324.292444831868,10464.2421875,5495627,0.0,0.0,0.007507376918085784,0.010462302371406976,2254969.2,10152.153076171875,0,14,12,2023,3,AZN.L
2023-12-15 00:00:00+00:00,10358.278588181696,10426.254166641102,10136.358317328932,10182.341796875,5082046,0.0,0.0,-0.026939398532054515,0.012061843070337032,2427497.05,10148.45439453125,0,15,12,2023,4,AZN.L
2023-12-18 00:00:00+00:00,10216.33008642333,10378.271913624953,10120.364559192738,10352.28125,1600437,0.0,0.0,0.01668962371476823,0.012108771245187918,2421151.4,10160.94990234375,0,18,12,2023,0,AZN.L
2023-12-19 00:00:00+00:00,10352.28156564131,10420.257149502222,10268.3117267543,10342.28515625,2158756,0.0,0.0,-0.0009655933323874377,0.011996371411682196,2486167.85,10168.64716796875,0,19,12,2023,1,AZN.L
2023-12-20 00:00:00+00:00,10408.261205691411,10556.208061093093,10278.307886757499,10480.2353515625,3950260,0.0,0.0,0.013338463717482707,0.01200229276961058,2594402.85,10188.5400390625,0,20,12,2023,2,AZN.L
2023-12-21 00:00:00+00:00,10432.25310226324,10548.211454109016,10364.277516698472,10476.2373046875,2224399,0.0,0.0,-0.00038148445534702535,0.011906319473338893,2668824.3,10203.8345703125,0,21,12,2023,3,AZN.L
2023-12-22 00:00:00+00:00,10346.284776704437,10450.247444992094,10346.284776704437,10432.25390625,651734,0.0,0.0,-0.004198396538594995,0.011974594762978954,2645961.3,10216.630029296875,0,22,12,2023,4,AZN.L
2023-12-27 00:00:00+00:00,10468.239834399934,10618.185974121094,10424.25563341506,10524.2197265625,1044256,0.0,0.0,0.008815527415164226,0.010962325851026538,2625811.0,10244.220166015624,0,27,12,2023,2,AZN.L
2023-12-28 00:00:00+00:00,10560.206715765085,10708.153572441839,10346.283558137886,10570.203125,708410,0.0,0.0,0.004369292891276411,0.010689706067701059,2501061.95,10277.90810546875,0,28,12,2023,3,AZN.L
2023-12-29 00:00:00+00:00,10522.219934035966,10658.171094118514,10302.298939784787,10596.193359375,455940,0.0,0.0,0.002458820712113896,0.010428716777626065,2437573.45,10306.2978515625,0,29,12,2023,4,AZN.L
2024-01-02 00:00:00+00:00,10628.182959364573,10834.10900240719,10530.218142771482,10784.126953125,1688733,0.0,0.0,0.01773595359919744,0.010864396272545028,2054021.3,10339.385986328125,0,2,1,2024,1,AZN.L
2024-01-03 00:00:00+00:00,10682.163916288408,10806.119402496508,10622.185455219971,10736.14453125,2972338,0.0,0.0,-0.004449356177237518,0.010954084029399607,2144897.85,10366.4763671875,0,3,1,2024,2,AZN.L
2024-01-04 00:00:00+00:00,10764.134075271539,10898.085966624287,10742.141973706162,10860.099609375,1896074,0.0,0.0,0.011545585825917248,0.01110155721731052,2181169.2,10396.365625,0,4,1,2024,3,AZN.L
2024-01-05 00:00:00+00:00,10752.137436965513,10838.10655369841,10710.152519491308,10754.13671875,1161094,0.0,0.0,-0.009757082755808888,0.01096185787630595,2172951.85,10427.05458984375,0,5,1,2024,4,AZN.L
2024-01-08 00:00:00+00:00,10712.151945219666,10768.1318359375,10672.166308992642,10768.1318359375,1921363,0.0,0.0,0.0013013705845026369,0.010921791646452374,2136872.65,10459.14306640625,0,8,1,2024,0,AZN.L
2024-01-09 00:00:00+00:00,10830.10938055374,10914.079215145444,10810.116562793812,10898.0849609375,3005457,0.0,0.0,0.012068307388872768,0.010990556983295346,2211257.4,10499.32861328125,0,9,1,2024,1,AZN.L
2024-01-10 00:00:00+00:00,10826.111073681192,10922.076601204128,10806.118255447247,10896.0859375,1411866,0.0,0.0,-0.0001834288725648392,0.01102403280867787,2228832.8,10538.2146484375,0,10,1,2024,2,AZN.L
2024-01-11 00:00:00+00:00,10924.076139773777,11018.042387681788,10712.152261513158,10826.111328125,2156932,0.0,0.0,-0.006421994996769875,0.011173255016038953,2248875.45,10574.901513671875,0,11,1,2024,3,AZN.L
2024-01-12 00:00:00+00:00,10834.10822743567,10884.090273142607,10810.11684549634,10858.099609375,1212597,0.0,0.0,0.002954734186678687,0.011134825979978549,2174110.55,10609.38916015625,0,12,1,2024,4,AZN.L
2024-01-15 00:00:00+00:00,10820.113569215351,10896.086280898682,10800.120750351318,10848.103515625,2283608,0.0,0.0,-0.0009206117193260033,0.010315659499678933,2154096.35,10632.480908203124,0,15,1,2024,0,AZN.L
2024-01-16 00:00:00+00:00,10710.152337328867,10762.133662841385,10474.237090772063,10642.1767578125,2913853,0.0,0.0,-0.01898274269930178,0.011259619684734292,2025007.65,10641.37763671875,0,16,1,2024,1,AZN.L
2024-01-17 00:00:00+00:00,10496.229632978533,10566.20449719839,10356.279904538818,10442.2490234375,2279952,0.0,0.0,-0.01878635723920219,0.010305684074557193,1884902.95,10654.372998046874,0,17,1,2024,2,AZN.L
2024-01-18 00:00:00+00:00,10362.277606613066,10430.25318805718,10338.286224926907,10428.25390625,4541622,0.0,0.0,-0.001340239746829286,0.00965790577347515,2031962.2,10658.171630859375,0,18,1,2024,3,AZN.L
2024-01-19 00:00:00+00:00,10454.244517569947,10650.174133695757,10454.244517569947,10504.2265625,2568801,0.0,0.0,0.007285271046619579,0.009771603213727805,2052464.45,10666.268701171875,0,19,1,2024,4,AZN.L
2024-01-22 00:00:00+00:00,10464.24107427408,10900.084512216714,10448.24681967068,10586.197265625,4529556,0.0,0.0,0.0078035924527404266,0.009472274848786225,2081429.25,10671.566796875,0,22,1,2024,0,AZN.L
2024-01-23 00:00:00+00:00,10580.199673955942,10622.184593297037,10366.276513503695,10448.2470703125,3506309,0.0,0.0,-0.013031137796803094,0.009947836276023931,2145524.75,10670.16728515625,0,23,1,2024,1,AZN.L
2024-01-24 00:00:00+00:00,10504.22670299646,10532.216648531663,10394.266202679597,10450.24609375,1801745,0.0,0.0,0.0001913262027637419,0.009900655920815469,2203025.3,10671.06689453125,0,24,1,2024,2,AZN.L
2024-01-25 00:00:00+00:00,10428.254767658882,10470.239689077755,10358.279898627428,10444.2490234375,1237869,0.0,0.0,-0.0005738688121503799,0.009687591446242715,2212705.95,10667.068359375,0,25,1,2024,3,AZN.L
2024-01-26 00:00:00+00:00,10522.220072702328,10656.17195278423,10517.90131164325,10542.212890625,2343648,0.0,0.0,0.009379694697786656,0.009878592389993848,2294467.85,10665.66884765625,0,26,1,2024,4,AZN.L
2024-01-29 00:00:00+00:00,10546.211541845074,10610.188559729253,10508.225187476344,10564.205078125,1795640,0.0,0.0,0.002086107321884745,0.009873889213697477,2361452.85,10664.06943359375,0,29,1,2024,0,AZN.L
2024-01-30 00:00:00+00:00,10574.201115233267,10678.163765638285,10558.206861324803,10582.1982421875,1999073,0.0,0.0,0.0017032198759334705,0.008957519319706472,2376969.85,10653.972998046875,0,30,1,2024,1,AZN.L
2024-01-31 00:00:00+00:00,10606.190978422619,10650.175182291667,10496.23046875,10496.23046875,2715037,0.0,0.0,-0.008123810523108177,0.009070975788033038,2364104.8,10641.977294921875,0,31,1,2024,2,AZN.L
2024-02-01 00:00:00+00:00,10544.21251235918,10562.206049069691,10388.268527534756,10426.2548828125,2269904,0.0,0.0,-0.006666734895526161,0.00863963687993392,2382796.3,10620.28505859375,0,1,2,2024,3,AZN.L
2024-02-02 00:00:00+00:00,10492.231443050194,10506.356252571146,10356.2802734375,10356.2802734375,2943228,0.0,0.0,-0.006711384879948823,0.00852176336269727,2471903.0,10600.392236328125,0,2,2,2024,4,AZN.L
2024-02-05 00:00:00+00:00,10356.2802734375,10428.254422055985,10302.299661973637,10356.2802734375,1682816,0.0,0.0,0.0,0.008501390986346788,2459975.65,10579.799658203125,0,5,2,2024,0,AZN.L
2024-02-06 00:00:00+00:00,10368.274977898946,10540.213205453769,10310.295808142087,10530.216796875,1552211,0.0,0.0,0.01679527000477421,0.008963696610857318,2387313.35,10561.40625,0,6,2,2024,1,AZN.L
2024-02-07 00:00:00+00:00,10600.192464921949,10648.175229757508,10486.2333984375,10486.2333984375,2075810,0.0,0.0,-0.004176874919664786,0.008973144976174689,2420510.55,10540.913623046876,0,7,2,2024,2,AZN.L
2024-02-08 00:00:00+00:00,10400.265059124631,10486.234185910935,9696.517788687901,9819.4736328125,6500972,0.0,0.0,-0.06358429574191538,0.016469438979440483,2637712.55,10490.58173828125,0,8,2,2024,3,AZN.L
2024-02-09 00:00:00+00:00,9887.448438080275,9979.415403635161,9718.509120919667,9757.4951171875,5562493,0.0,0.0,-0.006311796124987223,0.01637177915704886,2855207.35,10435.551513671875,0,9,2,2024,4,AZN.L
2024-02-12 00:00:00+00:00,9696.51642343569,9730.504212961136,9457.602255889184,9497.587890625,4460371,0.0,0.0,-0.026636675031964097,0.017015332134140138,2964045.5,10368.025732421875,0,12,2,2024,0,AZN.L
2024-02-13 00:00:00+00:00,9582.55776163737,9666.52759806315,9546.570688883463,9596.552734375,2232817,0.0,0.0,0.01041999767621915,0.01714829093981395,2929993.7,10315.74453125,0,13,2,2024,1,AZN.L
2024-02-14 00:00:00+00:00,9645.534747306921,9732.503502930893,9537.573533428887,9720.5078125,6274728,0.0,0.0,0.012916625537938264,0.01727301695631194,3129732.5,10279.657470703125,0,14,2,2024,2,AZN.L
2024-02-15 00:00:00+00:00,9725.506510449795,9863.45695740653,9670.526259851096,9822.4716796875,2047764,0.0,0.0,0.01048956177540239,0.01754864868440671,3005039.6,10249.368359375,0,15,2,2024,3,AZN.L
2024-02-16 00:00:00+00:00,9896.445627894665,10108.369514067763,9845.46393829642,10090.3759765625,2703767,0.0,0.0,0.027274631641750258,0.018687780165040614,3011787.9,10228.675830078126,0,16,2,2024,4,AZN.L
2024-02-19 00:00:00+00:00,10334.28751788521,10494.230060239788,10290.3033187377,10414.2587890625,1881311,0.0,0.0,0.03209819071680786,0.02008483901203153,2879375.65,10220.07890625,0,19,2,2024,0,AZN.L
2024-02-20 00:00:00+00:00,10366.27633005439,10424.65184536152,10200.3359375,10200.3359375,2386943,0.0,0.0,-0.020541342009588903,0.02039681508181917,2823407.35,10207.683349609375,0,20,2,2024,1,AZN.L
2024-02-21 00:00:00+00:00,10122.363451196235,10176.344058184643,10064.384280727209,10098.3720703125,1580412,0.0,0.0,-0.009996128344424982,0.02049251655983867,2812340.7,10190.0896484375,0,21,2,2024,2,AZN.L
2024-02-22 00:00:00+00:00,10027.947516868959,10033.9462890625,9819.990080826212,10033.9462890625,8891048,156.0,0.0,-0.00637981852930547,0.02051969304620769,3194999.65,10169.57451171875,0,22,2,2024,3,AZN.L
2024-02-23 00:00:00+00:00,10005.951594606164,10251.90124411387,9995.953641374144,10217.908203125,4911338,0.0,0.0,0.01833395443456065,0.02087109437004715,3323384.15,10153.35927734375,0,23,2,2024,4,AZN.L
2024-02-26 00:00:00+00:00,10219.907916460954,10357.879672719182,10219.907916460954,10251.9013671875,5309043,0.0,0.0,0.003326822221020098,0.020883687023241233,3499054.3,10137.744091796874,0,26,2,2024,0,AZN.L
2024-02-27 00:00:00+00:00,10243.902528510178,10343.349939775226,10211.909079270248,10325.8857421875,6762881,0.0,0.0,0.007216649121966512,0.02096150217143667,3737244.7,10124.928466796875,0,27,2,2024,1,AZN.L
2024-02-28 00:00:00+00:00,10315.888754949963,10341.883434890717,10177.9169921875,10177.9169921875,2604518,0.0,0.0,-0.014329884495570044,0.021117663690170634,3731718.75,10109.01279296875,0,28,2,2024,2,AZN.L
2024-02-29 00:00:00+00:00,10199.912214045125,10199.912214045125,9979.959188620074,9980.95703125,4557961,0.0,0.0,-0.019351696529720686,0.02147408175679912,3846121.6,10086.747900390625,0,29,2,2024,3,AZN.L
2024-03-01 00:00:00+00:00,10043.944456845238,10112.342568206786,9998.947806258428,10077.9375,2743747,0.0,0.0,0.00971655007093597,0.02159650893106367,3836147.55,10072.83076171875,0,1,3,2024,4,AZN.L
2024-03-04 00:00:00+00:00,10105.9316491794,10125.927556676786,9998.678209795222,10043.9443359375,2098271,0.0,0.0,-0.0033730278702859273,0.02160034064889893,3856920.3,10057.21396484375,0,4,3,2024,0,AZN.L
2024-03-05 00:00:00+00:00,10087.935166177871,10159.920431982113,10009.951128223274,10109.9306640625,1476068,0.0,0.0,0.006569762427784287,0.021267829090967912,3853113.15,10036.199658203124,0,5,3,2024,1,AZN.L
2024-03-06 00:00:00+00:00,10097.932990862302,10155.921120908839,10005.95181906435,10137.9248046875,1953799,0.0,0.0,0.0027689745414882783,0.021283952087558924,3847012.6,10018.784228515626,0,6,3,2024,2,AZN.L
2024-03-07 00:00:00+00:00,10129.92615111088,10247.901998508341,10079.936385264498,10231.9052734375,2649188,0.0,0.0,0.00927018798823065,0.015557542956480245,3654423.4,10039.405810546876,0,7,3,2024,3,AZN.L
2024-03-08 00:00:00+00:00,10211.910379989702,10255.901378297862,10139.925110030896,10193.9140625,1607116,0.0,0.0,-0.0037130143333252708,0.015493658860029583,3456654.55,10061.2267578125,0,8,3,2024,4,AZN.L
2024-03-11 00:00:00+00:00,10195.912901839114,10447.861328125,10195.912901839114,10447.861328125,8877859,0.0,0.0,0.024911654548784856,0.014692812486595985,3677528.95,10108.7404296875,0,11,3,2024,0,AZN.L
2024-03-12 00:00:00+00:00,10495.850587060415,10531.843216240657,10427.864509719959,10433.86328125,3246477,0.0,0.0,-0.0013398002170375012,0.014694806506914645,3728211.95,10150.60595703125,0,12,3,2024,1,AZN.L
2024-03-13 00:00:00+00:00,10431.864287507171,10513.847503107669,10345.881890657869,10455.859375,4183231,0.0,0.0,0.0021081447165909317,0.014559107310629652,3623637.1,10187.37353515625,0,13,3,2024,2,AZN.L
2024-03-14 00:00:00+00:00,10477.855130023074,10487.853083391416,10385.873959034321,10399.87109375,2846632,0.0,0.0,-0.0053547278365151385,0.014604257604335936,3663580.5,10216.243505859375,0,14,3,2024,3,AZN.L
2024-03-15 00:00:00+00:00,10387.872924686104,10485.852861800564,10283.894215911574,10291.892578125,5253583,0.0,0.0,-0.010382678270877022,0.01370436950460486,3791071.3,10226.3193359375,0,15,3,2024,4,AZN.L
2024-03-18 00:00:00+00:00,10337.884300595239,10337.884300595239,10237.904761904761,10287.89453125,3885042,0.0,0.0,-0.0003884656631082395,0.011597436844618319,3891257.85,10220.001123046875,0,18,3,2024,0,AZN.L
2024-03-19 00:00:00+00:00,10233.905589665012,10245.903134318782,10159.920730966769,10225.9072265625,1773910,0.0,0.0,-0.00602526634572409,0.01069971609417149,3860606.2,10221.2796875,0,19,3,2024,1,AZN.L
2024-03-20 00:00:00+00:00,10215.908870692518,10233.905186965023,10151.921968390274,10161.919921875,1102531,0.0,0.0,-0.0062573719152554386,0.010544108443238599,3836712.15,10224.457080078126,0,20,3,2024,2,AZN.L
2024-03-21 00:00:00+00:00,10163.918869644825,10443.861549509134,10163.918869644825,10425.865234375,1835813,0.0,0.0,0.02597396107519212,0.011855016714767573,3483950.4,10244.05302734375,0,21,3,2024,3,AZN.L
2024-03-22 00:00:00+00:00,10387.874291195621,10545.841965691185,10377.876337113625,10479.85546875,1243838,0.0,0.0,0.005178489570053957,0.011249604444354655,3300575.4,10257.150390625,0,22,3,2024,4,AZN.L
2024-03-25 00:00:00+00:00,10431.863881243085,10465.856920534083,10349.880668835385,10391.8720703125,1557853,0.0,0.0,-0.008395478229624276,0.011443586586216192,3113015.9,10264.14892578125,0,25,3,2024,0,AZN.L
2024-03-26 00:00:00+00:00,10365.878017241379,10437.86328125,10311.889069234914,10437.86328125,1745893,0.0,0.0,0.004425690638445001,0.011377277657727378,2862166.5,10269.747802734375,0,26,3,2024,1,AZN.L
2024-03-27 00:00:00+00:00,10457.858515348633,10745.799552864923,10451.859743733708,10739.80078125,2607662,0.0,0.0,0.028927136892316296,0.012450578731948794,2862323.7,10297.8419921875,0,27,3,2024,2,AZN.L
2024-03-28 00:00:00+00:00,10753.798488276128,10777.793576014938,10671.8152718352,10675.814453125,1759110,0.0,0.0,-0.005957869184753384,0.011524192499081985,2722381.15,10332.58486328125,0,28,3,2024,3,AZN.L
2024-04-02 00:00:00+01:00,10807.787923852438,10811.787105322874,10559.838672685426,10601.830078125,1901480,0.0,0.0,-0.0069300918749429785,0.011646985443044882,2680267.8,10358.7794921875,0,2,4,2024,1,AZN.L
2024-04-03 00:00:00+01:00,10517.847460974484,10589.832728768226,10415.480715615397,10559.8388671875,2136096,0.0,0.0,-0.0039607511748506186,0.01166358075410391,2682159.05,10384.57421875,0,3,4,2024,2,AZN.L
2024-04-04 00:00:00+01:00,10563.837527142907,10841.780630734213,10559.83834579627,10733.802734375,2019893,0.0,0.0,0.016474102434276494,0.012046262046957955,2709350.3,10415.767822265625,0,4,4,2024,3,AZN.L
2024-04-05 00:00:00+01:00,10583.833131400072,10649.819621733757,10537.842547228109,10617.826171875,2609662,0.0,0.0,-0.010804797271761424,0.012439859529393714,2742143.45,10439.762890625,0,5,4,2024,4,AZN.L
2024-04-08 00:00:00+01:00,10585.83360295417,10645.821326431433,10501.850790086004,10607.8291015625,1444515,0.0,0.0,-0.0009415364454713471,0.012351770314839604,2681909.8,10458.55908203125,0,8,4,2024,0,AZN.L
2024-04-09 00:00:00+01:00,10589.831367318826,10711.806388732432,10545.84037598933,10705.8076171875,1716381,0.0,0.0,0.009236434211649103,0.012382665038593416,2687373.05,10484.153759765624,0,9,4,2024,1,AZN.L
2024-04-10 00:00:00+01:00,10759.797571478697,10759.797571478697,10615.827040880951,10729.8037109375,1500522,0.0,0.0,0.002241409019108076,0.011207354952148071,2318506.2,10498.25087890625,0,10,4,2024,2,AZN.L
2024-04-11 00:00:00+01:00,10837.78180090882,11089.73023391888,10813.78671205072,10959.7568359375,2698526,0.0,0.0,0.02143125179126959,0.0120409494251098,2291108.65,10524.545556640625,0,11,4,2024,3,AZN.L
2024-04-12 00:00:00+01:00,10979.752135833276,11181.730316467243,10957.756638930314,11061.7353515625,2603424,0.0,0.0,0.009304815531181232,0.012134849977044478,2212118.3,10554.83935546875,0,12,4,2024,4,AZN.L
2024-04-15 00:00:00+01:00,11027.742912835063,11077.732681252268,10929.762966737346,11021.744140625,1392029,0.0,0.0,-0.0036152746080524434,0.012078754445349586,2139388.15,10585.9330078125,0,15,4,2024,0,AZN.L
2024-04-16 00:00:00+01:00,10879.772618760342,10963.755425227524,10819.784899855213,10875.7734375,1318970,0.0,0.0,-0.013243884204040546,0.012260880938369651,1942657.5,10615.12705078125,0,16,4,2024,1,AZN.L
2024-04-17 00:00:00+01:00,10847.779799271544,10945.75974584561,10799.789621357715,10859.77734375,2243525,0.0,0.0,-0.0014708005680630354,0.012278227339823892,1860581.65,10643.72119140625,0,17,4,2024,2,AZN.L
2024-04-18 00:00:00+01:00,10943.760053207176,11015.745319407699,10855.778061184315,10911.7666015625,2446630,0.0,0.0,0.004787322627974655,0.012106988238084196,1894217.65,10678.01416015625,0,18,4,2024,3,AZN.L
2024-04-19 00:00:00+01:00,10911.766314821054,10951.758128325986,10761.797014177553,10943.759765625,1407714,0.0,0.0,0.002931987571830774,0.01189693430099741,1909476.8,10717.10615234375,0,19,4,2024,4,AZN.L
2024-04-22 00:00:00+01:00,11031.7424359375,11303.686784548612,11001.748573958334,11247.6982421875,3448159,0.0,0.0,0.027772765765307517,0.012078960401594252,1990094.1,10758.197802734376,0,22,4,2024,0,AZN.L
2024-04-23 00:00:00+01:00,11247.697044104432,11359.674116899072,11217.703185320155,11265.693359375,3561073,0.0,0.0,0.0015998933115048963,0.012085054006960335,2105955.85,10797.489697265624,0,23,4,2024,1,AZN.L
2024-04-24 00:00:00+01:00,11285.689855724762,11409.664478519755,11285.689855724762,11349.6767578125,3596131,0.0,0.0,0.007454791796513094,0.011766267260123621,2207869.75,10845.379931640626,0,24,4,2024,2,AZN.L
2024-04-25 00:00:00+01:00,11887.56689282596,12093.52473806752,11787.587356300932,12023.5390625,4952967,0.0,0.0,0.059372819073781,0.017002122470013488,2368223.45,10924.663720703125,0,25,4,2024,3,AZN.L
2024-04-26 00:00:00+01:00,12067.52911195701,12141.513963181933,11879.567598034233,11985.5458984375,2360260,0.0,0.0,-0.003159898584352394,0.01634835861046222,2355853.35,10986.9509765625,0,26,4,2024,4,AZN.L
2024-04-29 00:00:00+01:00,12251.491988678892,12485.444096182635,12015.540290512725,12021.5390625,3704143,0.0,0.0,0.0030030475347135877,0.016135583917811933,2453105.0,11054.23720703125,0,29,4,2024,0,AZN.L
2024-04-30 00:00:00+01:00,11947.554173229979,12141.51446692091,11883.567272218539,12059.53125,2553342,0.0,0.0,0.0031603430561160106,0.015863020233928063,2485698.1,11127.122265625,0,30,4,2024,1,AZN.L
2024-05-01 00:00:00+01:00,12191.503876238958,12153.511654876233,12153.511654876233,12167.5087890625,264606,0.0,0.0,0.008953709462173443,0.015673131936566956,2392123.6,11207.50576171875,0,1,5,2024,2,AZN.L
2024-05-02 00:00:00+01:00,12111.521289158904,12255.491824542665,12045.53479377468,12153.5126953125,1961686,0.0,0.0,-0.0011502842523180012,0.015621076356357818,2389213.25,11278.491259765626,0,2,5,2024,3,AZN.L
2024-05-03 00:00:00+01:00,12089.524605160788,12175.506999805499,12007.541391662344,12047.533203125,1642783,0.0,0.0,-0.00872007088357063,0.01550716896221201,2340869.3,11349.976611328126,0,3,5,2024,4,AZN.L
2024-05-07 00:00:00+01:00,11963.550644573155,12159.510524761718,11963.550644573155,12115.51953125,2562233,0.0,0.0,0.005643174165095077,0.015411641905127357,2396755.2,11425.3611328125,0,7,5,2024,1,AZN.L
2024-05-08 00:00:00+01:00,12241.494327273931,12381.465676981408,12001.543442061113,12261.490234375,2091841,0.0,0.0,0.012048241327868192,0.015448043798253453,2415528.2,11503.145263671875,0,8,5,2024,2,AZN.L
2024-05-09 00:00:00+01:00,12265.48965851038,12385.465103490918,12187.50561927303,12329.4765625,1329957,0.0,0.0,0.005544703525057759,0.01541303920867266,2406999.95,11583.12890625,0,9,5,2024,3,AZN.L
2024-05-10 00:00:00+01:00,12347.471867579072,12439.45303452784,12255.490700630306,12367.4677734375,1408187,0.0,0.0,0.003081332021267702,0.015055962263353581,2342483.0,11653.514453125,0,10,5,2024,4,AZN.L
2024-05-13 00:00:00+01:00,12323.477855228375,12425.456983999533,12249.49299710028,12315.4794921875,4031899,0.0,0.0,-0.004203631834938659,0.015209904079884191,2413906.75,11716.20166015625,0,13,5,2024,0,AZN.L
2024-05-14 00:00:00+01:00,12321.477196954618,12403.460411020691,12217.498486431794,12243.4931640625,6023670,0.0,0.0,-0.0058451908568127875,0.015288131265000615,2645488.8,11777.289111328126,0,14,5,2024,1,AZN.L
2024-05-15 00:00:00+01:00,12237.49487168296,12317.478498295268,12129.516975756347,12169.5087890625,1473536,0.0,0.0,-0.006042750545829589,0.014906512322654343,2653217.1,11841.97587890625,0,15,5,2024,2,AZN.L
2024-05-16 00:00:00+01:00,12177.506899992808,12243.493390583903,12073.528187546235,12163.509765625,1649252,0.0,0.0,-0.0004929552656136593,0.01488320870303487,2623503.45,11907.1625,0,16,5,2024,3,AZN.L
2024-05-17 00:00:00+01:00,12183.50592969395,12253.491603014038,12065.530080382947,12107.521484375,1676789,0.0,0.0,-0.004602970880019153,0.015063428652834472,2585011.4,11966.950244140626,0,17,5,2024,4,AZN.L
2024-05-20 00:00:00+01:00,12087.525642031715,12153.512134370349,12011.541196308439,12093.5244140625,1582383,0.0,0.0,-0.0011560640491584673,0.015125111814008921,2593744.85,12024.4384765625,0,20,5,2024,0,AZN.L
2024-05-21 00:00:00+01:00,12147.51352133083,12437.45417328029,12063.530711800642,12361.4697265625,2178866,0.0,0.0,0.022156098034451288,0.014729198646230762,2530280.2,12080.12705078125,0,21,5,2024,1,AZN.L
2024-05-22 00:00:00+01:00,12355.471112396339,12437.45433227144,12252.673793325146,12357.470703125,1953010,0.0,0.0,-0.00032350711735407156,0.014757665560274982,2449877.05,12134.71591796875,0,22,5,2024,2,AZN.L
2024-05-23 00:00:00+01:00,12327.476085083441,12447.451521434617,12261.489595090294,12401.4609375,1440381,0.0,0.0,0.0035598089149324608,0.014745594488394272,2342089.55,12187.305126953124,0,23,5,2024,3,AZN.L
2024-05-24 00:00:00+01:00,12331.475621041649,12439.45351686397,12241.494041189715,12293.4833984375,919468,0.0,0.0,-0.00870684023492696,0.007499101678296635,2140414.6,12200.80234375,0,24,5,2024,4,AZN.L
2024-05-28 00:00:00+01:00,12223.497558918512,12263.48937164195,11985.546273214062,12025.5380859375,2196897,0.0,0.0,-0.021795719229104393,0.009057091741343153,2132246.45,12202.801953125,0,28,5,2024,1,AZN.L
2024-05-29 00:00:00+01:00,12049.533627147946,12091.525032088222,11876.810192183297,11927.55859375,2028914,0.0,0.0,-0.008147618134616064,0.009217601228757729,2048485.0,12198.1029296875,0,29,5,2024,2,AZN.L
2024-05-30 00:00:00+01:00,12105.521711384374,12185.505336831247,11855.572881862892,12025.5380859375,1694793,0.0,0.0,0.008214547127761929,0.00938669635365178,2005557.55,12196.403271484374,0,30,5,2024,3,AZN.L
2024-05-31 00:00:00+01:00,12033.537368616693,12211.500948843826,11951.554146264869,12187.505859375,4183291,0.0,0.0,0.013468650822943351,0.009666013083330604,2201491.8,12197.403125,0,31,5,2024,4,AZN.L
2024-06-03 00:00:00+01:00,12301.482227290215,12377.466675378158,12085.526427461324,12343.4736328125,2147969,0.0,0.0,0.012797349616658904,0.01006400374933883,2210805.95,12206.901171875,0,3,6,2024,0,AZN.L
2024-06-04 00:00:00+01:00,12331.475266295147,12467.447427493147,12319.477722660029,12401.4609375,1646266,0.0,0.0,0.004697810876620023,0.009839017340107281,2210980.1,12224.59755859375,0,4,6,2024,1,AZN.L
2024-06-05 00:00:00+01:00,12497.441751121065,12583.424150368777,12325.476952625639,12513.4384765625,1815206,0.0,0.0,0.0090293828789072,0.009942749570212966,2173628.75,12244.493505859375,0,5,6,2024,2,AZN.L
2024-06-06 00:00:00+01:00,12563.428739016581,12637.413597100875,12437.45452119738,12587.423828125,1326464,0.0,0.0,0.005912471755950444,0.009697102626388714,2135359.9,12260.790185546875,0,6,6,2024,3,AZN.L
2024-06-07 00:00:00+01:00,12623.41633995326,12701.400378802964,12471.447443733325,12553.4306640625,2907425,0.0,0.0,-0.002700565622216211,0.009684969333135722,2214233.3,12271.987890625,0,7,6,2024,4,AZN.L
2024-06-10 00:00:00+01:00,12547.43113296751,12629.414348338292,12477.445461309524,12597.4208984375,1555931,0.0,0.0,0.0035042400402094387,0.00969033934691219,2221620.5,12283.485546875,0,10,6,2024,0,AZN.L
2024-06-11 00:00:00+01:00,12627.41480644241,12693.401297117405,12339.473756224244,12373.466796875,1720592,0.0,0.0,-0.017777773987870615,0.010512011716250158,2106055.15,12286.384912109375,0,11,6,2024,1,AZN.L
2024-06-12 00:00:00+01:00,12473.44619521348,12561.085478569443,12297.482221956221,12463.4482421875,3288083,0.0,0.0,0.007272128885917883,0.010518453581382547,1969275.8,12297.382666015625,0,12,6,2024,2,AZN.L
2024-06-13 00:00:00+01:00,12463.44872243055,12509.439308122175,12326.838014872787,12389.4638671875,2266844,0.0,0.0,-0.005936108014599872,0.010514752132738883,2008941.2,12308.380419921876,0,13,6,2024,3,AZN.L
2024-06-14 00:00:00+01:00,12465.448049685252,12554.105680775814,12431.455008805457,12507.439453125,853710,0.0,0.0,0.009522251099980839,0.010679675883468536,1969164.1,12325.576904296875,0,14,6,2024,4,AZN.L
2024-06-17 00:00:00+01:00,12553.43084039065,12559.429612694119,12415.459077410887,12425.45703125,1122267,0.0,0.0,-0.006554692683682473,0.010746597563591424,1941438.0,12341.473681640626,0,17,6,2024,0,AZN.L
2024-06-18 00:00:00+01:00,12471.446133171159,12477.444904759986,12345.471929805795,12413.4580078125,1604675,0.0,0.0,-0.0009656806512083893,0.010744343309037759,1942552.6,12357.470361328125,0,18,6,2024,1,AZN.L
2024-06-19 00:00:00+01:00,12231.495334183803,12367.467490914962,12161.50966527806,12337.4736328125,943032,0.0,0.0,-0.006121128774285056,0.009670794474885218,1880760.9,12356.270556640626,0,19,6,2024,2,AZN.L
2024-06-20 00:00:00+01:00,12411.459616407385,12421.457570021374,12261.490312197531,12395.462890625,1559325,0.0,0.0,0.004700253839511559,0.009728457615082798,1861076.65,12358.170166015625,0,20,6,2024,3,AZN.L
2024-06-21 00:00:00+01:00,12429.455452714079,12523.436213054742,12315.478785917956,12469.447265625,6183289,0.0,0.0,0.005968665765274217,0.009786995890555242,2098222.05,12361.569482421875,0,21,6,2024,4,AZN.L
2024-06-24 00:00:00+01:00,12385.46470819893,12507.439740036214,12347.472485167644,12475.4462890625,2752680,0.0,0.0,0.00048109778322236174,0.009553887505205378,2189882.65,12370.667626953125,0,24,6,2024,0,AZN.L
2024-06-25 00:00:00+01:00,12473.446784736056,12571.426729021414,12395.46274744771,12547.431640625,3545029,0.0,0.0,0.005770162437043425,0.00798547100017978,2257289.25,12396.7623046875,0,25,6,2024,1,AZN.L
2024-06-26 00:00:00+01:00,12567.427799240653,12701.400378802964,12469.44785299359,12553.4306640625,1440176,0.0,0.0,0.0004781076804656337,0.007624422293880642,2227852.35,12428.055908203125,0,26,6,2024,2,AZN.L
2024-06-27 00:00:00+01:00,12509.438899253732,12629.414336267035,12325.4765625,12325.4765625,1001890,0.0,0.0,-0.01815870957212351,0.008791437434162849,2193207.2,12443.05283203125,0,27,6,2024,3,AZN.L
2024-06-28 00:00:00+01:00,12361.469065509671,12451.450642337226,12301.481347624636,12353.470703125,1225943,0.0,0.0,0.0022712420475627937,0.00831742256256295,2045339.8,12451.35107421875,0,28,6,2024,4,AZN.L
2024-07-01 00:00:00+01:00,12365.468344898001,12443.45237876783,12229.496183278812,12301.4814453125,1123384,0.0,0.0,-0.00420847380156486,0.00787408193321379,1994110.55,12449.25146484375,0,1,7,2024,0,AZN.L
2024-07-02 00:00:00+01:00,12277.486661348874,12375.466603760291,12039.535372635435,12083.5263671875,1577419,0.0,0.0,-0.01771779107207061,0.008700995670885855,1990668.2,12433.354736328125,0,2,7,2024,1,AZN.L
2024-07-03 00:00:00+01:00,12127.516541441348,12139.514084598584,11970.13373104546,12017.5390625,2172456,0.0,0.0,-0.005460931079414588,0.008396967954046966,2008530.7,12408.559765625,0,3,7,2024,2,AZN.L
2024-07-04 00:00:00+01:00,12059.53146570528,12179.506907247698,11943.555205547611,12103.5224609375,1130254,0.0,0.0,0.007154825791730213,0.008462810802188964,1998720.2,12384.364697265624,0,4,7,2024,3,AZN.L
2024-07-05 00:00:00+01:00,12163.5097103815,12235.494972517574,11981.546964426427,12053.5322265625,1079171,0.0,0.0,-0.004130221969375958,0.008475744004870247,1907307.5,12359.369775390625,0,5,7,2024,4,AZN.L
2024-07-08 00:00:00+01:00,12025.53843070201,12117.519602602957,11953.553165736052,12041.53515625,971467,0.0,0.0,-0.0009953157370801158,0.008381270092342647,1878084.3,12331.57548828125,0,8,7,2024,0,AZN.L
2024-07-09 00:00:00+01:00,12045.534380494391,12127.517599219535,11937.556482661274,11941.5556640625,1177058,0.0,0.0,-0.008302885877105703,0.007695330914697111,1850907.6,12309.979931640624,0,9,7,2024,1,AZN.L
2024-07-10 00:00:00+01:00,11969.550012483958,12075.5283203125,11869.570476796656,12075.5283203125,982633,0.0,0.0,0.011219028744569925,0.007983983546400786,1735635.1,12290.583935546874,0,10,7,2024,2,AZN.L
2024-07-11 00:00:00+01:00,12135.515659865703,12159.51074767562,12057.53162448347,12097.5234375,765771,0.0,0.0,0.0018214621012069276,0.007948005595113878,1660581.45,12275.9869140625,0,11,7,2024,3,AZN.L
2024-07-12 00:00:00+01:00,12151.511933816782,12301.481227059543,12023.538136916291,12257.490234375,1054328,0.0,0.0,0.013223102869066139,0.008247277203793774,1670612.35,12263.489453125,0,12,7,2024,4,AZN.L
2024-07-15 00:00:00+01:00,12205.501173424074,12281.485617164264,12087.525326564308,12101.5224609375,1097590,0.0,0.0,-0.012724282904187256,0.008575750168944438,1669378.5,12247.292724609375,0,15,7,2024,0,AZN.L
2024-07-16 00:00:00+01:00,12017.539811466942,12175.507472882231,11957.552091942149,12097.5234375,925600,0.0,0.0,-0.000330456225686393,0.008578170523728777,1635424.75,12231.49599609375,0,16,7,2024,1,AZN.L
2024-07-17 00:00:00+01:00,12097.523611692463,12249.492503343474,11921.559631886026,12241.494140625,1658263,0.0,0.0,0.011900841016659447,0.008977177256433174,1671186.3,12226.697021484375,0,17,7,2024,2,AZN.L
2024-07-18 00:00:00+01:00,12313.479673390339,12391.463711594663,12109.521419625185,12123.5185546875,891088,0.0,0.0,-0.009637351828318264,0.009123763831074822,1637774.45,12213.0998046875,0,18,7,2024,3,AZN.L
2024-07-19 00:00:00+01:00,12077.527781936644,12315.479074329103,12003.54292631882,12103.5224609375,985408,0.0,0.0,-0.0016493638921571963,0.008972256181064554,1377880.4,12194.803564453125,0,19,7,2024,4,AZN.L
2024-07-22 00:00:00+01:00,12231.495556879587,12353.470582050366,12191.503745348184,12257.490234375,1926468,0.0,0.0,0.012720906160533785,0.009512086588535305,1336569.8,12183.90576171875,0,22,7,2024,0,AZN.L
2024-07-23 00:00:00+01:00,12175.508314640587,12367.469030391201,12147.514043593621,12187.505859375,2173585,0.0,0.0,-0.005709519131717133,0.009438429950579176,1267997.6,12165.90947265625,0,23,7,2024,1,AZN.L
2024-07-24 00:00:00+01:00,12193.50368429671,12239.494268871786,12031.547582955842,12211.5,2043292,0.0,0.0,0.0019687490534860963,0.009460000186899117,1298153.4,12148.812939453124,0,24,7,2024,2,AZN.L
2024-07-25 00:00:00+01:00,12297.483116643345,12383.465518922316,11537.638631387334,12057.5322265625,2390645,0.0,0.0,-0.012608424308029331,0.009011332434496654,1367591.15,12135.41572265625,0,25,7,2024,3,AZN.L
2024-07-26 00:00:00+01:00,12113.519936306959,12329.475722560037,12105.52157385314,12177.5068359375,1499050,0.0,0.0,0.009950179449713437,0.00931906015045366,1381246.5,12126.617529296875,0,26,7,2024,4,AZN.L
2024-07-29 00:00:00+01:00,12131.516795706033,12503.44066648258,12131.516795706033,12361.4697265625,3333384,0.0,0.0,0.015106777857196496,0.009915454822868429,1491746.5,12129.616943359375,0,29,7,2024,0,AZN.L
2024-07-30 00:00:00+01:00,12209.500883244038,12333.475507345107,12027.698251989978,12199.5029296875,1485800,0.0,0.0,-0.01310255175620123,0.009520127801459655,1487165.55,12135.415771484375,0,30,7,2024,1,AZN.L
2024-07-31 00:00:00+01:00,12215.498484464697,12397.461221751699,12163.509130954126,12365.4677734375,1591105,0.0,0.0,0.01360423000072597,0.009838826360223233,1458098.0,12152.81220703125,0,31,7,2024,2,AZN.L
2024-08-01 00:00:00+01:00,12341.472870419397,12569.42619304218,12273.486791742427,12509.4384765625,1109028,0.0,0.0,0.011642964565745428,0.01002464486681329,1457036.7,12173.1080078125,0,1,8,2024,3,AZN.L
2024-08-02 00:00:00+01:00,12619.416489114543,12789.381692976804,12463.448419687997,12607.4189453125,1677158,0.0,0.0,0.007832523332967689,0.010015451269057942,1486936.05,12200.80234375,0,2,8,2024,4,AZN.L
2024-08-05 00:00:00+01:00,12567.427272040304,12589.422769254696,12257.490720382986,12455.4501953125,1549203,0.0,0.0,-0.01205391449742399,0.01050027671776721,1515822.85,12221.498095703126,0,5,8,2024,0,AZN.L
2024-08-06 00:00:00+01:00,12453.450134867626,12469.446859511001,12195.502949993199,12405.4599609375,2163688,0.0,0.0,-0.004013522882843179,0.010326646827223155,1565154.35,12244.693310546874,0,6,8,2024,1,AZN.L
2024-08-07 00:00:00+01:00,12427.455566021474,12701.399477935382,12409.459250640268,12687.40234375,1123581,0.0,0.0,0.02272728167277016,0.011157074430698497,1572201.75,12275.28701171875,0,7,8,2024,2,AZN.L
2024-08-08 00:00:00+01:00,12624.1877870605,12664.18204585049,12430.215631929046,12626.1875,993991,77.600006,0.0,-0.004824852408038871,0.011277726812465043,1583612.75,12301.72021484375,0,8,8,2024,3,AZN.L
2024-08-09 00:00:00+01:00,12664.181638933316,12722.173312315452,12596.19140117495,12698.1767578125,2052309,0.0,0.0,0.005701583143169708,0.0110131416261051,1633511.8,12323.754541015625,0,9,8,2024,4,AZN.L
2024-08-12 00:00:00+01:00,12688.178931007924,12842.1568313527,12636.186393229167,12778.166015625,1810288,0.0,0.0,0.006299271095221437,0.01049996429091469,1669146.7,12357.58671875,0,12,8,2024,0,AZN.L
2024-08-13 00:00:00+01:00,12894.148952689628,12946.141488789182,12784.164741709801,12918.1455078125,2096367,0.0,0.0,0.01095458393765858,0.010626682585038493,1727685.05,12398.617822265625,0,13,8,2024,1,AZN.L
2024-08-14 00:00:00+01:00,12912.146715383275,12988.135808644009,12802.162501453264,12900.1484375,844567,0.0,0.0,-0.0013931620681634227,0.010477779455620433,1687000.25,12431.550537109375,0,14,8,2024,2,AZN.L
2024-08-15 00:00:00+01:00,12978.137047188307,13216.102888269264,12964.139056536487,13164.1103515625,2418404,0.0,0.0,0.020461928429844845,0.010773570342884661,1763366.05,12483.580126953126,0,15,8,2024,3,AZN.L
2024-08-16 00:00:00+01:00,13134.115014899202,13216.103248092088,13042.128216682795,13044.1279296875,1246640,0.0,0.0,-0.009114358560566083,0.011110238084470337,1776427.65,12530.610400390626,0,16,8,2024,4,AZN.L
2024-08-19 00:00:00+01:00,12978.137000119732,13086.121499042145,12942.142167145594,13048.126953125,898295,0.0,0.0,0.0003065765269290033,0.0109313964243486,1725019.0,12570.142236328125,0,19,8,2024,0,AZN.L
2024-08-20 00:00:00+01:00,13048.126605492005,13118.588168608036,13032.128902374161,13100.119140625,1331981,0.0,0.0,0.003984647580973055,0.010729217409649213,1682938.8,12615.772900390624,0,20,8,2024,1,AZN.L
2024-08-21 00:00:00+01:00,13052.126037109374,13100.119146484374,12934.1429765625,12998.1337890625,2317682,0.0,0.0,-0.007785070537735139,0.011028201441667839,1696658.3,12655.10458984375,0,21,8,2024,2,AZN.L
2024-08-22 00:00:00+01:00,13108.11863336462,13186.107439878917,12988.135854111853,13016.1318359375,2721134,0.0,0.0,0.0013846639192269805,0.010399530767580344,1713182.75,12703.0345703125,0,22,8,2024,3,AZN.L
2024-08-23 00:00:00+01:00,13108.118166452376,13196.105534770286,13018.131085218149,13074.123046875,1821476,0.0,0.0,0.004455333709619147,0.01030295606468643,1729304.05,12747.865380859375,0,23,8,2024,4,AZN.L
2024-08-27 00:00:00+01:00,13146.112763504143,13236.099845091865,13048.126830219733,13156.111328125,1490247,0.0,0.0,0.006271034849224311,0.009967966347226085,1637147.2,12787.5974609375,0,27,8,2024,1,AZN.L
2024-08-28 00:00:00+01:00,13166.11006155303,13252.097718394887,13102.119247159091,13198.10546875,1040560,0.0,0.0,0.0031919873264696363,0.009204903551578185,1614885.2,12837.527587890625,0,28,8,2024,2,AZN.L
2024-08-29 00:00:00+01:00,13208.10391275355,13288.092430014736,13120.116543766244,13272.0947265625,1119836,0.0,0.0,0.005606051413037161,0.008934620460537846,1591321.75,12882.858935546876,0,29,8,2024,3,AZN.L
2024-08-30 00:00:00+01:00,13248.098171384143,13328.086688645331,13170.109367054485,13272.0947265625,4260741,0.0,0.0,0.0,0.008759325482617184,1748907.4,12920.991748046876,0,30,8,2024,4,AZN.L
2024-09-02 00:00:00+01:00,13292.092143335483,13370.080949351744,13190.106781621913,13274.0947265625,2234636,0.0,0.0,0.00015069211312934705,0.008704502546628199,1776781.3,12954.325537109375,0,2,9,2024,0,AZN.L
2024-09-03 00:00:00+01:00,13298.090653726782,13386.078020458208,13182.107306671722,13188.1064453125,909842,0.0,0.0,-0.006477901734265212,0.008289315074654852,1744813.25,12990.958349609375,0,3,9,2024,1,AZN.L
2024-09-04 00:00:00+01:00,12994.135104569887,13120.11702386627,12994.135104569887,13044.1279296875,1434930,0.0,0.0,-0.01091730008565217,0.008724441911198536,1708375.35,13022.891748046875,0,4,9,2024,2,AZN.L
2024-09-05 00:00:00+01:00,13024.130442116477,13072.123552911931,12538.2001953125,12538.2001953125,2305261,0.0,0.0,-0.0387858611248012,0.011604070513335,1767459.35,13015.431640625,0,5,9,2024,3,AZN.L
2024-09-06 00:00:00+01:00,12562.19691236413,12778.165913722825,12550.198634510869,12648.1845703125,1648823,0.0,0.0,0.00877194280572402,0.011736529495981194,1800200.95,13016.531494140625,0,6,9,2024,4,AZN.L
2024-09-09 00:00:00+01:00,12686.179225338265,12710.17578125,12466.210796147341,12710.17578125,1127367,0.0,0.0,0.004901194364526074,0.01171796516147406,1753953.85,13017.1314453125,0,9,9,2024,0,AZN.L
2024-09-10 00:00:00+01:00,12024.274256943465,12422.217143544454,11996.278274971535,12404.2197265625,3200262,0.0,0.0,-0.02407174062366979,0.012792749279067372,1823452.55,12998.434130859376,0,10,9,2024,1,AZN.L
2024-09-11 00:00:00+01:00,12262.239713880199,12350.2270829948,12124.25952140503,12306.2333984375,1865508,0.0,0.0,-0.007899435053957626,0.012525909879523275,1811909.6,12967.838525390625,0,11,9,2024,2,AZN.L
2024-09-12 00:00:00+01:00,12398.220273599585,12402.219699494293,12046.270794865144,12048.2705078125,2026175,0.0,0.0,-0.020961969619213705,0.013193885305628365,1870990.0,12925.24462890625,0,12,9,2024,3,AZN.L
2024-09-13 00:00:00+01:00,11910.290382267563,11946.326225263332,11710.31908639336,11926.2880859375,2101369,0.0,0.0,-0.010124475691004942,0.012011064436240698,1855138.25,12863.353515625,0,13,9,2024,4,AZN.L
2024-09-16 00:00:00+01:00,11998.277687042277,12058.269075477489,11964.28256692899,12014.275390625,1030524,0.0,0.0,0.007377593435064389,0.012266698095906536,1844332.45,12811.860888671876,0,16,9,2024,0,AZN.L
2024-09-17 00:00:00+01:00,12010.27591121898,12108.261845226592,11912.289977211365,11966.2822265625,2441405,0.0,0.0,-0.003994678205890834,0.012224278247899472,1921487.95,12757.76865234375,0,17,9,2024,1,AZN.L
2024-09-18 00:00:00+01:00,11926.28751462867,11948.284356121108,11826.301871481211,11854.2978515625,2676484,0.0,0.0,-0.00935832641080614,0.012115046707026683,1988713.1,12695.477587890626,0,18,9,2024,2,AZN.L
2024-09-19 00:00:00+01:00,11962.282517610629,12041.675415665708,11862.29687303013,11896.2919921875,2791079,0.0,0.0,0.003542524504685396,0.012237886082223239,2012382.95,12640.385498046875,0,19,9,2024,3,AZN.L
2024-09-20 00:00:00+01:00,11814.304404313456,11940.286323316797,11758.31244031197,11778.3095703125,3467671,0.0,0.0,-0.009917579524147624,0.012220227218476959,2049709.8,12578.494384765625,0,20,9,2024,4,AZN.L
2024-09-23 00:00:00+01:00,11678.323131582356,11736.314804667267,11514.346676652603,11582.3369140625,2430049,0.0,0.0,-0.016638436532858125,0.012279332659963988,2080138.45,12503.905078125,0,23,9,2024,0,AZN.L
2024-09-24 00:00:00+01:00,11590.336635214155,11620.332330439865,11500.349549537026,11520.3466796875,1455566,0.0,0.0,-0.005352135310425665,0.011940021240858687,2078404.4,12422.116845703125,0,24,9,2024,1,AZN.L
2024-09-25 00:00:00+01:00,11458.355058738976,11580.33754714789,11440.35764241635,11564.33984375,1823463,0.0,0.0,0.003818736127105371,0.01196772001988791,2117549.55,12340.428564453125,0,25,9,2024,2,AZN.L
2024-09-26 00:00:00+01:00,11742.313937180033,11754.312214363801,11572.338343743333,11718.3173828125,3984667,0.0,0.0,0.013314857669607383,0.012491378476285895,2260791.1,12262.739697265624,0,26,9,2024,3,AZN.L
2024-09-27 00:00:00+01:00,11684.322555057544,11728.575967497536,11596.335186852422,11652.3271484375,2998269,0.0,0.0,-0.00563137455824414,0.012409100521995765,2197667.5,12181.751318359375,0,27,9,2024,4,AZN.L
2024-09-30 00:00:00+01:00,11618.332321488286,11724.3171085862,11562.34035849316,11586.3369140625,2967198,0.0,0.0,-0.005663266533316391,0.012314995903839183,2234295.6,12097.363427734375,0,30,9,2024,0,AZN.L
2024-10-01 00:00:00+01:00,11658.32673132945,11798.306640625,11606.334193591103,11798.306640625,3219814,0.0,0.0,0.018294800861972993,0.013525214861427184,2349794.2,12027.8734375,0,1,10,2024,1,AZN.L
2024-10-02 00:00:00+01:00,11804.305253196677,12008.275969074377,11798.306114494391,11944.28515625,2128582,0.0,0.0,0.012372836210440052,0.014024461330622408,2384476.8,11972.881298828124,0,2,10,2024,2,AZN.L
2024-10-03 00:00:00+01:00,12032.273158342214,12080.266270491162,11920.28922999467,11962.283203125,1443950,0.0,0.0,0.001506833321505363,0.011471506449545359,2341411.25,11944.08544921875,0,3,10,2024,3,AZN.L
2024-10-04 00:00:00+01:00,11824.302800433155,11920.289023064779,11736.3154296875,11736.3154296875,1690859,0.0,0.0,-0.018890020374912053,0.011732751693568388,2343513.05,11898.4919921875,0,4,10,2024,4,AZN.L
2024-10-07 00:00:00+01:00,11766.310716553768,11844.299519739627,11693.03998599654,11808.3046875,1220093,0.0,0.0,0.006133889144662952,0.011783269761314651,2348149.35,11853.3984375,0,7,10,2024,0,AZN.L
2024-10-08 00:00:00+01:00,11728.31675680232,11768.311016842566,11674.324505747987,11676.32421875,2577470,0.0,0.0,-0.011176919315921019,0.010926186532822601,2317009.75,11817.003662109375,0,8,10,2024,1,AZN.L
2024-10-09 00:00:00+01:00,11722.317093399115,11798.306184076217,11680.323122235453,11754.3125,951043,0.0,0.0,0.006679180861110856,0.011064895497846079,2271286.5,11789.4076171875,0,9,10,2024,2,AZN.L
2024-10-10 00:00:00+01:00,11822.302795773152,11844.299637916843,11736.31514012054,11768.310546875,1446954,0.0,0.0,0.00119088605777673,0.010163492831742381,2242325.45,11775.409619140624,0,10,10,2024,3,AZN.L
2024-10-11 00:00:00+01:00,11776.309514029825,11808.304921097999,11714.318412835239,11762.3115234375,1628325,0.0,0.0,-0.0005097608032694767,0.009940389320949632,2218673.25,11767.210791015625,0,11,10,2024,4,AZN.L
2024-10-14 00:00:00+01:00,11802.306052200276,11936.286822362496,11788.187961337873,11934.287109375,1088620,0.0,0.0,0.014620900457773311,0.01037070305190985,2221578.05,11763.211376953124,0,14,10,2024,0,AZN.L
2024-10-15 00:00:00+01:00,12004.27643295095,12054.26925501055,11812.303996242088,11848.298828125,1722564,0.0,0.0,-0.007205146018521069,0.010455679130648094,2185636.0,11757.31220703125,0,15,10,2024,1,AZN.L
2024-10-16 00:00:00+01:00,11980.280441558289,12096.263794188966,11954.284172865207,12022.2744140625,1339651,0.0,0.0,0.01468359200432423,0.010754561881750531,2118794.35,11765.71103515625,0,16,10,2024,2,AZN.L
2024-10-17 00:00:00+01:00,11990.279006440243,12022.2744140625,11932.287330124906,12022.2744140625,1035884,0.0,0.0,0.0,0.010735455369951612,2031034.6,11772.01015625,0,17,10,2024,3,AZN.L
2024-10-18 00:00:00+01:00,11960.282859456094,12054.269365791897,11874.29520472334,11944.28515625,2385885,0.0,0.0,-0.006487063522795267,0.010585230257875876,1976945.3,11780.308935546875,0,18,10,2024,4,AZN.L
2024-10-21 00:00:00+01:00,11988.279476143389,12202.248767877723,11911.450658647293,11928.2880859375,1289770,0.0,0.0,-0.0013393074682355177,0.009784799583478283,1919931.35,11797.606494140626,0,21,10,2024,0,AZN.L
2024-10-22 00:00:00+01:00,11940.28567778574,11940.28567778574,11770.310081970669,11862.296875,853524,0.0,0.0,-0.00553232873502596,0.009791539137279722,1889829.25,11814.70400390625,0,22,10,2024,1,AZN.L
2024-10-23 00:00:00+01:00,11854.298716498985,11912.290393755813,11820.303595348432,11826.302734375,1186470,0.0,0.0,-0.0030343314624723394,0.009826307857744914,1857979.6,11827.8021484375,0,23,10,2024,2,AZN.L
2024-10-24 00:00:00+01:00,11850.29889859514,11868.296315079675,11693.680756010534,11694.3212890625,1620841,0.0,0.0,-0.011159992118997208,0.009757520264292968,1739788.3,11826.60234375,0,24,10,2024,3,AZN.L
2024-10-25 00:00:00+01:00,11688.321926360826,11714.318194118345,11558.340587573239,11604.333984375,1533742,0.0,0.0,-0.007694957446710782,0.009830203980500576,1666561.95,11824.202685546876,0,25,10,2024,4,AZN.L
2024-10-28 00:00:00+00:00,11602.334499363067,11636.329619406013,11473.911528070317,11626.3310546875,1022879,0.0,0.0,0.001895590935431457,0.009752504892696821,1569346.0,11826.202392578125,0,28,10,2024,0,AZN.L
2024-10-29 00:00:00+00:00,11674.324347784268,11712.318894308404,11532.3447265625,11532.3447265625,1678377,0.0,0.0,-0.008083919826720076,0.008927913430483794,1492274.15,11812.904296875,0,29,10,2024,1,AZN.L
2024-10-30 00:00:00+00:00,11484.351413131079,11538.34366250502,10896.435808837063,11204.3916015625,3359764,0.0,0.0,-0.02843767965456534,0.010251775307793008,1553833.25,11775.909619140624,0,30,10,2024,2,AZN.L
2024-10-31 00:00:00+00:00,11158.39810142524,11163.757683566635,10984.423077263235,11040.4150390625,2331962,0.0,0.0,-0.014635026008652963,0.010498942709969724,1598233.85,11729.8162109375,0,31,10,2024,3,AZN.L
2024-11-01 00:00:00+00:00,11066.411366188078,11112.404763626157,11000.420839429096,11020.41796875,3969980,0.0,0.0,-0.0018112607399040082,0.009897059430095901,1712189.9,11694.021337890625,0,1,11,2024,4,AZN.L
2024-11-04 00:00:00+00:00,11014.418771084269,11340.371977272856,10928.431115463967,11040.4150390625,2433650,0.0,0.0,0.0018145473582948934,0.009730799633120181,1772867.75,11655.62685546875,0,4,11,2024,0,AZN.L
2024-11-05 00:00:00+00:00,11042.415390331471,11050.414242479485,10008.563750200836,10112.548828125,4440784,0.0,0.0,-0.08404269292907762,0.020505867517474293,1866033.45,11577.4380859375,0,5,11,2024,1,AZN.L
2024-11-06 00:00:00+00:00,10328.517623006324,10378.51044789987,9867.583777487842,9920.576171875,7726112,0.0,0.0,-0.018983607348929232,0.020410546608153293,2204786.9,11485.75126953125,0,6,11,2024,2,AZN.L
2024-11-07 00:00:00+00:00,9889.580671694248,9898.579380221723,9668.612384519602,9723.6044921875,8032972,0.0,0.0,-0.01985486289051619,0.020441362924578307,2534087.8,11383.515966796875,0,7,11,2024,3,AZN.L
2024-11-08 00:00:00+00:00,9844.587280014579,10006.564035992882,9804.593019279197,9901.5791015625,4062390,0.0,0.0,0.018303357517060137,0.021282233863131064,2655791.05,11290.479345703125,0,8,11,2024,4,AZN.L
2024-11-11 00:00:00+00:00,9963.569277744742,10045.216733236986,9938.57286711317,9983.56640625,1983432,0.0,0.0,0.008280225188986412,0.020966938919827247,2700531.65,11192.943310546874,0,11,11,2024,0,AZN.L
2024-11-12 00:00:00+00:00,10288.523355386636,10288.523355386636,9744.601420952202,9988.56640625,3567212,0.0,0.0,0.0005008230322252061,0.02106577321956838,2792764.05,11099.956689453125,0,12,11,2024,1,AZN.L
2024-11-13 00:00:00+00:00,10236.53045269217,10306.52040499618,10074.553705931463,10142.5439453125,2832613,0.0,0.0,0.015415379224605674,0.021108352389397535,2867412.15,11005.970166015624,0,13,11,2024,2,AZN.L
2024-11-14 00:00:00+00:00,10146.543133850928,10302.520738194715,10092.550886193463,10290.5224609375,2533693,0.0,0.0,0.014589881633531476,0.021653343029039665,2942302.6,10919.382568359375,0,14,11,2024,3,AZN.L
2024-11-15 00:00:00+00:00,10112.548846133368,10146.543967822961,9941.419106428599,9976.568359375,3178704,0.0,0.0,-0.0305090536223267,0.022251317803638496,2981943.55,10820.996728515625,0,15,11,2024,4,AZN.L
2024-11-18 00:00:00+00:00,9918.576430912759,9943.57284328905,9842.58733728883,9913.5771484375,6304337,0.0,0.0,-0.006313915633957112,0.022192245215712305,3232671.9,10720.261181640624,0,18,11,2024,0,AZN.L
2024-11-19 00:00:00+00:00,9958.570707645402,10032.560088405016,9919.57630427209,10022.5615234375,5404738,0.0,0.0,0.010993445995139739,0.022630103695925847,3460232.6,10628.2744140625,0,19,11,2024,1,AZN.L
2024-11-20 00:00:00+00:00,10086.552258093841,10152.542786348618,9956.570914561704,9967.5693359375,1867220,0.0,0.0,-0.005486839603967675,0.022607624211872884,3494270.1,10535.337744140625,0,20,11,2024,2,AZN.L
2024-11-21 00:00:00+00:00,9865.58365506904,10086.551931928294,9864.885513109755,10060.5556640625,5454398,0.0,0.0,0.00932888701257828,0.022931247561846915,3685947.95,10453.649462890626,0,21,11,2024,3,AZN.L
2024-11-22 00:00:00+00:00,10182.53868283965,10546.486451943503,10138.54499646446,10472.4970703125,2868658,0.0,0.0,0.0409461882628912,0.025333638500047457,3752693.75,10397.0576171875,0,22,11,2024,4,AZN.L
2024-11-25 00:00:00+00:00,10482.49563539777,10544.48673892645,10402.507114715605,10472.4970703125,5509464,0.0,0.0,0.0,0.025310787996388005,3977023.0,10339.36591796875,0,25,11,2024,0,AZN.L
2024-11-26 00:00:00+00:00,10530.488399643777,10562.483806858798,10406.50619668557,10490.494140625,1993298,0.0,0.0,0.0017185080302879463,0.025340765069305358,3992769.05,10287.273388671874,0,26,11,2024,1,AZN.L
2024-11-27 00:00:00+00:00,10524.489142464632,10544.486271749192,10422.503783113369,10530.48828125,1962171,0.0,0.0,0.0038124172311502225,0.024750497971094798,3922889.4,10253.57822265625,0,27,11,2024,2,AZN.L
2024-11-28 00:00:00+00:00,10634.473464121791,10652.470880665058,10570.482649745729,10592.4794921875,1606465,0.0,0.0,0.005886831577209817,0.024659102566342267,3886614.55,10231.1814453125,0,28,11,2024,3,AZN.L
2024-11-29 00:00:00+00:00,10566.482879052017,10611.074132951664,10530.48804714003,10610.4765625,2380552,0.0,0.0,0.001699042261613437,0.024671287391920045,3807143.15,10210.684375,0,29,11,2024,4,AZN.L
2024-12-02 00:00:00+00:00,10594.47932396781,10644.472148259843,10414.505156516487,10552.4853515625,1931093,0.0,0.0,-0.005465467134855628,0.02467203886714041,3782015.3,10186.287890625,0,2,12,2024,0,AZN.L
2024-12-03 00:00:00+00:00,10582.480741716869,10802.449162274097,10560.483899661145,10788.451171875,2193680,0.0,0.0,0.02236116066037086,0.015982135675147693,3669660.1,10220.0830078125,0,3,12,2024,1,AZN.L
2024-12-04 00:00:00+00:00,10682.466819239027,10684.466532234017,10420.504416895277,10478.49609375,4060643,0.0,0.0,-0.028730266577378427,0.01682567733719184,3486386.65,10247.97900390625,0,4,12,2024,2,AZN.L
2024-12-05 00:00:00+00:00,10512.49051709803,10634.473001698178,10478.49539843897,10616.4755859375,3715214,0.0,0.0,0.013167871701531553,0.01608172636730089,3270498.75,10292.62255859375,0,5,12,2024,3,AZN.L
2024-12-06 00:00:00+00:00,10620.475296470222,10732.459219761944,10606.477306058758,10652.470703125,2351711,0.0,0.0,0.0033904959226938036,0.015751588986006055,3184964.8,10330.167138671875,0,6,12,2024,4,AZN.L
2024-12-09 00:00:00+00:00,10692.46501548338,10734.458986930014,10594.4790821079,10700.4638671875,2639783,0.0,0.0,0.004505355180035364,0.01571739692726442,3217782.35,10366.01201171875,0,9,12,2024,0,AZN.L
2024-12-10 00:00:00+00:00,10648.47140377515,10696.464514327376,10506.491785058148,10510.4912109375,1481524,0.0,0.0,-0.017753684196116226,0.016420562944674415,3113497.95,10392.108251953125,0,10,12,2024,1,AZN.L
2024-12-11 00:00:00+00:00,10492.493620743086,10584.480414445045,10438.501372265848,10536.4873046875,3058026,0.0,0.0,0.0024733471755296055,0.01614487736205477,3124768.6,10411.805419921875,0,11,12,2024,2,AZN.L
2024-12-12 00:00:00+00:00,10542.486842649982,10574.482250366673,10466.497749322838,10566.4833984375,1596780,0.0,0.0,0.0028468779852897086,0.01587537429961675,3077922.95,10425.603466796874,0,12,12,2024,3,AZN.L
2024-12-13 00:00:00+00:00,10544.48587156244,10552.484722972691,10433.92752836422,10466.4970703125,2015813,0.0,0.0,-0.00946259264835314,0.014261375222556051,3019778.4,10450.09990234375,0,13,12,2024,4,AZN.L
2024-12-16 00:00:00+00:00,10518.489832020856,10604.477486541178,10480.495287000249,10522.4892578125,1359168,0.0,0.0,0.005349658737192842,0.014119935838212673,2772519.95,10480.5455078125,0,16,12,2024,0,AZN.L
2024-12-17 00:00:00+00:00,10382.509696839901,10530.488456001332,10348.514576492003,10504.4921875,2365428,0.0,0.0,-0.001710343424597749,0.01403062587673234,2620554.45,10504.642041015624,0,17,12,2024,1,AZN.L
2024-12-18 00:00:00+00:00,10480.495995452267,10506.49226485522,10322.063653175208,10350.5146484375,3573076,0.0,0.0,-0.014658256326348429,0.01444716628079188,2705847.25,10523.789306640625,0,18,12,2024,2,AZN.L
2024-12-19 00:00:00+00:00,10274.524702722325,10306.52010856965,10164.031779105102,10242.529296875,1895911,0.0,0.0,-0.010432848532686334,0.01459352335193364,2527922.9,10532.88798828125,0,19,12,2024,3,AZN.L
2024-12-20 00:00:00+00:00,10220.533199125817,10278.571744717972,10082.553001368102,10254.5283203125,3840236,0.0,0.0,0.0011714902725403764,0.011171995329912159,2576501.8,10521.98955078125,0,20,12,2024,4,AZN.L
2024-12-23 00:00:00+00:00,10306.520271121186,10464.497589983928,10302.520845327193,10420.50390625,2737381,0.0,0.0,0.01618558950280824,0.01181530548499273,2437897.65,10519.389892578125,0,23,12,2024,0,AZN.L
2024-12-24 00:00:00+00:00,10476.495924189705,10496.493053268134,10434.501953125,10434.501953125,754282,0.0,0.0,0.0013433176553587778,0.011812426272878861,2375946.85,10516.590283203124,0,24,12,2024,1,AZN.L
2024-12-27 00:00:00+00:00,10452.49988441832,10458.4990234375,10358.51337311783,10458.4990234375,1126432,0.0,0.0,0.0022997810935587726,0.011790198558534774,2334159.9,10512.9908203125,0,27,12,2024,4,AZN.L
2024-12-30 00:00:00+00:00,10448.499829983546,10480.495236161487,10358.51275010809,10406.505859375,812636,0.0,0.0,-0.004971379157370781,0.011741344383016878,2294468.45,10503.692138671875,0,30,12,2024,0,AZN.L
2024-12-31 00:00:00+00:00,10332.516309190807,10468.496783165063,10317.942230071008,10466.4970703125,377953,0.0,0.0,0.005764779432037237,0.011822164076532034,2194338.5,10496.4931640625,0,31,12,2024,1,AZN.L
2025-01-02 00:00:00+00:00,10404.506753072083,10648.471739402046,10312.519954947671,10628.474609375,2588002,0.0,0.0,0.015475811818830731,0.01228824990774663,2227183.95,10500.292626953125,0,2,1,2025,3,AZN.L
2025-01-03 00:00:00+00:00,10654.47059361431,10784.451935315685,10526.488964862187,10592.4794921875,2879413,0.0,0.0,-0.003386668220080269,0.011167400556379397,2261470.6,10490.49404296875,0,3,1,2025,4,AZN.L
2025-01-06 00:00:00+00:00,10550.4858496896,10728.460307730233,10550.4858496896,10710.462890625,2451616,0.0,0.0,0.011138411787770641,0.009338567361644198,2181019.25,10502.0923828125,0,6,1,2025,0,AZN.L
2025-01-07 00:00:00+00:00,10596.47879757218,10712.462147309712,10524.489132217848,10666.46875,2763990,0.0,0.0,-0.004107585365288768,0.008958396656625742,2133458.05,10504.592041015625,0,7,1,2025,1,AZN.L
2025-01-08 00:00:00+00:00,10662.468975933374,10766.45404471592,10494.493095592337,10752.4560546875,1222394,0.0,0.0,0.008061459392312953,0.009103655247156948,2076992.2,10509.59130859375,0,8,1,2025,2,AZN.L
2025-01-09 00:00:00+00:00,10804.44897469825,10998.421129157945,10776.452993642211,10986.4228515625,2841197,0.0,0.0,0.021759381827280544,0.01024812937491052,2087062.9,10523.8892578125,0,9,1,2025,3,AZN.L
2025-01-10 00:00:00+00:00,10978.424115171416,11006.42009652158,10898.43559702809,10980.423828125,3061815,0.0,0.0,-0.0005460397363684644,0.009229908090975243,2166077.45,10547.385888671875,0,10,1,2025,4,AZN.L
2025-01-13 00:00:00+00:00,10898.435090628465,10934.42992212045,10792.45030901318,10820.4462890625,3953891,0.0,0.0,-0.014569340998726976,0.009963773716748283,2210870.7,10561.583837890625,0,13,1,2025,0,AZN.L
2025-01-14 00:00:00+00:00,10766.454806561618,10824.446483640051,10584.480923315497,10628.474609375,3903004,0.0,0.0,-0.01774156763585144,0.010829898956119905,2326181.9,10564.6833984375,0,14,1,2025,1,AZN.L
2025-01-15 00:00:00+00:00,10626.47455031168,10672.467947876068,10575.959340924075,10646.4716796875,1861443,0.0,0.0,0.0016932881691813506,0.010582466859431336,2318463.4,10573.68212890625,0,15,1,2025,2,AZN.L
2025-01-16 00:00:00+00:00,10726.460011008392,10842.443359375,10720.460872299775,10842.443359375,1140265,0.0,0.0,0.01840719494528842,0.011252615215223015,2307518.25,10589.679833984375,0,16,1,2025,3,AZN.L
2025-01-17 00:00:00+00:00,10948.427964721612,11120.403271564728,10908.433707316237,10936.4296875,2895289,0.0,0.0,0.008668371603134384,0.011332946760565097,2334011.3,10611.276708984375,0,17,1,2025,4,AZN.L
2025-01-20 00:00:00+00:00,10940.429935395243,10982.423908826664,10792.451171875,10792.451171875,1013433,0.0,0.0,-0.013165038293032949,0.011221255997025744,2206029.15,10633.37353515625,0,20,1,2025,0,AZN.L
2025-01-21 00:00:00+00:00,10830.445632012306,11050.4140625,10788.4516589192,11050.4140625,1327333,0.0,0.0,0.02390215962220421,0.011805736015269318,2177600.25,10673.7677734375,0,21,1,2025,1,AZN.L
2025-01-22 00:00:00+00:00,11008.41934602157,11096.406712274966,10946.428247070313,11038.4150390625,1999147,0.0,0.0,-0.0010858437855482128,0.011843613793788328,2085545.8,10712.962109375,0,22,1,2025,2,AZN.L
2025-01-23 00:00:00+00:00,11096.407577721857,11154.399255457292,11032.41676091034,11044.4150390625,3383647,0.0,0.0,0.0005435562966935592,0.011490851101057112,2117859.1,10744.157666015624,0,23,1,2025,3,AZN.L
2025-01-24 00:00:00+00:00,11104.406025169683,11136.401432409502,11020.418081165159,11048.4140625,1374874,0.0,0.0,0.00036208558111550104,0.011500271736270546,2148888.7,10774.853271484375,0,24,1,2025,4,AZN.L
2025-01-27 00:00:00+00:00,11068.411294408263,11212.390628319265,11026.417322017553,11178.3955078125,1228179,0.0,0.0,0.011764715241228796,0.01166672393587364,2153976.05,10810.848095703124,0,27,1,2025,0,AZN.L
2025-01-28 00:00:00+00:00,11192.393039041517,11286.37954481871,11132.401652375223,11168.396484375,6515272,0.0,0.0,-0.0008944954068329514,0.011547798377976844,2439107.85,10848.942626953125,0,28,1,2025,1,AZN.L
2025-01-29 00:00:00+00:00,11130.402049877026,11324.374202021845,11118.403772424768,11230.3876953125,1703695,0.0,0.0,0.005550591888838108,0.011545786429314125,2505394.95,10887.137158203124,0,29,1,2025,2,AZN.L
2025-01-30 00:00:00+00:00,11240.386311518087,11328.373679905704,11154.39865604837,11312.3759765625,3102211,0.0,0.0,0.007300574430232798,0.011243659051376339,2531105.4,10921.3322265625,0,30,1,2025,3,AZN.L
2025-01-31 00:00:00+00:00,11420.36087686084,11436.358580768192,11311.05332319163,11342.3720703125,2934215,0.0,0.0,0.0026516174685271565,0.011138551313972272,2533845.5,10958.82685546875,0,31,1,2025,4,AZN.L
2025-02-03 00:00:00+00:00,11246.385854081678,11348.37121655646,11226.388724184662,11274.3818359375,3214870,0.0,0.0,-0.005994357613515189,0.011177691504733574,2572008.2,10987.022802734375,0,3,2,2025,0,AZN.L
2025-02-04 00:00:00+00:00,11178.395464429397,11302.377668149365,10962.426464401065,11028.4169921875,1998421,0.0,0.0,-0.021816259847256436,0.01237644222395363,2533729.75,11005.12021484375,0,4,2,2025,1,AZN.L
2025-02-05 00:00:00+00:00,11032.416523128539,11158.39844101092,10940.429725944578,11124.4033203125,1977083,0.0,0.0,0.008703545412999558,0.01239451551084253,2571464.2,11023.717578125,0,5,2,2025,2,AZN.L
2025-02-06 00:00:00+00:00,11362.36915487655,11976.281039872518,11330.373747189462,11784.30859375,2998505,0.0,0.0,0.059320509553312695,0.017412104880605718,2579329.6,11063.611865234376,0,6,2,2025,3,AZN.L
2025-02-07 00:00:00+00:00,11598.3349609375,11682.322903758082,11498.349314722522,11598.3349609375,4539386,0.0,0.0,-0.015781463234180282,0.01793100789729068,2653208.15,11094.507421875,0,7,2,2025,4,AZN.L
2025-02-10 00:00:00+00:00,11582.337589605735,11798.306591621864,11524.34591313844,11716.318359375,1311552,0.0,0.0,0.010172442754486921,0.017511572617367792,2521091.2,11139.301025390625,0,10,2,2025,0,AZN.L
2025-02-11 00:00:00+00:00,11686.322847664316,11708.319690806737,11536.351206649852,11622.33203125,11271759,0.0,0.0,-0.008021831196640017,0.017000098295831968,2889528.95,11188.993896484375,0,11,2,2025,1,AZN.L
2025-02-12 00:00:00+00:00,11668.324614439025,11830.301357158745,11578.337535150293,11800.3056640625,4282148,0.0,0.0,0.015313074203521904,0.01714907753348946,3010564.2,11246.685595703126,0,12,2,2025,2,AZN.L
2025-02-13 00:00:00+00:00,12000.277750242916,12058.269427422894,11850.299274777457,11962.283203125,4659511,0.0,0.0,0.013726554521023893,0.0169919375904228,3186526.5,11302.677587890625,0,13,2,2025,3,AZN.L
2025-02-14 00:00:00+00:00,11842.299813362124,11906.29062626783,11676.323642387952,11706.3193359375,3001389,0.0,0.0,-0.02139757626877059,0.017958489440393976,3191831.5,11341.1720703125,0,14,2,2025,4,AZN.L
2025-02-17 00:00:00+00:00,11680.322953237046,11732.315488211221,11642.328408448226,11712.318359375,719403,0.0,0.0,0.0005124602588861826,0.017543792663846945,3177130.0,11387.1654296875,0,17,2,2025,0,AZN.L
2025-02-18 00:00:00+00:00,11762.311062826073,11842.299577364163,11681.360772325825,11786.3076171875,1256095,0.0,0.0,0.006317217099317984,0.01693675190449865,3173568.1,11423.960107421875,0,18,2,2025,1,AZN.L
2025-02-19 00:00:00+00:00,11806.305387047163,11834.301368656015,11686.322608723514,11702.3203125,1300004,0.0,0.0,-0.007125836811269437,0.01707353964803402,3138610.95,11457.15537109375,0,19,2,2025,2,AZN.L
2025-02-20 00:00:00+00:00,11480.0,11610.0,11442.0,11590.0,2955085,168.0,0.0,-0.009598123235442735,0.017301307378590362,3117182.85,11484.434619140626,0,20,2,2025,3,AZN.L
2025-02-21 00:00:00+00:00,11552.0,11778.0,11534.0,11708.0,2971779,0.0,0.0,0.010181190681622043,0.017375016247914363,3197028.1,11517.413916015625,0,21,2,2025,4,AZN.L
2025-02-24 00:00:00+00:00,11724.0,11840.0,11704.0,11772.0,1943083,0.0,0.0,0.005466347796378557,0.01726537284687298,3232773.3,11547.094140625,0,24,2,2025,0,AZN.L
2025-02-25 00:00:00+00:00,11800.0,11982.0,11798.0,11932.0,4093763,0.0,0.0,0.013591573224600806,0.017408608584652187,3111697.85,11585.27431640625,0,25,2,2025,1,AZN.L
2025-02-26 00:00:00+00:00,12134.0,12208.0,11881.880859375,11882.0,4016833,0.0,0.0,-0.004190412336573912,0.01748295837945354,3227354.75,11617.854931640624,0,26,2,2025,2,AZN.L
2025-02-27 00:00:00+00:00,11764.0,12048.0,11764.0,12018.0,4160614,0.0,0.0,0.011445884531223749,0.017561439373425698,3280274.9,11653.1361328125,0,27,2,2025,3,AZN.L
2025-02-28 00:00:00+00:00,11942.0,12066.0,11904.0,11968.0,4994802,0.0,0.0,-0.00416042602762523,0.017637993208244013,3383304.25,11684.417529296876,0,28,2,2025,4,AZN.L
2025-03-03 00:00:00+00:00,11970.0,12018.0,11866.0,11904.0,3298899,0.0,0.0,-0.005347593582887722,0.017621541759565876,3387505.7,11715.8984375,0,3,3,2025,0,AZN.L
2025-03-04 00:00:00+00:00,11916.0,12144.0,11904.0,12064.0,3693789,0.0,0.0,0.013440860215053752,0.016765169392427393,3472274.1,11767.677587890625,0,4,3,2025,1,AZN.L
2025-03-05 00:00:00+00:00,11988.0,12079.9931640625,11866.0400390625,12062.0,5463457,0.0,0.0,-0.00016578249336873796,0.01676900598026036,3646592.8,11814.557421875,0,5,3,2025,2,AZN.L
2025-03-06 00:00:00+00:00,12022.0,12056.0,11934.0,12028.0,2085930,0.0,0.0,-0.00281876968993533,0.01065944049969839,3600964.05,11826.7419921875,0,6,3,2025,3,AZN.L
2025-03-07 00:00:00+00:00,11968.0,12072.0,11914.0,12072.0,3117551,0.0,0.0,0.0036581310276022627,0.009900480730813444,3529872.3,11850.425244140624,0,7,3,2025,4,AZN.L
2025-03-10 00:00:00+00:00,11914.0,11944.0,11644.0,11842.0,2680025,0.0,0.0,-0.01905235255135851,0.01075810546544137,3598295.95,11856.709326171875,0,10,3,2025,0,AZN.L
2025-03-11 00:00:00+00:00,11794.0,11838.0,11468.0,11480.0,2003279,0.0,0.0,-0.030569160614761004,0.012711894734694704,3134871.95,11849.592724609374,0,11,3,2025,1,AZN.L
2025-03-12 00:00:00+00:00,11500.0,11676.0,11482.0,11650.0,2588248,0.0,0.0,0.014808362369338024,0.012679228749646486,3050176.95,11842.07744140625,0,12,3,2025,2,AZN.L
2025-03-13 00:00:00+00:00,11706.0,11898.0,11644.0,11882.0,2893497,0.0,0.0,0.019914163090128723,0.013114301766023254,2961876.25,11838.06328125,0,13,3,2025,3,AZN.L
2025-03-14 00:00:00+00:00,11860.0,12020.0,11854.0,11994.0,2288953,0.0,0.0,0.00942602255512548,0.012283688270598855,2926254.45,11852.447314453126,0,14,3,2025,4,AZN.L
2025-03-17 00:00:00+00:00,12090.0,12090.0,11782.0,11904.0,1670383,0.0,0.0,-0.007503751875937992,0.012440067632285931,2973803.45,11862.031396484375,0,17,3,2025,0,AZN.L
2025-03-18 00:00:00+00:00,11908.0,11978.0,11810.0,11846.0,1483611,0.0,0.0,-0.004872311827956999,0.012434560031614339,2985179.25,11865.016015625,0,18,3,2025,1,AZN.L
2025-03-19 00:00:00+00:00,11798.0,11910.0,11770.0,11784.0,1410679,0.0,0.0,-0.005233834205639054,0.01238196643876027,2990713.0,11869.1,0,19,3,2025,2,AZN.L
2025-03-20 00:00:00+00:00,11728.0,11876.0,11728.0,11808.0,1506768,0.0,0.0,0.0020366598778003286,0.012157752265017965,2918297.15,11880.0,0,20,3,2025,3,AZN.L
2025-03-21 00:00:00+00:00,11826.0,11828.0,11607.5361328125,11608.0,3858629,0.0,0.0,-0.01693766937669372,0.0125849755163601,2962639.65,11875.0,0,21,3,2025,4,AZN.L
2025-03-24 00:00:00+00:00,11608.0,11632.0,11334.0,11452.0,973505,0.0,0.0,-0.013439007580978601,0.01283242409179224,2914160.75,11859.0,0,24,3,2025,0,AZN.L
2025-03-25 00:00:00+00:00,11452.0,11576.0,11316.0,11316.0,2722505,0.0,0.0,-0.011875654907439803,0.012537282258935401,2845597.85,11828.2,0,25,3,2025,1,AZN.L
2025-03-26 00:00:00+00:00,11298.0,11348.0,11126.0,11232.0,1736077,0.0,0.0,-0.007423117709437932,0.012580013665775101,2731560.05,11795.7,0,26,3,2025,2,AZN.L
2025-03-27 00:00:00+00:00,11168.0,11244.0,11110.0,11196.0,1525128,0.0,0.0,-0.0032051282051281937,0.012129377051879926,2599785.75,11754.6,0,27,3,2025,3,AZN.L
2025-03-28 00:00:00+00:00,11226.0,11444.0,11226.0,11416.0,1392509,0.0,0.0,0.019649874955341096,0.0131805873047026,2419671.1,11727.0,0,28,3,2025,4,AZN.L
2025-03-31 00:00:00+01:00,11332.0,11366.0,11142.0,11254.0,1652602,0.0,0.0,-0.014190609670637677,0.013434934492461638,2337356.25,11694.5,0,31,3,2025,0,AZN.L
2025-04-01 00:00:00+01:00,11432.0,11486.0,11302.0,11366.0,1216768,0.0,0.0,0.00995201706060067,0.013235252397560526,2213505.2,11659.6,0,1,4,2025,1,AZN.L
2025-04-02 00:00:00+01:00,11304.0,11326.0,11056.0,11228.0,1425815,0.0,0.0,-0.012141474573288735,0.013375573914696865,2011623.1,11617.9,0,2,4,2025,2,AZN.L
2025-04-03 00:00:00+01:00,11212.0,11552.0,11200.0,11392.0,2026649,0.0,0.0,0.014606341289633118,0.013975711177765061,2008659.05,11586.1,0,3,4,2025,3,AZN.L
2025-04-04 00:00:00+01:00,11212.0,11342.0,10808.0,10808.0,2201554,0.0,0.0,-0.0512640449438202,0.01760253667577816,1962859.2,11522.9,0,4,4,2025,4,AZN.L
2025-04-07 00:00:00+01:00,10500.0,10500.0,9981.0,10056.0,6315153,0.0,0.0,-0.06957809030347895,0.022589468124566414,2144615.6,11433.6,0,7,4,2025,0,AZN.L
2025-04-08 00:00:00+01:00,10282.0,10470.0,10090.0,10374.0,3453705,0.0,0.0,0.031622911694510814,0.023563108823464938,2217136.9,11378.3,0,8,4,2025,1,AZN.L
2025-04-09 00:00:00+01:00,9934.0,10000.0,9573.5048828125,9667.0,3442448,0.0,0.0,-0.06815114709851555,0.026986219816363646,2259846.9,11279.15,0,9,4,2025,2,AZN.L
2025-04-10 00:00:00+01:00,10226.0,10353.4423828125,9957.0,10018.0,3712987,0.0,0.0,0.03630909278990391,0.028133168379721882,2300821.4,11185.95,0,10,4,2025,3,AZN.L
2025-04-11 00:00:00+01:00,10012.0,10068.0,9840.0,10008.0,5087944,0.0,0.0,-0.0009982032341784297,0.027886656845476684,2440770.95,11086.65,0,11,4,2025,4,AZN.L
2025-04-14 00:00:00+01:00,10190.0,10332.0,10120.0,10320.0,1379564,0.0,0.0,0.031175059952038398,0.02927560731763351,2426230.0,11007.45,0,14,4,2025,0,AZN.L
2025-04-15 00:00:00+01:00,10260.0,10336.0,10198.0,10280.0,3745275,0.0,0.0,-0.003875968992248069,0.029279724809494118,2539313.2,10929.15,0,15,4,2025,1,AZN.L
2025-04-16 00:00:00+01:00,10280.0,10322.0,10154.0,10254.0,1901968,0.0,0.0,-0.002529182879377423,0.02929284355318845,2563877.65,10852.65,0,16,4,2025,2,AZN.L
2025-04-17 00:00:00+01:00,10152.0,10202.0,10048.0,10124.0,3270915,0.0,0.0,-0.012677979325141364,0.02925156869592278,2652085.0,10768.45,0,17,4,2025,3,AZN.L
2025-04-22 00:00:00+01:00,10122.0,10158.0,9845.0,10140.0,2355704,0.0,0.0,0.00158040300276574,0.029221800077484608,2576938.75,10695.05,0,22,4,2025,1,AZN.L
2025-04-23 00:00:00+01:00,10262.0,10486.0,10226.0,10362.0,4199351,0.0,0.0,0.02189349112426031,0.029830618681655787,2738231.05,10640.55,0,23,4,2025,2,AZN.L
2025-04-24 00:00:00+01:00,10356.0,10450.0,10274.0,10444.0,4024887,0.0,0.0,0.007913530206523856,0.02990316339640804,2803350.15,10596.95,0,24,4,2025,3,AZN.L
2025-04-25 00:00:00+01:00,10470.0,10502.0,10332.0,10400.0,2801716,0.0,0.0,-0.004212945231712006,0.029889986253334177,2856632.1,10555.35,0,25,4,2025,4,AZN.L
2025-04-28 00:00:00+01:00,10416.0,10582.9345703125,10410.0,10526.0,3055606,0.0,0.0,0.012115384615384528,0.030091050038408916,2933156.0,10521.85,0,28,4,2025,0,AZN.L
2025-04-29 00:00:00+01:00,10050.0,10620.0,9974.0,10618.0,2494668,0.0,0.0,0.008740262207866278,0.02976281124963333,2988263.95,10481.95,0,29,4,2025,1,AZN.L
2025-04-30 00:00:00+01:00,10820.0,10892.0,10672.0,10728.0,3299755,0.0,0.0,0.010359766434356654,0.029791293606898795,3070621.6,10455.65,0,30,4,2025,2,AZN.L
2025-05-01 00:00:00+01:00,10766.0,10800.0,10440.0,10608.0,1222912,0.0,0.0,-0.01118568232662187,0.029721392417909543,3070928.8,10417.75,0,1,5,2025,3,AZN.L
2025-05-02 00:00:00+01:00,10656.0,10792.0,10599.181640625,10754.0,2168988,0.0,0.0,0.01376319758672695,0.029866828107744287,3108087.45,10394.05,0,2,5,2025,4,AZN.L
2025-05-06 00:00:00+01:00,10890.0,10902.0,10672.0,10700.0,2984243,0.0,0.0,-0.005021387390738319,0.029623621902418237,3155967.15,10359.45,0,6,5,2025,1,AZN.L
2025-05-07 00:00:00+01:00,10478.0,10554.0,10388.0,10504.0,3690976,0.0,0.0,-0.018317757009345792,0.027629947936318996,3230438.25,10344.25,0,7,5,2025,2,AZN.L
2025-05-08 00:00:00+01:00,10406.0,10438.0,10100.0,10134.0,2288161,0.0,0.0,-0.03522467631378523,0.023971393492660635,3029088.65,10348.15,0,8,5,2025,3,AZN.L
2025-05-09 00:00:00+01:00,10140.0,10328.0,10132.0,10240.0,2846412,0.0,0.0,0.010459838168541458,0.022979433583376067,2998724.0,10341.45,0,9,5,2025,4,AZN.L
2025-05-12 00:00:00+01:00,9743.0,10320.0,9651.0,10272.0,3037827,0.0,0.0,0.0031250000000000444,0.016544049432749196,2978492.95,10371.7,0,12,5,2025,0,AZN.L
2025-05-13 00:00:00+01:00,10354.0,10394.0,10162.0,10180.0,1527172,0.0,0.0,-0.008956386292834906,0.014773318441225316,2869202.2,10379.8,0,13,5,2025,1,AZN.L
2025-05-14 00:00:00+01:00,10164.0,10254.0,10008.0,10022.0,3888375,0.0,0.0,-0.015520628683693527,0.015221935845186446,2809223.75,10380.5,0,14,5,2025,2,AZN.L
2025-05-15 00:00:00+01:00,9946.0,10228.0,9932.0,10142.0,2520670,0.0,0.0,0.01197365795250449,0.013692886420987285,2866279.05,10371.6,0,15,5,2025,3,AZN.L
2025-05-16 00:00:00+01:00,10230.0,10376.0,10214.0,10330.0,2953993,0.0,0.0,0.018536777755866707,0.01432855009602449,2826714.95,10374.1,0,16,5,2025,4,AZN.L
