Date,Open,High,Low,Close,Volume,Dividends,Stock Splits,Returns,Volatility,Volume_MA,Price_MA,Hour,Day,Month,Year,DayOfWeek,Ticker
2020-05-18 00:00:00+01:00,113.93691156002187,116.0309521155194,111.41330101060545,114.90335845947266,21305000,0.0,0.0,,,,,0,18,5,2020,0,NWG.L
2020-05-19 00:00:00+01:00,117.5343724210986,118.33977910774179,111.30591534601233,114.52753448486328,32539226,0.0,0.0,-0.003270783201188454,,,,0,19,5,2020,1,NWG.L
2020-05-20 00:00:00+01:00,112.27246942259065,114.63494110107422,109.80250823453235,114.63494110107422,27131568,0.0,0.0,0.000937823525967385,,,,0,20,5,2020,2,NWG.L
2020-05-21 00:00:00+01:00,113.34628803538047,115.06449945554311,110.82267761230469,110.82267761230469,32756500,0.0,0.0,-0.033255684978354405,,,,0,21,5,2020,3,NWG.L
2020-05-22 00:00:00+01:00,110.01729323215754,115.01076619237404,108.35283014039983,111.84288787841797,25342694,0.0,0.0,0.009205789718258917,,,,0,22,5,2020,4,NWG.L
2020-05-26 00:00:00+01:00,115.8698012719034,121.34659977919615,114.03144108507709,120.86328125,34002617,0.0,0.0,0.08065236460442526,,,,0,26,5,2020,1,NWG.L
2020-05-27 00:00:00+01:00,122.79629224499764,133.9108246564532,122.05639559923843,129.02474975585938,95839926,0.0,0.0,0.06752645155295567,,,,0,27,5,2020,2,NWG.L
2020-05-28 00:00:00+01:00,131.6019784714092,132.7907000871235,125.05134272957939,126.76954650878906,36001652,0.0,0.0,-0.017478842247999782,,,,0,28,5,2020,3,NWG.L
2020-05-29 00:00:00+01:00,124.6218830788555,126.55268491503459,118.28603515591381,118.50082397460938,49666180,0.0,0.0,-0.0652264109314804,,,,0,29,5,2020,4,NWG.L
2020-06-01 00:00:00+01:00,121.66869350297124,125.22426891075801,120.75589618834607,123.87012481689453,17442976,0.0,0.0,0.045310240572129734,,,,0,1,6,2020,0,NWG.L
2020-06-02 00:00:00+01:00,124.99768921409607,130.95761566973823,123.27948548804531,129.45419311523438,40979705,0.0,0.0,0.04508002479689299,,,,0,2,6,2020,1,NWG.L
2020-06-03 00:00:00+01:00,132.03146741239664,134.984663366077,130.17376821009725,134.76986694335938,31986847,0.0,0.0,0.04106219891535856,,,,0,3,6,2020,2,NWG.L
2020-06-04 00:00:00+01:00,134.0718371638386,136.8638859069904,131.42477636338737,136.05848693847656,24255194,0.0,0.0,0.009561632910558338,,,,0,4,6,2020,3,NWG.L
2020-06-05 00:00:00+01:00,138.52836718223165,149.64289877479598,136.74035475879188,147.4951171875,57153286,0.0,0.0,0.08405672079974624,,,,0,5,6,2020,4,NWG.L
2020-06-08 00:00:00+01:00,146.3138735931102,151.86795145611822,146.09909240280965,150.71673583984375,62060504,0.0,0.0,0.02184220544906812,,,,0,8,6,2020,0,NWG.L
2020-06-09 00:00:00+01:00,150.3945581931994,151.5221442969682,139.28011779801813,141.05197143554688,34302378,0.0,0.0,-0.06412535642071593,,,,0,9,6,2020,1,NWG.L
2020-06-10 00:00:00+01:00,142.28699056092262,147.60253727436256,137.61558978084926,138.25994873046875,23591080,0.0,0.0,-0.019794283459227846,,,,0,10,6,2020,2,NWG.L
2020-06-11 00:00:00+01:00,133.159054404026,134.17923459777353,126.1789321899414,126.1789321899414,30825241,0.0,0.0,-0.08737900347467009,,,,0,11,6,2020,3,NWG.L
2020-06-12 00:00:00+01:00,123.49428286351348,130.3133573031681,121.5076405733464,127.46756744384766,29200916,0.0,0.0,0.010212760811499244,,,,0,12,6,2020,4,NWG.L
2020-06-15 00:00:00+01:00,122.04462780628266,130.90497641323486,123.36217113553039,126.9843521118164,18581983,0.0,0.0,-0.0037908884724274783,,36248273.65,127.20985488891601,0,15,6,2020,0,NWG.L
2020-06-16 00:00:00+01:00,131.6556540023806,137.02495628112413,129.4026726429629,133.74969482421875,39591832,0.0,0.0,0.0532769794064476,0.04801726172192218,37162615.25,128.15217170715331,0,16,6,2020,1,NWG.L
2020-06-17 00:00:00+01:00,134.5550808485775,136.81016171948627,130.1533139257624,131.87042236328125,16810918,0.0,0.0,-0.014050667281202744,0.048219022999181495,36376199.85,129.01931610107422,0,17,6,2020,2,NWG.L
2020-06-18 00:00:00+01:00,130.4744031739845,133.7496794703476,128.38036259253292,131.54824829101562,16364669,0.0,0.0,-0.0024431109455165245,0.04825166883626568,35837854.9,129.8649814605713,0,18,6,2020,3,NWG.L
2020-06-19 00:00:00+01:00,133.21279654122674,134.2866416097546,129.83003850711617,130.68917846679688,48195391,0.0,0.0,-0.006530454303871003,0.047411406732296976,36609799.45,130.8583065032959,0,19,6,2020,4,NWG.L
2020-06-22 00:00:00+01:00,128.21932275298235,131.16921680665016,127.6823545464163,129.4005584716797,31883872,0.0,0.0,-0.009860188963117356,0.04760570671485835,36936858.35,131.73619003295897,0,22,6,2020,0,NWG.L
2020-06-23 00:00:00+01:00,130.04481838536654,135.52151034317112,129.18576972697983,132.6758270263672,17791020,0.0,0.0,0.025311085155821145,0.04470468619950202,36126278.5,132.32681732177736,0,23,6,2020,1,NWG.L
2020-06-24 00:00:00+01:00,131.172405763366,134.55507250633855,128.11192601506974,128.54139709472656,21198269,0.0,0.0,-0.031161893046417366,0.042923916562774424,32394195.65,132.3026496887207,0,24,6,2020,2,NWG.L
2020-06-25 00:00:00+01:00,127.6823522934574,130.0985646336599,124.56812390027658,129.07838439941406,21328204,0.0,0.0,0.004177543708286935,0.0427140050247874,31660523.25,132.41809158325196,0,25,6,2020,3,NWG.L
2020-06-26 00:00:00+01:00,130.42075412713828,132.62207880859253,126.82330602042502,127.2527847290039,16302748,0.0,0.0,-0.01414334149675367,0.03993337871628393,29992351.65,132.85568962097167,0,26,6,2020,4,NWG.L
2020-06-29 00:00:00+01:00,126.23269292262356,130.79659572515942,125.42728622755891,130.1522216796875,14679267,0.0,0.0,0.022784860518834327,0.0390240678716842,29854166.2,133.16979446411133,0,29,6,2020,0,NWG.L
2020-06-30 00:00:00+01:00,130.52806141935656,132.08522519113134,128.0045495729178,130.58180236816406,17207345,0.0,0.0,0.0033006020406918246,0.03776230365932019,28665548.2,133.2261749267578,0,30,6,2020,1,NWG.L
2020-07-01 00:00:00+01:00,130.79658251806507,131.81677792269952,127.03798788973056,128.27296447753906,12023466,0.0,0.0,-0.017681161147672264,0.03676301152518353,27667379.15,132.9013298034668,0,1,7,2020,2,NWG.L
2020-07-02 00:00:00+01:00,130.474406462243,135.55373233672785,128.91943377760478,134.23289489746094,25207085,0.0,0.0,0.04646287270429039,0.03825991660638446,27714973.7,132.810050201416,0,2,7,2020,3,NWG.L
2020-07-03 00:00:00+01:00,134.76987043957152,135.2530977375851,129.88379564811342,130.85025024414062,7976864,0.0,0.0,-0.025199818985534694,0.033079120185275736,25256152.6,131.97780685424806,0,3,7,2020,4,NWG.L
2020-07-06 00:00:00+01:00,134.1792308022235,137.34711623959504,132.89060459564587,134.3402862548828,19326578,0.0,0.0,0.026671985756469452,0.03330562303281675,23119456.3,131.158984375,0,6,7,2020,0,NWG.L
2020-07-07 00:00:00+01:00,132.9442755272219,133.80553053920053,130.4744133076889,130.79660034179688,9379119,0.0,0.0,-0.026378430565218047,0.030763073685228508,21873293.35,130.6462158203125,0,7,7,2020,1,NWG.L
2020-07-08 00:00:00+01:00,128.9173624140837,131.22607797691575,128.86360624653182,129.5079803466797,12410893,0.0,0.0,-0.009852090893415988,0.030562366614974128,21314284.0,130.20861740112304,0,8,7,2020,2,NWG.L
2020-07-09 00:00:00+01:00,130.25961132315157,130.85022913229554,126.39371748555799,126.76954650878906,11603677,0.0,0.0,-0.021144904202506365,0.02374479515666223,20353205.8,130.23814811706544,0,9,7,2020,3,NWG.L
2020-07-10 00:00:00+01:00,125.64194897529563,131.92404680444642,125.05133122050904,130.47438049316406,18861414,0.0,0.0,0.029224952572644458,0.02452203669588762,19836230.7,130.38848876953125,0,10,7,2020,4,NWG.L
2020-07-13 00:00:00+01:00,133.32010237984707,134.01811083788718,129.96435159156823,131.60198974609375,10864360,0.0,0.0,0.0086423805858864,0.024539808603579277,19450349.55,130.6193706512451,0,13,7,2020,0,NWG.L
2020-07-14 00:00:00+01:00,127.46757888176104,130.85024593364568,127.36018067115403,130.2059783935547,10985222,0.0,0.0,-0.01060782861438836,0.021492222686807404,18020019.05,130.44218482971192,0,14,7,2020,1,NWG.L
2020-07-15 00:00:00+01:00,130.2059496914549,131.70935693866497,127.41390114001881,130.47438049316406,16822303,0.0,0.0,0.002061365406725857,0.021283130427783774,18020588.3,130.37238273620605,0,15,7,2020,2,NWG.L
2020-07-16 00:00:00+01:00,130.3670085037671,131.7093757198965,128.66385271050606,130.95762634277344,10022857,0.0,0.0,0.003703760445405546,0.021295210557621406,17703497.7,130.34285163879395,0,16,7,2020,3,NWG.L
2020-07-17 00:00:00+01:00,131.06503770593665,131.54826502698967,127.95081647930701,129.5079803466797,17537532,0.0,0.0,-0.011069580570278403,0.021392316852698618,16170604.75,130.28379173278807,0,17,7,2020,4,NWG.L
2020-07-20 00:00:00+01:00,128.16557388595203,129.99116829660466,127.25277668062574,128.27296447753906,7239180,0.0,0.0,-0.009536214415780453,0.02138476848352779,14938370.15,130.22741203308107,0,20,7,2020,0,NWG.L
2020-07-21 00:00:00+01:00,129.50797065556293,133.05166277051825,128.59516574119846,130.31336975097656,14287042,0.0,0.0,0.015906744509633475,0.020891498898692965,14763171.25,130.10928916931152,0,21,7,2020,1,NWG.L
2020-07-22 00:00:00+01:00,129.45419572174134,132.1925948523349,128.51458133135003,129.8300323486328,11480779,0.0,0.0,-0.003709039243382173,0.019649079300164365,14277296.75,130.17372093200683,0,22,7,2020,2,NWG.L
2020-07-23 00:00:00+01:00,129.72274931208148,129.72274931208148,124.35334857357988,125.53468322753906,11787217,0.0,0.0,-0.033084403072160096,0.021018881383249866,13800247.4,129.99653587341308,0,23,7,2020,3,NWG.L
2020-07-24 00:00:00+01:00,123.49427795410156,126.23267711131054,122.7962695566188,123.49427795410156,22619853,0.0,0.0,-0.01625371746658366,0.021092540698122487,14116102.65,129.80861053466796,0,24,7,2020,4,NWG.L
2020-07-27 00:00:00+01:00,123.33324618370071,123.33324618370071,120.11161958580546,120.32640838623047,13486875,0.0,0.0,-0.025651954247212005,0.02096339529357855,14056483.05,129.31731986999512,0,27,7,2020,0,NWG.L
2020-07-28 00:00:00+01:00,120.86328693543213,124.03125631686729,120.54119882693023,122.74263000488281,9824266,0.0,0.0,0.020080559629907846,0.02158528918721567,13687329.1,128.92536125183105,0,28,7,2020,1,NWG.L
2020-07-29 00:00:00+01:00,124.0312661890421,124.56813553590189,119.73580169677734,119.73580169677734,11497127,0.0,0.0,-0.024497017116105857,0.021883175655871806,13661012.15,128.49850311279297,0,29,7,2020,2,NWG.L
2020-07-30 00:00:00+01:00,120.05787852830503,120.70223732125211,112.0576671014234,113.77577209472656,23682473,0.0,0.0,-0.04977650391604793,0.020946354950715253,13584781.55,127.47564697265625,0,30,7,2020,3,NWG.L
2020-07-31 00:00:00+01:00,116.99739923670056,117.8844671718084,111.46704977417996,113.82952117919922,24629969,0.0,0.0,0.0004724123904684685,0.02062247971008339,14417436.8,126.62461051940917,0,31,7,2020,4,NWG.L
2020-08-03 00:00:00+01:00,112.91673093465222,120.00423688203512,111.19851931862597,119.25257873535156,28136653,0.0,0.0,0.04764192539837664,0.022825986603083024,14857940.55,125.87022514343262,0,3,8,2020,0,NWG.L
2020-08-04 00:00:00+01:00,120.43380177965132,123.37512176228317,118.66184940290523,120.7558822631836,24056991,0.0,0.0,0.01260604629077422,0.022630138073041536,15591834.15,125.36818923950196,0,4,8,2020,1,NWG.L
2020-08-05 00:00:00+01:00,121.88346462631964,122.15190305985651,118.60819621289018,120.21900939941406,14207444,0.0,0.0,-0.004445935499849507,0.022585559549348367,15681661.7,124.90374069213867,0,5,8,2020,2,NWG.L
2020-08-06 00:00:00+01:00,118.71559387993629,120.48744729551609,117.58800030969219,120.1652603149414,13514976,0.0,0.0,-0.00044709305742218763,0.02220411856325685,15777226.65,124.57352638244629,0,6,8,2020,3,NWG.L
2020-08-07 00:00:00+01:00,119.5210059167966,120.27266399248778,117.31957483193388,118.76924133300781,9495188,0.0,0.0,-0.011617492262528839,0.02098349625577963,15308915.35,123.98826942443847,0,7,8,2020,4,NWG.L
2020-08-10 00:00:00+01:00,120.54119731102341,122.79627811319354,119.789440312621,122.52783966064453,10202496,0.0,0.0,0.03164622662780414,0.022327987342665726,15275822.15,123.53456192016601,0,10,8,2020,0,NWG.L
2020-08-11 00:00:00+01:00,123.11846584294315,129.2394335544377,122.63523855704278,128.16558837890625,23148589,0.0,0.0,0.04601198171677656,0.024808200616160417,15883990.5,123.43254241943359,0,11,8,2020,1,NWG.L
2020-08-12 00:00:00+01:00,128.91735303590946,131.0650281715284,127.45471522764494,128.16558837890625,14305269,0.0,0.0,0.0,0.024801289394315643,15758138.8,123.31710281372071,0,12,8,2020,2,NWG.L
2020-08-13 00:00:00+01:00,126.7695445064089,128.00452865378443,122.84990978985391,123.22583770751953,13720055,0.0,0.0,-0.03854194198198457,0.026176252081093122,15942998.7,122.93051338195801,0,13,8,2020,3,NWG.L
2020-08-14 00:00:00+01:00,125.48092591774027,125.48092591774027,118.71559998756437,124.29969024658203,12492679,0.0,0.0,0.00871450792334083,0.02621763384339033,15690756.05,122.67009887695312,0,14,8,2020,4,NWG.L
2020-08-17 00:00:00+01:00,123.65532447579045,125.88258379849344,122.09825975682564,122.20565795898438,8219045,0.0,0.0,-0.016846641238152493,0.026382722581927937,15739749.3,122.36673355102539,0,17,8,2020,0,NWG.L
2020-08-18 00:00:00+01:00,121.02442443935252,123.81646582867627,119.89683839310193,120.32640838623047,8515700,0.0,0.0,-0.015377762405932471,0.026186261839349186,15451182.2,121.86738548278808,0,18,8,2020,1,NWG.L
2020-08-19 00:00:00+01:00,120.43379931858597,123.65531921386719,119.68204236634979,123.65531921386719,7658090,0.0,0.0,0.027665671005083103,0.027106391717171687,15260047.75,121.5586498260498,0,19,8,2020,2,NWG.L
2020-08-20 00:00:00+01:00,120.80963998665253,121.93393953768714,119.68205389982212,119.84319305419922,8584558,0.0,0.0,-0.030828646789344605,0.02697499138077012,15099914.8,121.27407531738281,0,20,8,2020,3,NWG.L
2020-08-21 00:00:00+01:00,119.95058541502866,120.64860150351642,117.69541320826683,120.11162567138672,8663324,0.0,0.0,0.0022398653636181987,0.026775906988332782,14402088.35,121.10494270324708,0,21,8,2020,4,NWG.L
2020-08-24 00:00:00+01:00,121.0780609960924,121.8298255673699,117.69540191102553,121.72242736816406,9082673,0.0,0.0,0.013410872492762183,0.02630730522048967,14181878.25,121.17474365234375,0,24,8,2020,0,NWG.L
2020-08-25 00:00:00+01:00,122.52784574222846,124.40708998094053,120.11162567138672,120.11162567138672,9710543,0.0,0.0,-0.013233401038785453,0.02608301515292432,14176192.1,121.04319343566894,0,25,8,2020,1,NWG.L
2020-08-26 00:00:00+01:00,120.32640571602859,123.33324344677314,119.5779428784102,122.15190887451172,7025479,0.0,0.0,0.016986558892367443,0.02574327921021911,13952609.7,121.16399879455567,0,26,8,2020,2,NWG.L
2020-08-27 00:00:00+01:00,121.82983108882632,122.58039367418141,120.11272270541944,120.32640838623047,10282931,0.0,0.0,-0.01494451052874346,0.023152862716816054,13282632.6,121.49153060913086,0,27,8,2020,3,NWG.L
2020-08-28 00:00:00+01:00,120.48745426632942,122.95731621837422,119.46725883316034,121.1318130493164,12150963,0.0,0.0,0.006693498741362713,0.02315812002726424,12658682.3,121.85664520263671,0,28,8,2020,4,NWG.L
2020-09-01 00:00:00+01:00,119.68205537504608,120.02038598086213,113.99056650962287,114.58118438720703,18677889,0.0,0.0,-0.054078515768953395,0.02407441753553488,12185744.1,121.62307548522949,0,1,9,2020,1,NWG.L
2020-09-02 00:00:00+01:00,115.22555523844137,117.15854810168625,112.648294818466,112.97047424316406,15664077,0.0,0.0,-0.014057370349741305,0.02397744297518621,11766098.4,121.23380508422852,0,2,9,2020,2,NWG.L
2020-09-03 00:00:00+01:00,113.56107523952316,117.10478211343668,112.43348926339594,112.75566864013672,15735907,0.0,0.0,-0.0019014313648447745,0.02397641084701653,11842521.55,120.86063804626465,0,3,9,2020,3,NWG.L
2020-09-04 00:00:00+01:00,112.21869885456458,118.28601602862695,112.03292591808588,115.76250457763672,15730623,0.0,0.0,0.026666827253682523,0.024873670816209174,11953303.9,120.64050025939942,0,4,9,2020,4,NWG.L
2020-09-07 00:00:00+01:00,115.54772998184396,116.51308141217486,113.23671710705788,114.52753448486328,10260659,0.0,0.0,-0.010668135570142234,0.024854384995045158,11991577.45,120.42841491699218,0,7,9,2020,0,NWG.L
2020-09-08 00:00:00+01:00,115.60139299586616,116.86209915637684,110.82270087845485,112.00393676757812,14971496,0.0,0.0,-0.022034855885408877,0.023966664442021557,12230027.45,119.90221977233887,0,8,9,2020,1,NWG.L
2020-09-09 00:00:00+01:00,111.73548734689786,112.59453603693592,109.69509645555894,111.52069854736328,12880323,0.0,0.0,-0.004314475313645594,0.020856818007742133,11716614.15,119.06997528076172,0,9,9,2020,2,NWG.L
2020-09-10 00:00:00+01:00,110.82268249713496,113.45369123507419,110.60789369760039,111.52069854736328,14916998,0.0,0.0,0.0,0.020856818007742133,11747200.6,118.23773078918457,0,10,9,2020,3,NWG.L
2020-09-11 00:00:00+01:00,110.76904289833206,112.48714792405482,109.69509887695312,109.69509887695312,9451433,0.0,0.0,-0.01637005232382771,0.019629661742653175,11533769.5,117.56119384765626,0,11,9,2020,4,NWG.L
2020-09-14 00:00:00+01:00,111.14487660730347,111.55181365337565,109.23980413547561,110.33946990966797,16940856,0.0,0.0,0.0058742007556567,0.01953056794587689,11756178.35,116.86318283081054,0,14,9,2020,0,NWG.L
2020-09-15 00:00:00+01:00,109.80250064639456,111.09112700576677,108.88969574685909,109.10448455810547,23524544,0.0,0.0,-0.011192598193316972,0.01940208006930925,12521453.3,116.2081241607666,0,15,9,2020,1,NWG.L
2020-09-16 00:00:00+01:00,108.8896917597742,110.71529388427734,107.92324484879786,110.71529388427734,28662667,0.0,0.0,0.01476391490868556,0.01975959290531524,13528801.65,115.72756843566894,0,16,9,2020,2,NWG.L
2020-09-17 00:00:00+01:00,110.01728556486408,110.17842471585885,107.12861085403064,107.44002532958984,18967102,0.0,0.0,-0.029582801434017814,0.01907073047731874,14094252.25,114.91680374145508,0,17,9,2020,3,NWG.L
2020-09-18 00:00:00+01:00,107.08564198389674,107.65482132036236,103.82113800086174,104.03592681884766,26323923,0.0,0.0,-0.0316837091232951,0.019128237855393138,14981220.5,114.1264404296875,0,18,9,2020,4,NWG.L
2020-09-21 00:00:00+01:00,103.62778400011595,103.64932906831847,97.22762064670424,100.2129135131836,24240409,0.0,0.0,-0.03674704904893933,0.0201121170544632,15760074.75,113.13150482177734,0,21,9,2020,0,NWG.L
2020-09-22 00:00:00+01:00,100.5995080629477,105.73906394239465,97.54969432142207,103.58480072021484,28931458,0.0,0.0,0.0336472325653685,0.02173313357671377,16752514.0,112.22462348937988,0,22,9,2020,1,NWG.L
2020-09-23 00:00:00+01:00,105.56078224651539,108.5138639587826,103.73518010093544,105.41040802001953,25163846,0.0,0.0,0.017624277761905338,0.022412473281580587,17525179.15,111.48956260681152,0,23,9,2020,2,NWG.L
2020-09-24 00:00:00+01:00,103.92852343398128,109.48040249884218,103.09090572629536,106.59163665771484,22994613,0.0,0.0,0.011205996256754558,0.022132352132945426,18323635.85,110.71154899597168,0,24,9,2020,3,NWG.L
2020-09-25 00:00:00+01:00,107.65481849838122,108.78240460726437,106.37685815845565,106.97824096679688,18106364,0.0,0.0,0.003626966628943684,0.022151419051350485,18714807.5,110.044140625,0,25,9,2020,4,NWG.L
2020-09-28 00:00:00+01:00,108.99709086569476,115.6013768474292,108.08439250014519,115.22554779052734,22780947,0.0,0.0,0.07709331121167162,0.02880605432675148,19246306.7,109.74882736206055,0,28,9,2020,0,NWG.L
2020-09-29 00:00:00+01:00,114.90334898677192,114.90334898677192,112.11130782248858,112.48713684082031,22081279,0.0,0.0,-0.023765657896331227,0.026643915597129395,19416476.2,109.64412498474121,0,29,9,2020,1,NWG.L
2020-09-30 00:00:00+01:00,111.25226121746672,115.60137498703632,110.56711742501675,113.88317108154297,13878282,0.0,0.0,0.012410612270256083,0.02659711644797737,19327186.45,109.68975982666015,0,30,9,2020,2,NWG.L
2020-10-01 00:00:00+01:00,114.74231447369988,115.70337507503316,111.84287496940594,115.4403305053711,27207853,0.0,0.0,0.013673305801374047,0.02674353802319891,19900783.75,109.82399291992188,0,1,10,2020,3,NWG.L
2020-10-02 00:00:00+01:00,114.68857548488425,118.07124250904313,113.72212853633752,117.9638442993164,16815380,0.0,0.0,0.021859897515001503,0.026526282760506923,19955021.6,109.93405990600586,0,2,10,2020,4,NWG.L
2020-10-05 00:00:00+01:00,120.11161849699182,121.07806538590357,117.158536886239,119.0914306640625,27104184,0.0,0.0,0.009558745490567455,0.026432552225163542,20797197.85,110.16225471496583,0,5,10,2020,0,NWG.L
2020-10-06 00:00:00+01:00,119.46726295094716,124.08490652308134,118.39341782979764,123.92386627197266,33191045,0.0,0.0,0.04057752586365071,0.027100294580268195,21708175.3,110.75825119018555,0,6,10,2020,1,NWG.L
2020-10-07 00:00:00+01:00,122.68887990900949,124.89031105927722,122.52783966064453,122.52783966064453,12416578,0.0,0.0,-0.011265195747397816,0.027275606920196024,21684988.05,111.30860824584961,0,7,10,2020,2,NWG.L
2020-10-08 00:00:00+01:00,122.4740979798077,124.94396011347527,121.74926466706877,122.42045593261719,20727727,0.0,0.0,-0.0008764026879504172,0.027284875647884427,21975524.5,111.85359611511231,0,8,10,2020,3,NWG.L
2020-10-09 00:00:00+01:00,122.2056564086173,124.13864904536075,121.5612900270037,121.9908676147461,13765593,0.0,0.0,-0.003509122022119837,0.026903065689567143,22191232.5,112.46838455200195,0,9,10,2020,4,NWG.L
2020-10-12 00:00:00+01:00,123.81646483357316,124.30078759427026,121.29285430908203,121.29285430908203,14969757,0.0,0.0,-0.005721848850755218,0.027023001387239346,22092677.55,113.01605377197265,0,12,10,2020,0,NWG.L
2020-10-13 00:00:00+01:00,121.8834724307563,121.9124958880191,116.78260932647146,116.9437484741211,15306927,0.0,0.0,-0.03585624115892616,0.02833578110574278,21681796.7,113.40801696777343,0,13,10,2020,1,NWG.L
2020-10-14 00:00:00+01:00,116.62156831482848,120.1652755966499,115.97720948717627,119.03778839111328,19570683,0.0,0.0,0.01790638614133,0.028408095042172038,21227197.5,113.82414169311524,0,14,10,2020,2,NWG.L
2020-10-15 00:00:00+01:00,118.01758224619157,119.145168250444,115.7635057495384,118.60820007324219,12883173,0.0,0.0,-0.003608839879145176,0.02736620777803539,20923001.05,114.38255043029785,0,15,10,2020,3,NWG.L
2020-10-16 00:00:00+01:00,119.84318930245288,121.61504285789648,118.3934162449151,121.50764465332031,18910644,0.0,0.0,0.024445565975098393,0.0262274137447086,20552337.1,115.25613632202149,0,16,10,2020,4,NWG.L
2020-10-19 00:00:00+01:00,121.66867598005527,123.54792760226557,121.02441613110891,123.49427795410156,12123215,0.0,0.0,0.016349862648143754,0.024043843557737525,19946477.4,116.42020454406739,0,19,10,2020,0,NWG.L
2020-10-20 00:00:00+01:00,123.54795377075752,125.31990647195423,121.34662120799955,123.97753143310547,14731827,0.0,0.0,0.003913164941808267,0.02346710383729139,19236495.85,117.43984107971191,0,20,10,2020,1,NWG.L
2020-10-21 00:00:00+01:00,125.26613359489949,126.76954861315284,123.71016443937003,124.89030456542969,17488038,0.0,0.0,0.007362407702211193,0.023387156389704844,18852705.45,118.41383590698243,0,21,10,2020,2,NWG.L
2020-10-22 00:00:00+01:00,124.2459359972982,128.16557077143648,123.27948916599058,127.8433837890625,19891799,0.0,0.0,0.02364538411455075,0.023619631646712262,18697564.75,119.4764232635498,0,22,10,2020,3,NWG.L
2020-10-23 00:00:00+01:00,128.75620147904095,133.42749476679282,128.11193395784204,131.87042236328125,16643018,0.0,0.0,0.031499780863617044,0.024079454973445352,18624397.45,120.72103233337403,0,23,10,2020,4,NWG.L
2020-10-26 00:00:00+00:00,129.88378201530696,135.68266113725454,128.2558209303578,131.0650177001953,17855376,0.0,0.0,-0.006107545942843684,0.018579797331833084,18378118.9,121.51300582885742,0,26,10,2020,0,NWG.L
2020-10-27 00:00:00+00:00,131.9240317057241,133.37380435916347,127.92393849632427,128.43397521972656,14076048,0.0,0.0,-0.02007433048601215,0.018277902113074875,17977857.35,122.31034774780274,0,27,10,2020,1,NWG.L
2020-10-28 00:00:00+00:00,125.74936910203559,127.20452852926792,122.41935504528458,123.87012481689453,17247218,0.0,0.0,-0.0355346036360249,0.020512169498400675,18146304.15,122.80969543457032,0,28,10,2020,2,NWG.L
2020-10-29 00:00:00+00:00,123.92387158667681,127.8434003607915,123.52002327524075,125.80311584472656,14790402,0.0,0.0,0.01560498167487423,0.02056255890336729,17525431.6,123.32783470153808,0,29,10,2020,3,NWG.L
2020-10-30 00:00:00+00:00,128.86358745923795,134.12549842602053,127.68125625437307,133.37384033203125,32095471,0.0,0.0,0.060179149272017396,0.02379550081797932,18289436.15,124.09833450317383,0,30,10,2020,4,NWG.L
2020-11-02 00:00:00+00:00,133.4275052801878,133.4275052801878,126.93070822400072,128.9173583984375,17493827,0.0,0.0,-0.033413463408562216,0.025384615698355945,17808918.3,124.58963088989258,0,2,11,2020,0,NWG.L
2020-11-03 00:00:00+00:00,129.93742180981255,138.5283492458959,129.1040872873348,138.3135528564453,28187703,0.0,0.0,0.0728854094959619,0.028636071132333556,17558751.2,125.30911521911621,0,3,11,2020,1,NWG.L
2020-11-04 00:00:00+00:00,134.17923774610148,137.83035059216655,132.0089222146198,135.3068389892578,18672640,0.0,0.0,-0.021738389370332678,0.02905895573081756,17871554.3,125.94806518554688,0,4,11,2020,2,NWG.L
2020-11-05 00:00:00+00:00,135.57526410614327,136.7564997349566,131.81677603959756,134.5014190673828,13787334,0.0,0.0,-0.005952544068662635,0.029138421582574993,17524534.65,126.55211334228515,0,5,11,2020,3,NWG.L
2020-11-06 00:00:00+00:00,136.1121226035618,137.23972377293674,133.61543598949913,134.07183837890625,27064089,0.0,0.0,-0.0031938747669372214,0.02913359642035661,18189459.45,127.15616188049316,0,6,11,2020,4,NWG.L
2020-11-09 00:00:00+00:00,135.57526663989822,153.13294374678375,134.23288423914968,147.9246826171875,40649594,0.0,0.0,0.10332404184039845,0.03631472359380669,19473451.3,128.48775329589844,0,9,11,2020,0,NWG.L
2020-11-10 00:00:00+00:00,148.46166456768327,154.74377133898318,145.83065567987197,152.11276245117188,58045380,0.0,0.0,0.028312244852487956,0.03479898605960289,21610373.95,130.24620399475097,0,10,11,2020,1,NWG.L
2020-11-11 00:00:00+00:00,152.27378961561533,158.28746501114028,151.57578119336094,156.78404235839844,25233157,0.0,0.0,0.03070932268898896,0.03499589159415702,21893497.65,132.13351669311524,0,11,11,2020,2,NWG.L
2020-11-12 00:00:00+00:00,154.045748398739,155.4417652322518,150.23350410823798,154.42156982421875,22020661,0.0,0.0,-0.015068322634386622,0.03539828296432548,22350372.05,133.92418518066407,0,12,11,2020,3,NWG.L
2020-11-13 00:00:00+00:00,152.4349472793311,161.24056570160982,151.90654535620493,158.39486694335938,18420726,0.0,0.0,0.025730195099450848,0.035419665783236916,22325876.15,135.768546295166,0,13,11,2020,4,NWG.L
2020-11-16 00:00:00+00:00,159.84454376416517,164.56959354841499,159.36133167743898,164.3011474609375,25451205,0.0,0.0,0.03728833283271826,0.035802592307894315,22992275.65,137.80888977050782,0,16,11,2020,0,NWG.L
2020-11-17 00:00:00+00:00,163.1735482242046,168.22067813340246,161.93857155412144,166.82464599609375,27090964,0.0,0.0,0.015358983026921402,0.035707928409414204,23610232.5,139.95124549865722,0,17,11,2020,1,NWG.L
2020-11-18 00:00:00+00:00,165.9119357801552,169.61668294047536,164.83799943855973,169.4556427001953,18278575,0.0,0.0,0.015771031242968636,0.03565603038847661,23649759.35,142.1795124053955,0,18,11,2020,2,NWG.L
2020-11-19 00:00:00+00:00,166.5025884740271,169.34828757901934,164.93795379366244,167.95225524902344,13517784,0.0,0.0,-0.008871864207152469,0.036026648890659346,23331058.6,144.18495597839356,0,19,11,2020,3,NWG.L
2020-11-20 00:00:00+00:00,168.65022781492723,170.20739123880796,167.0394147468902,167.20054626464844,8726045,0.0,0.0,-0.004475730220236951,0.03602265506287004,22935209.95,145.95146217346192,0,20,11,2020,4,NWG.L
2020-11-23 00:00:00+00:00,168.86501203324326,171.10831579926702,167.8985728643393,169.77781677246094,20244165,0.0,0.0,0.015414246935133491,0.03575686682009394,23054649.4,147.8871021270752,0,23,11,2020,0,NWG.L
2020-11-24 00:00:00+00:00,167.95222187397002,178.90562103294965,167.95222187397002,178.42239379882812,24334960,0.0,0.0,0.050916999586305245,0.03576039964625836,23567595.0,150.38652305603028,0,24,11,2020,1,NWG.L
2020-11-25 00:00:00+00:00,180.89226616790154,181.6440307878696,170.07309701518153,175.52296447753906,24304953,0.0,0.0,-0.016250366669545824,0.03450260535068259,23920481.75,152.9691650390625,0,25,11,2020,2,NWG.L
2020-11-26 00:00:00+00:00,174.8787337879425,174.9323682320168,166.36727464542014,171.97927856445312,12801574,0.0,0.0,-0.020189300719903325,0.03555266524385829,23821040.35,155.27797317504883,0,26,11,2020,3,NWG.L
2020-11-27 00:00:00+00:00,169.67044493674305,174.12695721845395,168.70400557438865,172.51614379882812,23912824,0.0,0.0,0.0031216855824511835,0.034109389538677,23411908.0,157.23508834838867,0,27,11,2020,4,NWG.L
2020-11-30 00:00:00+00:00,172.83833204756456,175.41558484773816,166.01934814453125,166.01934814453125,24445573,0.0,0.0,-0.037659059095784264,0.034428336879958936,23759495.3,159.09018783569337,0,30,11,2020,0,NWG.L
2020-12-01 00:00:00+00:00,166.66360007488876,177.61699952605565,166.66360007488876,176.9189910888672,18762081,0.0,0.0,0.06565284749128786,0.0338014880455419,23288214.2,161.02045974731445,0,1,12,2020,1,NWG.L
2020-12-02 00:00:00+00:00,175.3619280842788,178.69085412384518,171.0127152598671,178.26136779785156,16269440,0.0,0.0,0.007587521841055933,0.03284179567193043,23168054.2,163.16818618774414,0,2,12,2020,2,NWG.L
2020-12-03 00:00:00+00:00,178.5835394650608,183.84545022044622,175.84514024174828,182.6104736328125,18030807,0.0,0.0,0.024397354786892533,0.032552944688893866,23380227.85,165.57363891601562,0,3,12,2020,3,NWG.L
2020-12-04 00:00:00+00:00,181.64403913759045,186.1176991822803,180.51645301757904,183.30850219726562,21042235,0.0,0.0,0.0038225001587626206,0.03237372653323098,23079135.15,168.03547210693358,0,4,12,2020,4,NWG.L
2020-12-07 00:00:00+00:00,182.61047868940517,184.3383443619174,175.89879476194955,178.95936584472656,22307064,0.0,0.0,-0.023725775402707594,0.026278701181827277,22162008.65,169.58720626831055,0,7,12,2020,0,NWG.L
2020-12-08 00:00:00+00:00,177.50960983685005,180.73122119784065,176.31122634252947,179.22781372070312,15034867,0.0,0.0,0.0015000493252166347,0.02597165959315083,20011483.0,170.9429588317871,0,8,12,2020,1,NWG.L
2020-12-09 00:00:00+00:00,178.69086724250445,181.2682266355479,178.0251611060247,180.19427490234375,13376784,0.0,0.0,0.005392361607148288,0.02544651792056484,19418664.35,172.11347045898438,0,9,12,2020,2,NWG.L
2020-12-10 00:00:00+00:00,180.140605868856,180.58415124957594,169.0260746667645,172.99945068359375,23201218,0.0,0.0,-0.039928151006180634,0.027146313394820293,19477692.2,173.04236450195313,0,10,12,2020,3,NWG.L
2020-12-11 00:00:00+00:00,173.21415228515912,174.1269572070314,159.95192996807313,161.45535278320312,30949806,0.0,0.0,-0.06672910147850197,0.031188918886175393,20104146.2,173.1953887939453,0,11,12,2020,4,NWG.L
2020-12-14 00:00:00+00:00,164.83799993763236,174.8787007088944,164.68872123372353,169.50938415527344,25506013,0.0,0.0,0.049883953880953014,0.032066145823512145,20106886.6,173.4558006286621,0,14,12,2020,0,NWG.L
2020-12-15 00:00:00+00:00,171.01272573046393,173.2141571044922,167.03945584280882,173.2141571044922,18794194,0.0,0.0,0.02185585752482666,0.03224050682089183,19692048.1,173.77527618408203,0,15,12,2020,1,NWG.L
2020-12-16 00:00:00+00:00,172.46245571624956,178.95934238759054,172.46245571624956,173.5363006591797,37230281,0.0,0.0,0.0018597992223763349,0.03208596428817373,20639633.4,173.97930908203125,0,16,12,2020,2,NWG.L
2020-12-17 00:00:00+00:00,175.36191911284422,178.79823557741312,173.80475548086616,174.77130126953125,21170760,0.0,0.0,0.007116670147170323,0.03200834225956113,21022282.2,174.32026138305665,0,17,12,2020,3,NWG.L
2020-12-18 00:00:00+00:00,173.10673676716502,174.12802765841732,168.54283453819528,168.972412109375,27520612,0.0,0.0,-0.033179870596793504,0.03296576455620297,21962010.55,174.40885467529296,0,18,12,2020,4,NWG.L
2020-12-21 00:00:00+00:00,163.11989979267213,174.1280448638338,157.21362983387098,164.78436279296875,20772881,0.0,0.0,-0.024785402919473953,0.033267547792294086,21988446.35,174.15918197631837,0,21,12,2020,0,NWG.L
2020-12-22 00:00:00+00:00,164.24737487843674,172.67726205362703,164.1937252314294,170.63687133789062,17100201,0.0,0.0,0.03551616455424744,0.032163299177668504,21626708.4,173.7699058532715,0,22,12,2020,1,NWG.L
2020-12-23 00:00:00+00:00,171.8181212843233,180.4627903550783,169.61669015099233,179.22781372070312,21247959,0.0,0.0,0.05034634258970283,0.03397782627426181,21473858.7,173.95514831542968,0,23,12,2020,2,NWG.L
2020-12-24 00:00:00+00:00,182.7715968544861,186.5300848032658,181.42922973632812,181.42922973632812,11189444,0.0,0.0,0.012282781170647628,0.03365651060469403,21393252.2,174.42764587402343,0,24,12,2020,3,NWG.L
2020-12-29 00:00:00+00:00,182.8789153705557,184.22128262980715,174.77130560947967,175.4155731201172,16855647,0.0,0.0,-0.03314601856024313,0.03462498681746719,21040393.35,174.5726173400879,0,29,12,2020,1,NWG.L
2020-12-30 00:00:00+00:00,173.9658929995076,180.83861685641972,173.9658929995076,177.77813720703125,10016256,0.0,0.0,0.013468382794589617,0.033456907512977294,20318927.5,175.1605567932129,0,30,12,2020,2,NWG.L
2020-12-31 00:00:00+00:00,173.9658934586862,180.52829839341254,173.9658934586862,180.033203125,6783322,0.0,0.0,0.01268472014273958,0.03026001233497294,19719989.55,175.31626739501954,0,31,12,2020,3,NWG.L
2021-01-04 00:00:00+00:00,182.39570071566465,182.39570071566465,169.2408840950576,170.52951049804688,24018499,0.0,0.0,-0.05278855489981227,0.03252756160024638,20107442.5,174.9296745300293,0,4,1,2021,0,NWG.L
2021-01-05 00:00:00+00:00,168.86501162800258,172.89203675359863,164.139978146107,167.57638549804688,17196353,0.0,0.0,-0.017317383902499484,0.03210015355303509,20065719.8,174.177970123291,0,5,1,2021,1,NWG.L
2021-01-06 00:00:00+00:00,171.54967882239956,179.65737915039062,170.47583380053962,179.65737915039062,29701590,0.0,0.0,0.07209245871032688,0.03630689207155889,20498687.55,173.99541397094725,0,6,1,2021,2,NWG.L
2021-01-07 00:00:00+00:00,179.22781781035425,181.26820874311724,175.95254150769537,179.8184356689453,11875191,0.0,0.0,0.0008964648116116525,0.03588865162171769,19977093.9,174.0383674621582,0,7,1,2021,3,NWG.L
2021-01-08 00:00:00+00:00,180.8922786798521,181.69769300841938,176.22100034080498,177.29483032226562,15388687,0.0,0.0,-0.014034185856926062,0.03604163909553033,19994784.9,173.94171829223632,0,8,1,2021,4,NWG.L
2021-01-11 00:00:00+00:00,176.918969420996,178.10020496052633,171.59044593745506,173.85848999023438,19119239,0.0,0.0,-0.019382067293135852,0.03627423200867584,20281907.65,173.62492904663085,0,11,1,2021,0,NWG.L
2021-01-12 00:00:00+00:00,174.82493903409238,176.3283616198663,173.6974595835521,175.2545166015625,14368758,0.0,0.0,0.008029671783106762,0.035144423121537184,19840284.65,173.7376823425293,0,12,1,2021,1,NWG.L
2021-01-13 00:00:00+00:00,176.16734411612157,176.3283843725869,171.28125431661852,171.92552185058594,11056586,0.0,0.0,-0.01899520089713269,0.03174224702421151,18845623.65,174.26119079589844,0,13,1,2021,2,NWG.L
2021-01-14 00:00:00+00:00,173.2678962344173,174.23433552857807,171.76556903717002,172.94570922851562,8740955,0.0,0.0,0.005933891413843151,0.029834874578968138,18007370.75,174.43300704956056,0,14,1,2021,3,NWG.L
2021-01-15 00:00:00+00:00,171.9792666439946,174.8411243042091,169.13347649272106,170.2610626220703,10992149,0.0,0.0,-0.015523059915282689,0.029657751897279438,17617268.5,174.28535232543945,0,15,1,2021,4,NWG.L
2021-01-18 00:00:00+00:00,168.97240730403524,173.9776484984318,168.97240730403524,172.62350463867188,6456011,0.0,0.0,0.013875409798454585,0.029828135174663976,16078555.0,174.23971252441407,0,18,1,2021,0,NWG.L
2021-01-19 00:00:00+00:00,172.67726517835007,174.44911859772267,167.7911759820111,168.91867065429688,15093272,0.0,0.0,-0.021461932383598614,0.030159750355370964,15774680.6,173.94708099365235,0,19,1,2021,1,NWG.L
2021-01-20 00:00:00+00:00,168.27441253678867,169.67042940437858,166.0193317744399,168.05963134765625,25905914,0.0,0.0,-0.005085520169636593,0.02923561232274531,15693945.7,173.9014419555664,0,20,1,2021,2,NWG.L
2021-01-21 00:00:00+00:00,168.8113713583405,172.35507819708573,167.7911759820111,168.91867065429688,10127081,0.0,0.0,0.005111514881664725,0.028653121095586043,15161655.7,174.1081573486328,0,21,1,2021,3,NWG.L
2021-01-22 00:00:00+00:00,168.38179561385772,169.4019910012468,165.05277862358724,166.98577880859375,10647722,0.0,0.0,-0.011442736544256316,0.027635733561408752,14839031.75,173.92560272216798,0,22,1,2021,4,NWG.L
2021-01-25 00:00:00+00:00,167.25421014934665,168.5428363687887,162.42187704188106,162.74395751953125,18056208,0.0,0.0,-0.025402290658084414,0.02536582469652733,14679444.2,173.10140991210938,0,25,1,2021,0,NWG.L
2021-01-26 00:00:00+00:00,162.79772799403528,166.0729891257425,162.21249639438625,164.78436279296875,9780804,0.0,0.0,0.012537517856493263,0.025374763055537014,14609012.2,172.2691665649414,0,26,1,2021,1,NWG.L
2021-01-27 00:00:00+00:00,162.15332598701627,163.81789520820246,156.13975775894525,158.66326904296875,18180550,0.0,0.0,-0.037146083804628915,0.02562696587321699,14675257.35,171.431551361084,0,27,1,2021,2,NWG.L
2021-01-28 00:00:00+00:00,158.98548714279755,161.6701456859664,156.9988522975165,160.91848754882812,15507437,0.0,0.0,0.014213866381693085,0.025655305017388125,14949816.4,170.58856887817382,0,28,1,2021,3,NWG.L
2021-01-29 00:00:00+00:00,159.5224537947575,160.4352586877422,156.46186731282876,158.50225830078125,23008714,0.0,0.0,-0.015015237123165881,0.025416236393810115,15761086.0,169.51202163696288,0,29,1,2021,4,NWG.L
2021-02-01 00:00:00+00:00,158.77068422376234,164.24737594766472,157.6431895645396,162.15333557128906,12014996,0.0,0.0,0.02303485962691676,0.023672059252832844,15160910.85,169.093212890625,0,1,2,2021,0,NWG.L
2021-02-02 00:00:00+00:00,163.3883119465099,167.4689865123495,162.58289783253917,166.3951416015625,9563890,0.0,0.0,0.026159227716956668,0.024206194043232918,14779287.7,169.03415069580078,0,2,2,2021,1,NWG.L
2021-02-03 00:00:00+00:00,168.91868613306391,171.28124886803727,165.42862862248745,166.7173614501953,11064018,0.0,0.0,0.0019364738990059749,0.017293049952268238,13847409.1,168.38714981079102,0,3,2,2021,2,NWG.L
2021-02-04 00:00:00+00:00,167.41538734513003,178.26138245468246,161.56275127459904,175.9525604248047,26773068,0.0,0.0,0.05539434462180037,0.0217549079562916,14592302.95,168.193856048584,0,4,2,2021,3,NWG.L
2021-02-05 00:00:00+00:00,177.13378347865262,184.06024906814534,174.3954905006377,182.9326629638672,28179699,0.0,0.0,0.039670366388589784,0.023302944633743012,15231853.55,168.47574768066406,0,5,2,2021,4,NWG.L
2021-02-08 00:00:00+00:00,184.27494053771733,189.3758115847504,184.06025062480745,185.34889221191406,21212352,0.0,0.0,0.013208298665198681,0.022877748607296675,15336509.2,169.05026779174804,0,8,2,2021,0,NWG.L
2021-02-09 00:00:00+00:00,185.61730074901158,188.48991534313038,184.06022848853388,186.53009033203125,11576890,0.0,0.0,0.006372836147122474,0.022863294069537132,15196915.8,169.6140464782715,0,9,2,2021,1,NWG.L
2021-02-10 00:00:00+00:00,188.9463291743134,191.14776032265405,186.10053923231848,188.1409149169922,14772474,0.0,0.0,0.008635735832720703,0.022267856505717002,15382710.2,170.4248161315918,0,10,2,2021,2,NWG.L
2021-02-11 00:00:00+00:00,186.10053191649504,188.62413475473565,182.18089702667166,184.91929626464844,14200598,0.0,0.0,-0.01712343460094856,0.02279401123447207,15655692.35,171.02349548339845,0,11,2,2021,3,NWG.L
2021-02-12 00:00:00+00:00,184.65085904327105,185.18773595246176,179.7110437227656,184.00650024414062,13097399,0.0,0.0,-0.004936185887282729,0.0224468914005853,15760954.85,171.71076736450195,0,12,2,2021,4,NWG.L
2021-02-15 00:00:00+00:00,187.71132542684742,194.58404928115846,187.12070761511472,192.97323608398438,15530879,0.0,0.0,0.048730538475252994,0.024502530737531353,16214698.25,172.72825393676757,0,15,2,2021,0,NWG.L
2021-02-16 00:00:00+00:00,193.08066932083494,196.03385009172212,190.37347663555158,194.7451171875,12469510,0.0,0.0,0.009182004403680555,0.02364664499126076,16083510.15,174.01957626342772,0,16,2,2021,1,NWG.L
2021-02-17 00:00:00+00:00,196.14112529014696,197.42984282048903,187.92612541716238,191.3087921142578,75334971,0.0,0.0,-0.017645243808263045,0.02415699375014037,18554963.0,175.18203430175782,0,17,2,2021,2,NWG.L
2021-02-18 00:00:00+00:00,187.6039636207245,190.77084534067598,183.3085067488821,183.95286560058594,15786407,0.0,0.0,-0.03845054078475707,0.026192850962475877,18837929.3,175.93374404907226,0,18,2,2021,3,NWG.L
2021-02-19 00:00:00+00:00,183.95284058048566,197.2687109472681,179.921524370433,193.4564666748047,24676906,0.0,0.0,0.05166324016312829,0.027904201782732934,19539388.5,177.2572784423828,0,19,2,2021,4,NWG.L
2021-02-22 00:00:00+00:00,193.02701464836244,196.67811253216846,191.46985091888007,196.19488525390625,18855847,0.0,0.0,0.014155218619312349,0.026811110631006073,19579370.45,178.92982482910156,0,22,2,2021,0,NWG.L
2021-02-23 00:00:00+00:00,196.19486301191424,203.55081410839693,194.90623679537754,199.5238800048828,21535184,0.0,0.0,0.01696779580501473,0.026853804405119513,20167089.45,180.66680068969725,0,23,2,2021,1,NWG.L
2021-02-24 00:00:00+00:00,198.87952662108702,201.13459213004086,193.68631353016775,200.32919311523438,15854314,0.0,0.0,0.004036174067644671,0.02453087146358069,20050777.65,182.75009689331054,0,24,2,2021,2,NWG.L
2021-02-25 00:00:00+00:00,201.88637517543862,202.15480603556,198.28892692796458,198.55735778808594,16722332,0.0,0.0,-0.008844618697831153,0.024959926376920436,20111522.4,184.63204040527344,0,25,2,2021,3,NWG.L
2021-02-26 00:00:00+00:00,194.74507808586034,200.65136236452827,193.7249892684015,197.8056640625,30947522,0.0,0.0,-0.0037857762309074783,0.024468780238161666,20508462.8,186.5972106933594,0,26,2,2021,4,NWG.L
2021-03-01 00:00:00+00:00,199.41651861574093,201.29576292079582,197.85935483477257,199.36276245117188,11161748,0.0,0.0,0.007871859463942865,0.024324378901571447,20465800.4,188.45768203735352,0,1,3,2021,0,NWG.L
2021-03-02 00:00:00+00:00,198.66475394576423,201.67158439400714,197.16134632936493,199.36276245117188,9745600,0.0,0.0,0.0,0.0241497767677057,20474885.9,190.10606307983397,0,2,3,2021,1,NWG.L
2021-03-03 00:00:00+00:00,201.1883509315266,205.6448475733768,200.27554609652583,205.05422973632812,16461956,0.0,0.0,0.028548296658711392,0.02445094271573236,20744782.8,192.0229064941406,0,3,3,2021,2,NWG.L
2021-03-04 00:00:00+00:00,203.87299138362172,205.69860102963725,198.61108057007476,200.32919311523438,16920306,0.0,0.0,-0.023042863476503306,0.023158222181799176,20252144.7,193.24173812866212,0,4,3,2021,3,NWG.L
2021-03-05 00:00:00+00:00,198.933202289931,207.68527875135786,198.12790961630313,201.94004821777344,17660298,0.0,0.0,0.008041040237268149,0.02183470596672492,19726174.65,194.1921073913574,0,5,3,2021,4,NWG.L
2021-03-08 00:00:00+00:00,201.8863689385101,206.8260930575375,201.4567913260127,206.4502716064453,21118233,0.0,0.0,0.022334467226669208,0.02210501894277264,19721468.7,195.24717636108397,0,8,3,2021,0,NWG.L
2021-03-09 00:00:00+00:00,205.6448667307038,206.87984346326112,201.6715817461492,203.38978576660156,11702287,0.0,0.0,-0.014824324598990746,0.022571058921474117,19727738.55,196.0901611328125,0,9,3,2021,1,NWG.L
2021-03-10 00:00:00+00:00,202.26217263239226,204.51725329539858,200.5977249980384,201.72520446777344,6613216,0.0,0.0,-0.00818419318627095,0.022724651303487085,19319775.65,196.76937561035157,0,10,3,2021,2,NWG.L
2021-03-11 00:00:00+00:00,201.13459498584575,201.77896898243287,198.66473304086352,200.7051239013672,8812026,0.0,0.0,-0.005056782909689472,0.022297904796576007,19050347.05,197.5586669921875,0,11,3,2021,3,NWG.L
2021-03-12 00:00:00+00:00,200.11450361348628,204.94683684999998,200.11450361348628,204.7320556640625,11714466,0.0,0.0,0.020063921061996837,0.022450856443841066,18981200.4,198.5949447631836,0,12,3,2021,4,NWG.L
2021-03-15 00:00:00+00:00,204.9468356221523,206.61129851054102,200.46450323568035,202.3695831298828,10404913,0.0,0.0,-0.011539338705494062,0.020296776548743956,18724902.1,199.06476211547852,0,15,3,2021,0,NWG.L
2021-03-16 00:00:00+00:00,198.66473929172545,202.6380240353675,196.24852692153243,199.41650390625,22583000,0.0,0.0,-0.014592505345714435,0.020583603613590677,19230576.6,199.298331451416,0,16,3,2021,1,NWG.L
2021-03-17 00:00:00+00:00,198.8258697928442,202.90654480048937,198.12786139599672,201.45677185058594,14027610,0.0,0.0,0.010231189015805331,0.020166694802706584,16165208.55,199.80573043823242,0,17,3,2021,2,NWG.L
2021-03-18 00:00:00+00:00,203.33603771488197,205.96704656345844,202.3159487344167,204.57101440429688,26401026,0.0,0.0,0.015458614397041437,0.017833643042901193,16695939.5,200.83663787841797,0,18,3,2021,3,NWG.L
2021-03-19 00:00:00+00:00,205.64483565630593,209.2422834135396,201.26890503683123,205.53744506835938,36331491,0.0,0.0,0.004724181804918404,0.014141746213194934,17278668.75,201.4406867980957,0,19,3,2021,4,NWG.L
2021-03-22 00:00:00+00:00,207.3630767006248,213.0008249189656,204.71811512204758,208.70535278320312,22815715,0.0,0.0,0.015412800883022326,0.014196048641533846,17476662.15,202.06621017456055,0,22,3,2021,0,NWG.L
2021-03-23 00:00:00+00:00,213.16194663167468,213.16194663167468,206.12809041297368,209.51075744628906,16514669,0.0,0.0,0.0038590513005316573,0.01382423937646411,17225636.4,202.56555404663087,0,23,3,2021,1,NWG.L
2021-03-24 00:00:00+00:00,208.3294977378019,212.24913254752312,205.8596358924362,210.42352294921875,22569944,0.0,0.0,0.004356652202757161,0.013826255899103572,17561417.9,203.07027053833008,0,24,3,2021,2,NWG.L
2021-03-25 00:00:00+00:00,207.55588641218668,207.66330867742636,200.78953155953846,203.63575744628906,20618633,3.2308002,0.0,-0.032257636445749305,0.01570541574850653,17756232.95,203.32419052124024,0,25,3,2021,3,NWG.L
2021-03-26 00:00:00+00:00,205.46149924762804,208.2003175397714,204.441239024939,206.21336364746094,37530475,0.0,0.0,0.012657925275484816,0.01585044828904134,18085380.6,203.74457550048828,0,26,3,2021,4,NWG.L
2021-03-29 00:00:00+01:00,205.8375173470419,207.55587785793713,203.4864474810262,203.79681396484375,10902308,0.0,0.0,-0.011718686121373167,0.016085282623746436,18072408.6,203.96627807617188,0,29,3,2021,0,NWG.L
2021-03-30 00:00:00+01:00,205.99857242364624,212.1742184014222,203.9042112732355,211.90574645996094,14803280,0.0,0.0,0.03978929963309441,0.018242009579509416,18325292.6,204.59342727661132,0,30,3,2021,1,NWG.L
2021-03-31 00:00:00+01:00,211.26130114072686,214.10752693765818,210.133542395698,210.7779998779297,14976926,0.0,0.0,-0.0053219254355819645,0.01731482360130814,18251041.1,204.8796157836914,0,31,3,2021,2,NWG.L
2021-04-01 00:00:00+01:00,210.50953352302133,212.3890655377355,209.7576537589313,211.2613067626953,7356917,0.0,0.0,0.0022929664625601642,0.016321523246461394,17772871.65,205.42622146606445,0,1,4,2021,3,NWG.L
2021-04-06 00:00:00+01:00,212.12061017614127,215.0203876215069,210.3483785452353,210.9390869140625,12740734,0.0,0.0,-0.0015252194240886752,0.016299583825591775,17526893.45,205.8761734008789,0,6,4,2021,1,NWG.L
2021-04-07 00:00:00+01:00,212.33531774805982,214.8056648029674,210.83167984448318,212.8187255859375,14302275,0.0,0.0,0.008910812592266337,0.015696766106441013,17186095.55,206.19459609985353,0,7,4,2021,2,NWG.L
2021-04-08 00:00:00+01:00,214.10751948858407,215.87964434755028,212.17422319801736,212.60386657714844,18234055,0.0,0.0,-0.0010095869533919277,0.015231325306517248,17512683.95,206.65530014038086,0,8,4,2021,3,NWG.L
2021-04-09 00:00:00+01:00,213.40940989884825,213.51681694207517,210.88540525410855,211.2076416015625,17641923,0.0,0.0,-0.006567260502194472,0.015176786705578425,18064119.3,207.12942199707032,0,9,4,2021,4,NWG.L
2021-04-12 00:00:00+01:00,211.36871987950298,214.21494583391154,209.27435849300204,213.51683044433594,12400353,0.0,0.0,0.010933263707994412,0.015183997374766587,18243535.65,207.77000732421874,0,12,4,2021,0,NWG.L
2021-04-13 00:00:00+01:00,214.2149177018521,215.55739912636813,211.04645579571468,212.87234497070312,10918862,0.0,0.0,-0.003018429377635523,0.01470503840355967,18203755.45,208.1770217895508,0,13,4,2021,1,NWG.L
2021-04-14 00:00:00+01:00,212.22789884991178,212.65754226504765,210.2409597437577,211.9594268798828,8734526,0.0,0.0,-0.004288570649916723,0.014439252743030942,18120236.1,208.6565139770508,0,14,4,2021,2,NWG.L
2021-04-15 00:00:00+01:00,212.603883070386,212.92601290975793,208.6300048828125,208.6300048828125,10017820,0.0,0.0,-0.01570782694631978,0.014510378865229576,17491977.1,209.1171890258789,0,15,4,2021,3,NWG.L
2021-04-16 00:00:00+01:00,209.4891619378592,214.32223510742188,209.4891619378592,214.32223510742188,10053464,0.0,0.0,0.02728385223307983,0.015466694474746766,17293269.8,209.7604621887207,0,16,4,2021,4,NWG.L
2021-04-19 00:00:00+01:00,213.1408448981726,214.91306122348712,212.44272950859698,213.51683044433594,7597874,0.0,0.0,-0.0037579146311266243,0.015261470531721093,16353112.2,210.20775299072267,0,19,4,2021,0,NWG.L
2021-04-20 00:00:00+01:00,213.83895531178277,214.64449295040697,205.89118380411992,207.28741455078125,36643930,0.0,0.0,-0.029175292086300875,0.016779479529412975,16368734.15,210.29525146484374,0,20,4,2021,1,NWG.L
2021-04-21 00:00:00+01:00,207.2337422729674,209.70398245199397,204.49492362271846,207.0725860595703,17357752,0.0,0.0,-0.0010363798095339716,0.01641212101374599,16095836.0,210.2136131286621,0,21,4,2021,2,NWG.L
2021-04-22 00:00:00+01:00,207.77070372255514,207.9318599377658,203.79681059139017,206.53562927246094,14067937,0.0,0.0,-0.0025930848565096642,0.016390187533439144,15973499.4,210.0648567199707,0,22,4,2021,3,NWG.L
2021-04-23 00:00:00+01:00,206.53564033421432,209.5428398195433,205.19305224654133,209.38177490234375,15644402,0.0,0.0,0.013780409897839796,0.016672829140642303,15627222.3,210.01276931762695,0,23,4,2021,4,NWG.L
2021-04-26 00:00:00+01:00,209.75764521123682,213.78528756496885,207.2068268660146,213.40940856933594,12474401,0.0,0.0,0.01923583687678021,0.015373523224765167,15220010.7,210.5014518737793,0,26,4,2021,0,NWG.L
2021-04-27 00:00:00+01:00,213.30199109760898,216.83227080042127,212.17421720589354,215.98704528808594,18887301,0.0,0.0,0.012078364941968012,0.015353819179976328,14287852.0,210.99013595581056,0,27,4,2021,1,NWG.L
2021-04-28 00:00:00+01:00,217.49070295771824,223.7200069035317,217.06105958123743,218.564697265625,18516310,0.0,0.0,0.011934289735298531,0.01511580716992504,14668552.1,211.7285301208496,0,28,4,2021,2,NWG.L
2021-04-29 00:00:00+01:00,215.12777041274694,219.10177014105,208.95212412934367,211.2076416015625,56064511,0.0,0.0,-0.033660768441123645,0.014782571435724893,16731613.65,211.6936248779297,0,29,4,2021,3,NWG.L
2021-04-30 00:00:00+01:00,210.50953395243064,212.33530157630688,208.46883049205687,211.15390014648438,18648706,0.0,0.0,-0.000254448440741073,0.014730984615273371,16915202.65,211.71241989135743,0,30,4,2021,4,NWG.L
2021-05-04 00:00:00+01:00,213.67789039382458,214.69824212748827,206.75036409540877,207.28741455078125,17238161,0.0,0.0,-0.01831122036117172,0.015286381384302562,17409264.85,211.51372528076172,0,4,5,2021,1,NWG.L
2021-05-05 00:00:00+01:00,209.59658539612212,214.0001220703125,209.32811343652028,214.0001220703125,10503116,0.0,0.0,0.03238357492218502,0.016991436541308066,17297383.95,211.66677703857422,0,5,5,2021,2,NWG.L
2021-05-06 00:00:00+01:00,214.42966246953046,215.77225055621366,210.2947042113783,211.2613067626953,27303497,0.0,0.0,-0.012798195071670682,0.017142665150202553,17947445.05,211.58890609741212,0,6,5,2021,3,NWG.L
2021-05-07 00:00:00+01:00,212.81869461702695,217.16846667623676,211.63717152696063,214.80563354492188,12084884,0.0,0.0,0.01677698030244512,0.017556330242026703,17639986.5,211.6989944458008,0,7,5,2021,4,NWG.L
2021-05-10 00:00:00+01:00,215.4500047708359,220.0683554092176,206.32081706071912,211.63717651367188,29203563,0.0,0.0,-0.014750344201691412,0.017826942348986383,18218068.5,211.72047119140626,0,10,5,2021,0,NWG.L
2021-05-11 00:00:00+01:00,201.91726925718646,208.36140229457996,200.84426413873018,205.13938903808594,62874343,0.0,0.0,-0.030702486125665063,0.018912082363948868,20741768.0,211.30159912109374,0,11,5,2021,1,NWG.L
2021-05-12 00:00:00+01:00,204.54859560755864,206.85777103920606,198.64151235241124,203.63575744628906,40421563,0.0,0.0,-0.007329804377635751,0.01895088433436365,22216903.05,210.83976974487305,0,12,5,2021,2,NWG.L
2021-05-13 00:00:00+01:00,202.93764332374198,204.11905998205094,198.42669948011812,203.3135223388672,72672778,0.0,0.0,-0.0015824092559326708,0.018943679202077072,25413815.65,210.40747451782227,0,13,5,2021,3,NWG.L
2021-05-14 00:00:00+01:00,206.21339702192057,207.77070784446659,204.01053304157685,207.341064453125,17504181,0.0,0.0,0.019809514231645675,0.019244456750420316,25788133.7,210.3430274963379,0,14,5,2021,4,NWG.L
2021-05-17 00:00:00+01:00,207.93187036771175,208.03918610771854,205.86435319970292,207.71705627441406,13668819,0.0,0.0,0.0018133977573655535,0.01814601074424766,25968901.45,210.0127685546875,0,17,5,2021,0,NWG.L
2021-05-18 00:00:00+01:00,209.86507524677032,214.53708427885238,209.54285408379417,213.24826049804688,24401525,0.0,0.0,0.026628550985844823,0.019181370901679394,26809084.0,209.99934005737305,0,18,5,2021,1,NWG.L
2021-05-19 00:00:00+01:00,211.1002361243508,215.02036496461614,210.18729146792268,212.65753173828125,29278525,0.0,0.0,-0.0027701457371139826,0.017927129359363383,26440813.75,210.26784591674806,0,19,5,2021,2,NWG.L
2021-05-20 00:00:00+01:00,216.95365545327567,217.81283569335938,211.63717431341064,217.81283569335938,27737615,0.0,0.0,0.02424228247613991,0.018621568588305867,26959806.9,210.8048583984375,0,20,5,2021,3,NWG.L
2021-05-21 00:00:00+01:00,217.70553675506014,217.91497897962262,214.42966740152755,217.49072265625,17812580,0.0,0.0,-0.0014788524105294742,0.01860657109208676,27147039.05,211.35261306762695,0,21,5,2021,4,NWG.L
2021-05-24 00:00:00+01:00,217.70551953438934,218.88903616595385,215.34259506993493,217.9202423095703,9289476,0.0,0.0,0.001974887241508627,0.018424669067354942,26829292.75,211.77953643798827,0,24,5,2021,0,NWG.L
2021-05-25 00:00:00+01:00,218.67212203147974,219.85353861038834,216.48211712013529,217.9202423095703,13012847,0.0,0.0,0.0,0.017983260824859133,26856215.05,212.005078125,0,25,5,2021,1,NWG.L
2021-05-26 00:00:00+01:00,215.8796511604754,217.27588185786217,212.33529480627746,216.52401733398438,15002672,0.0,0.0,-0.006407045810836176,0.01786941578010101,26661983.6,212.03192672729492,0,26,5,2021,2,NWG.L
2021-05-27 00:00:00+01:00,215.87964770993761,222.43118813501064,215.1277679803043,221.14236450195312,47279328,0.0,0.0,0.021329491410853718,0.018310087503570206,28100134.5,212.16081008911132,0,27,5,2021,3,NWG.L
2021-05-28 00:00:00+01:00,222.8608266612419,230.05682439925042,221.45920892508394,222.3237762451172,16782150,0.0,0.0,0.0053423130652725526,0.016433586605944135,26136016.45,212.71661682128905,0,28,5,2021,4,NWG.L
2021-06-01 00:00:00+01:00,225.00883846204752,225.48147206309633,221.78682498889196,224.149658203125,19400960,0.0,0.0,0.00821271565662296,0.016462621650746558,26173629.15,213.36640472412108,0,1,6,2021,1,NWG.L
2021-06-02 00:00:00+01:00,223.82743303988792,225.43849311917884,222.43120227605272,225.11627197265625,19393874,0.0,0.0,0.004312358882364586,0.015670810133104115,26281414.8,214.25784759521486,0,2,6,2021,2,NWG.L
2021-06-03 00:00:00+01:00,225.3310687142346,226.5124852893896,222.9682355639246,225.65330505371094,9061914,0.0,0.0,0.0023855809104724734,0.014203253710244118,26209354.7,214.84050674438475,0,3,6,2021,3,NWG.L
2021-06-04 00:00:00+01:00,224.6867135397062,225.54589381737136,222.16381973158002,222.96824645996094,7936392,0.0,0.0,-0.01189904394757657,0.014152780660016705,25240999.45,215.42585372924805,0,4,6,2021,4,NWG.L
2021-06-07 00:00:00+01:00,224.47188928279044,228.55318944348986,223.50199974636698,225.4384765625,13989196,0.0,0.0,0.011078842578522208,0.01391180901009478,25336215.05,215.95749588012694,0,7,6,2021,0,NWG.L
2021-06-08 00:00:00+01:00,225.33107692164134,227.74765933357472,222.86083664078805,223.61260986328125,25380395,0.0,0.0,-0.008099179550268842,0.013552329295977798,25145056.65,216.55626754760743,0,8,6,2021,1,NWG.L
2021-06-09 00:00:00+01:00,222.75341684502595,223.61259706281632,218.0276441183876,219.2090606689453,22096598,0.0,0.0,-0.019692758816366895,0.012282092169444814,23106169.4,217.2597511291504,0,9,6,2021,2,NWG.L
2021-06-10 00:00:00+01:00,219.1017790607362,221.6794264609332,217.92025588382043,218.3498992919922,9608478,0.0,0.0,-0.003919369821353547,0.012148322368578733,21565515.15,217.99545822143554,0,10,6,2021,3,NWG.L
2021-06-11 00:00:00+01:00,218.24248485321579,220.2831882529462,217.27588232865145,220.17576599121094,7495056,0.0,0.0,0.008362113768493495,0.012130092111563748,18306629.05,218.83857040405275,0,11,6,2021,4,NWG.L
2021-06-14 00:00:00+01:00,220.71272473466482,221.7868256079452,219.31647881893068,220.28318786621094,15445935,0.0,0.0,0.0004878914557939762,0.011566147584902884,18203716.75,219.48567657470704,0,14,6,2021,0,NWG.L
2021-06-15 00:00:00+01:00,220.9275347749738,221.67941450316007,218.86330473915854,221.24977111816406,8150153,0.0,0.0,0.0043879120386625114,0.011565457422969161,17927783.45,220.16231231689454,0,15,6,2021,1,NWG.L
2021-06-16 00:00:00+01:00,222.2163618778703,225.5458734734534,219.42388546293049,220.3905792236328,10527846,0.0,0.0,-0.0038833572129318705,0.0102536888198432,17234099.5,220.51942825317383,0,16,6,2021,2,NWG.L
2021-06-17 00:00:00+01:00,220.927536863963,227.04844479406313,220.7127227783203,220.7127227783203,14309287,0.0,0.0,0.001461693851989132,0.010200149215878402,16485637.6,220.92218780517578,0,17,6,2021,3,NWG.L
2021-06-18 00:00:00+01:00,218.5647038300684,221.14236633532647,215.45000611029573,216.9536590576172,32558611,0.0,0.0,-0.017031477267754336,0.009601765472900422,16726687.4,220.87922897338868,0,18,6,2021,4,NWG.L
2021-06-21 00:00:00+01:00,215.23520544259534,218.02766698997257,212.98087482294753,217.38330078125,11075522,0.0,0.0,0.0019803386838417314,0.009607793820722908,16389834.5,220.87385787963868,0,21,6,2021,0,NWG.L
2021-06-22 00:00:00+01:00,218.67213353871352,220.39060063037178,216.631430089598,218.88694763183594,12164849,0.0,0.0,0.00691703017288825,0.00972359716712676,16533603.15,220.92219314575195,0,22,6,2021,1,NWG.L
2021-06-23 00:00:00+01:00,219.31646320902962,221.14235238767247,219.10175566117766,220.3905792236328,8989288,0.0,0.0,0.006869443829633726,0.00983439076040995,16332425.2,221.04570999145508,0,23,6,2021,2,NWG.L
2021-06-24 00:00:00+01:00,221.24977333078903,224.68670739630664,220.28318603373575,224.47189331054688,12177649,0.0,0.0,0.018518550571858583,0.010457970535330822,16191174.05,221.4431037902832,0,24,6,2021,3,NWG.L
2021-06-25 00:00:00+01:00,225.1162652005693,225.43848633739861,222.21638149352015,223.07565307617188,6392045,0.0,0.0,-0.006220111630828362,0.009531318156538985,14146809.9,221.53976821899414,0,25,6,2021,4,NWG.L
2021-06-28 00:00:00+01:00,218.56471127437865,224.04225760016868,218.45949558722592,218.88694763183594,15328672,0.0,0.0,-0.018777062339948247,0.010372308445540514,14074136.0,221.36792678833007,0,28,6,2021,0,NWG.L
2021-06-29 00:00:00+01:00,218.8869308605855,222.4311805122586,217.5981072716962,219.2090606689453,8989326,0.0,0.0,0.001471595454157315,0.010174138320293517,13553554.3,221.1208969116211,0,29,6,2021,1,NWG.L
2021-06-30 00:00:00+01:00,218.67212079597394,219.74611511013248,215.55959929312633,218.2424774169922,9430521,0.0,0.0,-0.004409412863699447,0.010118310528352568,13055386.65,220.7772071838379,0,30,6,2021,2,NWG.L
2021-07-01 00:00:00+01:00,219.74611423618848,223.1797611666466,219.10176330357433,222.21636962890625,9407191,0.0,0.0,0.018208610252903323,0.011016863090314633,13072650.5,220.60536041259766,0,1,7,2021,3,NWG.L
2021-07-02 00:00:00+01:00,222.5386108953832,223.93485688684592,217.38330078125,217.38330078125,8046676,0.0,0.0,-0.0217493826207642,0.011739890832792975,13078164.7,220.32611312866212,0,2,7,2021,4,NWG.L
2021-07-05 00:00:00+01:00,217.59811039864138,222.3237766687813,217.06425571376496,222.21636962890625,6086996,0.0,0.0,0.022232935235994455,0.012588277699698952,12683054.7,220.1650077819824,0,5,7,2021,0,NWG.L
2021-07-06 00:00:00+01:00,223.8274206657143,225.33107361303573,216.30929288906543,216.9536590576172,14973609,0.0,0.0,-0.023682821297448142,0.013521695695421198,12162715.4,219.83206024169922,0,6,7,2021,1,NWG.L
2021-07-07 00:00:00+01:00,217.49072265625,220.39060646576854,215.23520505429153,217.49072265625,6985142,0.0,0.0,0.0024754761038170425,0.012836519173189894,11407142.6,219.74614334106445,0,7,7,2021,2,NWG.L
2021-07-08 00:00:00+01:00,214.53706337204954,214.94626929573255,209.1132815771154,210.88540649414062,14281982,0.0,0.0,-0.03037056515072256,0.014484314693469922,11640817.8,219.37291870117187,0,8,7,2021,3,NWG.L
2021-07-09 00:00:00+01:00,211.5835331517496,217.5981300982218,211.04648268598126,217.38330078125,13365901,0.0,0.0,0.03081244167215491,0.016081894025010965,11934360.05,219.23329544067383,0,9,7,2021,4,NWG.L
2021-07-12 00:00:00+01:00,217.3832964097628,222.1089630126953,214.5908349185408,222.1089630126953,11138447,0.0,0.0,0.021738846610856566,0.016836000450457866,11718985.65,219.32458419799804,0,12,7,2021,0,NWG.L
2021-07-13 00:00:00+01:00,225.43848353787484,229.62719086913128,215.8269987636425,216.30929565429688,18777174,0.0,0.0,-0.026111811426839826,0.017822262635035183,12250336.7,219.0775604248047,0,13,7,2021,1,NWG.L
2021-07-14 00:00:00+01:00,216.30929628442618,222.96824391124153,216.30929628442618,219.85354614257812,22618150,0.0,0.0,0.016385104845173304,0.018220147075091484,12854851.9,219.05070877075195,0,14,7,2021,2,NWG.L
2021-07-15 00:00:00+01:00,219.10177330554941,220.49800401657237,216.95366284553222,219.74612426757812,11182221,0.0,0.0,-0.0004886065150404573,0.018217333767289862,12698498.6,219.00237884521485,0,15,7,2021,3,NWG.L
2021-07-16 00:00:00+01:00,220.92753132461564,221.14236062264504,214.16117693421396,214.5908203125,11872919,0.0,0.0,-0.023460272495184786,0.01858551945290955,11664214.0,218.88423690795898,0,16,7,2021,4,NWG.L
2021-07-19 00:00:00+01:00,211.5835250348034,213.4094143723893,204.6559988680488,206.3744659423828,15705893,0.0,0.0,-0.03828847085887477,0.020407907330658257,11895732.55,218.33379516601562,0,19,7,2021,0,NWG.L
2021-07-20 00:00:00+01:00,206.96517133640018,209.0595326048072,201.1117461425767,207.1263427734375,24903294,0.0,0.0,0.0036432648177735505,0.02034229776044946,12532654.8,217.7457649230957,0,20,7,2021,1,NWG.L
2021-07-21 00:00:00+01:00,207.71703713805584,215.07409958247047,206.32080653134608,214.32223510742188,13822913,0.0,0.0,0.03474156033284248,0.021916141610621352,12774336.05,217.44234771728514,0,21,7,2021,2,NWG.L
2021-07-22 00:00:00+01:00,211.36870954976243,214.64448745528682,207.87811755469806,208.57623291015625,20785693,0.0,0.0,-0.026810107660484417,0.022116184165301155,13204738.25,216.64756469726564,0,22,7,2021,3,NWG.L
2021-07-23 00:00:00+01:00,210.07987963950515,216.30929021995698,209.38176430479672,213.8389434814453,13168743,0.0,0.0,0.025231592774791256,0.02300779391254013,13543573.15,216.18572921752929,0,23,7,2021,4,NWG.L
2021-07-26 00:00:00+01:00,211.52980179529632,217.9911931337297,209.16696824724258,216.63145446777344,34098311,0.0,0.0,0.013058944927729854,0.022876725637001726,14482055.1,216.07295455932618,0,26,7,2021,0,NWG.L
2021-07-27 00:00:00+01:00,215.342600724056,216.84623846517204,210.9928132840751,216.52401733398438,11354725,0.0,0.0,-0.0004959442942070735,0.02287307882936585,14600325.05,215.93870239257814,0,27,7,2021,1,NWG.L
2021-07-28 00:00:00+01:00,216.84623885244184,219.8535447755912,215.77224450209792,216.41659545898438,10252884,0.0,0.0,-0.0004961199054158705,0.02285340732822293,14641443.2,215.84740829467773,0,28,7,2021,2,NWG.L
2021-07-29 00:00:00+01:00,218.3498771819521,221.14235361235663,216.63141024769325,220.06834411621094,13812032,0.0,0.0,0.016873699770952433,0.022798785991252964,14861685.25,215.74000701904296,0,29,7,2021,3,NWG.L
2021-07-30 00:00:00+01:00,219.20908366446352,221.14238012169457,212.9797791432123,217.38330078125,17897339,0.0,0.0,-0.012200952143953336,0.022421468155662292,15354218.4,215.74000701904296,0,30,7,2021,4,NWG.L
2021-08-02 00:00:00+01:00,219.85353168540246,223.7200024230688,218.457285850882,219.63870239257812,17780263,0.0,0.0,0.010375229390769514,0.021961343871677794,15938881.75,215.61112365722656,0,2,8,2021,0,NWG.L
2021-08-03 00:00:00+01:00,220.605322738468,225.43848764112298,220.47218243704063,222.75343322753906,22325073,0.0,0.0,0.014181156604147649,0.02147094117539608,16306454.95,215.90111236572267,0,3,8,2021,1,NWG.L
2021-08-04 00:00:00+01:00,223.72002260515885,226.08296242612187,221.78683271524716,225.9755401611328,14477969,0.0,0.0,0.014464903579297195,0.02166493931616993,16681096.3,216.3253532409668,0,4,8,2021,2,NWG.L
2021-08-05 00:00:00+01:00,221.14234271059033,227.15692342178943,220.92751342996164,226.619873046875,19282329,0.0,0.0,0.0028513390665323435,0.020269837886610367,16931113.65,217.11207656860353,0,5,8,2021,3,NWG.L
2021-08-06 00:00:00+01:00,225.9755173190819,231.66787719726562,225.14526610207406,231.66787719726562,12576156,0.0,0.0,0.022275205093537753,0.0197543894650484,16891626.4,217.8263053894043,0,6,8,2021,4,NWG.L
2021-08-09 00:00:00+01:00,230.70117790615183,233.7084683277169,229.73459069094994,233.06411743164062,9283122,0.0,0.0,0.006026904771031738,0.019292610046818735,16798860.15,218.37406311035156,0,9,8,2021,0,NWG.L
2021-08-10 00:00:00+01:00,233.06414679989592,233.89001538277984,230.5937999293358,233.2788543701172,16098952,0.0,0.0,0.0009213642187522186,0.018085264794360074,16664949.05,219.22254104614257,0,10,8,2021,1,NWG.L
2021-08-11 00:00:00+01:00,234.03073662237028,237.682393656708,233.49368616229856,236.39356994628906,10601629,0.0,0.0,0.013351898458958011,0.017987860434074198,16064123.0,220.04954223632814,0,11,8,2021,2,NWG.L
2021-08-12 00:00:00+01:00,232.20485059933955,238.21943195723458,232.0974435563624,235.64178466796875,22620544,0.0,0.0,-0.003180227273064662,0.018031555682057696,16636039.15,220.84432525634764,0,12,8,2021,3,NWG.L
2021-08-13 00:00:00+01:00,235.7491912841797,238.75538627801757,235.641784241397,235.7491912841797,19101586,0.0,0.0,0.0004558046288873907,0.01689609842422521,16997472.5,221.90224380493163,0,13,8,2021,4,NWG.L
2021-08-16 00:00:00+01:00,232.95672328594915,237.3601535002621,232.52707988120318,233.60108947753906,20674189,0.0,0.0,-0.009111809864285947,0.013984165080799093,17245887.3,223.26357498168946,0,16,8,2021,0,NWG.L
2021-08-17 00:00:00+01:00,231.6679128318226,232.41968611310605,229.30498810402344,230.3789825439453,17830352,0.0,0.0,-0.013793201653297782,0.0146849951447602,16892240.2,224.42620697021485,0,17,8,2021,1,NWG.L
2021-08-18 00:00:00+01:00,229.84202700959673,230.27167041724906,226.85836940757272,229.51979064941406,15092310,0.0,0.0,-0.003729471695046449,0.013075743571315971,16955710.05,225.18608474731445,0,18,8,2021,2,NWG.L
2021-08-19 00:00:00+01:00,225.2236699408469,229.94942772156998,224.6867108071619,227.3717803955078,17727476,0.0,0.0,-0.009358714766289133,0.011423673579726859,16802799.2,226.12586212158203,0,19,8,2021,3,NWG.L
2021-08-20 00:00:00+01:00,227.4791674004862,229.41235707141044,225.95617277486258,228.5531768798828,12455229,0.0,0.0,0.005195879991439556,0.010325020348832412,16767123.5,226.8615737915039,0,20,8,2021,4,NWG.L
2021-08-23 00:00:00+01:00,230.48636655080705,231.3456380489669,227.31909165641213,228.5531768798828,10362380,0.0,0.0,0.0,0.010091206504954446,15580326.95,227.45765991210936,0,23,8,2021,0,NWG.L
2021-08-24 00:00:00+01:00,229.41237043377222,229.51977747507675,225.65330660138943,228.98272705078125,33326839,0.0,0.0,0.0018794320724939695,0.010065181005762714,16678932.65,228.08059539794922,0,24,8,2021,1,NWG.L
2021-08-25 00:00:00+01:00,228.87541518632295,231.88261456265198,227.90872136269002,231.77520751953125,14053912,0.0,0.0,0.012195157707815651,0.010241694890641083,16868984.05,228.84852600097656,0,25,8,2021,2,NWG.L
2021-08-26 00:00:00+01:00,231.34566323812422,235.96392276369698,230.48639164640596,233.60108947753906,14625474,0.0,0.0,0.007877813928195643,0.009811173689105076,16909656.15,229.52516326904296,0,26,8,2021,3,NWG.L
2021-08-27 00:00:00+01:00,235.10476768878806,235.42698886356888,233.27887813391408,234.8899383544922,12378859,0.0,0.0,0.005517306789260656,0.00914011896309209,16633732.15,230.40049514770507,0,27,8,2021,4,NWG.L
2021-08-31 00:00:00+01:00,228.87539672851562,232.52486192769047,228.87539672851562,228.87539672851562,102138164,0.0,0.0,-0.0256057865573599,0.011127608226166333,20851627.2,230.86232986450196,0,31,8,2021,1,NWG.L
2021-09-01 00:00:00+01:00,230.48638232709203,231.5604831866407,227.47918297093503,228.44577026367188,22161673,0.0,0.0,-0.001877119476294653,0.010785676908518754,20843457.2,231.1469467163086,0,1,9,2021,2,NWG.L
2021-09-02 00:00:00+01:00,228.23098085872778,230.05685512365451,227.69393037087926,229.842041015625,15085770,0.0,0.0,0.0061120446675004825,0.01040479698354639,20873847.25,231.34027175903321,0,2,9,2021,3,NWG.L
2021-09-03 00:00:00+01:00,230.05685512365451,231.3349199340016,228.33838791274255,229.842041015625,15371482,0.0,0.0,0.0,0.010396186202221236,20678304.9,231.5013801574707,0,3,9,2021,4,NWG.L
2021-09-06 00:00:00+01:00,230.4863714157562,231.9900090670845,230.16424161044372,231.13082885742188,4899260,0.0,0.0,0.005607276354238744,0.009177073563557923,20294460.1,231.47452774047852,0,6,9,2021,0,NWG.L
2021-09-07 00:00:00+01:00,230.80856872687025,231.56044834609048,229.1975242043563,229.41233825683594,9583019,0.0,0.0,-0.007435142291840391,0.009199574435325743,20309454.95,231.29193878173828,0,7,9,2021,1,NWG.L
2021-09-08 00:00:00+01:00,227.80130804913452,228.0161373472358,224.79401744894474,225.8681182861328,17053209,0.0,0.0,-0.015449125350595727,0.009754672967877189,20357167.8,230.92140197753906,0,8,9,2021,2,NWG.L
2021-09-09 00:00:00+01:00,223.39779280546517,225.6533256454431,222.10896907213223,224.36448669433594,21528912,0.0,0.0,-0.006657121878051231,0.009151419327353475,20903531.95,230.3199478149414,0,9,9,2021,3,NWG.L
2021-09-10 00:00:00+01:00,225.43848890705465,225.97553935899862,221.03496738236933,222.4311981201172,26150087,0.0,0.0,-0.00861673165260135,0.0092507673086827,21080009.1,229.65941848754883,0,10,9,2021,4,NWG.L
2021-09-13 00:00:00+01:00,223.85535593761574,226.6199080465722,223.85535593761574,225.5458984375,372874,0.0,0.0,0.014002983141334413,0.00997258314591626,20143573.5,229.14925384521484,0,13,9,2021,0,NWG.L
2021-09-14 00:00:00+01:00,225.1162632640374,226.83473032569032,223.39778098461107,223.5052032470703,17550168,0.0,0.0,-0.009047804480448951,0.009970245626810268,19987372.45,228.64445953369142,0,14,9,2021,1,NWG.L
2021-09-15 00:00:00+01:00,222.32377726734902,227.04953485684857,222.32377726734902,225.8681182861328,21500522,0.0,0.0,0.010572080670759432,0.009962451194918181,20170880.95,228.41891632080078,0,15,9,2021,2,NWG.L
2021-09-16 00:00:00+01:00,226.6198991246175,229.94942617541167,226.59736160239441,227.69390869140625,12260410,0.0,0.0,0.008083435675328543,0.010137066883383358,20029285.95,228.3276222229004,0,16,9,2021,3,NWG.L
2021-09-17 00:00:00+01:00,229.51979388389552,231.77522017035167,227.15696054845608,228.7680206298828,39010451,0.0,0.0,0.0047173503439317255,0.00996589582784455,21093434.7,228.39743423461914,0,17,9,2021,4,NWG.L
2021-09-20 00:00:00+01:00,225.54587880952417,225.97552218197572,220.7127142471111,222.86082458496094,19449811,0.0,0.0,-0.02582177364063909,0.011472300882087514,21443163.8,228.11281661987306,0,20,9,2021,0,NWG.L
2021-09-21 00:00:00+01:00,223.82743011839693,226.19026341986321,222.1089630126953,222.1089630126953,17839184,0.0,0.0,-0.003373682089105823,0.011478570838376754,21817004.0,227.79060592651368,0,21,9,2021,1,NWG.L
2021-09-22 00:00:00+01:00,224.47185853413748,229.94938860580575,224.31178280319153,229.41233825683594,13204113,0.0,0.0,0.0328819474238109,0.013798786398768605,20810867.7,227.8120864868164,0,22,9,2021,2,NWG.L
2021-09-23 00:00:00+01:00,230.9160208058176,233.92331140468622,229.19755381726276,233.38626098632812,21346156,0.0,0.0,0.017322183975315264,0.014078458987761614,21175479.9,227.89263916015625,0,23,9,2021,3,NWG.L
2021-09-24 00:00:00+01:00,233.4936667558957,235.85659119006792,230.16424636142935,233.70848083496094,13121959,0.0,0.0,0.001380629036478176,0.013972372671897906,21100304.15,227.89800872802735,0,24,9,2021,4,NWG.L
2021-09-27 00:00:00+01:00,235.64179415850018,237.57498404998975,234.88991439183178,237.03802490234375,10380526,0.0,0.0,0.014246569296447742,0.014282878578974168,21000387.5,228.00541305541992,0,27,9,2021,0,NWG.L
2021-09-28 00:00:00+01:00,237.14543000250305,240.0559812040134,234.5676762715868,237.46755981445312,15589726,0.0,0.0,0.0018120928584615115,0.012887727234901628,16672965.6,228.4350212097168,0,28,9,2021,1,NWG.L
2021-09-29 00:00:00+01:00,237.14543061217339,242.19331799863718,237.14543061217339,241.1193084716797,15432649,0.0,0.0,0.015377884289036636,0.01319386388088611,16336514.4,229.06869812011718,0,29,9,2021,2,NWG.L
2021-09-30 00:00:00+01:00,242.94508927797062,243.8043760251976,239.93789001812812,241.54885864257812,22987036,0.0,0.0,0.0017814839202265897,0.013171918906859948,16731577.7,229.65403900146484,0,30,9,2021,3,NWG.L
2021-10-01 00:00:00+01:00,237.8972106591538,240.58226498948767,236.609467477331,239.40084838867188,22011581,0.0,0.0,-0.008892653295806574,0.013411129138427461,17063582.65,230.1319793701172,0,1,10,2021,4,NWG.L
2021-10-04 00:00:00+01:00,239.1860491150153,243.1599425529313,237.25285918304272,239.50827026367188,13682778,0.0,0.0,0.0004487113380049479,0.013390212997870788,17502758.55,230.55085144042968,0,4,10,2021,0,NWG.L
2021-10-05 00:00:00+01:00,242.19332535130292,246.97274093666945,240.956059521124,246.81167602539062,35124013,0.0,0.0,0.030493334337384326,0.01463178286137626,18779808.25,231.42081832885742,0,5,10,2021,1,NWG.L
2021-10-06 00:00:00+01:00,244.55615069116553,247.60424012443764,244.34132139417054,244.9857940673828,25855255,0.0,0.0,-0.007397875122488018,0.01417913426486167,19219910.55,232.37670211791993,0,6,10,2021,2,NWG.L
2021-10-07 00:00:00+01:00,247.13381157424342,247.90822885126406,241.65628051757812,241.65628051757812,17655833,0.0,0.0,-0.013590639255143588,0.014537897636242143,19026256.6,233.24129180908204,0,7,10,2021,3,NWG.L
2021-10-08 00:00:00+01:00,240.58225055826603,243.2673199453103,239.48999495586125,242.94508361816406,20416632,0.0,0.0,0.005333207553412489,0.01424147927838098,18739583.85,234.26698608398436,0,8,10,2021,4,NWG.L
2021-10-11 00:00:00+01:00,242.40813427240303,251.32250777702941,241.44154699427403,248.10049438476562,23544634,0.0,0.0,0.021220477853770126,0.0145818925137671,19898171.85,235.39471588134765,0,11,10,2021,0,NWG.L
2021-10-12 00:00:00+01:00,244.77097264269116,247.21977104861097,243.91179238703248,246.81167602539062,18360360,0.0,0.0,-0.005194743213111974,0.014412704632879157,19938681.45,236.56003952026367,0,12,10,2021,1,NWG.L
2021-10-13 00:00:00+01:00,247.02649653134318,247.67084746014874,242.40813080396734,245.2006072998047,23138758,0.0,0.0,-0.0065275223260515824,0.014575402658814605,20020593.25,237.52666397094725,0,13,10,2021,2,NWG.L
2021-10-14 00:00:00+01:00,247.34862108374426,247.99307852325694,245.84496821966704,246.4894256591797,13925951,0.0,0.0,0.005256179311983411,0.014549596847324608,20103870.3,238.46643981933593,0,14,10,2021,3,NWG.L
2021-10-15 00:00:00+01:00,247.99307494655187,251.42991746633118,247.34861751633395,251.21519470214844,15828371,0.0,0.0,0.01917229929978026,0.014937117223497281,18944766.3,239.58879852294922,0,15,10,2021,4,NWG.L
2021-10-18 00:00:00+01:00,251.6447497337073,252.4761119008446,249.38932356923263,250.4633331298828,18643626,0.0,0.0,-0.002992898471595451,0.013251364239357702,18904457.05,240.96892395019532,0,18,10,2021,0,NWG.L
2021-10-19 00:00:00+01:00,250.35590919731214,251.3224964318074,249.38930674504473,250.89295959472656,11417320,0.0,0.0,0.0017153267884564283,0.013111273992645067,18583363.85,242.4081237792969,0,19,10,2021,1,NWG.L
2021-10-20 00:00:00+01:00,251.2152314313747,251.42995422695122,249.28193494692147,249.71157836914062,11130025,0.0,0.0,-0.004708706164948784,0.011702555694528771,18479659.45,243.4230857849121,0,20,10,2021,2,NWG.L
2021-10-21 00:00:00+01:00,249.604142912145,249.604142912145,244.55614904436732,245.41543579101562,14327326,0.0,0.0,-0.01720441881863466,0.012217731793364892,18128717.95,244.0245445251465,0,21,10,2021,3,NWG.L
2021-10-22 00:00:00+01:00,245.95238691917243,248.7341958291601,244.4477448285481,247.3486328125,9762142,0.0,0.0,0.007877242991066735,0.012270235251408843,17960727.1,244.70655212402343,0,22,10,2021,4,NWG.L
2021-10-25 00:00:00+01:00,248.5300420606889,250.57073014601917,247.34862550414095,249.17449951171875,11970231,0.0,0.0,0.007381753755650644,0.012030125972728628,18040212.35,245.3133758544922,0,25,10,2021,0,NWG.L
2021-10-26 00:00:00+01:00,248.63746932310474,251.96699649244704,247.5516963789139,251.64476013183594,21884268,0.0,0.0,0.009913777794107848,0.012139239208707457,18354939.45,246.02223587036133,0,26,10,2021,1,NWG.L
2021-10-27 00:00:00+01:00,251.5373435488576,252.45138388085456,249.51818852403926,250.24851989746094,16135712,0.0,0.0,-0.0055484574113265905,0.011913514190802301,18390092.6,246.47869644165038,0,27,10,2021,2,NWG.L
2021-10-28 00:00:00+01:00,249.067110264971,251.54922045686604,246.70427698308586,248.53005981445312,20661380,0.0,0.0,-0.006867013973596903,0.012074929891326634,18273809.8,246.82775650024413,0,28,10,2021,3,NWG.L
2021-10-29 00:00:00+01:00,245.84497410669323,246.2800045741071,234.67508331111551,237.46755981445312,37338274,0.0,0.0,-0.0445117182535546,0.015753877816848463,19040144.45,246.7310920715332,0,29,10,2021,4,NWG.L
2021-11-01 00:00:00+00:00,237.2528376519782,246.28000520726127,234.70729993926727,241.1193084716797,24533793,0.0,0.0,0.015377884289036636,0.01613952252498562,19582695.2,246.8116439819336,0,1,11,2021,0,NWG.L
2021-11-02 00:00:00+00:00,241.65625707191526,242.19330746535516,237.78977120259924,239.93788146972656,14659204,0.0,0.0,-0.004899761074471876,0.01453359626287742,18559454.75,246.46795425415038,0,2,11,2021,1,NWG.L
2021-11-03 00:00:00+00:00,239.2934325665942,241.54885864257812,236.94126711023765,241.54885864257812,20947069,0.0,0.0,0.006714142689697944,0.014564997648226318,18314045.45,246.29610748291014,0,3,11,2021,2,NWG.L
2021-11-04 00:00:00+00:00,243.48213301540173,244.4713642956788,228.01612854003906,228.01612854003906,34709678,0.0,0.0,-0.05602481493221856,0.018978394529057023,19166737.7,245.6140998840332,0,4,11,2021,3,NWG.L
2021-11-05 00:00:00+00:00,227.1569589507684,233.38627861027734,224.68671858371994,232.8493194580078,36647357,0.0,0.0,0.02119670634228865,0.019652465617394026,19978273.95,245.10931167602538,0,5,11,2021,4,NWG.L
2021-11-08 00:00:00+00:00,231.99002985747373,235.82758716399425,230.70120616527527,233.49368286132812,17888184,0.0,0.0,0.0027672977735995197,0.01892806680611629,19695451.45,244.37897109985352,0,8,11,2021,0,NWG.L
2021-11-09 00:00:00+00:00,232.5270956237962,233.2788689130259,228.87543840059107,229.842041015625,16248683,0.0,0.0,-0.01563914621138518,0.019138911165298617,19589867.6,243.53048934936524,0,9,11,2021,1,NWG.L
2021-11-10 00:00:00+00:00,229.6272058751096,231.99113494115645,228.76802555362167,231.23826599121094,24619510,0.0,0.0,0.006074715354146276,0.019236948731025067,19663905.2,242.83237228393554,0,10,11,2021,2,NWG.L
2021-11-11 00:00:00+00:00,232.31223790822435,236.82318115234375,232.31223790822435,236.82318115234375,20572730,0.0,0.0,0.02415221000379364,0.020095594582818576,19996244.15,242.34906005859375,0,11,11,2021,3,NWG.L
2021-11-12 00:00:00+00:00,237.1454713601826,238.00465173738814,234.1381650355469,234.8899383544922,22169848,0.0,0.0,-0.008163232959057076,0.01951513701522536,20313318.0,241.53279724121094,0,12,11,2021,4,NWG.L
2021-11-15 00:00:00+00:00,232.63449314714921,237.3601443188977,232.31225680161077,235.85659790039062,10862384,0.0,0.0,0.00411537230019432,0.019583131906541228,19924255.9,240.80246047973634,0,15,11,2021,0,NWG.L
2021-11-16 00:00:00+00:00,236.7157769401238,240.15260423336142,236.1787265466839,239.93788146972656,37735156,0.0,0.0,0.017304089034047676,0.020076898991173306,21240147.7,240.25470657348632,0,16,11,2021,1,NWG.L
2021-11-17 00:00:00+00:00,240.47486709233047,244.55616748227484,240.3674600453448,240.90451049804688,21587250,0.0,0.0,0.004028663679112698,0.02011068176197199,21763008.95,239.81435317993163,0,17,11,2021,2,NWG.L
2021-11-18 00:00:00+00:00,240.58226498948767,242.19332497967963,237.78978839847989,239.40084838867188,9033144,0.0,0.0,-0.006241734977341484,0.019810071920193104,21498299.85,239.51362380981445,0,18,11,2021,3,NWG.L
2021-11-19 00:00:00+00:00,241.22674800833084,242.30074239444585,232.63450378170856,236.9306182861328,16418133,0.0,0.0,-0.010318384914528744,0.01979634176886096,21831099.4,238.9927230834961,0,19,11,2021,4,NWG.L
2021-11-22 00:00:00+00:00,238.541649391957,241.87106962923494,238.00459900187644,240.260009765625,11630983,0.0,0.0,0.014052179087598482,0.020016961691093398,21814137.0,238.5469985961914,0,22,11,2021,0,NWG.L
2021-11-23 00:00:00+00:00,238.11202683080305,241.22673979557095,237.57497639382157,238.86380004882812,10018377,0.0,0.0,-0.005811244735063892,0.01984795720410612,21220842.45,237.907950592041,0,23,11,2021,1,NWG.L
2021-11-24 00:00:00+00:00,239.1860170060195,242.14065397405986,238.46854470714698,239.93788146972656,9874778,0.0,0.0,0.004496627034648482,0.019891462772952073,20907795.75,237.3924186706543,0,24,11,2021,2,NWG.L
2021-11-25 00:00:00+00:00,240.26003457869308,241.7636875631324,238.7563968120273,241.65628051757812,4953587,0.0,0.0,0.007161849714291124,0.019954708684033793,20122406.1,237.04872970581056,0,25,11,2021,3,NWG.L
2021-11-26 00:00:00+00:00,231.02343723025473,231.09972392818307,223.50520281880125,223.61260986328125,27555497,0.0,0.0,-0.07466667373863012,0.024106224583331268,19633267.25,236.35598220825196,0,26,11,2021,4,NWG.L
2021-11-29 00:00:00+00:00,223.93485191736323,230.7012067542262,223.93485191736323,225.9755401611328,20184142,0.0,0.0,0.010567070878946705,0.02393959918110622,19415784.7,235.59879379272462,0,29,11,2021,0,NWG.L
2021-11-30 00:00:00+00:00,223.93482733181318,230.5937743903826,222.57618463946628,228.33834838867188,40460624,0.0,0.0,0.010456035311849465,0.02411957038449083,20705855.7,235.01881713867186,0,30,11,2021,1,NWG.L
2021-12-01 00:00:00+00:00,229.8420187950689,233.38626862161,228.66060218622187,231.56048583984375,12734449,0.0,0.0,0.014111240945332781,0.024319165725199626,20295224.7,234.51939849853517,0,1,12,2021,2,NWG.L
2021-12-02 00:00:00+00:00,228.016137247066,233.81590436456915,228.016137247066,233.38626098632812,19617799,0.0,0.0,0.007884657608410617,0.020760148670666792,19540630.75,234.78790512084962,0,2,12,2021,3,NWG.L
2021-12-03 00:00:00+00:00,236.28616238801098,237.78980019210474,231.40041998665356,232.8493194580078,21129700,0.0,0.0,-0.0023006561142506765,0.020237747792966096,18764747.9,234.78790512084962,0,3,12,2021,4,NWG.L
2021-12-06 00:00:00+00:00,234.13814403526442,235.8566111599703,231.88262644965087,232.63450622558594,16589422,0.0,0.0,-0.0009225418091058923,0.020229943973042876,18699809.8,234.7449462890625,0,6,12,2021,0,NWG.L
2021-12-07 00:00:00+00:00,237.467570872082,238.976595716187,234.78250128324342,238.5416717529297,24490916,0.0,0.0,0.025392473469157517,0.02063514832796164,19111921.45,235.17992782592773,0,7,12,2021,1,NWG.L
2021-12-08 00:00:00+00:00,238.64906560362164,240.9044916718741,234.3529514554381,238.00460815429688,20851586,0.0,0.0,-0.002251445605651159,0.02063406198405589,18923525.25,235.51824493408202,0,8,12,2021,2,NWG.L
2021-12-09 00:00:00+00:00,236.7158108226089,237.46758408728923,233.8159269833299,235.31956481933594,22226211,0.0,0.0,-0.011281476252847367,0.020115177617322465,19006199.3,235.44306411743165,0,9,12,2021,3,NWG.L
2021-12-10 00:00:00+00:00,234.03070873517677,235.74917565243467,231.77519142184227,231.99000549316406,9828236,0.0,0.0,-0.014149096904577885,0.020284976523606276,18389118.7,235.29806747436524,0,10,12,2021,4,NWG.L
2021-12-13 00:00:00+00:00,233.06412871081798,233.387354200757,229.30495843529147,230.2716522216797,17273424,0.0,0.0,-0.007407014228184128,0.020313032879003216,18709670.7,235.0188201904297,0,13,12,2021,0,NWG.L
2021-12-14 00:00:00+00:00,231.13084625325178,234.67509613815102,230.70120285388052,234.35296630859375,15642055,0.0,0.0,0.01772391020578179,0.020333144737749886,17605015.65,234.73957443237305,0,14,12,2021,1,NWG.L
2021-12-15 00:00:00+00:00,234.1381403607485,239.17526911657865,233.49368286132812,233.49368286132812,26035321,0.0,0.0,-0.003666620742210358,0.02030629255820584,17827419.2,234.3690330505371,0,15,12,2021,2,NWG.L
2021-12-16 00:00:00+00:00,236.07131822772408,244.01919581237348,232.8493048145765,240.15261840820312,42498125,0.0,0.0,0.028518696802730004,0.021328205066380734,19500668.25,234.40662155151367,0,16,12,2021,3,NWG.L
2021-12-17 00:00:00+00:00,238.54166830393913,241.22673785395529,234.88990493158252,235.64178466796875,39538504,0.0,0.0,-0.018783196161396898,0.02163347245205649,20656686.8,234.34217987060546,0,17,12,2021,4,NWG.L
2021-12-20 00:00:00+00:00,231.2382419261688,234.89099435651454,229.51977493761396,233.38626098632812,20192116,0.0,0.0,-0.009571832452460738,0.021467624812320715,21084743.45,233.9984924316406,0,20,12,2021,0,NWG.L
2021-12-21 00:00:00+00:00,235.64179909308214,239.50827026367188,234.67510521156424,239.50827026367188,15676667,0.0,0.0,0.026231232513307168,0.02228734829525418,21367657.95,234.0307159423828,0,21,12,2021,1,NWG.L
2021-12-22 00:00:00+00:00,240.0453285379296,241.97851841023385,238.21943918744702,241.3341522216797,16667958,0.0,0.0,0.0076234610019843,0.022328695237316624,21707316.95,234.10052947998048,0,22,12,2021,2,NWG.L
2021-12-23 00:00:00+00:00,241.8711032543702,244.5561729647903,240.8991288066775,243.26734924316406,13412626,0.0,0.0,0.008010457714698438,0.02234275562877577,22130268.9,234.18108291625975,0,23,12,2021,3,NWG.L
2021-12-24 00:00:00+00:00,241.97852634324101,244.9858172120538,241.54888292643378,243.05252075195312,1506753,0.0,0.0,-0.0008830962802007791,0.013675282676868905,20827831.7,235.15307846069337,0,24,12,2021,4,NWG.L
2021-12-29 00:00:00+00:00,244.44874530341306,245.4154391019912,243.26732873079771,244.55615234375,7040592,0.0,0.0,0.006186447221962377,0.013603929634316333,20170654.2,236.0821090698242,0,29,12,2021,2,NWG.L
2021-12-30 00:00:00+00:00,243.8043710143729,244.4487371460278,242.62295448118203,242.8377685546875,6545098,0.0,0.0,-0.007026540827511529,0.013731455577469033,18474877.9,236.807080078125,0,30,12,2021,3,NWG.L
2021-12-31 00:00:00+00:00,240.5822528472137,242.4081268310547,240.5822528472137,242.4081268310547,4187808,0.0,0.0,-0.0017692541246361326,0.013523162535608231,18047545.85,237.34946212768554,0,31,12,2021,4,NWG.L
2022-01-04 00:00:00+00:00,242.7303689283625,253.14839527826499,242.7303689283625,252.28919982910156,26358108,0.0,0.0,0.04076213585418875,0.015999374117025913,18384561.3,238.29460906982422,0,4,1,2022,1,NWG.L
2022-01-05 00:00:00+00:00,251.85959106406142,257.12230816429746,250.78558145212753,254.9742889404297,27454593,0.0,0.0,0.01064290153184122,0.015991952193994872,18700805.95,239.4008575439453,0,5,1,2022,2,NWG.L
2022-01-06 00:00:00+00:00,252.82613706343574,261.6332092285156,251.3224842864193,261.6332092285156,32904140,0.0,0.0,0.026116046114915026,0.016624752359008458,19516541.85,240.8507926940918,0,6,1,2022,3,NWG.L
2022-01-07 00:00:00+00:00,262.2777147608284,265.6071509046045,259.4852530293515,264.7479553222656,26115226,0.0,0.0,0.011905010464591026,0.016061616550440486,19597757.35,242.1611068725586,0,7,1,2022,4,NWG.L
2022-01-10 00:00:00+00:00,266.03682249580277,268.0774044941389,264.64056112665827,265.2849426269531,21233626,0.0,0.0,0.0020282963244564467,0.01598338047385362,19616859.35,243.5251235961914,0,10,1,2022,0,NWG.L
2022-01-11 00:00:00+00:00,263.0294922694954,265.1776028775698,261.8480755666004,263.7813720703125,31957648,0.0,0.0,-0.005667756872107743,0.015719157285385466,20103431.2,244.94821395874024,0,11,1,2022,1,NWG.L
2022-01-12 00:00:00+00:00,262.2776811501788,263.8886650517305,260.77404342045025,261.8480529785156,18216951,0.0,0.0,-0.007329247992847399,0.01533188850058471,20522866.95,246.4411163330078,0,12,1,2022,2,NWG.L
2022-01-13 00:00:00+00:00,261.5258130278956,267.00332833801696,260.45180354712613,266.57379150390625,21012628,0.0,0.0,0.018047636679499712,0.015200405265883496,20709827.15,248.25622329711913,0,13,1,2022,3,NWG.L
2022-01-14 00:00:00+00:00,265.2848861975046,269.6884226209464,264.7479118733306,267.97003173828125,17184335,0.0,0.0,0.005237725083542255,0.01501168491459225,20786941.15,249.93707656860352,0,14,1,2022,4,NWG.L
2022-01-17 00:00:00+00:00,269.58101374822047,272.48091280368453,268.29219001393545,272.1587829589844,16612039,0.0,0.0,0.015631416668242082,0.014921380007730863,20315777.05,251.87033157348634,0,17,1,2022,0,NWG.L
2022-01-18 00:00:00+00:00,270.6551696517484,273.125410293734,268.82928006420235,269.9032897949219,18910338,0.0,0.0,-0.008287416410156512,0.014494610334499523,19136387.7,253.35786514282228,0,18,1,2022,1,NWG.L
2022-01-19 00:00:00+00:00,269.47359277313234,270.8698539212646,266.8959454377582,268.0773620605469,41441031,0.0,0.0,-0.006765118482854993,0.01363890889738233,19231514.05,254.97964401245116,0,19,1,2022,2,NWG.L
2022-01-20 00:00:00+00:00,266.7885166380272,267.5672100411566,261.0961567714143,262.1702575683594,39780920,0.0,0.0,-0.02203507393083548,0.014661004331697432,20210954.25,256.41884384155276,0,20,1,2022,3,NWG.L
2022-01-21 00:00:00+00:00,259.2703917170454,261.52581775453314,255.4038905581978,257.7667236328125,14828004,0.0,0.0,-0.016796466450427427,0.01468259620660596,20168521.1,257.33176651000974,0,21,1,2022,4,NWG.L
2022-01-24 00:00:00+00:00,256.6927583171161,257.1222951819968,245.73757473437647,246.91908264160156,24829089,0.0,0.0,-0.04208317054401234,0.017860971337595684,20576577.65,257.6110130310059,0,24,1,2022,0,NWG.L
2022-01-25 00:00:00+00:00,251.21520815455006,256.5637987972573,249.6041481904806,255.40390014648438,24637865,0.0,0.0,0.03436274513136106,0.019296662088820186,21137839.6,258.21784057617185,0,25,1,2022,1,NWG.L
2022-01-26 00:00:00+00:00,257.6593587859718,265.2849248796394,256.8001936549065,262.2777099609375,29184594,0.0,0.0,0.026913488049754575,0.020019034165522465,22521731.65,259.1791000366211,0,26,1,2022,2,NWG.L
2022-01-27 00:00:00+00:00,261.52582307046856,269.58098579218967,260.2369690342915,263.9960632324219,22377991,0.0,0.0,0.006551655768766151,0.0200212963996945,23288601.6,260.1510955810547,0,27,1,2022,3,NWG.L
2022-01-28 00:00:00+00:00,264.74788066905035,265.9292970882949,259.37777283371133,260.4517822265625,25616717,0.0,0.0,-0.013425507041516016,0.020256891170381826,24242182.55,261.03179626464845,0,28,1,2022,4,NWG.L
2022-01-31 00:00:00+00:00,262.1702495566362,262.59978638143696,259.3777884445074,260.3443908691406,15021286,0.0,0.0,-0.0004123272127524169,0.020239867063028858,24783856.45,261.92860946655276,0,31,1,2022,0,NWG.L
2022-02-01 00:00:00+00:00,262.7072821164477,264.96279987117566,261.79223729947927,264.7479553222656,20347941,0.0,0.0,0.016914381901695696,0.01858027509370333,24483348.1,262.5515472412109,0,1,2,2022,1,NWG.L
2022-02-02 00:00:00+00:00,266.7884808876277,271.7290517102986,264.96271369562635,271.1920166015625,17657235,0.0,0.0,0.0243403627856269,0.019137311821322254,23993480.2,263.36243362426757,0,2,2,2022,2,NWG.L
2022-02-03 00:00:00+00:00,271.9439110778701,277.2066119472871,264.533069655901,271.2994384765625,25108547,0.0,0.0,0.0003961100195579714,0.018369518083973187,23603700.55,263.8457450866699,0,3,2,2022,3,NWG.L
2022-02-04 00:00:00+00:00,273.34020199357235,274.0919600465317,262.7072691343084,264.2109069824219,20403187,0.0,0.0,-0.026128072855384876,0.019235792075008397,23318098.6,263.8188926696777,0,4,2,2022,4,NWG.L
2022-02-07 00:00:00+00:00,266.46638859139114,267.5414937683824,262.9220476820563,265.49969482421875,21069266,0.0,0.0,0.004877875241852125,0.0192615601431561,23309880.6,263.829630279541,0,7,2,2022,0,NWG.L
2022-02-08 00:00:00+00:00,266.57380439575184,268.39957190448575,264.74791514483553,267.1107482910156,19907661,0.0,0.0,0.006068004966497398,0.019251602766296234,22707381.25,263.9960990905762,0,8,2,2022,1,NWG.L
2022-02-09 00:00:00+00:00,268.3995590260768,270.54766929506235,263.9960531950559,270.3328552246094,16164630,0.0,0.0,0.012062812725466499,0.019308670603508875,22604765.2,264.4203392028809,0,9,2,2022,2,NWG.L
2022-02-10 00:00:00+00:00,271.19207319315893,273.23277659666417,269.47359092213554,272.2660827636719,23775687,0.0,0.0,0.007151285911792815,0.018976173620127917,22742918.15,264.70495376586916,0,10,2,2022,3,NWG.L
2022-02-11 00:00:00+00:00,269.9032063538788,272.2037985222476,266.5737711308388,271.72906494140625,21313381,0.0,0.0,-0.001972400736862112,0.01896448775575917,22949370.45,264.8929054260254,0,11,2,2022,4,NWG.L
2022-02-14 00:00:00+00:00,263.8887013113112,266.81440990867327,257.60561670400824,260.55926513671875,22264820,0.0,0.0,-0.04110638590353255,0.020795168753577627,23232009.5,264.3129295349121,0,14,2,2022,0,NWG.L
2022-02-15 00:00:00+00:00,259.3778169135985,265.2849000136989,257.2297064562113,264.5331115722656,15224465,0.0,0.0,0.01525121907855298,0.021082839181806232,23047715.85,264.0444206237793,0,15,2,2022,1,NWG.L
2022-02-16 00:00:00+00:00,265.6071185181124,267.75522895423313,260.39807473537155,261.41839599609375,39639042,0.0,0.0,-0.011774388308742889,0.02118703530455246,22957616.4,263.71147232055665,0,16,2,2022,2,NWG.L
2022-02-17 00:00:00+00:00,261.20354956971363,262.7072175581674,255.02790403041283,258.0889587402344,23825082,0.0,0.0,-0.012736048062620409,0.020800607821687002,22159824.5,263.5074073791504,0,17,2,2022,3,NWG.L
2022-02-18 00:00:00+00:00,250.46335783616078,257.9816081156078,246.91910767507437,251.85960388183594,41182859,0.0,0.0,-0.024136463988249313,0.02116342470622342,23477567.25,263.21205139160156,0,18,2,2022,4,NWG.L
2022-02-21 00:00:00+00:00,252.18181220897029,258.94597575490803,250.8929885004305,254.9742889404297,34359186,0.0,0.0,0.012366751200224346,0.018982612082175027,23954072.1,263.614811706543,0,21,2,2022,0,NWG.L
2022-02-22 00:00:00+00:00,250.35588729239205,259.9147169915969,247.2411748296221,256.4778747558594,39616743,0.0,0.0,0.005897009544287624,0.017413170908603344,24703016.0,263.6685104370117,0,22,2,2022,1,NWG.L
2022-02-23 00:00:00+00:00,258.4111401914401,261.3110088467792,254.75948304487486,256.6927795410156,23187277,0.0,0.0,0.0008379076961737564,0.016257845648977053,24403150.15,263.38926391601564,0,23,2,2022,2,NWG.L
2022-02-24 00:00:00+00:00,241.76366858972045,250.67814831565406,241.76366858972045,242.62295532226562,46138358,0.0,0.0,-0.05481192047516026,0.020103333725427334,25591168.5,262.3206085205078,0,24,2,2022,3,NWG.L
2022-02-25 00:00:00+00:00,247.02647999345157,254.38354211564197,243.37471699262485,253.14837646484375,29833865,0.0,0.0,0.04338180255284452,0.02256628632923974,25802025.9,261.9554382324219,0,25,2,2022,4,NWG.L
2022-02-28 00:00:00+00:00,245.63027504011941,246.70428466796875,240.36746655525184,246.70428466796875,37418626,0.0,0.0,-0.025455789552614183,0.023207352811023856,26921892.9,261.27343292236327,0,28,2,2022,0,NWG.L
2022-03-01 00:00:00+00:00,244.23400973667327,249.17019843733036,232.5270538330078,232.5270538330078,27992117,0.0,0.0,-0.057466496190131444,0.025763506656646454,27304101.7,259.6623878479004,0,1,3,2022,1,NWG.L
2022-03-02 00:00:00+00:00,230.05682878921834,237.48800212823392,229.30496427940568,236.28614807128906,32384133,0.0,0.0,0.016166266145447805,0.025315332613144528,28040446.6,257.9170944213867,0,2,3,2022,2,NWG.L
2022-03-03 00:00:00+00:00,237.03803590533025,239.8305127404142,229.51980094728978,230.7012176513672,24795402,0.0,0.0,-0.023636300585156866,0.02553733695012194,28024789.35,255.88718338012694,0,3,3,2022,3,NWG.L
2022-03-04 00:00:00+00:00,228.76802152833486,230.48639735884942,217.49072265625,217.49072265625,40777953,0.0,0.0,-0.05726235487443643,0.027583080261824017,29043527.65,253.55117416381836,0,4,3,2022,4,NWG.L
2022-03-07 00:00:00+00:00,210.88540669885396,211.85200922342545,196.38598838594893,207.1263427734375,52371083,0.0,0.0,-0.047654353970737806,0.028641338503390828,30608618.5,250.63250656127929,0,7,3,2022,0,NWG.L
2022-03-08 00:00:00+00:00,204.81716251651864,218.24247963302687,203.47457449910794,212.0668182373047,31088924,0.0,0.0,0.023852472832348814,0.029493309439018005,31167681.65,247.88031005859375,0,8,3,2022,1,NWG.L
2022-03-09 00:00:00+00:00,222.75340923061304,226.19023650870045,217.44023066695033,224.9014129638672,27356630,0.0,0.0,0.060521465985312606,0.033244177321604014,31727281.65,245.60873794555664,0,9,3,2022,2,NWG.L
2022-03-10 00:00:00+00:00,226.29764552353566,226.72728888370756,219.32723631209598,220.6053009033203,23781600,0.0,0.0,-0.019102201288691334,0.03310630547785754,31727577.3,243.02569885253905,0,10,3,2022,3,NWG.L
2022-03-11 00:00:00+00:00,224.1496445862703,228.98271776460584,220.8319876098939,223.72000122070312,30020274,0.0,0.0,0.014118882477569317,0.033503328353927796,32162921.95,240.6252456665039,0,11,3,2022,4,NWG.L
2022-03-14 00:00:00+00:00,227.47919095252817,234.56769077310602,226.19026074518104,233.92332458496094,28587926,0.0,0.0,0.04560755993467058,0.03473662134771629,32479077.25,239.293448638916,0,14,3,2022,0,NWG.L
2022-03-15 00:00:00+00:00,231.13085893991598,234.67510901935745,227.6939246051234,231.23826599121094,20335133,0.0,0.0,-0.011478370523820058,0.03443740055982464,32734610.65,237.6287063598633,0,15,3,2022,1,NWG.L
2022-03-16 00:00:00+00:00,236.28617231340874,238.86381983696126,235.10475560437203,237.78981018066406,62989127,0.0,0.0,0.02833243953534126,0.03525007604490918,33902114.9,236.4472770690918,0,16,3,2022,2,NWG.L
2022-03-17 00:00:00+00:00,237.44058819015302,237.44058819015302,223.90327749776685,228.523193359375,44707429,8.0769005,0.0,-0.038969780976941926,0.03606571029502533,34946232.25,234.96898880004883,0,17,3,2022,3,NWG.L
2022-03-18 00:00:00+00:00,229.0603312719455,231.42405656058298,226.91159942877493,230.13479614257812,44949082,0.0,0.0,0.007052250406236471,0.03588880545236152,35134543.4,233.88274841308595,0,18,3,2022,4,NWG.L
2022-03-21 00:00:00+00:00,230.34968860444204,234.96949764768806,230.13478650555643,231.85374450683594,30741253,0.0,0.0,0.007469310999770995,0.03578864943744881,34953646.75,232.72672119140626,0,21,3,2022,0,NWG.L
2022-03-22 00:00:00+00:00,233.5727830598998,240.67994237688296,233.5727830598998,239.0521697998047,27606228,0.0,0.0,0.03104726778633715,0.03659234469870868,34353121.0,231.8554359436035,0,22,3,2022,1,NWG.L
2022-03-23 00:00:00+00:00,239.15963001261818,241.63070720465103,236.68853759765625,236.68853759765625,27534649,0.0,0.0,-0.009887516202542246,0.03661369155305912,34570489.6,230.85522384643554,0,23,3,2022,2,NWG.L
2022-03-24 00:00:00+00:00,233.0356564356615,243.02742441393983,233.0356564356615,240.87869262695312,33153990,0.0,0.0,0.017703244406451324,0.034801086147356886,33921271.2,230.76801071166992,0,24,3,2022,3,NWG.L
2022-03-25 00:00:00+00:00,240.23402191442707,242.06053009780413,236.90347290039062,236.90347290039062,27137559,0.0,0.0,-0.01650299444591763,0.033441420682996666,33786455.9,229.95576553344728,0,25,3,2022,4,NWG.L
2022-03-28 00:00:00+01:00,239.48197674730463,242.70518864238767,236.1492358697005,236.1513214111328,42840670,0.0,0.0,-0.003174928083785722,0.033014561282342286,34057558.1,229.42811737060546,0,28,3,2022,0,NWG.L
2022-03-29 00:00:00+01:00,236.36621564802252,243.1348629756274,234.00258180619147,241.7381591796875,17101824,0.0,0.0,0.023657872143887593,0.030700039136801593,33513043.45,229.88867263793946,0,29,3,2022,1,NWG.L
2022-03-30 00:00:00+01:00,241.20099615806694,241.5630430611307,235.50670760910225,235.61416625976562,21484920,0.0,0.0,-0.025333166020221953,0.031119704281619233,32968082.8,229.85507354736328,0,30,3,2022,2,NWG.L
2022-03-31 00:00:00+01:00,238.30014641095795,239.8043088329801,231.85373820556714,231.961181640625,26240851,0.0,0.0,-0.015504095857772793,0.030842133527347996,33040355.25,229.91807174682617,0,31,3,2022,3,NWG.L
2022-04-01 00:00:00+01:00,232.60585347299065,236.0438606605555,231.53149525553792,234.11001586914062,12614615,0.0,0.0,0.009263766520403394,0.02768492304557149,31632188.35,230.7490364074707,0,1,4,2022,4,NWG.L
2022-04-04 00:00:00+01:00,232.82075806838654,233.7876728630372,228.84551844905477,231.2091522216797,20124564,0.0,0.0,-0.012391027511964414,0.025232986899758388,30019862.4,231.95317687988282,0,4,4,2022,0,NWG.L
2022-04-05 00:00:00+01:00,232.49842202919007,233.46535208622439,228.41573880890277,229.4901123046875,27677600,0.0,0.0,-0.00743499943870729,0.0250248095736856,29849296.2,232.82434158325196,0,5,4,2022,1,NWG.L
2022-04-06 00:00:00+01:00,229.59755569634234,231.20916160847838,223.0974712201534,226.3743438720703,25541489,0.0,0.0,-0.013576917982768943,0.021490923649111305,29758539.15,232.89798812866212,0,6,4,2022,2,NWG.L
2022-04-07 00:00:00+01:00,226.80413240846894,231.85374567492636,226.26689999294294,228.2008514404297,24974815,0.0,0.0,0.008068527277064419,0.02103759036064796,29818199.9,233.27776565551758,0,7,4,2022,3,NWG.L
2022-04-08 00:00:00+01:00,230.99429621315429,234.2174931142491,230.6719506440617,232.49844360351562,9356026,0.0,0.0,0.018832498371320838,0.021207359354049445,28784987.5,233.7166877746582,0,8,4,2022,4,NWG.L
2022-04-11 00:00:00+01:00,233.46534685060234,237.11833234861643,233.03564921988615,235.29183959960938,17344791,0.0,0.0,0.012014686863269342,0.01877411756380801,28222830.75,233.7851135253906,0,11,4,2022,0,NWG.L
2022-04-12 00:00:00+01:00,233.25045097273883,236.15131727076533,230.77937365446238,232.06863403320312,13273025,0.0,0.0,-0.013698756284498015,0.018854817685729892,27869725.35,233.82663192749024,0,12,4,2022,1,NWG.L
2022-04-13 00:00:00+01:00,231.63895475705553,235.1844056237707,231.63895475705553,233.5727996826172,10198300,0.0,0.0,0.006481555147167528,0.017748556975081747,25230184.0,233.61578140258788,0,13,4,2022,2,NWG.L
2022-04-14 00:00:00+01:00,233.68023372328418,235.93651544058434,232.49841681525209,235.29183959960938,9858485,0.0,0.0,0.007359760722687181,0.015359496193280246,23487736.8,233.9542137145996,0,14,4,2022,3,NWG.L
2022-04-19 00:00:00+01:00,236.6885465882966,239.05218043639638,235.07695591305804,236.79600524902344,13028652,0.0,0.0,0.006392765902861974,0.015347815984412158,21891715.3,234.2872741699219,0,19,4,2022,1,NWG.L
2022-04-20 00:00:00+01:00,238.40758459929145,243.77954311295164,237.65546534750928,242.70516967773438,12434391,0.0,0.0,0.02495466265360613,0.016178900265403095,20976372.2,234.8298454284668,0,20,4,2022,2,NWG.L
2022-04-21 00:00:00+01:00,243.134850915201,244.9076827691426,241.20100614227457,243.2423095703125,19936839,0.0,0.0,0.002213137418091815,0.0147111897202001,20592902.75,235.0393524169922,0,21,4,2022,3,NWG.L
2022-04-22 00:00:00+01:00,240.12665250463698,244.10187689589333,238.40758800286005,239.26707458496094,14285081,0.0,0.0,-0.016342695447900568,0.015029353443741017,19930424.35,235.16827926635742,0,22,4,2022,4,NWG.L
2022-04-25 00:00:00+01:00,234.75461202495075,237.97782384391738,233.46535165405177,234.432373046875,21049783,0.0,0.0,-0.02020629686082942,0.015155333094095726,19325214.0,234.84596328735353,0,25,4,2022,0,NWG.L
2022-04-26 00:00:00+01:00,240.66377719292436,242.06049616244374,236.0438617724317,236.68853759765625,23506379,0.0,0.0,0.009623946221497759,0.014894832490883025,19143655.0,234.8352165222168,0,26,4,2022,1,NWG.L
2022-04-27 00:00:00+01:00,236.47365395297538,241.8455973680446,235.8290694565409,238.1927032470703,18611713,0.0,0.0,0.006355042219961637,0.014938269754648056,17932207.15,234.93728561401366,0,27,4,2022,2,NWG.L
2022-04-28 00:00:00+01:00,240.878698450778,243.24233239717688,238.51506450437913,239.4819793701172,14335749,0.0,0.0,0.005412743990354407,0.013978220498869135,17793903.4,234.82447662353516,0,28,4,2022,3,NWG.L
2022-04-29 00:00:00+01:00,244.63904093157865,244.63904093157865,224.9787478186497,234.2174835205078,34476072,0.0,0.0,-0.021982847575654718,0.013680287568800412,18443461.0,234.75464248657227,0,29,4,2022,4,NWG.L
2022-05-03 00:00:00+01:00,237.3332318802755,238.94473117868495,233.83067940932094,238.1927032470703,19969027,0.0,0.0,0.016972344108608928,0.013696575763105881,18129869.8,235.06621856689452,0,3,5,2022,1,NWG.L
2022-05-04 00:00:00+01:00,238.94474702821566,239.35847582887038,236.15132408874464,236.36622619628906,15342337,0.0,0.0,-0.007668064663117313,0.013709221426155186,18266255.9,235.17902908325195,0,4,5,2022,2,NWG.L
2022-05-05 00:00:00+01:00,240.12664763968567,240.34142794328432,225.29997159631125,225.8372039794922,39618293,0.0,0.0,-0.044545375141933796,0.01683755502831809,19240942.35,234.9104316711426,0,5,5,2022,3,NWG.L
2022-05-06 00:00:00+01:00,225.6223307184204,226.80414773025063,222.21008032766665,225.08509826660156,19304487,0.0,0.0,-0.0033303003209290694,0.0167804058683701,18822286.7,234.69018096923827,0,6,5,2022,4,NWG.L
2022-05-09 00:00:00+01:00,224.54793129174976,225.72974808735344,219.28123965417078,219.2833251953125,23671276,0.0,0.0,-0.025775909271510966,0.017475316755251654,18728776.05,234.33563003540038,0,9,5,2022,0,NWG.L
2022-05-10 00:00:00+01:00,220.2503937345928,223.6884014329654,218.74624633789062,218.74624633789062,16384347,0.0,0.0,-0.0024492462294773976,0.01733167225804111,18299252.65,233.86289978027344,0,10,5,2022,1,NWG.L
2022-05-11 00:00:00+01:00,220.35783892947865,222.1842252244102,217.17761654438368,220.7875213623047,30799630,0.0,0.0,0.00933170309702569,0.016855164242393715,19371432.85,233.2773536682129,0,11,5,2022,2,NWG.L
2022-05-12 00:00:00+01:00,216.91970855458302,224.33304674635133,215.01809068085117,223.15122985839844,24394806,0.0,0.0,0.010705806566916332,0.016798514759984347,19723933.6,232.67032318115236,0,12,5,2022,3,NWG.L
2022-05-13 00:00:00+01:00,223.9032802559337,227.31015693690736,223.68839336533713,225.62232971191406,22420038,0.0,0.0,0.011073655543299754,0.016843311691316813,20181284.25,232.3480079650879,0,13,5,2022,4,NWG.L
2022-05-16 00:00:00+01:00,224.3330326944893,226.37432081605652,223.25867453127717,225.72975158691406,13132290,0.0,0.0,0.00047611366808042455,0.016751104732242436,20327983.75,231.95585556030272,0,16,5,2022,0,NWG.L
2022-05-17 00:00:00+01:00,227.34137017861585,230.56447529619896,226.80412256348058,228.63063049316406,16194825,0.0,0.0,0.012851114599898183,0.0169490363192571,20644800.75,231.62279510498047,0,17,5,2022,1,NWG.L
2022-05-18 00:00:00+01:00,230.0273491244301,231.20916608158694,227.3413848876953,227.3413848876953,12554538,0.0,0.0,-0.0056389889783700076,0.016875101233426653,20621095.05,231.15006408691406,0,18,5,2022,2,NWG.L
2022-05-19 00:00:00+01:00,225.51485156450093,227.7710417851375,222.61398554834628,224.65538024902344,26993542,0.0,0.0,-0.01181485122032988,0.01576180529461732,21349052.6,230.24757461547853,0,19,5,2022,3,NWG.L
2022-05-20 00:00:00+01:00,228.30830560589845,228.84553804666606,225.085093636459,225.94467163085938,13742387,0.0,0.0,0.005738973980533135,0.015851321751972396,21039330.0,229.38269271850587,0,20,5,2022,4,NWG.L
2022-05-23 00:00:00+01:00,229.38265294324583,233.14309692382812,227.98593400523387,233.14309692382812,20814908,0.0,0.0,0.031859238994267125,0.01739485826272951,21365821.35,229.0764938354492,0,23,5,2022,0,NWG.L
2022-05-24 00:00:00+01:00,231.5315072056119,234.6471690314275,230.1347881705826,232.60586547851562,14250171,0.0,0.0,-0.0023042991724864237,0.016813570195172135,21025840.75,228.98516845703125,0,24,5,2022,1,NWG.L
2022-05-25 00:00:00+01:00,235.50675069836996,236.7960263982975,232.4984407318724,235.39930725097656,10154297,0.0,0.0,0.012009335047137748,0.01689560007753296,20358236.65,228.92070693969725,0,25,5,2022,2,NWG.L
2022-05-26 00:00:00+01:00,235.18438707488912,241.63070377057446,234.8620415553935,240.12664794921875,15606209,0.0,0.0,0.020082220094225,0.017443127123026564,20207961.45,229.01740417480468,0,26,5,2022,3,NWG.L
2022-05-27 00:00:00+01:00,240.34142373451286,246.46550135606807,240.23398030434396,244.10186767578125,15830742,0.0,0.0,0.016554679626407776,0.017781249135408708,20282711.1,229.2483985900879,0,27,5,2022,4,NWG.L
2022-05-30 00:00:00+01:00,245.06882751875523,249.62100130910312,245.06882751875523,245.9282989501953,10898897,0.0,0.0,0.00748225030723626,0.016969572036026722,19103852.35,229.83393936157228,0,30,5,2022,0,NWG.L
2022-05-31 00:00:00+01:00,245.92829751503993,248.39080440238658,243.5646635605229,245.17626953125,25726608,0.0,0.0,-0.0030579214435896285,0.01666380883316969,19391731.4,230.18311767578126,0,31,5,2022,1,NWG.L
2022-06-01 00:00:00+01:00,247.86223675234413,249.68872951781782,243.3497646146387,243.5646514892578,13738712,0.0,0.0,-0.006573303546356324,0.01663360561615929,19311550.15,230.54303894042968,0,1,6,2022,2,NWG.L
2022-06-06 00:00:00+01:00,245.8208371793823,250.44075266587947,245.60604164645642,247.53988647460938,22500001,0.0,0.0,0.016321066957152075,0.012885793898940331,18455635.55,231.62817306518554,0,6,6,2022,0,NWG.L
2022-06-07 00:00:00+01:00,246.89530090340736,247.75477226702833,244.85390608838108,244.96136474609375,29372224,0.0,0.0,-0.010416590898695843,0.013210880292895454,18959022.4,232.62198638916016,0,7,6,2022,1,NWG.L
2022-06-08 00:00:00+01:00,244.96136697138977,247.32498555173316,244.42411934673368,247.00274658203125,20221035,0.0,0.0,0.008333484907113498,0.011163860413634902,18786510.35,234.0079574584961,0,8,6,2022,2,NWG.L
2022-06-09 00:00:00+01:00,246.25063673215845,250.87055241731323,245.28370666503906,245.28370666503906,18847330,0.0,0.0,-0.006959598388195598,0.011387441501955642,18909659.5,235.3348304748535,0,9,6,2022,3,NWG.L
2022-06-10 00:00:00+01:00,246.0357303996648,246.57296281271394,238.08526611328125,238.08526611328125,32829660,0.0,0.0,-0.029347406110378338,0.013788010475577638,19011161.0,236.19971771240233,0,10,6,2022,4,NWG.L
2022-06-13 00:00:00+01:00,237.33323444422774,238.1927058203076,233.46534685060234,235.29183959960938,35764433,0.0,0.0,-0.011732882757821583,0.014111522436831527,19579642.35,236.8067481994629,0,13,6,2022,0,NWG.L
2022-06-14 00:00:00+01:00,237.3332507059833,241.79194049862176,236.3662292667971,237.87037658691406,36792376,0.0,0.0,0.010958888296731972,0.014107981055788423,20298259.25,237.41915054321288,0,14,6,2022,1,NWG.L
2022-06-15 00:00:00+01:00,239.9117646860631,247.53989884263564,239.9117646860631,242.92007446289062,27035603,0.0,0.0,0.021228779928094577,0.014684038839284576,20993424.9,238.2786666870117,0,15,6,2022,2,NWG.L
2022-06-16 00:00:00+01:00,241.73816146350882,242.59773941758655,231.3166046142578,231.3166046142578,30642287,0.0,0.0,-0.04776661572448759,0.018478558690241755,21715798.0,238.4129653930664,0,16,6,2022,3,NWG.L
2022-06-17 00:00:00+01:00,233.78767611505518,237.44057025917107,230.94059251696623,232.71331787109375,64329765,0.0,0.0,0.006038102016779456,0.01845059328149987,24304559.35,238.68156204223632,0,17,6,2022,4,NWG.L
2022-06-20 00:00:00+01:00,233.68024832776322,239.05219213660064,231.53151647301956,237.11834716796875,20432639,0.0,0.0,0.018928995285586003,0.01857791363357413,23976514.2,239.3047103881836,0,20,6,2022,0,NWG.L
2022-06-21 00:00:00+01:00,237.01089623137372,241.63072056982523,235.82907928684614,237.76292419433594,27613919,0.0,0.0,0.002718376853017457,0.018565626946969196,24670090.8,239.89562301635743,0,21,6,2022,1,NWG.L
2022-06-22 00:00:00+01:00,243.4572023279138,248.18456122909123,240.00843247900238,244.96136474609375,32464966,0.0,0.0,0.030275706677775238,0.01843774314957839,25252593.7,240.4865364074707,0,22,6,2022,2,NWG.L
2022-06-23 00:00:00+01:00,243.3497874536043,244.20936547861356,234.96951823847195,235.39930725097656,23737222,0.0,0.0,-0.03903496171744636,0.020652332797084557,25726946.25,240.62620849609374,0,23,6,2022,3,NWG.L
2022-06-24 00:00:00+01:00,236.6885533578408,239.3745328190836,233.6802435739875,237.9778289794922,18327751,0.0,0.0,0.010953820377077372,0.02062351470482527,26135618.95,240.75513458251953,0,24,6,2022,4,NWG.L
2022-06-27 00:00:00+01:00,238.19272214095298,240.66379956267295,236.68855959790548,237.87037658691406,13046231,0.0,0.0,-0.0004515227029295854,0.020115271107258758,26007620.05,240.6423210144043,0,27,6,2022,0,NWG.L
2022-06-28 00:00:00+01:00,239.26709030429646,242.92007597043965,237.1183432620178,240.5563507080078,18520951,0.0,0.0,0.011291755449474028,0.01991693374570313,26142130.5,240.4650451660156,0,28,6,2022,1,NWG.L
2022-06-29 00:00:00+01:00,238.40759107396605,240.87868353251943,237.33323283250033,237.6554718017578,24370387,0.0,0.0,-0.012059041042616903,0.019981861165033473,26815705.0,240.05140380859376,0,29,6,2022,2,NWG.L
2022-06-30 00:00:00+01:00,237.33323294740367,237.33323294740367,230.4570205171769,234.53981018066406,23709928,0.0,0.0,-0.0131099932076999,0.020148371565206172,26714871.0,239.51958084106445,0,30,6,2022,3,NWG.L
2022-07-01 00:00:00+01:00,234.21747094684218,239.26708421481635,233.35789299257044,234.432373046875,15897415,0.0,0.0,-0.00045807632276284593,0.020122022090929174,26822806.15,239.0629669189453,0,1,7,2022,4,NWG.L
2022-07-04 00:00:00+01:00,235.18442015483652,239.15966025274696,234.43239213838189,238.51507568359375,14968645,0.0,0.0,0.017415268137487283,0.020175057460175543,26446238.35,238.61172637939453,0,4,7,2022,0,NWG.L
2022-07-05 00:00:00+01:00,238.83731008538342,239.69688809309218,228.73809814453125,228.73809814453125,35085411,0.0,0.0,-0.04099102545632094,0.021953488685329772,26731897.7,237.8005630493164,0,5,7,2022,1,NWG.L
2022-07-06 00:00:00+01:00,232.1760907082125,234.11002692856135,226.91159057617188,226.91159057617188,23290679,0.0,0.0,-0.00798514800628125,0.021805477104364222,26885379.9,236.79600524902344,0,6,7,2022,2,NWG.L
2022-07-07 00:00:00+01:00,230.88680948275942,236.68854188756518,230.56447917576955,234.53981018066406,15845986,0.0,0.0,0.033617584651020715,0.02334912054833896,26735312.7,236.2588104248047,0,7,7,2022,3,NWG.L
2022-07-08 00:00:00+01:00,232.82075971898814,236.25876696793324,231.31659729598368,235.0769500732422,12290226,0.0,0.0,0.002290186438559605,0.022451553970262772,25708341.0,236.10839462280273,0,8,7,2022,4,NWG.L
2022-07-11 00:00:00+01:00,231.53150820749167,236.58110628396355,231.31660610612133,235.1844024658203,12500261,0.0,0.0,0.0004570945494428713,0.022292419726487784,24545132.4,236.10302276611327,0,11,7,2022,0,NWG.L
2022-07-12 00:00:00+01:00,233.46533589168843,236.36620197621934,230.88680010105,236.25875854492188,11050463,0.0,0.0,0.0045681434135824706,0.022175823516022136,23258036.75,236.02244186401367,0,12,7,2022,1,NWG.L
2022-07-13 00:00:00+01:00,235.18439335478507,237.0108860819808,231.42404057998223,231.961181640625,15358733,0.0,0.0,-0.01819012734497094,0.021930431993093424,22674193.25,235.4744972229004,0,13,7,2022,2,NWG.L
2022-07-14 00:00:00+01:00,231.5315071475933,233.03565439807113,225.83721801600745,226.3743438720703,15674547,0.0,0.0,-0.024085227230866257,0.01987672384555127,21925806.25,235.227384185791,0,14,7,2022,3,NWG.L
2022-07-15 00:00:00+01:00,227.2339218846986,233.7876824131045,226.80413290674758,232.60586547851562,13692182,0.0,0.0,0.027527508196630635,0.02082898662481732,19393927.1,235.2220115661621,0,15,7,2022,4,NWG.L
2022-07-18 00:00:00+01:00,234.96952000896064,238.62252113320594,234.43239410553278,237.4405975341797,10878258,0.0,0.0,0.020785082292392287,0.020920833999808285,18916208.05,235.23812408447264,0,18,7,2022,0,NWG.L
2022-07-19 00:00:00+01:00,237.4405678781232,245.28369505044398,236.90344204178177,244.96136474609375,11724191,0.0,0.0,0.03167431050130953,0.022069109631888562,18121721.65,235.59804611206056,0,19,7,2022,1,NWG.L
2022-07-20 00:00:00+01:00,247.11021741758063,247.21755429812347,240.44890674739744,242.38284301757812,8335426,0.0,0.0,-0.010526238417998268,0.021157978599194046,16915244.65,235.46912002563477,0,20,7,2022,2,NWG.L
2022-07-21 00:00:00+01:00,243.34976993988673,245.8208472686445,239.2670866850074,243.99444580078125,17178527,0.0,0.0,0.0066489969468930266,0.019126311696039452,16587309.9,235.898876953125,0,21,7,2022,3,NWG.L
2022-07-22 00:00:00+01:00,243.56464560007558,245.1762514519629,240.87868151571777,241.84559631347656,6173443,0.0,0.0,-0.008806960667699815,0.019148116510384287,15979594.5,236.0922653198242,0,22,7,2022,4,NWG.L
2022-07-25 00:00:00+01:00,241.30846906239623,248.7217006637264,241.1075416202819,247.32498168945312,12923362,0.0,0.0,0.022656543925134276,0.01974502211336309,15973451.05,236.56499557495118,0,25,7,2022,0,NWG.L
2022-07-26 00:00:00+01:00,249.68872688443378,250.97798722683262,245.0688113581435,246.46551513671875,12351939,0.0,0.0,-0.0034750494950548383,0.019660548393347122,15665000.45,236.8604537963867,0,26,7,2022,1,NWG.L
2022-07-27 00:00:00+01:00,249.4738406023454,254.63089752175645,247.9696932922516,250.8705596923828,30729141,0.0,0.0,0.01787286368732155,0.019721425425807612,15982938.15,237.52120819091797,0,27,7,2022,2,NWG.L
2022-07-28 00:00:00+01:00,252.37471479418846,252.37471479418846,246.2506514758938,247.1102294921875,12324515,0.0,0.0,-0.014989125088277544,0.01980598086327077,15413667.5,238.14972915649415,0,28,7,2022,3,NWG.L
2022-07-29 00:00:00+01:00,268.5979886586751,270.63935300397037,261.8293263592022,267.09381103515625,44976820,0.0,0.0,0.08086909871774672,0.026364520228004854,16867637.75,239.7828010559082,0,29,7,2022,4,NWG.L
2022-08-01 00:00:00+01:00,268.5979914966012,276.11875791022476,268.5979914966012,270.4244689941406,27161157,0.0,0.0,0.01246999301884233,0.026283447179274805,17477263.35,241.37827072143554,0,1,8,2022,0,NWG.L
2022-08-02 00:00:00+01:00,270.74681542652814,273.1104490806692,269.8872375488281,269.8872375488281,29663219,0.0,0.0,-0.0019866229092018184,0.023904210371136145,17206153.75,243.43572769165038,0,2,8,2022,1,NWG.L
2022-08-03 00:00:00+01:00,269.99474435055856,269.99474435055856,264.5153413074398,268.81292724609375,27011879,0.0,0.0,-0.003980589495418463,0.023774665400240286,17392213.75,245.5307945251465,0,3,8,2022,2,NWG.L
2022-08-04 00:00:00+01:00,270.3170260090959,272.35832948763795,266.12691472545396,268.5979919433594,24950523,0.0,0.0,-0.0007995720478785051,0.023118001726867798,17847440.6,247.23370361328125,0,4,8,2022,3,NWG.L
2022-08-05 00:00:00+01:00,268.2756729001713,273.0030325388101,267.95343388312784,272.0361328125,17760641,0.0,0.0,0.012800322311663503,0.02312358786845056,18120961.35,249.08166275024413,0,5,8,2022,4,NWG.L
2022-08-08 00:00:00+01:00,274.07733354413443,275.36659372934406,271.0690394814085,273.0029602050781,7153653,0.0,0.0,0.0035540403496490125,0.02308375248422383,17853630.95,250.97259063720702,0,8,8,2022,0,NWG.L
2022-08-09 00:00:00+01:00,270.9616228052333,274.7725308794871,270.9616228052333,273.3253479003906,29079869,0.0,0.0,0.0011808945041120733,0.023120563242289796,18755101.25,252.82592010498047,0,9,8,2022,1,NWG.L
2022-08-10 00:00:00+01:00,274.50714084244294,276.76333096960565,273.54021091533195,276.3336181640625,11249292,0.0,0.0,0.011006188364089065,0.02231689700618972,18549629.2,255.04454193115234,0,10,8,2022,2,NWG.L
2022-08-11 00:00:00+01:00,276.11873855226827,277.1501223826569,274.1311112650122,275.68896484375,9345710,0.0,0.0,-0.002332880539818172,0.021116363386541433,18233187.35,257.5102729797363,0,11,8,2022,3,NWG.L
2022-08-12 00:00:00+01:00,277.0857275700216,282.45765650476255,276.11879741145145,281.16839599609375,13064533,0.0,0.0,0.019875409795416576,0.02085178520870287,18201804.9,259.9383995056152,0,12,8,2022,4,NWG.L
2022-08-15 00:00:00+01:00,281.16836771287325,281.16836771287325,278.3749600764637,280.0940246582031,7935330,0.0,0.0,-0.0038210956607852564,0.02089073323042257,18054658.5,262.0710708618164,0,15,8,2022,0,NWG.L
2022-08-16 00:00:00+01:00,280.5237642269118,281.5981375965049,278.6972564285489,280.41632080078125,10017672,0.0,0.0,0.0011506712539528507,0.02021213438605147,17969332.55,263.8438186645508,0,16,8,2022,1,NWG.L
2022-08-17 00:00:00+01:00,282.4576631791342,283.74695416413135,280.5238332621611,282.3502197265625,12335319,0.0,0.0,0.006896527706585109,0.019789476525726605,18169327.2,265.8421875,0,17,8,2022,2,NWG.L
2022-08-18 00:00:00+01:00,282.77996826171875,283.42462885012054,280.20144769154183,282.77996826171875,7485407,0.0,0.0,0.0015220407321532292,0.019838854454298574,17684671.2,267.7814636230469,0,18,8,2022,3,NWG.L
2022-08-19 00:00:00+01:00,282.0279218103124,283.10229521994023,279.55675336308246,281.2757873535156,26327899,0.0,0.0,-0.005319262596461427,0.019702058670824016,18692394.0,269.75297317504885,0,19,8,2022,4,NWG.L
2022-08-22 00:00:00+01:00,279.55677020981125,280.9534739940103,276.1187629134772,278.9122009277344,10752926,0.0,0.0,-0.008403092381395139,0.019689966211757042,18583872.2,271.3323341369629,0,22,8,2022,0,NWG.L
2022-08-23 00:00:00+01:00,277.62297585366434,281.0609839638494,277.1932020054915,279.3419494628906,21790947,0.0,0.0,0.0015408022084613116,0.019591887013052162,19055822.6,272.9761558532715,0,23,8,2022,1,NWG.L
2022-08-24 00:00:00+01:00,278.9122252968024,281.18345613497064,273.96994856440836,275.9039001464844,11969814,0.0,0.0,-0.012307672811107784,0.01982707571099545,18117856.25,274.2278228759766,0,24,8,2022,2,NWG.L
2022-08-25 00:00:00+01:00,274.1147496565675,275.6868837547984,270.0315249028125,271.75079345703125,15885838,3.7691998,0.0,-0.015052729183053004,0.019830446403608485,18295922.4,275.45985107421876,0,25,8,2022,3,NWG.L
2022-08-26 00:00:00+01:00,273.14771004638135,274.1147414855316,268.74208070127105,269.6016540527344,10978776,0.0,0.0,-0.007908493575886077,0.008819902143694061,16596020.2,275.58524322509766,0,26,8,2022,4,NWG.L
2022-08-30 00:00:00+01:00,249.60166287709433,257.5390079441671,244.60962961955244,248.60325622558594,23551473,16.8,0.9285714285714286,-0.07788675444491566,0.019292451743214558,16415536.0,274.4941825866699,0,30,8,2022,1,NWG.L
2022-08-31 00:00:00+01:00,250.50021848809732,250.9325272201775,244.36002378005995,246.05731201171875,42093180,0.0,0.0,-0.010240993028494239,0.019335051830036185,17037034.05,273.3026863098145,0,31,8,2022,2,NWG.L
2022-09-01 00:00:00+01:00,245.40837384666085,246.7063056243932,242.01378187147802,242.5129852294922,24288729,0.0,0.0,-0.014404476555680445,0.019462477510291183,16900876.55,271.98768920898436,0,1,9,2022,3,NWG.L
2022-09-02 00:00:00+01:00,243.6112303229247,251.49863701417945,239.9171286477102,251.19912719726562,16649228,0.0,0.0,0.035817224218132715,0.021489888677043892,16485811.8,271.1177459716797,0,2,9,2022,4,NWG.L
2022-09-05 00:00:00+01:00,247.5050056811929,250.0010223388672,245.8077174008697,250.0010223388672,22916975,0.0,0.0,-0.004769542282117789,0.02116158069322624,16743628.5,270.01599044799804,0,5,9,2022,0,NWG.L
2022-09-06 00:00:00+01:00,251.19912759444185,257.28941445593523,249.00262070375442,254.5937042236328,27770564,0.0,0.0,0.01837065241493452,0.021692467746457573,17774474.05,269.0955276489258,0,6,9,2022,1,NWG.L
2022-09-07 00:00:00+01:00,253.19595513208395,255.5921252121568,250.79976981753327,252.9962615966797,27382312,0.0,0.0,-0.006274478121226279,0.021676291856647538,17689596.2,268.0790733337402,0,7,9,2022,2,NWG.L
2022-09-08 00:00:00+01:00,254.49384748708866,257.1895576137375,253.49544084298947,253.99464416503906,33835926,0.0,0.0,0.003946234470258547,0.021482062401934083,18818927.9,266.9621246337891,0,8,9,2022,3,NWG.L
2022-09-09 00:00:00+01:00,254.49386689363428,261.8681157481394,253.79498523636659,260.38446044921875,26629502,0.0,0.0,0.025157287489998126,0.02245063519765566,19683117.5,266.1968994140625,0,9,9,2022,4,NWG.L
2022-09-12 00:00:00+01:00,265.8756737501908,269.1704339151321,264.877267118806,269.0705871582031,19726769,0.0,0.0,0.033358852114288906,0.023345849285440118,20016229.3,265.59200897216795,0,12,9,2022,0,NWG.L
2022-09-13 00:00:00+01:00,268.67127453644457,271.66649492042063,266.8741240246845,269.27032470703125,23595291,0.0,0.0,0.0007423239787658353,0.023348708568592,20799227.35,265.0508239746094,0,13,9,2022,1,NWG.L
2022-09-14 00:00:00+01:00,267.8725308193432,270.74995821417895,266.2751043230552,269.27032470703125,21858913,0.0,0.0,0.0,0.023342723029734197,21391289.4,264.4935241699219,0,14,9,2022,2,NWG.L
2022-09-15 00:00:00+01:00,272.1656657843011,275.6471093736167,271.9659722616569,273.76312255859375,21248363,0.0,0.0,0.01668508349908482,0.02363458851745785,21836941.6,264.0641693115234,0,15,9,2022,3,NWG.L
2022-09-16 00:00:00+01:00,272.16563914008975,274.96116536971283,271.4667423482086,272.46514892578125,33494033,0.0,0.0,-0.004741228916011808,0.02363712213962307,23137372.9,263.5484283447266,0,16,9,2022,4,NWG.L
2022-09-20 00:00:00+01:00,274.06263764357595,275.4604009221021,266.874097255507,268.87091064453125,26164722,0.0,0.0,-0.01319155237071823,0.023767773046445135,23129214.05,262.92818450927734,0,20,9,2022,1,NWG.L
2022-09-21 00:00:00+01:00,266.57457237547965,270.8677087317734,258.08811595154117,263.67919921875,66967465,0.0,0.0,-0.01930930874350001,0.02404642009069625,25939941.0,262.1665344238281,0,21,9,2022,2,NWG.L
2022-09-22 00:00:00+01:00,259.9850982053552,264.67762187606286,256.09131817485013,257.58892822265625,37093483,0.0,0.0,-0.02309727507569237,0.02445488759841434,26705067.8,261.0788833618164,0,22,9,2022,3,NWG.L
2022-09-23 00:00:00+01:00,255.69196270368573,256.7902161706546,241.11521874771418,242.01377868652344,51082221,0.0,0.0,-0.060465135841047735,0.027520031251080882,28660688.15,259.38437728881837,0,23,9,2022,4,NWG.L
2022-09-26 00:00:00+01:00,238.21983856312315,239.28113315774274,230.58201836463994,233.32763671875,47893688,0.0,0.0,-0.03589110510531901,0.02825886200315897,30261080.65,257.4632194519043,0,26,9,2022,0,NWG.L
2022-09-27 00:00:00+01:00,230.53210059366594,236.52254078476486,229.7333874224345,231.8300323486328,26622281,0.0,0.0,-0.006418461144070853,0.02825887423083638,31043255.9,255.57463836669922,0,27,9,2022,1,NWG.L
2022-09-28 00:00:00+01:00,228.33559745781642,230.7317825548263,220.548022552868,226.23895263671875,34309696,0.0,0.0,-0.024117150203844306,0.023294758813735633,31581167.05,254.45642318725587,0,28,9,2022,2,NWG.L
2022-09-29 00:00:00+01:00,224.64150645858766,225.83959144613803,215.87549689198406,220.7477264404297,25805117,0.0,0.0,-0.02427179816866709,0.02368656636594427,30766763.9,253.1909439086914,0,29,9,2022,3,NWG.L
2022-09-30 00:00:00+01:00,219.64947608787602,228.33561141354656,219.64947608787602,225.54006958007812,31348513,0.0,0.0,0.02170959228856062,0.024311726213176833,31119753.1,252.3422981262207,0,30,9,2022,4,NWG.L
2022-10-03 00:00:00+01:00,223.9426258794752,226.63832092285156,220.5480339584466,226.63832092285156,24250825,0.0,0.0,0.0048694289436825855,0.022614019017480724,31499832.95,251.1142578125,0,3,10,2022,0,NWG.L
2022-10-04 00:00:00+01:00,227.03766882148958,237.8723829132995,226.23895567955364,231.92987060546875,21533228,0.0,0.0,0.023347991906534027,0.023479064915329983,31430645.6,250.21070022583007,0,4,10,2022,1,NWG.L
2022-10-05 00:00:00+01:00,231.63032959385222,233.52729602690818,226.93782165328568,228.53526306152344,17266415,0.0,0.0,-0.014636353373041033,0.023017883479893128,30905438.15,248.90777816772462,0,5,10,2022,2,NWG.L
2022-10-06 00:00:00+01:00,229.33400816166852,231.13114320758612,227.23736330349521,229.2341766357422,12959488,0.0,0.0,0.0030582307730364633,0.023087950613739087,30184296.95,247.71967391967775,0,6,10,2022,3,NWG.L
2022-10-07 00:00:00+01:00,229.2341698775766,231.730186469299,227.23735660419865,229.1343231201172,18330893,0.0,0.0,-0.00043559611001486864,0.02302265006877011,29409045.3,246.47665786743164,0,7,10,2022,4,NWG.L
2022-10-10 00:00:00+01:00,227.23736572265625,229.85318634071515,225.3403838961404,227.23736572265625,13383098,0.0,0.0,-0.008278800712307577,0.021913785767262217,28746725.1,244.8193031311035,0,10,10,2022,0,NWG.L
2022-10-11 00:00:00+01:00,225.54005409304148,225.54005409304148,220.84754592755024,221.24691772460938,25727029,0.0,0.0,-0.026362072887952004,0.02018994950525387,29046738.1,242.42811965942383,0,11,10,2022,1,NWG.L
2022-10-12 00:00:00+01:00,219.64946594955146,220.99532532249717,210.86348426467407,212.0615692138672,28528968,0.0,0.0,-0.04151627785466094,0.021241097674743525,29293421.95,239.56768188476562,0,12,10,2022,2,NWG.L
2022-10-13 00:00:00+01:00,211.1630242840262,229.93307393394628,210.56397414971303,228.3356170654297,46321919,0.0,0.0,0.07674208915784209,0.02897907237067842,30516572.25,237.52094650268555,0,13,10,2022,3,NWG.L
2022-10-14 00:00:00+01:00,229.53370069840457,238.41952971925883,226.83800557940657,227.63673400878906,32150781,0.0,0.0,-0.003060771094858805,0.028431599207999543,31061693.15,235.21462707519532,0,14,10,2022,4,NWG.L
2022-10-17 00:00:00+01:00,226.43864021009756,235.22462212399552,224.1423017775083,232.92828369140625,21739586,0.0,0.0,0.02324558778115704,0.02931698562923879,30473970.8,233.23778381347657,0,17,10,2022,0,NWG.L
2022-10-18 00:00:00+01:00,236.82206406328393,241.8140975183889,235.12477573544368,236.32286071777344,21745870,0.0,0.0,0.014573485763817562,0.029683588437342385,30253028.2,231.61038131713866,0,18,10,2022,1,NWG.L
2022-10-19 00:00:00+01:00,231.03129081080803,233.72700093115668,227.73656108056207,230.73178100585938,21079830,0.0,0.0,-0.023658649421103406,0.029801802268952772,27958646.45,229.96301040649413,0,19,10,2022,2,NWG.L
2022-10-20 00:00:00+01:00,228.63513949779752,238.91873178848044,227.83641107274377,234.62557983398438,18778585,0.0,0.0,0.016875866909839,0.029951308254039695,27042901.55,228.81484298706056,0,20,10,2022,3,NWG.L
2022-10-21 00:00:00+01:00,235.42429972447752,236.61639755191462,230.1327412391123,234.7254180908203,14686580,0.0,0.0,0.00042552162004927396,0.026871021001751615,25223119.5,228.4504249572754,0,21,10,2022,4,NWG.L
2022-10-24 00:00:00+01:00,235.82363928252107,243.07905844335488,235.62396100652936,240.11679077148438,19356068,0.0,0.0,0.02296884898327467,0.02608209482110073,23796238.5,228.7898826599121,0,24,10,2022,0,NWG.L
2022-10-25 00:00:00+01:00,241.21504796368393,244.0105743408203,235.42428646130284,244.0105743408203,13557871,0.0,0.0,0.0162162069417362,0.026199669833712927,23143018.0,229.39890975952147,0,25,10,2022,1,NWG.L
2022-10-26 00:00:00+01:00,244.6096226687459,246.30691088118485,242.11360611090157,244.21026611328125,53221912,0.0,0.0,0.0008183734373004015,0.025429063995837723,24088628.8,230.2974754333496,0,26,10,2022,2,NWG.L
2022-10-27 00:00:00+01:00,242.61285001965408,247.33232391385897,239.61762964904105,247.30535888671875,29586972,0.0,0.0,0.01267388477436815,0.024585062957216866,24277721.55,231.62535705566407,0,27,10,2022,3,NWG.L
2022-10-28 00:00:00+01:00,229.63352105692593,233.7020249591915,223.44340310141703,224.54164123535156,46825560,0.0,0.0,-0.0920470051835568,0.032605020812070964,25051573.9,231.57543563842773,0,28,10,2022,4,NWG.L
2022-10-31 00:00:00+00:00,228.63512635583405,236.32684606471705,228.53527959551243,234.42588806152344,30126501,0.0,0.0,0.0440196605484493,0.03403810326890617,25345357.7,231.96481399536134,0,31,10,2022,0,NWG.L
2022-11-01 00:00:00+00:00,237.52096023092503,239.34905189095628,233.5273332225229,238.12001037597656,49742540,0.0,0.0,0.015758167090673902,0.03383217049788679,26755823.3,232.27432098388672,0,1,11,2022,1,NWG.L
2022-11-02 00:00:00+00:00,239.11838736473922,240.51615054990756,234.52571078294125,235.42428588867188,14962998,0.0,0.0,-0.011320864983368262,0.03375507411746716,26640652.45,232.61877212524413,0,2,11,2022,2,NWG.L
2022-11-03 00:00:00+00:00,233.92668068259925,237.12157890943104,229.63352904913322,231.4306640625,16891978,0.0,0.0,-0.016963508293534324,0.034018988599529475,26837276.95,232.72859649658204,0,3,11,2022,3,NWG.L
2022-11-04 00:00:00+00:00,233.02812674076358,239.11841394119904,230.63195666144875,237.6208038330078,28434972,0.0,0.0,0.02674727567145596,0.03449685221342439,27342480.9,233.15292053222657,0,4,11,2022,4,NWG.L
2022-11-07 00:00:00+00:00,235.4243085191557,240.61602043602502,235.02493668894877,238.02015686035156,10921840,0.0,0.0,0.0016806315815023343,0.034406461322086794,27219418.0,233.69206008911132,0,7,11,2022,0,NWG.L
2022-11-08 00:00:00+00:00,237.62078791727905,241.51456784398152,236.16310747310408,239.4179229736328,14085907,0.0,0.0,0.005872469507283595,0.03371200947642625,26637361.9,234.6006103515625,0,8,11,2022,1,NWG.L
2022-11-09 00:00:00+00:00,239.4179171485402,239.9530586022648,235.62396884065137,236.62237548828125,8692575,0.0,0.0,-0.011676433621301774,0.03219430995460972,25645542.25,235.8286506652832,0,9,11,2022,2,NWG.L
2022-11-10 00:00:00+00:00,236.6223794937134,240.5471158482309,236.02332940120445,239.6175994873047,12066800,0.0,0.0,0.012658244989902867,0.027650878744965142,23932786.3,236.39274978637695,0,10,11,2022,3,NWG.L
2022-11-11 00:00:00+00:00,239.5177445235608,250.30053917807334,239.01854120839332,249.20230102539062,43066022,0.0,0.0,0.039999989811239756,0.02882292678668426,24478548.35,237.47102813720704,0,11,11,2022,4,NWG.L
2022-11-14 00:00:00+00:00,249.4019895906389,251.79815950847743,245.5081944310553,248.9027862548828,8788410,0.0,0.0,-0.0012018940807344558,0.028522725061849403,23830989.55,238.26975326538087,0,14,11,2022,0,NWG.L
2022-11-15 00:00:00+00:00,249.30214745556646,251.598485889549,248.4035875283232,250.1008758544922,17000793,0.0,0.0,0.0048134840820242,0.028410547996915343,23593735.7,238.9586540222168,0,15,11,2022,1,NWG.L
2022-11-16 00:00:00+00:00,249.70152066924118,250.300555545929,246.50660705566406,246.50660705566406,47023595,0.0,0.0,-0.014371276336190286,0.028021103168589082,24890923.95,239.74739532470704,0,16,11,2022,2,NWG.L
2022-11-17 00:00:00+00:00,247.50501308282801,253.75504873061678,245.80772475174743,252.59689331054688,18852422,0.0,0.0,0.024706381413572176,0.02826854489038885,24894615.8,240.64596099853514,0,17,11,2022,3,NWG.L
2022-11-18 00:00:00+00:00,253.89483313753425,259.3860548888943,252.89642641283652,257.68878173828125,20312936,0.0,0.0,0.02015815935421794,0.02847753830277516,25175933.6,241.79412918090821,0,18,11,2022,4,NWG.L
2022-11-21 00:00:00+00:00,258.08812225083614,259.1863756733537,254.79337721775988,255.1927490234375,14390154,0.0,0.0,-0.009686229637186239,0.028333405226005474,24927637.9,242.54792709350585,0,21,11,2022,0,NWG.L
2022-11-22 00:00:00+00:00,256.2910113541618,257.1895712878346,253.69514784769814,254.19435119628906,14367693,0.0,0.0,-0.003912328351683425,0.028213037956847938,24968129.0,243.0571159362793,0,22,11,2022,1,NWG.L
2022-11-23 00:00:00+00:00,254.19436149396532,254.8932431634096,253.09610798878302,253.89483642578125,5495835,0.0,0.0,-0.0011782904265899008,0.028222595636305105,22581825.15,243.5413444519043,0,23,11,2022,2,NWG.L
2022-11-24 00:00:00+00:00,254.7934028916101,259.925213044472,254.16740294804015,258.287841796875,17783737,0.0,0.0,0.01730246047117978,0.028330595520187674,21991663.4,244.0904685974121,0,24,11,2022,3,NWG.L
2022-11-25 00:00:00+00:00,258.58732199668884,258.88683180369844,253.0960854291916,255.59210205078125,31537930,0.0,0.0,-0.010436959507423293,0.01796774506728771,21227281.9,245.6429916381836,0,25,11,2022,4,NWG.L
2022-11-28 00:00:00+00:00,254.5937077813709,256.3838502581631,252.79657267954815,254.19435119628906,11250292,0.0,0.0,-0.00546867780059368,0.015830883722382928,20283471.45,246.63141479492188,0,28,11,2022,0,NWG.L
2022-11-29 00:00:00+00:00,254.19433732186005,260.9834903045495,253.69513400051665,260.0849304199219,14478517,0.0,0.0,0.02317352528059957,0.016199024941624743,18520270.3,247.72966079711915,0,29,11,2022,1,NWG.L
2022-11-30 00:00:00+00:00,261.6823900515419,263.9787131676723,259.88523979335224,261.4826965332031,26321957,0.0,0.0,0.005374267978634828,0.01576270051836251,19088218.25,249.0325813293457,0,30,11,2022,2,NWG.L
2022-12-01 00:00:00+00:00,261.78223841294687,262.69076166077554,256.9898681640625,256.9898681640625,13612149,0.0,0.0,-0.017182124969290724,0.01577907736151816,18924226.8,250.31054153442383,0,1,12,2022,3,NWG.L
2022-12-02 00:00:00+00:00,256.29100021487903,261.8820531009276,255.59210336964642,261.4826965332031,23756424,0.0,0.0,0.017482511669574485,0.015245386326877535,18690299.4,251.5036361694336,0,2,12,2022,4,NWG.L
2022-12-05 00:00:00+00:00,260.68400113254154,262.78066134192574,259.48590087890625,259.48590087890625,15773012,0.0,0.0,-0.007636435147605702,0.01548950800960566,18932858.0,252.57692337036133,0,5,12,2022,0,NWG.L
2022-12-06 00:00:00+00:00,258.08812383765917,260.88365032220713,255.9914637397714,260.1847839355469,22491650,0.0,0.0,0.0026933373037743014,0.015490341500469962,19353145.15,253.61526641845703,0,6,12,2022,1,NWG.L
2022-12-07 00:00:00+00:00,259.28622143160777,261.4826977992034,257.489071164717,257.888427734375,10777082,0.0,0.0,-0.008825866626161805,0.015348254241554837,19457370.5,254.6785690307617,0,7,12,2022,2,NWG.L
2022-12-08 00:00:00+00:00,258.38758678834984,260.48424650597815,257.4890270433514,258.5872802734375,11305626,0.0,0.0,0.0027099026707095852,0.015228053217960431,19419311.8,255.62705307006837,0,8,12,2022,3,NWG.L
2022-12-09 00:00:00+00:00,259.3860358753454,263.3796624813951,259.0865260674729,263.27984619140625,11656713,0.0,0.0,0.018146932490286094,0.013144920204505507,17848846.35,256.33093032836916,0,9,12,2022,4,NWG.L
2022-12-12 00:00:00+00:00,262.081760851444,263.4795241488608,258.088134019422,259.88525390625,12825415,0.0,0.0,-0.012893475646777564,0.013586366341968697,18050696.6,256.8800537109375,0,12,12,2022,0,NWG.L
2022-12-13 00:00:00+00:00,261.18320301104075,265.9755430604725,259.5857461715785,263.0801696777344,15395719,0.0,0.0,0.012293563114730954,0.013762505801155248,17970442.9,257.5290184020996,0,13,12,2022,1,NWG.L
2022-12-14 00:00:00+00:00,263.18001606394404,264.87728919740135,262.38127241088625,263.9787292480469,10206529,0.0,0.0,0.00341553516334292,0.013168438739010451,16129589.6,258.4026245117187,0,14,12,2022,2,NWG.L
2022-12-15 00:00:00+00:00,263.6792184404121,263.8788815012177,257.93837985278213,258.088134765625,10224323,0.0,0.0,-0.022314655802766592,0.013381045758781707,15698184.65,258.6771865844727,0,15,12,2022,3,NWG.L
2022-12-16 00:00:00+00:00,258.0880770296664,260.2845834898385,255.5920608108108,258.5872802734375,24900026,0.0,0.0,0.0019340118377226823,0.012618044716073525,15927539.15,258.7221115112305,0,16,12,2022,4,NWG.L
2022-12-19 00:00:00+00:00,258.8868408203125,259.68558444841193,254.59370426923638,258.8868408203125,11716554,0.0,0.0,0.0011584504332859957,0.012399728394689585,15793859.15,258.90681610107424,0,19,12,2022,0,NWG.L
2022-12-20 00:00:00+00:00,257.58890659317,262.7806331772022,257.1895500410795,261.7822265625,8639530,0.0,0.0,0.011183981901177864,0.012556789293308848,15507451.0,259.2862098693848,0,20,12,2022,1,NWG.L
2022-12-21 00:00:00+00:00,262.181632556351,265.27669973938066,260.8836854311024,264.7774963378906,12699050,0.0,0.0,0.011441837800533428,0.012728570263958303,15867611.75,259.83034286499026,0,21,12,2022,2,NWG.L
2022-12-22 00:00:00+00:00,264.67760908686597,266.2750658211278,263.2798458702443,264.17840576171875,8391799,0.0,0.0,-0.0022626189327183965,0.012247724346129751,15398014.85,260.12487106323243,0,22,12,2022,3,NWG.L
2022-12-23 00:00:00+00:00,264.17846006059244,265.37653000582367,263.08020642574434,264.07861328125,3059799,0.0,0.0,-0.00037774654662259266,0.011947588138781712,13974108.3,260.54919662475584,0,23,12,2022,4,NWG.L
2022-12-28 00:00:00+00:00,265.9755380431834,268.87091137130403,264.8772845824606,267.07379150390625,8234805,0.0,0.0,0.011341994663787158,0.01200772297285182,13823333.95,261.1931686401367,0,28,12,2022,2,NWG.L
2022-12-29 00:00:00+00:00,266.8740944271008,268.3557387211127,265.1768213457909,267.47314453125,7921721,0.0,0.0,0.0014952909646992474,0.010982037917015066,13495494.15,261.5625793457031,0,29,12,2022,3,NWG.L
2022-12-30 00:00:00+00:00,266.87412624898263,267.4731764245622,264.7774963378906,264.7774963378906,3289465,0.0,0.0,-0.010078201301605527,0.011232787328065109,12343869.55,261.7273193359375,0,30,12,2022,4,NWG.L
2023-01-03 00:00:00+00:00,266.17523018860584,273.10115864233217,265.27667025957095,270.6680603027344,25519962,0.0,0.0,0.022247222843011727,0.011390653911705712,12939260.2,262.4112289428711,0,3,1,2023,1,NWG.L
2023-01-04 00:00:00+00:00,272.06581550112895,274.1624755859375,270.2187570819178,274.1624755859375,12607136,0.0,0.0,0.012910334818577063,0.011120133218038888,12381795.8,263.0452178955078,0,4,1,2023,2,NWG.L
2023-01-05 00:00:00+00:00,272.2655337662944,279.85340071492203,270.16887349092895,279.0546875,15803104,0.0,0.0,0.017844206810603502,0.011363222532860994,12383300.4,264.0236572265625,0,5,1,2023,3,NWG.L
2023-01-06 00:00:00+00:00,278.555480554829,279.5768608877658,276.75836060979947,279.45404052734375,15052715,0.0,0.0,0.001431092345810292,0.011372628017575706,12011353.65,264.9871200561523,0,6,1,2023,4,NWG.L
2023-01-09 00:00:00+00:00,279.6537452333011,280.1529486234109,274.1625079420933,277.3573913574219,23497299,0.0,0.0,-0.007502661854397963,0.01129990683278495,12647364.5,265.9605682373047,0,9,1,2023,0,NWG.L
2023-01-10 00:00:00+00:00,275.1609056952786,277.55707579540456,273.6233507728741,274.9612121582031,19104984,0.0,0.0,-0.008639319786977961,0.011632644932712344,13037332.4,266.77926483154295,0,10,1,2023,1,NWG.L
2023-01-11 00:00:00+00:00,275.75990699182375,280.35255284149866,273.66324709973924,279.6536865234375,31060744,0.0,0.0,0.017065950242227235,0.011561535950331145,14007533.95,267.5979568481445,0,11,1,2023,2,NWG.L
2023-01-12 00:00:00+00:00,280.8517973190416,288.4187318213932,279.5538807744565,287.04193115234375,19901301,0.0,0.0,0.026419264200499004,0.012034238989413207,14361328.25,268.9557907104492,0,12,1,2023,3,NWG.L
2023-01-13 00:00:00+00:00,287.7408448933229,295.338705829954,287.16275737647726,294.5299987792969,37880946,0.0,0.0,0.026087016614234404,0.012839492439548248,15485589.6,270.52828216552734,0,13,1,2023,4,NWG.L
2023-01-16 00:00:00+00:00,293.53157112932126,296.9261478309034,292.033961072539,296.027587890625,11041787,0.0,0.0,0.005084674286269575,0.012829008258622867,15527352.5,272.13072509765624,0,16,1,2023,0,NWG.L
2023-01-17 00:00:00+00:00,294.53000377408534,299.92139435954834,294.4301570010484,298.22412109375,23357483,0.0,0.0,0.007420028716838889,0.010987243202445499,16184010.5,274.1375244140625,0,17,1,2023,1,NWG.L
2023-01-18 00:00:00+00:00,297.82471021785693,299.22250399083384,295.4285402011114,298.32391357421875,13516586,0.0,0.0,0.0003346224312867907,0.011034153345768898,15614838.5,276.1243560791016,0,18,1,2023,2,NWG.L
2023-01-19 00:00:00+00:00,295.3286548049685,296.82626467815584,291.83423176753126,292.33343505859375,15168968,0.0,0.0,-0.020080450285909324,0.012565098297847445,15787459.2,277.79668579101565,0,19,1,2023,3,NWG.L
2023-01-20 00:00:00+00:00,294.43015515675387,295.8279185636432,294.03079853606505,295.0292053222656,14870612,0.0,0.0,0.009221559836737558,0.012531486842451483,16099013.3,279.4590347290039,0,20,1,2023,4,NWG.L
2023-01-23 00:00:00+00:00,296.5267503857368,297.7348138004467,295.62819056926713,296.3270568847656,12253407,0.0,0.0,0.004399061310158547,0.012471405890696556,16076731.15,281.03651275634763,0,23,1,2023,0,NWG.L
2023-01-24 00:00:00+00:00,297.5252241514489,299.0228343401307,295.0292071703126,298.22412109375,8430559,0.0,0.0,0.006401927076548075,0.012329267592167566,16078669.15,282.7387985229492,0,24,1,2023,1,NWG.L
2023-01-25 00:00:00+00:00,297.52517235358033,301.518798828125,297.52517235358033,301.518798828125,12363338,0.0,0.0,0.011047656783400361,0.012275403237503672,16543846.1,284.61080780029295,0,25,1,2023,2,NWG.L
2023-01-26 00:00:00+00:00,303.71531818961535,305.01323466016237,301.119454779568,304.4141845703125,19361876,0.0,0.0,0.009602670723817708,0.012247082529713823,17100199.65,286.47782745361326,0,26,1,2023,3,NWG.L
2023-01-27 00:00:00+00:00,305.0132334012073,308.7073502159063,304.11467350461794,308.0084533691406,13330930,0.0,0.0,0.011807165963378274,0.012236346232740752,17370660.1,288.5045928955078,0,27,1,2023,4,NWG.L
2023-01-30 00:00:00+00:00,305.61232046044034,308.7073875621919,302.916609975602,308.10833740234375,22977185,0.0,0.0,0.000324289908639086,0.011673585206368076,18355046.1,290.67113494873047,0,30,1,2023,0,NWG.L
2023-01-31 00:00:00+00:00,307.6090935845164,309.10670355282565,305.81194334117356,307.5092468261719,22127720,0.0,0.0,-0.0019444153352772275,0.011332121750033255,18185434.0,292.51319427490233,0,31,1,2023,1,NWG.L
2023-02-01 00:00:00+00:00,308.00847713818735,309.5060872377247,304.4192037142045,307.90863037109375,14217847,0.0,0.0,0.0012987692209061041,0.011281687555211369,18265969.55,294.2005020141602,0,1,2,2023,2,NWG.L
2023-02-02 00:00:00+00:00,308.00842586508077,312.6011021662594,307.8087323641359,309.40618896484375,17283111,0.0,0.0,0.004863646049625636,0.01092498100127404,18339969.9,295.7180770874023,0,2,2,2023,3,NWG.L
2023-02-03 00:00:00+00:00,309.3063981181495,309.3063981181495,301.2193278403884,305.712158203125,17349624,0.0,0.0,-0.011939097837950774,0.011560399732881838,18454815.35,297.0309829711914,0,3,2,2023,4,NWG.L
2023-02-06 00:00:00+00:00,298.62345671681925,304.01484692314307,298.62345671681925,299.7217102050781,18238500,0.0,0.0,-0.019595059723030772,0.012502524568403327,18191875.4,298.1491989135742,0,6,2,2023,0,NWG.L
2023-02-07 00:00:00+00:00,302.0180453752216,303.81516535846686,299.82153831218295,303.5156555175781,13297620,0.0,0.0,0.01265822655924409,0.01227798411083133,17901507.2,299.576921081543,0,7,2,2023,1,NWG.L
2023-02-08 00:00:00+00:00,305.0132616525074,306.5108717751875,302.3175512441009,304.8135681152344,26920530,0.0,0.0,0.00427626244004764,0.01194636596144251,17694496.5,300.8349151611328,0,8,2,2023,2,NWG.L
2023-02-09 00:00:00+00:00,304.8135507447154,308.1582192552216,304.6138876877766,305.91180419921875,48027413,0.0,0.0,0.0036029763726566078,0.010762124995448258,19100802.1,301.7784088134766,0,9,2,2023,3,NWG.L
2023-02-10 00:00:00+00:00,304.1147088315338,304.4142186755379,301.9681403656201,304.0148620605469,21664421,0.0,0.0,-0.006200944561905564,0.00950316832905066,18289975.85,302.2526519775391,0,10,2,2023,4,NWG.L
2023-02-13 00:00:00+00:00,305.2129456241005,306.2113523412628,302.81674512774697,303.3159484863281,14339700,0.0,0.0,-0.0022989454182655855,0.009505283217516411,18454871.5,302.61707000732423,0,13,2,2023,0,NWG.L
2023-02-14 00:00:00+00:00,304.5140380859375,306.61069821245115,302.81673453853267,304.5140380859375,19534499,0.0,0.0,0.0039499723162872424,0.009418195400079802,18263722.3,302.9315658569336,0,14,2,2023,1,NWG.L
2023-02-15 00:00:00+00:00,297.52518278589383,301.4189626413146,293.43170941216306,300.3207092285156,21540348,0.0,0.0,-0.013770560082482897,0.009988321188853434,18664910.4,303.0314056396484,0,15,2,2023,2,NWG.L
2023-02-16 00:00:00+00:00,301.61864447457725,306.1114742419177,300.5203911043259,305.1130676269531,23301277,0.0,0.0,0.015957468969584054,0.009331797709139895,19071525.85,303.6703872680664,0,16,2,2023,3,NWG.L
2023-02-17 00:00:00+00:00,281.6505287260701,288.0403253435399,276.05944525992646,284.14654541015625,122351815,0.0,0.0,-0.06871722138899539,0.01824996670659679,24445586.0,303.1262542724609,0,17,2,2023,4,NWG.L
2023-02-20 00:00:00+00:00,281.5506925089036,285.6441661178949,279.653725851748,282.9484558105469,54884354,0.0,0.0,-0.004216449641786024,0.01819969506921287,26577133.35,302.45732421875,0,20,2,2023,0,NWG.L
2023-02-21 00:00:00+00:00,281.1513545701446,283.25797824506344,276.8581871465534,279.154541015625,53831232,0.0,0.0,-0.013408501502698233,0.01824909439710687,28847167.0,301.50384521484375,0,21,2,2023,1,NWG.L
2023-02-22 00:00:00+00:00,277.55707889966703,283.3478259121495,276.45882537138067,283.1481628417969,43988539,0.0,0.0,0.014306132408386407,0.018396330618300597,30428427.05,300.58531341552737,0,22,2,2023,2,NWG.L
2023-02-23 00:00:00+00:00,283.5474917763158,289.138575172738,283.4676326497605,284.5458984375,35944627,0.0,0.0,0.004936410611585229,0.018257521669752662,31257564.6,299.5918991088867,0,23,2,2023,3,NWG.L
2023-02-24 00:00:00+00:00,284.74560009381776,285.54431325800675,279.45402635696473,281.0514831542969,17280086,0.0,0.0,-0.012280673530673525,0.018007852949996888,31455022.4,298.24405059814455,0,24,2,2023,4,NWG.L
2023-02-27 00:00:00+00:00,282.5490807069697,287.8406237411092,280.85177722185557,287.6409606933594,14808390,0.0,0.0,0.023445802402846105,0.019040357849741715,31046582.65,297.22068176269534,0,27,2,2023,0,NWG.L
2023-02-28 00:00:00+00:00,286.64256260247106,294.3302757217148,285.74400268839764,291.8342590332031,39613343,0.0,0.0,0.014578237848099862,0.019454111768464982,31920863.8,296.4369323730469,0,28,2,2023,1,NWG.L
2023-03-01 00:00:00+00:00,291.13536523174184,294.69566213839704,290.69307794122403,293.2320251464844,38818884,0.0,0.0,0.004789588850575122,0.01950489825942251,33150915.65,295.7031021118164,0,1,3,2023,2,NWG.L
2023-03-02 00:00:00+00:00,292.3334453444705,294.6297988455265,290.6361723765094,292.033935546875,40373099,0.0,0.0,-0.004085807472805403,0.019435569021009024,34305415.05,294.834489440918,0,2,3,2023,3,NWG.L
2023-03-03 00:00:00+00:00,292.53316198402007,295.62822883600364,292.4642716782312,293.73126220703125,22344366,0.0,0.0,0.005812087067818883,0.019396753139203672,34555152.15,294.2354446411133,0,3,3,2023,4,NWG.L
2023-03-06 00:00:00+00:00,294.4301159932891,295.02916607911857,288.63936959116177,290.8358459472656,27856781,0.0,0.0,-0.009857364987336137,0.019045950821147642,35036066.2,293.79115142822263,0,6,3,2023,0,NWG.L
2023-03-07 00:00:00+00:00,291.03552678959835,292.5331367044676,286.3430035354272,287.9404602050781,31648273,0.0,0.0,-0.009955395053718674,0.018842209355689785,35953598.85,293.0123916625977,0,7,3,2023,1,NWG.L
2023-03-08 00:00:00+00:00,286.44284921860935,292.9324921587648,286.14333942433666,291.53472900390625,10976054,0.0,0.0,0.012482680607887486,0.019084349690789443,35156375.05,292.34844970703125,0,8,3,2023,2,NWG.L
2023-03-09 00:00:00+00:00,291.5347556002828,293.68132390560356,289.33824867872625,292.8326721191406,25134237,0.0,0.0,0.00445210462461576,0.019098518721990785,34011716.25,291.69449310302736,0,9,3,2023,3,NWG.L
2023-03-10 00:00:00+00:00,280.5522781051956,285.5443115234375,278.55546473789883,285.5443115234375,36947408,0.0,0.0,-0.02488916466512936,0.019760362097899532,34775865.6,290.7709655761719,0,10,3,2023,4,NWG.L
2023-03-13 00:00:00+00:00,285.6441424250665,287.74080243810084,269.17043305957867,271.76629638671875,41023117,0.0,0.0,-0.04825175841609386,0.022202735071914365,36110036.45,289.19348297119143,0,13,3,2023,0,NWG.L
2023-03-14 00:00:00+00:00,271.86614088379326,279.4540381393267,268.5714108564083,277.15771484375,25167715,0.0,0.0,0.019838436659413317,0.022824265020729848,36391697.25,287.825666809082,0,14,3,2023,1,NWG.L
2023-03-15 00:00:00+00:00,275.56022932247475,277.25753277762163,260.38443638959814,261.3828430175781,32821996,0.0,0.0,-0.05691658929669374,0.0256202038031823,36955779.65,285.87877349853517,0,15,3,2023,2,NWG.L
2023-03-16 00:00:00+00:00,256.7884427690546,263.18068091528,255.58988478137667,261.2829895019531,39437950,10.0,0.0,-0.0003820201604367579,0.025118675852926403,37762613.3,283.68726959228513,0,16,3,2023,3,NWG.L
2023-03-17 00:00:00+00:00,261.98212434340616,265.9772770164621,253.89194932464662,257.6873474121094,98622757,0.0,0.0,-0.013761485570482845,0.02067215965841815,36576160.4,282.3643096923828,0,17,3,2023,4,NWG.L
2023-03-20 00:00:00+00:00,248.9978950977448,259.58504060950924,236.87061078272765,257.4875793457031,37174685,0.0,0.0,-0.0007752342845408489,0.020690430569984892,35690676.95,281.0912658691406,0,20,3,2023,0,NWG.L
2023-03-21 00:00:00+00:00,260.883505554274,276.3647235753748,260.883505554274,272.0699157714844,37201718,0.0,0.0,0.05663316445335398,0.024651094081602654,34859201.25,280.7370346069336,0,21,3,2023,1,NWG.L
2023-03-22 00:00:00+00:00,271.2708647351212,279.86044882938245,268.873779296875,268.873779296875,64868840,0.0,0.0,-0.011747482133577236,0.024487863723027522,35903216.3,280.0233154296875,0,22,3,2023,2,NWG.L
2023-03-23 00:00:00+00:00,268.3743949682589,273.5680751928722,267.0759520516585,267.7751159667969,31834182,0.0,0.0,-0.0040861676172039285,0.024430640238425106,35697694.05,279.18477630615234,0,23,3,2023,3,NWG.L
2023-03-24 00:00:00+00:00,266.376812091843,266.376812091843,251.19522000281447,258.1867370605469,37421033,0.0,0.0,-0.03580758007192475,0.025458596554969872,36704741.4,278.04153900146486,0,24,3,2023,4,NWG.L
2023-03-27 00:00:00+01:00,262.28176384743057,264.1335209053477,257.287823296187,259.3852844238281,20388145,0.0,0.0,0.004642172471470474,0.024731451968078865,36983729.15,276.6287551879883,0,27,3,2023,0,NWG.L
2023-03-28 00:00:00+01:00,263.8798493071528,265.07837683460843,258.2866294039044,260.7835998535156,32378835,0.0,0.0,0.00539088187980119,0.02443485890612902,36622003.75,275.0762222290039,0,28,3,2023,1,NWG.L
2023-03-29 00:00:00+01:00,262.281754760195,265.47785831389945,261.38285158823413,263.87982177734375,19704726,0.0,0.0,0.011872763185903246,0.024639630137799483,35666295.85,273.6086120605469,0,29,3,2023,2,NWG.L
2023-03-30 00:00:00+01:00,266.37681202509293,267.72515164426994,263.680071825548,265.078369140625,19487712,0.0,0.0,0.004542019754327997,0.024731275464681922,34622026.5,272.2608337402344,0,30,3,2023,3,NWG.L
2023-03-31 00:00:00+01:00,263.4802874264665,264.47907552206425,261.4827112352708,263.2805480957031,17327340,0.0,0.0,-0.006782224633229639,0.02461392437764656,34371175.2,270.738298034668,0,31,3,2023,4,NWG.L
2023-04-03 00:00:00+01:00,264.5789551419386,267.97482850300906,262.5813789906509,263.87982177734375,18755055,0.0,0.0,0.0022761791023877542,0.024641773020689758,33916088.9,269.3904968261719,0,3,4,2023,0,NWG.L
2023-04-04 00:00:00+01:00,265.87743946525336,267.4754762514618,262.6813049316406,262.6813049316406,30184967,0.0,0.0,-0.004541904104795158,0.02460911329995852,33842923.6,268.1275390625,0,4,4,2023,1,NWG.L
2023-04-05 00:00:00+01:00,264.07960864939764,264.379263414397,261.1831288046626,261.9821472167969,15448150,0.0,0.0,-0.002661619619354738,0.024296853850000844,34066528.4,266.64990997314453,0,5,4,2023,2,NWG.L
2023-04-06 00:00:00+01:00,263.9796864269249,266.97605076993466,262.3816498284618,266.1770324707031,15817261,0.0,0.0,0.016012103490528506,0.024669386668480994,33600679.6,265.31712799072267,0,6,4,2023,3,NWG.L
2023-04-11 00:00:00+01:00,267.27568964781426,271.1709569666868,267.17580474618313,267.9748229980469,14856354,0.0,0.0,0.00675411590044539,0.024302862681807598,32496126.9,264.43865356445315,0,11,4,2023,1,NWG.L
2023-04-12 00:00:00+01:00,269.57290035126647,272.66914953737,268.9736213990217,270.2720642089844,13402994,0.0,0.0,0.008572600907937655,0.021925632443431035,31115120.75,264.3639419555664,0,12,4,2023,2,NWG.L
2023-04-13 00:00:00+01:00,270.5717065660728,272.6691677991082,269.47303349347374,271.6703796386719,14409162,0.0,0.0,0.00517373274881372,0.021466037280280348,30577193.1,264.0895751953125,0,13,4,2023,3,NWG.L
2023-04-14 00:00:00+01:00,273.1685889901691,276.06506884677873,271.37078231519723,275.4657897949219,12492532,0.0,0.0,0.013970643988858722,0.017121833673030364,29560719.9,264.79372253417966,0,14,4,2023,4,NWG.L
2023-04-17 00:00:00+01:00,276.76421167504327,277.0638359377801,270.6715976610913,270.9712219238281,18074237,0.0,0.0,-0.016316247017242547,0.017638882500413084,28492534.25,265.27813415527345,0,17,4,2023,0,NWG.L
2023-04-18 00:00:00+01:00,274.3671073886659,275.5656348383352,272.46938558564943,273.06866455078125,14317812,0.0,0.0,0.0077404626663371,0.017281356444621986,24277287.0,266.04720001220704,0,18,4,2023,1,NWG.L
2023-04-19 00:00:00+01:00,271.7702799247496,274.16736554927957,270.67160678999915,273.36834716796875,21253957,0.0,0.0,0.0010974624923754117,0.01726464403329991,23481250.6,266.8412384033203,0,19,4,2023,2,NWG.L
2023-04-20 00:00:00+01:00,274.7666156590223,276.6643069753699,272.16976047215996,273.1685485839844,19964382,0.0,0.0,-0.0007308768043347014,0.011814023115166558,22619383.8,266.8961700439453,0,20,4,2023,3,NWG.L
2023-04-21 00:00:00+01:00,274.86654028856975,275.6375775117119,272.1697998046875,272.1697998046875,16464240,0.0,0.0,-0.0036561631435025888,0.011515656492056086,20199153.8,267.06097106933595,0,21,4,2023,4,NWG.L
2023-04-24 00:00:00+01:00,272.2696392597096,275.1661186227781,270.47180241047874,273.8677062988281,16649652,0.0,0.0,0.006238408873280754,0.011522491433613611,19439927.3,267.3656005859375,0,24,4,2023,0,NWG.L
2023-04-25 00:00:00+01:00,273.2684554713244,273.2684554713244,266.57656239160815,267.2757263183594,17683816,0.0,0.0,-0.024069942636011143,0.009692533400695097,18453066.45,267.82005004882814,0,25,4,2023,1,NWG.L
2023-04-26 00:00:00+01:00,265.278167799628,272.0699157714844,263.6301732676951,272.0699157714844,24636780,0.0,0.0,0.017937242259757236,0.010334117379543133,18665498.2,268.45428161621095,0,26,4,2023,2,NWG.L
2023-04-27 00:00:00+01:00,272.06988704751643,274.9663665979338,271.17098380505524,271.8701477050781,20938491,0.0,0.0,-0.0007342526858943321,0.01033285511105005,18093481.0,269.00860900878905,0,27,4,2023,3,NWG.L
2023-04-28 00:00:00+01:00,259.684918818583,263.5801865047427,252.4936471916664,261.6824951171875,60451507,0.0,0.0,-0.037472494401783574,0.01333918789883429,20130820.05,268.89874267578125,0,28,4,2023,4,NWG.L
2023-05-02 00:00:00+01:00,260.18432053805674,265.47788569265776,257.3877258300781,257.3877258300781,29700794,0.0,0.0,-0.016412138248628638,0.01375267084326662,20641474.15,268.5142105102539,0,2,5,2023,1,NWG.L
2023-05-03 00:00:00+01:00,256.38893017245067,259.3852946209923,253.4924353946818,254.79086303710938,49949450,0.0,0.0,-0.01008930314992229,0.013840639282150938,22272579.65,268.08972625732423,0,3,5,2023,2,NWG.L
2023-05-04 00:00:00+01:00,253.89195324844596,257.2878422172044,250.1964400168161,252.09413146972656,31502587,0.0,0.0,-0.010584098406189901,0.013952026364317863,22909956.25,267.50044174194335,0,4,5,2023,3,NWG.L
2023-05-05 00:00:00+01:00,252.6934250798718,259.8847126103525,252.6934250798718,258.98577880859375,24492255,0.0,0.0,0.027337595281129223,0.015413537535977016,22625320.65,267.315665435791,0,5,5,2023,4,NWG.L
2023-05-09 00:00:00+01:00,260.88347854165266,264.27935217596234,260.0844297284885,261.48272705078125,32296373,0.0,0.0,0.00964125618662992,0.015571395395079362,23467731.8,267.2906944274902,0,9,5,2023,1,NWG.L
2023-05-10 00:00:00+01:00,263.480314146761,264.97849644209265,259.2854220081903,260.2842102050781,20571611,0.0,0.0,-0.0045835411739084675,0.015133016785335726,23705449.3,266.996053314209,0,10,5,2023,2,NWG.L
2023-05-11 00:00:00+01:00,260.88349546563506,262.48153223443967,254.99063581872596,259.5850524902344,27731461,0.0,0.0,-0.002686131879812814,0.015024964149126048,24349204.65,266.57656478881836,0,11,5,2023,3,NWG.L
2023-05-12 00:00:00+01:00,260.98333740234375,261.9821255753043,259.6849249697335,260.98333740234375,15716628,0.0,0.0,0.005386615672572148,0.014929344632323203,24464886.35,266.1121284484863,0,12,5,2023,4,NWG.L
2023-05-15 00:00:00+01:00,261.4827300766128,264.87863423081495,261.4827300766128,264.5789794921875,12226574,0.0,0.0,0.013777286035317138,0.015256398340186298,24355756.95,265.75755844116213,0,15,5,2023,0,NWG.L
2023-05-16 00:00:00+01:00,264.67884179317593,265.7775147797568,262.3816413962649,263.6800537109375,11239970,0.0,0.0,-0.0033975706723766708,0.014835293294593148,24293128.85,265.1682716369629,0,16,5,2023,1,NWG.L
2023-05-17 00:00:00+01:00,262.4815352231316,266.67645799050223,261.88228666830537,266.0771789550781,16927111,0.0,0.0,0.009091037453930806,0.014638481327594438,24235772.55,264.9235694885254,0,17,5,2023,2,NWG.L
2023-05-18 00:00:00+01:00,267.9748570771291,269.77269409334707,267.27572363798583,267.5753479003906,17401701,0.0,0.0,0.005630580387224526,0.01458112003768476,24389967.0,264.64890365600587,0,18,5,2023,3,NWG.L
2023-05-19 00:00:00+01:00,267.8749982040672,269.2732955397771,266.6764402131182,268.0747375488281,10556117,0.0,0.0,0.0018663514869965425,0.014587714564948562,23855075.0,264.3842231750488,0,19,5,2023,4,NWG.L
2023-05-22 00:00:00+01:00,269.67280684969046,272.06989237001295,268.66103394222785,271.2708740234375,12829738,0.0,0.0,0.011922557507035636,0.014866052771382783,23498342.8,264.28933944702146,0,22,5,2023,0,NWG.L
2023-05-23 00:00:00+01:00,271.4705922295591,275.26600528172264,270.37194970872144,273.6679382324219,15686136,0.0,0.0,0.00883642306832133,0.014977122666773406,23459437.6,264.3642463684082,0,23,5,2023,1,NWG.L
2023-05-24 00:00:00+01:00,272.3695476705443,272.4694021036245,267.7751159667969,267.7751159667969,16542328,0.0,0.0,-0.02153274623138468,0.01567659191913419,23454071.4,264.05961685180665,0,24,5,2023,2,NWG.L
2023-05-25 00:00:00+01:00,268.27447770294015,270.07228400992983,265.77750756512535,267.9748229980469,35915315,0.0,0.0,0.0007458013061780733,0.014707186489395311,24365646.35,264.09457168579104,0,25,5,2023,3,NWG.L
2023-05-26 00:00:00+01:00,268.9736488447429,269.7726976894678,265.078380978574,267.17584228515625,38026581,0.0,0.0,-0.0029815514157329748,0.014113788563998303,25035136.4,263.8498680114746,0,26,5,2023,4,NWG.L
2023-05-30 00:00:00+01:00,267.27571615035595,268.77389838160167,264.47909103033993,264.9784851074219,14927085,0.0,0.0,-0.008224385703963222,0.014210661477510723,24734566.1,263.5052848815918,0,30,5,2023,1,NWG.L
2023-05-31 00:00:00+01:00,264.37922586618134,265.47786840668266,259.1855154831446,259.285400390625,80876803,0.0,0.0,-0.021485082890744578,0.012395864839416688,25755830.9,263.3854301452637,0,31,5,2023,2,NWG.L
2023-06-01 00:00:00+01:00,260.0844458926268,264.5010844668513,257.88713010120324,263.080810546875,22709157,0.0,0.0,0.0146379632271314,0.012226446975326967,25406249.05,263.6700843811035,0,1,6,2023,3,NWG.L
2023-06-02 00:00:00+01:00,264.6788635253906,265.3780274326017,261.88226885773804,264.6788635253906,24475956,0.0,0.0,0.0060743806254577315,0.011974971517975,24132574.35,264.16448440551756,0,2,6,2023,4,NWG.L
2023-06-05 00:00:00+01:00,265.0783692070497,266.07715735815435,256.58866992266036,258.1867370605469,37477702,0.0,0.0,-0.024528314722119693,0.013097877654909247,24431330.1,264.46911468505857,0,5,6,2023,0,NWG.L
2023-06-06 00:00:00+01:00,256.48879589914503,260.38409423828125,255.5898926211123,260.38409423828125,33947278,0.0,0.0,0.008510728330785922,0.011731562530719029,24904081.25,264.53903045654295,0,6,6,2023,1,NWG.L
2023-06-07 00:00:00+01:00,262.78118519863045,262.78118519863045,257.48758937609,259.7848205566406,26527706,0.0,0.0,-0.0023014988046551332,0.011535247719744998,24615647.9,264.4541351318359,0,7,6,2023,2,NWG.L
2023-06-08 00:00:00+01:00,262.78117710119295,263.3205312546985,259.08564863104186,260.6837158203125,53356919,0.0,0.0,0.0034601531442284283,0.011516855833889362,26254913.3,264.47411041259767,0,8,6,2023,3,NWG.L
2023-06-09 00:00:00+01:00,261.5826190890909,264.07958954713985,259.98455189982025,260.6837158203125,32699642,0.0,0.0,0.0,0.011497808747179953,26503322.35,264.52904357910154,0,9,6,2023,4,NWG.L
2023-06-12 00:00:00+01:00,262.28178389656335,262.38166881134237,259.8347406471614,260.5838317871094,28711764,0.0,0.0,-0.0003831617670816412,0.011435001796156936,27153079.15,264.50906829833986,0,12,6,2023,0,NWG.L
2023-06-13 00:00:00+01:00,261.6825051711305,263.9797058105469,259.7848137106653,263.9797058105469,30231494,0.0,0.0,0.01303179096012319,0.011388801702957047,28053325.15,264.47910461425784,0,13,6,2023,1,NWG.L
2023-06-14 00:00:00+01:00,264.2793508121797,266.476666455702,262.5813987634891,265.078369140625,16765060,0.0,0.0,0.00416192345811095,0.011397340684862658,28329579.65,264.5490203857422,0,14,6,2023,2,NWG.L
2023-06-15 00:00:00+01:00,263.9797171685522,265.2781601567559,255.6648234367498,255.88955688476562,30959354,0.0,0.0,-0.03466451180324215,0.013611000601471007,29031191.8,264.0396392822266,0,15,6,2023,3,NWG.L
2023-06-16 00:00:00+01:00,256.18916035030975,258.2866215604079,254.79086303710938,254.79086303710938,52964903,0.0,0.0,-0.004293625191398531,0.013503984257608187,30809351.9,263.4004150390625,0,16,6,2023,4,NWG.L
2023-06-19 00:00:00+01:00,253.7920962404815,256.4888061827004,252.09414405121197,252.39378356933594,11664865,0.0,0.0,-0.009408027584663858,0.013553619178975865,30864789.3,262.6163673400879,0,19,6,2023,0,NWG.L
2023-06-20 00:00:00+01:00,252.19400281077714,253.79206991480598,244.60320692708626,245.0027313232422,25400282,0.0,0.0,-0.02928381254708412,0.014290362638686221,31493316.5,261.30296020507814,0,20,6,2023,1,NWG.L
2023-06-21 00:00:00+01:00,236.71279624297017,242.90527984768025,234.76516235991673,235.3144989013672,29682536,0.0,0.0,-0.039543364963931404,0.015839065580815277,32193136.5,259.3852882385254,0,21,6,2023,2,NWG.L
2023-06-22 00:00:00+01:00,232.7176494557193,235.21062698526424,230.0209243770389,231.21946716308594,48372274,0.0,0.0,-0.017402377488000442,0.015671138483181024,33784633.8,257.55750579833983,0,22,6,2023,3,NWG.L
2023-06-23 00:00:00+01:00,229.72129009201942,230.5203237143123,225.72613722085387,228.92225646972656,25178424,0.0,0.0,-0.009935195861943025,0.015567983006662746,33247789.25,255.60487747192383,0,23,6,2023,4,NWG.L
2023-06-26 00:00:00+01:00,229.02213530828817,231.31935119628906,225.42649172356516,231.31935119628906,39998604,0.0,0.0,0.01047121744966506,0.016066491716679274,33346390.4,253.81205291748046,0,26,6,2023,0,NWG.L
2023-06-27 00:00:00+01:00,229.821175099141,233.316933862768,228.12322293599743,230.6201934814453,16771467,0.0,0.0,-0.003022478280472418,0.01608865970034017,33438609.5,252.09413833618163,0,27,6,2023,1,NWG.L
2023-06-28 00:00:00+01:00,231.01969058327197,235.81387651143953,230.81993601132686,233.71641540527344,26663127,0.0,0.0,0.013425632322510594,0.016303379508445293,30727925.7,250.81568908691406,0,28,6,2023,2,NWG.L
2023-06-29 00:00:00+01:00,234.21581326069813,236.11350458545485,233.0172705692572,235.0148468017578,18968315,0.0,0.0,0.005555584934985536,0.015846215354431904,30540883.6,249.4123908996582,0,29,6,2023,3,NWG.L
2023-06-30 00:00:00+01:00,236.21340179806577,241.80662163654932,235.7140077139261,240.50819396972656,33402739,0.0,0.0,0.02337446864624071,0.016945550507774722,30987222.75,248.203857421875,0,30,6,2023,4,NWG.L
2023-07-03 00:00:00+01:00,241.5069693840155,245.8017613288682,241.5069693840155,245.40223693847656,31382313,0.0,0.0,0.020348757719938826,0.017143303970456793,30682453.3,247.56463241577148,0,3,7,2023,0,NWG.L
2023-07-04 00:00:00+01:00,245.20251636929373,246.90045335311902,241.5070028773683,241.60687255859375,26406847,0.0,0.0,-0.015465891538854692,0.017178841347625783,30305431.75,246.62577133178712,0,4,7,2023,1,NWG.L
2023-07-05 00:00:00+01:00,239.70916644894305,242.8054159450279,237.21219596509988,238.11109924316406,30288796,0.0,0.0,-0.014468848830373804,0.017345309636136827,30493486.25,245.54208526611328,0,5,7,2023,2,NWG.L
2023-07-06 00:00:00+01:00,235.3145094933476,235.9137732780238,230.12079858436167,232.4180145263672,15707820,0.0,0.0,-0.02390936304478175,0.017783119983863047,28611031.3,244.12880020141603,0,6,7,2023,3,NWG.L
2023-07-07 00:00:00+01:00,230.81994826360446,233.88621996848164,229.42163570517016,232.31813049316406,33778258,0.0,0.0,-0.0004297602894796082,0.017776292928799182,28664962.1,242.71052093505858,0,7,7,2023,4,NWG.L
2023-07-10 00:00:00+01:00,231.51910679703036,234.23581190839056,230.12079417895762,232.9174041748047,20871622,0.0,0.0,0.002579539015609811,0.017834234817644193,28272955.0,241.32719955444335,0,10,7,2023,0,NWG.L
2023-07-11 00:00:00+01:00,232.9173865286175,235.01484767667046,231.4192043486646,234.9149627685547,29552820,0.0,0.0,0.008576253031958192,0.01761781318942589,28239021.3,239.87396240234375,0,11,7,2023,1,NWG.L
2023-07-12 00:00:00+01:00,235.81389813329918,244.10382793135526,235.21461912221878,243.3048095703125,13451440,0.0,0.0,0.03571439938469889,0.019819414623518574,28073340.3,238.78528442382813,0,12,7,2023,2,NWG.L
2023-07-13 00:00:00+01:00,242.50575924754074,247.899209014178,238.9101159095844,245.20248413085938,16649681,0.0,0.0,0.007799576851350576,0.018609133420356257,27357856.65,238.2509307861328,0,13,7,2023,3,NWG.L
2023-07-14 00:00:00+01:00,244.6032273982663,246.5009341481594,242.68555585711758,242.70553588867188,22908911,0.0,0.0,-0.01018320940360018,0.018694312389103015,25855057.05,237.64666442871095,0,14,7,2023,4,NWG.L
2023-07-17 00:00:00+01:00,241.60686121268688,248.33869921536368,240.30844873563493,246.30117797851562,14072416,0.0,0.0,0.014814833442831077,0.018989199149135647,25975434.6,237.34203414916993,0,17,7,2023,0,NWG.L
2023-07-18 00:00:00+01:00,246.30115704218514,250.59593377560864,245.60199316437453,250.39617919921875,11171044,0.0,0.0,0.016625991212515956,0.01815291439258561,25263972.7,237.61170654296876,0,18,7,2023,1,NWG.L
2023-07-19 00:00:00+01:00,255.19038517049546,260.7836051881599,253.89195746207707,260.184326171875,30763169,0.0,0.0,0.03909064029634668,0.017351280184374356,25318004.35,238.85519790649414,0,19,7,2023,2,NWG.L
2023-07-20 00:00:00+01:00,261.5826251131358,262.856073979948,256.58868408203125,256.58868408203125,23362964,0.0,0.0,-0.0138195952951774,0.017122876360589883,24067538.85,240.1236587524414,0,20,7,2023,3,NWG.L
2023-07-21 00:00:00+01:00,256.0892621435668,257.78721410182413,251.09532165527344,251.09532165527344,12833610,0.0,0.0,-0.021409215478113586,0.017839436371013078,23450298.15,241.23231201171876,0,21,7,2023,4,NWG.L
2023-07-24 00:00:00+01:00,248.8980114601783,253.3925582711216,248.29874769623143,252.1940155029297,17421001,0.0,0.0,0.004375604612676387,0.017789147845029506,22321418.0,242.2760452270508,0,24,7,2023,0,NWG.L
2023-07-25 00:00:00+01:00,252.39375100467683,253.19278453648056,249.9966656495627,250.89556884765625,8966261,0.0,0.0,-0.005148602169183336,0.017842605517704488,21931157.7,243.28981399536133,0,25,7,2023,1,NWG.L
2023-07-26 00:00:00+01:00,242.60564639537645,246.15134753460455,240.3084457398159,241.50698852539062,30889227,0.0,0.0,-0.03742027157110284,0.019979210011764365,22142462.7,243.6793426513672,0,26,7,2023,2,NWG.L
2023-07-27 00:00:00+01:00,241.70672937420645,241.70672937420645,236.91254326417922,239.60926818847656,47016890,0.0,0.0,-0.007857827835547448,0.020072483207234176,23544891.45,243.90906372070313,0,27,7,2023,3,NWG.L
2023-07-28 00:00:00+01:00,237.2121791489984,247.78934171106553,237.2121791489984,245.20248413085938,31878368,0.0,0.0,0.023343070093529095,0.020070655396584564,23468672.9,244.14377822875977,0,28,7,2023,4,NWG.L
2023-07-31 00:00:00+01:00,244.7031006945778,247.00031652466814,241.90649078143733,244.0039520263672,16831387,0.0,0.0,-0.00488792806785987,0.019588136325628062,22741126.6,244.0738639831543,0,31,7,2023,0,NWG.L
2023-08-01 00:00:00+01:00,239.90892283759226,243.7043210495382,237.91134643554688,237.91134643554688,22121366,0.0,0.0,-0.024969290621005724,0.02008925514104354,22526852.55,243.88908767700195,0,1,8,2023,1,NWG.L
2023-08-02 00:00:00+01:00,232.9174050761619,236.11352426651348,231.81874720088712,232.81753540039062,22334023,0.0,0.0,-0.021410542672609445,0.020399430338178114,22129113.9,243.6244094848633,0,2,8,2023,2,NWG.L
2023-08-03 00:00:00+01:00,232.01851438180236,238.3108834281514,230.7200866039368,236.5130615234375,21897487,0.0,0.0,0.01587305748551726,0.01997559350380044,22438597.25,243.82916183471679,0,3,8,2023,3,NWG.L
2023-08-04 00:00:00+01:00,237.71159898101627,239.20978132753527,234.6153493687574,237.11231994628906,11893496,0.0,0.0,0.002533722319569165,0.019974930250290995,21344359.15,244.06887130737306,0,4,8,2023,4,NWG.L
2023-08-07 00:00:00+01:00,237.41195070351148,239.82901630454023,235.91376841227313,239.80905151367188,16603610,0.0,0.0,0.011373224166478124,0.020103011305817108,21130958.55,244.4134536743164,0,7,8,2023,0,NWG.L
2023-08-08 00:00:00+01:00,238.61049052145145,240.13564812184512,234.31571353221005,236.71279907226562,37892598,0.0,0.0,-0.012911324330181606,0.020286751496838354,21547947.45,244.50334548950195,0,8,8,2023,1,NWG.L
2023-08-09 00:00:00+01:00,239.60928153346998,241.5059823856778,237.21219596509988,238.11109924316406,41245182,0.0,0.0,0.0059071591243848864,0.01859372110046323,22937634.55,244.24365997314453,0,9,8,2023,2,NWG.L
2023-08-10 00:00:00+01:00,234.76938105945626,236.86732630687519,234.26987173805318,235.26889038085938,19140847,5.5,0.0,-0.011936482051188024,0.018630611594983713,23062192.85,243.74698028564453,0,10,8,2023,3,NWG.L
2023-08-11 00:00:00+01:00,234.7693986407781,237.3668534041173,234.36979725125633,235.76841735839844,17992417,0.0,0.0,0.0021232172971548113,0.01854570073140525,22816368.15,243.40012435913087,0,11,8,2023,4,NWG.L
2023-08-14 00:00:00+01:00,235.4686952629828,235.7684039099364,233.9701672720298,234.86929321289062,17901531,0.0,0.0,-0.003813590283133772,0.018158274681074456,23007823.9,242.82853012084962,0,14,8,2023,0,NWG.L
2023-08-15 00:00:00+01:00,235.26888735604254,236.1679980254825,232.02207680866616,233.37075805664062,15557096,0.0,0.0,-0.006380294059520564,0.017622575873515803,23227126.5,241.9772590637207,0,15,8,2023,1,NWG.L
2023-08-16 00:00:00+01:00,230.77331801163953,232.0740423007317,225.72827056478647,226.17782592773438,24362647,0.0,0.0,-0.030821908403624754,0.01557197912475691,22907100.4,240.27693405151368,0,16,8,2023,2,NWG.L
2023-08-17 00:00:00+01:00,225.57842649141134,229.37470061671152,224.97900917127396,227.3766632080078,11087813,0.0,0.0,0.00530041915185997,0.01570872330674456,22293342.85,238.8163330078125,0,17,8,2023,3,NWG.L
2023-08-18 00:00:00+01:00,225.57841312061387,227.1768338065436,224.57939447547724,226.47752380371094,12185773,0.0,0.0,-0.003954404957884017,0.015281175827021792,22260951.0,237.58544311523437,0,18,8,2023,4,NWG.L
2023-08-21 00:00:00+01:00,226.07792121558194,227.67634189283226,223.68026733398438,223.68026733398438,12590602,0.0,0.0,-0.012351143825428568,0.015196568313562014,22019431.05,236.1597557067871,0,21,8,2023,0,NWG.L
2023-08-22 00:00:00+01:00,224.77921514948181,225.3786324874069,221.5823582494524,221.6822509765625,20252277,0.0,0.0,-0.008932465886401064,0.01521065553964495,22583731.85,234.69908981323243,0,22,8,2023,1,NWG.L
2023-08-23 00:00:00+01:00,222.3815618455119,225.9580352664343,221.98194523157144,223.78018188476562,19078869,0.0,0.0,0.009463684615981904,0.013656499701784895,21993213.95,233.81274948120117,0,23,8,2023,2,NWG.L
2023-08-24 00:00:00+01:00,225.87812566420345,227.38663835664093,223.78018037565568,225.3786163330078,6983556,0.0,0.0,0.007142877598809383,0.013827877252857931,19991547.25,233.10121688842773,0,24,8,2023,3,NWG.L
2023-08-25 00:00:00+01:00,226.67734162222737,228.87519500275152,225.37862948041067,225.57843017578125,12698601,0.0,0.0,0.0008865696578694848,0.012419167761209087,19032558.9,232.12001419067383,0,25,8,2023,4,NWG.L
2023-08-29 00:00:00+01:00,229.9741049970354,233.67047119140625,228.17586826242325,233.67047119140625,73016129,0.0,0.0,0.03587240592692886,0.015292972128905095,21841796.0,231.60334014892578,0,29,8,2023,1,NWG.L
2023-08-30 00:00:00+01:00,234.2698672582648,238.3658497129713,234.07006658228715,234.96917724609375,30267115,0.0,0.0,0.005557852680596831,0.014381330640253775,22249083.45,231.45623168945312,0,30,8,2023,2,NWG.L
2023-08-31 00:00:00+01:00,236.06810829785275,236.06810829785275,230.17388916015625,230.17388916015625,25441509,0.0,0.0,-0.020408157964119655,0.014306259909257636,22404457.75,231.3240493774414,0,31,8,2023,3,NWG.L
2023-09-01 00:00:00+01:00,230.8732221420281,233.7703702051643,230.62346747300552,233.07106018066406,10542433,0.0,0.0,0.012586879559096875,0.014126373560244071,21836705.05,231.15194931030274,0,1,9,2023,4,NWG.L
2023-09-04 00:00:00+01:00,233.57056502014092,236.0681116622643,232.77134704589844,232.77134704589844,10703712,0.0,0.0,-0.0012859302846663923,0.014107041916526604,21777215.85,230.9349006652832,0,4,9,2023,0,NWG.L
2023-09-05 00:00:00+01:00,231.17291201983133,233.87027459913946,229.5744913087834,229.7742919921875,14337076,0.0,0.0,-0.012875532541898216,0.01404501248442458,21663889.15,230.43316268920898,0,5,9,2023,1,NWG.L
2023-09-06 00:00:00+01:00,228.77527244538473,230.67340179609556,226.67732716822857,227.6763458251953,15388174,0.0,0.0,-0.009130465156926726,0.013915857677626407,20538667.95,229.98134002685546,0,6,9,2023,2,NWG.L
2023-09-07 00:00:00+01:00,226.07792815764742,228.17785515895994,224.37959946675025,224.4794921875,9204301,0.0,0.0,-0.014041219899715851,0.014044717815438576,18936623.9,229.29975967407228,0,7,9,2023,3,NWG.L
2023-09-08 00:00:00+01:00,224.37960578480616,224.97900785762798,221.45747304287613,223.88009643554688,36151826,0.0,0.0,-0.002670158178424864,0.01388107511248517,19787172.85,228.73031997680664,0,8,9,2023,4,NWG.L
2023-09-11 00:00:00+01:00,225.6783055390697,228.6753614704986,223.97997689335628,225.77821350097656,12258735,0.0,0.0,0.008478275182341344,0.014061309361717993,19500488.75,228.23080978393554,0,11,9,2023,0,NWG.L
2023-09-12 00:00:00+01:00,226.47752736266705,229.7742919921875,225.77721125705412,229.7742919921875,25686121,0.0,0.0,0.01769913238858023,0.014727839114894501,19889718.25,227.9760597229004,0,12,9,2023,1,NWG.L
2023-09-13 00:00:00+01:00,230.57351921400848,232.87126527481695,229.67439323691877,231.07302856445312,22895513,0.0,0.0,0.005652227501194096,0.01474195052495895,20256639.1,227.861173248291,0,13,9,2023,2,NWG.L
2023-09-14 00:00:00+01:00,231.8722401361889,237.36684283852688,231.2728228347714,236.76742553710938,19058237,0.0,0.0,0.024643278395721113,0.013909659501947702,19991418.6,228.39065322875976,0,14,9,2023,3,NWG.L
2023-09-15 00:00:00+01:00,238.46575847378284,239.56468513132074,234.56959167672196,236.36782836914062,46681323,0.0,0.0,-0.0016877202050166185,0.013920249474291596,21771094.1,228.8402114868164,0,15,9,2023,4,NWG.L
2023-09-18 00:00:00+01:00,236.26792302624932,237.3138926804451,231.67243089945987,231.7723388671875,14180003,0.0,0.0,-0.019442110771421328,0.014680832059851408,21870805.6,229.10495223999024,0,18,9,2023,0,NWG.L
2023-09-19 00:00:00+01:00,228.5754885589623,233.49065888315792,228.37568786165014,231.87225341796875,14457063,0.0,0.0,0.0004310891941186057,0.014331264463402726,21964128.65,229.51455154418946,0,19,9,2023,1,NWG.L
2023-09-20 00:00:00+01:00,232.47165651209463,242.56175182992476,232.27185581392115,241.16311645507812,23625246,0.0,0.0,0.04006888663975605,0.01641897833880472,22132777.1,230.48859481811525,0,20,9,2023,2,NWG.L
2023-09-21 00:00:00+01:00,238.9652733578066,242.96134821410377,237.71649996521373,239.46478271484375,32599432,0.0,0.0,-0.007042261541477135,0.01656246505530109,22808805.25,231.27282485961913,0,21,9,2023,3,NWG.L
2023-09-22 00:00:00+01:00,237.56664828473836,243.3609597538911,237.1670316611808,237.76644897460938,29483299,0.0,0.0,-0.00709220671607802,0.016703927466480722,23933792.4,231.89221649169923,0,22,9,2023,4,NWG.L
2023-09-25 00:00:00+01:00,236.9672148101398,240.26397932152656,233.7703582587826,235.66848754882812,25920274,0.0,0.0,-0.008823622655041996,0.016902710267050283,24594876.05,232.39671936035157,0,25,9,2023,0,NWG.L
2023-09-26 00:00:00+01:00,235.66849917728393,238.265953828072,233.87027775853934,237.46673583984375,23510513,0.0,0.0,0.007630414697013865,0.015028293876969199,22119595.25,232.58653259277344,0,26,9,2023,1,NWG.L
2023-09-27 00:00:00+01:00,236.76742343699854,240.76349809416305,236.6675154730434,236.96722412109375,15871910,0.0,0.0,-0.0021035018525158433,0.015001269830718858,21399835.0,232.68643493652343,0,27,9,2023,2,NWG.L
2023-09-28 00:00:00+01:00,236.46771361660822,236.66751429971288,232.57154694271492,234.1699676513672,29660169,0.0,0.0,-0.011804402402490588,0.014483683301792623,21610768.0,232.886238861084,0,28,9,2023,3,NWG.L
2023-09-29 00:00:00+01:00,235.6685049146002,239.0841561867204,233.97017617565405,235.4687042236328,14463965,0.0,0.0,0.005546127820281299,0.014270189553705346,21806844.6,233.00612106323243,0,29,9,2023,4,NWG.L
2023-10-02 00:00:00+01:00,233.07107350342488,236.96724046536343,227.4765625,227.4765625,26766414,0.0,0.0,-0.03394141803253137,0.01623163331511395,22609979.7,232.7413818359375,0,2,10,2023,0,NWG.L
2023-10-03 00:00:00+01:00,226.67732599241833,229.57448922888284,224.8791046142578,224.8791046142578,13855668,0.0,0.0,-0.011418573664010667,0.016178833398942365,22585909.3,232.49662246704102,0,3,10,2023,1,NWG.L
2023-10-04 00:00:00+01:00,223.08086977249474,225.47850845838545,221.98194314923606,223.97998046875,27082789,0.0,0.0,-0.003998255627396419,0.016082710524663785,23170640.05,232.31180419921876,0,4,10,2023,2,NWG.L
2023-10-05 00:00:00+01:00,224.57940805885795,225.17881013590508,221.6323059262164,222.2816619873047,11558756,0.0,0.0,-0.007582456601215148,0.015863991030665704,23288362.8,232.201912689209,0,5,10,2023,3,NWG.L
2023-10-06 00:00:00+01:00,223.28068331409443,225.8781380765722,221.18273791026115,223.48048400878906,13417132,0.0,0.0,0.005393256514128586,0.01590494403505969,22151628.1,232.1819320678711,0,6,10,2023,4,NWG.L
2023-10-09 00:00:00+01:00,222.48146664696387,223.88010200597918,219.08480908501352,221.1827392578125,16190724,0.0,0.0,-0.010281634931872619,0.015933660089809235,22348227.55,231.9521583557129,0,9,10,2023,0,NWG.L
2023-10-10 00:00:00+01:00,223.4804643656757,229.47457614254932,219.7840984853665,228.2757568359375,12044735,0.0,0.0,0.032068585468856714,0.017098238951196314,21666158.25,231.8772315979004,0,10,10,2023,1,NWG.L
2023-10-11 00:00:00+01:00,226.77724431192345,229.9741010948703,224.77920691710474,228.97508239746094,15872277,0.0,0.0,0.0030635121802533583,0.017061449992359815,21314996.45,231.77233428955077,0,11,10,2023,2,NWG.L
2023-10-12 00:00:00+01:00,230.0740069471377,231.47262701312746,227.67635294910679,229.1748809814453,22564220,0.0,0.0,0.0008725778451192934,0.016027668924331273,21490295.6,231.39270706176757,0,12,10,2023,3,NWG.L
2023-10-13 00:00:00+01:00,229.0750023631647,230.47362251526818,222.28167181619852,225.67832946777344,20315005,0.0,0.0,-0.01525713245141802,0.016320247751061726,20171979.7,230.8582321166992,0,13,10,2023,4,NWG.L
2023-10-16 00:00:00+01:00,225.77822092012104,228.97507763659863,223.97998425341012,227.97605895996094,9942762,0.0,0.0,0.010181436106897479,0.01601305598285181,19960117.65,230.66841812133788,0,16,10,2023,0,NWG.L
2023-10-17 00:00:00+01:00,227.67634316153746,231.7723257047069,226.2777231556729,231.57252502441406,12352139,0.0,0.0,0.01577563048006181,0.016432434266111236,19854871.45,230.65343170166017,0,17,10,2023,1,NWG.L
2023-10-18 00:00:00+01:00,231.97212880087696,233.37076406512242,226.97703552246094,226.97703552246094,16941566,0.0,0.0,-0.01984470956331552,0.014042804520485432,19520687.45,229.9441276550293,0,18,10,2023,2,NWG.L
2023-10-19 00:00:00+01:00,226.17782214037325,229.17487816826062,222.18174743652344,222.18174743652344,18669997,0.0,0.0,-0.021126754408874904,0.014601760459750632,18824215.7,229.0799758911133,0,19,10,2023,3,NWG.L
2023-10-20 00:00:00+01:00,219.7841115292477,221.68224094038322,217.7860741517091,218.28558349609375,16164669,0.0,0.0,-0.017535931665776494,0.014915202018552589,18158284.2,228.1059326171875,0,20,10,2023,4,NWG.L
2023-10-23 00:00:00+01:00,218.0857859681472,220.1837160986819,214.38941981488688,215.08872985839844,20877483,0.0,0.0,-0.014645280675407157,0.01506705464386233,17906144.65,227.07694473266602,0,23,10,2023,0,NWG.L
2023-10-24 00:00:00+01:00,208.5950879417468,216.88694541872692,206.6969434444206,207.5960693359375,32924543,0.0,0.0,-0.03483520743924451,0.016222837045666825,18376846.15,225.5834114074707,0,24,10,2023,1,NWG.L
2023-10-25 00:00:00+01:00,206.79686394227127,209.19450264407592,203.90070675525422,206.3972625732422,34158704,0.0,0.0,-0.005774708386965477,0.016190332030426174,19291185.85,224.05491333007814,0,25,10,2023,2,NWG.L
2023-10-26 00:00:00+01:00,206.1974550565112,207.9956917781293,202.5010888888502,205.59805297851562,22441019,0.0,0.0,-0.0038721908651426773,0.0161573093495831,18930228.35,222.62631759643554,0,26,10,2023,3,NWG.L
2023-10-27 00:00:00+01:00,172.83024245042066,189.41395967324766,167.83514873798077,181.8214111328125,68567068,0.0,0.0,-0.11564624032790671,0.029043798235833803,21635383.5,219.94395294189454,0,27,10,2023,4,NWG.L
2023-10-30 00:00:00+00:00,177.27586391429153,183.71953143138757,176.87626253486522,177.9751739501953,73154105,0.0,0.0,-0.021153928784590104,0.028683612793806386,23954768.05,217.4688835144043,0,30,10,2023,0,NWG.L
2023-10-31 00:00:00+00:00,177.4756526741588,181.47172717506922,176.22687939262428,178.02511596679688,44030391,0.0,0.0,0.0002806122645822029,0.028810404254926522,25463504.2,215.12618408203124,0,31,10,2023,1,NWG.L
2023-11-01 00:00:00+00:00,178.77438231177328,180.72246560809583,175.87723435763357,175.9771270751953,30844188,0.0,0.0,-0.011503932355160118,0.028760554033035415,25651574.15,212.7260414123535,0,1,11,2023,2,NWG.L
2023-11-02 00:00:00+00:00,176.77635064207192,182.22099934586637,176.37674927152037,181.62159729003906,26293537,0.0,0.0,0.03207502195686973,0.030371964832311166,26388313.2,210.69303817749022,0,2,11,2023,3,NWG.L
2023-11-03 00:00:00+00:00,183.51972979387304,187.2360805298432,182.92032772782926,186.76654052734375,35345219,0.0,0.0,0.0283278162623386,0.03138349899996861,27484717.55,208.85734100341796,0,3,11,2023,4,NWG.L
2023-11-06 00:00:00+00:00,186.9164068032895,191.46192974031183,185.2680167849289,189.61375427246094,26523029,0.0,0.0,0.01524477423567383,0.03182074469850085,28001332.8,207.27889175415038,0,6,11,2023,0,NWG.L
2023-11-07 00:00:00+00:00,191.11227145930914,195.9575027823937,188.61472482561146,195.00843811035156,62350352,0.0,0.0,0.028450909896224452,0.03159546795582558,30516613.65,205.6155258178711,0,7,11,2023,1,NWG.L
2023-11-08 00:00:00+00:00,194.15929475085463,196.05742422544725,192.8605673632732,195.90757751464844,31296560,0.0,0.0,0.004610771785106493,0.031624179319613484,31287827.8,203.96215057373047,0,8,11,2023,2,NWG.L
2023-11-09 00:00:00+00:00,195.50796463026478,201.5020770782677,195.50796463026478,200.60296630859375,29477111,0.0,0.0,0.023967366926346934,0.032350412295809,31633472.35,202.5335548400879,0,9,11,2023,3,NWG.L
2023-11-10 00:00:00+00:00,198.8047117405326,202.20136905967908,196.85662841796875,196.85662841796875,28053567,0.0,0.0,-0.018675386309402242,0.03241023319330296,32020400.45,201.09246978759765,0,10,11,2023,4,NWG.L
2023-11-13 00:00:00+00:00,197.40609472747477,198.40511339463038,195.30814942892195,196.20726013183594,24492221,0.0,0.0,-0.003298686416360108,0.032189185872888285,32747873.4,199.5040298461914,0,13,11,2023,0,NWG.L
2023-11-14 00:00:00+00:00,195.30814703186945,201.1024582790204,194.25917439546728,200.80274963378906,101073449,0.0,0.0,0.023421607838901126,0.03251714119462939,37183938.9,197.96554107666014,0,14,11,2023,1,NWG.L
2023-11-15 00:00:00+00:00,204.69891567184658,207.5960789085756,199.75377639382384,204.49911499023438,23554183,0.0,0.0,0.01840794193897488,0.03281924518560119,37514569.75,196.84164505004884,0,15,11,2023,2,NWG.L
2023-11-16 00:00:00+00:00,204.01959973637216,205.99765249025342,200.40315692743272,200.70285034179688,13622128,0.0,0.0,-0.018563721650427634,0.032756522953449635,37262176.3,195.7677001953125,0,16,11,2023,3,NWG.L
2023-11-17 00:00:00+00:00,204.89872214901519,207.99567068073554,199.80372116186206,207.5960693359375,18368929,0.0,0.0,0.03434539660199887,0.03371317011711052,37372389.3,195.23322448730468,0,17,11,2023,4,NWG.L
2023-11-20 00:00:00+00:00,208.5951077712739,210.00471864590264,206.4971624021132,207.8957977294922,12480560,0.0,0.0,0.0014438057257706305,0.03358580654825414,36952543.15,194.8735778808594,0,20,11,2023,0,NWG.L
2023-11-21 00:00:00+00:00,207.29638435990339,209.19451383000987,205.9976569753914,206.796875,11381894,0.0,0.0,-0.00528593045888337,0.03266265504004158,35875410.7,194.8336181640625,0,21,11,2023,1,NWG.L
2023-11-22 00:00:00+00:00,206.69695055114784,208.69498783146366,199.1543720130073,203.99960327148438,21697243,0.0,0.0,-0.01352666343974307,0.032784802893563454,35252337.65,194.7137351989746,0,22,11,2023,2,NWG.L
2023-11-23 00:00:00+00:00,203.69991455974363,205.79786000685456,202.9007117644787,204.99864196777344,14102707,0.0,0.0,0.004897258035151841,0.032789600805976094,34835422.05,194.6837646484375,0,23,11,2023,3,NWG.L
2023-11-24 00:00:00+00:00,204.39923148435875,206.39726887816943,203.00059616240193,205.7978515625,6490814,0.0,0.0,0.0038986092154318364,0.018153046063888775,31731609.35,195.88258666992186,0,24,11,2023,4,NWG.L
2023-11-27 00:00:00+00:00,204.89872467351177,207.49616393432973,203.69190237799236,203.69989013671875,8922613,0.0,0.0,-0.010194282446841285,0.017429514437622296,28520034.75,197.16882247924804,0,27,11,2023,0,NWG.L
2023-11-28 00:00:00+00:00,202.5010705257099,205.59803433453737,201.50205190916094,203.00057983398438,13402556,0.0,0.0,-0.0034330421202731776,0.017523454147158744,26988643.0,198.41759567260743,0,28,11,2023,1,NWG.L
2023-11-29 00:00:00+00:00,202.30128198967518,207.0965746856009,201.80177265142908,206.19744873046875,16644118,0.0,0.0,0.015748077661151605,0.017084999630118215,26278639.5,199.9286117553711,0,29,11,2023,2,NWG.L
2023-11-30 00:00:00+00:00,211.49224249899532,212.99077045516742,205.94768601239554,207.6959686279297,39254605,0.0,0.0,0.00726740270884596,0.0161258609748361,26926692.9,201.23233032226562,0,30,11,2023,3,NWG.L
2023-12-01 00:00:00+00:00,208.39529746056718,211.89186275189337,207.19646287991768,210.99273681640625,13824861,0.0,0.0,0.01587304852499316,0.015480470703517563,25850675.0,202.44364013671876,0,1,12,2023,4,NWG.L
2023-12-04 00:00:00+00:00,211.39235015530562,214.78900743110893,209.6940062735893,213.4902801513672,20587197,0.0,0.0,0.01183710573475416,0.015394542963513625,25553883.4,203.63746643066406,0,4,12,2023,0,NWG.L
2023-12-05 00:00:00+00:00,211.89185565240317,214.78900355633496,210.59312839609035,214.58920288085938,17883757,0.0,0.0,0.005147413403144396,0.014464393359867338,23330553.65,204.61650466918945,0,5,12,2023,1,NWG.L
2023-12-06 00:00:00+00:00,215.68812700140327,220.3835269943479,213.29048826596306,219.1846923828125,27174829,0.0,0.0,0.02141528762984657,0.014927710666071249,23124467.1,205.78036041259764,0,6,12,2023,2,NWG.L
2023-12-07 00:00:00+00:00,215.98783094510915,218.2855769087006,214.6891036401388,218.1856689453125,24781731,0.0,0.0,-0.004557906971693004,0.014449027382631813,22889698.1,206.65949554443358,0,7,12,2023,3,NWG.L
2023-12-08 00:00:00+00:00,218.98490297093633,222.48146853238225,217.98588423909462,220.28363037109375,28410434,0.0,0.0,0.009615486827904807,0.013429361776734755,22907541.45,207.83084564208986,0,8,12,2023,4,NWG.L
2023-12-11 00:00:00+00:00,219.98390798322325,221.18272733790428,215.88794058441178,218.6851806640625,22493244,0.0,0.0,-0.007256325421632459,0.013597398367809883,22807592.6,208.95474166870116,0,11,12,2023,0,NWG.L
2023-12-12 00:00:00+00:00,217.88598579805546,220.08382390170482,215.97985335161997,216.4873504638672,17489986,0.0,0.0,-0.010050201817614512,0.013336096146601504,18628419.45,209.73897171020508,0,12,12,2023,1,NWG.L
2023-12-13 00:00:00+00:00,216.48734994542158,217.8859852762604,214.38941981488688,215.08872985839844,23509064,0.0,0.0,-0.006460518836190365,0.013064013200598254,18626163.5,210.2684524536133,0,13,12,2023,2,NWG.L
2023-12-14 00:00:00+00:00,218.08576944868966,225.47850119522917,213.78998630134828,222.4814453125,42890819,0.0,0.0,0.03437053842369364,0.013885270594109538,20089598.05,211.35738220214844,0,14,12,2023,3,NWG.L
2023-12-15 00:00:00+00:00,223.6802882039573,224.37961351205635,220.38253248850035,220.98294067382812,33363222,0.0,0.0,-0.006735413987297045,0.012303890914325395,20839312.7,212.02672576904297,0,15,12,2023,4,NWG.L
2023-12-18 00:00:00+00:00,220.08380963627764,222.38155555908182,216.38744371375685,219.2845916748047,17777598,0.0,0.0,-0.007685430349712918,0.01253958506875548,21104164.6,212.5961654663086,0,18,12,2023,0,NWG.L
2023-12-19 00:00:00+00:00,218.8850031823311,220.6832246465787,217.0867664742679,218.78509521484375,37993552,0.0,0.0,-0.002277845680565105,0.012455960410170929,22434747.5,213.1955764770508,0,19,12,2023,1,NWG.L
2023-12-20 00:00:00+00:00,222.68124159965706,223.97996883866816,215.3884179571605,217.7860565185547,39888568,0.0,0.0,-0.004566301444383192,0.011986528102500974,23344313.75,213.8848991394043,0,20,12,2023,2,NWG.L
2023-12-21 00:00:00+00:00,216.58725423597554,222.68125907604238,214.5892168633998,216.886962890625,24758121,0.0,0.0,-0.004128334211575657,0.012094335253681573,23877084.45,214.47931518554688,0,21,12,2023,3,NWG.L
2023-12-22 00:00:00+00:00,215.88794838677137,216.98786590852433,215.28853106585987,216.4873504638672,15800558,0.0,0.0,-0.001842491689827086,0.012137225998826471,24342571.65,215.01379013061523,0,22,12,2023,4,NWG.L
2023-12-27 00:00:00+00:00,216.7870536473723,219.1846923828125,215.28852562676835,219.1846923828125,10429491,0.0,0.0,0.012459582110297518,0.011935341671276394,24417915.55,215.78803024291992,0,27,12,2023,2,NWG.L
2023-12-28 00:00:00+00:00,219.1846831038273,219.78410038421922,216.6871365085521,217.88597106933594,9626184,0.0,0.0,-0.005925237293525565,0.012026799113874755,24229096.95,216.5322998046875,0,28,12,2023,3,NWG.L
2023-12-29 00:00:00+00:00,218.0857809806588,219.2846003483789,217.18665502200722,219.1846923828125,8047826,0.0,0.0,0.005960554996279566,0.011701739317128946,23799282.35,217.1816619873047,0,29,12,2023,4,NWG.L
2024-01-02 00:00:00+00:00,219.28459197671793,221.28262926124384,218.4074476332357,219.98390197753906,11449770,0.0,0.0,0.0036462838076789517,0.011662187287685038,22409040.6,217.79605865478516,0,2,1,2024,1,NWG.L
2024-01-03 00:00:00+00:00,219.98390136984898,221.78213796971772,217.48635477109087,218.5852813720703,23258675,0.0,0.0,-0.0063578316090218134,0.011421789689946182,22880731.3,218.17568588256836,0,3,1,2024,2,NWG.L
2024-01-04 00:00:00+00:00,217.88598058089377,220.4834200070794,217.6861646494973,219.88401794433594,11259352,0.0,0.0,0.005941555461161041,0.011224311308073501,22414339.05,218.4953727722168,0,4,1,2024,3,NWG.L
2024-01-05 00:00:00+00:00,218.48539802898543,221.68225498684671,217.1866706025309,220.58334350585938,9408883,0.0,0.0,0.0031804292465698047,0.011199589062355427,21990595.35,218.7950798034668,0,5,1,2024,4,NWG.L
2024-01-08 00:00:00+00:00,219.98392217752962,222.03291972285282,218.78510274549564,221.6822509765625,10019582,0.0,0.0,0.004981824344655994,0.010216410011476227,21132833.0,218.9199577331543,0,8,1,2024,0,NWG.L
2024-01-09 00:00:00+00:00,220.8830282040512,222.5813568494587,219.68419363664376,220.68321228027344,20016928,0.0,0.0,-0.004506624648062951,0.01021504956388938,20894592.85,219.04483489990236,0,9,1,2024,1,NWG.L
2024-01-10 00:00:00+00:00,219.9839019441028,219.9839019441028,214.58920737422872,214.888916015625,23135756,0.0,0.0,-0.026256171481179646,0.01160657325219106,20630858.95,218.7750991821289,0,10,1,2024,2,NWG.L
2024-01-11 00:00:00+00:00,215.48833874609852,217.2865755233307,211.4922637939453,211.4922637939453,59050240,0.0,0.0,-0.01580654919136315,0.011993366370391214,22458708.75,218.41545333862305,0,11,1,2024,3,NWG.L
2024-01-12 00:00:00+00:00,213.2904854694513,216.58725012031826,212.19155883789062,212.19155883789062,27315913,0.0,0.0,0.0033064804896438815,0.011869468145842308,22950005.1,218.2006637573242,0,12,1,2024,4,NWG.L
2024-01-15 00:00:00+00:00,212.09166821915275,214.28950626023828,210.79294089002462,211.99176025390625,18616959,0.0,0.0,-0.0009415953446905156,0.011798188521062989,22705399.85,218.04581527709962,0,15,1,2024,0,NWG.L
2024-01-16 00:00:00+00:00,210.59313878698975,212.10165149164857,208.4951934814453,208.4951934814453,30329036,0.0,0.0,-0.016493880555890628,0.009000146508223611,22077310.7,217.34650268554688,0,16,1,2024,1,NWG.L
2024-01-17 00:00:00+00:00,204.6989269957987,207.08658109611463,202.9007055179963,205.59805297851562,20424961,0.0,0.0,-0.013895478617772183,0.009285946485694668,21430397.65,216.57725830078124,0,17,1,2024,2,NWG.L
2024-01-18 00:00:00+00:00,205.5980558303626,208.39531129792306,205.0985464698631,207.49618530273438,20033820,0.0,0.0,0.009232248538934895,0.009653663720722003,21543208.75,215.98783798217772,0,18,1,2024,3,NWG.L
2024-01-19 00:00:00+00:00,208.79490184783936,209.0946104973409,206.79686450958252,207.79588317871094,29318467,0.0,0.0,0.001444353666258058,0.009698300638181175,21109454.5,215.4383773803711,0,19,1,2024,4,NWG.L
2024-01-22 00:00:00+00:00,209.89383073861242,213.6900895270734,209.5941220858878,213.39039611816406,16108287,0.0,0.0,0.026923117310469813,0.011699619322807652,19920440.45,215.21859436035157,0,22,1,2024,0,NWG.L
2024-01-23 00:00:00+00:00,214.78902066249827,215.388437980478,212.9907839523747,213.69009399414062,27552727,0.0,0.0,0.0014044581266470235,0.011686012453959881,20060170.75,215.05875091552736,0,23,1,2024,1,NWG.L
2024-01-24 00:00:00+00:00,215.6881154894948,218.58427256256454,214.88891278288077,217.38645935058594,26169284,0.0,0.0,0.017297785252257336,0.012350413152060723,20578607.05,215.10370635986328,0,24,1,2024,2,NWG.L
2024-01-25 00:00:00+00:00,216.48735307289652,219.78411789000984,215.78804301928238,217.68617248535156,22726539,0.0,0.0,0.0013787111472396418,0.012019374388969477,21193459.45,215.02878036499024,0,25,1,2024,3,NWG.L
2024-01-26 00:00:00+00:00,218.78508853912354,224.27969121932983,218.38548716899822,223.78018188476562,33158439,0.0,0.0,0.027994471719714475,0.013483915196877945,22370072.2,215.32349090576173,0,26,1,2024,4,NWG.L
2024-01-29 00:00:00+00:00,222.98096333295868,224.57939929702036,222.18174535092786,222.38156127929688,17317858,0.0,0.0,-0.006249975282391018,0.01354388992239102,22833573.8,215.48333435058595,0,29,1,2024,0,NWG.L
2024-01-30 00:00:00+00:00,223.28066954519608,227.07694348555523,222.6812522542602,226.97703552246094,24493158,0.0,0.0,0.020664816888269044,0.01424771388860021,23485743.2,215.83299102783204,0,30,1,2024,1,NWG.L
2024-01-31 00:00:00+00:00,226.67733261514022,228.87518590833204,224.37960184395567,224.97900390625,34533248,0.0,0.0,-0.008802791928319231,0.014330397346478917,24049471.85,216.152677154541,0,31,1,2024,2,NWG.L
2024-02-01 00:00:00+00:00,223.28068656661884,224.77921466438139,219.58432030756776,220.28363037109375,25286335,0.0,0.0,-0.020870274352858487,0.015128816912203266,24750821.0,216.17265777587892,0,1,2,2024,3,NWG.L
2024-02-02 00:00:00+00:00,222.38155616949572,223.3805748131254,220.48341160031046,220.68321228027344,13570502,0.0,0.0,0.0018139428177506023,0.0151177264539435,24958901.95,216.17765121459962,0,2,2,2024,4,NWG.L
2024-02-05 00:00:00+00:00,219.88402560685793,221.1827377433006,216.9868621826172,216.9868621826172,30880004,0.0,0.0,-0.01674957537305466,0.015526167373632594,26001923.05,215.94288177490233,0,5,2,2024,0,NWG.L
2024-02-06 00:00:00+00:00,218.18566745316653,220.78312204534356,217.68615812727208,219.7841033935547,30013778,0.0,0.0,0.012891292969540835,0.01580168013796369,26501765.55,215.8979263305664,0,6,2,2024,1,NWG.L
2024-02-07 00:00:00+00:00,218.9848908626291,220.38352615616256,216.28754348456388,217.08676147460938,18660869,0.0,0.0,-0.012272688867380643,0.014864337216342897,26278021.2,216.00781860351563,0,7,2,2024,2,NWG.L
2024-02-08 00:00:00+00:00,217.28656582931907,218.9848945594518,215.2885284423828,215.2885284423828,13857193,0.0,0.0,-0.00828347624706205,0.014518103194321789,24018368.85,216.1976318359375,0,8,2,2024,3,NWG.L
2024-02-09 00:00:00+00:00,213.09069511488073,214.18760961602217,210.4932403564453,210.4932403564453,39006580,0.0,0.0,-0.0222737742722825,0.015403058676174513,24602902.2,216.11271591186522,0,9,2,2024,4,NWG.L
2024-02-12 00:00:00+00:00,206.69696727717198,209.49422274473244,205.19843919567344,207.49618530273438,34178352,0.0,0.0,-0.014238248452234314,0.015716459131216685,25380971.85,215.88793716430663,0,12,2,2024,0,NWG.L
2024-02-13 00:00:00+00:00,206.79685639075282,208.29538433561333,203.20038322556172,204.19940185546875,27942681,0.0,0.0,-0.015888405092631785,0.015685503201906075,25261654.1,215.67314758300782,0,13,2,2024,1,NWG.L
2024-02-14 00:00:00+00:00,203.89970622216595,210.0936186108003,203.50008962830333,208.79489135742188,16901436,0.0,0.0,0.02250491167063151,0.016204399290385616,25085477.85,215.83298950195314,0,14,2,2024,2,NWG.L
2024-02-15 00:00:00+00:00,209.59412235568794,216.78705381126167,209.19450573693558,214.08970642089844,24897424,0.0,0.0,0.02535893013978363,0.017021666591425632,25328658.05,216.16266555786132,0,15,2,2024,3,NWG.L
2024-02-16 00:00:00+00:00,206.79686063878677,230.0739982425436,206.59705995746396,229.2747802734375,60514750,0.0,0.0,0.07092855656817676,0.023005491204490705,26888472.2,217.23661041259766,0,16,2,2024,4,NWG.L
2024-02-19 00:00:00+00:00,229.77428317599825,230.87320975827882,223.48046280545802,224.77919006347656,43425427,0.0,0.0,-0.019607870541188177,0.023043324421359555,28254329.2,217.8060501098633,0,19,2,2024,0,NWG.L
2024-02-20 00:00:00+00:00,225.57842908201758,228.5754852294922,224.17979373357326,228.5754852294922,34604468,0.0,0.0,0.016888997442083387,0.023251389639744043,28606916.25,218.55031967163086,0,20,2,2024,1,NWG.L
2024-02-21 00:00:00+00:00,228.07595855546668,231.67241651309433,227.7762499147107,228.7752685546875,22234295,0.0,0.0,0.000874036535434719,0.023032045144573063,28410166.8,219.11976013183593,0,21,2,2024,2,NWG.L
2024-02-22 00:00:00+00:00,229.7743043872128,231.7823265160404,226.27773888566827,227.8761749267578,38369893,0.0,0.0,-0.0039300298218850616,0.023079865644688665,29192334.5,219.62926025390624,0,22,2,2024,3,NWG.L
2024-02-23 00:00:00+00:00,228.77528041897273,231.57253580473636,227.8761696938916,231.2728271484375,36593418,0.0,0.0,0.014905692632287693,0.0224982765001409,29364083.45,220.00389251708984,0,23,2,2024,4,NWG.L
2024-02-26 00:00:00+00:00,230.77331332795183,232.3717493013425,229.67438669076884,230.97311401367188,20918731,0.0,0.0,-0.0012959288752640852,0.022431190247057236,29544127.1,220.4334701538086,0,26,2,2024,0,NWG.L
2024-02-27 00:00:00+00:00,230.27380069148367,234.86929261625838,230.27380069148367,233.4706573486328,80186311,0.0,0.0,0.010813134444787043,0.02210861950465404,32328784.75,220.75815124511718,0,27,2,2024,1,NWG.L
2024-02-28 00:00:00+00:00,234.26987649219987,238.16604318068485,234.15998382950852,236.26791381835938,47421560,0.0,0.0,0.011981190705046663,0.022080462268464,32973200.35,221.32259674072264,0,28,2,2024,2,NWG.L
2024-02-29 00:00:00+00:00,236.96722707202196,241.92236641589045,236.66751842023936,238.86537170410156,102182187,0.0,0.0,0.010993697128671931,0.021432002596105754,36817992.95,222.25168380737304,0,29,2,2024,3,NWG.L
2024-03-01 00:00:00+00:00,239.36488403803483,247.12825436965687,239.36488403803483,246.5578155517578,30613231,0.0,0.0,0.03220409803554691,0.022308062965270874,37670129.4,223.54541397094727,0,1,3,2024,4,NWG.L
2024-03-04 00:00:00+00:00,245.75858949058446,249.24517008942345,245.45888084488172,248.05633544921875,37779767,0.0,0.0,0.006077762710979151,0.021668955975010312,38015117.55,225.09888763427733,0,4,3,2024,0,NWG.L
2024-03-05 00:00:00+00:00,246.75761523821578,251.55290797581867,245.45888789872524,249.55487060546875,42945159,0.0,0.0,0.0060411081762383745,0.02162388799536818,38661686.6,226.58742599487306,0,5,3,2024,1,NWG.L
2024-03-06 00:00:00+00:00,250.05438311328774,255.27325581509893,249.6547664878701,252.15231323242188,52027977,0.0,0.0,0.010408302673681424,0.021172669403343933,40330042.0,228.34070358276367,0,6,3,2024,2,NWG.L
2024-03-07 00:00:00+00:00,252.25221164087196,253.16132227995465,248.85555429452086,250.15426635742188,46470600,0.0,0.0,-0.007923968054809327,0.021158512573589264,41960712.35,230.08399047851563,0,7,3,2024,3,NWG.L
2024-03-08 00:00:00+00:00,251.05339020758504,253.55093683670185,248.85555222272524,250.3540802001953,21611230,0.0,0.0,0.0007987624823793116,0.020035043325690217,41090944.85,232.07703247070313,0,8,3,2024,4,NWG.L
2024-03-11 00:00:00+00:00,249.45496920393117,251.15329796465772,238.85438921751364,249.65476989746094,90593615,0.0,0.0,-0.0027932850232565976,0.019495723896247496,43911708.0,234.18496170043946,0,11,3,2024,0,NWG.L
2024-03-12 00:00:00+00:00,250.7536916056956,257.17737447601326,242.0532381859137,253.75074768066406,26935045,0.0,0.0,0.016406567296452845,0.018602059178228735,43861326.2,236.66252899169922,0,12,3,2024,1,NWG.L
2024-03-13 00:00:00+00:00,254.25026972987658,256.248307213019,250.3541027352753,252.55194091796875,45181813,0.0,0.0,-0.004724347705977849,0.018718084518782704,45275345.05,238.85038146972656,0,13,3,2024,2,NWG.L
2024-03-14 00:00:00+00:00,242.07243443967695,243.27179937048348,238.97407630598948,239.87359619140625,58629019,11.5,0.0,-0.05020093957892224,0.022615185974239643,46961924.8,240.13957595825195,0,14,3,2024,3,NWG.L
2024-03-15 00:00:00+00:00,239.77365652431075,243.55967130668864,239.6737183372786,240.07350158691406,126100754,0.0,0.0,0.0008333780736262675,0.0166618121378828,50241225.0,240.67951202392578,0,15,3,2024,4,NWG.L
2024-03-18 00:00:00+00:00,238.57428468344835,240.47329319164558,237.35992822801816,239.9735565185547,43080209,0.0,0.0,-0.0004163102870525792,0.015858640470336464,50223964.1,241.4392303466797,0,18,3,2024,0,NWG.L
2024-03-19 00:00:00+00:00,238.87412287394204,241.02298440618904,237.17601258331754,239.87359619140625,26434028,0.0,0.0,-0.00041654725878392806,0.015552917222629588,49815442.1,242.0041358947754,0,19,3,2024,1,NWG.L
2024-03-20 00:00:00+00:00,238.6742289105597,247.24971172005667,238.6742289105597,245.37069702148438,25960540,0.0,0.0,0.0229166565947998,0.01619693110510364,50001754.35,242.83390731811522,0,20,3,2024,2,NWG.L
2024-03-21 00:00:00+00:00,249.66844562152278,253.66633901738143,247.8693905432358,253.26654052734375,57791909,0.0,0.0,0.03217924390200522,0.017285371086581344,50972855.15,244.10342559814453,0,21,3,2024,3,NWG.L
2024-03-22 00:00:00+00:00,254.3659637844835,261.4622305640374,254.3659637844835,260.9624938964844,68959021,0.0,0.0,0.030386774949096473,0.01806082446765314,52591135.3,245.58790893554686,0,22,3,2024,4,NWG.L
2024-03-25 00:00:00+00:00,261.16234009432105,261.6620767041468,257.2644006379808,259.863037109375,30669324,0.0,0.0,-0.004213083538148199,0.018136283307159738,53078664.95,247.03240509033202,0,25,3,2024,0,NWG.L
2024-03-26 00:00:00+00:00,258.56374698935036,262.66156299260774,258.56374698935036,262.26177978515625,46259612,0.0,0.0,0.009230795970308181,0.018117934157466764,51382330.0,248.4719612121582,0,26,3,2024,1,NWG.L
2024-03-27 00:00:00+00:00,260.16290714031976,262.9614508893782,259.46329407918523,262.6615905761719,33357569,0.0,0.0,0.0015244721947023088,0.018086748754331482,50679130.45,249.79164505004883,0,27,3,2024,2,NWG.L
2024-03-28 00:00:00+00:00,264.8604317932704,266.5595486506595,263.5611286680942,265.36016845703125,25164728,0.0,0.0,0.01027397220484283,0.018075883754619694,46828257.5,251.11638488769532,0,28,3,2024,3,NWG.L
2024-04-02 00:00:00+01:00,264.9604037908373,267.7589171033746,263.5611471345686,266.9593505859375,31032477,0.0,0.0,0.0060264588246414785,0.01694765416682727,46849219.8,252.1364616394043,0,2,4,2024,1,NWG.L
2024-04-03 00:00:00+01:00,266.55955634611814,272.85622629068536,266.25969603830157,272.556396484375,34901617,0.0,0.0,0.020965910675736943,0.01736009063781902,46705312.3,253.3614646911621,0,3,4,2024,2,NWG.L
2024-04-04 00:00:00+01:00,274.2554710923516,280.85200106098904,273.35595121060675,280.3522644042969,49149789,0.0,0.0,0.028602769997249977,0.01815535357746562,47015543.8,254.9013343811035,0,4,4,2024,3,NWG.L
2024-04-05 00:00:00+01:00,277.3538370758109,279.1528767913766,277.3538370758109,278.25335693359375,20411707,0.0,0.0,-0.007486679214676495,0.01836605240136584,45434730.3,256.2063865661621,0,5,4,2024,4,NWG.L
2024-04-08 00:00:00+01:00,277.65367520683367,280.5521722267618,277.35384541239523,278.1534118652344,20389975,0.0,0.0,-0.00035918728694162017,0.01816049161820588,44130699.05,257.60634384155276,0,8,4,2024,0,NWG.L
2024-04-09 00:00:00+01:00,277.95351416224855,279.7525537937637,275.6547074091985,275.8546142578125,23965950,0.0,0.0,-0.008264495452371623,0.018394932275523298,44248435.05,258.8813705444336,0,9,4,2024,1,NWG.L
2024-04-10 00:00:00+01:00,278.25335693359375,279.65261343475646,275.7546737166945,278.25335693359375,38848320,0.0,0.0,0.008695677185734496,0.01831720163320791,41661170.3,260.31129989624026,0,10,4,2024,2,NWG.L
2024-04-11 00:00:00+01:00,277.75362558108884,279.25283553978653,270.05769942734355,272.3564758300781,46759559,0.0,0.0,-0.021192488631585293,0.019063746843592338,42652396.0,261.24158630371096,0,11,4,2024,3,NWG.L
2024-04-12 00:00:00+01:00,274.95509776643365,277.85356409736454,273.35593446269496,274.35540771484375,15761217,0.0,0.0,0.007339395469387444,0.018973200705357587,41181366.2,262.3317596435547,0,12,4,2024,4,NWG.L
2024-04-15 00:00:00+01:00,275.15499532846394,279.3527955117108,274.8551655303058,276.6542053222656,23374274,0.0,0.0,0.008378903942768856,0.013977191028824549,39418628.95,264.17079010009763,0,15,4,2024,0,NWG.L
2024-04-16 00:00:00+01:00,270.05770380002525,271.45696035049843,267.5590204950713,268.6584167480469,31061155,0.0,0.0,-0.028901742393196983,0.016113836470000416,34666649.0,265.6000358581543,0,16,4,2024,1,NWG.L
2024-04-17 00:00:00+01:00,268.45854428362907,273.9556476343674,266.85938084493137,272.25653076171875,11269812,0.0,0.0,0.013392895176056463,0.016130946084695164,33076129.15,267.2141845703125,0,17,4,2024,2,NWG.L
2024-04-18 00:00:00+01:00,275.25494384765625,277.55375076468226,273.2559972249405,275.25494384765625,32713225,0.0,0.0,0.011013190675531526,0.016077102389791337,33390089.0,268.983251953125,0,18,4,2024,3,NWG.L
2024-04-19 00:00:00+01:00,273.9556237056888,277.7835928294589,272.3564604066701,276.55426025390625,25990611,0.0,0.0,0.0047204107874956325,0.015639389538068354,33391592.55,270.5424301147461,0,19,4,2024,4,NWG.L
2024-04-22 00:00:00+01:00,280.55217719191177,282.0343978550446,278.4532770891819,279.5527038574219,24833895,0.0,0.0,0.010842153003764121,0.014450433148690243,31743691.85,271.85673828125,0,22,4,2024,0,NWG.L
2024-04-23 00:00:00+01:00,281.8514885168264,286.81887235365485,281.1518449617495,285.64947509765625,27743088,0.0,0.0,0.021809022614010853,0.01377010230244605,29682895.2,273.0910873413086,0,23,4,2024,1,NWG.L
2024-04-24 00:00:00+01:00,284.84990026547837,287.3485836011405,281.8514802626839,285.7494201660156,79759421,0.0,0.0,0.00034988710665473377,0.013653356724601873,32137400.05,274.3854064941406,0,24,4,2024,2,NWG.L
2024-04-25 00:00:00+01:00,287.8482991978026,291.0865828032968,284.84987941449214,289.6473388671875,48741809,0.0,0.0,0.013641038007731643,0.01376304045522895,32261509.9,275.7546844482422,0,25,4,2024,3,NWG.L
2024-04-26 00:00:00+01:00,295.84410818630573,308.5374317854421,295.34437151707215,307.23809814453125,57160251,0.0,0.0,0.06073164471712844,0.01850966488141961,33451644.0,277.98350982666017,0,26,4,2024,4,NWG.L
2024-04-29 00:00:00+01:00,309.3370119205191,309.8367486118285,300.66958167459353,302.3406982421875,25077684,0.0,0.0,-0.01594008012652104,0.019255431156724907,33447291.8,279.832536315918,0,29,4,2024,0,NWG.L
2024-04-30 00:00:00+01:00,301.2412488790416,309.13708191058146,299.542162556637,303.34014892578125,28958448,0.0,0.0,0.0033057100463305122,0.01927018094051454,33343590.35,281.65157623291014,0,30,4,2024,1,NWG.L
2024-05-01 00:00:00+01:00,305.03927907383013,307.7878307904139,302.84042549996065,304.63946533203125,27320465,0.0,0.0,0.004283364437088988,0.01897357668824234,32964532.75,283.25572967529297,0,1,5,2024,2,NWG.L
2024-05-02 00:00:00+01:00,303.8399107501788,303.8399107501788,303.8399107501788,303.04034423828125,60342241,0.0,0.0,-0.00524922498799385,0.018326341277500463,33524155.35,284.3901336669922,0,2,5,2024,3,NWG.L
2024-05-03 00:00:00+01:00,304.7394020387872,307.0382089219132,301.1412920706585,304.83935546875,11320341,0.0,0.0,0.005936540347427188,0.018126091967637037,33069587.05,285.71943359375,0,3,5,2024,4,NWG.L
2024-05-07 00:00:00+01:00,306.8383264786158,317.7325801783695,306.8383264786158,311.835693359375,58607016,0.0,0.0,0.0229509010733433,0.018526850307414196,34980439.1,287.403547668457,0,7,5,2024,1,NWG.L
2024-05-08 00:00:00+01:00,312.1355316515201,316.83306884765625,310.6363215465627,316.83306884765625,24102798,0.0,0.0,0.016025668628388834,0.0183452520333111,34987281.5,289.45247039794924,0,8,5,2024,2,NWG.L
2024-05-09 00:00:00+01:00,317.63262939453125,321.2627357599875,314.83411611852495,317.63262939453125,27610156,0.0,0.0,0.0025236019389738296,0.018369012358630643,34425373.3,291.4214340209961,0,9,5,2024,3,NWG.L
2024-05-10 00:00:00+01:00,317.9324557873928,320.33118555395475,315.63364894741375,319.1318054199219,13326847,0.0,0.0,0.0047198426315593345,0.01716524713117848,32753737.7,293.7602005004883,0,10,5,2024,4,NWG.L
2024-05-13 00:00:00+01:00,318.7320551141456,321.33069200515746,316.5332319767564,319.83148193359375,34849038,0.0,0.0,0.002192437424879179,0.01721565900855101,33708128.75,296.0340042114258,0,13,5,2024,0,NWG.L
2024-05-14 00:00:00+01:00,319.83148563358634,324.62894571748717,317.83253884837643,323.4295959472656,56855688,0.0,0.0,0.01125003077220188,0.017232384307902807,35382199.45,298.3727737426758,0,14,5,2024,1,NWG.L
2024-05-15 00:00:00+01:00,324.92878525223216,327.92720523825426,321.430628601873,326.22808837890625,30683236,0.0,0.0,0.008652555198123801,0.014888762320125485,35363303.5,301.2512573242187,0,15,5,2024,2,NWG.L
2024-05-16 00:00:00+01:00,327.52742200708576,329.6262915960969,324.22914172155816,326.22808837890625,12596870,0.0,0.0,0.0,0.015021974358605248,35429656.4,303.9498352050781,0,16,5,2024,3,NWG.L
2024-05-17 00:00:00+01:00,325.8282991688571,327.36148781074075,319.7315058755192,320.8309326171875,21676972,0.0,0.0,-0.016544117303136985,0.01607281333177185,34877843.75,306.2286346435547,0,17,5,2024,4,NWG.L
2024-05-20 00:00:00+01:00,321.63052898291676,321.93438500231747,316.4332855866358,316.83306884765625,30674417,0.0,0.0,-0.012460967329174122,0.016693806271386575,35112034.05,308.24257507324216,0,20,5,2024,0,NWG.L
2024-05-21 00:00:00+01:00,314.13445455097656,318.8319913896074,312.5353216285966,314.9340515136719,28788000,0.0,0.0,-0.005993747246432424,0.016910341331837015,35309739.3,310.0116424560547,0,21,5,2024,1,NWG.L
2024-05-22 00:00:00+01:00,313.33489990234375,320.2312600199888,311.83568985496413,313.33489990234375,55220401,0.0,0.0,-0.005077734857955485,0.01666346732179569,36683604.95,311.3959136962891,0,22,5,2024,2,NWG.L
2024-05-23 00:00:00+01:00,313.834614203985,315.53373100378025,305.33909120801724,307.0382080078125,49535285,0.0,0.0,-0.02009572472295207,0.017552039262437792,35172398.15,312.4603530883789,0,23,5,2024,3,NWG.L
2024-05-24 00:00:00+01:00,308.9372066112099,308.9372066112099,302.24072322515633,307.3380432128906,24403146,0.0,0.0,0.0009765403694335095,0.017403961690571186,33955465.0,313.3448883056641,0,24,5,2024,4,NWG.L
2024-05-28 00:00:00+01:00,308.23755673863883,312.13549647190433,305.439043725398,309.2370300292969,36468989,0.0,0.0,0.006178821198164597,0.010991272518795612,32920901.9,313.44483489990233,0,28,5,2024,1,NWG.L
2024-05-29 00:00:00+01:00,310.73624246374425,312.4353592721263,307.33803934848464,309.9366760253906,61372760,0.0,0.0,0.002262490996073341,0.010300543645904875,34735655.7,313.8246337890625,0,29,5,2024,2,NWG.L
2024-05-30 00:00:00+01:00,308.3375209748021,316.2333541474376,306.7383575533999,316.0334777832031,27123404,0.0,0.0,0.019671120681803433,0.011088812362256076,34643903.5,314.4593002319336,0,30,5,2024,3,NWG.L
2024-05-31 00:00:00+01:00,316.83302244156124,318.5321391789154,314.8310867804206,314.8340759277344,108537458,0.0,0.0,-0.00379517342239144,0.011152436109183426,38704753.15,314.9690307617187,0,31,5,2024,4,NWG.L
2024-06-03 00:00:00+01:00,319.8314765371666,321.9303767022431,317.53169345044466,319.5316467285156,21067564,0.0,0.0,0.014920782596161919,0.011399598025980145,36741019.3,315.7935958862305,0,3,6,2024,0,NWG.L
2024-06-04 00:00:00+01:00,318.0324369180692,318.73204997260916,312.5353334110105,313.33489990234375,13692693,0.0,0.0,-0.01939321782244885,0.012387101693236046,36859636.9,316.21837310791017,0,4,6,2024,1,NWG.L
2024-06-05 00:00:00+01:00,314.23442036605906,315.733630415994,309.8367436532179,312.2354736328125,11465503,0.0,0.0,-0.003508789700329973,0.011338257555834069,34502561.25,316.23836212158204,0,5,6,2024,2,NWG.L
2024-06-06 00:00:00+01:00,312.53531726822405,318.632080078125,310.3364637783711,318.632080078125,11283013,0.0,0.0,0.020486482112006543,0.011705435939348703,33861572.0,316.3283126831055,0,6,6,2024,3,NWG.L
2024-06-07 00:00:00+01:00,318.83199336220997,320.7309865954142,311.4858582612435,316.73309326171875,18510630,0.0,0.0,-0.005959810499748253,0.011775953721692833,33406595.7,316.28333587646483,0,7,6,2024,4,NWG.L
2024-06-10 00:00:00+01:00,312.6352297034794,318.7320228102217,308.23755337290436,310.7362365722656,25612036,0.0,0.0,-0.01893347053728256,0.012438105858982659,34020855.15,315.86355743408205,0,10,6,2024,0,NWG.L
2024-06-11 00:00:00+01:00,311.1360340732095,313.23493415736857,301.2412542496084,303.6399841308594,54090329,0.0,0.0,-0.022836900258833892,0.013301789227871593,34982919.7,315.0539825439453,0,11,6,2024,1,NWG.L
2024-06-12 00:00:00+01:00,307.03820955947816,311.3359325432617,301.7409827754959,309.9366760253906,46970669,0.0,0.0,0.020737360768065205,0.013970676034078557,34488668.75,314.37933654785155,0,12,6,2024,2,NWG.L
2024-06-13 00:00:00+01:00,308.93723129113283,310.2935113145982,307.13816088623787,308.13763427734375,25639536,0.0,0.0,-0.005804546177360148,0.013760989339864804,34236483.75,313.4748138427734,0,13,6,2024,3,NWG.L
2024-06-14 00:00:00+01:00,308.337511088947,309.9366744590771,300.04189495230963,307.0382080078125,15037419,0.0,0.0,-0.0035679714102747617,0.013746465403780876,34358511.2,312.51531982421875,0,14,6,2024,4,NWG.L
2024-06-17 00:00:00+01:00,309.8367151037439,310.3154667064354,304.73939530334934,307.8377685546875,14622992,0.0,0.0,0.002604107651822396,0.013411612572946378,34005812.2,311.86566162109375,0,17,6,2024,0,NWG.L
2024-06-18 00:00:00+01:00,312.33542816199775,312.83516484705694,307.837797996465,310.0366516113281,18621242,0.0,0.0,0.007142993099789052,0.013321330986022497,33403153.45,311.52584075927734,0,18,6,2024,1,NWG.L
2024-06-19 00:00:00+01:00,310.2365185871989,315.53374558927413,309.23704524735507,312.3354187011719,8694300,0.0,0.0,0.007414501085263758,0.013393946656933916,32398468.45,311.39590911865236,0,19,6,2024,2,NWG.L
2024-06-20 00:00:00+01:00,311.63577696778077,320.3312072753906,309.73678371137913,320.3312072753906,36604533,0.0,0.0,0.025600005940628723,0.01452993154190251,31467675.05,311.7457244873047,0,20,6,2024,3,NWG.L
2024-06-21 00:00:00+01:00,320.43118036983304,322.43012718374155,314.0345566656274,314.63421630859375,134567756,0.0,0.0,-0.01778468921355869,0.014359811925309034,35719298.6,312.1255249023437,0,21,6,2024,4,NWG.L
2024-06-24 00:00:00+01:00,319.33170812977806,322.3301279244239,314.13443495179064,315.5337219238281,36754186,0.0,0.0,0.0028588931801114548,0.014363606853189343,36336850.6,312.5353088378906,0,24,6,2024,0,NWG.L
2024-06-25 00:00:00+01:00,315.5337411139401,317.4327343324079,307.5209651701453,309.83673095703125,17518500,0.0,0.0,-0.01805509386464932,0.01495072657665409,35389326.15,312.56529388427737,0,25,6,2024,1,NWG.L
2024-06-26 00:00:00+01:00,312.6352519893845,313.95456413305413,308.03769897603075,310.8362121582031,51836672,0.0,0.0,0.003225831869851703,0.014959260422517683,34912521.75,312.61027069091796,0,26,6,2024,2,NWG.L
2024-06-27 00:00:00+01:00,312.63524258757985,314.634189229448,308.93720960102684,313.1349792480469,16878576,0.0,0.0,0.007395428846217467,0.014360362271910652,34400280.35,312.46534576416013,0,27,6,2024,3,NWG.L
2024-06-28 00:00:00+01:00,316.8330462318815,320.7309861262313,310.83620624011087,311.6357727050781,21949705,0.0,0.0,-0.004787732582827053,0.014374557091198722,30070892.7,312.30543060302733,0,28,6,2024,4,NWG.L
2024-07-01 00:00:00+01:00,314.7341225017424,324.8288084968688,309.7367562171752,314.8340759277344,15535781,0.0,0.0,0.01026295278906586,0.01414902423262226,29794303.55,312.07055206298827,0,1,7,2024,0,NWG.L
2024-07-02 00:00:00+01:00,314.33437703576834,319.0518925948074,312.8351669704149,316.9330139160156,21767927,0.0,0.0,0.006666806895334387,0.01351747991616486,30198065.25,312.2504577636719,0,2,7,2024,1,NWG.L
2024-07-03 00:00:00+01:00,319.6315411906371,321.8303945965567,318.3322381335506,321.3306579589844,16793041,0.0,0.0,0.01387562623606664,0.013791610610441195,30464442.15,312.7052169799805,0,3,7,2024,2,NWG.L
2024-07-04 00:00:00+01:00,323.1297344959956,326.827798236275,319.3317478180118,325.62841796875,11649920,0.0,0.0,0.013374883171944907,0.013362051774584913,30482787.5,313.0550338745117,0,4,7,2024,3,NWG.L
2024-07-05 00:00:00+01:00,326.72783693448406,328.32700041886505,323.6294634025283,324.6289367675781,20949543,0.0,0.0,-0.0030693918160048517,0.0132963315295579,30604733.15,313.4498260498047,0,5,7,2024,4,NWG.L
2024-07-08 00:00:00+01:00,324.4290718612366,332.5248125045559,322.2302181798139,329.2265319824219,40669283,0.0,0.0,0.014162616742128042,0.012689167580669309,31357595.5,314.3743408203125,0,8,7,2024,0,NWG.L
2024-07-09 00:00:00+01:00,329.2265214506101,331.0255918146338,321.23073450341127,322.43011474609375,16608144,0.0,0.0,-0.020643589067393275,0.01246182807644688,29483486.25,315.31384735107423,0,9,7,2024,1,NWG.L
2024-07-10 00:00:00+01:00,323.1297194187282,324.9287897360709,320.4311596949729,322.5300598144531,29355218,0.0,0.0,0.0003099743596781668,0.01175560592093467,28602713.7,315.94351654052736,0,10,7,2024,2,NWG.L
2024-07-11 00:00:00+01:00,323.9293089902635,326.7278220846071,320.53110580384475,326.62786865234375,14208445,0.0,0.0,0.012705199757963692,0.011832301553471211,28031159.15,316.86802825927737,0,11,7,2024,3,NWG.L
2024-07-12 00:00:00+01:00,327.72731933486403,329.62631268051194,323.3296425077037,323.4295959472656,16413881,0.0,0.0,-0.009791793695602569,0.01209268305154206,28099982.25,317.68759765625,0,12,7,2024,4,NWG.L
2024-07-15 00:00:00+01:00,319.63158464969524,325.42854873462665,317.43276144631403,322.6300048828125,10469729,0.0,0.0,-0.0024722260253000616,0.012147364136900051,27892319.1,318.4272094726563,0,15,7,2024,0,NWG.L
2024-07-16 00:00:00+01:00,321.53058737519336,326.62787703488516,319.53164068464565,326.5279541015625,11785154,0.0,0.0,0.012081793880782454,0.012297708410421172,27550514.7,319.251774597168,0,16,7,2024,1,NWG.L
2024-07-17 00:00:00+01:00,327.5274377185211,330.8256876607598,325.42853752732066,328.22705078125,13007298,0.0,0.0,0.005203525941178677,0.012262668156987191,27766164.6,320.0463562011719,0,17,7,2024,2,NWG.L
2024-07-18 00:00:00+01:00,330.5258376044767,337.0224141545982,330.4258841726354,336.12286376953125,16364928,0.0,0.0,0.024055948373199465,0.012113910642441822,26754184.35,320.83593902587893,0,18,7,2024,3,NWG.L
2024-07-19 00:00:00+01:00,332.02505342434705,337.9519229686962,326.22808979202375,335.32330322265625,10549199,0.0,0.0,-0.0023787746477824667,0.011213974621665733,20553256.5,321.87039337158205,0,19,7,2024,4,NWG.L
2024-07-22 00:00:00+01:00,337.02243526561847,338.62156826922916,335.1234114461937,338.42169189453125,21384421,0.0,0.0,0.009240004026256576,0.011292789420139825,19784768.25,323.01479187011716,0,22,7,2024,0,NWG.L
2024-07-23 00:00:00+01:00,339.62101599045974,340.42061293336616,336.62259608294596,339.8209228515625,15843945,0.0,0.0,0.004134578221620888,0.01008165110672336,19701040.5,324.5140014648438,0,23,7,2024,1,NWG.L
2024-07-24 00:00:00+01:00,336.9224518920398,339.6210114719967,333.6441807235005,337.3222351074219,16892731,0.0,0.0,-0.007352954383071042,0.010433208134642337,17953843.45,325.8383026123047,0,24,7,2024,2,NWG.L
2024-07-25 00:00:00+01:00,326.2281154367409,339.7210064929605,325.15668896798223,337.9219665527344,19097345,0.0,0.0,0.0017779185090527339,0.010416802500512254,18064781.9,327.07765197753906,0,25,7,2024,3,NWG.L
2024-07-26 00:00:00+01:00,363.30857513602416,368.7057253100956,355.9124781936665,361.70941162109375,40561517,0.0,0.0,0.07039330799066956,0.01796166385405584,18995372.5,329.58133392333986,0,26,7,2024,4,NWG.L
2024-07-29 00:00:00+01:00,365.1075830117374,372.50370980705895,363.53843311737194,371.2043762207031,22055006,0.0,0.0,0.026250255853325077,0.018434677651311182,19321333.75,332.3998489379883,0,29,7,2024,0,NWG.L
2024-07-30 00:00:00+01:00,369.9051003302905,372.3837747668793,365.30751672807634,366.50689697265625,25333597,0.0,0.0,-0.012654697921055558,0.019028443623597978,19499617.25,334.8785430908203,0,30,7,2024,1,NWG.L
2024-07-31 00:00:00+01:00,368.3059111494946,369.2054310194367,365.0576229236171,367.9061279296875,13922240,0.0,0.0,0.003817747956692985,0.018982819906482717,19356077.2,337.20731658935546,0,31,7,2024,2,NWG.L
2024-08-01 00:00:00+01:00,367.90614155849,368.0060949925206,332.1249777824354,338.2217712402344,45969739,0.0,0.0,-0.0806845943461052,0.027187596680230193,21072068.15,337.8369842529297,0,1,8,2024,3,NWG.L
2024-08-02 00:00:00+01:00,334.82357119204414,338.02189810254066,321.5305878796489,325.42852783203125,53811812,0.0,0.0,-0.03782501452018072,0.02861886656529838,22715181.6,337.87696380615233,0,2,8,2024,4,NWG.L
2024-08-05 00:00:00+01:00,315.2338808121918,322.2301940917969,308.8372576282825,322.2301940917969,23213543,0.0,0.0,-0.009828068121566669,0.028519397859563842,21842394.6,337.5271469116211,0,5,8,2024,0,NWG.L
2024-08-06 00:00:00+01:00,326.6278507072571,328.72675066345283,320.13127448662954,322.8298645019531,58960490,0.0,0.0,0.0018610000588132891,0.028131731761214387,23960011.9,337.54713439941406,0,6,8,2024,1,NWG.L
2024-08-07 00:00:00+01:00,329.8261838809001,335.9229770165751,328.61682974709123,334.42376708984375,16834986,0.0,0.0,0.035913352086484274,0.02922805116235486,23334000.3,338.1418197631836,0,7,8,2024,2,NWG.L
2024-08-08 00:00:00+01:00,324.8870761306721,331.5847603644635,321.2883208782913,328.285888671875,23765705,6.0,0.0,-0.018353595114906418,0.029465899949290258,23811863.3,338.22472076416017,0,8,8,2024,3,NWG.L
2024-08-09 00:00:00+01:00,329.28555248575645,335.88326558980856,328.5858139866297,332.8843078613281,34761287,0.0,0.0,0.014007361717729205,0.02950173168539316,24729233.6,338.6974563598633,0,9,8,2024,4,NWG.L
2024-08-12 00:00:00+01:00,335.38344588324173,337.48272243576906,333.5840834136333,334.4837646484375,85544518,0.0,0.0,0.004804842851816371,0.029490370383662513,28482973.05,339.2901443481445,0,12,8,2024,0,NWG.L
2024-08-13 00:00:00+01:00,334.78363603385793,337.5826815042977,334.28380975416957,337.0828552246094,12348113,0.0,0.0,0.007770453609022399,0.029430209776192987,28511121.0,339.81788940429686,0,13,8,2024,1,NWG.L
2024-08-14 00:00:00+01:00,341.3813580008878,341.98115565367544,335.6833260598689,340.1817626953125,25612731,0.0,0.0,0.0091933108512392,0.029466512698791702,29141392.65,340.415625,0,14,8,2024,2,NWG.L
2024-08-15 00:00:00+01:00,341.7812054191277,347.57920859262845,338.7822477281023,345.7798156738281,27857937,0.0,0.0,0.016456064352660782,0.029217879557666276,29716043.1,340.89847259521486,0,15,8,2024,3,NWG.L
2024-08-16 00:00:00+01:00,345.7798119693865,349.87839353794027,344.3803044966298,348.578857421875,16245376,0.0,0.0,0.008094867372730574,0.02923238594781639,30000851.95,341.5612503051758,0,16,8,2024,4,NWG.L
2024-08-19 00:00:00+01:00,348.4789033174986,352.27757100404017,346.97942441381485,351.8777160644531,9726106,0.0,0.0,0.009463737034933306,0.029235203734906713,29417936.2,342.2340515136719,0,19,8,2024,0,NWG.L
2024-08-20 00:00:00+01:00,350.97801931472475,352.9773244312917,345.77981380886064,347.1793212890625,12199558,0.0,0.0,-0.013352351004034646,0.029440175333803813,29235716.85,342.6019714355469,0,20,8,2024,1,NWG.L
2024-08-21 00:00:00+01:00,348.57885596441565,349.2785944443809,344.2803317004516,346.3796081542969,9476703,0.0,0.0,-0.0023034584312116024,0.02938196360881411,28864915.45,343.0548400878906,0,21,8,2024,2,NWG.L
2024-08-22 00:00:00+01:00,346.279630161629,346.979399135158,342.6808749535746,344.7801513671875,24224188,0.0,0.0,-0.004617641308713782,0.02941631349369814,29121257.6,343.39774932861326,0,22,8,2024,3,NWG.L
2024-08-23 00:00:00+01:00,344.6801833286318,346.37960484813686,342.2810233358405,345.57989501953125,14291083,0.0,0.0,0.0023195756750278296,0.024551672365164194,27807735.9,342.59127349853514,0,23,8,2024,4,NWG.L
2024-08-27 00:00:00+01:00,345.7798110446804,349.77842124584924,344.680187137964,349.2785949707031,27181486,0.0,0.0,0.010702879433894141,0.023846687738451493,28064059.9,341.49498443603517,0,27,8,2024,1,NWG.L
2024-08-28 00:00:00+01:00,351.4778494006739,353.5771258972012,333.3841317983774,337.882568359375,15722656,0.0,0.0,-0.03262732608130192,0.024686246134166225,27583512.85,340.0637680053711,0,28,8,2024,2,NWG.L
2024-08-29 00:00:00+01:00,337.1827970497126,342.8808288574219,335.88326092155614,342.8808288574219,13071088,0.0,0.0,0.014792892460586016,0.024983736451667134,27540955.25,338.8125030517578,0,29,8,2024,3,NWG.L
2024-08-30 00:00:00+01:00,343.58059927539597,346.67949782566404,343.0807729921946,345.080078125,31770352,0.0,0.0,0.00641403392224249,0.017122864626084273,26830985.9,339.1554183959961,0,30,8,2024,4,NWG.L
2024-09-02 00:00:00+01:00,345.3799560027116,347.7791160211618,341.18140309019265,342.7808532714844,6834940,0.0,0.0,-0.006662873342351494,0.014625941335895733,24482142.3,340.0230346679688,0,2,9,2024,0,NWG.L
2024-09-03 00:00:00+01:00,342.58094908783175,344.58025423452005,331.6847116328001,333.5840759277344,22796410,0.0,0.0,-0.026829903875833172,0.015836563386523058,24461285.65,340.5907287597656,0,3,9,2024,1,NWG.L
2024-09-04 00:00:00+01:00,326.88638049435747,337.42272680514986,326.0866706653568,335.4833984375,18814995,0.0,0.0,0.005693684581565828,0.01585984548248008,22454010.9,341.223405456543,0,4,9,2024,2,NWG.L
2024-09-05 00:00:00+01:00,334.8836004551006,342.78084940921406,334.1838314752404,339.0821533203125,9880489,0.0,0.0,0.010727072932888992,0.01390892245437948,22106286.05,341.4563247680664,0,5,9,2024,3,NWG.L
2024-09-06 00:00:00+01:00,336.48305171857714,339.18209527763184,327.58615019670134,328.285888671875,12747441,0.0,0.0,-0.03183967231162077,0.015156526240223026,21555372.85,341.4563247680664,0,6,9,2024,4,NWG.L
2024-09-09 00:00:00+01:00,329.7853820121814,334.68367358207,329.3855270791861,333.68402099609375,33381808,0.0,0.0,0.016443388249362867,0.015283341161575698,21486398.9,341.4963104248047,0,9,9,2024,0,NWG.L
2024-09-10 00:00:00+01:00,332.7843375093122,336.28312153645993,325.58685724336516,325.6867980957031,32489118,0.0,0.0,-0.023966454481451627,0.01615924868890515,18833628.9,341.056462097168,0,10,9,2024,1,NWG.L
2024-09-11 00:00:00+01:00,329.0856304758956,332.58441438827674,326.7864113150032,330.4851379394531,18287068,0.0,0.0,0.014732988477905717,0.01643545783495879,19130576.65,340.72657623291013,0,11,9,2024,2,NWG.L
2024-09-12 00:00:00+01:00,335.383431721354,335.5333735029939,327.88603756960987,331.984619140625,26329006,0.0,0.0,0.004537212204218877,0.016318143435425432,19166390.4,340.3167190551758,0,12,9,2024,3,NWG.L
2024-09-13 00:00:00+01:00,331.4848049687571,336.0832129844764,330.28520965788215,335.8832702636719,13759153,0.0,0.0,0.011743469119560146,0.016083773116722197,18461451.2,339.82189178466797,0,13,9,2024,4,NWG.L
2024-09-16 00:00:00+01:00,334.2838148770187,336.6829749548945,333.48410502005197,336.4830627441406,10335613,0.0,0.0,0.001785717043894186,0.015950578955080064,18165963.05,339.21710205078125,0,16,9,2024,0,NWG.L
2024-09-17 00:00:00+01:00,338.3824076901432,341.88119181692457,337.48272644465186,341.08148193359375,15517806,0.0,0.0,0.01366612379223886,0.016131234723627322,18455548.05,338.67729034423826,0,17,9,2024,1,NWG.L
2024-09-18 00:00:00+01:00,339.48201381186607,340.4816663669617,334.38377967948344,334.88360595703125,14579204,0.0,0.0,-0.01817124735540221,0.016353116838763077,18574530.35,338.06250457763673,0,18,9,2024,2,NWG.L
2024-09-19 00:00:00+01:00,338.9821834242596,342.08111240887735,337.08284969400177,341.2813720703125,19222000,0.0,0.0,0.01910444703615055,0.016997605244501352,19061795.2,337.8075927734375,0,19,9,2024,3,NWG.L
2024-09-20 00:00:00+01:00,340.4816583593431,341.4813108909284,337.1827867009271,337.5826721191406,78039263,0.0,0.0,-0.010837684836809247,0.017131312178984524,21752548.95,337.44771881103514,0,20,9,2024,4,NWG.L
2024-09-23 00:00:00+01:00,337.88257969323524,339.08217501919705,334.0839120059835,335.9832458496094,10988911,0.0,0.0,-0.004737880233872782,0.017133895031984286,21587440.35,336.96788635253904,0,23,9,2024,0,NWG.L
2024-09-24 00:00:00+01:00,337.68261262734285,343.98044187418526,337.0828455145738,341.181396484375,51643533,0.0,0.0,0.015471457874695282,0.017341147642816898,22810542.7,336.56302642822266,0,24,9,2024,1,NWG.L
2024-09-25 00:00:00+01:00,339.18210449642856,348.1090251238873,337.78259700106884,337.882568359375,26399600,0.0,0.0,-0.009668839388641937,0.015833651696053677,23344389.9,336.56302642822266,0,25,9,2024,2,NWG.L
2024-09-26 00:00:00+01:00,342.98078720866033,347.2792808606106,342.6508847917167,346.1796569824219,12833869,0.0,0.0,0.024556131034916273,0.016448408496352845,23332528.95,336.7279678344727,0,26,9,2024,3,NWG.L
2024-09-27 00:00:00+01:00,344.0804152920779,346.4795752784642,341.08145768235136,346.2796325683594,24192441,0.0,0.0,0.00028879682535065676,0.016391540421502513,22953633.4,336.78794555664064,0,27,9,2024,4,NWG.L
2024-09-30 00:00:00+01:00,345.5799105337299,346.4795917580445,341.7812124098812,343.780517578125,15458618,0.0,0.0,-0.007217042976794263,0.01640439658085341,23384817.3,336.83792877197266,0,30,9,2024,0,NWG.L
2024-10-01 00:00:00+01:00,346.8794515298998,347.87910412796873,335.98324431234437,340.28173828125,11848695,0.0,0.0,-0.010177363515312954,0.015344674060476925,22837431.55,337.1728118896484,0,1,10,2024,1,NWG.L
2024-10-02 00:00:00+01:00,339.68191836784877,339.98183243180733,331.08493099324136,333.9839172363281,19585746,0.0,0.0,-0.018507666843163295,0.015907826347410628,22875969.1,337.0978378295898,0,2,10,2024,2,NWG.L
2024-10-03 00:00:00+01:00,329.8853327730268,335.08353809830044,327.1862587566397,329.58544921875,15726733,0.0,0.0,-0.013169700068119572,0.015948928993800723,23168281.3,336.62300262451174,0,3,10,2024,3,NWG.L
2024-10-04 00:00:00+01:00,331.1848907557663,344.18037442151103,329.78538323161973,342.3810119628906,33608050,0.0,0.0,0.03882320282788965,0.0166390163760168,24211311.75,337.3277587890625,0,4,10,2024,4,NWG.L
2024-10-07 00:00:00+01:00,346.77945724744905,354.3568405238719,344.28032591746313,354.1768798828125,31373211,0.0,0.0,0.03445245941734765,0.017888767746026664,24110881.9,338.35240173339844,0,7,10,2024,0,NWG.L
2024-10-08 00:00:00+01:00,349.8783892917094,353.22222826107634,346.5795481097488,348.4788818359375,29726866,0.0,0.0,-0.01608800113875397,0.017338847852780677,23972769.3,339.4920059204102,0,8,10,2024,1,NWG.L
2024-10-09 00:00:00+01:00,347.97907568339514,349.87840951939086,345.24302700906514,349.678466796875,9317283,0.0,0.0,0.003442346217990444,0.017137507191073306,23524280.05,340.45167236328126,0,9,10,2024,2,NWG.L
2024-10-10 00:00:00+01:00,349.8784066580528,354.67672688943,349.6784639371721,351.7777404785156,40710577,0.0,0.0,0.006003439962632973,0.01714772084361437,24243358.6,341.44132843017576,0,10,10,2024,3,NWG.L
2024-10-11 00:00:00+01:00,350.9780161115064,352.8773498535156,347.9790584640261,352.8773498535156,8335581,0.0,0.0,0.0031258640001048388,0.01702529620981472,23972180.0,342.291032409668,0,11,10,2024,4,NWG.L
2024-10-14 00:00:00+01:00,352.77737849720467,353.5771188407176,349.5785086440772,352.8773498535156,6510009,0.0,0.0,0.0,0.01703451114320857,23780899.8,343.1107467651367,0,14,10,2024,0,NWG.L
2024-10-15 00:00:00+01:00,356.2761553890321,359.075200775633,354.3768216845016,354.87664794921875,19384482,0.0,0.0,0.005665702535266215,0.016851898115923778,23974233.6,343.80050506591795,0,15,10,2024,1,NWG.L
2024-10-16 00:00:00+01:00,354.87665217962626,357.0758999733884,352.2775494707186,354.97662353515625,42767785,0.0,0.0,0.00028171925798803343,0.01617411612322479,25383662.65,344.8051559448242,0,16,10,2024,2,NWG.L
2024-10-17 00:00:00+01:00,355.7763533734803,365.42299483862774,355.17655571354356,362.6739501953125,26139394,0.0,0.0,0.021684038186795984,0.01631859879200854,25729532.35,345.8747848510742,0,17,10,2024,3,NWG.L
2024-10-18 00:00:00+01:00,360.87459061012987,361.07453333403413,356.8559981182571,360.57470703125,56832752,0.0,0.0,-0.005788238065987272,0.016128433813604758,24669206.8,347.0243865966797,0,18,10,2024,4,NWG.L
2024-10-21 00:00:00+01:00,359.8749215671747,361.77425532960643,355.7763399701535,356.5760803222656,12125514,0.0,0.0,-0.011089592894372946,0.016358462978013216,24726036.95,348.0540283203125,0,21,10,2024,0,NWG.L
2024-10-22 00:00:00+01:00,355.17653537527843,358.57537841796875,353.1772302946251,358.57537841796875,10776992,0.0,0.0,0.005606932730586323,0.016112827056695013,22682709.9,348.92372741699216,0,22,10,2024,1,NWG.L
2024-10-23 00:00:00+01:00,359.8749353118112,361.77426914678387,354.5767887447334,356.17620849609375,18344639,0.0,0.0,-0.006690838429733059,0.016006784401224612,22279961.85,349.8384094238281,0,23,10,2024,2,NWG.L
2024-10-24 00:00:00+01:00,356.47611085378685,362.7739098117933,355.40247887358396,361.6742858886719,39406352,0.0,0.0,0.015436397101853183,0.015474238396171304,23608586.0,350.61314086914064,0,24,10,2024,3,NWG.L
2024-10-25 00:00:00+01:00,370.17132983687276,381.36745068358454,363.7735595703125,363.7735595703125,68607328,0.0,0.0,0.005804321079897923,0.015485575332500933,25829330.35,351.48783721923826,0,25,10,2024,4,NWG.L
2024-10-28 00:00:00+00:00,362.5739866036371,371.87074297522804,361.27442000410895,370.0713806152344,24230836,0.0,0.0,0.017312476069895943,0.015639426755360026,26267941.25,352.80238037109376,0,28,10,2024,0,NWG.L
2024-10-29 00:00:00+00:00,372.27060104184494,374.3828734554483,362.1741042526232,364.37335205078125,24876050,0.0,0.0,-0.01539710678242745,0.015925993645586153,26919309.0,354.0069610595703,0,29,10,2024,1,NWG.L
2024-10-30 00:00:00+00:00,359.77495720198607,374.66977453271204,359.77495720198607,367.572265625,25195858,0.0,0.0,0.00877921932604142,0.015083862527410247,27199814.6,355.6863784790039,0,30,10,2024,2,NWG.L
2024-10-31 00:00:00+00:00,365.57296046632604,375.8693698307067,364.97316281732867,367.572265625,43244978,0.0,0.0,0.0,0.014530372579756505,28575726.85,357.5857192993164,0,31,10,2024,3,NWG.L
2024-11-01 00:00:00+00:00,366.7725109442953,376.82400991560155,365.17306077837844,375.1695861816406,46243708,0.0,0.0,0.02066891674681326,0.012808633943855206,29207509.75,359.2251480102539,0,1,11,2024,4,NWG.L
2024-11-04 00:00:00+00:00,375.16960339222277,389.8795180440653,374.4698648860792,384.9662170410156,53687817,0.0,0.0,0.02611254008908892,0.01189053687894808,30323240.05,360.7646148681641,0,4,11,2024,0,NWG.L
2024-11-05 00:00:00+00:00,383.4667446570671,388.56497903435894,382.86694699380166,386.565673828125,13042478,0.0,0.0,0.004154797788240572,0.010888094867284778,29489020.65,362.66895446777346,0,5,11,2024,1,NWG.L
2024-11-06 00:00:00+00:00,393.06341514351857,396.4622278874907,384.7662802462299,390.1643981933594,21647057,0.0,0.0,0.009309477299410895,0.010915671758712293,30105509.35,364.69325103759763,0,6,11,2024,2,NWG.L
2024-11-07 00:00:00+00:00,392.3636213315079,393.56321658040673,380.76764578439196,382.3670959472656,17736484,0.0,0.0,-0.019984658472681938,0.012315754174329278,28956804.7,366.2227188110352,0,7,11,2024,3,NWG.L
2024-11-08 00:00:00+00:00,381.6673466818562,382.81096169173026,377.66873632161895,380.6676940917969,10549512,0.0,0.0,-0.004444424934783364,0.012467507275136559,29067501.25,367.6122360229492,0,8,11,2024,4,NWG.L
2024-11-11 00:00:00+00:00,385.96586074037594,396.16229858049957,384.2664391802011,394.8627624511719,21620336,0.0,0.0,0.03728992131376385,0.014483461539299818,29823017.6,369.71150665283204,0,11,11,2024,0,NWG.L
2024-11-12 00:00:00+00:00,390.3643183065233,391.4639422059647,386.36570813180856,387.46533203125,50836087,0.0,0.0,-0.018734180893637986,0.015482824277717851,31395597.85,371.34094085693357,0,12,11,2024,1,NWG.L
2024-11-13 00:00:00+00:00,384.86623586072506,391.91877735462873,383.66664058512237,389.0647888183594,24226450,0.0,0.0,0.0041279997328389495,0.015451322559420137,30468531.1,373.04534912109375,0,13,11,2024,2,NWG.L
2024-11-14 00:00:00+00:00,390.264360158282,392.1636939541548,388.1650836441171,390.6642150878906,15336366,0.0,0.0,0.004110950966261795,0.014925870182287792,29928379.7,374.44486236572266,0,14,11,2024,3,NWG.L
2024-11-15 00:00:00+00:00,388.6649154924431,395.66248363510414,387.36537932588215,392.96343994140625,14623819,0.0,0.0,0.005885424783527604,0.014757279339232555,27817933.05,376.06429901123045,0,15,11,2024,4,NWG.L
2024-11-18 00:00:00+00:00,394.96273287969365,396.56218307839384,391.76383248229325,395.5625305175781,20738156,0.0,0.0,0.006614077321186462,0.014302400353165275,28248565.15,378.0136215209961,0,18,11,2024,0,NWG.L
2024-11-19 00:00:00+00:00,394.8627577022631,398.1615989182515,386.9655086496128,391.8638000488281,19116485,0.0,0.0,-0.009350558213666926,0.014671699050682472,28665539.8,379.67804260253905,0,19,11,2024,1,NWG.L
2024-11-20 00:00:00+00:00,391.7638264636436,396.862060546875,390.4642903573379,396.862060546875,30266884,0.0,0.0,0.012755096279432054,0.014531213237028636,29261652.05,381.71233520507815,0,20,11,2024,2,NWG.L
2024-11-21 00:00:00+00:00,398.8613610428371,400.36083984375,391.76382195045437,400.36083984375,36702334,0.0,0.0,0.00881610928505916,0.014367980766909278,29126451.15,383.646662902832,0,21,11,2024,3,NWG.L
2024-11-22 00:00:00+00:00,403.35981067073214,404.3594632374502,385.6659480370326,390.56427001953125,22380952,0.0,0.0,-0.024469350768776654,0.015821214140323076,26815132.35,384.98619842529297,0,22,11,2024,4,NWG.L
2024-11-25 00:00:00+00:00,391.7638469260745,395.76245731676056,387.665265174226,394.4629211425781,95158213,0.0,0.0,0.00998209877941969,0.015571666448163901,30361501.2,386.20577545166014,0,25,11,2024,0,NWG.L
2024-11-26 00:00:00+00:00,391.3639831542969,391.86380944185026,386.6656038485049,391.3639831542969,12763142,0.0,0.0,-0.007856094507704414,0.015181224089513265,29755855.8,387.55530700683596,0,26,11,2024,1,NWG.L
2024-11-27 00:00:00+00:00,388.86483309800457,392.3636169433594,383.5666869063998,392.3636169433594,14021827,0.0,0.0,0.0025542304148831185,0.015135099863962696,29197154.25,388.7948745727539,0,27,11,2024,2,NWG.L
2024-11-28 00:00:00+00:00,394.862774559708,399.5261624518411,392.9634407328413,398.76141357421875,13903380,0.0,0.0,0.016305784620654462,0.015380789885842091,27730074.35,390.35433197021484,0,28,11,2024,3,NWG.L
2024-11-29 00:00:00+00:00,397.1619410024804,404.0445584863791,396.9620287991366,402.5600891113281,28484309,0.0,0.0,0.00952618635554714,0.0149482811529552,26842104.4,391.7238571166992,0,29,11,2024,4,NWG.L
2024-12-02 00:00:00+00:00,400.4608248266085,407.15847872776254,398.6614319000933,406.458740234375,23012216,0.0,0.0,0.009684643928943304,0.014073948665112891,25308324.35,392.79848327636716,0,2,12,2024,0,NWG.L
2024-12-03 00:00:00+00:00,409.0578284077804,416.655163247455,406.0588708109696,407.558349609375,25210833,0.0,0.0,0.0027053407053467815,0.014070411757560002,25916742.1,393.8481170654297,0,3,12,2024,1,NWG.L
2024-12-04 00:00:00+00:00,409.45769793825826,413.5462732803821,404.759318666051,406.458740234375,19726448,0.0,0.0,-0.0026980415836258542,0.014031528787571215,25820711.65,394.66283416748047,0,4,12,2024,2,NWG.L
2024-12-05 00:00:00+00:00,407.6583101220203,412.65657302448244,407.2134879090027,412.356689453125,24835561,0.0,0.0,0.014510572992843196,0.013267998323673815,26175665.5,396.1623138427734,0,5,12,2024,3,NWG.L
2024-12-06 00:00:00+00:00,414.8558190032571,418.4545743779335,412.6565711334617,413.7561950683594,61307804,0.0,0.0,0.003393919999431727,0.013124598896756254,28713580.1,397.8167388916016,0,6,12,2024,4,NWG.L
2024-12-09 00:00:00+00:00,417.35494430321654,419.5541921406583,414.046096766185,415.0557556152344,28944703,0.0,0.0,0.0031408848069580664,0.010574694405067192,29079798.45,398.8263885498047,0,9,12,2024,0,NWG.L
2024-12-10 00:00:00+00:00,412.0567917497602,415.0557493883844,409.6526285964087,409.8575439453125,14015525,0.0,0.0,-0.012524128625120756,0.009991945886722534,27238770.35,399.9459991455078,0,10,12,2024,1,NWG.L
2024-12-11 00:00:00+00:00,407.3584134944813,414.7558362516364,407.0585299327354,409.15777587890625,15603247,0.0,0.0,-0.001707344604835681,0.010038084739882418,26807610.2,400.95064849853514,0,11,12,2024,2,NWG.L
2024-12-12 00:00:00+00:00,409.35771436919975,414.6558606185632,408.7469342341246,409.0578308105469,15594056,0.0,0.0,-0.0002442702406050268,0.010050106448523954,26820494.7,401.87032928466795,0,12,12,2024,3,NWG.L
2024-12-13 00:00:00+00:00,408.4580292818097,411.7568704233552,403.85962154891723,405.3591003417969,26648281,0.0,0.0,-0.00904207226988174,0.010324379479412617,27421717.8,402.4901123046875,0,13,12,2024,4,NWG.L
2024-12-16 00:00:00+00:00,405.95892756423757,411.6669353767605,404.95927496275306,406.05889892578125,19819764,0.0,0.0,0.0017263670246807639,0.01025719615141942,27375798.2,403.01493072509766,0,16,12,2024,0,NWG.L
2024-12-17 00:00:00+00:00,405.65899652082004,406.25879415803115,398.8613713176945,399.1612548828125,43429272,0.0,0.0,-0.016986806744578864,0.010804414763583379,28591437.55,403.3798034667969,0,17,12,2024,1,NWG.L
2024-12-18 00:00:00+00:00,398.96134132859254,405.15916887358975,396.46220993779326,403.45977783203125,20527219,0.0,0.0,0.010768888254148568,0.010699087617932994,28104454.3,403.7096893310547,0,18,12,2024,2,NWG.L
2024-12-19 00:00:00+00:00,395.8624127197266,399.86102294921875,393.56322404055857,399.86102294921875,15201926,0.0,0.0,-0.008919736441015735,0.010741559309200255,27029433.9,403.6846984863281,0,19,12,2024,3,NWG.L
2024-12-20 00:00:00+00:00,397.56182713524527,398.84635380227894,391.7638241023499,395.3625793457031,81290524,0.0,0.0,-0.011250017744507512,0.009491031606481154,29974912.5,403.9246139526367,0,20,12,2024,4,NWG.L
2024-12-23 00:00:00+00:00,395.8624080014169,398.06165580421464,393.4632479937123,396.862060546875,12404584,0.0,0.0,0.003792673559681381,0.009269163350420344,25837231.05,404.04457092285156,0,23,12,2024,0,NWG.L
2024-12-24 00:00:00+00:00,400.76069566857893,402.3601458279233,397.3618831468311,399.66107177734375,2627707,0.0,0.0,0.0070528566691705485,0.009173997294416395,25330459.3,404.4594253540039,0,24,12,2024,1,NWG.L
2024-12-27 00:00:00+00:00,400.6607497138323,401.260547374983,398.11164778766226,400.2608947753906,11922203,0.0,0.0,0.0015008291785321148,0.009168167375095598,25225478.1,404.85428924560546,0,27,12,2024,4,NWG.L
2024-12-30 00:00:00+00:00,397.8617178344727,400.7607041494595,396.1622962841485,399.86102294921875,5998305,0.0,0.0,-0.0009990279624899623,0.008438886685860292,24830224.35,404.90926971435545,0,30,12,2024,0,NWG.L
2024-12-31 00:00:00+00:00,398.66142491024266,403.55974681294856,396.7620911658133,401.9602966308594,4276990,0.0,0.0,0.005250008280770269,0.008241259805234848,23619858.4,404.87928009033203,0,31,12,2024,1,NWG.L
2025-01-02 00:00:00+00:00,400.1609037358935,402.360151549638,393.9630762273883,401.9602966308594,14251057,0.0,0.0,0.0,0.007917831726408276,23181800.45,404.65435791015625,0,2,1,2025,3,NWG.L
2025-01-03 00:00:00+00:00,399.2612300013693,405.35911677433893,399.1612586430632,402.8599853515625,16249516,0.0,0.0,0.0022382527036728384,0.007908480864604776,22733734.6,404.4194396972656,0,3,1,2025,4,NWG.L
2025-01-06 00:00:00+00:00,407.25845896204964,409.7575904364203,404.35947255317484,409.55767822265625,14859065,0.0,0.0,0.01662536145219007,0.008766080647184414,22490365.45,404.5743865966797,0,6,1,2025,0,NWG.L
2025-01-07 00:00:00+00:00,408.4580521548284,409.55767609924555,393.06340845391605,395.0627136230469,14200210,0.0,0.0,-0.03539175400767158,0.011283666249532798,21958597.9,403.7096878051758,0,7,1,2025,1,NWG.L
2025-01-08 00:00:00+00:00,396.7620862400068,404.65933518899504,387.16541577358936,392.4635925292969,32049067,0.0,0.0,-0.006579008861438584,0.01124939878530269,20495661.05,402.64505767822266,0,8,1,2025,2,NWG.L
2025-01-09 00:00:00+00:00,389.2647066845982,389.3646780435141,377.76870206970625,384.8662414550781,21531051,0.0,0.0,-0.019358104086181216,0.011760803339204153,20124978.45,401.13558197021484,0,9,1,2025,3,NWG.L
2025-01-10 00:00:00+00:00,383.8665990563189,385.566020682015,368.8718100306814,374.2699279785156,29190639,0.0,0.0,-0.027532457605272453,0.012787331539637913,20883734.15,399.356201171875,0,10,1,2025,4,NWG.L
2025-01-13 00:00:00+00:00,374.0699888392937,383.166802454538,372.0206828490995,381.5673828125,22614023,0.0,0.0,0.01949783909543301,0.013860987200597186,21234272.95,397.9766815185547,0,13,1,2025,0,NWG.L
2025-01-14 00:00:00+00:00,382.667001030957,388.1650903015568,380.4837692824081,385.76593017578125,23633752,0.0,0.0,0.011003423123680411,0.014218998190270615,21636257.75,396.8120864868164,0,14,1,2025,1,NWG.L
2025-01-15 00:00:00+00:00,392.36363474436706,406.75862568837044,389.8645033128743,405.0592346191406,26043390,0.0,0.0,0.05001298179589897,0.018383128531003098,21606013.2,396.7970932006836,0,15,1,2025,2,NWG.L
2025-01-16 00:00:00+00:00,409.1577829144872,409.95752327118595,404.7633141408177,407.1584777832031,15913948,0.0,0.0,0.005182558462187181,0.018415214717819456,21410722.4,396.85207214355466,0,16,1,2025,3,NWG.L
2025-01-17 00:00:00+00:00,411.8568477307606,419.35424180352925,409.4576877288695,414.1560363769531,22883413,0.0,0.0,0.01718632664079256,0.018312375044099764,20383429.45,397.60181121826173,0,17,1,2025,4,NWG.L
2025-01-20 00:00:00+00:00,414.15605749206173,416.25533404086025,412.25672366485395,414.6558837890625,16260131,0.0,0.0,0.0012069060165875722,0.018195952185014127,20170075.05,398.16161651611327,0,20,1,2025,0,NWG.L
2025-01-21 00:00:00+00:00,413.7561820103556,419.5541850718445,413.55626980566785,417.0550537109375,19052988,0.0,0.0,0.005785930010088647,0.018048154501117773,20362628.15,399.02131805419924,0,21,1,2025,1,NWG.L
2025-01-22 00:00:00+00:00,416.3553058062887,421.65345235685555,413.056464445668,417.5549011230469,20662044,0.0,0.0,0.0011985166170791484,0.01777018165485845,17331204.15,400.1309341430664,0,22,1,2025,2,NWG.L
2025-01-23 00:00:00+00:00,418.8544214223166,429.45074462890625,418.65447870810783,429.45074462890625,73609814,0.0,0.0,0.028489292004152178,0.01867186379129285,20391465.65,401.76036834716797,0,23,1,2025,3,NWG.L
2025-01-24 00:00:00+00:00,429.3507621609545,430.8502409577914,420.85371564554566,421.2535705566406,12201236,0.0,0.0,-0.019087576805458584,0.01935795606450907,20870142.1,402.8399932861328,0,24,1,2025,4,NWG.L
2025-01-27 00:00:00+00:00,415.55557270486247,423.64373430849224,415.45560134955804,422.0533142089844,10804481,0.0,0.0,0.001898485160106711,0.019356743169843982,20814256.0,403.9296142578125,0,27,1,2025,0,NWG.L
2025-01-28 00:00:00+00:00,421.95334760385026,425.0522766113281,418.0547087588828,425.0522766113281,48996587,0.0,0.0,0.007105648270916642,0.019357168380705503,22964170.1,405.18917694091795,0,28,1,2025,1,NWG.L
2025-01-29 00:00:00+00:00,427.6513402463354,436.44830081688804,427.1515139812008,434.9488220214844,24645311,0.0,0.0,0.023283125287682616,0.01986910846336977,23982586.15,406.8386032104492,0,29,1,2025,2,NWG.L
2025-01-30 00:00:00+00:00,433.149430986879,435.648562323076,431.1501259179214,433.54931640625,11626421,0.0,0.0,-0.003217632844089491,0.019917348207230574,23851354.35,408.4180541992188,0,30,1,2025,3,NWG.L
2025-01-31 00:00:00+00:00,433.84920511610176,435.5486266476874,432.0498427354608,432.94952392578125,36247979,0.0,0.0,-0.0013834469523340553,0.019950428942203564,24851277.5,409.9225311279297,0,31,1,2025,4,NWG.L
2025-02-03 00:00:00+00:00,422.45318553601373,428.76099086221484,421.55350431726885,426.05194091796875,15192570,0.0,0.0,-0.01593161009918309,0.02017552168210432,24867952.75,410.7472442626953,0,3,2,2025,0,NWG.L
2025-02-04 00:00:00+00:00,427.7513291549091,429.85060565601964,423.1129570877365,428.15118408203125,57136593,0.0,0.0,0.004927200095696138,0.01813624014128443,27014771.9,412.4016677856445,0,4,2,2025,1,NWG.L
2025-02-05 00:00:00+00:00,426.15188814364694,434.14910888671875,425.55212099349745,434.14910888671875,14086791,0.0,0.0,0.014008894586026166,0.018077343691722595,26116658.1,414.48594360351564,0,5,2,2025,2,NWG.L
2025-02-06 00:00:00+00:00,436.7482063786252,450.9432852264516,435.34869886712943,447.744384765625,16998930,0.0,0.0,0.031314761681230596,0.018003084522355654,25890052.05,417.62985076904295,0,6,2,2025,3,NWG.L
2025-02-07 00:00:00+00:00,447.04464677556,448.5441256482325,441.42657364008727,444.1456298828125,34648633,0.0,0.0,-0.00803752097236532,0.016453443846096375,26162951.75,421.12363586425784,0,7,2,2025,4,NWG.L
2025-02-10 00:00:00+00:00,444.14562944934875,446.74473226083967,441.0467308544305,441.24664306640625,28976085,0.0,0.0,-0.006527108725962627,0.016584969193901865,26481054.85,424.10759887695315,0,10,2,2025,0,NWG.L
2025-02-11 00:00:00+00:00,442.54621704809534,449.84366880593444,442.0463907494221,448.6440734863281,18133496,0.0,0.0,0.016764842375942113,0.01670010602739608,26206042.05,427.25150604248046,0,11,2,2025,1,NWG.L
2025-02-12 00:00:00+00:00,448.4441509446026,455.28177089216393,446.9446720831117,449.8436584472656,13403701,0.0,0.0,0.0026738009746027913,0.01342161737696695,25574057.6,429.49072723388673,0,12,2,2025,2,NWG.L
2025-02-13 00:00:00+00:00,445.9450195780135,449.0229293541574,435.44866754594784,436.8481750488281,31133445,0.0,0.0,-0.028888888738132446,0.015451701210633245,26335032.45,430.97521209716797,0,13,2,2025,3,NWG.L
2025-02-14 00:00:00+00:00,433.3493811048076,434.49897543771607,418.85441910706896,427.9512634277344,27256052,0.0,0.0,-0.020366141211644817,0.015990977601806938,26553664.4,431.664973449707,0,14,2,2025,4,NWG.L
2025-02-17 00:00:00+00:00,429.1508311251081,445.0453312094991,428.05123771643076,438.84747314453125,16873326,0.0,0.0,0.02546133321239008,0.016843719680638965,26584324.15,432.87455291748046,0,17,2,2025,0,NWG.L
2025-02-18 00:00:00+00:00,441.3466223033039,447.3445378951948,434.0891346748835,445.04534912109375,35253150,0.0,0.0,0.01412307545524194,0.017019235625345148,27394332.25,434.2740676879883,0,18,2,2025,1,NWG.L
2025-02-19 00:00:00+00:00,449.2438527029295,451.0432456084669,437.54793609832365,439.5472412109375,24146008,0.0,0.0,-0.01235403969733484,0.01737713880179846,27568530.45,435.3736846923828,0,19,2,2025,2,NWG.L
2025-02-20 00:00:00+00:00,442.8460828719133,447.04463581524965,433.7492384993345,435.948486328125,26949552,0.0,0.0,-0.008187413195673954,0.016422808251796282,25235517.35,435.6985717773438,0,20,2,2025,3,NWG.L
2025-02-21 00:00:00+00:00,438.1476960810375,455.24176061650365,437.5479289626146,451.64300537109375,31238423,0.0,0.0,0.036000856833245054,0.017483238615641085,26187376.7,437.2180435180664,0,21,2,2025,4,NWG.L
2025-02-24 00:00:00+00:00,447.3445355722703,449.94363841665523,442.0463890297355,443.5458679199219,15733145,0.0,0.0,-0.01792818078632441,0.01813668347049094,26433809.9,438.2926712036133,0,24,2,2025,0,NWG.L
2025-02-25 00:00:00+00:00,444.14561366475294,458.0408084497133,442.4462226419631,453.1424865722656,32307588,0.0,0.0,0.021636135846217153,0.018609760435371162,25599359.95,439.69718170166016,0,25,2,2025,1,NWG.L
2025-02-26 00:00:00+00:00,461.5395917568228,469.33686939705103,457.4760017249996,466.8377380371094,29295831,0.0,0.0,0.03022283690156624,0.019059869936757373,25831885.95,441.29162750244143,0,26,2,2025,2,NWG.L
2025-02-27 00:00:00+00:00,466.53786666990845,471.03630323537243,463.7388211694345,470.73638916015625,34037840,0.0,0.0,0.00835119101433257,0.019013875243818635,26952456.9,443.1509811401367,0,27,2,2025,3,NWG.L
2025-02-28 00:00:00+00:00,471.33618494443164,479.83323175679146,466.73777703870064,478.6336364746094,129319915,0.0,0.0,0.01677636888990608,0.019161512571978814,31606053.7,445.4351867675781,0,28,2,2025,4,NWG.L
2025-03-03 00:00:00+00:00,475.7346524645265,484.13172796000833,470.5364773992165,480.13311767578125,53945931,0.0,0.0,0.0031328370739180933,0.018518250268299185,33543721.75,448.1392456054688,0,3,3,2025,0,NWG.L
2025-03-04 00:00:00+00:00,473.73534447530415,476.53438996162635,460.24003484714325,462.7391662597656,19504863,0.0,0.0,-0.036227351906521044,0.020806979592418152,31662135.25,449.86864471435547,0,4,3,2025,1,NWG.L
2025-03-05 00:00:00+00:00,473.93527588831836,479.5333362204806,471.13623046875,471.13623046875,40694191,0.0,0.0,0.018146430691951654,0.020930911698773615,32992505.25,451.718000793457,0,5,3,2025,2,NWG.L
2025-03-06 00:00:00+00:00,476.4344166796305,479.23343164767357,461.83948318746286,464.138671875,31429188,0.0,0.0,-0.014852516408657146,0.0203325178386251,33714018.15,452.53771514892577,0,6,3,2025,3,NWG.L
2025-03-07 00:00:00+00:00,459.24038841557984,459.6402433455447,454.0422133120851,454.94189453125,28283880,0.0,0.0,-0.019814718964479727,0.020803486291169036,33395780.5,453.07752838134763,0,7,3,2025,4,NWG.L
2025-03-10 00:00:00+00:00,458.5406284446628,459.9401358874986,426.75165963580946,437.8478088378906,55989909,0.0,0.0,-0.03757421749643941,0.02251469144124653,34746471.7,452.9075866699219,0,10,3,2025,0,NWG.L
2025-03-11 00:00:00+00:00,438.6475251357941,438.6475251357941,415.7554879257634,432.94952392578125,31378664,0.0,0.0,-0.011187186079816391,0.022276050492272742,35408730.1,452.1228591918945,0,11,3,2025,1,NWG.L
2025-03-12 00:00:00+00:00,435.3486842244783,447.5444575008356,434.6489152387788,445.94500732421875,26491073,0.0,0.0,0.030016162809467062,0.023361049089492276,36063098.7,451.9279266357422,0,12,3,2025,2,NWG.L
2025-03-13 00:00:00+00:00,430.6000061035156,441.29998779296875,429.5,433.6000061035156,35816949,15.5,0.0,-0.02768278827646531,0.02328445785162017,36297273.9,451.76551818847656,0,13,3,2025,3,NWG.L
2025-03-14 00:00:00+00:00,431.70001220703125,442.70001220703125,430.5,440.8999938964844,21176655,0.0,0.0,0.016835764968199607,0.02306649591757012,35993304.05,452.41295471191404,0,14,3,2025,4,NWG.L
2025-03-17 00:00:00+00:00,444.3999938964844,460.83099365234375,441.5,448.70001220703125,37771556,0.0,0.0,0.017691128188988214,0.022708673247415576,37038215.55,452.90558166503905,0,17,3,2025,0,NWG.L
2025-03-18 00:00:00+00:00,450.20001220703125,465.1000061035156,449.4989929199219,464.8999938964844,57687672,0.0,0.0,0.036104259524687654,0.023861737766491156,38159941.65,453.89831390380857,0,18,3,2025,1,NWG.L
2025-03-19 00:00:00+00:00,460.79998779296875,467.6000061035156,459.29998779296875,467.0,37174288,0.0,0.0,0.004517113639677106,0.023607504984660035,38811355.65,455.27095184326174,0,19,3,2025,2,NWG.L
2025-03-20 00:00:00+00:00,469.8999938964844,485.5140075683594,457.0,459.70001220703125,20734268,0.0,0.0,-0.01563166550956907,0.023855519782305722,38500591.45,456.45852813720705,0,20,3,2025,3,NWG.L
2025-03-21 00:00:00+00:00,456.70001220703125,459.70001220703125,452.3999938964844,457.79998779296875,90941702,0.0,0.0,-0.00413318330130219,0.022580883302735708,41485755.4,456.7663772583008,0,21,3,2025,4,NWG.L
2025-03-24 00:00:00+00:00,459.8999938964844,468.0799865722656,458.8999938964844,462.70001220703125,15889542,0.0,0.0,0.010703417528876047,0.022227894949502718,41493575.25,457.7240844726563,0,24,3,2025,0,NWG.L
2025-03-25 00:00:00+00:00,461.79998779296875,466.0,459.79998779296875,463.1000061035156,47427772,0.0,0.0,0.0008644778170123768,0.021759750349246862,42249584.45,458.2219604492187,0,25,3,2025,1,NWG.L
2025-03-26 00:00:00+00:00,464.0,466.6000061035156,458.3999938964844,463.8999938964844,17063327,0.0,0.0,0.0017274622812031293,0.020672938184530944,41637959.25,458.0750732421875,0,26,3,2025,2,NWG.L
2025-03-27 00:00:00+00:00,458.20001220703125,466.6000061035156,452.20001220703125,466.6000061035156,25924868,0.0,0.0,0.005820246265477946,0.020626099340211597,41232310.65,457.86825408935545,0,27,3,2025,3,NWG.L
2025-03-28 00:00:00+00:00,459.5,464.79998779296875,456.5,459.1000061035156,17133743,0.0,0.0,-0.016073724607573503,0.020507485611314873,35623002.05,456.8915725708008,0,28,3,2025,4,NWG.L
2025-03-31 00:00:00+01:00,452.0,455.0,446.20001220703125,451.79998779296875,17675748,0.0,0.0,-0.01590071490633116,0.020703274725536007,33809492.9,455.4749160766602,0,31,3,2025,0,NWG.L
2025-04-01 00:00:00+01:00,456.79998779296875,461.1449890136719,452.5,458.79998779296875,17561558,0.0,0.0,0.015493581649248966,0.01950812352237846,33712327.65,455.2779571533203,0,1,4,2025,1,NWG.L
2025-04-02 00:00:00+01:00,457.1000061035156,463.5,455.6000061035156,463.5,16627962,0.0,0.0,0.010244141961817332,0.019193476983074387,32509016.2,454.8961456298828,0,2,4,2025,2,NWG.L
2025-04-03 00:00:00+01:00,453.79998779296875,455.29998779296875,445.70001220703125,452.5,45098227,0.0,0.0,-0.02373247033441206,0.019637097320503998,33192468.15,454.3142120361328,0,3,4,2025,3,NWG.L
2025-04-04 00:00:00+01:00,441.1000061035156,441.70001220703125,403.29998779296875,413.3999938964844,34363973,0.0,0.0,-0.08640885326743786,0.027177998907890986,33496472.8,452.2371170043945,0,4,4,2025,4,NWG.L
2025-04-07 00:00:00+01:00,383.0,430.20001220703125,380.6000061035156,415.0,63089054,0.0,0.0,0.00387035831431648,0.026074275373607077,33851430.05,451.0947265625,0,7,4,2025,0,NWG.L
2025-04-08 00:00:00+01:00,420.29998779296875,429.3999938964844,413.5,423.29998779296875,57765830,0.0,0.0,0.019999970585466764,0.026447418903441707,35170788.35,450.61224975585935,0,8,4,2025,1,NWG.L
2025-04-09 00:00:00+01:00,410.1000061035156,420.20001220703125,404.8999938964844,411.20001220703125,49651776,0.0,0.0,-0.028584871095851394,0.02609942040979208,36328823.5,448.875,0,9,4,2025,2,NWG.L
2025-04-10 00:00:00+01:00,455.3999938964844,456.6000061035156,430.6000061035156,430.6000061035156,31603334,0.0,0.0,0.04717897208309618,0.027794135571714906,36118142.75,448.725,0,10,4,2025,3,NWG.L
2025-04-11 00:00:00+01:00,432.79998779296875,436.20001220703125,422.1000061035156,430.6000061035156,31483671,0.0,0.0,0.0,0.027511850007390586,36633493.55,448.2100006103516,0,11,4,2025,4,NWG.L
2025-04-14 00:00:00+01:00,438.3999938964844,450.70001220703125,436.79998779296875,446.1000061035156,19950399,0.0,0.0,0.035996283744301305,0.02844836961459484,35742435.7,448.08000030517576,0,14,4,2025,0,NWG.L
2025-04-15 00:00:00+01:00,446.0,459.29998779296875,445.20001220703125,456.8999938964844,32277087,0.0,0.0,0.02420979073123486,0.0277724319113526,34471906.45,447.6800003051758,0,15,4,2025,1,NWG.L
2025-04-16 00:00:00+01:00,454.70001220703125,459.6000061035156,453.1000061035156,459.5,23269276,0.0,0.0,0.005690536524946221,0.02778480762874823,33776655.85,447.3050003051758,0,16,4,2025,2,NWG.L
2025-04-17 00:00:00+01:00,461.20001220703125,463.1000061035156,455.20001220703125,458.70001220703125,19004565,0.0,0.0,-0.0017409962850244431,0.027557583466250188,33690170.7,447.25500030517577,0,17,4,2025,3,NWG.L
2025-04-22 00:00:00+01:00,456.3999938964844,460.70001220703125,452.8999938964844,459.70001220703125,25517090,0.0,0.0,0.00218007406450349,0.027540750732120787,30418940.1,447.3500015258789,0,22,4,2025,1,NWG.L
2025-04-23 00:00:00+01:00,472.20001220703125,476.5,470.6000061035156,476.5,36687936,0.0,0.0,0.03654554567512758,0.028625690725773405,31458859.8,448.04000091552734,0,23,4,2025,2,NWG.L
2025-04-24 00:00:00+01:00,474.3999938964844,475.5,468.70001220703125,468.70001220703125,62072094,0.0,0.0,-0.01636933429794074,0.028915439742735128,32191075.9,448.32000122070315,0,24,4,2025,3,NWG.L
2025-04-25 00:00:00+01:00,469.70001220703125,474.70001220703125,469.20001220703125,474.6000061035156,59670220,0.0,0.0,0.012587996037598304,0.029031422887987327,34321420.55,448.85500183105466,0,25,4,2025,4,NWG.L
2025-04-28 00:00:00+01:00,476.0,481.5,475.70001220703125,477.1000061035156,65591596,0.0,0.0,0.005267593695426065,0.029027407532078914,36304756.95,449.3800018310547,0,28,4,2025,0,NWG.L
2025-04-29 00:00:00+01:00,480.79998779296875,488.5,477.20001220703125,484.70001220703125,16235653,0.0,0.0,0.01592958710184278,0.028888106635575075,36259852.45,450.66000213623045,0,29,4,2025,1,NWG.L
2025-04-30 00:00:00+01:00,487.70001220703125,487.79998779296875,460.3999938964844,478.20001220703125,75304639,0.0,0.0,-0.013410356584071303,0.028807046059625138,39141297.0,451.9800033569336,0,30,4,2025,2,NWG.L
2025-05-01 00:00:00+01:00,477.6000061035156,481.3999938964844,474.20001220703125,475.79998779296875,18711375,0.0,0.0,-0.0050188715031304065,0.02871309573895189,39198787.85,452.8300033569336,0,1,5,2025,3,NWG.L
2025-05-02 00:00:00+01:00,495.0,497.1000061035156,468.0,482.0,36870619,0.0,0.0,0.013030711151949426,0.028760793913627458,40210920.7,453.75500335693357,0,2,5,2025,4,NWG.L
2025-05-06 00:00:00+01:00,485.1000061035156,485.20001220703125,471.79998779296875,478.0,69588053,0.0,0.0,-0.008298755186721962,0.028225903277608384,41435412.0,455.0300033569336,0,6,5,2025,1,NWG.L
2025-05-07 00:00:00+01:00,480.8999938964844,481.8999938964844,472.6059875488281,475.8999938964844,81006376,0.0,0.0,-0.0043933182081916655,0.018973587125142292,43767532.15,458.1550033569336,0,7,5,2025,2,NWG.L
2025-05-08 00:00:00+01:00,481.20001220703125,486.79998779296875,479.20001220703125,486.0,21675756,0.0,0.0,0.021222959094453264,0.019207016501826022,41696867.25,461.7050033569336,0,8,5,2025,3,NWG.L
2025-05-09 00:00:00+01:00,488.0,495.1000061035156,486.8999938964844,491.3999938964844,30891800,0.0,0.0,0.011111098552436971,0.019019114888415584,40353165.75,465.11000366210936,0,9,5,2025,4,NWG.L
2025-05-12 00:00:00+01:00,496.20001220703125,498.1000061035156,479.8999938964844,485.5,22472202,0.0,0.0,-0.01200649973497403,0.0176698593362785,38994187.05,468.8250030517578,0,12,5,2025,0,NWG.L
2025-05-13 00:00:00+01:00,481.1000061035156,492.29998779296875,481.0,489.6000061035156,20230147,0.0,0.0,0.008444914734326625,0.015148504946959457,38425527.7,471.77500305175784,0,13,5,2025,1,NWG.L
2025-05-14 00:00:00+01:00,489.6000061035156,494.8999938964844,488.79998779296875,493.0,22812015,0.0,0.0,0.0069444318915419245,0.01506987806293086,37991944.9,474.895002746582,0,14,5,2025,2,NWG.L
2025-05-15 00:00:00+01:00,493.0,501.0,491.79998779296875,498.1000061035156,47182320,0.0,0.0,0.010344839966563102,0.013469458875230832,39353540.95,477.49500274658203,0,15,5,2025,3,NWG.L
2025-05-16 00:00:00+01:00,500.0,506.6000061035156,497.79998779296875,505.79998779296875,41834976,0.0,0.0,0.015458706274042777,0.012966310219186655,39831435.4,479.94000244140625,0,16,5,2025,4,NWG.L
