Date,Open,High,Low,Close,Volume,Dividends,Stock Splits,Capital Gains,Returns,Volatility,Volume_MA,Price_MA,Hour,Day,Month,Year,DayOfWeek,Ticker
2020-05-18 00:00:00+05:00,84.51961554432738,84.51961554432738,80.633656208956,81.0708236694336,3563000,0.0,0.0,0.0,,,,,0,18,5,2020,0,DGKC.KA
2020-05-19 00:00:00+05:00,81.41084836171888,82.18803575608999,79.9536136589092,80.24505615234375,2537000,0.0,0.0,0.0,-0.010185754624338239,,,,0,19,5,2020,1,DGKC.KA
2020-05-20 00:00:00+05:00,80.29363185732237,81.6051415788931,79.66216201749087,81.00281524658203,2010500,0.0,0.0,0.0,0.009443062670424052,,,,0,20,5,2020,2,DGKC.KA
2020-05-21 00:00:00+05:00,81.30398423564608,81.36227125220458,78.3020768809399,78.79753875732422,3602000,0.0,0.0,0.0,-0.02722468944498646,,,,0,21,5,2020,3,DGKC.KA
2020-05-22 00:00:00+05:00,78.79753875732422,78.79753875732422,78.79753875732422,78.79753875732422,0,0.0,0.0,0.0,0.0,,,,0,22,5,2020,4,DGKC.KA
2020-05-25 00:00:00+05:00,78.79753875732422,78.79753875732422,78.79753875732422,78.79753875732422,0,0.0,0.0,0.0,0.0,,,,0,25,5,2020,0,DGKC.KA
2020-05-26 00:00:00+05:00,78.79753875732422,78.79753875732422,78.79753875732422,78.79753875732422,0,0.0,0.0,0.0,0.0,,,,0,26,5,2020,1,DGKC.KA
2020-05-27 00:00:00+05:00,78.79753875732422,78.79753875732422,78.79753875732422,78.79753875732422,0,0.0,0.0,0.0,0.0,,,,0,27,5,2020,2,DGKC.KA
2020-05-28 00:00:00+05:00,79.07927116245648,79.85645855493676,77.91347895591758,79.6913070678711,1552500,0.0,0.0,0.0,0.011342591718498385,,,,0,28,5,2020,3,DGKC.KA
2020-05-29 00:00:00+05:00,79.71074043439268,81.30398310104275,79.565015483151,80.21591186523438,2419000,0.0,0.0,0.0,0.006582961387701758,,,,0,29,5,2020,4,DGKC.KA
2020-06-01 00:00:00+05:00,80.24505895804204,80.50736536437131,78.20493178515302,78.70039367675781,1779500,0.0,0.0,0.0,-0.018892987104886183,,,,0,1,6,2020,0,DGKC.KA
2020-06-02 00:00:00+05:00,78.94326358168173,80.43935876989859,78.9335466083115,79.42900848388672,2465500,0.0,0.0,0.0,0.009258083385472071,,,,0,2,6,2020,1,DGKC.KA
2020-06-03 00:00:00+05:00,79.662169354147,80.04104981056392,78.59353197933312,78.89469146728516,958500,0.0,0.0,0.0,-0.006726975783790112,,,,0,3,6,2020,2,DGKC.KA
2020-06-04 00:00:00+05:00,79.07928010972738,79.37072263542757,78.10779020030046,78.45752716064453,997000,0.0,0.0,0.0,-0.005541111810062671,,,,0,4,6,2020,3,DGKC.KA
2020-06-05 00:00:00+05:00,78.69067854526293,79.95361832617323,78.20493361597119,79.49701690673828,1395500,0.0,0.0,0.0,0.013249076076095934,,,,0,5,6,2020,4,DGKC.KA
2020-06-08 00:00:00+05:00,80.05075678508842,81.40112694299701,80.05075678508842,80.99310302734375,3269000,0.0,0.0,0.0,0.018819399504771406,,,,0,8,6,2020,0,DGKC.KA
2020-06-09 00:00:00+05:00,80.99311052661707,81.50799895526504,80.30335363051516,80.80852508544922,2243000,0.0,0.0,0.0,-0.002278934069635752,,,,0,9,6,2020,1,DGKC.KA
2020-06-10 00:00:00+05:00,81.07082053818665,81.2651229445781,79.95361320192134,80.13819122314453,1772500,0.0,0.0,0.0,-0.008295335938824033,,,,0,10,6,2020,2,DGKC.KA
2020-06-11 00:00:00+05:00,80.48792952003139,81.46913630643093,79.46786966356765,81.27484130859375,1987500,0.0,0.0,0.0,0.014183625411312573,,,,0,11,6,2020,3,DGKC.KA
2020-06-12 00:00:00+05:00,80.2450593705859,82.0811745768135,79.953616865463,81.36227416992188,2412000,0.0,0.0,0.0,0.0010757678504242918,,1748200.0,79.78845901489258,0,12,6,2020,4,DGKC.KA
2020-06-15 00:00:00+05:00,81.11939669299554,81.60514158337276,76.35909528492303,77.81632995605469,4166000,0.0,0.0,0.0,-0.043582166920035026,0.014964854720415083,1778350.0,79.62573432922363,0,15,6,2020,0,DGKC.KA
2020-06-16 00:00:00+05:00,78.49637947406751,78.98212437820932,77.86490961630736,78.53523254394531,1110000,0.0,0.0,0.0,0.009238454040387367,0.01503161464565257,1707000.0,79.54024314880371,0,16,6,2020,1,DGKC.KA
2020-06-17 00:00:00+05:00,78.78782334851516,79.22499821702245,75.77620637249689,76.30081176757812,1294500,0.0,0.0,0.0,-0.028451189408739475,0.01600693451804905,1671200.0,79.30514297485351,0,17,6,2020,2,DGKC.KA
2020-06-18 00:00:00+05:00,77.039148137175,77.49574214109595,75.9899373194057,76.4659652709961,1629000,0.0,0.0,0.0,0.0021645051945324845,0.014967976454632104,1572550.0,79.18856430053711,0,18,6,2020,3,DGKC.KA
2020-06-19 00:00:00+05:00,77.47630924122645,77.47630924122645,75.34874427082605,75.97049713134766,575000,0.0,0.0,0.0,-0.006479590467373231,0.01500632059336651,1601300.0,79.04721221923828,0,19,6,2020,4,DGKC.KA
2020-06-22 00:00:00+05:00,76.3590952686987,76.74769266329366,73.59035087651259,76.446533203125,2525000,0.0,0.0,0.0,0.006266064982493269,0.015109107898323263,1727550.0,78.92966194152832,0,22,6,2020,0,DGKC.KA
2020-06-23 00:00:00+05:00,76.89342603058675,78.01064088289877,76.6505535588615,77.66090393066406,1634000,0.0,0.0,0.0,0.0158852295409182,0.015596435935646497,1809250.0,78.87283020019531,0,23,6,2020,1,DGKC.KA
2020-06-24 00:00:00+05:00,77.82604784743194,78.25350572780854,76.16480119216682,76.66026306152344,3415500,0.0,0.0,0.0,-0.012884744041017138,0.01583425065177883,1980025.0,78.76596641540527,0,24,6,2020,2,DGKC.KA
2020-06-25 00:00:00+05:00,76.41739248661774,77.1848629188278,75.6304806955557,76.64083099365234,2117000,0.0,0.0,0.0,-0.0002534829270739447,0.015558657428915695,2008250.0,78.61344261169434,0,25,6,2020,3,DGKC.KA
2020-06-26 00:00:00+05:00,79.66216076376155,82.38233507166586,78.44779855699689,81.86743927001953,12608000,0.0,0.0,0.0,0.06819613264370883,0.022055942170010202,2517700.0,78.69601898193359,0,26,6,2020,4,DGKC.KA
2020-06-29 00:00:00+05:00,81.6051397800365,85.0150709104569,79.90503270128573,83.20809936523438,8209000,0.0,0.0,0.0,0.0163759866824833,0.021768959809168913,2839175.0,78.92140426635743,0,29,6,2020,0,DGKC.KA
2020-06-30 00:00:00+05:00,83.79100095365195,84.89849880808899,82.57663862099032,82.89723205566406,4739500,0.0,0.0,0.0,-0.003736022237520231,0.02176660523338356,2952875.0,79.09481544494629,0,30,6,2020,1,DGKC.KA
2020-07-01 00:00:00+05:00,82.81950742444695,89.10504776619715,82.77092996853726,88.78445434570312,14526000,0.0,0.0,0.0,0.07101832165018362,0.026488230219935092,3631250.0,79.58930358886718,0,1,7,2020,2,DGKC.KA
2020-07-02 00:00:00+05:00,89.37706322031785,90.32912650280457,87.54094805798121,88.30842590332031,9530500,0.0,0.0,0.0,-0.005361619282236996,0.02648405555681663,4057925.0,80.08184852600098,0,2,7,2020,3,DGKC.KA
2020-07-03 00:00:00+05:00,88.40556867374717,88.69701856819232,86.85118653109,87.87124633789062,2485500,0.0,0.0,0.0,-0.004950598552263985,0.026543782853984725,4112425.0,80.5005599975586,0,3,7,2020,4,DGKC.KA
2020-07-06 00:00:00+05:00,88.40557498677602,90.7371520731987,88.01697757039237,89.55193328857422,5044000,0.0,0.0,0.0,0.019126699810548597,0.026552079224067996,4201175.0,80.92850151062012,0,6,7,2020,0,DGKC.KA
2020-07-07 00:00:00+05:00,90.39712999835137,92.04865971449304,90.11539706336174,90.38741302490234,4589500,0.0,0.0,0.0,0.009329555551144342,0.026503073533993175,4318500.0,81.40744590759277,0,7,7,2020,1,DGKC.KA
2020-07-08 00:00:00+05:00,91.80579272060805,93.36017503032711,90.73715534591868,92.59269714355469,10167000,0.0,0.0,0.0,0.02439813293522164,0.026586745329256773,4738225.0,82.03017120361328,0,8,7,2020,2,DGKC.KA
2020-07-09 00:00:00+05:00,94.23450811226532,95.06027293808982,92.29152856355881,92.903564453125,6705000,0.0,0.0,0.0,0.003357363152391546,0.02655536777182793,4974100.0,82.61160736083984,0,9,7,2020,3,DGKC.KA
2020-07-10 00:00:00+05:00,92.92300264383724,93.60304255219613,91.52405493306567,93.23387908935547,4130500,0.0,0.0,0.0,0.0035554570825657716,0.026531850558567705,5060025.0,83.20518760681152,0,10,7,2020,4,DGKC.KA
2020-07-13 00:00:00+05:00,95.20600173122588,100.21889272702096,94.8174043234165,100.0537338256836,11522500,0.0,0.0,0.0,0.07314781711261809,0.027599606254833944,5427850.0,84.31705780029297,0,13,7,2020,0,DGKC.KA
2020-07-14 00:00:00+05:00,101.03493890686958,101.41381933482003,98.21761701266763,98.4410629272461,6040500,0.0,0.0,0.0,-0.016118048140483565,0.028353450607050103,5674375.0,85.31234931945801,0,14,7,2020,1,DGKC.KA
2020-07-15 00:00:00+05:00,99.09196215998517,101.13208931031491,98.17875935259183,99.8205795288086,6991500,0.0,0.0,0.0,0.014013629684007434,0.026729668689839003,5959225.0,86.48833770751953,0,15,7,2020,2,DGKC.KA
2020-07-16 00:00:00+05:00,100.0634572772364,103.56081935018138,100.0634572772364,102.4727554321289,8310000,0.0,0.0,0.0,0.026569430029755425,0.026725069757377495,6293275.0,87.78867721557617,0,16,7,2020,3,DGKC.KA
2020-07-17 00:00:00+05:00,102.97792352131793,103.4636684435883,101.28753326714326,101.98700714111328,2731500,0.0,0.0,0.0,-0.004740267683514654,0.026653980270276434,6401100.0,89.08950271606446,0,17,7,2020,4,DGKC.KA
2020-07-20 00:00:00+05:00,102.49217256095663,104.66830760919967,101.7635552204759,102.4144515991211,4500500,0.0,0.0,0.0,0.004191165816017861,0.026694426358998328,6499875.0,90.38789863586426,0,20,7,2020,0,DGKC.KA
2020-07-21 00:00:00+05:00,102.83219234506359,103.92998054662549,99.0822411789067,99.49027252197266,6543000,0.0,0.0,0.0,-0.02855240673059012,0.028415642959356772,6745325.0,91.47936706542968,0,21,7,2020,1,DGKC.KA
2020-07-22 00:00:00+05:00,100.16059346912422,101.32638563634652,97.92617145273594,99.69428253173828,7044000,0.0,0.0,0.0,0.002050552326314792,0.027895668960424738,6926750.0,92.63106803894043,0,22,7,2020,2,DGKC.KA
2020-07-23 00:00:00+05:00,100.54919799904611,100.54919799904611,96.54665720752254,96.84782409667969,4252000,0.0,0.0,0.0,-0.02855187241206547,0.029315828701815424,7033500.0,93.6414176940918,0,23,7,2020,3,DGKC.KA
2020-07-24 00:00:00+05:00,96.1774920125165,96.36207744979637,94.62310978559913,95.41973114013672,3831000,0.0,0.0,0.0,-0.014745741268460066,0.026724551958634966,6594650.0,94.31903228759765,0,24,7,2020,4,DGKC.KA
2020-07-27 00:00:00+05:00,95.6917484895962,99.09196290293211,95.05056164252227,98.66450500488281,4031500,0.0,0.0,0.0,0.03400527150910437,0.02729926132744235,6385775.0,95.09185256958008,0,27,7,2020,0,DGKC.KA
2020-07-28 00:00:00+05:00,99.96630781646414,100.88922021631281,99.23769042335854,99.93716430664062,5816000,0.0,0.0,0.0,0.012898856601924136,0.027146986071266442,6439600.0,95.9438491821289,0,28,7,2020,1,DGKC.KA
2020-07-29 00:00:00+05:00,101.27781459419155,101.52068705125197,98.60621756652704,99.74285888671875,10890000,0.0,0.0,0.0,-0.001944275898460357,0.023074679407546112,6257800.0,96.49176940917968,0,29,7,2020,2,DGKC.KA
2020-07-30 00:00:00+05:00,100.25775295984687,101.50126623605331,99.33484053575793,101.13209533691406,5588000,0.0,0.0,0.0,0.01392817957797976,0.02297401465026985,6060675.0,97.13295288085938,0,30,7,2020,3,DGKC.KA
2020-07-31 00:00:00+05:00,101.13209533691406,101.13209533691406,101.13209533691406,101.13209533691406,0,0.0,0.0,0.0,0.0,0.02286433644814295,5936400.0,97.79599533081054,0,31,7,2020,4,DGKC.KA
2020-08-03 00:00:00+05:00,102.97792012805495,105.30949716049993,102.39502772291347,103.24021911621094,17432000,0.0,0.0,0.0,0.020845249693223655,0.022914312773450077,6555800.0,98.48040962219238,0,3,8,2020,0,DGKC.KA
2020-08-04 00:00:00+05:00,102.49218160784507,104.43516135396536,98.12047717907443,99.17939758300781,11516000,0.0,0.0,0.0,-0.039333716723635725,0.02516932017792737,6902125.0,98.92000885009766,0,4,8,2020,1,DGKC.KA
2020-08-05 00:00:00+05:00,99.55828165010428,105.84381466276776,98.21762093288085,104.69745635986328,21413500,0.0,0.0,0.0,0.05563714754606308,0.02731747169022184,7464450.0,99.52524681091309,0,5,8,2020,2,DGKC.KA
2020-08-06 00:00:00+05:00,106.12554969359968,107.25248148319446,103.56081706913916,104.30886840820312,12026500,0.0,0.0,0.0,-0.003711531924180722,0.027406004732143104,7730525.0,100.09551200866699,0,6,8,2020,3,DGKC.KA
2020-08-07 00:00:00+05:00,104.14370738010959,105.89239204841306,102.68647262714978,103.14307403564453,7098500,0.0,0.0,0.0,-0.01117636870526062,0.027676254629241608,7878925.0,100.59097175598144,0,7,8,2020,4,DGKC.KA
2020-08-10 00:00:00+05:00,103.26936621618182,103.85225859975958,101.04465373836713,101.64697265625,3495000,0.0,0.0,0.0,-0.014505107525469962,0.022917979428823905,7477550.0,100.67063369750977,0,10,8,2020,0,DGKC.KA
2020-08-11 00:00:00+05:00,101.8509900074133,104.2894315509619,101.8509900074133,103.11392974853516,6498000,0.0,0.0,0.0,0.014431881776215016,0.02273166417357947,7500425.0,100.90427703857422,0,11,8,2020,1,DGKC.KA
2020-08-12 00:00:00+05:00,104.43515274521084,106.28098483424617,101.7149783601189,102.70590209960938,11012500,0.0,0.0,0.0,-0.003957056528839931,0.02261017411207412,7701475.0,101.04854316711426,0,12,8,2020,2,DGKC.KA
2020-08-13 00:00:00+05:00,102.68646763162957,103.85225982441118,100.86978647158746,102.22987365722656,5151500,0.0,0.0,0.0,-0.004634869395540031,0.021865708204558736,7543550.0,101.03639907836914,0,13,8,2020,3,DGKC.KA
2020-08-14 00:00:00+05:00,102.22987365722656,102.22987365722656,102.22987365722656,102.22987365722656,0,0.0,0.0,0.0,0.0,0.021836074661726473,7406975.0,101.04854240417481,0,14,8,2020,4,DGKC.KA
2020-08-17 00:00:00+05:00,102.8321931044202,104.19228029696617,102.00642826276408,102.70590209960938,3083000,0.0,0.0,0.0,0.004656451439810194,0.02184063682328318,7336100.0,101.06311492919922,0,17,8,2020,0,DGKC.KA
2020-08-18 00:00:00+05:00,103.36651605419212,109.48689733829072,102.85162764683089,108.73885345458984,26779000,0.0,0.0,0.0,0.058740064900353994,0.024336817618462733,8347900.0,101.52554397583008,0,18,8,2020,1,DGKC.KA
2020-08-19 00:00:00+05:00,108.56399088714304,110.1183731669097,106.3781387216301,106.94160461425781,12049000,0.0,0.0,0.0,-0.016528120200224206,0.024794804791490797,8598150.0,101.88791007995606,0,19,8,2020,2,DGKC.KA
2020-08-20 00:00:00+05:00,107.53420520872577,107.53420520872577,103.56080818802047,104.35742950439453,5689000,0.0,0.0,0.0,-0.024164356979535673,0.024511264606652004,8670000.0,102.2633903503418,0,20,8,2020,3,DGKC.KA
2020-08-21 00:00:00+05:00,103.4636677215829,105.16377493766524,101.5206880460602,103.51224517822266,5937000,0.0,0.0,0.0,-0.008098937758296176,0.024287443667708356,8775300.0,102.66801605224609,0,21,8,2020,4,DGKC.KA
2020-08-24 00:00:00+05:00,103.57053497207437,105.34836320166924,102.92934810426792,104.89176177978516,4405000,0.0,0.0,0.0,0.013327086077471462,0.023382039440265016,8793975.0,102.97937889099121,0,24,8,2020,0,DGKC.KA
2020-08-25 00:00:00+05:00,105.79524856906116,107.84509279243306,105.30950363294231,106.65987396240234,8426500,0.0,0.0,0.0,0.016856540042956336,0.02348389333063013,8924500.0,103.3155143737793,0,25,8,2020,1,DGKC.KA
2020-08-26 00:00:00+05:00,106.37814286210471,107.10676027896844,105.69810290445041,106.27127838134766,3628500,0.0,0.0,0.0,-0.0036433155845624343,0.023507755408699132,8561425.0,103.64193534851074,0,26,8,2020,2,DGKC.KA
2020-08-27 00:00:00+05:00,106.3781374093269,108.79714503399362,106.3781374093269,106.99017333984375,8378000,0.0,0.0,0.0,0.006764715447539649,0.023393734091126814,8700925.0,103.93483924865723,0,27,8,2020,3,DGKC.KA
2020-08-28 00:00:00+05:00,106.86387474645899,107.34961963167018,105.79523748137015,105.98953247070312,1450500,0.0,0.0,0.0,-0.009352642751238371,0.023551390131992204,8773450.0,104.17771110534667,0,28,8,2020,4,DGKC.KA
2020-08-31 00:00:00+05:00,106.96102695724927,111.33273111690697,106.57242954957056,108.61256408691406,11124000,0.0,0.0,0.0,0.024748025159333276,0.02372597522659158,8458050.0,104.44632835388184,0,31,8,2020,0,DGKC.KA
2020-09-01 00:00:00+05:00,108.80686328794368,112.44023325455416,108.61256828253838,111.86705780029297,7504000,0.0,0.0,0.0,0.029964247145243705,0.022263570269998867,8257450.0,105.0807113647461,0,1,9,2020,1,DGKC.KA
2020-09-02 00:00:00+05:00,113.17856520089538,114.99525385136651,112.59567278524085,113.14942169189453,5130000,0.0,0.0,0.0,0.011463284337833057,0.019070160274873,7443275.0,105.50330963134766,0,2,9,2020,2,DGKC.KA
2020-09-03 00:00:00+05:00,113.22714093187693,114.64551517271316,112.50823313204066,114.2763442993164,5680000,0.0,0.0,0.0,0.009959596704705032,0.01902192661051333,7125950.0,106.00168342590332,0,3,9,2020,3,DGKC.KA
2020-09-04 00:00:00+05:00,114.0529033841165,115.55870811882644,112.3333622967856,113.00369262695312,6573500,0.0,0.0,0.0,-0.01113661519509157,0.019020177627433157,7099700.0,106.49471435546874,0,4,9,2020,4,DGKC.KA
2020-09-07 00:00:00+05:00,114.63580014032308,114.63580014032308,112.20707556107895,112.88711547851562,4455000,0.0,0.0,0.0,-0.0010316224693854847,0.018534909125939122,7147700.0,107.05672149658203,0,7,9,2020,0,DGKC.KA
2020-09-08 00:00:00+05:00,113.65458645196615,114.15004831145255,109.63261938526188,110.54582214355469,5490000,0.0,0.0,0.0,-0.020740128977841832,0.019287947861256812,7097300.0,107.42831611633301,0,8,9,2020,1,DGKC.KA
2020-09-09 00:00:00+05:00,110.45838831364284,111.13843562704005,109.29260350764622,109.87549591064453,2804500,0.0,0.0,0.0,-0.006063786219253742,0.019337423032791044,6686900.0,107.78679580688477,0,9,9,2020,2,DGKC.KA
2020-09-10 00:00:00+05:00,110.64297444765133,113.6643083655316,110.64297444765133,111.72132873535156,5766000,0.0,0.0,0.0,0.016799312798625676,0.01945329108325496,6717625.0,108.26136856079101,0,10,9,2020,3,DGKC.KA
2020-09-11 00:00:00+05:00,112.44994338384494,112.44994338384494,109.76862948355632,110.07950592041016,2168500,0.0,0.0,0.0,-0.014695697173729427,0.019909412979207865,6826050.0,108.65385017395019,0,11,9,2020,4,DGKC.KA
2020-09-14 00:00:00+05:00,109.8755003705364,110.74012574265318,106.37813839870816,107.01932525634766,4409000,0.0,0.0,0.0,-0.02779973109867584,0.02112913854848641,6892350.0,108.86952133178711,0,14,9,2020,0,DGKC.KA
2020-09-15 00:00:00+05:00,107.33990993140993,110.55554632945956,107.33990993140993,107.88394927978516,5908500,0.0,0.0,0.0,0.00807913917758718,0.016541428515388455,5848825.0,108.82677612304687,0,15,9,2020,1,DGKC.KA
2020-09-16 00:00:00+05:00,108.41826654973298,109.661772380688,107.65078867334181,108.78743743896484,2376000,0.0,0.0,0.0,0.0083746300094798,0.016186231406435565,5365175.0,108.91906776428223,0,16,9,2020,2,DGKC.KA
2020-09-17 00:00:00+05:00,110.25437798994477,110.28352149874812,109.04973268417184,109.74920654296875,5098000,0.0,0.0,0.0,0.008840810360511542,0.015136122874629024,5335625.0,109.18865661621093,0,17,9,2020,3,DGKC.KA
2020-09-18 00:00:00+05:00,109.00115765937265,109.29260757766482,107.64107780568739,108.83600616455078,2351500,0.0,0.0,0.0,-0.008320792534025623,0.01514447913884706,5156350.0,109.45484466552735,0,18,9,2020,4,DGKC.KA
2020-09-21 00:00:00+05:00,107.84508304805706,109.29260075157406,107.34962118265719,107.86450958251953,1293000,0.0,0.0,0.0,-0.008926242484150193,0.015133872354872027,5000750.0,109.60348205566406,0,21,9,2020,0,DGKC.KA
2020-09-22 00:00:00+05:00,108.12681955185867,109.38975186630569,106.86387982553255,108.90400695800781,7711000,0.0,0.0,0.0,0.00963706579218293,0.014831565039927583,4964975.0,109.71568870544434,0,22,9,2020,1,DGKC.KA
2020-09-23 00:00:00+05:00,110.26409665732523,112.01278133117988,109.68120423666676,109.99208068847656,5838000,0.0,0.0,0.0,0.009991126689106178,0.014912966076037301,5075450.0,109.90172882080078,0,23,9,2020,2,DGKC.KA
2020-09-24 00:00:00+05:00,109.77835480777823,111.52703953053002,108.61256993386334,109.73949432373047,4723500,0.0,0.0,0.0,-0.002296405006297464,0.014892711289310825,4892725.0,110.03919486999511,0,24,9,2020,3,DGKC.KA
2020-09-25 00:00:00+05:00,108.81658220480197,109.76863812491891,105.98954313083543,106.55300903320312,4373500,0.0,0.0,0.0,-0.02903681404916303,0.01622939872680686,5038875.0,110.06736869812012,0,25,9,2020,4,DGKC.KA
2020-09-28 00:00:00+05:00,106.75701252937453,106.75701252937453,100.42290235391404,101.33609771728516,5310000,0.0,0.0,0.0,-0.04896071320043449,0.01860259487264968,4748175.0,109.70354537963867,0,28,9,2020,0,DGKC.KA
2020-09-29 00:00:00+05:00,101.42353916722516,102.88077390407645,99.09196210588728,102.00643157958984,4840000,0.0,0.0,0.0,0.006614956342357203,0.017075445560531134,4614975.0,109.21051406860352,0,29,9,2020,1,DGKC.KA
2020-09-30 00:00:00+05:00,103.07506331679234,104.92089536578844,99.57770162030847,100.1703109741211,6000000,0.0,0.0,0.0,-0.018000047418932907,0.01689920617232798,4658475.0,108.56155853271484,0,30,9,2020,2,DGKC.KA
2020-10-01 00:00:00+05:00,100.84064617554964,106.86388008851424,99.45141543792379,105.08605194091797,8100500,0.0,0.0,0.0,0.04907383154742173,0.02067666389142333,4779500.0,108.10204391479492,0,1,10,2020,3,DGKC.KA
2020-10-02 00:00:00+05:00,105.41636507274012,105.89239302108669,102.64762049906005,103.72596740722656,6786500,0.0,0.0,0.0,-0.01294257904423013,0.020713474106813828,4790150.0,107.63815765380859,0,2,10,2020,4,DGKC.KA
2020-10-05 00:00:00+05:00,102.4921776859441,103.80368748201397,100.54919801417265,101.77327728271484,4463500,0.0,0.0,0.0,-0.018825470355417262,0.0209568061267409,4790575.0,107.08246574401855,0,5,10,2020,0,DGKC.KA
2020-10-06 00:00:00+05:00,102.3950282581804,103.94941048397618,100.90865002314196,103.16250610351562,2398923,0.0,0.0,0.0,0.013650231749358532,0.02100470081414743,4636021.15,106.7132999420166,0,6,10,2020,1,DGKC.KA
2020-10-07 00:00:00+05:00,103.94941322758962,108.32111752220787,102.9876403580998,107.91309356689453,4107769,0.0,0.0,0.0,0.04604955465711602,0.023695975086931432,4701184.6,106.6151798248291,0,7,10,2020,2,DGKC.KA
2020-10-08 00:00:00+05:00,108.70971584721977,109.29260827564735,104.79461293222396,106.94160461425781,5502957,0.0,0.0,0.0,-0.009002512304352561,0.023397339786847653,4688032.45,106.37619361877441,0,8,10,2020,3,DGKC.KA
2020-10-09 00:00:00+05:00,106.8735972425873,107.98109504515263,106.18384035936707,106.45585632324219,2294871,0.0,0.0,0.0,-0.0045421825562440565,0.023215097752938865,4694351.0,106.19501113891602,0,9,10,2020,4,DGKC.KA
2020-10-12 00:00:00+05:00,106.75701932084654,106.96103130048915,103.46366931312558,103.939697265625,3654189,0.0,0.0,0.0,-0.02363570351617983,0.0229835533096064,4656610.45,106.04102973937988,0,12,10,2020,0,DGKC.KA
2020-10-13 00:00:00+05:00,103.85225904890163,104.4351514350003,101.54010862701732,103.57052612304688,1740847,0.0,0.0,0.0,-0.0035517819686802232,0.022883098916825946,4448227.8,105.82535858154297,0,13,10,2020,1,DGKC.KA
2020-10-14 00:00:00+05:00,103.70654251346744,105.40664976778659,103.47338702248706,104.78489685058594,4447516,0.0,0.0,0.0,0.011725060912564311,0.02297351682569373,4551803.6,105.62523155212402,0,14,10,2020,2,DGKC.KA
2020-10-15 00:00:00+05:00,105.6495126500339,106.37812997865483,102.49217089267657,102.98763275146484,2674614,0.0,0.0,0.0,-0.017151938429484148,0.0230853634489739,4430634.3,105.28715286254882,0,15,10,2020,3,DGKC.KA
2020-10-16 00:00:00+05:00,103.02649911470115,105.57179771775448,101.5206869181492,104.93061828613281,4296507,0.0,0.0,0.0,0.01886620250177895,0.023546593394964364,4527884.65,105.09188346862793,0,16,10,2020,4,DGKC.KA
2020-10-19 00:00:00+05:00,104.82375171790326,105.89238902384146,104.19228186061464,104.95004272460938,1121224,0.0,0.0,0.0,0.0001851169734232716,0.02348469922024679,4519295.85,104.94616012573242,0,19,10,2020,0,DGKC.KA
2020-10-20 00:00:00+05:00,104.92090187226191,108.60284922553808,104.92090187226191,107.77708435058594,3716039,0.0,0.0,0.0,0.026937022154386092,0.024208720859393615,4319547.8,104.88981399536132,0,20,10,2020,1,DGKC.KA
2020-10-21 00:00:00+05:00,108.41826886960527,108.41826886960527,105.98954417534046,107.32048797607422,3681397,0.0,0.0,0.0,-0.00423648846378577,0.024100972237386952,4211717.65,104.75623435974121,0,21,10,2020,2,DGKC.KA
2020-10-22 00:00:00+05:00,107.34962554502074,110.70126247285117,106.86388063305232,107.5633544921875,7045591,0.0,0.0,0.0,0.0022630023464618176,0.024109168748103246,4327822.2,104.64742736816406,0,22,10,2020,3,DGKC.KA
2020-10-23 00:00:00+05:00,107.59249808806639,112.20707475550039,106.73758971058669,109.11773681640625,9108435,0.0,0.0,0.0,0.01445085393215062,0.023371225697855005,4564568.95,104.77566375732422,0,23,10,2020,4,DGKC.KA
2020-10-26 00:00:00+05:00,109.29260765764573,113.66431196395156,108.61256773030544,112.76082611083984,7004660,0.0,0.0,0.0,0.03338677469606255,0.02117347933172791,4649301.95,105.34690017700196,0,26,10,2020,0,DGKC.KA
2020-10-27 00:00:00+05:00,112.44994417967514,112.69281662930726,109.77834723372173,110.10865020751953,3006496,0.0,0.0,0.0,-0.023520366024219475,0.022144857355201712,4557626.75,105.75201110839843,0,27,10,2020,1,DGKC.KA
2020-10-28 00:00:00+05:00,109.7783529569925,110.92471127549645,108.3308351570451,108.94287109375,1594845,0.0,0.0,0.0,-0.010587534326979897,0.021815823104914207,4337369.0,106.19063911437988,0,28,10,2020,2,DGKC.KA
2020-10-29 00:00:00+05:00,108.80685602228795,108.80685602228795,101.88013651700261,104.86260986328125,6676123,0.0,0.0,0.0,-0.03745321919189659,0.021063039953391028,4266150.15,106.17946701049804,0,29,10,2020,3,DGKC.KA
2020-10-30 00:00:00+05:00,104.86260986328125,104.86260986328125,104.86260986328125,104.86260986328125,0,0.0,0.0,0.0,0.0,0.020838759578480946,3926825.15,106.23629913330078,0,30,10,2020,4,DGKC.KA
2020-11-02 00:00:00+05:00,103.9494078049966,106.8444506480821,102.12300966324129,105.89238739013672,2260711,0.0,0.0,0.0,0.009820254599786082,0.02040233054816192,3816685.7,106.44225463867187,0,2,11,2020,0,DGKC.KA
2020-11-03 00:00:00+05:00,107.59250136859556,109.68120603781098,106.86388397783757,109.23432159423828,2620744,0.0,0.0,0.0,0.03155972101931148,0.021305197404555838,3827776.75,106.745845413208,0,3,11,2020,1,DGKC.KA
2020-11-04 00:00:00+05:00,110.50696733600287,110.51668430955638,107.10675295643355,107.37876892089844,1592390,0.0,0.0,0.0,-0.01698690160984817,0.019169184287055795,3702007.8,106.7191291809082,0,4,11,2020,2,DGKC.KA
2020-11-05 00:00:00+05:00,108.32111600644896,109.19545833551362,107.83537109162184,108.22396850585938,961950,0.0,0.0,0.0,0.007871198314664651,0.01912680340017028,3474957.45,106.78324737548829,0,5,11,2020,3,DGKC.KA
2020-11-06 00:00:00+05:00,108.02966671268968,108.32111662801,106.66958687287276,106.88330841064453,651028,0.0,0.0,0.0,-0.012387829736092648,0.019320957173428667,3392765.3,106.8046199798584,0,6,11,2020,4,DGKC.KA
2020-11-09 00:00:00+05:00,107.37877021276647,107.81594508538392,105.06662707511856,106.14498138427734,1459352,0.0,0.0,0.0,-0.006907786045792563,0.018574363859568108,3283023.45,106.91488418579101,0,9,11,2020,0,DGKC.KA
2020-11-10 00:00:00+05:00,107.5925016179963,108.51541401701066,105.7661033558726,106.04783630371094,1694796,0.0,0.0,0.0,-0.0009152112450301342,0.018548096499654245,3280720.9,107.03874969482422,0,10,11,2020,1,DGKC.KA
2020-11-11 00:00:00+05:00,105.88267191293717,106.2809862912207,103.75511427722542,104.76545715332031,1705251,0.0,0.0,0.0,-0.012092459356907725,0.018611123495819525,3143607.65,107.03777770996093,0,11,11,2020,2,DGKC.KA
2020-11-12 00:00:00+05:00,104.92089749962912,105.06662245075438,102.20072311822051,102.52131652832031,2229247,0.0,0.0,0.0,-0.021420615973791635,0.01884307861219184,3121339.3,107.01446189880372,0,12,11,2020,3,DGKC.KA
2020-11-13 00:00:00+05:00,102.82247536012943,105.10548228601293,102.00642749784849,104.04655456542969,1313008,0.0,0.0,0.0,0.01487727712400222,0.018652372234140333,2972164.35,106.97025871276855,0,13,11,2020,4,DGKC.KA
2020-11-16 00:00:00+05:00,104.65860052206152,105.1637719621773,102.97791988906044,103.13336181640625,566107,0.0,0.0,0.0,-0.008776770675757217,0.018748569989651954,2944408.5,106.87942466735839,0,16,11,2020,0,DGKC.KA
2020-11-17 00:00:00+05:00,103.85226789735455,104.67803279900795,103.07507304175166,103.3373794555664,445845,0.0,0.0,0.0,0.0019781924642710003,0.0176077016834752,2780898.8,106.65743942260742,0,17,11,2020,1,DGKC.KA
2020-11-18 00:00:00+05:00,103.65796754406455,103.65796754406455,101.06409133548792,102.68647766113281,1321419,0.0,0.0,0.0,-0.006298802987484975,0.01762780003390044,2662899.9,106.42573890686035,0,18,11,2020,2,DGKC.KA
2020-11-19 00:00:00+05:00,102.49217727362934,103.85226452077372,101.4235399408299,102.03557586669922,1462006,0.0,0.0,0.0,-0.006338729395135911,0.017621784442796905,2383720.65,106.14934997558593,0,19,11,2020,3,DGKC.KA
2020-11-20 00:00:00+05:00,102.01614805205867,102.47274945326325,100.46176582276159,100.71434783935547,1167527,0.0,0.0,0.0,-0.01294869966794543,0.017297752492038736,1986675.25,105.7291805267334,0,20,11,2020,4,DGKC.KA
2020-11-23 00:00:00+05:00,100.0634528963247,101.2292377323069,98.65479560185629,100.03430938720703,2255885,0.0,0.0,0.0,-0.006752150678998925,0.014913351503982259,1749236.5,105.09285469055176,0,23,11,2020,0,DGKC.KA
2020-11-24 00:00:00+05:00,100.52976892800962,100.9377928698781,97.46957454023793,99.13082122802734,1898903,0.0,0.0,0.0,-0.009031782842449765,0.014351866321504744,1693856.85,104.54396324157715,0,24,11,2020,1,DGKC.KA
2020-11-25 00:00:00+05:00,99.57770731220891,100.05373525232648,97.3918552004775,98.1884765625,1253067,0.0,0.0,0.0,-0.009506071410017913,0.01433228387636012,1676767.95,104.00624351501465,0,25,11,2020,2,DGKC.KA
2020-11-26 00:00:00+05:00,99.2376930238529,103.34709107800157,98.26620314092116,102.68647766113281,5616065,0.0,0.0,0.0,0.045809867472276,0.01638180664525485,1623765.05,103.89743690490722,0,26,11,2020,3,DGKC.KA
2020-11-27 00:00:00+05:00,101.99671345311836,102.76419129527717,99.96630330042457,100.86978912353516,2253484,0.0,0.0,0.0,-0.017691604376505743,0.016801652766405155,1736439.25,103.69779586791992,0,27,11,2020,4,DGKC.KA
2020-11-30 00:00:00+05:00,100.11202472084034,102.4727451809962,99.96629977157072,102.01614379882812,1197449,0.0,0.0,0.0,0.011364697847132677,0.01686134838564452,1683276.15,103.5039836883545,0,30,11,2020,0,DGKC.KA
2020-12-01 00:00:00+05:00,102.10357659088896,104.72660350041231,102.10357659088896,103.10420989990234,3808662,0.0,0.0,0.0,0.010665626640621095,0.015261623292954515,1742672.05,103.19747810363769,0,1,12,2020,1,DGKC.KA
2020-12-02 00:00:00+05:00,103.74540057671611,104.2894325136036,102.39503029631375,103.69682312011719,2226668,0.0,0.0,0.0,0.0057477111826003124,0.01499160304549908,1774385.95,103.01338081359863,0,2,12,2020,2,DGKC.KA
2020-12-03 00:00:00+05:00,104.19228670265463,106.2324139109601,103.53167330633978,103.939697265625,4667390,0.0,0.0,0.0,0.0023421560873324587,0.01485740414184162,1959657.95,102.79916725158691,0,3,12,2020,3,DGKC.KA
2020-12-04 00:00:00+05:00,103.94941270416128,104.62945262625924,102.83219790767528,103.06535339355469,1898714,0.0,0.0,0.0,-0.008412030197046505,0.014735993927960376,2022042.25,102.60826950073242,0,4,12,2020,4,DGKC.KA
2020-12-07 00:00:00+05:00,103.26936874166131,104.14370363247063,102.12301048077643,102.73504638671875,1075915,0.0,0.0,0.0,-0.003204830682282389,0.014690513336007103,2002870.4,102.43777275085449,0,7,12,2020,0,DGKC.KA
2020-12-08 00:00:00+05:00,102.87105449014186,105.40664346506281,102.20072415529089,104.2894287109375,3878982,0.0,0.0,0.0,0.015130010438382246,0.01515659448850135,2112079.7,102.34985237121582,0,8,12,2020,1,DGKC.KA
2020-12-09 00:00:00+05:00,104.82375139716173,106.76673100633292,104.67802644409808,105.02776336669922,4993416,0.0,0.0,0.0,0.007079669194546945,0.015005530751278985,2276487.95,102.36296768188477,0,9,12,2020,2,DGKC.KA
2020-12-10 00:00:00+05:00,105.5037918910227,105.79524179879475,104.14370467455151,105.3192138671875,1389124,0.0,0.0,0.0,0.0027749853100336175,0.014117137379347526,2234481.8,102.50286254882812,0,10,12,2020,3,DGKC.KA
2020-12-11 00:00:00+05:00,105.39692454137182,107.23303963931983,104.92089662276129,105.30949401855469,3181373,0.0,0.0,0.0,-9.22894149691933e-05,0.013759540117997009,2327900.05,102.56600952148438,0,11,12,2020,4,DGKC.KA
2020-12-14 00:00:00+05:00,105.5037950506051,108.2239695650101,105.5037950506051,107.80622863769531,4991261,0.0,0.0,0.0,0.023708542543189104,0.014481413717621322,2549157.75,102.79965286254883,0,14,12,2020,0,DGKC.KA
2020-12-15 00:00:00+05:00,108.69998871126586,111.2355775791648,107.84508039028745,108.40853881835938,7214778,0.0,0.0,0.0,0.005586970143332426,0.014499451673219399,2887604.4,103.05321083068847,0,15,12,2020,1,DGKC.KA
2020-12-16 00:00:00+05:00,108.32111924973731,108.56399171442281,105.90211157679587,106.15469360351562,2384449,0.0,0.0,0.0,-0.020790292346067996,0.015301994641875784,2940755.9,103.22662162780762,0,16,12,2020,2,DGKC.KA
2020-12-17 00:00:00+05:00,106.41699879350256,107.54392316251985,105.71752491734318,107.20390319824219,2080894,0.0,0.0,0.0,0.009883779596645326,0.015279372849760345,2971700.3,103.48503799438477,0,17,12,2020,3,DGKC.KA
2020-12-18 00:00:00+05:00,107.67993293644616,108.79714776209407,105.79524764091748,106.07698059082031,1856697,0.0,0.0,0.0,-0.010511955010984675,0.015158238485467079,3006158.8,103.753169631958,0,18,12,2020,4,DGKC.KA
2020-12-21 00:00:00+05:00,105.90210678214407,107.93251693728726,104.9208999939119,105.79524230957031,2858765,0.0,0.0,0.0,-0.0026559794564362527,0.015051026793071319,3036302.8,104.04121627807618,0,21,12,2020,0,DGKC.KA
2020-12-22 00:00:00+05:00,105.89239045409352,107.93251759514519,105.02776510663887,105.63980102539062,2088596,0.0,0.0,0.0,-0.0014692653543422196,0.014828580297457618,3045787.45,104.36666526794434,0,22,12,2020,1,DGKC.KA
2020-12-23 00:00:00+05:00,105.94096736578962,108.32111444947945,105.69809491186702,107.34962463378906,2510890,0.0,0.0,0.0,0.016185411102653147,0.014774626526041022,3108678.6,104.8247226715088,0,23,12,2020,2,DGKC.KA
2020-12-24 00:00:00+05:00,108.8068643649986,111.81848144986822,107.96166551817247,110.63326263427734,9076257,0.0,0.0,0.0,0.030588257869461843,0.012798475031436727,3281688.2,105.22206192016601,0,24,12,2020,3,DGKC.KA
2020-12-25 00:00:00+05:00,110.63326263427734,110.63326263427734,110.63326263427734,110.63326263427734,0,0.0,0.0,0.0,0.0,0.011807030575913455,3169014.0,105.71023559570312,0,25,12,2020,4,DGKC.KA
2020-12-28 00:00:00+05:00,111.71161336989783,112.98427008606268,109.70062972018974,110.40982055664062,3906072,0.0,0.0,0.0,-0.002019664541353716,0.011788456852144052,3304445.15,106.12991943359376,0,28,12,2020,0,DGKC.KA
2020-12-29 00:00:00+05:00,111.2355841887144,111.2355841887144,108.86514666040249,109.45775604248047,1716533,0.0,0.0,0.0,-0.008623005719602173,0.01200379139924329,3199838.7,106.44759674072266,0,29,12,2020,1,DGKC.KA
2020-12-30 00:00:00+05:00,109.04972859588642,110.59439379958732,109.04972859588642,109.60347747802734,1862046,0.0,0.0,0.0,0.0013313029685197986,0.011992409438579621,3181607.6,106.74292945861816,0,30,12,2020,2,DGKC.KA
2020-12-31 00:00:00+05:00,109.7783529750177,112.40137260347434,109.60348450566197,111.31330871582031,3623340,0.0,0.0,0.0,0.015600155005444538,0.012325161801277901,3129405.1,107.11161003112792,0,31,12,2020,3,DGKC.KA
2021-01-01 00:00:00+05:00,112.69282500815348,113.9557648048932,111.13844269731347,111.5853271484375,3945401,0.0,0.0,0.0,0.002443718866641964,0.012007699511309386,3231739.45,107.53760871887206,0,1,1,2021,4,DGKC.KA
2021-01-04 00:00:00+05:00,111.82819260714075,112.2070730400399,107.15532899346505,107.50506591796875,4010723,0.0,0.0,0.0,-0.03656628819164498,0.015010051558337626,3378479.85,107.77610969543457,0,4,1,2021,0,DGKC.KA
2021-01-05 00:00:00+05:00,108.17538699788747,109.38974923947103,107.39819961040135,108.44740295410156,1577968,0.0,0.0,0.0,0.00876551284431426,0.014791369872545174,3263429.15,107.98400840759277,0,5,1,2021,1,DGKC.KA
2021-01-06 00:00:00+05:00,108.6125702567499,110.39039108297334,107.94223987572236,109.66177368164062,2014718,0.0,0.0,0.0,0.011197785234682067,0.014893223238750978,3114494.25,108.21570892333985,0,6,1,2021,2,DGKC.KA
2021-01-07 00:00:00+05:00,109.77835175881717,111.1870090599972,108.80686192024356,109.176025390625,1971820,0.0,0.0,0.0,-0.004429513354633485,0.014967231227848706,3143629.05,108.40854949951172,0,7,1,2021,3,DGKC.KA
2021-01-08 00:00:00+05:00,108.87486073180021,111.23558122367743,108.85543419718,109.89492797851562,2750214,0.0,0.0,0.0,0.006584802710287718,0.01499473987755701,3122071.1,108.63782119750977,0,8,1,2021,4,DGKC.KA
2021-01-11 00:00:00+05:00,110.26409755318208,111.33273490171813,108.8651498027324,109.02059173583984,1529815,0.0,0.0,0.0,-0.007956110975810615,0.014262509997305644,2948998.8,108.69853935241699,0,11,1,2021,0,DGKC.KA
2021-01-12 00:00:00+05:00,109.14687822826951,109.4868981780141,108.02966346892671,109.13716125488281,958932,0.0,0.0,0.0,0.0010692431327599117,0.014216025098739664,2636206.5,108.73497047424317,0,12,1,2021,1,DGKC.KA
2021-01-13 00:00:00+05:00,110.02122033313329,112.10992489468116,109.77834788206677,110.7692642211914,4609566,0.0,0.0,0.0,0.014954603432435931,0.013642986887978588,2747462.35,108.96569900512695,0,13,1,2021,2,DGKC.KA
2021-01-14 00:00:00+05:00,111.21615468905722,111.72132611985069,109.38974913584325,109.89492797851562,1440605,0.0,0.0,0.0,-0.00789331091817902,0.013696305023749593,2715447.9,109.10025024414062,0,14,1,2021,3,DGKC.KA
2021-01-15 00:00:00+05:00,109.8949276962673,110.94413103627886,107.35933875180481,108.15596008300781,1753410,0.0,0.0,0.0,-0.015823914055867805,0.013986456595664975,2710283.55,109.20419921875,0,15,1,2021,4,DGKC.KA
2021-01-18 00:00:00+05:00,108.41826456809076,109.00115698921205,107.64107714388881,107.80622863769531,964363,0.0,0.0,0.0,-0.003233584585112914,0.013995136212891926,2615563.45,109.30474853515625,0,18,1,2021,0,DGKC.KA
2021-01-19 00:00:00+05:00,107.83537156124011,108.79714442146013,107.11647115949137,107.51477813720703,617137,0.0,0.0,0.0,-0.0027034662483905736,0.014009474790681315,2541990.5,109.39849739074707,0,19,1,2021,1,DGKC.KA
2021-01-20 00:00:00+05:00,107.55363922552043,108.06852765447768,106.38785438304664,106.99017333984375,981174,0.0,0.0,0.0,-0.004879373854018487,0.013591239446481844,2465504.7,109.38052482604981,0,20,1,2021,2,DGKC.KA
2021-01-21 00:00:00+05:00,107.68964034641898,109.75891831596036,107.3496204066921,107.83536529541016,2564037,0.0,0.0,0.0,0.007899715732600399,0.01171397175395417,2139893.7,109.24062995910644,0,21,1,2021,3,DGKC.KA
2021-01-22 00:00:00+05:00,107.83537687676686,108.3211218176532,106.66959198339148,107.42735290527344,1278175,0.0,0.0,0.0,-0.0037836602956644594,0.011723881559693379,2203802.45,109.08033447265625,0,22,1,2021,4,DGKC.KA
2021-01-25 00:00:00+05:00,108.1268237532365,109.5354810772835,107.83537383218155,109.23432159423828,1962275,0.0,0.0,0.0,0.01682037805174419,0.012408638691661623,2106612.6,109.02155952453613,0,25,1,2021,0,DGKC.KA
2021-01-26 00:00:00+05:00,109.77834982782412,112.68310231873862,109.09830991753616,110.56525421142578,6917100,0.0,0.0,0.0,0.012184198132628943,0.012559664146802152,2366640.95,109.07693443298339,0,26,1,2021,1,DGKC.KA
2021-01-27 00:00:00+05:00,110.50696531604781,112.58595290574665,110.15722839330604,110.58468627929688,3831335,0.0,0.0,0.0,0.00017575202996344963,0.012558679623617479,2465105.4,109.12599487304688,0,27,1,2021,2,DGKC.KA
2021-01-28 00:00:00+05:00,110.26409644486624,113.95576078838879,110.26409644486624,111.99334716796875,8463658,0.0,0.0,0.0,0.012738299814081921,0.012393041624105974,2707121.3,109.1599967956543,0,28,1,2021,3,DGKC.KA
2021-01-29 00:00:00+05:00,112.67338835379856,119.50296034603883,112.20706999648259,117.05480194091797,12928630,0.0,0.0,0.0,0.04519424502384051,0.01594561466801954,3156282.75,109.43347053527832,0,29,1,2021,4,DGKC.KA
2021-02-01 00:00:00+05:00,118.52175585474345,119.4932456568315,114.25691621652717,115.03411102294922,4052987,0.0,0.0,0.0,-0.017262776788846912,0.01390975130373673,3158395.95,109.80992279052734,0,1,2,2021,0,DGKC.KA
2021-02-02 00:00:00+05:00,115.12154753151174,115.12154753151174,113.27571532922133,113.97518920898438,2912730,0.0,0.0,0.0,-0.009205285324051293,0.01412912001176353,3225134.05,110.08631210327148,0,2,2,2021,1,DGKC.KA
2021-02-03 00:00:00+05:00,114.86895542801562,119.00750417929102,114.6357999441334,117.7057113647461,7009610,0.0,0.0,0.0,0.03273100208608959,0.015567405100201841,3474878.65,110.48850898742675,0,3,2,2021,2,DGKC.KA
2021-02-04 00:00:00+05:00,118.76463414892987,119.15323157126134,114.64551926072674,115.23812866210938,4024586,0.0,0.0,0.0,-0.02096400144076427,0.01643446102240558,3577516.95,110.79161415100097,0,4,2,2021,3,DGKC.KA
2021-02-05 00:00:00+05:00,115.23812866210938,115.23812866210938,115.23812866210938,115.23812866210938,0,0.0,0.0,0.0,0.0,0.016421282461283732,3440006.25,111.05877418518067,0,5,2,2021,4,DGKC.KA
2021-02-08 00:00:00+05:00,116.2873323515021,116.2873323515021,113.19799432482068,113.60602569580078,3897631,0.0,0.0,0.0,-0.014162872872520271,0.016685867277867864,3558397.05,111.28804588317871,0,8,2,2021,0,DGKC.KA
2021-02-09 00:00:00+05:00,114.37350239454233,115.45184930056013,112.78996920799977,113.02312469482422,2063234,0.0,0.0,0.0,-0.0051308986244917865,0.016765247202624387,3613612.15,111.48234405517579,0,9,2,2021,1,DGKC.KA
2021-02-10 00:00:00+05:00,113.47001246698838,119.00750140431511,112.20707275263996,117.06452178955078,9972070,0.0,0.0,0.0,0.035757258575524364,0.018202614206428505,3881737.35,111.79710693359375,0,10,2,2021,2,DGKC.KA
2021-02-11 00:00:00+05:00,117.55027174976645,125.83707897729971,117.16167432772194,123.08776092529297,31789216,0.0,0.0,0.0,0.05145230206099738,0.020972898835625853,5399167.9,112.45674858093261,0,11,2,2021,3,DGKC.KA
2021-02-12 00:00:00+05:00,122.99060839195742,129.20814465471025,122.40771598867288,127.36231994628906,16503439,0.0,0.0,0.0,0.03472773400753071,0.021262417843762572,6136669.35,113.41706657409668,0,12,2,2021,4,DGKC.KA
2021-02-15 00:00:00+05:00,130.25736752204867,136.3971759793934,128.96528417668162,133.8324432373047,15584765,0.0,0.0,0.0,0.05080092207604414,0.02306091624979469,6867689.45,114.71837730407715,0,15,2,2021,0,DGKC.KA
2021-02-16 00:00:00+05:00,135.03708992407599,139.41850383613854,134.21131761733892,137.44638061523438,14356305,0.0,0.0,0.0,0.027003447673159764,0.02308042373558117,7554647.85,116.21495742797852,0,16,2,2021,1,DGKC.KA
2021-02-17 00:00:00+05:00,138.92305106750132,138.92305106750132,133.49242626529207,134.02674865722656,11039708,0.0,0.0,0.0,-0.024879752691201684,0.024279955568792592,8057574.55,117.56678619384766,0,17,2,2021,2,DGKC.KA
2021-02-18 00:00:00+05:00,134.06559646524,134.06559646524,130.43221916651308,130.74310302734375,8091480,0.0,0.0,0.0,-0.024499927535217125,0.025585918707688133,8333946.7,118.71217308044433,0,18,2,2021,3,DGKC.KA
2021-02-19 00:00:00+05:00,131.6271604881634,135.52282931323094,130.74310119802388,131.94775390625,6744428,0.0,0.0,0.0,0.009213877068944276,0.025382051301876096,8607259.35,119.93819313049316,0,19,2,2021,4,DGKC.KA
2021-02-22 00:00:00+05:00,131.83115858955415,133.09409825305727,129.69388406411056,130.45164489746094,5067945,0.0,0.0,0.0,-0.011338647036402416,0.025798450169681658,8762542.85,120.99905929565429,0,22,2,2021,0,DGKC.KA
2021-02-23 00:00:00+05:00,131.2482804693366,132.11290581524972,128.7224010105693,129.23728942871094,3851000,0.0,0.0,0.0,-0.009308855167786678,0.026114489745264993,8609237.85,121.93266105651855,0,23,2,2021,1,DGKC.KA
2021-02-24 00:00:00+05:00,130.08248453158942,130.56822945489446,126.29368005931346,128.46009826660156,3248161,0.0,0.0,0.0,-0.006013675817133857,0.02625030970801834,8580079.15,122.8264316558838,0,24,2,2021,2,DGKC.KA
2021-02-25 00:00:00+05:00,130.08248028212307,132.99694972674502,128.6252455598121,131.76316833496094,3399829,0.0,0.0,0.0,0.02571280975906065,0.02653642536085398,8326887.7,123.8149227142334,0,25,2,2021,3,DGKC.KA
2021-02-26 00:00:00+05:00,132.60834938872972,135.52281860606442,131.63685964961815,132.30718994140625,5497643,0.0,0.0,0.0,0.004128783584365081,0.025096724502320318,7955338.35,124.57754211425781,0,26,2,2021,4,DGKC.KA
2021-03-01 00:00:00+05:00,132.3169087656032,133.9684384729632,128.2852319955398,131.36485290527344,3306140,0.0,0.0,0.0,-0.0071223418511884296,0.024691868680734006,7917996.0,125.39407920837402,0,1,3,2021,0,DGKC.KA
2021-03-02 00:00:00+05:00,131.35513837281536,133.43412588843526,130.85966910272703,131.3745574951172,1480847,0.0,0.0,0.0,7.387508628919903e-05,0.02445850724616364,7846401.85,126.26404762268066,0,2,3,2021,1,DGKC.KA
2021-03-03 00:00:00+05:00,132.07403075664732,134.06558774220696,131.05396353733556,133.162109375,2262347,0.0,0.0,0.0,0.013606530168135844,0.023780878280063266,7609038.7,127.03686752319337,0,3,3,2021,2,DGKC.KA
2021-03-04 00:00:00+05:00,128.7223992127658,132.2197684416347,127.67318844410512,128.25608825683594,4239482,0.0,0.0,0.0,-0.036842470738790545,0.024979220144730457,7619783.5,127.6877655029297,0,4,3,2021,3,DGKC.KA
2021-03-05 00:00:00+05:00,128.33380997507055,131.13169055086684,127.76061972046871,130.47108459472656,1866278,0.0,0.0,0.0,0.017270106768382254,0.025071635595235314,7713097.4,128.44941329956055,0,5,3,2021,4,DGKC.KA
2021-03-08 00:00:00+05:00,134.0655968357509,134.0655968357509,122.41743582368106,123.5540771484375,6041109,0.0,0.0,0.0,-0.05301563536299936,0.02808312135421683,7820271.3,128.9468158721924,0,8,3,2021,0,DGKC.KA
2021-03-09 00:00:00+05:00,123.86494502182319,124.77814777260879,114.29577232016004,114.51921081542969,10734525,0.0,0.0,0.0,-0.07312479313939069,0.03300487702677454,8253835.85,129.02162017822266,0,9,3,2021,1,DGKC.KA
2021-03-10 00:00:00+05:00,114.53865305583234,117.01594768853784,111.72133105129345,112.62481689453125,6654364,0.0,0.0,0.0,-0.016542149630699332,0.032182743585219865,8087950.55,128.79963493347168,0,10,3,2021,2,DGKC.KA
2021-03-11 00:00:00+05:00,111.8281944427863,116.23875914142259,111.08986009983894,111.85733795166016,3813232,0.0,0.0,0.0,-0.006814474500676071,0.029683403423943693,6689151.35,128.23811378479004,0,11,3,2021,3,DGKC.KA
2021-03-12 00:00:00+05:00,113.66430379605484,120.11499531597465,113.1785589080375,119.47381591796875,4991790,0.0,0.0,0.0,0.06809099971250965,0.03277181083718697,6113568.9,127.84368858337402,0,12,3,2021,4,DGKC.KA
2021-03-15 00:00:00+05:00,123.76780139452143,124.42841475175214,119.54182226765205,123.93295288085938,7604184,0.0,0.0,0.0,0.03732313167223422,0.031736412138121325,5714539.85,127.34871406555176,0,15,3,2021,0,DGKC.KA
2021-03-16 00:00:00+05:00,124.35070379394327,124.63242933477244,120.65903931030877,121.28079223632812,3251898,0.0,0.0,0.0,-0.021399963309845838,0.031139532296910025,5159319.5,126.54043464660644,0,16,3,2021,1,DGKC.KA
2021-03-17 00:00:00+05:00,122.6505907248857,124.7295783628364,121.53337594085744,123.26262664794922,3851239,0.0,0.0,0.0,0.01634087620205582,0.031172550778615277,4799896.05,126.00222854614258,0,17,3,2021,2,DGKC.KA
2021-03-18 00:00:00+05:00,123.8649530238069,124.73928793917749,117.65713361815233,120.70761108398438,2952116,0.0,0.0,0.0,-0.020728225849528825,0.031051350949322588,4542927.85,125.50045394897461,0,18,3,2021,3,DGKC.KA
2021-03-19 00:00:00+05:00,121.4362254892676,122.40771529318174,119.68754087747054,121.69852447509766,1761491,0.0,0.0,0.0,0.008209203895385153,0.031030464304220975,4293781.0,124.987992477417,0,19,3,2021,4,DGKC.KA
2021-03-22 00:00:00+05:00,121.43622956295853,123.23348427811447,118.0554416706989,120.6590347290039,1547741,0.0,0.0,0.0,-0.008541514784811133,0.030999918521072166,4117770.8,124.49836196899415,0,22,3,2021,0,DGKC.KA
2021-03-23 00:00:00+05:00,120.6590347290039,120.6590347290039,120.6590347290039,120.6590347290039,0,0.0,0.0,0.0,0.0,0.03097695770602849,3925220.8,124.06944923400879,0,23,3,2021,1,DGKC.KA
2021-03-24 00:00:00+05:00,121.19335663129225,122.50486642308269,119.59039692493538,121.36822509765625,1360090,0.0,0.0,0.0,0.005877639998075335,0.031029527280066114,3830817.25,123.71485557556153,0,24,3,2021,2,DGKC.KA
2021-03-25 00:00:00+05:00,122.39800729898133,124.22441300792829,122.39800729898133,122.8351821899414,2064692,0.0,0.0,0.0,0.01208682990218235,0.030525863973647045,3764060.4,123.26845626831054,0,25,3,2021,3,DGKC.KA
2021-03-26 00:00:00+05:00,123.8649508175319,123.8649508175319,119.98870854962705,120.35787200927734,1521170,0.0,0.0,0.0,-0.0201677576122562,0.03070779548325259,3565236.75,122.67099037170411,0,26,3,2021,4,DGKC.KA
2021-03-29 00:00:00+05:00,119.4932476052961,119.4932476052961,115.12154342461454,115.83073425292969,2525609,0.0,0.0,0.0,-0.037613973068572504,0.031600750892716155,3526210.2,121.89428443908692,0,29,3,2021,0,DGKC.KA
2021-03-30 00:00:00+05:00,115.830734349541,121.43622734244128,114.39292615657969,117.38511657714844,2057358,0.0,0.0,0.0,0.013419429085415047,0.03187095921376959,3555035.75,121.19481239318847,0,30,3,2021,1,DGKC.KA
2021-03-31 00:00:00+05:00,119.44467178633387,119.87212968388127,116.28732983480049,117.0742416381836,1654833,0.0,0.0,0.0,-0.002648333519867707,0.03157392977161202,3524660.05,120.39041900634766,0,31,3,2021,2,DGKC.KA
2021-04-01 00:00:00+05:00,116.87022740999042,117.55026731399745,113.66430806394796,114.35406494140625,793632,0.0,0.0,0.0,-0.023234630083567076,0.031014647919956038,3352367.55,119.69531784057617,0,1,4,2021,3,DGKC.KA
2021-04-02 00:00:00+05:00,115.02439514771896,115.41299255463984,112.8385430721529,114.16947937011719,1302450,0.0,0.0,0.0,-0.0016141583719270214,0.030576986540736702,3324176.15,118.8802375793457,0,2,4,2021,4,DGKC.KA
2021-04-05 00:00:00+05:00,115.12154201147271,115.41299191802551,111.81847518868335,112.13906860351562,1439979,0.0,0.0,0.0,-0.017784181707786617,0.028695186007161904,3094119.65,118.3094871520996,0,5,4,2021,0,DGKC.KA
2021-04-06 00:00:00+05:00,112.69282069226475,117.25881994521689,111.72133085871074,116.62735748291016,1977843,0.0,0.0,0.0,0.04002431030761944,0.025407153671674464,2656285.55,118.41489448547364,0,6,4,2021,1,DGKC.KA
2021-04-07 00:00:00+05:00,117.06452481144524,118.98807794094314,114.15977228771564,116.4427719116211,4606410,0.0,0.0,0.0,-0.001582695306425963,0.02507493245241158,2553887.85,118.60579223632813,0,7,4,2021,2,DGKC.KA
2021-04-08 00:00:00+05:00,117.06452586468923,121.33908264834834,117.06452586468923,120.95048522949219,3367453,0.0,0.0,0.0,0.038711834524966404,0.026274034275836727,2531598.9,119.06044960021973,0,8,4,2021,3,DGKC.KA
2021-04-09 00:00:00+05:00,121.7276807056494,124.35070032589707,121.43623078700885,122.79631805419922,3411988,0.0,0.0,0.0,0.015261061757666727,0.02178962992288884,2452608.8,119.22657470703125,0,9,4,2021,4,DGKC.KA
2021-04-12 00:00:00+05:00,122.59229889319404,123.37920325078758,119.9789889879706,120.71732330322266,1605214,0.0,0.0,0.0,-0.01693043231197655,0.02044337779634677,2152660.3,119.06579322814942,0,12,4,2021,0,DGKC.KA
2021-04-13 00:00:00+05:00,121.33907655792247,122.89345874344801,119.49324446991386,121.0087661743164,3932352,0.0,0.0,0.0,0.002414258891092924,0.01988566959756522,2186683.0,119.05219192504883,0,13,4,2021,1,DGKC.KA
2021-04-14 00:00:00+05:00,121.00876754791933,122.87403360360203,120.52302264618636,121.32936096191406,1723398,0.0,0.0,0.0,0.002649351759655527,0.019528699919898845,2080290.95,118.95552864074708,0,14,4,2021,2,DGKC.KA
2021-04-15 00:00:00+05:00,122.26199439730746,122.26199439730746,119.98871173841466,120.28987121582031,884928,0.0,0.0,0.0,-0.008567503676377708,0.019052845119824628,1976931.55,118.93464164733886,0,15,4,2021,3,DGKC.KA
2021-04-16 00:00:00+05:00,120.46473729530838,120.90190474816069,118.81320757133402,119.01721954345703,514100,0.0,0.0,0.0,-0.010579873928702854,0.019089870188216757,1914562.0,118.80057640075684,0,16,4,2021,4,DGKC.KA
2021-04-19 00:00:00+05:00,118.52175948794648,120.75618906599551,115.41299499071924,118.62862396240234,1158555,0.0,0.0,0.0,-0.0032650366270134956,0.019015618470975295,1895102.7,118.69905586242676,0,19,4,2021,0,DGKC.KA
2021-04-20 00:00:00+05:00,119.49325208744627,120.35787746488477,117.82228835203006,118.4537582397461,1099387,0.0,0.0,0.0,-0.0014740601114252572,0.019015712249853656,1950072.05,118.58879203796387,0,20,4,2021,1,DGKC.KA
2021-04-21 00:00:00+05:00,119.00750047255562,119.44466791770323,116.41362448600475,116.85079193115234,763363,0.0,0.0,0.0,-0.013532422545424083,0.019154415925892128,1920235.7,118.36292037963867,0,21,4,2021,2,DGKC.KA
2021-04-22 00:00:00+05:00,115.60728571476281,116.45248450549168,112.40136642346738,113.18827819824219,1347495,0.0,0.0,0.0,-0.031343508010352905,0.019951828530564895,1884375.85,117.88057518005371,0,22,4,2021,3,DGKC.KA
2021-04-23 00:00:00+05:00,112.78996238539247,113.16884280801864,111.28415766804913,112.49851989746094,779464,0.0,0.0,0.0,-0.006093902228755388,0.019592565687199113,1847290.55,117.48760757446288,0,23,4,2021,4,DGKC.KA
2021-04-26 00:00:00+05:00,112.49852280813388,118.52175665710394,110.74983818778566,115.0632553100586,2983618,0.0,0.0,0.0,0.02279794805243074,0.018639648794591648,1870191.0,117.44923362731933,0,26,4,2021,0,DGKC.KA
2021-04-27 00:00:00+05:00,115.11182602901489,115.21869050154558,112.20707355938382,112.72196197509766,2507904,0.0,0.0,0.0,-0.020347880204257263,0.018871935520792894,1892718.3,117.2160758972168,0,27,4,2021,1,DGKC.KA
2021-04-28 00:00:00+05:00,113.664310216568,114.24720263273866,111.72133055474633,112.14878845214844,899459,0.0,0.0,0.0,-0.0050848433872703325,0.018885172444105532,1854949.6,116.96980323791504,0,28,4,2021,2,DGKC.KA
2021-04-29 00:00:00+05:00,112.93569573724373,112.93569573724373,110.74984356168417,110.9732894897461,1223803,0.0,0.0,0.0,-0.01048160197382697,0.018337050259823653,1876458.15,116.80076446533204,0,29,4,2021,3,DGKC.KA
2021-04-30 00:00:00+05:00,111.60474565514286,111.61446262847764,106.6210056449797,107.47591400146484,1290670,0.0,0.0,0.0,-0.031515471014350815,0.01953998669480012,1875869.15,116.46608619689941,0,30,4,2021,4,DGKC.KA
2021-05-03 00:00:00+05:00,105.89238985927952,110.2640940277819,105.17348947134083,106.98046112060547,2926294,0.0,0.0,0.0,-0.004609896882129538,0.019229140616916936,1950184.9,116.20815582275391,0,3,5,2021,0,DGKC.KA
2021-05-04 00:00:00+05:00,106.57243178457965,108.11710447423029,105.115197034133,106.32955932617188,1611289,0.0,0.0,0.0,-0.006084305373294185,0.016469118737922412,1931857.2,115.69326591491699,0,4,5,2021,1,DGKC.KA
2021-05-05 00:00:00+05:00,107.44677656641319,108.56399138293109,106.32956174989529,107.41763305664062,1646981,0.0,0.0,0.0,0.010233031504729873,0.016787485324894574,1783885.75,115.24200897216797,0,5,5,2021,2,DGKC.KA
2021-05-06 00:00:00+05:00,107.64107472879996,108.6999950720259,105.16377272976742,107.90337371826172,805299,0.0,0.0,0.0,0.004521982544197112,0.013672530232923594,1655778.05,114.58965339660645,0,6,5,2021,3,DGKC.KA
2021-05-07 00:00:00+05:00,107.90337371826172,107.90337371826172,107.90337371826172,107.90337371826172,0,0.0,0.0,0.0,0.0,0.012847904106399364,1485178.65,113.84500617980957,0,7,5,2021,4,DGKC.KA
2021-05-10 00:00:00+05:00,107.90337371826172,107.90337371826172,107.90337371826172,107.90337371826172,0,0.0,0.0,0.0,0.0,0.012671657492927514,1404917.95,113.20430870056153,0,10,5,2021,0,DGKC.KA
2021-05-11 00:00:00+05:00,107.90337371826172,107.90337371826172,107.90337371826172,107.90337371826172,0,0.0,0.0,0.0,0.0,0.01260342983400794,1208300.35,112.54903907775879,0,11,5,2021,1,DGKC.KA
2021-05-12 00:00:00+05:00,107.90337371826172,107.90337371826172,107.90337371826172,107.90337371826172,0,0.0,0.0,0.0,0.0,0.012525413225388757,1122130.45,111.87773971557617,0,12,5,2021,2,DGKC.KA
2021-05-13 00:00:00+05:00,107.90337371826172,107.90337371826172,107.90337371826172,107.90337371826172,0,0.0,0.0,0.0,0.0,0.012571173681650484,1077884.05,111.25841484069824,0,13,5,2021,3,DGKC.KA
2021-05-14 00:00:00+05:00,107.90337371826172,107.90337371826172,107.90337371826172,107.90337371826172,0,0.0,0.0,0.0,0.0,0.012561804454074977,1052179.05,110.70272254943848,0,14,5,2021,4,DGKC.KA
2021-05-17 00:00:00+05:00,109.68119745569362,112.88710927705128,109.29260006198635,112.20706939697266,3085910,0.0,0.0,0.0,0.03988471843288233,0.016060183881803376,1148546.8,110.38164482116699,0,17,5,2021,0,DGKC.KA
2021-05-18 00:00:00+05:00,112.20707776569192,113.61573508457873,110.74984298951411,111.86705780029297,2371958,0.0,0.0,0.0,-0.0030302154624213262,0.016057923122815548,1212175.35,110.05230979919433,0,18,5,2021,1,DGKC.KA
2021-05-19 00:00:00+05:00,110.84698066511378,111.71160596270919,107.83536387704939,108.5154037475586,2007534,0.0,0.0,0.0,-0.029961045893580285,0.01703013066882991,1274383.9,109.63554039001465,0,19,5,2021,2,DGKC.KA
2021-05-20 00:00:00+05:00,106.86387956075943,109.68120150428254,106.76673206171637,109.35089111328125,784400,0.0,0.0,0.0,0.007699251321648948,0.015875801394770513,1246229.15,109.4436710357666,0,20,5,2021,3,DGKC.KA
2021-05-21 00:00:00+05:00,109.76863021562278,111.72132678519446,109.19545479242673,110.5555419921875,1354735,0.0,0.0,0.0,0.01101637916839926,0.016080788958011544,1274992.7,109.34652214050293,0,21,5,2021,4,DGKC.KA
2021-05-24 00:00:00+05:00,111.23557789842853,114.63579206999621,111.23557789842853,112.96482849121094,3149208,0.0,0.0,0.0,0.02179254387078755,0.016004698992852843,1283272.2,109.24160079956054,0,24,5,2021,0,DGKC.KA
2021-05-25 00:00:00+05:00,113.66431056925495,117.55026990495598,113.66431056925495,116.99652099609375,6626554,0.0,0.0,0.0,0.035689803266478526,0.017258178055970835,1489204.7,109.45532875061035,0,25,5,2021,1,DGKC.KA
2021-05-26 00:00:00+05:00,118.61890385408883,122.10655611250759,118.52175635584508,119.88184356689453,9278123,0.0,0.0,0.0,0.0246616099883612,0.01788552967929668,1908137.9,109.84198150634765,0,26,5,2021,2,DGKC.KA
2021-05-27 00:00:00+05:00,120.08585782740235,120.65903326628903,117.55026879191566,119.60011291503906,1874951,0.0,0.0,0.0,-0.002350069397275001,0.017641953997969303,1940695.3,110.2733226776123,0,27,5,2021,3,DGKC.KA
2021-05-28 00:00:00+05:00,119.49325104318726,119.97899596612704,117.55027135142812,118.0554428100586,3073318,0.0,0.0,0.0,-0.012915289687709275,0.016099735944787252,2029827.7,110.80229911804199,0,28,5,2021,4,DGKC.KA
2021-05-31 00:00:00+05:00,119.49324574524654,126.90571768426561,119.49324574524654,126.70169830322266,12848456,0.0,0.0,0.0,0.07323894000444486,0.022020180628405855,2525935.8,111.78836097717286,0,31,5,2021,0,DGKC.KA
2021-06-01 00:00:00+05:00,127.27487725305353,130.56822718280196,126.49769724829652,127.37203216552734,8357144,0.0,0.0,0.0,0.005290646228754081,0.02176308476222118,2863228.55,112.84048461914062,0,1,6,2021,1,DGKC.KA
2021-06-02 00:00:00+05:00,127.5080360401871,128.34351785976264,124.93359400392647,125.85650634765625,3163339,0.0,0.0,0.0,-0.011898419080741185,0.022269301164926723,2939046.45,113.7624282836914,0,2,6,2021,2,DGKC.KA
2021-06-03 00:00:00+05:00,126.24509776365456,127.75090993293891,125.32218540949901,125.73020935058594,2665171,0.0,0.0,0.0,-0.001003499943987296,0.022351221923813502,3032040.05,114.65377006530761,0,3,6,2021,3,DGKC.KA
2021-06-04 00:00:00+05:00,125.8176497561159,127.36232994038266,125.22504033290896,126.26454162597656,2858328,0.0,0.0,0.0,0.00424983206621965,0.022292230128064628,3174956.45,115.57182846069335,0,4,6,2021,4,DGKC.KA
2021-06-07 00:00:00+05:00,127.75091440923502,128.52810924871972,125.46790734770343,126.61427307128906,6027497,0.0,0.0,0.0,0.002769831029430847,0.022247699952775313,3476331.3,116.50737342834472,0,7,6,2021,0,DGKC.KA
2021-06-08 00:00:00+05:00,126.82798937976318,128.62523651666763,125.61362719654782,127.07086181640625,4997490,0.0,0.0,0.0,0.0036061396084476893,0.022191803784701817,3726205.8,117.46574783325195,0,8,6,2021,1,DGKC.KA
2021-06-09 00:00:00+05:00,127.26516410107601,128.3338088131073,125.22502958674642,125.5164794921875,6923101,0.0,0.0,0.0,-0.012232405619980291,0.022601360153475632,4072360.85,118.34640312194824,0,9,6,2021,2,DGKC.KA
2021-06-10 00:00:00+05:00,125.80793163806005,127.1485923327092,124.5935693635614,124.86558532714844,5015829,0.0,0.0,0.0,-0.0051857267481723035,0.022725265871682634,4323152.3,119.19451370239258,0,10,6,2021,3,DGKC.KA
2021-06-11 00:00:00+05:00,124.85587567331467,125.80793154516633,122.21342218005607,122.49514770507812,3567605,0.0,0.0,0.0,-0.018983914710044014,0.023443051235286685,4501532.55,119.92410240173339,0,11,6,2021,4,DGKC.KA
2021-06-14 00:00:00+05:00,125.31247853627703,126.77942284335207,122.4077186073744,125.1861801147461,7023458,0.0,0.0,0.0,0.021968481691592823,0.022425117613137573,4698409.95,120.57305793762207,0,14,6,2021,0,DGKC.KA
2021-06-15 00:00:00+05:00,126.05080885720224,130.16993118454184,124.90445794215175,126.85714721679688,8627487,0.0,0.0,0.0,0.013347855973552036,0.022387732184319695,5011186.4,121.32256240844727,0,15,6,2021,1,DGKC.KA
2021-06-16 00:00:00+05:00,127.2651705835747,127.69262849016062,123.8746730761782,124.19525909423828,2993552,0.0,0.0,0.0,-0.020983351596339017,0.021696686904597026,5060487.3,122.10655517578125,0,16,6,2021,2,DGKC.KA
2021-06-17 00:00:00+05:00,124.73928335765784,124.73928335765784,121.43622399451029,122.0093994140625,2609922,0.0,0.0,0.0,-0.017600186159418274,0.022379849165888123,5151763.4,122.7394805908203,0,17,6,2021,3,DGKC.KA
2021-06-18 00:00:00+05:00,122.40771645410098,125.1278908956104,122.40771645410098,123.6512222290039,3256045,0.0,0.0,0.0,0.01345652730712632,0.022416841067469946,5246828.9,123.39426460266114,0,18,6,2021,4,DGKC.KA
2021-06-21 00:00:00+05:00,123.37920286855977,124.20496770459563,121.43622329582655,121.7956771850586,1622745,0.0,0.0,0.0,-0.015006281462457527,0.022548889352931964,5170505.75,123.83580703735352,0,21,6,2021,0,DGKC.KA
2021-06-22 00:00:00+05:00,122.3105735348619,123.08776096733706,121.04763376575566,121.34880065917969,1507180,0.0,0.0,0.0,-0.003669067213279753,0.02132231978653933,4914537.05,124.05342102050781,0,22,6,2021,1,DGKC.KA
2021-06-23 00:00:00+05:00,121.92197780815145,122.40772273965803,120.07614558605056,120.40645599365234,1300182,0.0,0.0,0.0,-0.007765586972499294,0.020736310502506114,4515640.0,124.0796516418457,0,23,6,2021,2,DGKC.KA
2021-06-24 00:00:00+05:00,121.33908151338089,121.33908151338089,119.51267588540439,119.8138427734375,2769344,0.0,0.0,0.0,-0.0049217728013362105,0.02076232747955543,4560359.65,124.09033813476563,0,24,6,2021,3,DGKC.KA
2021-06-25 00:00:00+05:00,119.49324729274618,121.43622692352253,116.09303293888753,117.64741516113281,5998538,0.0,0.0,0.0,-0.01808161362791194,0.020966380768210183,4706620.65,124.06993675231934,0,25,6,2021,4,DGKC.KA
2021-06-28 00:00:00+05:00,116.67592625945608,117.55026858252839,114.05290670211825,114.49007415771484,3515303,0.0,0.0,0.0,-0.026837317242317638,0.013005461517393258,4239963.0,123.45935554504395,0,28,6,2021,0,DGKC.KA
2021-06-29 00:00:00+05:00,114.49007851751472,116.27762371407469,113.42144115390096,113.81975555419922,2195251,0.0,0.0,0.0,-0.0058548184936296765,0.01277930184328439,3931868.35,122.78174171447753,0,29,6,2021,1,DGKC.KA
2021-06-30 00:00:00+05:00,114.5872184591476,115.85015815854156,114.15005101575375,114.55807495117188,2384678,0.0,0.0,0.0,0.006486742071951435,0.012957200153943664,3892935.3,122.21682014465333,0,30,6,2021,2,DGKC.KA
2021-07-01 00:00:00+05:00,114.92724672856598,118.75491151460346,114.92724672856598,116.95765686035156,3066547,0.0,0.0,0.0,0.020946423115109525,0.014153321603275182,3913004.1,121.7781925201416,0,1,7,2021,3,DGKC.KA
2021-07-02 00:00:00+05:00,117.55027077864422,117.79314323893068,114.5483707272057,114.83981323242188,1898136,0.0,0.0,0.0,-0.01810778092500953,0.014388773254228769,3864994.5,121.20695610046387,0,2,7,2021,4,DGKC.KA
2021-07-05 00:00:00+05:00,115.58786528036583,115.59757484228466,111.7213324273069,112.12935638427734,1450507,0.0,0.0,0.0,-0.02360206597218073,0.014874883355855607,3636145.0,120.48271026611329,0,5,7,2021,0,DGKC.KA
2021-07-06 00:00:00+05:00,112.31393816596525,114.92724814153276,112.20707369330701,112.90654754638672,2340971,0.0,0.0,0.0,0.006931201490588013,0.015005332815023304,3503319.05,119.77449455261231,0,6,7,2021,1,DGKC.KA
2021-07-07 00:00:00+05:00,112.90654336552407,114.09176208247906,111.5755996992604,112.39165496826172,2404963,0.0,0.0,0.0,-0.004560342950115093,0.01492970170108945,3277412.15,119.11825332641601,0,7,7,2021,2,DGKC.KA
2021-07-08 00:00:00+05:00,113.54772608799459,115.6072871491808,112.74139518040231,115.24783325195312,3434342,0.0,0.0,0.0,0.025412725566662075,0.016443936464136187,3198337.8,118.63736572265626,0,8,7,2021,3,DGKC.KA
2021-07-09 00:00:00+05:00,115.24783261510018,115.58785997551614,112.76082109222521,113.21742248535156,1100344,0.0,0.0,0.0,-0.017617778220287317,0.01638057073138418,3074974.75,118.17347946166993,0,9,7,2021,4,DGKC.KA
2021-07-12 00:00:00+05:00,113.21742560386784,113.47001503482946,111.04129046141169,111.59503936767578,1754312,0.0,0.0,0.0,-0.014329800856274444,0.015353573371960513,2811517.45,117.49392242431641,0,12,7,2021,0,DGKC.KA
2021-07-13 00:00:00+05:00,111.81847381591797,112.5762346693976,111.71160934561915,111.81847381591797,782930,0.0,0.0,0.0,0.0020021897882578354,0.014816142855946396,2419289.6,116.74198875427246,0,13,7,2021,1,DGKC.KA
2021-07-14 00:00:00+05:00,112.59567414477328,113.0814190656637,111.04129188029982,111.46874237060547,870113,0.0,0.0,0.0,-0.003127671424743683,0.014409905158416158,2313117.65,116.10566291809081,0,14,7,2021,2,DGKC.KA
2021-07-15 00:00:00+05:00,111.7019048141478,112.20707626858903,110.84698901326058,111.36187744140625,547810,0.0,0.0,0.0,-0.0009586986174466849,0.014139737785620866,2210012.05,115.573286819458,0,15,7,2021,3,DGKC.KA
2021-07-16 00:00:00+05:00,111.7893304463449,113.16884417679094,111.67274900263494,112.00305938720703,944266,0.0,0.0,0.0,0.005757643104914001,0.013725010711252948,2094423.1,114.99087867736816,0,16,7,2021,4,DGKC.KA
2021-07-19 00:00:00+05:00,112.20707501468259,112.98426984100782,111.6727526450991,112.04192352294922,1140431,0.0,0.0,0.0,0.00034699173357255475,0.013555086607770534,2070307.4,114.5031909942627,0,19,7,2021,0,DGKC.KA
2021-07-20 00:00:00+05:00,112.04192352294922,112.04192352294922,112.04192352294922,112.04192352294922,0,0.0,0.0,0.0,0.0,0.013585699366631817,1994948.4,114.03784713745117,0,20,7,2021,1,DGKC.KA
2021-07-21 00:00:00+05:00,112.04192352294922,112.04192352294922,112.04192352294922,112.04192352294922,0,0.0,0.0,0.0,0.0,0.013580196854190669,1929939.3,113.61962051391602,0,21,7,2021,2,DGKC.KA
2021-07-22 00:00:00+05:00,112.04192352294922,112.04192352294922,112.04192352294922,112.04192352294922,0,0.0,0.0,0.0,0.0,0.013597769789649891,1791472.1,113.2310245513916,0,22,7,2021,3,DGKC.KA
2021-07-23 00:00:00+05:00,112.04192352294922,112.04192352294922,112.04192352294922,112.04192352294922,0,0.0,0.0,0.0,0.0,0.013154300383713366,1491545.2,112.95074996948242,0,23,7,2021,4,DGKC.KA
2021-07-26 00:00:00+05:00,110.55553926742621,111.47845158815397,107.83536493494633,108.9137191772461,1378011,0.0,0.0,0.0,-0.027919945028990756,0.013262133209088922,1384680.6,112.67193222045898,0,26,7,2021,0,DGKC.KA
2021-07-27 00:00:00+05:00,108.80686215946885,110.06980191714297,108.12682223572388,108.35997772216797,1046706,0.0,0.0,0.0,-0.0050842213383326396,0.01325271367596173,1327253.35,112.39894332885743,0,27,7,2021,1,DGKC.KA
2021-07-28 00:00:00+05:00,108.99144479410714,110.15722960818398,106.86387972594386,107.34962463378906,1107856,0.0,0.0,0.0,-0.009324042968792634,0.013167810038504018,1263412.25,112.03852081298828,0,28,7,2021,2,DGKC.KA
2021-07-29 00:00:00+05:00,107.49535151198825,108.21425191313666,105.99925627962914,106.77645111083984,1219591,0.0,0.0,0.0,-0.005339315576598724,0.011884141411961884,1171064.45,111.52946052551269,0,29,7,2021,3,DGKC.KA
2021-07-30 00:00:00+05:00,106.86387981304857,108.79714247252213,104.92090018008405,105.5329360961914,1752361,0.0,0.0,0.0,-0.011645966893557791,0.01157792667643307,1163775.7,111.06411666870117,0,30,7,2021,4,DGKC.KA
2021-08-02 00:00:00+05:00,105.89239017821542,107.72850534156626,105.64951772367823,106.90274047851562,889639,0.0,0.0,0.0,0.01297987560088032,0.011227957057417363,1135732.3,110.80278587341309,0,2,8,2021,0,DGKC.KA
2021-08-03 00:00:00+05:00,107.63135843133551,110.36124246347647,106.91245803729608,109.74920654296875,2337951,0.0,0.0,0.0,0.026626689378699053,0.01283161355579455,1135581.3,110.6449188232422,0,3,8,2021,1,DGKC.KA
2021-08-04 00:00:00+05:00,110.26409035341577,110.26409035341577,107.98109084609526,108.12681579589844,1543375,0.0,0.0,0.0,-0.014782710492172169,0.013165916079703131,1092501.9,110.43167686462402,0,4,8,2021,2,DGKC.KA
2021-08-05 00:00:00+05:00,108.32111371817464,108.60284665224829,107.11646843017758,107.68964385986328,1156183,0.0,0.0,0.0,-0.004043140758536401,0.011497470996624374,978593.95,110.05376739501953,0,5,8,2021,3,DGKC.KA
2021-08-06 00:00:00+05:00,108.18510859926373,108.18510859926373,106.36841993986107,106.51414489746094,738043,0.0,0.0,0.0,-0.010915617512228248,0.011151365482020977,960478.9,109.718603515625,0,6,8,2021,4,DGKC.KA
2021-08-09 00:00:00+05:00,107.20389597370699,107.25247342756414,103.36651429911528,103.75511169433594,1989722,0.0,0.0,0.0,-0.025902974724916317,0.012036067301967133,972249.4,109.32660713195801,0,9,8,2021,0,DGKC.KA
2021-08-10 00:00:00+05:00,103.94941140166047,104.33800881450979,101.96757126682013,103.37623596191406,1617491,0.0,0.0,0.0,-0.003651634374777113,0.011964573900159379,1013977.45,108.90449523925781,0,10,8,2021,1,DGKC.KA
2021-08-11 00:00:00+05:00,103.94940784772945,105.10548307316432,103.75511285388713,104.07569885253906,788122,0.0,0.0,0.0,0.006766186484896686,0.01219823473250553,1009877.9,108.53484306335449,0,11,8,2021,2,DGKC.KA
2021-08-12 00:00:00+05:00,104.72660622735913,104.75574973624397,103.02649903153758,103.37623596191406,347336,0.0,0.0,0.0,-0.006720712888183877,0.012206712255144097,999854.2,108.13556098937988,0,12,8,2021,3,DGKC.KA
2021-08-13 00:00:00+05:00,103.46367126492794,103.47338823896452,101.8218510110821,102.18130493164062,569106,0.0,0.0,0.0,-0.01155904951611586,0.012118674836025996,981096.2,107.64447326660157,0,13,8,2021,4,DGKC.KA
2021-08-16 00:00:00+05:00,102.00643431919693,102.43389222528829,100.06345461787889,100.64634704589844,840429,0.0,0.0,0.0,-0.015021905296365823,0.012280771638823766,966096.1,107.07469444274902,0,16,8,2021,0,DGKC.KA
2021-08-17 00:00:00+05:00,100.64634055911036,102.49217263877208,100.64634055911036,102.22987365722656,615509,0.0,0.0,0.0,0.0157335726313641,0.013112363540109993,996871.55,106.58409194946289,0,17,8,2021,1,DGKC.KA
2021-08-18 00:00:00+05:00,102.22987365722656,102.22987365722656,102.22987365722656,102.22987365722656,0,0.0,0.0,0.0,0.0,0.013112363540109993,996871.55,106.09348945617675,0,18,8,2021,2,DGKC.KA
2021-08-19 00:00:00+05:00,102.22987365722656,102.22987365722656,102.22987365722656,102.22987365722656,0,0.0,0.0,0.0,0.0,0.013112363540109993,996871.55,105.60288696289062,0,19,8,2021,3,DGKC.KA
2021-08-20 00:00:00+05:00,103.43452497265157,109.89493392362792,102.50189561097086,109.65206146240234,4108518,0.0,0.0,0.0,0.07260292456256123,0.021675092218844928,1202297.45,105.48339385986328,0,20,8,2021,4,DGKC.KA
2021-08-23 00:00:00+05:00,110.26409200866588,112.93568895160712,109.97264210468434,110.74011993408203,5439750,0.0,0.0,0.0,0.0099228273246168,0.02082358901041362,1405384.4,105.57471389770508,0,23,8,2021,0,DGKC.KA
2021-08-24 00:00:00+05:00,110.50696326892803,111.4881700291035,107.84508332793004,108.23368072509766,2633006,0.0,0.0,0.0,-0.0226335244216489,0.021455052996061458,1484699.4,105.56839904785156,0,24,8,2021,1,DGKC.KA
2021-08-25 00:00:00+05:00,108.23368729314817,108.90401024676432,104.92090336081301,105.46493530273438,2167682,0.0,0.0,0.0,-0.025581181419817023,0.02213039929120843,1537690.7,105.47416458129882,0,25,8,2021,2,DGKC.KA
2021-08-26 00:00:00+05:00,105.39692535966424,106.28098462725497,102.00642806409793,102.15215301513672,2560331,0.0,0.0,0.0,-0.03141122002387242,0.023164379128773928,1604727.7,105.24294967651367,0,26,8,2021,3,DGKC.KA
2021-08-27 00:00:00+05:00,102.47274467560102,103.4539440112944,101.03493654811275,102.909912109375,1429748,0.0,0.0,0.0,0.007417945406652304,0.023137129677211016,1588597.05,105.11179847717285,0,27,8,2021,4,DGKC.KA
2021-08-30 00:00:00+05:00,102.87105610806593,104.53230280536948,102.73504812666418,104.16313934326172,761836,0.0,0.0,0.0,0.012177905978141057,0.023112292041118133,1582206.9,104.97481842041016,0,30,8,2021,0,DGKC.KA
2021-08-31 00:00:00+05:00,104.44486979658139,105.79524001688142,103.46366302961295,103.89112091064453,1237057,0.0,0.0,0.0,-0.002611465383361544,0.022175317789901217,1527162.2,104.68191413879394,0,31,8,2021,1,DGKC.KA
2021-09-01 00:00:00+05:00,103.89112411659056,104.3282915724968,102.78362631054088,103.00706481933594,541687,0.0,0.0,0.0,-0.00850944800248099,0.022036530157222366,1477077.8,104.42592658996583,0,1,9,2021,2,DGKC.KA
2021-09-02 00:00:00+05:00,103.07506379100373,103.07506379100373,100.06344696661722,100.27717590332031,3205764,0.0,0.0,0.0,-0.02650195810164646,0.022697862460326134,1579556.85,104.05530319213867,0,2,9,2021,3,DGKC.KA
2021-09-03 00:00:00+05:00,100.38404664523762,101.26809854281122,99.09196338305848,99.95658874511719,1007073,0.0,0.0,0.0,-0.0031970102400192824,0.02262742700395046,1593008.35,103.72742538452148,0,3,9,2021,4,DGKC.KA
2021-09-06 00:00:00+05:00,100.53947702801135,101.81213370230849,99.38340920952326,99.81085968017578,943765,0.0,0.0,0.0,-0.0014579235523233258,0.021972156236487704,1540710.5,103.53021278381348,0,6,9,2021,0,DGKC.KA
2021-09-07 00:00:00+05:00,99.82057519582453,100.54919253302033,96.27463600576255,97.75130462646484,2209191,0.0,0.0,0.0,-0.020634578845532214,0.022375533495134624,1570295.5,103.24896621704102,0,7,9,2021,1,DGKC.KA
2021-09-08 00:00:00+05:00,98.16905415707835,98.98510208875328,95.69175202814613,95.9637680053711,1448129,0.0,0.0,0.0,-0.018286575590212628,0.02252664414144877,1603295.85,102.84336967468262,0,8,9,2021,2,DGKC.KA
2021-09-09 00:00:00+05:00,96.95468872174916,98.10104702617281,95.41001602635326,96.21635437011719,1298285,0.0,0.0,0.0,0.002632101364881345,0.022560171764609865,1650843.3,102.48537559509278,0,9,9,2021,3,DGKC.KA
2021-09-10 00:00:00+05:00,96.66324189949398,99.43198654187746,96.17749696532567,98.703369140625,2185154,0.0,0.0,0.0,0.02584815010700736,0.023379185034773178,1731645.7,102.311478805542,0,10,9,2021,4,DGKC.KA
2021-09-13 00:00:00+05:00,99.23768651754561,99.23768651754561,97.63472683342695,97.79016876220703,700691,0.0,0.0,0.0,-0.009251967651852988,0.023238402988101956,1724658.8,102.16866989135742,0,13,9,2021,0,DGKC.KA
2021-09-14 00:00:00+05:00,98.12047988672097,98.12047988672097,92.77728543744408,94.15679931640625,2636876,0.0,0.0,0.0,-0.03715475176892191,0.02420086035925331,1825727.15,101.7650161743164,0,14,9,2021,1,DGKC.KA
2021-09-15 00:00:00+05:00,94.62311128675996,94.72025878775618,90.4457020370098,91.36862182617188,3037208,0.0,0.0,0.0,-0.029612067428767763,0.02485120507276165,1977587.55,101.22195358276367,0,15,9,2021,2,DGKC.KA
2021-09-16 00:00:00+05:00,91.37833433865302,91.56291978482173,89.95996002504577,90.93144989013672,1200642,0.0,0.0,0.0,-0.004784705375844189,0.024820387029336578,2037619.65,100.65703239440919,0,16,9,2021,3,DGKC.KA
2021-09-17 00:00:00+05:00,92.04866272512449,93.16587752817468,89.9696750517765,91.13545989990234,2213272,0.0,0.0,0.0,0.0022435583069675413,0.016874352901833863,1942857.35,99.73120231628418,0,17,9,2021,4,DGKC.KA
2021-09-20 00:00:00+05:00,91.12574676548141,91.46576671519789,89.38677912335544,90.91201782226562,1137854,0.0,0.0,0.0,-0.0024517578325948808,0.01636036049395895,1727762.55,98.73979721069335,0,20,9,2021,0,DGKC.KA
2021-09-21 00:00:00+05:00,90.83429889514062,91.36862126515783,86.94833958411856,87.70610046386719,2978562,0.0,0.0,0.0,-0.03526395558248474,0.017112833637378335,1745040.35,97.71341819763184,0,21,9,2021,1,DGKC.KA
2021-09-22 00:00:00+05:00,88.16270024588938,88.308425199746,83.06237874406108,86.46259307861328,2509060,0.0,0.0,0.0,-0.01417811735645691,0.01676399960795642,1762109.25,96.76330108642578,0,22,9,2021,2,DGKC.KA
2021-09-23 00:00:00+05:00,87.04548948360862,87.43408690779692,83.54812748967262,85.23851776123047,1531586,0.0,0.0,0.0,-0.014157282054562792,0.01601793691885857,1710672.0,95.91761932373046,0,23,9,2021,3,DGKC.KA
2021-09-24 00:00:00+05:00,85.95742348404741,85.95742348404741,81.89659569512887,83.51898193359375,2422077,0.0,0.0,0.0,-0.02017322535398225,0.015725260575359022,1760288.45,94.94807281494141,0,24,9,2021,4,DGKC.KA
2021-09-27 00:00:00+05:00,83.5481225662777,85.46195865282446,80.92510307836707,83.50926208496094,1377362,0.0,0.0,0.0,-0.00011637891659810329,0.015026493734410878,1791064.75,93.91537895202637,0,27,9,2021,0,DGKC.KA
2021-09-28 00:00:00+05:00,83.06237780459948,84.51961250292578,81.60514310627318,83.69384765625,1851665,0.0,0.0,0.0,0.002210360463983818,0.015203791895269027,1821795.15,92.90551528930663,0,28,9,2021,1,DGKC.KA
2021-09-29 00:00:00+05:00,83.1595237456391,83.45097364460096,77.96205490126394,81.00281524658203,3904241,0.0,0.0,0.0,-0.03215328826463637,0.01593124547430217,1989922.85,91.80530281066895,0,29,9,2021,2,DGKC.KA
2021-09-30 00:00:00+05:00,80.6336585044281,87.07463361789075,80.1381965997373,85.89913177490234,4605588,0.0,0.0,0.0,0.060446251323677425,0.02230352631091935,2059914.05,91.08640060424804,0,30,9,2021,3,DGKC.KA
2021-10-01 00:00:00+05:00,86.26829978394956,86.26829978394956,83.06238038334932,84.15045166015625,1948008,0.0,0.0,0.0,-0.020357366583500403,0.02245983601599524,2106960.8,90.29609375,0,1,10,2021,4,DGKC.KA
2021-10-04 00:00:00+05:00,83.41211355285337,84.85963125752096,82.0908868519894,83.927001953125,1714428,0.0,0.0,0.0,-0.0026553595687597298,0.02244213430529914,2145493.95,89.50190086364746,0,4,10,2021,0,DGKC.KA
2021-10-05 00:00:00+05:00,83.64526977371203,84.13101467066957,79.17641820407849,79.58444213867188,3143287,0.0,0.0,0.0,-0.05174210579901972,0.024333506672255305,2192198.75,88.59355773925782,0,5,10,2021,1,DGKC.KA
2021-10-06 00:00:00+05:00,79.11813276579603,79.46786969152924,75.60133697342502,78.27293395996094,3129254,0.0,0.0,0.0,-0.01647945431879383,0.024304251183959243,2276255.0,87.70901603698731,0,6,10,2021,2,DGKC.KA
2021-10-07 00:00:00+05:00,81.60514721326957,84.02415485890813,80.9251072845774,81.65372467041016,4787839,0.0,0.0,0.0,0.04319233404715095,0.02694954304713895,2450732.7,86.98088455200195,0,7,10,2021,3,DGKC.KA
2021-10-08 00:00:00+05:00,81.70229065638078,81.98402358766404,79.41929110990904,79.6913070678711,737543,0.0,0.0,0.0,-0.02403341195346853,0.02595872030548268,2378352.15,86.03028144836426,0,8,10,2021,4,DGKC.KA
2021-10-11 00:00:00+05:00,79.85646200642528,80.6239398706346,75.77620763688327,76.80598449707031,949914,0.0,0.0,0.0,-0.03620623976393589,0.026592126040507758,2390813.3,84.98107223510742,0,11,10,2021,0,DGKC.KA
2021-10-12 00:00:00+05:00,76.16480580274725,81.16798001790262,74.3189736034236,78.8364028930664,3653645,0.0,0.0,0.0,0.02643567958006643,0.02717994301062144,2441651.75,84.21505241394043,0,12,10,2021,1,DGKC.KA
2021-10-13 00:00:00+05:00,78.8849699042368,80.14790962674317,75.67905796629452,76.08708190917969,878102,0.0,0.0,0.0,-0.034873749727215464,0.027419541407658374,2333696.45,83.45097541809082,0,13,10,2021,2,DGKC.KA
2021-10-14 00:00:00+05:00,76.35910065544009,80.0896255300908,75.77620822836698,79.4678726196289,4241560,0.0,0.0,0.0,0.04443317611371467,0.029891808267381262,2485742.35,82.87779655456544,0,14,10,2021,3,DGKC.KA
2021-10-15 00:00:00+05:00,79.66216468995289,81.02225191093765,78.26321698701095,79.0889892578125,2180238,0.0,0.0,0.0,-0.00476775518617345,0.029827455729208842,2484090.65,82.27547302246094,0,15,10,2021,4,DGKC.KA
2021-10-18 00:00:00+05:00,77.50543611421882,79.12832306320567,76.91528721925461,77.66280364990234,1267935,1.0,0.0,0.0,-0.018032669544696178,0.029915526423516955,2490594.7,81.61301231384277,0,18,10,2021,0,DGKC.KA
2021-10-19 00:00:00+05:00,77.66280364990234,77.66280364990234,77.66280364990234,77.66280364990234,0,0.0,0.0,0.0,0.0,0.02921939224651807,2341666.6,81.11084747314453,0,19,10,2021,1,DGKC.KA
2021-10-20 00:00:00+05:00,78.68572232916353,83.35768709245761,78.68572232916353,82.09871673583984,3213942,0.0,0.0,0.0,0.057117601702022514,0.03231103859849047,2376910.7,80.89265365600586,0,20,10,2021,2,DGKC.KA
2021-10-21 00:00:00+05:00,82.62000505319897,83.35768366974538,79.66929058701328,80.19058227539062,1515525,0.0,0.0,0.0,-0.023241952326597426,0.0325524821343852,2376107.65,80.64025688171387,0,21,10,2021,3,DGKC.KA
2021-10-22 00:00:00+05:00,81.63643462106737,84.34125625007863,79.87584073296979,80.5250015258789,2932059,0.0,0.0,0.0,0.004170305801494578,0.03231307856252594,2401606.75,80.49055786132813,0,22,10,2021,4,DGKC.KA
2021-10-25 00:00:00+05:00,78.89226923151115,80.63319499136377,78.89226923151115,80.5250015258789,528159,0.0,0.0,0.0,0.0,0.03231331960414085,2359146.6,80.34134483337402,0,25,10,2021,0,DGKC.KA
2021-10-26 00:00:00+05:00,79.66929595326394,80.16108173075322,78.68572439828537,78.91194915771484,631924,0.0,0.0,0.0,-0.020031696213574923,0.03256692249918734,2298159.55,80.10224990844726,0,26,10,2021,1,DGKC.KA
2021-10-27 00:00:00+05:00,79.9053484816943,82.37411510723771,79.9053484816943,81.78397369384766,1537749,0.0,0.0,0.0,0.03639530599342744,0.032880726425170904,2179834.95,80.14130783081055,0,27,10,2021,2,DGKC.KA
2021-10-28 00:00:00+05:00,82.12822244217362,85.07893702093435,82.12822244217362,83.13146209716797,2018858,0.0,0.0,0.0,0.01647619139129297,0.0300435407309377,2050498.45,80.00292434692383,0,28,10,2021,3,DGKC.KA
2021-10-29 00:00:00+05:00,83.60357928481952,87.29197248856154,82.07904042565073,86.52478790283203,4911064,0.0,0.0,0.0,0.04081879134638311,0.03108761060438018,2198651.25,80.12164115905762,0,29,10,2021,4,DGKC.KA
2021-11-01 00:00:00+05:00,89.50501164933749,93.00652398948635,89.50501164933749,91.40330505371094,8588224,0.0,0.0,0.0,0.05638288482553144,0.03335752130255307,2542341.05,80.49545631408691,0,1,11,2021,0,DGKC.KA
2021-11-02 00:00:00+05:00,93.04586473360554,97.078506483969,92.8589912466745,94.25566101074219,7536424,0.0,0.0,0.0,0.031206267162386947,0.03103301308350102,2761997.9,81.22901725769043,0,2,11,2021,1,DGKC.KA
2021-11-03 00:00:00+05:00,93.94091648604211,95.15070523417894,92.94750716546626,93.73436737060547,1753605,0.0,0.0,0.0,-0.005530634813301072,0.03065511888110697,2693215.45,82.00208892822266,0,3,11,2021,2,DGKC.KA
2021-11-04 00:00:00+05:00,93.24258642737617,93.3311042653907,91.02955042834719,91.99344635009766,2146158,0.0,0.0,0.0,-0.018572921217087757,0.030189406395589983,2561131.4,82.51907501220703,0,4,11,2021,3,DGKC.KA
2021-11-05 00:00:00+05:00,91.47215535440547,96.75393734891017,91.12790680818387,93.65568542480469,3554627,0.0,0.0,0.0,0.01806910318786281,0.029412974234709423,2701985.6,83.21729393005371,0,5,11,2021,4,DGKC.KA
2021-11-08 00:00:00+05:00,94.5212217857065,94.90481407905266,91.47215156759762,92.02294921875,1451549,0.0,0.0,0.0,-0.01743339124206822,0.028184677572256307,2727067.35,83.9781421661377,0,8,11,2021,0,DGKC.KA
2021-11-09 00:00:00+05:00,92.24917244507215,92.24917244507215,86.84936697845221,88.9935531616211,2282718,0.0,0.0,0.0,-0.03292000618158475,0.029400873676949896,2658521.0,84.48599967956542,0,9,11,2021,1,DGKC.KA
2021-11-10 00:00:00+05:00,90.4885794717539,90.4885794717539,88.54110456829493,89.32796478271484,680919,0.0,0.0,0.0,0.003757706139527084,0.027764256039870146,2648661.85,85.14804382324219,0,10,11,2021,2,DGKC.KA
2021-11-11 00:00:00+05:00,89.99679440313605,90.97052811029683,87.68540282364796,88.16735076904297,763456,0.0,0.0,0.0,-0.0129927287215712,0.02679581493139379,2474756.65,85.5830177307129,0,11,11,2021,3,DGKC.KA
2021-11-12 00:00:00+05:00,87.69523851712002,88.46242308625402,83.90848223994803,84.67566680908203,1417812,0.0,0.0,0.0,-0.03960291343115785,0.02857446588286631,2436635.35,85.86235160827637,0,12,11,2021,4,DGKC.KA
2021-11-15 00:00:00+05:00,84.78386451083429,86.94772642077803,83.62324978300737,84.39044189453125,582198,0.0,0.0,0.0,-0.0033684401351556925,0.028169990863966373,2402348.5,86.19873352050782,0,15,11,2021,0,DGKC.KA
2021-11-16 00:00:00+05:00,85.02975903420396,88.96404530538157,85.02975903420396,88.47225952148438,1482540,0.0,0.0,0.0,0.048368245684202726,0.029789820506727176,2476475.5,86.73920631408691,0,16,11,2021,1,DGKC.KA
2021-11-17 00:00:00+05:00,88.22636313192359,88.22636313192359,84.48879582490888,84.92156219482422,1292862,0.0,0.0,0.0,-0.040133453648235506,0.02909970902655078,2380421.5,86.88034858703614,0,17,11,2021,2,DGKC.KA
2021-11-18 00:00:00+05:00,85.07893679431736,86.30840119885951,82.22657787496851,85.19696807861328,1040976,0.0,0.0,0.0,0.0032430619111460945,0.02848228725082414,2356694.05,87.13066787719727,0,18,11,2021,3,DGKC.KA
2021-11-19 00:00:00+05:00,85.77727189221086,86.84936875778753,82.96425672719072,86.5444564819336,1426925,0.0,0.0,0.0,0.015816154420858597,0.028617263794280378,2281437.35,87.431640625,0,19,11,2021,4,DGKC.KA
2021-11-22 00:00:00+05:00,83.8593142609224,86.54446044800406,82.22658185079784,82.531494140625,1074735,0.0,0.0,0.0,-0.04636879708345398,0.030756494473221662,2308766.15,87.5319652557373,0,22,11,2021,0,DGKC.KA
2021-11-23 00:00:00+05:00,82.62984364793846,83.21014722981081,77.40707389081224,78.43982696533203,1678796,0.0,0.0,0.0,-0.04957703986700157,0.03251352290762672,2361109.75,87.50835914611817,0,23,11,2021,1,DGKC.KA
2021-11-24 00:00:00+05:00,78.18409648035089,78.43982717163836,76.32514694457001,77.2595443725586,1205706,0.0,0.0,0.0,-0.0150469810864714,0.03151915108771422,2344507.6,87.28213768005371,0,24,11,2021,2,DGKC.KA
2021-11-25 00:00:00+05:00,80.01354291902616,80.01354291902616,73.8662208216201,75.8825454711914,842825,0.0,0.0,0.0,-0.01782302643058653,0.031372503522653444,2285705.95,86.91969184875488,0,25,11,2021,3,DGKC.KA
2021-11-26 00:00:00+05:00,75.73501148529402,77.19070072212051,72.341692543744,74.6727523803711,1639922,0.0,0.0,0.0,-0.015942969273211927,0.0296146883603909,2122148.85,86.32709007263183,0,26,11,2021,4,DGKC.KA
2021-11-29 00:00:00+05:00,73.83671731196767,79.6201154305333,72.04661735831243,78.21360778808594,1937225,0.0,0.0,0.0,0.04741830580555395,0.02865849831653061,1789598.9,85.66760520935058,0,29,11,2021,0,DGKC.KA
2021-11-30 00:00:00+05:00,80.15123963557849,80.89875607859516,77.01365164543965,79.34471130371094,2254068,0.0,0.0,0.0,0.01446172280774527,0.02770075054462795,1525481.1,84.92205772399902,0,30,11,2021,1,DGKC.KA
2021-12-01 00:00:00+05:00,79.92502344855028,83.9970089222881,79.92502344855028,82.6495132446289,2233630,0.0,0.0,0.0,0.04165119371684445,0.029865359586163893,1549482.35,84.3678150177002,0,1,12,2021,2,DGKC.KA
2021-12-02 00:00:00+05:00,82.32493487772003,82.32493487772003,76.45301908865729,76.49235534667969,2674685,0.0,0.0,0.0,-0.07449720701590878,0.033514380402332296,1575908.7,83.5927604675293,0,2,12,2021,3,DGKC.KA
2021-12-03 00:00:00+05:00,74.25964946199345,77.25954558757684,70.81714915580832,72.11546325683594,2192947,0.0,0.0,0.0,-0.05721999368442432,0.03456752575868954,1507824.7,82.51574935913087,0,3,12,2021,4,DGKC.KA
2021-12-06 00:00:00+05:00,74.7514393269753,75.73501089706707,71.30893883165406,72.56790924072266,565865,0.0,0.0,0.0,0.006273910801562144,0.034791968362178315,1463540.5,81.54299736022949,0,6,12,2021,0,DGKC.KA
2021-12-07 00:00:00+05:00,72.58758012149327,75.63665028831913,72.56790448910866,74.16129302978516,1483873,0.0,0.0,0.0,0.02195714063880394,0.035153021996153354,1423598.25,80.8013843536377,0,7,12,2021,1,DGKC.KA
2021-12-08 00:00:00+05:00,74.50554175492042,75.1448647361367,71.90891357329116,72.39086151123047,523882,0.0,0.0,0.0,-0.02387271642962907,0.03518963234726929,1415746.4,79.95452919006348,0,8,12,2021,2,DGKC.KA
2021-12-09 00:00:00+05:00,71.80071910913459,72.78429060378026,67.86643313055187,68.7909927368164,2310285,0.0,0.0,0.0,-0.04972822120448994,0.036302727788524405,1493087.85,78.98571128845215,0,9,12,2021,3,DGKC.KA
2021-12-10 00:00:00+05:00,69.72538369149234,70.32536291246856,66.04682834797556,68.68280029296875,1309738,0.0,0.0,0.0,-0.0015727704971723044,0.03575613022819088,1487684.15,78.18606796264649,0,10,12,2021,4,DGKC.KA
2021-12-13 00:00:00+05:00,67.86643273721764,69.34178997063542,66.89269906429729,67.29595947265625,825711,0.0,0.0,0.0,-0.020191966757279634,0.03579477815322025,1499859.8,77.33134384155274,0,13,12,2021,0,DGKC.KA
2021-12-14 00:00:00+05:00,68.75165180395906,70.71879487414927,66.41074674783732,69.9417724609375,1240350,0.0,0.0,0.0,0.039316074977076454,0.035059054845134635,1487750.3,76.40481948852539,0,14,12,2021,1,DGKC.KA
2021-12-15 00:00:00+05:00,73.75802791567074,75.18421115559387,72.88264984263928,75.16453552246094,2724454,0.0,0.0,0.0,0.07467301553503458,0.03920713347430001,1559329.9,75.91696815490722,0,15,12,2021,2,DGKC.KA
2021-12-16 00:00:00+05:00,75.34158014842153,75.34158014842153,72.88265124342047,73.43345642089844,1348031,0.0,0.0,0.0,-0.023030530150022877,0.03934392925001828,1574682.65,75.32879257202148,0,16,12,2021,3,DGKC.KA
2021-12-17 00:00:00+05:00,73.2564105076143,76.17761163440818,72.04661422968647,74.515380859375,1426544,0.0,0.0,0.0,0.0147333993415113,0.039312098493409935,1574663.6,74.72733879089355,0,17,12,2021,4,DGKC.KA
2021-12-20 00:00:00+05:00,73.27608210136339,77.7021541746001,73.27608210136339,76.73825073242188,1394081,0.0,0.0,0.0,0.029831020755860527,0.03895808441280968,1590630.9,74.4376766204834,0,20,12,2021,0,DGKC.KA
2021-12-21 00:00:00+05:00,77.16118710064356,78.08574678296277,75.40060058396959,75.70550537109375,1405232,0.0,0.0,0.0,-0.013458025840713983,0.03749041204544407,1576952.7,74.30096054077148,0,21,12,2021,1,DGKC.KA
2021-12-22 00:00:00+05:00,75.73500618623697,76.52186639498875,74.99732755455285,75.65631866455078,607458,0.0,0.0,0.0,-0.0006497110917080828,0.0373465337789388,1547040.3,74.22079925537109,0,22,12,2021,2,DGKC.KA
2021-12-23 00:00:00+05:00,75.24322291851585,77.55461454003827,75.24322291851585,75.90221405029297,619848,0.0,0.0,0.0,0.0032501632392722968,0.03712523147848927,1535891.45,74.22178268432617,0,23,12,2021,3,DGKC.KA
2021-12-24 00:00:00+05:00,76.21695320978503,76.71857677444565,74.65307813132927,75.46944427490234,789846,0.0,0.0,0.0,-0.005701675251579275,0.036954263942142684,1493387.65,74.26161727905273,0,24,12,2021,4,DGKC.KA
2021-12-27 00:00:00+05:00,75.43993568374839,76.95463678730506,75.24322437328355,76.25630187988281,814657,0.0,0.0,0.0,0.010426174626571916,0.03541185077101409,1437259.25,74.16375198364258,0,27,12,2021,0,DGKC.KA
2021-12-28 00:00:00+05:00,75.439935407162,78.68572454631988,75.439935407162,77.73165893554688,1433779,0.0,0.0,0.0,0.01934734598050669,0.035538334416493934,1396244.8,74.08309936523438,0,28,12,2021,1,DGKC.KA
2021-12-29 00:00:00+05:00,77.75133128146439,80.2102600695682,76.81693383955187,79.5315933227539,2628191,0.0,0.0,0.0,0.023155743899657244,0.034614493545108316,1415972.85,73.92720336914063,0,29,12,2021,2,DGKC.KA
2021-12-30 00:00:00+05:00,81.13481151296284,82.61016877349319,80.06272217225724,80.69220733642578,2458759,0.0,0.0,0.0,0.014593119101259378,0.030150105302085038,1405176.55,74.13719596862794,0,30,12,2021,3,DGKC.KA
2021-12-31 00:00:00+05:00,80.65286347891549,82.62000649059635,80.26927119196213,81.57742309570312,1606287,0.0,0.0,0.0,0.010970275674659247,0.026617757641939896,1375843.55,74.61029396057128,0,31,12,2021,4,DGKC.KA
2022-01-03 00:00:00+05:00,81.14464856953403,82.81671711419334,81.14464856953403,82.44296264648438,752995,0.0,0.0,0.0,0.010610037899405622,0.026633335946064023,1385200.05,75.10404663085937,0,3,1,2022,0,DGKC.KA
2022-01-04 00:00:00+05:00,83.11179193079855,84.08552561678137,82.81671747853464,83.4953842163086,1591233,0.0,0.0,0.0,0.012765450634482978,0.02643536984455904,1390568.05,75.57075119018555,0,4,1,2022,1,DGKC.KA
2022-01-05 00:00:00+05:00,83.1216289196834,83.1216289196834,81.74462732958159,82.2757568359375,543717,0.0,0.0,0.0,-0.01460712339752157,0.02595610041072181,1391559.8,76.0649959564209,0,5,1,2022,2,DGKC.KA
2022-01-06 00:00:00+05:00,81.73479188128464,81.73479188128464,79.37421873044919,79.69879913330078,637225,0.0,0.0,0.0,-0.03132098447633025,0.024109210490697672,1307906.8,76.61038627624512,0,6,1,2022,3,DGKC.KA
2022-01-07 00:00:00+05:00,79.17750844635843,80.16107997985357,78.78407833214932,79.59060668945312,216836,0.0,0.0,0.0,-0.001357516612850107,0.024104921019336836,1253261.7,77.15577659606933,0,7,1,2022,4,DGKC.KA
2022-01-10 00:00:00+05:00,79.66929049229523,82.0790376351933,79.17750474851563,80.78072357177734,947613,0.0,0.0,0.0,0.014952981662369025,0.02323229608273561,1259356.8,77.83001480102538,0,10,1,2022,0,DGKC.KA
2022-01-11 00:00:00+05:00,81.61676948433168,81.73479326623743,79.81683176971582,80.64302825927734,444198,0.0,0.0,0.0,-0.0017045565626513381,0.02224422452274245,1219549.2,78.36507759094238,0,11,1,2022,1,DGKC.KA
2022-01-12 00:00:00+05:00,81.40038267239584,82.17740508872704,80.06272477897193,80.34796142578125,1096743,0.0,0.0,0.0,-0.0036589255124127584,0.015706296665831922,1138163.65,78.6242488861084,0,12,1,2022,2,DGKC.KA
2022-01-13 00:00:00+05:00,80.1709177969373,80.66270356368862,79.27586409950334,79.73814392089844,327519,0.0,0.0,0.0,-0.007589707244111121,0.014681848068448296,1087138.05,78.93948326110839,0,13,1,2022,3,DGKC.KA
2022-01-14 00:00:00+05:00,80.65286902535365,80.65286902535365,78.39065140472759,78.67588806152344,518475,0.0,0.0,0.0,-0.013321803181533531,0.014962991474048608,1041734.6,79.14750862121582,0,14,1,2022,4,DGKC.KA
2022-01-17 00:00:00+05:00,78.43983255051764,79.3742225385254,77.21036809047817,78.21360778808594,500071,0.0,0.0,0.0,-0.005875755391232529,0.01364334372930712,997034.1,79.22127647399903,0,17,1,2022,0,DGKC.KA
2022-01-18 00:00:00+05:00,78.21360806937064,78.34147717627015,77.2202061850061,77.32839965820312,375554,0.0,0.0,0.0,-0.011317827612315479,0.01353157010874235,945550.2,79.30242118835449,0,18,1,2022,1,DGKC.KA
2022-01-19 00:00:00+05:00,77.93820556136099,77.93820556136099,73.75802657895804,74.22030639648438,1476180,0.0,0.0,0.0,-0.04019342538390469,0.01639429199176308,988986.3,79.23062057495117,0,19,1,2022,2,DGKC.KA
2022-01-20 00:00:00+05:00,73.86622324471342,76.91529360423688,73.31542556801527,76.2759780883789,916581,0.0,0.0,0.0,0.027696890402380436,0.017582711672439768,1003822.95,79.24930877685547,0,20,1,2022,3,DGKC.KA
2022-01-21 00:00:00+05:00,76.04974728983191,76.62022055487903,75.35141243257283,75.74484252929688,321746,0.0,0.0,0.0,-0.0069633398665385204,0.017607975802510563,980417.95,79.2630786895752,0,21,1,2022,4,DGKC.KA
2022-01-24 00:00:00+05:00,75.98090124917353,75.98090124917353,73.86622094336929,75.14486694335938,226962,0.0,0.0,0.0,-0.007921009086598096,0.0175320816009698,951033.2,79.20750694274902,0,24,1,2022,0,DGKC.KA
2022-01-25 00:00:00+05:00,75.73501118145234,77.30872419869736,75.64649334175836,76.00057220458984,922670,0.0,0.0,0.0,0.011387408029818635,0.01714173728320469,925477.75,79.12095260620117,0,25,1,2022,1,DGKC.KA
2022-01-26 00:00:00+05:00,75.74484605564082,76.21695619044507,74.25965093578954,75.43993377685547,341763,0.0,0.0,0.0,-0.007376765877829983,0.016213073391789214,811156.35,78.91636962890625,0,26,1,2022,2,DGKC.KA
2022-01-27 00:00:00+05:00,75.52845866397519,75.93171908903184,74.75143625504793,75.12519073486328,265010,0.0,0.0,0.0,-0.004172101249759419,0.015706165934852058,701468.9,78.63801879882813,0,27,1,2022,3,DGKC.KA
2022-01-28 00:00:00+05:00,76.22679112279117,76.22679112279117,74.50554100066363,74.73176574707031,572078,0.0,0.0,0.0,-0.005236924977421564,0.015336760057184153,649758.45,78.29573593139648,0,28,1,2022,4,DGKC.KA
2022-01-31 00:00:00+05:00,75.63665053615678,75.98089906346502,74.9481459774852,75.65631866455078,710749,0.0,0.0,0.0,0.01237161879206261,0.015431421141597507,647646.15,77.9564037322998,0,31,1,2022,0,DGKC.KA
2022-02-01 00:00:00+05:00,75.74484186961553,77.21036127549269,75.74484186961553,76.46284484863281,1223308,0.0,0.0,0.0,0.010660394244901727,0.015316566217452894,629249.9,77.60477676391602,0,1,2,2022,1,DGKC.KA
2022-02-02 00:00:00+05:00,76.71858085439285,79.42340261528491,75.26289165947385,78.59720611572266,2832391,0.0,0.0,0.0,0.02791370464066656,0.016696220526246787,743683.6,77.42084922790528,0,2,2,2022,2,DGKC.KA
2022-02-03 00:00:00+05:00,79.91518826098591,81.63643846968407,78.3906493602311,78.74473571777344,4323297,0.0,0.0,0.0,0.001877033667501582,0.015229418965594255,927987.2,77.3731460571289,0,3,2,2022,3,DGKC.KA
2022-02-04 00:00:00+05:00,79.06931729541867,79.06931729541867,77.60379776868187,78.34147644042969,336936,0.0,0.0,0.0,-0.005121095063282177,0.015263896030274499,933992.2,77.31068954467773,0,4,2,2022,4,DGKC.KA
2022-02-07 00:00:00+05:00,77.99722251662041,78.9807940111349,76.48252151458152,76.64972686767578,707795,0.0,0.0,0.0,-0.02159455820366496,0.015480057197795946,922001.3,77.10413970947266,0,7,2,2022,0,DGKC.KA
2022-02-08 00:00:00+05:00,75.84320405984406,76.90546315217104,75.84320405984406,76.71858215332031,577866,0.0,0.0,0.0,0.0008983109067486339,0.015498089731299914,928684.7,76.90791740417481,0,8,2,2022,1,DGKC.KA
2022-02-09 00:00:00+05:00,76.85627541812077,77.70214749753222,76.71857601022168,76.92512512207031,663238,0.0,0.0,0.0,0.0026922156660458274,0.015535460859241908,907009.45,76.73677558898926,0,9,2,2022,2,DGKC.KA
2022-02-10 00:00:00+05:00,77.21036450389128,77.6824821364,76.0202438623434,76.13827514648438,430301,0.0,0.0,0.0,-0.010228777325188676,0.015595996221305591,912148.55,76.55678215026856,0,10,2,2022,3,DGKC.KA
2022-02-11 00:00:00+05:00,76.69890864010868,76.71857676826507,75.20387576235375,75.32190704345703,430492,0.0,0.0,0.0,-0.010722177531034327,0.015508939157546387,907749.4,76.38908309936524,0,11,2,2022,4,DGKC.KA
2022-02-14 00:00:00+05:00,75.73500687036803,75.73500687036803,73.96457513671137,74.79077911376953,612488,0.0,0.0,0.0,-0.007051440285242183,0.015526376503325981,913370.25,76.21794166564942,0,14,2,2022,0,DGKC.KA
2022-02-15 00:00:00+05:00,74.761277576031,76.1579474126626,74.180966444213,75.26289367675781,787199,0.0,0.0,0.0,0.006312470181252028,0.01547709244370216,933952.5,76.11466636657715,0,15,2,2022,1,DGKC.KA
2022-02-16 00:00:00+05:00,75.29240268599092,75.56780151031431,74.16129393975828,74.64324188232422,302518,0.0,0.0,0.0,-0.008233164633489887,0.01263170330724606,875269.4,76.13581314086915,0,16,2,2022,2,DGKC.KA
2022-02-17 00:00:00+05:00,74.26948591863031,75.44976871466417,73.57115105550386,74.14161682128906,515850,0.0,0.0,0.0,-0.00672030110677635,0.010942908437238297,855232.85,76.02909507751465,0,17,2,2022,3,DGKC.KA
2022-02-18 00:00:00+05:00,73.32525964461564,74.69242345386549,73.04002300400201,74.3481674194336,254890,0.0,0.0,0.0,0.0027858928224131496,0.010897281344681655,851890.05,75.95926132202149,0,18,2,2022,4,DGKC.KA
2022-02-21 00:00:00+05:00,73.9645767211914,74.7022553753418,73.76786541504009,73.9645767211914,430627,0.0,0.0,0.0,-0.0051593833655396715,0.010820513450930871,862073.3,75.90024681091309,0,21,2,2022,0,DGKC.KA
2022-02-22 00:00:00+05:00,73.5711501292018,74.49570222296752,72.58757864353898,73.51213073730469,798282,0.0,0.0,0.0,-0.006117063112416776,0.010491222742052482,855853.9,75.77582473754883,0,22,2,2022,1,DGKC.KA
2022-02-23 00:00:00+05:00,73.76786731375867,75.3415803156411,72.8334773294066,74.78094482421875,1472048,0.0,0.0,0.0,0.017259928044368156,0.011200972879203948,912368.15,75.742875289917,0,23,2,2022,2,DGKC.KA
2022-02-24 00:00:00+05:00,73.8760584722436,73.8760584722436,70.18766522208121,70.67945098876953,1877491,0.0,0.0,0.0,-0.05484677741221711,0.01655565039388879,992992.2,75.52058830261231,0,24,2,2022,3,DGKC.KA
2022-02-25 00:00:00+05:00,71.79088411874461,72.77445565210371,69.83357886849551,70.3843765258789,1032415,0.0,0.0,0.0,-0.004174826753217231,0.0165495059969846,1016009.05,75.30321884155273,0,25,2,2022,4,DGKC.KA
2022-02-28 00:00:00+05:00,69.85324801334248,71.11222589775946,68.25986690872158,70.57125854492188,1169708,0.0,0.0,0.0,0.002655163379535752,0.016218139802270885,1038957.0,75.0489658355713,0,28,2,2022,0,DGKC.KA
2022-03-01 00:00:00+05:00,71.8007231161628,72.29250889093103,68.85000846755337,69.83358001708984,2223609,0.0,0.0,0.0,-0.010452959789040261,0.015943297455508515,1088972.05,74.71750259399414,0,1,3,2022,1,DGKC.KA
2022-03-02 00:00:00+05:00,68.65329627355439,69.34179334772529,67.32546869556647,68.90901947021484,1503070,0.0,0.0,0.0,-0.013239483736173008,0.01410254406540757,1022506.0,74.23309326171875,0,2,3,2022,2,DGKC.KA
2022-03-03 00:00:00+05:00,68.3582184742663,68.83033609069288,66.48943114466242,67.14842224121094,1894996,0.0,0.0,0.0,-0.025549590496856567,0.014574853453328212,901090.95,73.65327758789063,0,3,3,2022,3,DGKC.KA
2022-03-04 00:00:00+05:00,66.88286634745751,68.3582236933573,66.88286634745751,67.1976089477539,755979,0.0,0.0,0.0,0.0007325072563324486,0.014690437815932609,922043.1,73.09608421325683,0,4,3,2022,4,DGKC.KA
2022-03-07 00:00:00+05:00,65.99764896170227,65.99764896170227,62.210900026139626,62.683013916015625,1602132,0.0,0.0,0.0,-0.06718386416469635,0.019677024575455625,966759.95,72.39774856567382,0,7,3,2022,0,DGKC.KA
2022-03-08 00:00:00+05:00,62.958414036023534,64.17804059914779,61.47321896470095,62.28958511352539,937749,0.0,0.0,0.0,-0.006276481903332853,0.019536284381974835,984754.1,71.67629871368408,0,8,3,2022,1,DGKC.KA
2022-03-09 00:00:00+05:00,62.46662443871377,63.833791978144056,61.17814817244118,63.174800872802734,1513729,0.0,0.0,0.0,0.014211296441676513,0.020097360865797893,1027278.65,70.9887825012207,0,9,3,2022,2,DGKC.KA
2022-03-10 00:00:00+05:00,64.91571817842062,67.90577640106477,64.4337702506556,67.88610076904297,3550141,0.0,0.0,0.0,0.07457561925246181,0.02752961696721035,1183270.65,70.57617378234863,0,10,3,2022,3,DGKC.KA
2022-03-11 00:00:00+05:00,67.71890096559063,68.35822398569239,65.65340217330888,66.01732635498047,3742581,0.0,0.0,0.0,-0.027528085909961253,0.02795510928466775,1348875.1,70.1109447479248,0,11,3,2022,4,DGKC.KA
2022-03-14 00:00:00+05:00,64.91571809400011,65.99764522808914,64.12885790335997,65.2107925415039,550111,0.0,0.0,0.0,-0.012217002081237993,0.027987233459501444,1345756.25,69.63194541931152,0,14,3,2022,0,DGKC.KA
2022-03-15 00:00:00+05:00,65.89929506534374,66.38124303259652,65.01407915320712,66.01732635498047,726890,0.0,0.0,0.0,0.01236810322406745,0.028164859511940327,1342740.8,69.16966705322265,0,15,3,2022,1,DGKC.KA
2022-03-16 00:00:00+05:00,66.4009130800672,70.69911566864272,66.4009130800672,69.80406951904297,3742580,0.0,0.0,0.0,0.05735983829004043,0.03152834099392889,1514743.9,68.92770843505859,0,16,3,2022,2,DGKC.KA
2022-03-17 00:00:00+05:00,71.90891778847025,72.58758457028806,68.95820309055699,69.28278350830078,1532709,0.0,0.0,0.0,-0.00746784556163993,0.03153358115884803,1565586.85,68.68476676940918,0,17,3,2022,3,DGKC.KA
2022-03-18 00:00:00+05:00,68.94835909612898,68.94835909612898,65.30914762972414,65.48619079589844,1643145,0.0,0.0,0.0,-0.05479850144801812,0.03355025213598915,1634999.6,68.24166793823242,0,18,3,2022,4,DGKC.KA
2022-03-21 00:00:00+05:00,65.89929508382299,66.39108086803063,64.04034541984258,65.42717742919922,674803,0.0,0.0,0.0,-0.0009011574193275029,0.03356798793747408,1647208.4,67.8147979736328,0,21,3,2022,0,DGKC.KA
2022-03-22 00:00:00+05:00,65.55504623453417,65.90913259786147,64.32558177966315,64.52229309082031,980804,0.0,0.0,0.0,-0.013830404641222871,0.033618759822047026,1656334.5,67.3653060913086,0,22,3,2022,1,DGKC.KA
2022-03-23 00:00:00+05:00,64.52229309082031,64.52229309082031,64.52229309082031,64.52229309082031,0,0.0,0.0,0.0,0.0,0.03321023946659992,1582732.1,66.85237350463868,0,23,3,2022,2,DGKC.KA
2022-03-24 00:00:00+05:00,64.52229047496196,65.51569981535856,63.19447041834474,65.30915069580078,929067,0.0,0.0,0.0,0.012195127719234922,0.031444902115450604,1535310.9,66.58385848999023,0,24,3,2022,3,DGKC.KA
2022-03-25 00:00:00+05:00,64.5124506156171,65.58454744495764,64.24688961432548,64.93538665771484,859102,0.0,0.0,0.0,-0.005722996457676599,0.031448618001772476,1526645.25,66.31140899658203,0,25,3,2022,4,DGKC.KA
2022-03-28 00:00:00+05:00,64.89605619573078,69.80407628223983,64.03050840212771,69.02705383300781,1779804,0.0,0.0,0.0,0.06301136230790183,0.03479374573239003,1557150.05,66.23419876098633,0,28,3,2022,0,DGKC.KA
2022-03-29 00:00:00+05:00,70.0794710722539,72.68593711119087,68.94836231904857,71.6925277709961,2689243,0.0,0.0,0.0,0.038614916760559836,0.03577379853620284,1580431.75,66.32714614868163,0,29,3,2022,1,DGKC.KA
2022-03-30 00:00:00+05:00,70.81715203833063,74.75143826268234,69.24343904940105,72.97117614746094,4496074,0.0,0.0,0.0,0.017835169385422844,0.03575565798341902,1730081.95,66.53025398254394,0,30,3,2022,2,DGKC.KA
2022-03-31 00:00:00+05:00,72.83347788922785,76.22679681012067,72.78429630901846,74.80062103271484,4015671,0.0,0.0,0.0,0.025070787971910313,0.03538291957905569,1836115.7,66.91286392211914,0,31,3,2022,3,DGKC.KA
2022-04-01 00:00:00+05:00,73.76786789091507,76.12844116423547,73.38427557820675,74.50554656982422,2317073,0.0,0.0,0.0,-0.003944813008458503,0.03543500392018108,1914170.4,67.27826080322265,0,1,4,2022,4,DGKC.KA
2022-04-04 00:00:00+05:00,71.01385832457738,72.17447297882428,68.91885375976562,68.91885375976562,1546486,0.0,0.0,0.0,-0.07498358266284144,0.036312214143437244,1911388.1,67.59005279541016,0,4,4,2022,0,DGKC.KA
2022-04-05 00:00:00+05:00,67.87627065109932,69.14507877415443,66.37140747149242,66.70581817626953,1624662,0.0,0.0,0.0,-0.03211074274697312,0.03719733916571919,1945733.75,67.81086444854736,0,5,4,2022,1,DGKC.KA
2022-04-06 00:00:00+05:00,66.686151525079,67.80742244860033,66.29272141940983,66.76483154296875,783222,0.0,0.0,0.0,0.0008846809515667964,0.037125724118535,1909208.4,67.99036598205566,0,6,4,2022,2,DGKC.KA
2022-04-07 00:00:00+05:00,66.98122289055335,67.6697274968627,64.5222939481391,65.59439086914062,537869,0.0,0.0,0.0,-0.017530796480402233,0.03335597400748044,1758594.8,67.87578048706055,0,7,4,2022,3,DGKC.KA
2022-04-08 00:00:00+05:00,65.51570014778557,66.90253210158316,65.30915102717977,66.06649780273438,2090891,0.0,0.0,0.0,0.007197367447707492,0.03281190252487136,1676010.3,67.87823905944825,0,8,4,2022,4,DGKC.KA
2022-04-11 00:00:00+05:00,69.8335797564469,71.01386260986328,69.35163180010832,71.01386260986328,2537398,0.0,0.0,0.0,0.07488462339718782,0.036590799953668866,1775374.65,68.16839256286622,0,11,4,2022,0,DGKC.KA
2022-04-12 00:00:00+05:00,71.54499433334267,73.64983690554756,70.6204421547091,73.03018951416016,3163153,0.0,0.0,0.0,0.02839342672252876,0.03693661998053846,1897187.8,68.5190357208252,0,12,4,2022,1,DGKC.KA
2022-04-13 00:00:00+05:00,72.7842907919808,73.03018366627803,70.96468502299227,71.31877136230469,1103189,0.0,0.0,0.0,-0.023434392861922282,0.035375368097663,1765218.25,68.59477081298829,0,13,4,2022,2,DGKC.KA
2022-04-14 00:00:00+05:00,71.79088274794995,73.57115229209454,70.02045852414172,72.85314178466797,1640928,0.0,0.0,0.0,0.021514257649904778,0.03557447516712447,1770629.2,68.77328872680664,0,14,4,2022,3,DGKC.KA
2022-04-15 00:00:00+05:00,73.73835565008184,74.15145387403545,71.50564417023054,71.88923645019531,1189306,0.0,0.0,0.0,-0.01323079980986508,0.033143988845336605,1747937.25,69.09344100952148,0,15,4,2022,4,DGKC.KA
2022-04-18 00:00:00+05:00,71.99743266065188,73.74819627934306,70.80731201535502,71.10238647460938,1080497,0.0,0.0,0.0,-0.010945309957924865,0.03331687595342422,1768221.95,69.377201461792,0,18,4,2022,0,DGKC.KA
2022-04-19 00:00:00+05:00,71.99743184678763,72.14496907474704,69.39097333707701,69.88275909423828,855440,0.0,0.0,0.0,-0.017153114555537807,0.03342222475436114,1761953.75,69.6452247619629,0,19,4,2022,1,DGKC.KA
2022-04-20 00:00:00+05:00,70.66960932459436,70.66960932459436,67.66972081356191,68.60411071777344,1516768,0.0,0.0,0.0,-0.018297050560647787,0.033800942806799135,1837792.15,69.84931564331055,0,20,4,2022,2,DGKC.KA
2022-04-21 00:00:00+05:00,67.86643469027754,68.50575767730135,67.58119804978831,67.81725311279297,389664,0.0,0.0,0.0,-0.011469540188597138,0.033898744056982656,1810822.0,69.97472076416015,0,21,4,2022,3,DGKC.KA
2022-04-22 00:00:00+05:00,67.8664362927835,68.16151075654817,67.28613268584974,67.7287368774414,476796,0.0,0.0,0.0,-0.001305217054491159,0.0338571955273783,1791706.7,70.11438827514648,0,22,4,2022,4,DGKC.KA
2022-04-25 00:00:00+05:00,68.65329697717888,69.83357983187003,67.47300661843235,68.33855438232422,3208080,0.0,0.0,0.0,0.00900382220306728,0.030805781263352126,1863120.5,70.0799633026123,0,25,4,2022,0,DGKC.KA
2022-04-26 00:00:00+05:00,68.35822414558075,68.85000993080075,67.0795781023865,67.36481475830078,534263,0.0,0.0,0.0,-0.014248759471495287,0.029556185790911658,1755371.5,69.86357765197754,0,26,4,2022,1,DGKC.KA
2022-04-27 00:00:00+05:00,66.92220658685847,67.71889711039859,66.48943272021685,66.76483154296875,357577,0.0,0.0,0.0,-0.008906477624628262,0.029181116222107666,1548446.65,69.55326042175292,0,27,4,2022,2,DGKC.KA
2022-04-28 00:00:00+05:00,66.32222553216747,66.39107523595366,63.981328099381756,65.94847106933594,1310201,0.0,0.0,0.0,-0.012227402582561941,0.028404923361976312,1413173.15,69.11065292358398,0,28,4,2022,3,DGKC.KA
2022-04-29 00:00:00+05:00,65.94847106933594,65.94847106933594,65.94847106933594,65.94847106933594,0,0.0,0.0,0.0,0.0,0.028432863996001433,1297319.5,68.68279914855957,0,29,4,2022,4,DGKC.KA
2022-05-02 00:00:00+05:00,65.94847106933594,65.94847106933594,65.94847106933594,65.94847106933594,0,0.0,0.0,0.0,0.0,0.02329559847073253,1219995.2,68.53428001403809,0,2,5,2022,0,DGKC.KA
2022-05-03 00:00:00+05:00,65.94847106933594,65.94847106933594,65.94847106933594,65.94847106933594,0,0.0,0.0,0.0,0.0,0.022187633726233183,1138762.1,68.49641265869141,0,3,5,2022,1,DGKC.KA
2022-05-04 00:00:00+05:00,65.94847106933594,65.94847106933594,65.94847106933594,65.94847106933594,0,0.0,0.0,0.0,0.0,0.022185938039783484,1099601.0,68.45559463500976,0,4,5,2022,2,DGKC.KA
2022-05-05 00:00:00+05:00,65.94847106933594,65.94847106933594,65.94847106933594,65.94847106933594,0,0.0,0.0,0.0,0.0,0.021816219933092417,1072707.55,68.47329864501953,0,5,5,2022,3,DGKC.KA
2022-05-06 00:00:00+05:00,65.25996870853278,65.89929169594627,62.70268426293395,62.919071197509766,1208279,0.0,0.0,0.0,-0.04593586208603939,0.024074539888276774,1028576.95,68.3159273147583,0,6,5,2022,4,DGKC.KA
2022-05-09 00:00:00+05:00,62.65350817662789,62.65350817662789,58.23727028800041,58.827415466308594,2125995,0.0,0.0,0.0,-0.06503045345912728,0.020580888705294016,1008006.8,67.70660495758057,0,9,5,2022,0,DGKC.KA
2022-05-10 00:00:00+05:00,58.52250636435222,59.988029603192025,57.538934828816885,58.95527648925781,1012681,0.0,0.0,0.0,0.0021734938027737627,0.018822592140638035,900483.2,67.00285930633545,0,10,5,2022,1,DGKC.KA
2022-05-11 00:00:00+05:00,59.50607649198906,60.63718523190401,54.53904110545995,56.23078155517578,2261430,0.0,0.0,0.0,-0.04621291080838985,0.020280708061664897,958395.25,66.248459815979,0,11,5,2022,2,DGKC.KA
2022-05-12 00:00:00+05:00,56.230782292125994,58.91593585758286,54.40134240704128,58.18809127807617,2023285,0.0,0.0,0.0,0.03480851001474705,0.021598677908609195,977513.1,65.51520729064941,0,12,5,2022,3,DGKC.KA
2022-05-13 00:00:00+05:00,57.64712690345465,59.01429070444999,57.1061633224027,58.45365524291992,1833160,0.0,0.0,0.0,0.004563888572571395,0.021864607552799033,1009705.8,64.84342823028564,0,13,5,2022,4,DGKC.KA
2022-05-16 00:00:00+05:00,58.02088628157351,58.02088628157351,55.08000575213012,56.12259292602539,1071691,0.0,0.0,0.0,-0.03987881180752806,0.02286082786490735,1009265.5,64.09443855285645,0,16,5,2022,0,DGKC.KA
2022-05-17 00:00:00+05:00,56.21111343426178,56.84059860187103,55.52261262517884,56.525856018066406,586525,0.0,0.0,0.0,0.007185396664985744,0.023189813778955126,995819.75,63.42659339904785,0,17,5,2022,1,DGKC.KA
2022-05-18 00:00:00+05:00,56.65371884745959,59.21100708661894,55.08983995859809,58.207763671875,2871021,0.0,0.0,0.0,0.029754660473802153,0.024752976116774395,1063532.4,62.90677604675293,0,18,5,2022,2,DGKC.KA
2022-05-19 00:00:00+05:00,58.03072061960371,59.092979679376505,57.53893485164097,57.61762237548828,805558,0.0,0.0,0.0,-0.010138532373678233,0.024744623044455655,1084327.1,62.3967945098877,0,19,5,2022,3,DGKC.KA
2022-05-20 00:00:00+05:00,57.98154347089371,58.502835190378164,57.15534322097868,57.79466247558594,183963,0.0,0.0,0.0,0.0030726727830576728,0.02482451919335592,1069685.45,61.90009078979492,0,20,5,2022,4,DGKC.KA
2022-05-23 00:00:00+05:00,56.8701037458876,57.529098600969114,55.886532247339524,56.643882751464844,422761,0.0,0.0,0.0,-0.019911522532158,0.024647954595506158,930419.5,61.31535720825195,0,23,5,2022,0,DGKC.KA
2022-05-24 00:00:00+05:00,55.57179224820643,56.85043450528175,55.57179224820643,56.152099609375,882564,0.0,0.0,0.0,-0.008682016807492365,0.024617529844357854,947834.55,60.75472145080566,0,24,5,2022,1,DGKC.KA
2022-05-25 00:00:00+05:00,56.06357832987703,57.83400636883603,55.080006780230065,57.35205841064453,1854358,0.0,0.0,0.0,0.021369793999104436,0.02552283168648129,1022673.6,60.28408279418945,0,25,5,2022,2,DGKC.KA
2022-05-26 00:00:00+05:00,57.04714784974385,59.358539408362105,55.188198287378334,58.906097412109375,1060357,0.0,0.0,0.0,0.027096481704942832,0.026611060269381218,1010181.4,59.93196411132813,0,26,5,2022,3,DGKC.KA
2022-05-27 00:00:00+05:00,60.98143589423991,61.46338760300593,59.03396468205428,59.72246551513672,2822139,0.0,0.0,0.0,0.013858804756933685,0.026934484971090977,1151288.35,59.62066383361817,0,27,5,2022,4,DGKC.KA
2022-05-30 00:00:00+05:00,60.24375675281828,62.87972877702217,60.24375675281828,60.892913818359375,2764583,0.0,0.0,0.0,0.019598124309285314,0.027461805633355926,1289517.5,59.367885971069335,0,30,5,2022,0,DGKC.KA
2022-05-31 00:00:00+05:00,60.98143495420908,61.66993577667826,60.047041248860026,60.57817077636719,462346,0.0,0.0,0.0,-0.005168795878795485,0.027450309706933775,1312634.8,59.0993709564209,0,31,5,2022,1,DGKC.KA
2022-06-01 00:00:00+05:00,60.479815964680306,60.98143580183548,58.22743622570651,58.53234100341797,628959,0.0,0.0,0.0,-0.03377173240343767,0.028227198953408,1344082.75,58.728564453125,0,1,6,2022,2,DGKC.KA
2022-06-02 00:00:00+05:00,58.129076596492304,59.22084160778131,57.09632722841783,58.52250671386719,1006639,0.0,0.0,0.0,-0.0001680146288733919,0.028225481329213195,1394414.7,58.35726623535156,0,2,6,2022,3,DGKC.KA
2022-06-03 00:00:00+05:00,58.03072114659995,58.522506919028764,54.293150026546506,54.666908264160156,3306374,0.0,0.0,0.0,-0.06588231889242413,0.030022030944842827,1499319.45,57.94465808868408,0,3,6,2022,4,DGKC.KA
2022-06-06 00:00:00+05:00,55.080006476098404,57.04714956453049,53.850542045828355,56.152099609375,2026793,0.0,0.0,0.0,0.02716801429556126,0.027549369165114485,1494359.35,57.810892295837405,0,6,6,2022,0,DGKC.KA
2022-06-07 00:00:00+05:00,56.35864931804154,57.430742462443895,55.33573400095481,55.729164123535156,1202635,0.0,0.0,0.0,-0.007531962095487343,0.027558237313073764,1503857.05,57.64958667755127,0,7,6,2022,1,DGKC.KA
2022-06-08 00:00:00+05:00,55.866861601006995,56.447168948048194,54.68657502627586,55.20787048339844,9623374,0.0,0.0,0.0,-0.009354054530248512,0.025643034456864076,1871954.25,57.5984411239624,0,8,6,2022,2,DGKC.KA
2022-06-09 00:00:00+05:00,55.178363062875846,55.965223313178065,55.06033552614161,55.14885711669922,1326714,0.0,0.0,0.0,-0.0010689303206680156,0.024252830472942317,1837125.7,57.446479415893556,0,9,6,2022,3,DGKC.KA
2022-06-10 00:00:00+05:00,55.52261226841766,55.57179009331597,55.080004340277775,55.325897216796875,538302,0.0,0.0,0.0,0.003210222466134338,0.02423427130702713,1772382.8,57.2900915145874,0,10,6,2022,4,DGKC.KA
2022-06-13 00:00:00+05:00,54.63739794955122,55.050499944781684,53.16204064892233,53.45711135864258,711077,0.0,0.0,0.0,-0.033777777716489266,0.02377249488172148,1754352.1,57.15681743621826,0,13,6,2022,0,DGKC.KA
2022-06-14 00:00:00+05:00,54.07676145221396,55.561956541212446,52.81779111348218,55.19803237915039,797427,0.0,0.0,0.0,0.03256668713032429,0.024945990180709168,1764897.2,57.09042625427246,0,14,6,2022,1,DGKC.KA
2022-06-15 00:00:00+05:00,57.0471499477968,57.91269396308975,56.555364172384756,56.90945053100586,2932160,0.0,0.0,0.0,0.031005057211095588,0.025028260240988802,1767954.15,57.025510597229,0,15,6,2022,2,DGKC.KA
2022-06-16 00:00:00+05:00,56.948794529461594,59.3093640100025,55.67014850647076,58.40447998046875,3905712,0.0,0.0,0.0,0.026270319525372177,0.02563204441005127,1922961.85,57.064853477478025,0,16,6,2022,3,DGKC.KA
2022-06-17 00:00:00+05:00,59.35854118492671,59.99786418939527,58.62086252686037,58.97494888305664,2622857,0.0,0.0,0.0,0.009767553837970455,0.025704221291239105,2044906.55,57.12386779785156,0,17,6,2022,4,DGKC.KA
2022-06-20 00:00:00+05:00,59.161828736974556,59.55525509580729,57.853676807587384,58.04055404663086,910218,0.0,0.0,0.0,-0.0158439278731487,0.025542894337933376,2069279.4,57.193701362609865,0,20,6,2022,0,DGKC.KA
2022-06-21 00:00:00+05:00,58.90609679817409,60.21424869999892,58.57168233659709,59.62410354614258,3272818,0.0,0.0,0.0,0.02728350074397068,0.026046931199900706,2188792.1,57.367301559448244,0,21,6,2022,1,DGKC.KA
2022-06-22 00:00:00+05:00,60.194579769418695,60.46997860349734,58.86675592219442,59.14215850830078,1593564,0.0,0.0,0.0,-0.008083057172823094,0.025804874809995593,2175752.4,57.45680656433105,0,22,6,2022,2,DGKC.KA
2022-06-23 00:00:00+05:00,59.555254866069625,60.58800421305963,59.35853981139829,59.663448333740234,2380328,0.0,0.0,0.0,0.008814183293061495,0.025180047522485986,2241750.95,57.494674110412596,0,23,6,2022,3,DGKC.KA
2022-06-24 00:00:00+05:00,60.17490615798928,60.24375586452939,55.19803289420597,55.36524200439453,3733442,0.0,0.0,0.0,-0.07204086336583782,0.02976913246586674,2287316.1,57.27681293487549,0,24,6,2022,4,DGKC.KA
2022-06-27 00:00:00+05:00,55.365242965884555,59.26018536934134,55.365242965884555,58.6700439453125,3994921,0.0,0.0,0.0,0.05969091475578958,0.03261015647379157,2348833.0,57.165669441223145,0,27,6,2022,0,DGKC.KA
2022-06-28 00:00:00+05:00,59.01429138921813,62.35843606875153,58.42414997613699,60.41096115112305,5281639,0.0,0.0,0.0,0.029673016905071625,0.0333181429635344,2589797.65,57.157308959960936,0,28,6,2022,1,DGKC.KA
2022-06-29 00:00:00+05:00,59.50607873240289,60.63718751490427,58.66020659968397,60.02737045288086,2421227,0.0,0.0,0.0,-0.0063496870589859755,0.03238934811545758,2679411.05,57.23206043243408,0,29,6,2022,2,DGKC.KA
2022-06-30 00:00:00+05:00,59.899507872881365,62.948578125,59.50607775878906,61.47322082519531,5120816,0.0,0.0,0.0,0.02408651855655397,0.032764959246412824,2885119.9,57.37959613800049,0,30,6,2022,3,DGKC.KA
2022-07-01 00:00:00+05:00,61.37486565211857,61.37486565211857,59.89950834078907,60.155235290527344,684364,0.0,0.0,0.0,-0.021439994797340822,0.02915733595024928,2754019.4,57.654012489318845,0,1,7,2022,4,DGKC.KA
2022-07-04 00:00:00+05:00,60.48965046973423,60.48965046973423,57.440580158249766,57.65696334838867,1969676,0.0,0.0,0.0,-0.04153041593259421,0.030451283910282706,2751163.55,57.72925567626953,0,4,7,2022,0,DGKC.KA
2022-07-05 00:00:00+05:00,58.02088557368092,58.27661251780362,56.75207741331301,56.98813247680664,327591,0.0,0.0,0.0,-0.011600175117455702,0.030530157025352132,2707411.35,57.79220409393311,0,5,7,2022,1,DGKC.KA
2022-07-06 00:00:00+05:00,57.78482920187102,58.22743715467388,56.31930592526327,56.63405227661133,1473456,0.0,0.0,0.0,-0.006213226944038142,0.03047907622393432,2299915.45,57.86351318359375,0,6,7,2022,2,DGKC.KA
2022-07-07 00:00:00+05:00,56.46684207465779,57.28320825546967,56.122593535777895,56.74224090576172,575265,0.0,0.0,0.0,0.0019103105782007912,0.030472002697644635,2262343.0,57.943182373046874,0,7,7,2022,3,DGKC.KA
2022-07-08 00:00:00+05:00,56.74224090576172,56.74224090576172,56.74224090576172,56.74224090576172,0,0.0,0.0,0.0,0.0,0.03047302618888021,2235427.9,58.01399955749512,0,8,7,2022,4,DGKC.KA
2022-07-11 00:00:00+05:00,56.74224090576172,56.74224090576172,56.74224090576172,56.74224090576172,0,0.0,0.0,0.0,0.0,0.029316811564871367,2199874.05,58.178256034851074,0,11,7,2022,0,DGKC.KA
2022-07-12 00:00:00+05:00,56.74224090576172,56.74224090576172,56.74224090576172,56.74224090576172,0,0.0,0.0,0.0,0.0,0.02850462554523231,2160002.7,58.25546646118164,0,12,7,2022,1,DGKC.KA
2022-07-13 00:00:00+05:00,56.07341066907318,57.735648938126346,55.20787043347693,57.283206939697266,2610672,0.0,0.0,0.0,0.009533744619532936,0.027739669701149862,2143928.3,58.27415428161621,0,13,7,2022,2,DGKC.KA
2022-07-14 00:00:00+05:00,58.07989864415611,59.55525595307808,57.45041345934049,59.26018524169922,3329798,0.0,0.0,0.0,0.03451235375287465,0.028197043938409803,2115132.6,58.31693954467774,0,14,7,2022,3,DGKC.KA
2022-07-15 00:00:00+05:00,59.49624409106705,59.98802986094781,57.44057942288435,57.774993896484375,2369585,0.0,0.0,0.0,-0.025062212329531652,0.0287050943565183,2102469.0,58.25694179534912,0,15,7,2022,4,DGKC.KA
2022-07-18 00:00:00+05:00,56.55536164937121,56.99796957790223,54.32265387836142,54.8832893371582,2222184,0.0,0.0,0.0,-0.05005114434987645,0.030614705565885327,2168067.3,58.09907855987549,0,18,7,2022,0,DGKC.KA
2022-07-19 00:00:00+05:00,55.188198066620714,56.00456046946099,52.78828117917511,53.40793228149414,1577035,0.0,0.0,0.0,-0.02688171706693221,0.030249519807330427,2083278.15,57.788269996643066,0,19,7,2022,1,DGKC.KA
2022-07-20 00:00:00+05:00,52.621077496807054,54.68657623418841,52.621077496807054,53.91939163208008,1091123,0.0,0.0,0.0,0.009576467927839172,0.030413667505841856,2058156.1,57.52713165283203,0,20,7,2022,2,DGKC.KA
2022-07-21 00:00:00+05:00,53.781690561437884,54.34232602296052,52.91614658054971,53.11286163330078,1123623,0.0,0.0,0.0,-0.014958069339555347,0.030344024308399633,1995320.85,57.19960231781006,0,21,7,2022,3,DGKC.KA
2022-07-22 00:00:00+05:00,52.32600524369988,54.834111851525584,52.32600524369988,54.45051956176758,888748,0.0,0.0,0.0,0.02518519784722173,0.026663517272145127,1853086.15,57.15386619567871,0,22,7,2022,4,DGKC.KA
2022-07-25 00:00:00+05:00,54.22430126164162,54.22430126164162,53.01450869066926,53.663665771484375,313524,0.0,0.0,0.0,-0.014450804080769375,0.0227172042295671,1669016.3,56.903547286987305,0,25,7,2022,0,DGKC.KA
2022-07-26 00:00:00+05:00,53.663665329007145,54.43084994036444,52.94565854493702,53.201385498046875,1296101,0.0,0.0,0.0,-0.008614399832579944,0.021280008198942355,1469739.4,56.5430685043335,0,26,7,2022,1,DGKC.KA
2022-07-27 00:00:00+05:00,53.35875438530311,53.70300291278436,51.440789191554906,52.217811584472656,2362165,0.0,0.0,0.0,-0.01848774997805891,0.021459315372349415,1466786.3,56.15259056091308,0,27,7,2022,2,DGKC.KA
2022-07-28 00:00:00+05:00,52.22764763546619,53.53579959371347,52.030936327723836,52.444034576416016,2211273,0.0,0.0,0.0,0.004332295534396291,0.020394753914339377,1321309.15,55.70113124847412,0,28,7,2022,3,DGKC.KA
2022-07-29 00:00:00+05:00,52.768612796894395,52.768612796894395,51.39161118770469,51.61783218383789,733170,0.0,0.0,0.0,-0.015753982302301073,0.02023229908203951,1323749.45,55.27426109313965,0,29,7,2022,4,DGKC.KA
2022-08-01 00:00:00+05:00,51.873565386251315,52.47354088222663,51.44079150138213,51.86372756958008,611678,0.0,0.0,0.0,0.004763768165745974,0.018716794449870906,1255849.55,54.98459930419922,0,1,8,2022,0,DGKC.KA
2022-08-02 00:00:00+05:00,51.588327655280914,53.3095778379984,51.40144666271676,52.414527893066406,825004,0.0,0.0,0.0,0.010620145317310259,0.018969240091863186,1280720.2,54.75591907501221,0,2,8,2022,1,DGKC.KA
2022-08-03 00:00:00+05:00,52.8669712635554,56.07341289302023,52.42436331187358,55.73899841308594,3975213,0.0,0.0,0.0,0.06342650890230206,0.024209645928762406,1405808.05,54.71116638183594,0,3,8,2022,2,DGKC.KA
2022-08-04 00:00:00+05:00,56.161934556875984,57.8143350772994,56.08325078315607,56.92912292480469,3653073,0.0,0.0,0.0,0.021351738380705143,0.02469775064505107,1559698.45,54.720510482788086,0,4,8,2022,3,DGKC.KA
2022-08-05 00:00:00+05:00,57.361891870475,59.97819201487083,57.09632710462688,59.40772247314453,6209551,0.0,0.0,0.0,0.0435383406769454,0.026508229727835578,1870176.0,54.85378456115723,0,5,8,2022,4,DGKC.KA
2022-08-08 00:00:00+05:00,59.40772247314453,59.40772247314453,59.40772247314453,59.40772247314453,0,0.0,0.0,0.0,0.0,0.026508229727835578,1870176.0,54.98705863952637,0,8,8,2022,0,DGKC.KA
2022-08-09 00:00:00+05:00,59.40772247314453,59.40772247314453,59.40772247314453,59.40772247314453,0,0.0,0.0,0.0,0.0,0.026508229727835578,1870176.0,55.12033271789551,0,9,8,2022,1,DGKC.KA
2022-08-10 00:00:00+05:00,59.79131506562334,60.4896499614395,58.5225068732626,58.97494888305664,2586251,0.0,0.0,0.0,-0.007284803592386924,0.026544405950837034,1868954.95,55.20491981506348,0,10,8,2022,2,DGKC.KA
2022-08-11 00:00:00+05:00,58.95527706801227,59.80114919720087,58.33562969600194,58.53234100341797,1958549,0.0,0.0,0.0,-0.007505015061841536,0.025458651946040613,1800392.5,55.168527603149414,0,11,8,2022,3,DGKC.KA
2022-08-12 00:00:00+05:00,58.42414958886654,59.9978625146698,58.237268599408445,59.8011474609375,1621960,0.0,0.0,0.0,0.02167701540325262,0.02521121761576898,1763011.25,55.26983528137207,0,12,8,2022,4,DGKC.KA
2022-08-15 00:00:00+05:00,60.58800305495193,62.85022051238977,60.1847388889963,62.43711853027344,4210797,0.0,0.0,0.0,0.04407893796783369,0.023720124931958606,1862441.9,55.64752674102783,0,15,8,2022,0,DGKC.KA
2022-08-16 00:00:00+05:00,62.45679356023246,63.499377004192155,61.473222008102816,61.81747055053711,6156818,0.0,0.0,0.0,-0.009924352601824227,0.022738167549604383,2091431.05,56.06800365447998,0,16,8,2022,1,DGKC.KA
2022-08-17 00:00:00+05:00,61.96500623694171,64.37475347786736,61.23716165564739,63.83379364013672,5729009,0.0,0.0,0.0,0.03261736644418711,0.02341824183024113,2323325.35,56.563723754882815,0,17,8,2022,2,DGKC.KA
2022-08-18 00:00:00+05:00,64.62064618563447,64.62064618563447,62.94857759489223,63.08627700805664,1890670,0.0,0.0,0.0,-0.011710358878154858,0.02325603405210553,2361677.7,57.062394523620604,0,18,8,2022,3,DGKC.KA
2022-08-19 00:00:00+05:00,62.938744975776075,63.09611627329586,61.86665183891385,62.10270690917969,925868,0.0,0.0,0.0,-0.015590872461079708,0.023538220389294567,2363533.7,57.44500389099121,0,19,8,2022,4,DGKC.KA
2022-08-22 00:00:00+05:00,61.86664926035055,61.86664926035055,60.24375477379645,60.5191535949707,2203249,0.0,0.0,0.0,-0.02549894188227264,0.024185280256767392,2458019.95,57.787778282165526,0,22,8,2022,0,DGKC.KA
2022-08-23 00:00:00+05:00,61.866650533253605,62.80104048204201,61.57157607360714,62.34859848022461,2913637,0.0,0.0,0.0,0.030229188225228798,0.024482232990292358,2538896.75,58.24513893127441,0,23,8,2022,1,DGKC.KA
2022-08-24 00:00:00+05:00,62.21089750163862,62.46662444126708,60.69619648806864,60.80438995361328,1546144,0.0,0.0,0.0,-0.024767333416501947,0.024880138396177146,2498095.7,58.67446784973144,0,24,8,2022,2,DGKC.KA
2022-08-25 00:00:00+05:00,61.640425038296634,61.640425038296634,59.80114735598683,60.686363220214844,2171804,0.0,0.0,0.0,-0.001941089014929287,0.02496727476651047,2496122.25,59.08658428192139,0,25,8,2022,3,DGKC.KA
2022-08-26 00:00:00+05:00,62.348599208569006,62.348599208569006,59.30936300533313,59.55525588989258,2049919,0.0,0.0,0.0,-0.018638574966467703,0.025117265787348467,2561959.7,59.48345546722412,0,26,8,2022,4,DGKC.KA
2022-08-29 00:00:00+05:00,59.014290035361974,59.751968660804,58.02088447065882,59.466732025146484,1475598,0.0,0.0,0.0,-0.0014864156559037944,0.025191508872096223,2605155.7,59.863605690002444,0,29,8,2022,0,DGKC.KA
2022-08-30 00:00:00+05:00,60.489648029186014,60.73554090735344,57.784826369344366,58.15858459472656,2388779,0.0,0.0,0.0,-0.021997970728688254,0.025998603266328954,2683344.45,60.15080852508545,0,30,8,2022,1,DGKC.KA
2022-08-31 00:00:00+05:00,58.66020628813918,59.850326955979845,57.14550520978141,59.12248611450195,2391439,0.0,0.0,0.0,0.016573675691942347,0.02236384878282514,2604155.75,60.31998291015625,0,31,8,2022,2,DGKC.KA
2022-09-01 00:00:00+05:00,59.89950625650382,61.91582709475464,59.506076153028154,60.81422805786133,7213498,0.0,0.0,0.0,0.028614188180162037,0.022730288246251132,2782177.0,60.51423816680908,0,1,9,2022,3,DGKC.KA
2022-09-02 00:00:00+05:00,61.47321887513697,61.62075610124831,60.53882519782939,60.80438995361328,2953153,0.0,0.0,0.0,-0.00016177306795195356,0.020692999814161207,2619357.1,60.58407154083252,0,2,9,2022,4,DGKC.KA
2022-09-05 00:00:00+05:00,60.981434971223415,61.57157638948872,58.42415048937026,59.092979431152344,3136646,0.0,0.0,0.0,-0.02814616713968421,0.021722159189036954,2776189.4,60.56833438873291,0,5,9,2022,0,DGKC.KA
2022-09-06 00:00:00+05:00,58.76839995842525,59.004458780698556,57.53893552414857,57.79466247558594,2063412,0.0,0.0,0.0,-0.021970747930877943,0.022268544189593075,2879360.0,60.48768138885498,0,6,9,2022,1,DGKC.KA
2022-09-07 00:00:00+05:00,58.03072113701864,58.58152255277793,57.16517712711908,57.4897575378418,768221,0.0,0.0,0.0,-0.005275659112516484,0.022243891199503117,2788458.5,60.41342182159424,0,7,9,2022,2,DGKC.KA
2022-09-08 00:00:00+05:00,58.03071997926691,59.997863029411555,57.53893421673075,59.82081985473633,3762038,0.0,0.0,0.0,0.040547436912742985,0.024032225569922433,2878632.95,60.47784576416016,0,8,9,2022,3,DGKC.KA
2022-09-09 00:00:00+05:00,59.702792833560274,61.2273279600722,59.01429200970815,59.692955017089844,2831823,0.0,0.0,0.0,-0.002137463812047047,0.023557957345787504,2939126.1,60.472436141967776,0,9,9,2022,4,DGKC.KA
2022-09-12 00:00:00+05:00,59.801147571950324,60.19457768014527,59.014291107587994,59.06346893310547,486171,0.0,0.0,0.0,-0.010545399935455668,0.02125320432634098,2752894.8,60.30375366210937,0,12,9,2022,0,DGKC.KA
2022-09-13 00:00:00+05:00,59.506076249869,60.18473923984006,58.5323388057972,59.929012298583984,2922648,0.0,0.0,0.0,0.014654462074667807,0.02151401132890101,2591186.3,60.20933074951172,0,13,9,2022,1,DGKC.KA
2022-09-14 00:00:00+05:00,59.50607835083133,60.194579181329125,59.26018546508409,59.565093994140625,1938932,0.0,0.0,0.0,-0.006072489608709208,0.019985913073764565,2401682.45,59.99589576721191,0,14,9,2022,2,DGKC.KA
2022-09-15 00:00:00+05:00,59.87983480967749,60.09621799133101,59.211005880142835,59.34870529174805,1562003,0.0,0.0,0.0,-0.0036328105587118964,0.019887664231797428,2385249.1,59.809017181396484,0,15,9,2022,3,DGKC.KA
2022-09-16 00:00:00+05:00,59.34870568690519,59.70279203454907,58.0307196995794,58.32579040527344,1357002,0.0,0.0,0.0,-0.01723567315320751,0.01994638447389232,2406805.8,59.62017135620117,0,16,9,2022,4,DGKC.KA
2022-09-19 00:00:00+05:00,58.27661292475934,58.91593591757197,57.78482716168121,57.89302062988281,644031,0.0,0.0,0.0,-0.0074198698788914275,0.019268585648890398,2328844.9,59.488864707946775,0,19,9,2022,0,DGKC.KA
2022-09-20 00:00:00+05:00,58.03071901834522,58.847085171610416,57.20451880088429,58.00121307373047,1182712,0.0,0.0,0.0,0.001868833974639994,0.01775272064208306,2242298.65,59.27149543762207,0,20,9,2022,1,DGKC.KA
2022-09-21 00:00:00+05:00,57.8438444147222,58.47332960866668,57.047150105620624,57.21435546875,840691,0.0,0.0,0.0,-0.013566226692193872,0.017213596482856277,2207026.0,59.091993713378905,0,21,9,2022,2,DGKC.KA
2022-09-22 00:00:00+05:00,57.71597792476112,57.71597792476112,54.647235788744865,56.575035095214844,2271628,0.0,0.0,0.0,-0.01117412524002559,0.01731010855913055,2212017.2,58.886427307128905,0,22,9,2022,3,DGKC.KA
2022-09-23 00:00:00+05:00,57.047148008372446,59.99786256052964,54.69641268214496,57.72581100463867,1128044,0.0,0.0,0.0,0.02034070164494084,0.017689555814289156,2165923.45,58.79495506286621,0,23,9,2022,4,DGKC.KA
2022-09-26 00:00:00+05:00,57.243863511402886,60.381455325751666,57.243863511402886,59.96835708618164,3698378,0.0,0.0,0.0,0.03884823863908582,0.01984805147234138,2277062.45,58.82003631591797,0,26,9,2022,0,DGKC.KA
2022-09-27 00:00:00+05:00,60.243754601688785,61.22732610538983,59.80114667461781,60.21424865722656,2627481,0.0,0.0,0.0,0.004100355303907177,0.019128644493713445,2288997.55,58.92281951904297,0,27,9,2022,1,DGKC.KA
2022-09-28 00:00:00+05:00,60.48964931056746,60.981435077320036,59.55525560333203,59.840492248535156,2634276,0.0,0.0,0.0,-0.006207109065148986,0.01888627075941036,2301139.4,58.95871982574463,0,28,9,2022,2,DGKC.KA
2022-09-29 00:00:00+05:00,59.99786331690817,60.715870083408184,59.309362495652884,59.68312072753906,1051240,0.0,0.0,0.0,-0.0026298500410472103,0.017718075196359474,1993026.5,58.902164459228516,0,29,9,2022,3,DGKC.KA
2022-09-30 00:00:00+05:00,59.5159100803342,60.9519273282987,58.522504511782614,59.62410354614258,1839323,0.0,0.0,0.0,-0.0009888420826033029,0.01771749504556268,1937335.0,58.84315013885498,0,30,9,2022,4,DGKC.KA
2022-10-03 00:00:00+05:00,59.2601842760418,59.751970037668706,58.81757634017207,59.073307037353516,675461,0.0,0.0,0.0,-0.009237816185576841,0.01665596979164919,1814275.75,58.84216651916504,0,3,10,2022,0,DGKC.KA
2022-10-04 00:00:00+05:00,59.26018472977596,60.09621903013187,58.817576790517336,59.3880500793457,1464043,0.0,0.0,0.0,0.005328007822436032,0.015850007994577028,1784307.3,58.92183589935303,0,4,10,2022,1,DGKC.KA
2022-10-05 00:00:00+05:00,59.584763846297626,61.945333217873745,58.81757551751129,61.26667022705078,4690657,0.0,0.0,0.0,0.031632965641996025,0.01712002932358174,1980429.1,59.11068153381348,0,5,10,2022,2,DGKC.KA
2022-10-06 00:00:00+05:00,61.84697911990056,62.4469583560757,60.68636440940418,61.03061294555664,3562829,0.0,0.0,0.0,-0.003852947787423844,0.014754370732906967,1970468.65,59.17117118835449,0,6,10,2022,3,DGKC.KA
2022-10-07 00:00:00+05:00,60.94208964293262,61.96500491019063,60.34211042363653,60.5191535949707,1821352,0.0,0.0,0.0,-0.008380373814075748,0.014891945570571639,1919945.1,59.21248111724854,0,7,10,2022,4,DGKC.KA
2022-10-10 00:00:00+05:00,61.394533878399905,61.394533878399905,60.312606682522244,61.05028533935547,1397044,0.0,0.0,0.0,0.008776258636057799,0.014743768532898341,1965488.75,59.311821937561035,0,10,10,2022,0,DGKC.KA
2022-10-11 00:00:00+05:00,61.030614107398726,61.42404422937213,60.04704255449294,60.332279205322266,1050991,0.0,0.0,0.0,-0.011760897267589776,0.014710767336905198,1871905.9,59.331985282897946,0,11,10,2022,1,DGKC.KA
2022-10-12 00:00:00+05:00,59.75197139697701,61.128973061669036,59.5257503917256,59.869998931884766,913956,0.0,0.0,0.0,-0.007662237852216203,0.01475202767084424,1820657.1,59.34723052978516,0,12,10,2022,2,DGKC.KA
2022-10-13 00:00:00+05:00,60.189998626708984,60.84000015258789,59.650001525878906,59.86000061035156,1059285,1.0,0.0,0.0,-0.00016700052967388856,0.014723016715185527,1795521.2,59.372795295715335,0,13,10,2022,3,DGKC.KA
2022-10-14 00:00:00+05:00,60.25,60.70000076293945,59.70000076293945,59.95000076293945,861707,0.0,0.0,0.0,0.0015035107195158215,0.014116665609925222,1770756.45,59.454005813598634,0,14,10,2022,4,DGKC.KA
2022-10-17 00:00:00+05:00,60.0,60.0,58.5,58.599998474121094,507948,0.0,0.0,0.0,-0.022518803530239828,0.014993482117638951,1763952.3,59.48935470581055,0,17,10,2022,0,DGKC.KA
2022-10-18 00:00:00+05:00,58.9900016784668,59.400001525878906,58.20000076293945,58.33000183105469,717290,0.0,0.0,0.0,-0.004607451366839932,0.015037068209045285,1740681.2,59.50579414367676,0,18,10,2022,1,DGKC.KA
2022-10-19 00:00:00+05:00,58.29999923706055,59.43000030517578,58.29999923706055,59.08000183105469,2539707,0.0,0.0,0.0,0.012857877189379696,0.014906687823726561,1825632.0,59.599076461791995,0,19,10,2022,2,DGKC.KA
2022-10-20 00:00:00+05:00,59.099998474121094,60.150001525878906,58.849998474121094,58.970001220703125,1274958,0.0,0.0,0.0,-0.00186189246686419,0.014625858346560957,1775798.5,59.718824768066405,0,20,10,2022,3,DGKC.KA
2022-10-21 00:00:00+05:00,58.5,59.25,57.599998474121094,58.630001068115234,922787,0.0,0.0,0.0,-0.005765646015766457,0.014073895445038601,1765535.65,59.764034271240234,0,21,10,2022,4,DGKC.KA
2022-10-24 00:00:00+05:00,59.5099983215332,59.79999923706055,58.5,58.630001068115234,655140,0.0,0.0,0.0,0.0,0.010873414675620354,1613373.75,59.697116470336915,0,24,10,2022,0,DGKC.KA
2022-10-25 00:00:00+05:00,58.5099983215332,58.939998626708984,56.650001525878906,56.939998626708984,852343,0.0,0.0,0.0,-0.028824874818658697,0.012430122195486493,1524616.85,59.53340396881104,0,25,10,2022,1,DGKC.KA
2022-10-26 00:00:00+05:00,56.04999923706055,56.04999923706055,52.849998474121094,53.16999816894531,2637982,0.0,0.0,0.0,-0.06621005529837276,0.018882820938376448,1524802.15,59.199879264831544,0,26,10,2022,2,DGKC.KA
2022-10-27 00:00:00+05:00,53.0,53.849998474121094,52.86000061035156,53.349998474121094,1050090,0.0,0.0,0.0,0.003385373544754211,0.018982248294503172,1524744.65,58.883223152160646,0,27,10,2022,3,DGKC.KA
2022-10-28 00:00:00+05:00,53.79999923706055,53.79999923706055,51.599998474121094,51.880001068115234,892994,0.0,0.0,0.0,-0.027553841575439275,0.019576161700411845,1477428.2,58.49601802825928,0,28,10,2022,4,DGKC.KA
2022-10-31 00:00:00+05:00,52.099998474121094,52.900001525878906,51.5,52.150001525878906,473556,0.0,0.0,0.0,0.0052043263724914635,0.019745043596594545,1467332.95,58.14985275268555,0,31,10,2022,0,DGKC.KA
2022-11-01 00:00:00+05:00,53.220001220703125,54.70000076293945,52.599998474121094,54.41999816894531,1833401,0.0,0.0,0.0,0.04352821815239927,0.022549420400840542,1485800.85,57.90145015716553,0,1,11,2022,1,DGKC.KA
2022-11-02 00:00:00+05:00,54.400001525878906,54.619998931884766,53.59000015258789,54.099998474121094,875238,0.0,0.0,0.0,-0.005880185696272688,0.020920868816930338,1295029.9,57.54311656951904,0,2,11,2022,2,DGKC.KA
2022-11-03 00:00:00+05:00,53.90999984741211,55.63999938964844,53.90999984741211,54.810001373291016,2085535,0.0,0.0,0.0,0.013123898691227431,0.02135208589551829,1221165.2,57.23208599090576,0,3,11,2022,3,DGKC.KA
2022-11-04 00:00:00+05:00,53.150001525878906,55.9900016784668,53.0,53.93000030517578,1769812,0.0,0.0,0.0,-0.01605548341664631,0.021481952854974663,1218588.2,56.902628326416014,0,4,11,2022,4,DGKC.KA
2022-11-07 00:00:00+05:00,54.25,54.880001068115234,53.90999984741211,54.09000015258789,570371,0.0,0.0,0.0,0.0029668059800984636,0.021317049512838623,1177254.55,56.55461406707764,0,7,11,2022,0,DGKC.KA
2022-11-08 00:00:00+05:00,54.65999984741211,55.599998474121094,54.54999923706055,55.25,1429153,0.0,0.0,0.0,0.021445735702343205,0.022108071809069672,1196162.65,56.300500106811526,0,8,11,2022,1,DGKC.KA
2022-11-09 00:00:00+05:00,55.25,55.25,55.25,55.25,0,0.0,0.0,0.0,0.0,0.022110477888639603,1150464.85,56.06950016021729,0,9,11,2022,2,DGKC.KA
2022-11-10 00:00:00+05:00,55.5,56.400001525878906,55.5,55.880001068115234,1699803,0.0,0.0,0.0,0.01140273426452909,0.022359694536784932,1182490.75,55.87050018310547,0,10,11,2022,3,DGKC.KA
2022-11-11 00:00:00+05:00,56.25,56.29999923706055,55.599998474121094,55.810001373291016,675263,0.0,0.0,0.0,-0.0012526788383359078,0.0223377079443535,1173168.55,55.663500213623045,0,11,11,2022,4,DGKC.KA
2022-11-14 00:00:00+05:00,55.5,55.849998474121094,55.0,55.220001220703125,439779,0.0,0.0,0.0,-0.010571584627665831,0.021954022938574347,1169760.1,55.49450035095215,0,14,11,2022,0,DGKC.KA
2022-11-15 00:00:00+05:00,55.220001220703125,55.9900016784668,54.849998474121094,55.209999084472656,494847,0.0,0.0,0.0,-0.00018113248839835006,0.02195644737717991,1158637.95,55.33850021362305,0,15,11,2022,1,DGKC.KA
2022-11-16 00:00:00+05:00,54.709999084472656,55.400001525878906,54.709999084472656,54.77000045776367,322841,0.0,0.0,0.0,-0.007969545988142035,0.02168128424408286,1047794.65,55.123000144958496,0,16,11,2022,2,DGKC.KA
2022-11-17 00:00:00+05:00,55.0,55.849998474121094,54.70000076293945,54.77000045776367,703342,0.0,0.0,0.0,0.0,0.021692924028331527,1019213.85,54.91300010681152,0,17,11,2022,3,DGKC.KA
2022-11-18 00:00:00+05:00,54.70000076293945,55.189998626708984,54.5,54.83000183105469,297400,0.0,0.0,0.0,0.0010955152965039794,0.021708795803441972,987944.5,54.7230001449585,0,18,11,2022,4,DGKC.KA
2022-11-21 00:00:00+05:00,54.400001525878906,55.209999084472656,54.02000045776367,54.599998474121094,554348,0.0,0.0,0.0,-0.004194844961747268,0.021697353552090976,982904.9,54.52150001525879,0,21,11,2022,0,DGKC.KA
2022-11-22 00:00:00+05:00,54.209999084472656,55.380001068115234,54.209999084472656,55.02000045776367,758998,0.0,0.0,0.0,0.007692344237731907,0.020962802581839968,978237.65,54.425500106811526,0,22,11,2022,1,DGKC.KA
2022-11-23 00:00:00+05:00,55.439998626708984,55.79999923706055,54.599998474121094,54.709999084472656,620357,0.0,0.0,0.0,-0.005634339707593972,0.014501762507089235,877356.4,54.50250015258789,0,23,11,2022,2,DGKC.KA
2022-11-24 00:00:00+05:00,54.779998779296875,55.52000045776367,54.63999938964844,55.0099983215332,725099,0.0,0.0,0.0,0.005483444380931957,0.014523481225640842,861106.85,54.585500144958495,0,24,11,2022,3,DGKC.KA
2022-11-25 00:00:00+05:00,55.88999938964844,55.88999938964844,53.540000915527344,53.83000183105469,998239,0.0,0.0,0.0,-0.021450582193830336,0.013929942506493096,866369.1,54.68300018310547,0,25,11,2022,4,DGKC.KA
2022-11-28 00:00:00+05:00,52.5,52.5,50.279998779296875,50.70000076293945,2845813,0.0,0.0,0.0,-0.058146033097653094,0.019311211382769485,984981.95,54.61050014495849,0,28,11,2022,0,DGKC.KA
2022-11-29 00:00:00+05:00,51.0,51.34000015258789,50.45000076293945,51.09000015258789,579016,0.0,0.0,0.0,0.007692295538060723,0.016379771872518042,922262.7,54.444000244140625,0,29,11,2022,1,DGKC.KA
2022-11-30 00:00:00+05:00,51.25,51.349998474121094,50.2599983215332,50.849998474121094,2157873,0.0,0.0,0.0,-0.0046976253229593645,0.016371042189670757,986394.45,54.281500244140624,0,30,11,2022,2,DGKC.KA
2022-12-01 00:00:00+05:00,50.97999954223633,51.25,50.529998779296875,50.79999923706055,382510,0.0,0.0,0.0,-0.0009832691949045458,0.015939692972134916,901243.2,54.0810001373291,0,1,12,2022,3,DGKC.KA
2022-12-02 00:00:00+05:00,51.040000915527344,51.040000915527344,49.900001525878906,50.060001373291016,666071,0.0,0.0,0.0,-0.014566887300850095,0.015882176986234467,846056.15,53.88750019073486,0,2,12,2022,4,DGKC.KA
2022-12-05 00:00:00+05:00,50.43000030517578,50.43000030517578,48.400001525878906,48.75,1477948,0.0,0.0,0.0,-0.02616862439780021,0.01657007981606915,891435.0,53.62050018310547,0,5,12,2022,0,DGKC.KA
2022-12-06 00:00:00+05:00,49.540000915527344,49.970001220703125,48.310001373291016,49.150001525878906,483413,0.0,0.0,0.0,0.008205159505208393,0.015697278062428002,844148.0,53.315500259399414,0,6,12,2022,1,DGKC.KA
2022-12-07 00:00:00+05:00,49.150001525878906,49.86000061035156,48.900001525878906,49.0099983215332,892564,0.0,0.0,0.0,-0.0028484883011038464,0.015655588682628646,888776.2,53.00350017547608,0,7,12,2022,2,DGKC.KA
2022-12-08 00:00:00+05:00,49.0,49.439998626708984,48.400001525878906,48.47999954223633,867122,0.0,0.0,0.0,-0.01081409503056463,0.015146562144820087,847142.15,52.63350009918213,0,8,12,2022,3,DGKC.KA
2022-12-09 00:00:00+05:00,48.0,48.79999923706055,48.0,48.38999938964844,421339,0.0,0.0,0.0,-0.0018564388085334782,0.015135174171695671,834445.95,52.2625,0,9,12,2022,4,DGKC.KA
2022-12-12 00:00:00+05:00,48.689998626708984,52.0099983215332,48.029998779296875,49.47999954223633,1693884,0.0,0.0,0.0,0.022525318585167486,0.016473794514625315,897151.2,51.97549991607666,0,12,12,2022,0,DGKC.KA
2022-12-13 00:00:00+05:00,49.439998626708984,49.900001525878906,49.0,49.630001068115234,515896,0.0,0.0,0.0,0.0030315587563993773,0.016542275903427814,898203.65,51.69650001525879,0,13,12,2022,1,DGKC.KA
2022-12-14 00:00:00+05:00,49.27000045776367,50.939998626708984,48.849998474121094,50.150001525878906,933703,0.0,0.0,0.0,0.010477542747782564,0.016889209808724555,928746.75,51.465500068664554,0,14,12,2022,2,DGKC.KA
2022-12-15 00:00:00+05:00,50.099998474121094,50.369998931884766,48.77000045776367,49.4900016784668,689811,0.0,0.0,0.0,-0.013160515001610307,0.01697076366820492,928070.2,51.20150012969971,0,15,12,2022,3,DGKC.KA
2022-12-16 00:00:00+05:00,49.7400016784668,50.369998931884766,49.0,49.790000915527344,400678,0.0,0.0,0.0,0.006061815051242592,0.017099199362004353,933234.1,50.94950008392334,0,16,12,2022,4,DGKC.KA
2022-12-19 00:00:00+05:00,49.790000915527344,51.88999938964844,49.11000061035156,49.93000030517578,1039059,0.0,0.0,0.0,0.002811797290101614,0.01718097659386819,957469.65,50.716000175476076,0,19,12,2022,0,DGKC.KA
2022-12-20 00:00:00+05:00,49.880001068115234,51.5,46.400001525878906,48.84000015258789,3802055,0.0,0.0,0.0,-0.021830565710509342,0.01736214439730664,1109622.5,50.40700016021729,0,20,12,2022,1,DGKC.KA
2022-12-21 00:00:00+05:00,47.5,48.9900016784668,47.20000076293945,48.13999938964844,1246376,0.0,0.0,0.0,-0.014332529908936964,0.017466577338090955,1140923.45,50.07850017547607,0,21,12,2022,2,DGKC.KA
2022-12-22 00:00:00+05:00,47.20000076293945,48.83000183105469,47.20000076293945,48.119998931884766,830727,0.0,0.0,0.0,-0.0004154644374169125,0.017307480847839167,1146204.85,49.73400020599365,0,22,12,2022,3,DGKC.KA
2022-12-23 00:00:00+05:00,47.70000076293945,48.5,47.099998474121094,47.619998931884766,1765832,0.0,0.0,0.0,-0.01039069017245331,0.016979004771049248,1184584.5,49.423500061035156,0,23,12,2022,4,DGKC.KA
2022-12-26 00:00:00+05:00,47.900001525878906,49.869998931884766,47.630001068115234,49.09000015258789,1212176,0.0,0.0,0.0,0.030869408939000698,0.013985166427801498,1102902.65,49.34300003051758,0,26,12,2022,0,DGKC.KA
2022-12-27 00:00:00+05:00,49.150001525878906,49.900001525878906,47.880001068115234,48.5,1691937,0.0,0.0,0.0,-0.012018744158769135,0.01399635823134857,1158548.7,49.213500022888184,0,27,12,2022,1,DGKC.KA
2022-12-28 00:00:00+05:00,48.79999923706055,50.75,47.349998474121094,49.33000183105469,5632062,0.0,0.0,0.0,0.01711343981556057,0.014650947865491676,1332258.15,49.13750019073486,0,28,12,2022,2,DGKC.KA
2022-12-29 00:00:00+05:00,48.349998474121094,51.77000045776367,48.20000076293945,51.060001373291016,3403600,0.0,0.0,0.0,0.03506992657655328,0.016771360221363437,1483312.65,49.15050029754639,0,29,12,2022,3,DGKC.KA
2022-12-30 00:00:00+05:00,51.0,52.5,49.5,51.63999938964844,4867553,0.0,0.0,0.0,0.011359146117469798,0.016555161067517272,1693386.75,49.229500198364256,0,30,12,2022,4,DGKC.KA
2023-01-02 00:00:00+05:00,51.5,51.5,50.29999923706055,50.56999969482422,816082,0.0,0.0,0.0,-0.020720366140025703,0.016111603666780345,1660293.45,49.320500183105466,0,2,1,2023,0,DGKC.KA
2023-01-03 00:00:00+05:00,50.779998779296875,50.790000915527344,48.310001373291016,48.68000030517578,1095419,0.0,0.0,0.0,-0.03737392527296923,0.018261389421167642,1690893.75,49.297000122070315,0,3,1,2023,1,DGKC.KA
2023-01-04 00:00:00+05:00,48.68000030517578,49.779998779296875,46.810001373291016,47.2400016784668,1682425,0.0,0.0,0.0,-0.029580908333640243,0.019398932406165692,1730386.8,49.20850028991699,0,4,1,2023,2,DGKC.KA
2023-01-05 00:00:00+05:00,47.459999084472656,47.849998474121094,47.0099983215332,47.54999923706055,384275,0.0,0.0,0.0,0.0065621834796643075,0.01935637853266915,1706244.45,49.162000274658205,0,5,1,2023,3,DGKC.KA
2023-01-06 00:00:00+05:00,47.54999923706055,48.0,47.29999923706055,47.70000076293945,631111,0.0,0.0,0.0,0.003154606273095162,0.019374270117962954,1716733.05,49.12750034332275,0,6,1,2023,4,DGKC.KA
2023-01-09 00:00:00+05:00,47.70000076293945,48.0,46.0,47.08000183105469,804158,0.0,0.0,0.0,-0.012997880963693254,0.01876730892793177,1672246.75,49.00750045776367,0,9,1,2023,0,DGKC.KA
2023-01-10 00:00:00+05:00,48.0,49.04999923706055,47.04999923706055,47.560001373291016,3137748,0.0,0.0,0.0,0.010195401944944615,0.01894228286059321,1803339.35,48.904000473022464,0,10,1,2023,1,DGKC.KA
2023-01-11 00:00:00+05:00,47.560001373291016,47.68000030517578,46.25,46.459999084472656,1745969,0.0,0.0,0.0,-0.023128727019678053,0.01926890783958797,1843952.65,48.719500350952146,0,11,1,2023,2,DGKC.KA
2023-01-12 00:00:00+05:00,46.099998474121094,48.20000076293945,46.0099983215332,46.959999084472656,3057013,0.0,0.0,0.0,0.010761945971865083,0.019388783517832728,1962312.75,48.59300022125244,0,12,1,2023,3,DGKC.KA
2023-01-13 00:00:00+05:00,46.2599983215332,46.77000045776367,45.75,45.86000061035156,894867,0.0,0.0,0.0,-0.023424158764194014,0.019824317448698094,1987022.2,48.396500205993654,0,13,1,2023,4,DGKC.KA
2023-01-16 00:00:00+05:00,45.5,45.97999954223633,44.9900016784668,45.11000061035156,761672,0.0,0.0,0.0,-0.01635412102089484,0.01994486100132345,1973152.85,48.15550022125244,0,16,1,2023,0,DGKC.KA
2023-01-17 00:00:00+05:00,45.29999923706055,45.58000183105469,42.099998474121094,42.31999969482422,3661677,0.0,0.0,0.0,-0.06184883346880543,0.023437124702880906,1966133.95,47.82950019836426,0,17,1,2023,1,DGKC.KA
2023-01-18 00:00:00+05:00,42.36000061035156,42.689998626708984,41.029998779296875,42.119998931884766,1004718,0.0,0.0,0.0,-0.004725915982554119,0.023374600711206076,1954051.05,47.528500175476076,0,18,1,2023,2,DGKC.KA
2023-01-19 00:00:00+05:00,42.209999084472656,43.33000183105469,42.209999084472656,42.70000076293945,819001,0.0,0.0,0.0,0.013770224258377928,0.023777342128546857,1953464.75,47.25750026702881,0,19,1,2023,3,DGKC.KA
2023-01-20 00:00:00+05:00,42.5,42.75,41.209999084472656,41.61000061035156,1167837,0.0,0.0,0.0,-0.025526935201695244,0.024172591548692113,1923565.0,46.95700035095215,0,20,1,2023,4,DGKC.KA
2023-01-23 00:00:00+05:00,41.900001525878906,42.79999923706055,40.61000061035156,42.310001373291016,366798,0.0,0.0,0.0,0.016822897204315623,0.023216614395636447,1881296.1,46.6180004119873,0,23,1,2023,0,DGKC.KA
2023-01-24 00:00:00+05:00,42.310001373291016,43.900001525878906,42.150001525878906,43.36000061035156,3783832,0.0,0.0,0.0,0.024816809335378,0.02424777730156323,1985890.85,46.36100044250488,0,24,1,2023,1,DGKC.KA
2023-01-25 00:00:00+05:00,43.349998474121094,44.79999923706055,42.599998474121094,42.90999984741211,4881581,0.0,0.0,0.0,-0.010378246231666832,0.02368279889631898,1948366.8,46.04000034332275,0,25,1,2023,2,DGKC.KA
2023-01-26 00:00:00+05:00,42.959999084472656,45.88999938964844,42.79999923706055,43.97999954223633,13474736,0.0,0.0,0.0,0.0249359053514131,0.02283585860365714,2451923.6,45.68600025177002,0,26,1,2023,3,DGKC.KA
2023-01-27 00:00:00+05:00,44.08000183105469,44.29999923706055,42.0,42.150001525878906,2571629,0.0,0.0,0.0,-0.04160977797646359,0.023629874202242496,2337127.4,45.211500358581546,0,27,1,2023,4,DGKC.KA
2023-01-30 00:00:00+05:00,42.68000030517578,42.9900016784668,40.25,40.63999938964844,3579269,0.0,0.0,0.0,-0.035824485920916804,0.024229906912506892,2475286.75,44.71500034332276,0,30,1,2023,0,DGKC.KA
2023-01-31 00:00:00+05:00,40.70000076293945,41.79999923706055,40.52000045776367,41.34000015258789,3297609,0.0,0.0,0.0,0.017224428480620224,0.024128649372827382,2585396.25,44.34800033569336,0,31,1,2023,1,DGKC.KA
2023-02-01 00:00:00+05:00,41.599998474121094,42.29999923706055,41.34000015258789,41.689998626708984,3112543,0.0,0.0,0.0,0.008466339449183291,0.023823744861340063,2656902.15,44.070500183105466,0,1,2,2023,2,DGKC.KA
2023-02-02 00:00:00+05:00,41.599998474121094,42.349998474121094,41.470001220703125,41.650001525878906,1283521,0.0,0.0,0.0,-0.0009593931913552955,0.02367464420995422,2701864.45,43.77550029754639,0,2,2,2023,3,DGKC.KA
2023-02-03 00:00:00+05:00,41.61000061035156,41.880001068115234,40.20000076293945,41.060001373291016,874551,0.0,0.0,0.0,-0.014165669411111526,0.023626117722909363,2714036.45,43.44350032806396,0,3,2,2023,4,DGKC.KA
2023-02-06 00:00:00+05:00,40.900001525878906,41.869998931884766,40.5099983215332,41.61000061035156,2005104,0.0,0.0,0.0,0.01339501263188736,0.024018911145648702,2774083.75,43.17000026702881,0,6,2,2023,0,DGKC.KA
2023-02-07 00:00:00+05:00,42.0,42.599998474121094,40.93000030517578,41.11000061035156,2359834,0.0,0.0,0.0,-0.01201634204916624,0.02374859183907409,2735188.05,42.847500228881835,0,7,2,2023,1,DGKC.KA
2023-02-08 00:00:00+05:00,41.04999923706055,41.400001525878906,40.709999084472656,41.040000915527344,1318540,0.0,0.0,0.0,-0.0017027412742629533,0.023463738313187276,2713816.6,42.57650032043457,0,8,2,2023,2,DGKC.KA
2023-02-09 00:00:00+05:00,41.400001525878906,43.20000076293945,41.400001525878906,42.77000045776367,10873946,0.0,0.0,0.0,0.042153984006900735,0.025591694950257322,3104663.25,42.36700038909912,0,9,2,2023,3,DGKC.KA
2023-02-10 00:00:00+05:00,41.9900016784668,42.7400016784668,41.5,41.790000915527344,2890724,0.0,0.0,0.0,-0.02291324600765665,0.025571897788740652,3204456.1,42.16350040435791,0,10,2,2023,4,DGKC.KA
2023-02-13 00:00:00+05:00,41.70000076293945,42.400001525878906,41.5,41.58000183105469,2146434,0.0,0.0,0.0,-0.005025103610242554,0.025416346151050453,3273694.2,41.987000465393066,0,13,2,2023,0,DGKC.KA
2023-02-14 00:00:00+05:00,41.84000015258789,41.84000015258789,40.72999954223633,41.0099983215332,1299525,0.0,0.0,0.0,-0.013708597508905518,0.021621361595614914,3155586.6,41.92150039672852,0,14,2,2023,1,DGKC.KA
2023-02-15 00:00:00+05:00,41.20000076293945,41.599998474121094,40.79999923706055,41.43000030517578,946007,0.0,0.0,0.0,0.01024145332437243,0.02175691362296748,3152651.05,41.887000465393065,0,15,2,2023,2,DGKC.KA
2023-02-16 00:00:00+05:00,41.45000076293945,41.900001525878906,40.900001525878906,41.08000183105469,2841844,0.0,0.0,0.0,-0.008447947659738997,0.0215507959982971,3253793.2,41.806000518798825,0,16,2,2023,3,DGKC.KA
2023-02-17 00:00:00+05:00,41.0,41.18000030517578,40.5,40.959999084472656,757520,0.0,0.0,0.0,-0.0029211962325501606,0.02081626127108215,3233277.35,41.77350044250488,0,17,2,2023,4,DGKC.KA
2023-02-20 00:00:00+05:00,40.970001220703125,41.04999923706055,40.20000076293945,40.38999938964844,613544,0.0,0.0,0.0,-0.01391600848546648,0.020597283009219567,3245614.65,41.677500343322755,0,20,2,2023,0,DGKC.KA
2023-02-21 00:00:00+05:00,40.400001525878906,41.25,40.400001525878906,41.08000183105469,669697,0.0,0.0,0.0,0.017083497198147723,0.020132378501354072,3089907.9,41.56350040435791,0,21,2,2023,1,DGKC.KA
2023-02-22 00:00:00+05:00,41.29999923706055,42.400001525878906,41.29999923706055,41.58000183105469,3753549,0.0,0.0,0.0,0.012171372388353197,0.020298946691259003,3033506.3,41.497000503540036,0,22,2,2023,2,DGKC.KA
2023-02-23 00:00:00+05:00,41.0,41.45000076293945,40.310001373291016,40.619998931884766,2415404,0.0,0.0,0.0,-0.023088091796401256,0.01985817069932647,2480539.7,41.32900047302246,0,23,2,2023,3,DGKC.KA
2023-02-24 00:00:00+05:00,40.209999084472656,41.0,40.209999084472656,40.470001220703125,1520990,0.0,0.0,0.0,-0.0036927059361367975,0.017754880856830236,2428007.75,41.24500045776367,0,24,2,2023,4,DGKC.KA
2023-02-27 00:00:00+05:00,40.25,41.099998474121094,40.29999923706055,40.59000015258789,625810,0.0,0.0,0.0,0.0029651328951127986,0.015870647880446547,2280334.8,41.24250049591065,0,27,2,2023,0,DGKC.KA
2023-02-28 00:00:00+05:00,40.54999923706055,40.54999923706055,40.0,40.04999923706055,896538,0.0,0.0,0.0,-0.013303791906808193,0.015598373934787258,2160281.25,41.17800045013428,0,28,2,2023,1,DGKC.KA
2023-03-01 00:00:00+05:00,39.9900016784668,39.9900016784668,39.5099983215332,39.83000183105469,862357,0.0,0.0,0.0,-0.005493068918769994,0.015441927513546111,2047771.95,41.085000610351564,0,1,3,2023,2,DGKC.KA
2023-03-02 00:00:00+05:00,39.810001373291016,40.189998626708984,39.29999923706055,39.439998626708984,1027054,0.0,0.0,0.0,-0.009791694361450554,0.015531603613845054,2034948.6,40.974500465393064,0,2,3,2023,3,DGKC.KA
2023-03-03 00:00:00+05:00,39.099998474121094,40.79999923706055,39.0,40.540000915527344,833865,0.0,0.0,0.0,0.02789052553550131,0.01668846736428742,2032914.3,40.94850044250488,0,3,3,2023,4,DGKC.KA
2023-03-06 00:00:00+05:00,40.599998474121094,41.75,40.599998474121094,41.0099983215332,1533408,0.0,0.0,0.0,0.011593423665312352,0.016614181657439536,2009329.5,40.91850032806396,0,6,3,2023,0,DGKC.KA
2023-03-07 00:00:00+05:00,41.2400016784668,42.630001068115234,41.15999984741211,42.040000915527344,4488727,0.0,0.0,0.0,0.025115889689108162,0.017330124055850202,2115774.15,40.96500034332276,0,7,3,2023,1,DGKC.KA
2023-03-08 00:00:00+05:00,42.400001525878906,42.70000076293945,41.70000076293945,41.75,1979584,0.0,0.0,0.0,-0.006898213825210275,0.017415609340661015,2148826.35,41.00050029754639,0,8,3,2023,2,DGKC.KA
2023-03-09 00:00:00+05:00,42.189998626708984,43.45000076293945,41.52000045776367,42.91999816894531,6061862,0.0,0.0,0.0,0.028023908238210993,0.01587690452844945,1908222.15,41.008000183105466,0,9,3,2023,3,DGKC.KA
2023-03-10 00:00:00+05:00,43.189998626708984,43.75,42.20000076293945,43.029998779296875,4706599,0.0,0.0,0.0,0.0025629220653404783,0.014909466664978121,1999015.9,41.070000076293944,0,10,3,2023,4,DGKC.KA
2023-03-13 00:00:00+05:00,43.400001525878906,44.45000076293945,43.150001525878906,43.790000915527344,5415991,0.0,0.0,0.0,0.017662146358138564,0.015240812291943037,2162493.75,41.18050003051758,0,13,3,2023,0,DGKC.KA
2023-03-14 00:00:00+05:00,43.25,43.900001525878906,42.900001525878906,43.099998474121094,1304652,0.0,0.0,0.0,-0.015757077574336975,0.015363296456458491,2162750.1,41.285000038146975,0,14,3,2023,1,DGKC.KA
2023-03-15 00:00:00+05:00,43.0099983215332,46.33000183105469,42.75,46.33000183105469,8451046,0.0,0.0,0.0,0.0749420758999102,0.02230206412397009,2538002.05,41.53000011444092,0,15,3,2023,2,DGKC.KA
2023-03-16 00:00:00+05:00,47.5099983215332,48.900001525878906,46.5,46.9900016784668,6558116,0.0,0.0,0.0,0.014245625325439049,0.022113633376809678,2723815.65,41.825500106811525,0,16,3,2023,3,DGKC.KA
2023-03-17 00:00:00+05:00,46.75,47.400001525878906,45.900001525878906,46.849998474121094,4522943,0.0,0.0,0.0,-0.0029794253957190486,0.022115007935292086,2912086.8,42.12000007629395,0,17,3,2023,4,DGKC.KA
2023-03-20 00:00:00+05:00,47.349998474121094,48.099998474121094,45.400001525878906,45.59000015258789,3027748,0.0,0.0,0.0,-0.026894308699480507,0.022935217340078813,3032797.0,42.38000011444092,0,20,3,2023,0,DGKC.KA
2023-03-21 00:00:00+05:00,45.59000015258789,46.25,44.95000076293945,45.529998779296875,1204516,0.0,0.0,0.0,-0.0013161082055317408,0.022849522254297473,3059537.95,42.60249996185303,0,21,3,2023,1,DGKC.KA
2023-03-22 00:00:00+05:00,45.599998474121094,45.75,43.02000045776367,43.2599983215332,2566632,0.0,0.0,0.0,-0.049857248377433994,0.025889227594461106,3000192.1,42.686499786376956,0,22,3,2023,2,DGKC.KA
2023-03-23 00:00:00+05:00,43.2599983215332,43.2599983215332,43.2599983215332,43.2599983215332,0,0.0,0.0,0.0,0.0,0.025203418327844326,2879421.9,42.81849975585938,0,23,3,2023,3,DGKC.KA
2023-03-24 00:00:00+05:00,43.900001525878906,43.900001525878906,41.599998474121094,42.029998779296875,726731,0.0,0.0,0.0,-0.028432722837718694,0.02616140639471612,2839708.95,42.89649963378906,0,24,3,2023,4,DGKC.KA
2023-03-27 00:00:00+05:00,42.29999923706055,42.29999923706055,41.150001525878906,41.869998931884766,1154311,0.0,0.0,0.0,-0.003806801143447114,0.026194973439314914,2866134.0,42.9604995727539,0,27,3,2023,0,DGKC.KA
2023-03-28 00:00:00+05:00,41.810001373291016,43.0,41.77000045776367,42.599998474121094,3430473,0.0,0.0,0.0,0.017434907113895726,0.026159238105652103,2992830.75,43.087999534606936,0,28,3,2023,1,DGKC.KA
2023-03-29 00:00:00+05:00,42.93000030517578,43.400001525878906,42.529998779296875,42.599998474121094,1377104,0.0,0.0,0.0,0.0,0.026089561551088238,3018568.1,43.22649936676025,0,29,3,2023,2,DGKC.KA
2023-03-30 00:00:00+05:00,42.369998931884766,42.790000915527344,41.849998474121094,42.45000076293945,1095994,0.0,0.0,0.0,-0.003521073158553323,0.025956396295069992,3022015.1,43.37699947357178,0,30,3,2023,3,DGKC.KA
2023-03-31 00:00:00+05:00,42.459999084472656,44.72999954223633,42.099998474121094,43.90999984741211,3000878,0.0,0.0,0.0,0.03439338181937779,0.026309730302806207,3130365.75,43.54549942016602,0,31,3,2023,4,DGKC.KA
2023-04-03 00:00:00+05:00,43.75,43.75,42.650001525878906,42.95000076293945,861454,0.0,0.0,0.0,-0.02186288061509145,0.026880714047215162,3096768.05,43.64249954223633,0,3,4,2023,0,DGKC.KA
2023-04-04 00:00:00+05:00,42.9900016784668,43.09000015258789,42.25,42.70000076293945,620550,0.0,0.0,0.0,-0.005820721666103368,0.026405976533503697,2903359.2,43.675499534606935,0,4,4,2023,1,DGKC.KA
2023-04-05 00:00:00+05:00,43.29999923706055,43.70000076293945,42.900001525878906,43.04999923706055,556720,0.0,0.0,0.0,0.008196685430152728,0.026380870617436807,2832216.0,43.74049949645996,0,5,4,2023,2,DGKC.KA
2023-04-06 00:00:00+05:00,43.099998474121094,44.400001525878906,43.099998474121094,44.16999816894531,1221141,0.0,0.0,0.0,0.026016235812626576,0.026279701111976993,2590179.95,43.80299949645996,0,6,4,2023,3,DGKC.KA
2023-04-07 00:00:00+05:00,44.79999923706055,46.099998474121094,44.20000076293945,44.58000183105469,4316454,0.0,0.0,0.0,0.009282401609824742,0.026333400465006214,2570672.7,43.88049964904785,0,7,4,2023,4,DGKC.KA
2023-04-10 00:00:00+05:00,44.599998474121094,44.900001525878906,43.5,43.68000030517578,858997,0.0,0.0,0.0,-0.020188458701496992,0.026515327906049636,2342823.0,43.874999618530275,0,10,4,2023,0,DGKC.KA
2023-04-11 00:00:00+05:00,43.869998931884766,44.70000076293945,43.2599983215332,44.54999923706055,810839,0.0,0.0,0.0,0.019917557825238408,0.02658496183372895,2318132.35,43.947499656677245,0,11,4,2023,1,DGKC.KA
2023-04-12 00:00:00+05:00,44.20000076293945,45.150001525878906,44.119998931884766,45.0,1076207,0.0,0.0,0.0,0.010101027399459506,0.02047036256730107,1949390.4,43.88099956512451,0,12,4,2023,2,DGKC.KA
2023-04-13 00:00:00+05:00,45.5099983215332,45.88999938964844,44.599998474121094,45.029998779296875,1006039,0.0,0.0,0.0,0.0006666395399306246,0.02015191510088777,1671786.55,43.782999420166014,0,13,4,2023,3,DGKC.KA
2023-04-14 00:00:00+05:00,45.029998779296875,45.029998779296875,45.029998779296875,45.029998779296875,0,0.0,0.0,0.0,0.0,0.020154788966977605,1445639.4,43.691999435424805,0,14,4,2023,4,DGKC.KA
2023-04-17 00:00:00+05:00,45.099998474121094,45.790000915527344,44.599998474121094,44.720001220703125,534605,0.0,0.0,0.0,-0.006884245325280203,0.01932217515353777,1320982.25,43.648499488830566,0,17,4,2023,0,DGKC.KA
2023-04-18 00:00:00+05:00,44.9900016784668,44.9900016784668,44.20000076293945,44.45000076293945,191694,0.0,0.0,0.0,-0.00603757715549158,0.019357827532603143,1270341.15,43.594499588012695,0,18,4,2023,1,DGKC.KA
2023-04-19 00:00:00+05:00,44.61000061035156,44.650001525878906,43.88999938964844,44.130001068115234,1932605,0.0,0.0,0.0,-0.007199093123323896,0.015697661642313704,1238639.8,43.6379997253418,0,19,4,2023,2,DGKC.KA
2023-04-20 00:00:00+05:00,44.29999923706055,44.900001525878906,43.97999954223633,44.689998626708984,2699064,0.0,0.0,0.0,0.012689724564687532,0.015905396929494844,1373593.0,43.709499740600585,0,20,4,2023,3,DGKC.KA
2023-04-21 00:00:00+05:00,44.689998626708984,44.689998626708984,44.689998626708984,44.689998626708984,0,0.0,0.0,0.0,0.0,0.014250489464810872,1337256.45,43.84249973297119,0,21,4,2023,4,DGKC.KA
2023-04-24 00:00:00+05:00,44.689998626708984,44.689998626708984,44.689998626708984,44.689998626708984,0,0.0,0.0,0.0,0.0,0.014177650302831335,1279540.9,43.983499717712405,0,24,4,2023,0,DGKC.KA
2023-04-25 00:00:00+05:00,44.689998626708984,44.689998626708984,44.689998626708984,44.689998626708984,0,0.0,0.0,0.0,0.0,0.01379754055167461,1108017.25,44.087999725341795,0,25,4,2023,1,DGKC.KA
2023-04-26 00:00:00+05:00,44.54999923706055,45.20000076293945,44.54999923706055,44.66999816894531,866575,0.0,0.0,0.0,-0.0004475376678959586,0.01380214921837542,1082490.8,44.19149971008301,0,26,4,2023,2,DGKC.KA
2023-04-27 00:00:00+05:00,44.66999816894531,45.5,44.54999923706055,45.060001373291016,2012559,0.0,0.0,0.0,0.008730763831032107,0.013794365659430563,1128319.05,44.32199974060059,0,27,4,2023,3,DGKC.KA
2023-04-28 00:00:00+05:00,45.349998474121094,45.95000076293945,44.61000061035156,44.959999084472656,2507660,0.0,0.0,0.0,-0.0022193139318817945,0.01168842782688246,1103658.15,44.37449970245361,0,28,4,2023,4,DGKC.KA
2023-05-01 00:00:00+05:00,44.959999084472656,44.959999084472656,44.959999084472656,44.959999084472656,0,0.0,0.0,0.0,0.0,0.010360232838982984,1060585.45,44.474999618530276,0,1,5,2023,0,DGKC.KA
2023-05-02 00:00:00+05:00,45.150001525878906,47.18000030517578,45.150001525878906,46.880001068115234,5802462,0.0,0.0,0.0,0.04270467132428535,0.013541957898014469,1319681.05,44.683999633789064,0,2,5,2023,1,DGKC.KA
2023-05-03 00:00:00+05:00,47.04999923706055,48.2400016784668,46.25,47.84000015258789,9087395,0.0,0.0,0.0,0.02047779570392505,0.013977135171626945,1746214.8,44.92349967956543,0,3,5,2023,2,DGKC.KA
2023-05-04 00:00:00+05:00,47.599998474121094,49.4900016784668,47.310001373291016,48.11000061035156,8237683,0.0,0.0,0.0,0.00564382225966753,0.013109520514627139,2097041.9,45.120499801635745,0,4,5,2023,3,DGKC.KA
2023-05-05 00:00:00+05:00,48.0,50.29999923706055,47.650001525878906,49.529998779296875,5149394,0.0,0.0,0.0,0.02951565476887108,0.014241084912276377,2138688.9,45.36799964904785,0,5,5,2023,4,DGKC.KA
2023-05-08 00:00:00+05:00,49.5099983215332,49.689998626708984,47.4900016784668,47.59000015258789,2005465,0.0,0.0,0.0,-0.03916815413934327,0.016489068125893663,2196012.3,45.56349964141846,0,8,5,2023,0,DGKC.KA
2023-05-09 00:00:00+05:00,47.650001525878906,48.20000076293945,45.970001220703125,47.0,2605046,0.0,0.0,0.0,-0.012397565679684197,0.016474281851041057,2285722.65,45.68599967956543,0,9,5,2023,1,DGKC.KA
2023-05-10 00:00:00+05:00,46.79999923706055,48.119998931884766,46.25,46.47999954223633,2007438,0.0,0.0,0.0,-0.01106383952688661,0.016659933896234304,2332284.2,45.759999656677245,0,10,5,2023,2,DGKC.KA
2023-05-11 00:00:00+05:00,47.150001525878906,47.900001525878906,46.900001525878906,47.02000045776367,2024719,0.0,0.0,0.0,0.011617919983769376,0.016801797109549876,2383218.2,45.85949974060058,0,11,5,2023,3,DGKC.KA
2023-05-12 00:00:00+05:00,47.29999923706055,48.4900016784668,46.41999816894531,47.810001373291016,3244598,0.0,0.0,0.0,0.016801380430376156,0.01709825348557421,2545448.1,45.99849987030029,0,12,5,2023,4,DGKC.KA
2023-05-15 00:00:00+05:00,47.81999969482422,48.400001525878906,47.45000076293945,48.119998931884766,1583050,0.0,0.0,0.0,0.006483947912348853,0.016946454091114383,2597870.35,46.16849975585937,0,15,5,2023,0,DGKC.KA
2023-05-16 00:00:00+05:00,48.099998474121094,49.099998474121094,47.79999923706055,47.90999984741211,2130398,0.0,0.0,0.0,-0.004364070846508472,0.016899354901564884,2694805.55,46.341499710083006,0,16,5,2023,1,DGKC.KA
2023-05-17 00:00:00+05:00,48.0099983215332,48.09000015258789,47.0099983215332,47.130001068115234,1148602,0.0,0.0,0.0,-0.016280500558987332,0.01732952876804419,2655605.4,46.491499710083005,0,17,5,2023,2,DGKC.KA
2023-05-18 00:00:00+05:00,47.5099983215332,47.5099983215332,45.900001525878906,46.040000915527344,1768372,0.0,0.0,0.0,-0.023127522340017692,0.0181540210850895,2609070.8,46.55899982452392,0,18,5,2023,3,DGKC.KA
2023-05-19 00:00:00+05:00,45.900001525878906,47.20000076293945,45.79999923706055,46.5099983215332,1588801,0.0,0.0,0.0,0.01020845779017665,0.018248589991017736,2688510.85,46.64999980926514,0,19,5,2023,4,DGKC.KA
2023-05-22 00:00:00+05:00,46.29999923706055,46.58000183105469,45.970001220703125,46.25,541736,0.0,0.0,0.0,-0.0055901597702880945,0.0183259947251523,2715597.65,46.72799987792969,0,22,5,2023,0,DGKC.KA
2023-05-23 00:00:00+05:00,46.5,47.0,46.150001525878906,46.29999923706055,459758,0.0,0.0,0.0,0.001081064585092939,0.01832176310232865,2738585.55,46.80849990844727,0,23,5,2023,1,DGKC.KA
2023-05-24 00:00:00+05:00,46.20000076293945,46.900001525878906,45.90999984741211,46.560001373291016,932067,0.0,0.0,0.0,0.005615596987361249,0.018330506336619604,2741860.15,46.903000068664554,0,24,5,2023,2,DGKC.KA
2023-05-25 00:00:00+05:00,46.599998474121094,47.380001068115234,46.54999923706055,46.810001373291016,1306149,0.0,0.0,0.0,0.005369415649188802,0.018283147788337006,2706539.65,46.99050006866455,0,25,5,2023,3,DGKC.KA
2023-05-26 00:00:00+05:00,46.79999923706055,47.900001525878906,46.63999938964844,47.689998626708984,2560787,0.0,0.0,0.0,0.018799342610574588,0.018624788195536243,2709196.0,47.12700004577637,0,26,5,2023,4,DGKC.KA
2023-05-29 00:00:00+05:00,47.900001525878906,50.75,47.52000045776367,49.66999816894531,6432231,0.0,0.0,0.0,0.041518129571247675,0.020480501878090782,3030807.55,47.3625,0,29,5,2023,0,DGKC.KA
2023-05-30 00:00:00+05:00,49.970001220703125,51.150001525878906,49.29999923706055,50.75,5006168,0.0,0.0,0.0,0.021743544813132898,0.018938076601802984,2990992.85,47.55599994659424,0,30,5,2023,1,DGKC.KA
2023-05-31 00:00:00+05:00,51.099998474121094,51.79999923706055,50.02000045776367,50.7400016784668,4086686,0.0,0.0,0.0,-0.00019701126173798933,0.01856007611791414,2740957.4,47.70100002288818,0,31,5,2023,2,DGKC.KA
2023-06-01 00:00:00+05:00,50.5099983215332,51.779998779296875,50.5099983215332,51.029998779296875,3146400,0.0,0.0,0.0,0.00571535457700123,0.018560596885700543,2486393.25,47.846999931335446,0,1,6,2023,3,DGKC.KA
2023-06-02 00:00:00+05:00,51.11000061035156,54.29999923706055,51.099998474121094,53.810001373291016,8134363,0.0,0.0,0.0,0.05447781031736976,0.02109559082574682,2635641.7,48.06100006103516,0,2,6,2023,4,DGKC.KA
2023-06-05 00:00:00+05:00,53.27000045776367,53.869998931884766,52.29999923706055,53.540000915527344,3508244,0.0,0.0,0.0,-0.005017663090001068,0.018624029928500093,2710780.65,48.35850009918213,0,5,6,2023,0,DGKC.KA
2023-06-06 00:00:00+05:00,53.5,54.900001525878906,52.599998474121094,52.810001373291016,4380221,0.0,0.0,0.0,-0.013634656887437924,0.018690527488544027,2799539.4,48.64900016784668,0,6,6,2023,1,DGKC.KA
2023-06-07 00:00:00+05:00,53.290000915527344,53.400001525878906,52.25,53.099998474121094,1794520,0.0,0.0,0.0,0.005491329166614101,0.018256220033208856,2788893.5,48.98000011444092,0,7,6,2023,2,DGKC.KA
2023-06-08 00:00:00+05:00,53.060001373291016,53.47999954223633,51.79999923706055,52.029998779296875,2007431,0.0,0.0,0.0,-0.020150653965568255,0.01917705057972795,2788029.1,49.230500030517575,0,8,6,2023,3,DGKC.KA
2023-06-09 00:00:00+05:00,51.900001525878906,52.900001525878906,51.810001373291016,52.59000015258789,1340135,0.0,0.0,0.0,0.010763047980578477,0.01903255937168937,2692805.95,49.46949996948242,0,9,6,2023,4,DGKC.KA
2023-06-12 00:00:00+05:00,52.5099983215332,53.5,51.70000076293945,52.06999969482422,2821725,0.0,0.0,0.0,-0.009887820046680207,0.01931290586057485,2754739.7,49.6670000076294,0,12,6,2023,0,DGKC.KA
2023-06-13 00:00:00+05:00,51.599998474121094,52.65999984741211,51.52000045776367,51.65999984741211,1340828,0.0,0.0,0.0,-0.007874012863742452,0.019409826484785623,2715261.2,49.8545000076294,0,13,6,2023,1,DGKC.KA
2023-06-14 00:00:00+05:00,51.15999984741211,51.88999938964844,51.15999984741211,51.279998779296875,596561,0.0,0.0,0.0,-0.007355808541185449,0.019018870070919135,2687659.15,50.06199989318848,0,14,6,2023,2,DGKC.KA
2023-06-15 00:00:00+05:00,51.2599983215332,51.29999923706055,50.40999984741211,50.79999923706055,1311634,0.0,0.0,0.0,-0.009360365711048257,0.01820180628655965,2664822.25,50.29999980926514,0,15,6,2023,3,DGKC.KA
2023-06-16 00:00:00+05:00,51.0,51.599998474121094,50.79999923706055,50.95000076293945,1730796,0.0,0.0,0.0,0.002952785986844564,0.01816660384409821,2671922.0,50.52199993133545,0,16,6,2023,4,DGKC.KA
2023-06-19 00:00:00+05:00,51.15999984741211,51.25,49.619998931884766,50.040000915527344,1417576,0.0,0.0,0.0,-0.017860644431511696,0.018731643653674124,2715714.0,50.711499977111814,0,19,6,2023,0,DGKC.KA
2023-06-20 00:00:00+05:00,50.0,50.79999923706055,49.5,50.310001373291016,1644069,0.0,0.0,0.0,0.005395692502473404,0.018719772264161137,2774929.55,50.91200008392334,0,20,6,2023,1,DGKC.KA
2023-06-21 00:00:00+05:00,50.45000076293945,50.599998474121094,49.5,49.689998626708984,1246437,0.0,0.0,0.0,-0.01232364797571206,0.019080983555525646,2790648.05,51.06849994659424,0,21,6,2023,2,DGKC.KA
2023-06-22 00:00:00+05:00,49.650001525878906,50.0,49.15999984741211,49.36000061035156,625005,0.0,0.0,0.0,-0.006641135549962485,0.019205269933224654,2756590.85,51.19599990844726,0,22,6,2023,3,DGKC.KA
2023-06-23 00:00:00+05:00,49.68000030517578,49.689998626708984,49.0,49.310001373291016,364484,0.0,0.0,0.0,-0.0010129504951841284,0.01884568300864061,2646775.7,51.27700004577637,0,23,6,2023,4,DGKC.KA
2023-06-26 00:00:00+05:00,50.20000076293945,52.47999954223633,50.0,52.15999984741211,2340691,0.0,0.0,0.0,0.05779757442198741,0.020890411130699504,2442198.7,51.401500129699706,0,26,6,2023,0,DGKC.KA
2023-06-27 00:00:00+05:00,52.0,52.20000076293945,50.70000076293945,51.29999923706055,1249328,0.0,0.0,0.0,-0.016487741811108014,0.02080038437598705,2254356.7,51.42900009155274,0,27,6,2023,1,DGKC.KA
2023-06-28 00:00:00+05:00,51.29999923706055,51.29999923706055,51.29999923706055,51.29999923706055,0,0.0,0.0,0.0,0.0,0.020799964182687952,2050022.4,51.456999969482425,0,28,6,2023,2,DGKC.KA
2023-06-29 00:00:00+05:00,51.29999923706055,51.29999923706055,51.29999923706055,51.29999923706055,0,0.0,0.0,0.0,0.0,0.020767381383025613,1892702.4,51.470499992370605,0,29,6,2023,3,DGKC.KA
2023-06-30 00:00:00+05:00,51.29999923706055,51.29999923706055,51.29999923706055,51.29999923706055,0,0.0,0.0,0.0,0.0,0.016429566076936596,1485984.25,51.34499988555908,0,30,6,2023,4,DGKC.KA
2023-07-03 00:00:00+05:00,55.150001525878906,55.150001525878906,54.02000045776367,55.150001525878906,3167677,0.0,0.0,0.0,0.07504877867594617,0.023816454288511157,1468955.9,51.42549991607666,0,3,7,2023,0,DGKC.KA
2023-07-04 00:00:00+05:00,56.0,56.150001525878906,54.119998931884766,54.88999938964844,5904990,0.0,0.0,0.0,-0.00471445383566238,0.023595823097123644,1545194.35,51.52949981689453,0,4,7,2023,1,DGKC.KA
2023-07-05 00:00:00+05:00,54.900001525878906,55.650001525878906,54.0,54.91999816894531,2763194,0.0,0.0,0.0,0.0005465254077325898,0.02358530347766209,1593628.05,51.620499801635745,0,5,7,2023,2,DGKC.KA
2023-07-06 00:00:00+05:00,55.0,55.47999954223633,54.58000183105469,55.18000030517578,2460211,0.0,0.0,0.0,0.004734197831373743,0.023007807026934415,1616267.05,51.77799987792969,0,6,7,2023,3,DGKC.KA
2023-07-07 00:00:00+05:00,55.939998626708984,56.20000076293945,54.900001525878906,55.79999923706055,3434278,0.0,0.0,0.0,0.011235935637111893,0.023016244978264724,1720974.2,51.93849983215332,0,7,7,2023,4,DGKC.KA
2023-07-10 00:00:00+05:00,56.099998474121094,56.70000076293945,55.400001525878906,56.08000183105469,4719622,0.0,0.0,0.0,0.005017967702912962,0.022810224422973216,1815869.05,52.138999938964844,0,10,7,2023,0,DGKC.KA
2023-07-11 00:00:00+05:00,56.75,58.439998626708984,56.75,57.400001525878906,8930238,0.0,0.0,0.0,0.023537796928053245,0.023033213798531713,2195339.55,52.42600002288818,0,11,7,2023,1,DGKC.KA
2023-07-12 00:00:00+05:00,58.0,58.20000076293945,56.900001525878906,57.9900016784668,4179010,0.0,0.0,0.0,0.010278748029682427,0.022850964858237326,2374462.0,52.76150016784668,0,12,7,2023,2,DGKC.KA
2023-07-13 00:00:00+05:00,57.0099983215332,58.900001525878906,57.0099983215332,57.290000915527344,4766966,0.0,0.0,0.0,-0.012071059539206397,0.022957200620676667,2547228.6,53.08600025177002,0,13,7,2023,3,DGKC.KA
2023-07-14 00:00:00+05:00,57.20000076293945,57.38999938964844,55.83000183105469,56.119998931884766,1230571,0.0,0.0,0.0,-0.020422446586581766,0.02371749432821537,2522217.35,53.34450016021729,0,14,7,2023,4,DGKC.KA
2023-07-17 00:00:00+05:00,56.189998626708984,56.45000076293945,54.900001525878906,55.09000015258789,951529,0.0,0.0,0.0,-0.01835350675161329,0.02374285240055864,2498915.0,53.59700012207031,0,17,7,2023,0,DGKC.KA
2023-07-18 00:00:00+05:00,55.38999938964844,55.400001525878906,54.09000015258789,54.540000915527344,1009562,0.0,0.0,0.0,-0.009983649220133617,0.02397989679228324,2467189.65,53.808500099182126,0,18,7,2023,1,DGKC.KA
2023-07-19 00:00:00+05:00,54.5,54.5,53.11000061035156,53.380001068115234,1359224,0.0,0.0,0.0,-0.021268790391271497,0.024386425644659173,2472829.0,53.993000221252444,0,19,7,2023,2,DGKC.KA
2023-07-20 00:00:00+05:00,53.650001525878906,54.34000015258789,53.380001068115234,54.04999923706055,1806541,0.0,0.0,0.0,0.012551482868843777,0.024328916462379842,2531905.8,54.22750015258789,0,20,7,2023,3,DGKC.KA
2023-07-21 00:00:00+05:00,54.29999923706055,55.20000076293945,53.56999969482422,54.93000030517578,2639467,0.0,0.0,0.0,0.016281241083012654,0.02441779993930034,2645654.95,54.50850009918213,0,21,7,2023,4,DGKC.KA
2023-07-24 00:00:00+05:00,55.0,55.0,54.150001525878906,54.5099983215332,734070,0.0,0.0,0.0,-0.007646131099748099,0.021245918505220264,2565323.9,54.626000022888185,0,24,7,2023,0,DGKC.KA
2023-07-25 00:00:00+05:00,54.5099983215332,55.2400016784668,54.29999923706055,54.65999984741211,1205798,0.0,0.0,0.0,0.002751816740006241,0.020775381227542446,2563147.4,54.79400005340576,0,25,7,2023,1,DGKC.KA
2023-07-26 00:00:00+05:00,54.65999984741211,56.0,54.54999923706055,55.11000061035156,2879747,0.0,0.0,0.0,0.0082327252871508,0.020786522313178117,2707134.75,54.984500122070315,0,26,7,2023,2,DGKC.KA
2023-07-27 00:00:00+05:00,55.11000061035156,55.11000061035156,55.11000061035156,55.11000061035156,0,0.0,0.0,0.0,0.0,0.020786522313178117,2707134.75,55.17500019073486,0,27,7,2023,3,DGKC.KA
2023-07-28 00:00:00+05:00,55.11000061035156,55.11000061035156,55.11000061035156,55.11000061035156,0,0.0,0.0,0.0,0.0,0.020786522313178117,2707134.75,55.36550025939941,0,28,7,2023,4,DGKC.KA
2023-07-31 00:00:00+05:00,54.619998931884766,56.400001525878906,54.150001525878906,55.61000061035156,4136800,0.0,0.0,0.0,0.009072763463299216,0.012442881060174929,2755590.9,55.38850021362305,0,31,7,2023,0,DGKC.KA
2023-08-01 00:00:00+05:00,58.0,58.970001220703125,57.099998474121094,57.459999084472656,6167202,0.0,0.0,0.0,0.03326737014595049,0.014357999316423833,2768701.5,55.51700019836426,0,1,8,2023,1,DGKC.KA
2023-08-02 00:00:00+05:00,57.84000015258789,57.84000015258789,56.29999923706055,56.900001525878906,2921170,0.0,0.0,0.0,-0.009745867864886182,0.014609724358242917,2776600.3,55.61600036621094,0,2,8,2023,2,DGKC.KA
2023-08-03 00:00:00+05:00,56.95000076293945,58.84000015258789,56.95000076293945,57.56999969482422,7355283,0.0,0.0,0.0,0.011775011440739336,0.014766274048365632,3021353.9,55.73550033569336,0,3,8,2023,3,DGKC.KA
2023-08-04 00:00:00+05:00,57.689998626708984,58.099998474121094,56.2599983215332,56.619998931884766,1945283,0.0,0.0,0.0,-0.016501663504869923,0.015172461243490854,2946904.15,55.77650032043457,0,4,8,2023,4,DGKC.KA
2023-08-07 00:00:00+05:00,56.619998931884766,57.099998474121094,55.25,55.5099983215332,1178523,0.0,0.0,0.0,-0.019604391227328044,0.015801412703337327,2769849.2,55.748000144958496,0,7,8,2023,0,DGKC.KA
2023-08-08 00:00:00+05:00,55.75,56.25,52.650001525878906,53.22999954223633,2843340,0.0,0.0,0.0,-0.0410736596692064,0.01719483278742772,2465504.3,55.539500045776364,0,8,8,2023,1,DGKC.KA
2023-08-09 00:00:00+05:00,53.29999923706055,54.900001525878906,53.22999954223633,54.56999969482422,1611308,0.0,0.0,0.0,0.02517377727055292,0.018126000393984827,2337119.2,55.36849994659424,0,9,8,2023,2,DGKC.KA
2023-08-10 00:00:00+05:00,55.0,55.56999969482422,52.75,53.29999923706055,2956673,0.0,0.0,0.0,-0.023272869064797308,0.018592081864764295,2246604.55,55.1689998626709,0,10,8,2023,3,DGKC.KA
2023-08-11 00:00:00+05:00,53.5,54.689998626708984,52.90999984741211,53.400001525878906,2532762,0.0,0.0,0.0,0.0018762155769191935,0.0181840990865062,2311714.1,55.032999992370605,0,11,8,2023,4,DGKC.KA
2023-08-14 00:00:00+05:00,53.400001525878906,53.400001525878906,53.400001525878906,53.400001525878906,0,0.0,0.0,0.0,0.0,0.017791422040180575,2264137.65,54.948500061035155,0,14,8,2023,0,DGKC.KA
2023-08-15 00:00:00+05:00,53.689998626708984,53.900001525878906,52.81999969482422,52.959999084472656,698569,0.0,0.0,0.0,-0.008239745858303338,0.017751397697157327,2248588.0,54.86949996948242,0,15,8,2023,1,DGKC.KA
2023-08-16 00:00:00+05:00,53.0,53.2400016784668,51.97999954223633,52.029998779296875,575240,0.0,0.0,0.0,-0.017560429026677427,0.017550272337872534,2209388.8,54.8019998550415,0,16,8,2023,2,DGKC.KA
2023-08-17 00:00:00+05:00,52.04999923706055,52.29999923706055,51.0,52.099998474121094,899272,0.0,0.0,0.0,0.0013453718329141662,0.017266982327968496,2164025.35,54.70449981689453,0,17,8,2023,3,DGKC.KA
2023-08-18 00:00:00+05:00,52.0,52.689998626708984,51.04999923706055,51.47999954223633,877091,0.0,0.0,0.0,-0.011900171785853897,0.0168682268329626,2075906.55,54.53199977874756,0,18,8,2023,4,DGKC.KA
2023-08-21 00:00:00+05:00,51.9900016784668,52.29999923706055,51.150001525878906,51.470001220703125,579475,0.0,0.0,0.0,-0.00019421759172710829,0.016844866989717707,2068176.8,54.37999992370605,0,21,8,2023,0,DGKC.KA
2023-08-22 00:00:00+05:00,51.25,51.900001525878906,51.20000076293945,51.369998931884766,171838,0.0,0.0,0.0,-0.0019429237700918645,0.01679710099493717,2016478.8,54.21549987792969,0,22,8,2023,1,DGKC.KA
2023-08-23 00:00:00+05:00,51.20000076293945,51.63999938964844,50.209999084472656,50.54999923706055,808369,0.0,0.0,0.0,-0.015962618490833802,0.01681948335888039,1912909.9,53.98749980926514,0,23,8,2023,2,DGKC.KA
2023-08-24 00:00:00+05:00,50.900001525878906,51.75,50.20000076293945,50.560001373291016,1400327,0.0,0.0,0.0,0.0001978661994348485,0.016822125981939638,1982926.25,53.75999984741211,0,24,8,2023,3,DGKC.KA
2023-08-25 00:00:00+05:00,50.79999923706055,50.79999923706055,49.27000045776367,49.59000015258789,2431325,0.0,0.0,0.0,-0.01918515020483247,0.017116577917289433,2104492.5,53.48399982452393,0,25,8,2023,4,DGKC.KA
2023-08-28 00:00:00+05:00,49.5099983215332,49.79999923706055,48.400001525878906,48.52000045776367,1307537,0.0,0.0,0.0,-0.02157692461245897,0.017150667204705528,1963029.35,53.12949981689453,0,28,8,2023,0,DGKC.KA
2023-08-29 00:00:00+05:00,48.099998474121094,48.79999923706055,47.0,47.22999954223633,964112,0.0,0.0,0.0,-0.02658699306176393,0.014890784925959836,1702874.85,52.61799983978271,0,29,8,2023,1,DGKC.KA
2023-08-30 00:00:00+05:00,47.400001525878906,47.650001525878906,45.70000076293945,45.959999084472656,1749005,0.0,0.0,0.0,-0.026889698709989363,0.015381998804826456,1644266.6,52.070999717712404,0,30,8,2023,2,DGKC.KA
2023-08-31 00:00:00+05:00,46.369998931884766,46.369998931884766,42.5099983215332,42.5099983215332,2579314,0.0,0.0,0.0,-0.07506529224681857,0.02024830177680508,1405468.15,51.31799964904785,0,31,8,2023,3,DGKC.KA
2023-09-01 00:00:00+05:00,41.25,42.11000061035156,40.29999923706055,41.7400016784668,4823991,0.0,0.0,0.0,-0.018113306832956755,0.020258432891403617,1549403.55,50.57399978637695,0,1,9,2023,4,DGKC.KA
2023-09-04 00:00:00+05:00,42.25,43.02000045776367,41.95000076293945,42.66999816894531,1312201,0.0,0.0,0.0,0.02228070084046707,0.02185194463305691,1556087.45,49.93199977874756,0,4,9,2023,0,DGKC.KA
2023-09-05 00:00:00+05:00,43.0,44.29999923706055,42.810001373291016,43.56999969482422,1721142,0.0,0.0,0.0,0.021092138844616137,0.022044190057018725,1499977.55,49.44899978637695,0,5,9,2023,1,DGKC.KA
2023-09-06 00:00:00+05:00,43.56999969482422,44.099998474121094,42.86000061035156,44.0,1115466,0.0,0.0,0.0,0.009869183111949065,0.021010321613243794,1475185.45,48.92049980163574,0,6,9,2023,2,DGKC.KA
2023-09-07 00:00:00+05:00,44.0,44.0,41.75,42.5099983215332,2192438,0.0,0.0,0.0,-0.03386367451060901,0.021477683352905154,1436973.7,48.38099975585938,0,7,9,2023,3,DGKC.KA
2023-09-08 00:00:00+05:00,42.75,43.290000915527344,42.400001525878906,42.65999984741211,580668,0.0,0.0,0.0,0.0035286175441442413,0.021533014293717685,1339369.0,47.84399967193603,0,8,9,2023,4,DGKC.KA
2023-09-11 00:00:00+05:00,42.9900016784668,42.9900016784668,41.900001525878906,42.09000015258789,530205,0.0,0.0,0.0,-0.013361455622667995,0.021382531660073305,1365879.25,47.278499603271484,0,11,9,2023,0,DGKC.KA
2023-09-12 00:00:00+05:00,42.09000015258789,42.09000015258789,40.720001220703125,41.540000915527344,1492638,0.0,0.0,0.0,-0.013067218699611471,0.0213697703367489,1405582.7,46.70749969482422,0,12,9,2023,1,DGKC.KA
2023-09-13 00:00:00+05:00,41.5,42.470001220703125,41.4900016784668,41.58000183105469,783480,0.0,0.0,0.0,0.0009629493174225789,0.021510095984032758,1415994.7,46.18499984741211,0,13,9,2023,2,DGKC.KA
2023-09-14 00:00:00+05:00,41.95000076293945,42.47999954223633,41.150001525878906,42.02000045776367,313260,0.0,0.0,0.0,0.010581977088331085,0.021883255551827376,1386694.1,45.68099994659424,0,14,9,2023,3,DGKC.KA
2023-09-15 00:00:00+05:00,43.599998474121094,45.16999816894531,43.4900016784668,45.16999816894531,6058895,0.0,0.0,0.0,0.0749642474265999,0.02903408549572268,1645784.3,45.365499877929686,0,15,9,2023,4,DGKC.KA
2023-09-18 00:00:00+05:00,45.61000061035156,46.20000076293945,44.349998474121094,44.52000045776367,4713321,0.0,0.0,0.0,-0.01439003182489651,0.029055195737034335,1852476.6,45.01799983978272,0,18,9,2023,0,DGKC.KA
2023-09-19 00:00:00+05:00,44.349998474121094,44.54999923706055,43.689998626708984,43.75,1124518,0.0,0.0,0.0,-0.01729560758864268,0.029122115769499385,1900110.6,44.636999893188474,0,19,9,2023,1,DGKC.KA
2023-09-20 00:00:00+05:00,44.209999084472656,44.25,43.25,43.349998474121094,1349795,0.0,0.0,0.0,-0.009142892020089333,0.02905882868622941,1927181.9,44.2769998550415,0,20,9,2023,2,DGKC.KA
2023-09-21 00:00:00+05:00,43.54999923706055,45.290000915527344,43.0,44.630001068115234,3385271,0.0,0.0,0.0,0.029527165837347713,0.03017331639875675,2026429.1,43.980499839782716,0,21,9,2023,3,DGKC.KA
2023-09-22 00:00:00+05:00,44.9900016784668,45.0,43.79999923706055,44.08000183105469,1551864,0.0,0.0,0.0,-0.012323531792462372,0.030051716093481944,1982456.05,43.704999923706055,0,22,9,2023,4,DGKC.KA
2023-09-25 00:00:00+05:00,44.400001525878906,44.54999923706055,44.0,44.34000015258789,977866,0.0,0.0,0.0,0.00589832828341752,0.029903011111919602,1965972.5,43.49599990844727,0,25,9,2023,0,DGKC.KA
2023-09-26 00:00:00+05:00,44.47999954223633,44.47999954223633,43.68000030517578,43.81999969482422,932317,0.0,0.0,0.0,-0.011727570049034464,0.02949592866486568,1964382.75,43.32549991607666,0,26,9,2023,1,DGKC.KA
2023-09-27 00:00:00+05:00,43.619998931884766,44.79999923706055,43.54999923706055,43.88999938964844,2640972,0.0,0.0,0.0,0.0015974371362783568,0.028981523596002937,2008981.1,43.221999931335446,0,27,9,2023,2,DGKC.KA
2023-09-28 00:00:00+05:00,43.88999938964844,43.88999938964844,43.88999938964844,43.88999938964844,0,0.0,0.0,0.0,0.0,0.023314457537296874,1880015.4,43.29099998474121,0,28,9,2023,3,DGKC.KA
2023-09-29 00:00:00+05:00,43.88999938964844,43.88999938964844,43.88999938964844,43.88999938964844,0,0.0,0.0,0.0,0.0,0.022845208344198276,1638815.85,43.39849987030029,0,29,9,2023,4,DGKC.KA
2023-10-02 00:00:00+05:00,43.5,43.9900016784668,43.29999923706055,43.45000076293945,886355,0.0,0.0,0.0,-0.010025031506670667,0.02253203557925215,1617523.55,43.4375,0,2,10,2023,0,DGKC.KA
2023-10-03 00:00:00+05:00,43.59000015258789,44.400001525878906,43.5,43.7400016784668,961608,0.0,0.0,0.0,0.006674359273537656,0.022086365975848635,1579546.85,43.44600009918213,0,3,10,2023,1,DGKC.KA
2023-10-04 00:00:00+05:00,44.0,44.380001068115234,43.65999984741211,44.02000045776367,1809737,0.0,0.0,0.0,0.006401435037775016,0.022021801915805342,1614260.4,43.447000122070314,0,4,10,2023,2,DGKC.KA
2023-10-05 00:00:00+05:00,44.349998474121094,47.31999969482422,44.349998474121094,47.31999969482422,10923202,0.0,0.0,0.0,0.07496590646851153,0.026199059667209687,2050798.6,43.687500190734866,0,5,10,2023,3,DGKC.KA
2023-10-06 00:00:00+05:00,47.54999923706055,48.25,46.79999923706055,47.150001525878906,5041785,0.0,0.0,0.0,-0.003592522612883897,0.026278227856274174,2273854.45,43.912000274658205,0,6,10,2023,4,DGKC.KA
2023-10-09 00:00:00+05:00,46.5,47.95000076293945,46.0,47.27000045776367,3620183,0.0,0.0,0.0,0.002545046193029421,0.025920950963403966,2428353.35,44.17100028991699,0,9,10,2023,0,DGKC.KA
2023-10-10 00:00:00+05:00,47.54999923706055,48.849998474121094,47.5099983215332,48.2599983215332,4161460,0.0,0.0,0.0,0.020943470577160284,0.02571016854535963,2561794.45,44.50700016021729,0,10,10,2023,1,DGKC.KA
2023-10-11 00:00:00+05:00,48.04999923706055,49.810001373291016,48.02000045776367,48.40999984741211,3401067,0.0,0.0,0.0,0.003108195837047356,0.02568448127677118,2692673.8,44.84850006103515,0,11,10,2023,2,DGKC.KA
2023-10-12 00:00:00+05:00,48.599998474121094,48.599998474121094,47.70000076293945,48.040000915527344,2028323,0.0,0.0,0.0,-0.007643026916979934,0.02590797358243962,2778426.95,45.14950008392334,0,12,10,2023,3,DGKC.KA
2023-10-13 00:00:00+05:00,48.0,50.4900016784668,47.91999816894531,50.0,5051248,0.0,0.0,0.0,0.040799314053284075,0.02202843815842023,2728044.6,45.39100017547607,0,13,10,2023,4,DGKC.KA
2023-10-16 00:00:00+05:00,51.0,51.75,49.599998474121094,50.56999969482422,5045919,0.0,0.0,0.0,0.011399993896484384,0.02156412657062987,2744674.5,45.6935001373291,0,16,10,2023,0,DGKC.KA
2023-10-17 00:00:00+05:00,50.97999954223633,52.150001525878906,49.95000076293945,50.150001525878906,7561186,0.0,0.0,0.0,-0.00830528320110513,0.02112898524572103,3066507.9,46.01350021362305,0,17,10,2023,1,DGKC.KA
2023-10-18 00:00:00+05:00,50.470001220703125,50.650001525878906,49.11000061035156,49.439998626708984,3371527,0.0,0.0,0.0,-0.014157584796952394,0.02135981399222899,3167594.5,46.31800022125244,0,18,10,2023,2,DGKC.KA
2023-10-19 00:00:00+05:00,49.439998626708984,51.02000045776367,49.439998626708984,50.709999084472656,3731975,0.0,0.0,0.0,0.025687712237871585,0.021161172259601513,3184929.7,46.62200012207031,0,19,10,2023,3,DGKC.KA
2023-10-20 00:00:00+05:00,51.029998779296875,52.099998474121094,50.75,51.29999923706055,4384471,0.0,0.0,0.0,0.011634789257342959,0.02070604676381276,3326560.05,46.98299999237061,0,20,10,2023,4,DGKC.KA
2023-10-23 00:00:00+05:00,51.06999969482422,51.900001525878906,50.5099983215332,51.11000061035156,3067753,0.0,0.0,0.0,-0.003703676988979887,0.020863430855659334,3431054.4,47.32150001525879,0,23,10,2023,0,DGKC.KA
2023-10-24 00:00:00+05:00,50.70000076293945,51.119998931884766,50.400001525878906,50.86000061035156,1503531,0.0,0.0,0.0,-0.004891410624428105,0.02058896666182798,3459615.1,47.673500061035156,0,24,10,2023,1,DGKC.KA
2023-10-25 00:00:00+05:00,51.25,53.599998474121094,51.20000076293945,53.18000030517578,8076243,0.0,0.0,0.0,0.04561540831661004,0.02219546196642286,3731378.65,48.138000106811525,0,25,10,2023,2,DGKC.KA
2023-10-26 00:00:00+05:00,53.18000030517578,54.900001525878906,53.09000015258789,53.970001220703125,5341228,0.0,0.0,0.0,0.014855225855469945,0.022096021291119497,3998440.05,48.64200019836426,0,26,10,2023,3,DGKC.KA
2023-10-27 00:00:00+05:00,54.5,54.5,52.5,52.849998474121094,2814882,0.0,0.0,0.0,-0.02075232020103035,0.023085849118088385,4139184.15,49.09000015258789,0,27,10,2023,4,DGKC.KA
2023-10-30 00:00:00+05:00,53.0,53.9900016784668,52.29999923706055,53.650001525878906,4189282,0.0,0.0,0.0,0.01513723888089702,0.022642695418285803,4304330.5,49.60000019073486,0,30,10,2023,0,DGKC.KA
2023-10-31 00:00:00+05:00,53.400001525878906,54.45000076293945,52.5099983215332,53.66999816894531,4043238,0.0,0.0,0.0,0.0003727239980926278,0.022747259235613458,4458412.0,50.09650001525879,0,31,10,2023,1,DGKC.KA
2023-11-01 00:00:00+05:00,53.9900016784668,55.5,53.900001525878906,54.93000030517578,4792545,0.0,0.0,0.0,0.023476843287085103,0.02290440287325218,4607552.4,50.64200000762939,0,1,11,2023,2,DGKC.KA
2023-11-02 00:00:00+05:00,55.5,59.04999923706055,55.5,58.41999816894531,13904116,0.0,0.0,0.0,0.06353536945894911,0.021322072976072515,4756598.1,51.19699993133545,0,2,11,2023,3,DGKC.KA
2023-11-03 00:00:00+05:00,57.790000915527344,59.0,56.70000076293945,57.310001373291016,4410984,0.0,0.0,0.0,-0.019000288093886764,0.022132529710446745,4725058.05,51.704999923706055,0,3,11,2023,4,DGKC.KA
2023-11-06 00:00:00+05:00,57.45000076293945,61.599998474121094,57.04999923706055,61.04999923706055,11428951,0.0,0.0,0.0,0.06525907824375898,0.025240256586397895,5115496.45,52.393999862670896,0,6,11,2023,0,DGKC.KA
2023-11-07 00:00:00+05:00,61.869998931884766,62.599998474121094,60.2599983215332,60.599998474121094,7747991,0.0,0.0,0.0,-0.007371019960083491,0.02557309617626443,5294823.0,53.010999870300296,0,7,11,2023,1,DGKC.KA
2023-11-08 00:00:00+05:00,61.5,62.5,60.79999923706055,62.2400016784668,6653559,0.0,0.0,0.0,0.027062759829046268,0.025707518122681693,5457447.6,53.70249996185303,0,8,11,2023,2,DGKC.KA
2023-11-09 00:00:00+05:00,62.2400016784668,62.2400016784668,62.2400016784668,62.2400016784668,0,0.0,0.0,0.0,0.0,0.025440697987332,5356031.45,54.4125,0,9,11,2023,3,DGKC.KA
2023-11-10 00:00:00+05:00,62.4900016784668,65.5,62.4900016784668,63.880001068115234,8584973,0.0,0.0,0.0,0.02634960387888019,0.024817162591230162,5532717.7,55.10650005340576,0,10,11,2023,4,DGKC.KA
2023-11-13 00:00:00+05:00,64.4800033569336,66.44999694824219,63.5099983215332,66.20999908447266,7840957,0.0,0.0,0.0,0.03647460828738791,0.02537979436211154,5672469.6,55.88850002288818,0,13,11,2023,0,DGKC.KA
2023-11-14 00:00:00+05:00,66.30000305175781,68.44999694824219,65.0,67.23999786376953,10035917,0.0,0.0,0.0,0.015556544231072555,0.024837857410172977,5796206.15,56.74299983978271,0,14,11,2023,1,DGKC.KA
2023-11-15 00:00:00+05:00,66.76000213623047,67.75,66.5,66.91999816894531,4339854,0.0,0.0,0.0,-0.00475906759355571,0.02433995038378074,5844622.5,57.616999816894534,0,15,11,2023,2,DGKC.KA
2023-11-16 00:00:00+05:00,67.80000305175781,68.69999694824219,66.55999755859375,67.37999725341797,6213999,0.0,0.0,0.0,0.006873865765975484,0.024290099084373913,5968723.7,58.4504997253418,0,16,11,2023,3,DGKC.KA
2023-11-17 00:00:00+05:00,67.5,67.9800033569336,65.3499984741211,65.79000091552734,3071762,0.0,0.0,0.0,-0.02359745329033791,0.025749187399317055,5903088.25,59.17499980926514,0,17,11,2023,4,DGKC.KA
2023-11-20 00:00:00+05:00,65.80000305175781,65.80000305175781,63.90999984741211,64.31999969482422,4004780,0.0,0.0,0.0,-0.022343839493034312,0.026698766565328734,5949939.6,59.83549976348877,0,20,11,2023,0,DGKC.KA
2023-11-21 00:00:00+05:00,64.44999694824219,65.73999786376953,63.779998779296875,64.44999694824219,6877580,0.0,0.0,0.0,0.0020211015863613735,0.026514158700139952,6218642.05,60.514999580383304,0,21,11,2023,1,DGKC.KA
2023-11-22 00:00:00+05:00,64.25,65.58999633789062,64.06999969482422,64.44999694824219,3473513,0.0,0.0,0.0,0.0,0.02543176600494837,5988505.55,61.07849941253662,0,22,11,2023,2,DGKC.KA
2023-11-23 00:00:00+05:00,64.62000274658203,66.44999694824219,64.30000305175781,64.56999969482422,7514165,0.0,0.0,0.0,0.001861951160035069,0.025466004088004257,6097152.4,61.60849933624267,0,23,11,2023,3,DGKC.KA
2023-11-24 00:00:00+05:00,65.19999694824219,65.55000305175781,63.5,63.849998474121094,4979922,0.0,0.0,0.0,-0.011150708132353304,0.024954862903934765,6205404.4,62.15849933624268,0,24,11,2023,4,DGKC.KA
2023-11-27 00:00:00+05:00,64.44999694824219,68.63999938964844,64.4000015258789,68.63999938964844,15655201,0.0,0.0,0.0,0.07501959326543717,0.02890949049522894,6778700.35,62.907999229431155,0,27,11,2023,0,DGKC.KA
2023-11-28 00:00:00+05:00,69.87000274658203,71.83999633789062,69.5,71.04000091552734,9575726,0.0,0.0,0.0,0.034965057506117114,0.02916168614824523,7055324.75,63.776499366760255,0,28,11,2023,1,DGKC.KA
2023-11-29 00:00:00+05:00,72.0,73.9800033569336,70.0,73.44999694824219,11332917,0.0,0.0,0.0,0.033924493266554556,0.029423137977108844,7382343.35,64.70249919891357,0,29,11,2023,2,DGKC.KA
2023-11-30 00:00:00+05:00,74.0999984741211,75.0,72.19999694824219,73.19999694824219,8371218,0.0,0.0,0.0,-0.0034036761114661918,0.02734981404176756,7105698.45,65.44149913787842,0,30,11,2023,3,DGKC.KA
2023-12-01 00:00:00+05:00,73.19000244140625,78.69000244140625,72.56999969482422,78.62000274658203,14240764,0.0,0.0,0.0,0.07404379814622386,0.029670125438904623,7597187.45,66.50699920654297,0,1,12,2023,4,DGKC.KA
2023-12-04 00:00:00+05:00,79.88999938964844,80.19999694824219,77.80000305175781,78.05999755859375,9303543,0.0,0.0,0.0,-0.007122935238165318,0.027740706847343352,7490917.05,67.35749912261963,0,4,12,2023,0,DGKC.KA
2023-12-05 00:00:00+05:00,78.0199966430664,79.8499984741211,77.0,78.55999755859375,5456117,0.0,0.0,0.0,0.006405329434255869,0.02738432096470172,7376323.35,68.25549907684326,0,5,12,2023,1,DGKC.KA
2023-12-06 00:00:00+05:00,78.98999786376953,81.9000015258789,78.98999786376953,80.5,9792108,0.0,0.0,0.0,0.024694532862724605,0.02732723489385493,7533250.8,69.16849899291992,0,6,12,2023,2,DGKC.KA
2023-12-07 00:00:00+05:00,80.75,82.37999725341797,79.75,80.18000030517578,8822266,0.0,0.0,0.0,-0.003975151488499584,0.027443198682288297,7974364.1,70.06549892425537,0,7,12,2023,3,DGKC.KA
2023-12-08 00:00:00+05:00,81.0,81.30000305175781,78.80000305175781,80.54000091552734,7797953,0.0,0.0,0.0,0.004489905325284926,0.02732242999348651,7935013.1,70.89849891662598,0,8,12,2023,4,DGKC.KA
2023-12-11 00:00:00+05:00,80.55000305175781,81.23999786376953,78.5999984741211,79.66000366210938,4338172,0.0,0.0,0.0,-0.010926213600878087,0.02714284517188034,7759873.85,71.57099914550781,0,11,12,2023,0,DGKC.KA
2023-12-12 00:00:00+05:00,80.25,82.9800033569336,79.75,82.43000030517578,9909340,0.0,0.0,0.0,0.034772740594085194,0.027698148481198444,7753545.0,72.33049926757812,0,12,12,2023,1,DGKC.KA
2023-12-13 00:00:00+05:00,84.0,84.55000305175781,78.16000366210938,79.94000244140625,10688263,0.0,0.0,0.0,-0.030207422716862276,0.028994553982696892,8070965.45,72.98149948120117,0,13,12,2023,2,DGKC.KA
2023-12-14 00:00:00+05:00,80.0,81.30000305175781,78.8499984741211,80.30000305175781,3759723,0.0,0.0,0.0,0.0045033850307352186,0.029009908702436495,7948251.65,73.62749977111817,0,14,12,2023,3,DGKC.KA
2023-12-15 00:00:00+05:00,80.5,81.30000305175781,79.30000305175781,80.73999786376953,5441376,0.0,0.0,0.0,0.005479387238978228,0.02799049868898584,8066732.35,74.37499961853027,0,15,12,2023,4,DGKC.KA
2023-12-18 00:00:00+05:00,81.68000030517578,82.9000015258789,80.5,81.06999969482422,4422825,0.0,0.0,0.0,0.004087216247038894,0.02695542451414814,8087634.6,75.21249961853027,0,18,12,2023,0,DGKC.KA
2023-12-19 00:00:00+05:00,81.44000244140625,81.5,75.25,77.2699966430664,5273775,0.0,0.0,0.0,-0.04687311047320031,0.029955849079853335,8007444.35,75.85349960327149,0,19,12,2023,1,DGKC.KA
2023-12-20 00:00:00+05:00,76.55999755859375,78.77999877929688,71.5999984741211,74.55000305175781,6609662,0.0,0.0,0.0,-0.03520116098714321,0.031537582533841924,8164251.8,76.35849990844727,0,20,12,2023,2,DGKC.KA
2023-12-21 00:00:00+05:00,75.0,75.8499984741211,73.12000274658203,75.23999786376953,2405528,0.0,0.0,0.0,0.009255463229594696,0.031508011589004105,7908819.95,76.89199981689453,0,21,12,2023,3,DGKC.KA
2023-12-22 00:00:00+05:00,75.69999694824219,77.4000015258789,72.5,73.0199966430664,3033610,0.0,0.0,0.0,-0.029505599199014965,0.03235536233111368,7811504.35,77.35049972534179,0,22,12,2023,4,DGKC.KA
2023-12-25 00:00:00+05:00,73.0199966430664,73.0199966430664,73.0199966430664,73.0199966430664,0,0.0,0.0,0.0,0.0,0.028158067776339512,7028744.3,77.56949958801269,0,25,12,2023,0,DGKC.KA
2023-12-26 00:00:00+05:00,72.51000213623047,72.81999969482422,67.55999755859375,67.95999908447266,2833617,0.0,0.0,0.0,-0.0692960530158313,0.03147610845574939,6691638.85,77.41549949645996,0,26,12,2023,1,DGKC.KA
2023-12-27 00:00:00+05:00,67.7699966430664,73.05999755859375,67.0,73.05999755859375,3325301,0.0,0.0,0.0,0.07504412217224887,0.03506662325402979,6291258.05,77.39599952697753,0,27,12,2023,2,DGKC.KA
2023-12-28 00:00:00+05:00,73.98999786376953,77.5999984741211,73.41000366210938,75.8499984741211,5302469,0.0,0.0,0.0,0.03818780466410199,0.0360539572911012,6137820.6,77.52849960327148,0,28,12,2023,3,DGKC.KA
2023-12-29 00:00:00+05:00,76.0,78.5,74.51000213623047,77.4000015258789,3390669,0.0,0.0,0.0,0.020435109860768907,0.03223746915455169,5595315.85,77.46749954223633,0,29,12,2023,4,DGKC.KA
2024-01-01 00:00:00+05:00,77.9000015258789,81.87999725341797,77.88999938964844,81.37999725341797,5944734,0.0,0.0,0.0,0.05142113241701085,0.0341833589442462,5427375.4,77.63349952697754,0,1,1,2024,0,DGKC.KA
2024-01-02 00:00:00+05:00,81.5,84.69999694824219,80.55999755859375,82.2300033569336,9130870,0.0,0.0,0.0,0.010444902091464758,0.03421869671760968,5611113.05,77.81699981689454,0,2,1,2024,1,DGKC.KA
2024-01-03 00:00:00+05:00,82.5,84.0,81.30000305175781,82.1500015258789,4694238,0.0,0.0,0.0,-0.0009729031714547087,0.03383514305098712,5356219.55,77.89949989318848,0,3,1,2024,2,DGKC.KA
2024-01-04 00:00:00+05:00,82.19999694824219,83.0,80.80000305175781,82.5,2087363,0.0,0.0,0.0,0.00426048043359839,0.03381436523342712,5019474.4,78.01549987792968,0,4,1,2024,3,DGKC.KA
2024-01-05 00:00:00+05:00,82.75,83.80000305175781,80.0999984741211,81.19000244140625,3585886,0.0,0.0,0.0,-0.01587875828598484,0.03404045356210844,4808871.05,78.04799995422363,0,5,1,2024,4,DGKC.KA
2024-01-08 00:00:00+05:00,81.88999938964844,81.9000015258789,78.01000213623047,78.38999938964844,2423032,0.0,0.0,0.0,-0.03448704233970845,0.03487070320402832,4713114.05,77.98449974060058,0,8,1,2024,0,DGKC.KA
2024-01-09 00:00:00+05:00,79.25,80.30000305175781,76.25,78.22000122070312,3868549,0.0,0.0,0.0,-0.0021686206183050283,0.0338836581847725,4411074.5,77.77399978637695,0,9,1,2024,1,DGKC.KA
2024-01-10 00:00:00+05:00,78.5,78.5999984741211,75.94999694824219,76.58000183105469,2407508,0.0,0.0,0.0,-0.020966496600032802,0.033541100526334196,3997036.75,77.60599975585937,0,10,1,2024,2,DGKC.KA
2024-01-11 00:00:00+05:00,77.12000274658203,79.25,77.12000274658203,77.47000122070312,4384308,0.0,0.0,0.0,0.011621825128861785,0.03364700585653523,4028266.0,77.46449966430664,0,11,1,2024,3,DGKC.KA
2024-01-12 00:00:00+05:00,78.19000244140625,79.19999694824219,76.7699966430664,76.98999786376953,2718438,0.0,0.0,0.0,-0.006195990052538125,0.03362528057909243,3892119.1,77.27699966430664,0,12,1,2024,4,DGKC.KA
2024-01-15 00:00:00+05:00,77.05000305175781,77.69999694824219,73.5,73.87999725341797,2946279,0.0,0.0,0.0,-0.04039486552337068,0.034667593071604844,3818291.8,76.91749954223633,0,15,1,2024,0,DGKC.KA
2024-01-16 00:00:00+05:00,74.0,75.0999984741211,72.0,74.19000244140625,2626231,0.0,0.0,0.0,0.004196063880794743,0.033198090918539265,3685914.6,76.76349983215331,0,16,1,2024,1,DGKC.KA
2024-01-17 00:00:00+05:00,75.0,75.9000015258789,72.05999755859375,72.61000061035156,2495355,0.0,0.0,0.0,-0.021296694690130846,0.032595531366082786,3480199.25,76.666499710083,0,17,1,2024,2,DGKC.KA
2024-01-18 00:00:00+05:00,73.1500015258789,73.1500015258789,70.51000213623047,71.7300033569336,3965905,0.0,0.0,0.0,-0.012119504834331551,0.032598390392065656,3558218.1,76.49099998474121,0,18,1,2024,3,DGKC.KA
2024-01-19 00:00:00+05:00,72.0,73.4800033569336,71.80999755859375,72.43000030517578,1424488,0.0,0.0,0.0,0.009758774787155033,0.03202460237023755,3477762.0,76.46150016784668,0,19,1,2024,4,DGKC.KA
2024-01-22 00:00:00+05:00,73.0,73.0,71.20999908447266,72.08000183105469,1164859,0.0,0.0,0.0,-0.004832230742046306,0.03204345801236838,3536004.95,76.4145004272461,0,22,1,2024,0,DGKC.KA
2024-01-23 00:00:00+05:00,71.98999786376953,74.44000244140625,71.5,73.69999694824219,1467667,0.0,0.0,0.0,0.022474959434442665,0.02792913009475899,3467707.45,76.70150032043458,0,23,1,2024,1,DGKC.KA
2024-01-24 00:00:00+05:00,74.5199966430664,76.44999694824219,74.06999969482422,75.72000122070312,6202711,0.0,0.0,0.0,0.027408471588941108,0.023224946203313616,3611577.95,76.83450050354004,0,24,1,2024,2,DGKC.KA
2024-01-25 00:00:00+05:00,76.19999694824219,78.0,75.52999877929688,75.91999816894531,3188075,0.0,0.0,0.0,0.002641269744030339,0.021618007921480605,3505858.25,76.83800048828125,0,25,1,2024,3,DGKC.KA
2024-01-26 00:00:00+05:00,76.0,77.0,74.9000015258789,75.18000030517578,1482799,0.0,0.0,0.0,-0.009747074310023196,0.0211851955605132,3410464.75,76.7270004272461,0,26,1,2024,4,DGKC.KA
2024-01-29 00:00:00+05:00,75.30000305175781,75.7300033569336,73.30999755859375,73.62000274658203,1070894,0.0,0.0,0.0,-0.02075016696277332,0.017583217936852864,3166772.75,76.3390007019043,0,29,1,2024,0,DGKC.KA
2024-01-30 00:00:00+05:00,73.30000305175781,73.8499984741211,69.5999984741211,70.26000213623047,3346980,0.0,0.0,0.0,-0.0456397783889998,0.019394517310940655,2877578.25,75.74050064086914,0,30,1,2024,1,DGKC.KA
2024-01-31 00:00:00+05:00,71.44999694824219,72.30000305175781,70.51000213623047,71.18000030517578,1322495,0.0,0.0,0.0,0.013094195003886977,0.019898117817620832,2708991.1,75.19200057983399,0,31,1,2024,2,DGKC.KA
2024-02-01 00:00:00+05:00,71.88999938964844,71.93000030517578,70.05000305175781,70.7300033569336,385839,0.0,0.0,0.0,-0.006321957661040711,0.01972423637328509,2623914.9,74.60350074768067,0,1,2,2024,3,DGKC.KA
2024-02-02 00:00:00+05:00,70.87999725341797,72.6500015258789,70.44999694824219,72.18000030517578,556540,0.0,0.0,0.0,0.020500450719970864,0.020568335172430167,2472447.6,74.15300064086914,0,2,2,2024,4,DGKC.KA
2024-02-06 00:00:00+05:00,71.7699966430664,74.9000015258789,71.7699966430664,74.08000183105469,1081747,0.0,0.0,0.0,0.02632310221454337,0.020577513338964164,2405383.35,73.93750076293945,0,6,2,2024,1,DGKC.KA
2024-02-07 00:00:00+05:00,74.19000244140625,74.9000015258789,72.8499984741211,73.70999908447266,3449640,0.0,0.0,0.0,-0.004994637384403089,0.02058394731949825,2384437.9,73.71200065612793,0,7,2,2024,2,DGKC.KA
2024-02-08 00:00:00+05:00,73.70999908447266,73.70999908447266,73.70999908447266,73.70999908447266,0,0.0,0.0,0.0,0.0,0.02013706284852871,2264062.5,73.56850051879883,0,8,2,2024,3,DGKC.KA
2024-02-09 00:00:00+05:00,71.69999694824219,71.69999694824219,68.9800033569336,70.69000244140625,3478775,0.0,0.0,0.0,-0.04097132927115421,0.021678935991703917,2218785.85,73.22950057983398,0,9,2,2024,4,DGKC.KA
2024-02-12 00:00:00+05:00,70.0,70.83000183105469,65.41999816894531,66.61000061035156,4691568,0.0,0.0,0.0,-0.057716815534651245,0.024753653765953634,2317442.35,72.71050071716309,0,12,2,2024,0,DGKC.KA
2024-02-13 00:00:00+05:00,66.0199966430664,68.38999938964844,63.20000076293945,66.94999694824219,4006264,0.0,0.0,0.0,0.005104283662741516,0.023578063637079472,2370441.6,72.3640007019043,0,13,2,2024,1,DGKC.KA
2024-02-14 00:00:00+05:00,68.4800033569336,69.5,65.3499984741211,65.93000030517578,4783377,0.0,0.0,0.0,-0.015235200740262078,0.023594945898117618,2478298.9,71.95100059509278,0,14,2,2024,2,DGKC.KA
2024-02-15 00:00:00+05:00,66.4000015258789,66.4800033569336,63.5099983215332,64.55000305175781,2243058,0.0,0.0,0.0,-0.020931249006981067,0.02358230151613238,2465684.05,71.54800071716309,0,15,2,2024,3,DGKC.KA
2024-02-16 00:00:00+05:00,63.9900016784668,64.94999694824219,61.79999923706055,64.0999984741211,3275092,0.0,0.0,0.0,-0.006971410633023423,0.023535418075061817,2431143.4,71.16650047302247,0,16,2,2024,4,DGKC.KA
2024-02-19 00:00:00+05:00,63.4900016784668,65.75,63.4900016784668,64.76000213623047,1833420,0.0,0.0,0.0,0.010296469232769834,0.0235538735563977,2451590.0,70.78300056457519,0,19,2,2024,0,DGKC.KA
2024-02-20 00:00:00+05:00,64.94999694824219,66.0,64.44999694824219,65.5199966430664,1417464,0.0,0.0,0.0,0.011735554072978438,0.0238610297153441,2464220.25,70.45500030517579,0,20,2,2024,1,DGKC.KA
2024-02-21 00:00:00+05:00,67.0999984741211,69.0999984741211,66.83000183105469,68.48999786376953,2885072,0.0,0.0,0.0,0.045329691283148454,0.025696789820129483,2535090.5,70.19450035095215,0,21,2,2024,2,DGKC.KA
2024-02-22 00:00:00+05:00,69.4800033569336,69.4800033569336,67.01000213623047,67.4800033569336,1570542,0.0,0.0,0.0,-0.014746598603271543,0.02475327745689468,2303482.05,69.78250045776367,0,22,2,2024,3,DGKC.KA
2024-02-23 00:00:00+05:00,67.4800033569336,68.62000274658203,67.01000213623047,67.61000061035156,2017124,0.0,0.0,0.0,0.001926455941775096,0.024741492928823095,2244934.5,69.36700057983398,0,23,2,2024,4,DGKC.KA
2024-02-26 00:00:00+05:00,68.0199966430664,69.5,67.0,67.47000122070312,2482645,0.0,0.0,0.0,-0.002070690554423771,0.02473144829176548,2294926.8,68.98150062561035,0,26,2,2024,0,DGKC.KA
2024-02-27 00:00:00+05:00,66.98999786376953,69.44000244140625,65.75,68.72000122070312,6275419,0.0,0.0,0.0,0.018526752295602966,0.024981639258705484,2555153.05,68.7365005493164,0,27,2,2024,1,DGKC.KA
2024-02-28 00:00:00+05:00,68.05000305175781,71.77999877929688,68.0,71.25,5219493,0.0,0.0,0.0,0.03681604677467121,0.024395386326561554,2648778.7,68.78600044250489,0,28,2,2024,2,DGKC.KA
2024-02-29 00:00:00+05:00,71.51000213623047,73.47000122070312,69.0999984741211,69.52999877929688,5128966,0.0,0.0,0.0,-0.024140368009868407,0.024839344679894737,2839102.25,68.70350036621093,0,29,2,2024,3,DGKC.KA
2024-03-01 00:00:00+05:00,69.8499984741211,70.4800033569336,68.51000213623047,69.12000274658203,1675224,0.0,0.0,0.0,-0.005896678267121258,0.02483461979085373,2903571.5,68.62300033569336,0,1,3,2024,4,DGKC.KA
2024-03-04 00:00:00+05:00,70.9000015258789,71.0,68.51000213623047,69.01000213623047,2610180,0.0,0.0,0.0,-0.0015914439522646262,0.024320726724896363,3006253.5,68.4645004272461,0,4,3,2024,0,DGKC.KA
2024-03-05 00:00:00+05:00,69.23999786376953,70.9000015258789,68.75,69.93000030517578,3148559,0.0,0.0,0.0,0.013331374300339371,0.023690881821104574,3109594.1,68.25700035095215,0,5,3,2024,1,DGKC.KA
2024-03-06 00:00:00+05:00,70.29000091552734,70.76000213623047,69.19999694824219,69.4800033569336,1400592,0.0,0.0,0.0,-0.006434962766743824,0.02370069940699607,3007141.7,68.04550056457519,0,6,3,2024,2,DGKC.KA
2024-03-07 00:00:00+05:00,69.33000183105469,70.79000091552734,69.30000305175781,70.37000274658203,2906146,0.0,0.0,0.0,0.01280943216246433,0.023948769133834976,3152449.0,67.87850074768066,0,7,3,2024,3,DGKC.KA
2024-03-08 00:00:00+05:00,70.98999786376953,71.69999694824219,70.25,70.93000030517578,3185881,0.0,0.0,0.0,0.007957901616267193,0.02219777564220075,3137804.3,67.89050064086913,0,8,3,2024,4,DGKC.KA
2024-03-11 00:00:00+05:00,71.5,72.5199966430664,70.80000305175781,71.0,2749883,0.0,0.0,0.0,0.0009868841748632562,0.01748981524300948,3040720.05,68.11000061035156,0,11,3,2024,0,DGKC.KA
2024-03-12 00:00:00+05:00,71.0,71.30000305175781,67.9000015258789,68.08999633789062,1858944,0.0,0.0,0.0,-0.040985967071963,0.020088557288597746,2933354.05,68.16700057983398,0,12,3,2024,1,DGKC.KA
2024-03-13 00:00:00+05:00,68.0999984741211,69.0,65.12000274658203,66.0999984741211,1756950,0.0,0.0,0.0,-0.02922599457774,0.02091170733296483,2782032.7,68.17550048828124,0,13,3,2024,2,DGKC.KA
2024-03-14 00:00:00+05:00,66.8499984741211,69.44999694824219,66.5,68.62999725341797,1086514,0.0,0.0,0.0,0.038275322809385504,0.02190951355512977,2724205.5,68.37950019836425,0,14,3,2024,3,DGKC.KA
2024-03-15 00:00:00+05:00,69.98999786376953,70.0,68.26000213623047,68.47000122070312,901132,0.0,0.0,0.0,-0.0023312842651596055,0.0218194449290201,2605507.5,68.59800033569336,0,15,3,2024,4,DGKC.KA
2024-03-18 00:00:00+05:00,68.68000030517578,68.98999786376953,67.19999694824219,68.54000091552734,723640,0.0,0.0,0.0,0.001022341077497435,0.02176652229654435,2550018.5,68.7870002746582,0,18,3,2024,0,DGKC.KA
2024-03-19 00:00:00+05:00,68.0,68.4000015258789,66.75,66.98999786376953,1849784,0.0,0.0,0.0,-0.022614575883477483,0.022392541636102114,2571634.5,68.86050033569336,0,19,3,2024,1,DGKC.KA
2024-03-20 00:00:00+05:00,67.4000015258789,67.69999694824219,64.66000366210938,65.27999877929688,1181681,0.0,0.0,0.0,-0.025526185087363373,0.020601202649849513,2486464.95,68.70000038146972,0,20,3,2024,2,DGKC.KA
2024-03-21 00:00:00+05:00,65.05999755859375,65.9000015258789,63.02000045776367,63.58000183105469,1334233,0.0,0.0,0.0,-0.026041620404890886,0.02111186675585933,2474649.5,68.50500030517578,0,21,3,2024,3,DGKC.KA
2024-03-22 00:00:00+05:00,63.900001525878906,64.5,63.0099983215332,64.2300033569336,730666,0.0,0.0,0.0,0.010223364378096456,0.021289577893176526,2410326.6,68.33600044250488,0,22,3,2024,4,DGKC.KA
2024-03-26 00:00:00+05:00,63.900001525878906,65.4000015258789,63.56999969482422,64.80000305175781,1302369,0.0,0.0,0.0,0.008874352561631715,0.021437174631936118,2351312.8,68.20250053405762,0,26,3,2024,1,DGKC.KA
2024-03-27 00:00:00+05:00,65.0,65.88999938964844,64.76000213623047,65.06999969482422,1317348,0.0,0.0,0.0,0.004166614665909174,0.020955666787724096,2103409.25,68.02000045776367,0,27,3,2024,2,DGKC.KA
2024-03-28 00:00:00+05:00,65.38999938964844,66.5,65.19999694824219,66.27999877929688,1260508,0.0,0.0,0.0,0.018595344861649155,0.01950132086855684,1905460.0,67.77150039672851,0,28,3,2024,3,DGKC.KA
2024-03-29 00:00:00+05:00,66.4000015258789,66.5999984741211,64.86000061035156,65.08999633789062,747529,0.0,0.0,0.0,-0.017954171142470776,0.019202267184304633,1686388.15,67.5495002746582,0,29,3,2024,4,DGKC.KA
2024-04-01 00:00:00+05:00,65.2300033569336,66.0,64.0,64.25,837333,0.0,0.0,0.0,-0.012905152637128658,0.01931923726017736,1644493.6,67.30600013732911,0,1,4,2024,0,DGKC.KA
2024-04-02 00:00:00+05:00,64.68000030517578,65.3499984741211,64.0,64.66000366210938,658969,0.0,0.0,0.0,0.006381379955009647,0.019441874073191714,1546933.05,67.08850021362305,0,2,4,2024,1,DGKC.KA
2024-04-03 00:00:00+05:00,64.5,69.51000213623047,64.5,69.51000213623047,3541944,0.0,0.0,0.0,0.07500770490928965,0.025974319493079788,1566602.3,67.06750030517578,0,3,4,2024,2,DGKC.KA
2024-04-04 00:00:00+05:00,71.02999877929688,71.25,68.01000213623047,68.68000030517578,2385749,0.0,0.0,0.0,-0.011940753928161185,0.026075247311639585,1615860.15,67.02750015258789,0,4,4,2024,3,DGKC.KA
2024-04-08 00:00:00+05:00,69.19000244140625,69.5,68.19999694824219,68.8499984741211,1024641,0.0,0.0,0.0,0.0024752208530858244,0.025904437341257785,1521784.9,66.95149993896484,0,8,4,2024,0,DGKC.KA
2024-04-09 00:00:00+05:00,69.30999755859375,71.19000244140625,69.0999984741211,70.23999786376953,2811847,0.0,0.0,0.0,0.02018880784973298,0.026263410626862663,1503083.2,66.91699981689453,0,9,4,2024,1,DGKC.KA
2024-04-15 00:00:00+05:00,70.0,72.4000015258789,69.25,71.55000305175781,6832813,0.0,0.0,0.0,0.018650416113751067,0.026599081060176197,1707229.7,66.94449996948242,0,15,4,2024,0,DGKC.KA
2024-04-16 00:00:00+05:00,72.05999755859375,72.3499984741211,69.55000305175781,69.88999938964844,3809954,0.0,0.0,0.0,-0.023200609242581938,0.025401842424315747,1804780.2,67.03450012207031,0,16,4,2024,1,DGKC.KA
2024-04-17 00:00:00+05:00,69.4000015258789,71.0,69.30000305175781,70.31999969482422,2652293,0.0,0.0,0.0,0.006152529817298413,0.024351908567742234,1849547.35,67.24550018310546,0,17,4,2024,2,DGKC.KA
2024-04-18 00:00:00+05:00,70.51000213623047,71.73999786376953,69.41999816894531,69.77999877929688,3437248,0.0,0.0,0.0,-0.0076791939401429365,0.02301699712873437,1967084.05,67.30300025939941,0,18,4,2024,3,DGKC.KA
2024-04-19 00:00:00+05:00,69.0,71.25,68.19999694824219,69.73999786376953,4146555,0.0,0.0,0.0,-0.0005732432821310418,0.023006649552534793,2129355.2,67.36650009155274,0,19,4,2024,4,DGKC.KA
2024-04-22 00:00:00+05:00,70.0,73.19999694824219,69.25,71.76000213623047,6664933,0.0,0.0,0.0,0.028964788275543496,0.023831176200041118,2426419.85,67.52750015258789,0,22,4,2024,0,DGKC.KA
2024-04-23 00:00:00+05:00,72.0999984741211,77.13999938964844,71.80999755859375,73.95999908447266,13681350,0.0,0.0,0.0,0.03065770460911743,0.02384617296623094,3017998.15,67.87600021362304,0,23,4,2024,1,DGKC.KA
2024-04-24 00:00:00+05:00,74.0199966430664,79.19000244140625,74.01000213623047,78.12000274658203,12197169,0.0,0.0,0.0,0.056246670005472454,0.02526413446137283,3568772.55,68.5180004119873,0,24,4,2024,2,DGKC.KA
2024-04-25 00:00:00+05:00,78.88999938964844,79.9000015258789,76.41000366210938,76.83999633789062,5400024,0.0,0.0,0.0,-0.016385130103536927,0.024637376942694834,3772062.1,69.18100013732911,0,25,4,2024,3,DGKC.KA
2024-04-26 00:00:00+05:00,77.23999786376953,79.1500015258789,75.61000061035156,78.54000091552734,5496092,0.0,0.0,0.0,0.022123954433329818,0.024791434661683525,4010333.4,69.8965000152588,0,26,4,2024,4,DGKC.KA
2024-04-29 00:00:00+05:00,79.73999786376953,81.69999694824219,76.30000305175781,76.80999755859375,17062994,0.0,0.0,0.0,-0.022027035100168568,0.025832107286372495,4798364.65,70.49699974060059,0,29,4,2024,0,DGKC.KA
2024-04-30 00:00:00+05:00,75.11000061035156,78.4000015258789,75.0999984741211,75.36000061035156,7404333,0.0,0.0,0.0,-0.018877711161702226,0.026555673988488782,5102713.9,71.01149978637696,0,30,4,2024,1,DGKC.KA
2024-05-02 00:00:00+05:00,76.19000244140625,78.48999786376953,75.0,77.44000244140625,9109354,0.0,0.0,0.0,0.02760087333079153,0.026825206652082424,5495156.2,71.56949996948242,0,2,5,2024,3,DGKC.KA
2024-05-03 00:00:00+05:00,77.9000015258789,81.9000015258789,77.9000015258789,80.83000183105469,11161289,0.0,0.0,0.0,0.043775817184580124,0.027212669103818327,6015844.2,72.35650024414062,0,3,5,2024,4,DGKC.KA
2024-05-06 00:00:00+05:00,81.80000305175781,84.25,81.80000305175781,83.20999908447266,11946009,0.0,0.0,0.0,0.029444478529055074,0.026881306411392865,6571278.0,73.30450019836425,0,6,5,2024,0,DGKC.KA
2024-05-07 00:00:00+05:00,83.80000305175781,85.30000305175781,81.86000061035156,82.5199966430664,10701211,0.0,0.0,0.0,-0.008292301994929474,0.027278804394971348,7073390.1,74.1974998474121,0,7,5,2024,1,DGKC.KA
2024-05-08 00:00:00+05:00,82.55000305175781,83.38999938964844,80.69999694824219,81.20999908447266,3637426,0.0,0.0,0.0,-0.015874910468792636,0.023669312943993097,7078164.2,74.78249969482422,0,8,5,2024,2,DGKC.KA
2024-05-09 00:00:00+05:00,81.88999938964844,86.25,80.80000305175781,85.23999786376953,9890693,0.0,0.0,0.0,0.04962441601686218,0.024900993274848158,7453411.4,75.61049957275391,0,9,5,2024,3,DGKC.KA
2024-05-10 00:00:00+05:00,86.55999755859375,91.48999786376953,86.55999755859375,90.83999633789062,21018192,0.0,0.0,0.0,0.06569683968165974,0.027607603179472216,8453088.95,76.70999946594239,0,10,5,2024,4,DGKC.KA
2024-05-13 00:00:00+05:00,91.9000015258789,91.9000015258789,89.31999969482422,90.12999725341797,12806628,0.0,0.0,0.0,-0.007815930351116829,0.028001171511913538,8952828.0,77.70449943542481,0,13,5,2024,0,DGKC.KA
2024-05-14 00:00:00+05:00,89.87999725341797,90.75,87.86000061035156,90.30999755859375,9985430,0.0,0.0,0.0,0.001997118724742286,0.0280690306837097,9110458.85,78.6424991607666,0,14,5,2024,1,DGKC.KA
2024-05-15 00:00:00+05:00,90.9800033569336,91.30000305175781,88.75,89.12000274658203,7865518,0.0,0.0,0.0,-0.013176778254695876,0.027489461865345143,9313237.05,79.60399932861328,0,15,5,2024,2,DGKC.KA
2024-05-16 00:00:00+05:00,89.80000305175781,89.98999786376953,87.61000061035156,88.37000274658203,4191596,0.0,0.0,0.0,-0.008415619130226815,0.027859239260006146,9390202.2,80.50649948120117,0,16,5,2024,3,DGKC.KA
2024-05-17 00:00:00+05:00,88.88999938964844,91.94999694824219,88.5,90.30000305175781,9600493,0.0,0.0,0.0,0.021839993721743278,0.027550341251401506,9698364.45,81.53249969482422,0,17,5,2024,4,DGKC.KA
2024-05-20 00:00:00+05:00,90.38999938964844,90.38999938964844,85.1500015258789,87.55000305175781,5844764,0.0,0.0,0.0,-0.030454041052731418,0.029109870366626957,9783274.9,82.42299995422363,0,20,5,2024,0,DGKC.KA
2024-05-21 00:00:00+05:00,87.0,88.5,85.88999938964844,86.16000366210938,4873380,0.0,0.0,0.0,-0.01587663439402387,0.02944581464832337,9693697.25,83.14300003051758,0,21,5,2024,1,DGKC.KA
2024-05-22 00:00:00+05:00,86.48999786376953,87.3499984741211,84.75,85.08000183105469,4161462,0.0,0.0,0.0,-0.012534839660523822,0.029403271765787893,9217702.85,83.69900016784668,0,22,5,2024,2,DGKC.KA
2024-05-23 00:00:00+05:00,85.5,86.55000305175781,84.5199966430664,86.31999969482422,3247574,0.0,0.0,0.0,0.014574492678453677,0.027152322322492657,8770223.1,84.10900001525879,0,23,5,2024,3,DGKC.KA
2024-05-24 00:00:00+05:00,86.55000305175781,88.0999984741211,86.25,87.0199966430664,4211150,0.0,0.0,0.0,0.008109325193662587,0.02666858225681266,8710779.4,84.61800003051758,0,24,5,2024,4,DGKC.KA
2024-05-27 00:00:00+05:00,87.5,87.8499984741211,85.48999786376953,85.69999694824219,2029695,0.0,0.0,0.0,-0.01516892376172474,0.02682724898776814,8537459.55,84.97599983215332,0,27,5,2024,0,DGKC.KA
2024-05-28 00:00:00+05:00,85.69999694824219,85.69999694824219,85.69999694824219,85.69999694824219,0,0.0,0.0,0.0,0.0,0.0261146189856438,7684309.85,85.42049980163574,0,28,5,2024,1,DGKC.KA
2024-05-29 00:00:00+05:00,84.9000015258789,85.79000091552734,82.95999908447266,83.37000274658203,4159251,0.0,0.0,0.0,-0.02718779795368409,0.02658985922457245,7522055.75,85.82099990844726,0,29,5,2024,2,DGKC.KA
2024-05-30 00:00:00+05:00,84.19000244140625,87.27999877929688,84.12000274658203,86.83000183105469,5575480,0.0,0.0,0.0,0.04150172688598719,0.02737110725707786,7345362.05,86.29049987792969,0,30,5,2024,3,DGKC.KA
2024-05-31 00:00:00+05:00,87.9000015258789,89.9000015258789,86.5,89.1500015258789,6732706,0.0,0.0,0.0,0.026718871886450613,0.026382907194798435,7123932.9,86.7064998626709,0,31,5,2024,4,DGKC.KA
2024-06-03 00:00:00+05:00,89.9000015258789,90.5999984741211,87.61000061035156,89.29000091552734,6097331,0.0,0.0,0.0,0.0015703801149997698,0.025765753291883423,6831499.0,87.01049995422363,0,3,6,2024,0,DGKC.KA
2024-06-04 00:00:00+05:00,89.3499984741211,89.62999725341797,85.5,86.02999877929688,6405012,0.0,0.0,0.0,-0.03651027105839755,0.027197954259919443,6616689.05,87.18600006103516,0,4,6,2024,1,DGKC.KA
2024-06-05 00:00:00+05:00,86.16000366210938,87.48999786376953,84.51000213623047,85.12000274658203,6699996,0.0,0.0,0.0,-0.010577659486539881,0.027035612761136224,6769817.55,87.38150024414062,0,5,6,2024,2,DGKC.KA
2024-06-06 00:00:00+05:00,85.4000015258789,86.75,84.55000305175781,84.91999816894531,3452040,0.0,0.0,0.0,-0.002349677762959801,0.024682886037676488,6447884.9,87.36550025939941,0,6,6,2024,3,DGKC.KA
2024-06-07 00:00:00+05:00,84.93000030517578,89.0999984741211,82.0999984741211,88.30000305175781,8094582,0.0,0.0,0.0,0.039802225102361755,0.021539795816328314,5801704.4,87.23850059509277,0,7,6,2024,4,DGKC.KA
2024-06-10 00:00:00+05:00,88.8499984741211,90.44999694824219,88.33999633789062,88.77999877929688,8437492,0.0,0.0,0.0,0.005435965016419075,0.0215293156630896,5583247.6,87.17100067138672,0,10,6,2024,0,DGKC.KA
2024-06-11 00:00:00+05:00,91.29000091552734,91.30000305175781,86.0999984741211,86.88999938964844,9955546,0.0,0.0,0.0,-0.021288571926508904,0.022009447956858882,5581753.4,87.00000076293945,0,11,6,2024,1,DGKC.KA
2024-06-12 00:00:00+05:00,87.25,89.13999938964844,86.1500015258789,88.20999908447266,4354045,0.0,0.0,0.0,0.015191618185020683,0.02214454632217178,5406179.75,86.95450057983399,0,12,6,2024,2,DGKC.KA
2024-06-13 00:00:00+05:00,89.0,95.70999908447266,89.0,95.31999969482422,17350798,0.0,0.0,0.0,0.08060311397966125,0.028467048189611672,6064139.85,87.3020004272461,0,13,6,2024,3,DGKC.KA
2024-06-14 00:00:00+05:00,96.0,96.4000015258789,92.33000183105469,92.7300033569336,6710754,0.0,0.0,0.0,-0.027171594064023696,0.028970984051741304,5919652.9,87.42350044250489,0,14,6,2024,4,DGKC.KA
2024-06-20 00:00:00+05:00,93.0,95.0,92.0,93.55999755859375,5021959,0.0,0.0,0.0,0.00895065428246955,0.02799113186738063,5878512.65,87.72400016784668,0,20,6,2024,3,DGKC.KA
2024-06-21 00:00:00+05:00,93.05000305175781,94.08999633789062,90.62999725341797,91.12999725341797,5485413,0.0,0.0,0.0,-0.025972641818999054,0.028449845806005278,5909114.3,87.97249984741211,0,21,6,2024,4,DGKC.KA
2024-06-24 00:00:00+05:00,91.11000061035156,92.19000244140625,89.5,90.30999755859375,2352071,0.0,0.0,0.0,-0.008998131455484781,0.02835783748888639,5818644.75,88.23399963378907,0,24,6,2024,0,DGKC.KA
2024-06-25 00:00:00+05:00,90.4000015258789,91.5999984741211,89.55000305175781,90.20999908447266,4611876,0.0,0.0,0.0,-0.0011072802217297895,0.028248073761394706,5886859.85,88.42849960327149,0,25,6,2024,1,DGKC.KA
2024-06-26 00:00:00+05:00,90.5999984741211,92.4000015258789,89.9000015258789,91.26000213623047,4040690,0.0,0.0,0.0,0.011639541762710648,0.028295448465042086,5878336.85,88.64049987792968,0,26,6,2024,2,DGKC.KA
2024-06-27 00:00:00+05:00,92.0,92.80000305175781,90.0,91.06999969482422,4447686,0.0,0.0,0.0,-0.002081990323894778,0.028009026611124112,5999236.4,88.90900001525878,0,27,6,2024,3,DGKC.KA
2024-06-28 00:00:00+05:00,90.80000305175781,91.69999694824219,90.0,90.2699966430664,2418251,0.0,0.0,0.0,-0.008784485060268188,0.028133887771506584,6120148.95,89.1375,0,28,6,2024,4,DGKC.KA
2024-07-01 00:00:00+05:00,89.9000015258789,91.80999755859375,88.37000274658203,89.73999786376953,5053769,0.0,0.0,0.0,-0.005871261759236801,0.027323391456266166,6164874.85,89.45599975585938,0,1,7,2024,0,DGKC.KA
2024-07-02 00:00:00+05:00,90.0,91.16999816894531,89.80999755859375,90.33999633789062,2450987,0.0,0.0,0.0,0.006685964880809525,0.02588176931334145,6008650.2,89.63149948120117,0,2,7,2024,1,DGKC.KA
2024-07-03 00:00:00+05:00,90.76000213623047,91.69000244140625,90.0,90.16999816894531,6242138,0.0,0.0,0.0,-0.0018817597502381878,0.025243477649102935,5984121.8,89.6824993133545,0,3,7,2024,2,DGKC.KA
2024-07-04 00:00:00+05:00,90.5,91.75,90.30000305175781,90.66999816894531,3650280,0.0,0.0,0.0,0.00554508162530043,0.025264966494422086,5861769.25,89.75149917602539,0,4,7,2024,3,DGKC.KA
2024-07-05 00:00:00+05:00,91.19999694824219,91.19999694824219,89.0999984741211,89.41000366210938,1509968,0.0,0.0,0.0,-0.013896487617526931,0.023967654894685827,5617017.05,89.92049942016601,0,5,7,2024,4,DGKC.KA
2024-07-08 00:00:00+05:00,89.4000015258789,91.30000305175781,88.80000305175781,90.08000183105469,2250068,0.0,0.0,0.0,0.0074935481657880665,0.02380090220465291,5394520.65,90.16849937438965,0,8,7,2024,0,DGKC.KA
2024-07-09 00:00:00+05:00,90.5,92.66999816894531,89.80000305175781,91.16999816894531,6620515,0.0,0.0,0.0,0.012100314339856588,0.02384613362688677,5552944.4,90.48099937438965,0,9,7,2024,1,DGKC.KA
2024-07-10 00:00:00+05:00,92.0,92.0999984741211,89.44999694824219,89.72000122070312,2575418,0.0,0.0,0.0,-0.015904321348731654,0.022645153595050562,5276986.2,90.55199928283692,0,10,7,2024,2,DGKC.KA
2024-07-11 00:00:00+05:00,89.5,89.5,88.1500015258789,88.56999969482422,2592708,0.0,0.0,0.0,-0.012817671759165594,0.02282554164946708,4984747.0,90.54149932861328,0,11,7,2024,3,DGKC.KA
2024-07-12 00:00:00+05:00,89.0,89.9000015258789,85.0,88.36000061035156,3685535,0.0,0.0,0.0,-0.002370995655371244,0.022276991214819512,4671246.45,90.61499938964843,0,12,7,2024,4,DGKC.KA
2024-07-15 00:00:00+05:00,89.0999984741211,91.9000015258789,89.0999984741211,90.25,5723446,0.0,0.0,0.0,0.02138976207099552,0.02252554623670863,4739716.5,90.71699943542481,0,15,7,2024,0,DGKC.KA
2024-07-16 00:00:00+05:00,90.25,90.25,90.25,90.25,0,0.0,0.0,0.0,0.0,0.01265109891672654,3872176.6,90.4634994506836,0,16,7,2024,1,DGKC.KA
2024-07-17 00:00:00+05:00,90.25,90.25,90.25,90.25,0,0.0,0.0,0.0,0.0,0.01126218866726722,3536638.9,90.33949928283691,0,17,7,2024,2,DGKC.KA
2024-07-18 00:00:00+05:00,90.69999694824219,90.69999694824219,89.4000015258789,89.69000244140625,1849064,0.0,0.0,0.0,-0.00620495909799168,0.011044354718807922,3377994.15,90.14599952697753,0,18,7,2024,3,DGKC.KA
2024-07-19 00:00:00+05:00,90.27999877929688,91.36000061035156,86.55000305175781,88.05999755859375,5020497,0.0,0.0,0.0,-0.018173763389931596,0.010265550308730897,3354748.35,89.99249954223633,0,19,7,2024,4,DGKC.KA
2024-07-22 00:00:00+05:00,87.9800033569336,88.75,85.5199966430664,86.87999725341797,2615859,0.0,0.0,0.0,-0.013399958413474078,0.010476141980753093,3367937.75,89.82099952697754,0,22,7,2024,0,DGKC.KA
2024-07-23 00:00:00+05:00,87.5999984741211,88.75,87.30000305175781,88.0,1922086,0.0,0.0,0.0,0.012891376404112087,0.010985868471932426,3233448.25,89.7104995727539,0,23,7,2024,1,DGKC.KA
2024-07-24 00:00:00+05:00,88.5,89.38999938964844,87.5,88.87999725341797,1648395,0.0,0.0,0.0,0.009999968788840574,0.010890861837856952,3113833.5,89.59149932861328,0,24,7,2024,2,DGKC.KA
2024-07-25 00:00:00+05:00,89.25,90.6500015258789,88.25,88.45999908447266,2437675,0.0,0.0,0.0,-0.004725452091855931,0.010917319110839551,3013332.95,89.4609992980957,0,25,7,2024,3,DGKC.KA
2024-07-26 00:00:00+05:00,88.0,89.44999694824219,88.0,88.45999908447266,1528129,0.0,0.0,0.0,0.0,0.010780280487053668,2968826.85,89.37049942016601,0,26,7,2024,4,DGKC.KA
2024-07-29 00:00:00+05:00,88.69999694824219,92.4800033569336,88.5999984741211,91.72000122070312,6879200,0.0,0.0,0.0,0.0368528393620875,0.013615478168121803,3060098.4,89.4694995880127,0,29,7,2024,0,DGKC.KA
2024-07-30 00:00:00+05:00,92.75,93.0,88.41000366210938,88.58999633789062,5535659,0.0,0.0,0.0,-0.034125652433004916,0.01565259405782021,3214332.0,89.38199958801269,0,30,7,2024,1,DGKC.KA
2024-07-31 00:00:00+05:00,88.6500015258789,88.75,84.75,85.43000030517578,1703513,0.0,0.0,0.0,-0.03566989686580768,0.017484697492438153,2987400.75,89.14499969482422,0,31,7,2024,2,DGKC.KA
2024-08-01 00:00:00+05:00,85.5,85.9800033569336,83.75,85.20999908447266,1100740,0.0,0.0,0.0,-0.0025752220521740865,0.017380779454750087,2859923.75,88.87199974060059,0,1,8,2024,3,DGKC.KA
2024-08-02 00:00:00+05:00,85.79000091552734,87.0,82.5999984741211,83.88999938964844,5215542,0.0,0.0,0.0,-0.015491136122600335,0.01743717138933838,3045202.45,88.59599952697754,0,2,8,2024,4,DGKC.KA
2024-08-05 00:00:00+05:00,85.0,85.0,81.19999694824219,81.62000274658203,2526101,0.0,0.0,0.0,-0.027059204429396022,0.018040237974739238,3059004.1,88.17299957275391,0,5,8,2024,0,DGKC.KA
2024-08-06 00:00:00+05:00,82.01000213623047,82.5999984741211,81.0,81.52999877929688,1013941,0.0,0.0,0.0,-0.001102719483661474,0.01762747879413666,2778675.4,87.69099960327148,0,6,8,2024,1,DGKC.KA
2024-08-07 00:00:00+05:00,81.98999786376953,83.0999984741211,81.11000061035156,81.58000183105469,1834604,0.0,0.0,0.0,0.0006133086288051537,0.01749708861816397,2741634.7,87.28399963378907,0,7,8,2024,2,DGKC.KA
2024-08-08 00:00:00+05:00,82.4000015258789,83.20999908447266,81.80000305175781,82.20999908447266,2267408,0.0,0.0,0.0,0.007722447159570267,0.017591817687976654,2725369.7,86.96599960327148,0,8,8,2024,3,DGKC.KA
2024-08-09 00:00:00+05:00,82.9000015258789,82.9000015258789,80.01000213623047,81.05999755859375,1868689,0.0,0.0,0.0,-0.013988584584428199,0.017741262973748305,2634527.4,86.60099945068359,0,9,8,2024,4,DGKC.KA
2024-08-12 00:00:00+05:00,81.94999694824219,81.94999694824219,78.6500015258789,79.37999725341797,2653630,0.0,0.0,0.0,-0.020725392990067704,0.017035378702230927,2481036.6,86.0574993133545,0,12,8,2024,0,DGKC.KA
2024-08-13 00:00:00+05:00,79.0,79.5999984741211,77.19999694824219,77.4800033569336,1652675,0.0,0.0,0.0,-0.023935424064310706,0.017409249150034906,2563670.35,85.41899948120117,0,13,8,2024,1,DGKC.KA
2024-08-15 00:00:00+05:00,77.5,78.48999786376953,77.19999694824219,77.41000366210938,978599,0.0,0.0,0.0,-0.0009034549792382718,0.017390049032321803,2612600.3,84.77699966430664,0,15,8,2024,3,DGKC.KA
2024-08-16 00:00:00+05:00,77.41000366210938,81.0999984741211,77.41000366210938,78.12000274658203,4674596,0.0,0.0,0.0,0.009171929348715357,0.017785738399824398,2753876.9,84.19849967956543,0,16,8,2024,4,DGKC.KA
2024-08-19 00:00:00+05:00,78.75,79.25,76.30000305175781,76.7300033569336,1548175,0.0,0.0,0.0,-0.0177931303223009,0.017773048962821867,2580260.8,83.63199996948242,0,19,8,2024,0,DGKC.KA
2024-08-20 00:00:00+05:00,77.25,77.48999786376953,76.11000061035156,76.76000213623047,768427,0.0,0.0,0.0,0.0003909654370446436,0.01776744895211467,2487889.2,83.12600021362304,0,20,8,2024,1,DGKC.KA
2024-08-21 00:00:00+05:00,77.0,78.9000015258789,77.0,78.13999938964844,1983847,0.0,0.0,0.0,0.017978077319080965,0.0180859979375181,2490977.25,82.63300018310547,0,21,8,2024,2,DGKC.KA
2024-08-22 00:00:00+05:00,79.20999908447266,84.5,79.19999694824219,82.51000213623047,6333986,0.0,0.0,0.0,0.05592529793596279,0.02255632344464907,2725256.8,82.31450042724609,0,22,8,2024,3,DGKC.KA
2024-08-23 00:00:00+05:00,83.0,83.0,81.4000015258789,81.52999877929688,656789,0.0,0.0,0.0,-0.011877388577878456,0.02263379917275586,2636212.5,81.9680004119873,0,23,8,2024,4,DGKC.KA
2024-08-26 00:00:00+05:00,80.75,82.37999725341797,80.19999694824219,80.44000244140625,796904,0.0,0.0,0.0,-0.013369267192573697,0.022712030809956596,2599651.25,81.56700057983399,0,26,8,2024,0,DGKC.KA
2024-08-27 00:00:00+05:00,80.79000091552734,81.48999786376953,79.11000061035156,80.06999969482422,2622262,0.0,0.0,0.0,-0.004599735645850367,0.02052608929458797,2386804.35,80.98450050354003,0,27,8,2024,1,DGKC.KA
2024-08-28 00:00:00+05:00,80.4000015258789,80.9800033569336,79.5,79.66000366210938,960540,0.0,0.0,0.0,-0.0051204700172035045,0.01947447689909453,2158048.4,80.53800086975097,0,28,8,2024,2,DGKC.KA
2024-08-29 00:00:00+05:00,80.0999984741211,80.4000015258789,78.75,79.05000305175781,794793,0.0,0.0,0.0,-0.0076575518743254856,0.01812207634799538,2112612.4,80.21900100708008,0,29,8,2024,3,DGKC.KA
2024-08-30 00:00:00+05:00,79.5999984741211,79.94999694824219,76.80000305175781,77.08000183105469,3298844,0.0,0.0,0.0,-0.024920950596463265,0.018726555945196715,2222517.6,79.81250114440918,0,30,8,2024,4,DGKC.KA
2024-09-02 00:00:00+05:00,78.0,78.29000091552734,76.4000015258789,77.63999938964844,1532805,0.0,0.0,0.0,0.007265147188516785,0.018736480613526174,2038380.75,79.50000114440918,0,2,9,2024,0,DGKC.KA
2024-09-03 00:00:00+05:00,77.98999786376953,79.4800033569336,77.88999938964844,79.25,1994922,0.0,0.0,0.0,0.020736741666773195,0.018648086215260706,2011821.8,79.38150100708008,0,3,9,2024,1,DGKC.KA
2024-09-04 00:00:00+05:00,79.83999633789062,80.9000015258789,78.86000061035156,79.16999816894531,3810684,0.0,0.0,0.0,-0.0010094868271884883,0.018648152281689794,2151658.95,79.2635009765625,0,4,9,2024,2,DGKC.KA
2024-09-05 00:00:00+05:00,79.01000213623047,80.43000030517578,78.7300033569336,79.20999908447266,1467365,0.0,0.0,0.0,0.0005052534603067205,0.018647582947577238,2133297.0,79.1450008392334,0,5,9,2024,3,DGKC.KA
2024-09-06 00:00:00+05:00,79.94999694824219,79.94999694824219,78.61000061035156,79.08999633789062,541007,0.0,0.0,0.0,-0.0015149949244924743,0.018526084671451296,2046976.95,78.9890007019043,0,6,9,2024,4,DGKC.KA
2024-09-09 00:00:00+05:00,79.5999984741211,80.9800033569336,78.9000015258789,80.5,1034666,0.0,0.0,0.0,0.01782783825258405,0.018786056748040455,2005275.8,78.96100082397462,0,9,9,2024,0,DGKC.KA
2024-09-10 00:00:00+05:00,80.93000030517578,82.6500015258789,80.80000305175781,82.2300033569336,5545308,0.0,0.0,0.0,0.021490724930852023,0.018727842347566356,2149859.7,79.10350112915039,0,10,9,2024,1,DGKC.KA
2024-09-11 00:00:00+05:00,82.5,83.0,81.01000213623047,81.41000366210938,2134781,0.0,0.0,0.0,-0.009972025554527475,0.017957277547442772,2173965.0,79.30000114440918,0,11,9,2024,2,DGKC.KA
2024-09-12 00:00:00+05:00,81.94999694824219,84.1500015258789,80.76000213623047,83.19999694824219,5502981,0.0,0.0,0.0,0.021987387367800038,0.018443287937138193,2400184.1,79.58950080871583,0,12,9,2024,3,DGKC.KA
2024-09-13 00:00:00+05:00,86.0,86.5,78.80000305175781,79.66999816894531,9855447,0.0,0.0,0.0,-0.04242787149971716,0.021070192153793948,2659226.65,79.66700057983398,0,13,9,2024,4,DGKC.KA
2024-09-16 00:00:00+05:00,79.48999786376953,79.80000305175781,75.6500015258789,76.04000091552734,4349911,0.0,0.0,0.0,-0.045562913729711996,0.023194995326844662,2799313.45,79.63250045776367,0,16,9,2024,0,DGKC.KA
2024-09-17 00:00:00+05:00,76.04000091552734,76.04000091552734,76.04000091552734,76.04000091552734,0,0.0,0.0,0.0,0.0,0.023194639122815296,2760892.1,79.59650039672852,0,17,9,2024,1,DGKC.KA
2024-09-18 00:00:00+05:00,76.0,76.5,74.91999816894531,75.02999877929688,2639006,0.0,0.0,0.0,-0.013282510837322015,0.022956130186477918,2793650.05,79.44100036621094,0,18,9,2024,2,DGKC.KA
2024-09-19 00:00:00+05:00,75.2300033569336,75.55000305175781,73.94999694824219,74.1500015258789,2250161,0.0,0.0,0.0,-0.011728605460950448,0.018571444229111188,2589458.8,79.02300033569335,0,19,9,2024,3,DGKC.KA
2024-09-20 00:00:00+05:00,74.94000244140625,76.4000015258789,73.5,75.88999938964844,3413111,0.0,0.0,0.0,0.023465918111441386,0.019554301073764383,2727274.9,78.74100036621094,0,20,9,2024,4,DGKC.KA
2024-09-23 00:00:00+05:00,76.0,76.58000183105469,74.75,74.94000244140625,1192462,0.0,0.0,0.0,-0.012518078216927297,0.0195323623067946,2747052.8,78.46600036621093,0,23,9,2024,0,DGKC.KA
2024-09-24 00:00:00+05:00,75.05000305175781,75.37999725341797,74.0,74.16999816894531,971516,0.0,0.0,0.0,-0.010274943252944091,0.019592577050221396,2664515.5,78.17100028991699,0,24,9,2024,1,DGKC.KA
2024-09-25 00:00:00+05:00,74.48999786376953,75.80999755859375,74.3499984741211,75.55999755859375,1759201,0.0,0.0,0.0,0.01874072298724183,0.020214036482738843,2704448.55,77.96599998474122,0,25,9,2024,2,DGKC.KA
2024-09-26 00:00:00+05:00,76.0,76.4000015258789,74.29000091552734,74.52999877929688,1227191,0.0,0.0,0.0,-0.01363153537026196,0.020338906650918583,2726068.45,77.73999977111816,0,26,9,2024,3,DGKC.KA
2024-09-27 00:00:00+05:00,74.98999786376953,74.98999786376953,73.0,73.30000305175781,1720687,0.0,0.0,0.0,-0.016503364385948904,0.01993893909042465,2647160.6,77.55099983215332,0,27,9,2024,4,DGKC.KA
2024-09-30 00:00:00+05:00,73.30000305175781,73.88999938964844,73.0,73.5,884859,0.0,0.0,0.0,0.00272847121303621,0.019849757389562437,2614763.3,77.3439998626709,0,30,9,2024,0,DGKC.KA
2024-10-01 00:00:00+05:00,73.25,77.30000305175781,73.25,76.48999786376953,5913617,0.0,0.0,0.0,0.04068024304448348,0.0215123291192701,2810698.05,77.20599975585938,0,1,10,2024,1,DGKC.KA
2024-10-02 00:00:00+05:00,75.12000274658203,76.73999786376953,75.0,75.16999816894531,1525717,0.0,0.0,0.0,-0.01725715429061936,0.021795761729086316,2696449.7,77.00599975585938,0,2,10,2024,2,DGKC.KA
2024-10-03 00:00:00+05:00,75.0,78.79000091552734,75.0,77.37999725341797,6206029,0.0,0.0,0.0,0.02940001514308488,0.02292428033761448,2933382.9,76.91449966430665,0,3,10,2024,3,DGKC.KA
2024-10-04 00:00:00+05:00,77.31999969482422,77.5999984741211,76.0999984741211,76.47000122070312,4539673,0.0,0.0,0.0,-0.011760093887501988,0.02305243901728434,3133316.2,76.78349990844727,0,4,10,2024,4,DGKC.KA
2024-10-07 00:00:00+05:00,76.97000122070312,79.98999786376953,76.11000061035156,79.31999969482422,7672781,0.0,0.0,0.0,0.037269496908932886,0.02428424597143437,3465221.95,76.72449989318848,0,7,10,2024,0,DGKC.KA
2024-10-08 00:00:00+05:00,79.5,82.25,78.5199966430664,80.75,5624910,0.0,0.0,0.0,0.018028243957104895,0.02413139911424184,3469202.05,76.6504997253418,0,8,10,2024,1,DGKC.KA
2024-10-09 00:00:00+05:00,80.75,80.75,80.75,80.75,0,0.0,0.0,0.0,0.0,0.024031047878447488,3362463.0,76.61749954223633,0,9,10,2024,2,DGKC.KA
2024-10-10 00:00:00+05:00,79.98999786376953,81.30000305175781,79.0999984741211,80.08000183105469,1811208,0.0,0.0,0.0,-0.008297190946691124,0.02351243717744921,3177874.35,76.46149978637695,0,10,10,2024,3,DGKC.KA
2024-10-11 00:00:00+05:00,80.5999984741211,81.69999694824219,78.80000305175781,80.93000030517578,3105315,0.0,0.0,0.0,0.010614366317252877,0.021582644188092522,2840367.75,76.52449989318848,0,11,10,2024,4,DGKC.KA
2024-10-14 00:00:00+05:00,80.91999816894531,81.69999694824219,77.9000015258789,78.12000274658203,4564970,0.0,0.0,0.0,-0.03472133384403364,0.020458316286812588,2851120.7,76.62849998474121,0,14,10,2024,0,DGKC.KA
2024-10-15 00:00:00+05:00,78.20999908447266,78.79000091552734,77.48999786376953,77.7699966430664,2412095,0.0,0.0,0.0,-0.004480364710828688,0.020500640951285596,2971725.45,76.71499977111816,0,15,10,2024,1,DGKC.KA
2024-10-16 00:00:00+05:00,77.75,79.3499984741211,77.75,78.19000244140625,2419206,0.0,0.0,0.0,0.005400614844661922,0.020223851682606923,2960735.45,76.87299995422363,0,16,10,2024,2,DGKC.KA
2024-10-17 00:00:00+05:00,78.79000091552734,79.4000015258789,77.80000305175781,78.83000183105469,3271882,0.0,0.0,0.0,0.008185181860405288,0.019987847454203234,3011821.5,77.10699996948242,0,17,10,2024,3,DGKC.KA
2024-10-18 00:00:00+05:00,79.0,79.11000061035156,77.5,77.93000030517578,1322593,0.0,0.0,0.0,-0.011416992324924102,0.019650371312533475,2907295.6,77.2090000152588,0,18,10,2024,4,DGKC.KA
2024-10-21 00:00:00+05:00,78.19999694824219,80.69999694824219,78.19999694824219,80.36000061035156,4195036,0.0,0.0,0.0,0.031181833641214407,0.020422911832791973,3057424.3,77.47999992370606,0,21,10,2024,0,DGKC.KA
2024-10-22 00:00:00+05:00,80.73999786376953,81.72000122070312,80.05000305175781,80.55000305175781,3319211,0.0,0.0,0.0,0.00236439074120387,0.020161782784716906,3174809.05,77.79900016784669,0,22,10,2024,1,DGKC.KA
2024-10-23 00:00:00+05:00,80.94000244140625,83.4000015258789,80.52999877929688,83.13999938964844,7226931,0.0,0.0,0.0,0.032153894969146224,0.020876903141829703,3448195.55,78.17800025939941,0,23,10,2024,2,DGKC.KA
2024-10-24 00:00:00+05:00,83.5999984741211,86.30000305175781,83.51000213623047,85.44000244140625,7754570,0.0,0.0,0.0,0.02766421780902939,0.020979407643870903,3774564.5,78.72350044250489,0,24,10,2024,3,DGKC.KA
2024-10-25 00:00:00+05:00,86.0,89.4000015258789,85.30000305175781,87.02999877929688,11043089,0.0,0.0,0.0,0.018609507168273254,0.020363754679808627,4240684.6,79.41000022888184,0,25,10,2024,4,DGKC.KA
2024-10-28 00:00:00+05:00,87.5,89.19999694824219,85.0199966430664,86.26000213623047,4032276,0.0,0.0,0.0,-0.008847485394307242,0.02070753716960588,4398055.45,80.04800033569336,0,28,10,2024,0,DGKC.KA
2024-10-29 00:00:00+05:00,86.0,89.77999877929688,86.0,87.80999755859375,9759889,0.0,0.0,0.0,0.017968877625523128,0.019417390777012763,4590369.05,80.61400032043457,0,29,10,2024,1,DGKC.KA
2024-10-30 00:00:00+05:00,88.0,88.75,85.19999694824219,85.69999694824219,6740545,0.0,0.0,0.0,-0.02402916147382428,0.01991715420566123,4851110.45,81.14050025939942,0,30,10,2024,2,DGKC.KA
2024-10-31 00:00:00+05:00,85.75,86.30000305175781,84.0,84.29000091552734,2451790,0.0,0.0,0.0,-0.016452696416855206,0.019813215447523225,4663398.5,81.48600044250489,0,31,10,2024,3,DGKC.KA
2024-11-01 00:00:00+05:00,84.66000366210938,87.48999786376953,84.20999908447266,87.0,2933936,0.0,0.0,0.0,0.03215089637012247,0.02034564340818605,4583111.65,82.01250038146972,0,1,11,2024,4,DGKC.KA
2024-11-04 00:00:00+05:00,87.5,91.0,87.4800033569336,89.69000244140625,12031774,0.0,0.0,0.0,0.0309195682920258,0.019887342018703364,4801061.3,82.53100051879883,0,4,11,2024,0,DGKC.KA
2024-11-05 00:00:00+05:00,90.4000015258789,90.4000015258789,86.98999786376953,88.3499984741211,8599697,0.0,0.0,0.0,-0.014940393921391348,0.02023176507561815,4949800.65,82.91100044250489,0,5,11,2024,1,DGKC.KA
2024-11-06 00:00:00+05:00,88.55000305175781,90.05000305175781,86.80999755859375,87.56999969482422,4335263,0.0,0.0,0.0,-0.008828509256005757,0.020435031787957563,5166563.8,83.25200042724609,0,6,11,2024,2,DGKC.KA
2024-11-07 00:00:00+05:00,88.20999908447266,88.3499984741211,86.52999877929688,86.98999786376953,2667732,0.0,0.0,0.0,-0.006623293743016512,0.02038425996396625,5209390.0,83.59750022888184,0,7,11,2024,3,DGKC.KA
2024-11-08 00:00:00+05:00,87.38999938964844,88.4000015258789,86.25,88.0199966430664,2961606,0.0,0.0,0.0,0.01184042768813387,0.020405942952724083,5202204.55,83.95200004577637,0,8,11,2024,4,DGKC.KA
2024-11-11 00:00:00+05:00,89.0,89.08000183105469,86.94999694824219,87.12999725341797,3162855,0.0,0.0,0.0,-0.010111331783589028,0.01858298733068887,5132098.8,84.40249977111816,0,11,11,2024,0,DGKC.KA
2024-11-12 00:00:00+05:00,87.12999725341797,87.94000244140625,86.0,86.58000183105469,1278933,0.0,0.0,0.0,-0.006312354409510834,0.01863990271531125,5075440.7,84.84300003051757,0,12,11,2024,1,DGKC.KA
2024-11-13 00:00:00+05:00,86.79000091552734,87.98999786376953,86.5,86.8499984741211,1706125,0.0,0.0,0.0,0.003118464279929789,0.018647809387916277,5039786.65,85.27599983215332,0,13,11,2024,2,DGKC.KA
2024-11-14 00:00:00+05:00,86.80000305175781,87.98999786376953,85.51000213623047,85.79000091552734,3160917,0.0,0.0,0.0,-0.012204923168877224,0.019042441052256182,5034238.4,85.62399978637696,0,14,11,2024,3,DGKC.KA
2024-11-15 00:00:00+05:00,86.11000061035156,88.48999786376953,85.9000015258789,86.11000061035156,3879626,0.0,0.0,0.0,0.0037300348689739415,0.018677549471024374,5162090.05,86.03299980163574,0,15,11,2024,4,DGKC.KA
2024-11-18 00:00:00+05:00,86.44999694824219,86.9000015258789,85.19000244140625,85.61000061035156,1202419,0.0,0.0,0.0,-0.005806526494669395,0.0177755749897879,5012459.2,86.29549980163574,0,18,11,2024,0,DGKC.KA
2024-11-19 00:00:00+05:00,85.5,86.9000015258789,85.01000213623047,85.73999786376953,1278039,0.0,0.0,0.0,0.0015184820989506687,0.017778969952645596,4910400.6,86.55499954223633,0,19,11,2024,1,DGKC.KA
2024-11-20 00:00:00+05:00,85.63999938964844,86.4000015258789,83.9000015258789,84.08000183105469,1561617,0.0,0.0,0.0,-0.01936081262041056,0.017093452144702818,4627134.9,86.60199966430665,0,20,11,2024,2,DGKC.KA
2024-11-21 00:00:00+05:00,84.37999725341797,85.0,83.44999694824219,83.7699966430664,1963488,0.0,0.0,0.0,-0.0036870264181391166,0.015885407599586458,4337580.8,86.51849937438965,0,21,11,2024,3,DGKC.KA
2024-11-22 00:00:00+05:00,84.01000213623047,84.86000061035156,78.77999877929688,80.95999908447266,7972799,0.0,0.0,0.0,-0.03354420044406592,0.016775607122432933,4184066.3,86.21499938964844,0,22,11,2024,4,DGKC.KA
2024-11-25 00:00:00+05:00,81.0,83.75,80.20999908447266,82.08999633789062,3558581,0.0,0.0,0.0,0.013957476114086154,0.017161811465102716,4160381.55,86.00649909973144,0,25,11,2024,0,DGKC.KA
2024-11-26 00:00:00+05:00,82.0,82.79000091552734,76.98999786376953,77.7699966430664,4804551,0.0,0.0,0.0,-0.05262516612916712,0.019819881369943084,3912614.65,85.50449905395507,0,26,11,2024,1,DGKC.KA
2024-11-27 00:00:00+05:00,80.25,82.48999786376953,79.22000122070312,81.94000244140625,3814066,0.0,0.0,0.0,0.05361972455108255,0.02336290914234034,3766290.7,85.31649932861328,0,27,11,2024,2,DGKC.KA
2024-11-28 00:00:00+05:00,82.87999725341797,86.0,82.55000305175781,85.1500015258789,10362778,0.0,0.0,0.0,0.03917499376166189,0.02481560635000405,4161840.1,85.35949935913087,0,28,11,2024,3,DGKC.KA
2024-11-29 00:00:00+05:00,85.19999694824219,86.30000305175781,84.30999755859375,85.44999694824219,4372959,0.0,0.0,0.0,0.003523140540075076,0.023713187534012966,4233791.25,85.28199920654296,0,29,11,2024,4,DGKC.KA
2024-12-02 00:00:00+05:00,86.11000061035156,89.87999725341797,86.11000061035156,89.30999755859375,14275062,0.0,0.0,0.0,0.04517262432074287,0.024895991896412915,4345955.65,85.26299896240235,0,2,12,2024,0,DGKC.KA
2024-12-03 00:00:00+05:00,90.25,94.73999786376953,88.0999984741211,92.94999694824219,20406335,0.0,0.0,0.0,0.040756908399424585,0.026207900262738396,4936287.55,85.4929988861084,0,3,12,2024,1,DGKC.KA
2024-12-04 00:00:00+05:00,94.01000213623047,95.44999694824219,90.9000015258789,93.23999786376953,13007810,0.0,0.0,0.0,0.003119966918221806,0.02606308694003159,5369914.9,85.77649879455566,0,4,12,2024,2,DGKC.KA
2024-12-05 00:00:00+05:00,94.4800033569336,99.47000122070312,92.11000061035156,98.16999816894531,14004720,0.0,0.0,0.0,0.05287430735872456,0.028162284822676867,5936764.3,86.33549880981445,0,5,12,2024,3,DGKC.KA
2024-12-06 00:00:00+05:00,99.80000305175781,100.25,94.5,96.61000061035156,6318491,0.0,0.0,0.0,-0.01589077709779596,0.02856211371739959,6104608.55,86.7649990081787,0,6,12,2024,4,DGKC.KA
2024-12-09 00:00:00+05:00,96.55000305175781,106.2699966430664,95.80999755859375,105.66999816894531,14452667,0.0,0.0,0.0,0.09377908602997143,0.03449117144435281,6669099.15,87.69199905395507,0,9,12,2024,0,DGKC.KA
2024-12-10 00:00:00+05:00,108.0,112.38999938964844,102.0,106.88999938964844,18218926,0.0,0.0,0.0,0.011545388869531159,0.034270405639642225,7516098.8,88.70749893188477,0,10,12,2024,1,DGKC.KA
2024-12-11 00:00:00+05:00,108.0,110.19999694824219,106.5999984741211,107.91000366210938,5929939,0.0,0.0,0.0,0.009542560373142939,0.0342213500628328,7727289.5,89.76049919128418,0,11,12,2024,2,DGKC.KA
2024-12-12 00:00:00+05:00,108.5,110.9800033569336,106.62000274658203,108.62999725341797,7485165,0.0,0.0,0.0,0.006672167240055593,0.03379193431750475,7943501.9,90.90249900817871,0,12,12,2024,3,DGKC.KA
2024-12-13 00:00:00+05:00,108.5,108.69999694824219,104.27999877929688,105.98999786376953,7238382,0.0,0.0,0.0,-0.024302673813842657,0.03473874738544665,8111439.7,91.89649887084961,0,13,12,2024,4,DGKC.KA
2024-12-16 00:00:00+05:00,107.0,111.25,106.4000015258789,109.81999969482422,12819895,0.0,0.0,0.0,0.036135502483710225,0.03493606341945464,8692313.5,93.10699882507325,0,16,12,2024,0,DGKC.KA
2024-12-17 00:00:00+05:00,108.0,109.9800033569336,102.0,103.45999908447266,8414789,0.0,0.0,0.0,-0.05791295417979592,0.03833511267926407,9049151.0,93.9929988861084,0,17,12,2024,1,DGKC.KA
2024-12-18 00:00:00+05:00,104.1500015258789,105.55000305175781,96.91000366210938,98.08000183105469,9334978,0.0,0.0,0.0,-0.05200074715857406,0.04030092557191826,9437819.05,94.6929988861084,0,18,12,2024,2,DGKC.KA
2024-12-19 00:00:00+05:00,98.0,100.5,91.0,92.54000091552734,7524857,0.0,0.0,0.0,-0.05648451072696892,0.042793099638532825,9715887.5,95.13149909973144,0,19,12,2024,3,DGKC.KA
2024-12-20 00:00:00+05:00,92.11000061035156,97.5999984741211,92.11000061035156,96.86000061035156,3749066,0.0,0.0,0.0,0.04668251190928352,0.04266541048871836,9504700.85,95.92649917602539,0,20,12,2024,4,DGKC.KA
2024-12-23 00:00:00+05:00,98.37000274658203,101.48999786376953,96.4000015258789,100.25,8815495,0.0,0.0,0.0,0.03499896106015665,0.04302946056155244,9767546.55,96.83449935913086,0,23,12,2024,0,DGKC.KA
2024-12-24 00:00:00+05:00,100.94999694824219,101.87999725341797,96.5,96.91999816894531,5036745,0.0,0.0,0.0,-0.03321697587086969,0.04171989460004957,9779156.25,97.7919994354248,0,24,12,2024,1,DGKC.KA
2024-12-26 00:00:00+05:00,96.01000213623047,96.5,93.5999984741211,94.12000274658203,2337047,0.0,0.0,0.0,-0.028889759340301358,0.04145484642369829,9705305.3,98.4009994506836,0,26,12,2024,3,DGKC.KA
2024-12-27 00:00:00+05:00,93.9000015258789,99.9800033569336,93.05000305175781,98.9800033569336,7561386,0.0,0.0,0.0,0.05163621407276309,0.04204129450769837,9565235.7,99.09249954223633,0,27,12,2024,4,DGKC.KA
2024-12-30 00:00:00+05:00,101.0,106.80000305175781,100.0,106.05999755859375,17425105,0.0,0.0,0.0,0.07152954093291819,0.04431585902042099,10217843.0,100.12299957275391,0,30,12,2024,0,DGKC.KA
2024-12-31 00:00:00+05:00,107.0,107.1500015258789,103.80000305175781,104.91999816894531,7983546,0.0,0.0,0.0,-0.010748627341978123,0.043860393462384656,9903267.2,100.90349960327148,0,31,12,2024,1,DGKC.KA
2025-01-01 00:00:00+05:00,104.91999816894531,104.91999816894531,104.91999816894531,104.91999816894531,0,0.0,0.0,0.0,0.0,0.04324938810988595,8882950.45,101.50199966430664,0,1,1,2025,2,DGKC.KA
2025-01-02 00:00:00+05:00,110.3499984741211,110.44000244140625,106.0,106.76000213623047,7792725,0.0,0.0,0.0,0.017537209296575984,0.043302248105091645,8622196.2,102.1779998779297,0,2,1,2025,3,DGKC.KA
2025-01-03 00:00:00+05:00,106.0,106.5,100.4000015258789,102.19999694824219,11556889,0.0,0.0,0.0,-0.042712674192058486,0.04332592279386477,8499804.65,102.37949981689454,0,3,1,2025,4,DGKC.KA
2025-01-06 00:00:00+05:00,102.87999725341797,103.3499984741211,98.11000061035156,99.12000274658203,6507188,0.0,0.0,0.0,-0.03013693046605448,0.04376590279607706,8509239.5,102.50499992370605,0,6,1,2025,0,DGKC.KA
2025-01-07 00:00:00+05:00,100.0,102.08999633789062,95.11000061035156,99.7699966430664,7502383,0.0,0.0,0.0,0.0065576460701499695,0.03814272900539072,8161725.3,102.2099998474121,0,7,1,2025,1,DGKC.KA
2025-01-08 00:00:00+05:00,100.94999694824219,102.0,96.80000305175781,97.44999694824219,3654819,0.0,0.0,0.0,-0.02325348073453548,0.038277213091943964,7433519.95,101.7379997253418,0,8,1,2025,2,DGKC.KA
2025-01-09 00:00:00+05:00,98.0999984741211,98.0999984741211,94.5,95.2300033569336,2510942,0.0,0.0,0.0,-0.022780848238381002,0.03836124231581867,7262570.1,101.103999710083,0,9,1,2025,3,DGKC.KA
2025-01-10 00:00:00+05:00,95.25,100.69000244140625,95.0,99.75,5792080,0.0,0.0,0.0,0.04746399751898478,0.040089869058543205,7177915.85,100.65999984741211,0,10,1,2025,4,DGKC.KA
2025-01-13 00:00:00+05:00,101.0,102.02999877929688,99.69999694824219,100.22000122070312,6233903,0.0,0.0,0.0,0.004711791686246913,0.039821344802409,7127691.9,100.37150001525879,0,13,1,2025,0,DGKC.KA
2025-01-14 00:00:00+05:00,100.5,104.0,99.75,103.30000305175781,8102463,0.0,0.0,0.0,0.030732406640785692,0.039566205045601474,6891820.3,100.04550018310547,0,14,1,2025,1,DGKC.KA
2025-01-15 00:00:00+05:00,104.01000213623047,105.38999938964844,101.51000213623047,102.02999877929688,9536691,0.0,0.0,0.0,-0.012294329476685628,0.037450704690911996,6947915.4,99.97400016784668,0,15,1,2025,2,DGKC.KA
2025-01-16 00:00:00+05:00,102.4800033569336,103.25,100.0,102.05000305175781,3758988,0.0,0.0,0.0,0.00019606265510407894,0.03540129022649116,6669115.9,100.17250022888183,0,16,1,2025,3,DGKC.KA
2025-01-17 00:00:00+05:00,102.47000122070312,106.1500015258789,101.0999984741211,104.69000244140625,10838447,0.0,0.0,0.0,0.02586966497501697,0.032868997115996036,6834795.4,100.78000030517578,0,17,1,2025,4,DGKC.KA
2025-01-20 00:00:00+05:00,105.30999755859375,108.3499984741211,104.9000015258789,106.95999908447266,10929413,0.0,0.0,0.0,0.021683031713910728,0.0317236386179509,7193812.75,101.28500022888184,0,20,1,2025,0,DGKC.KA
2025-01-21 00:00:00+05:00,107.1500015258789,109.30000305175781,104.56999969482422,105.55999755859375,11273442,0.0,0.0,0.0,-0.013089019613521491,0.03118346731732935,7316710.1,101.55050010681153,0,21,1,2025,1,DGKC.KA
2025-01-22 00:00:00+05:00,106.0999984741211,109.80000305175781,105.1500015258789,107.79000091552734,16695919,0.0,0.0,0.0,0.02112545858762238,0.030210360851657,7899668.8,102.09400024414063,0,22,1,2025,2,DGKC.KA
2025-01-23 00:00:00+05:00,108.11000061035156,110.80000305175781,108.11000061035156,110.18000030517578,14798994,0.0,0.0,0.0,0.02217273744641135,0.029271303743916594,8522766.15,102.89700012207031,0,23,1,2025,3,DGKC.KA
2025-01-24 00:00:00+05:00,111.0,111.0999984741211,108.0,108.69000244140625,9477438,0.0,0.0,0.0,-0.013523306041409944,0.027783579532224403,8618568.75,103.38250007629395,0,24,1,2025,4,DGKC.KA
2025-01-27 00:00:00+05:00,109.23999786376953,109.30000305175781,104.62999725341797,105.37000274658203,6753837,0.0,0.0,0.0,-0.030545584876713883,0.02405430255738748,8085005.35,103.34800033569336,0,27,1,2025,0,DGKC.KA
2025-01-28 00:00:00+05:00,106.0999984741211,106.6500015258789,103.51000213623047,105.41000366210938,6247579,0.0,0.0,0.0,0.0003796233698840634,0.023922188258070395,7998207.0,103.37250061035157,0,28,1,2025,1,DGKC.KA
2025-01-29 00:00:00+05:00,106.01000213623047,106.80000305175781,103.12999725341797,104.58000183105469,3540068,0.0,0.0,0.0,-0.007874032845262446,0.02399561223518096,8175210.4,103.35550079345703,0,29,1,2025,2,DGKC.KA
2025-01-30 00:00:00+05:00,104.7300033569336,106.4000015258789,103.0,105.56999969482422,2500344,0.0,0.0,0.0,0.009466416584777315,0.023753772468542492,7910591.35,103.29600067138672,0,30,1,2025,3,DGKC.KA
2025-01-31 00:00:00+05:00,106.0999984741211,108.19999694824219,106.0,107.44999694824219,7602272,0.0,0.0,0.0,0.01780806345413044,0.021843488665581747,7712860.5,103.55850067138672,0,31,1,2025,4,DGKC.KA
2025-02-03 00:00:00+05:00,107.55000305175781,109.80000305175781,106.51000213623047,106.9800033569336,5858375,0.0,0.0,0.0,-0.004374067981918972,0.020522759690754972,7680419.85,103.9515007019043,0,3,2,2025,0,DGKC.KA
2025-02-04 00:00:00+05:00,107.80000305175781,109.19999694824219,105.16000366210938,105.54000091552734,3440397,0.0,0.0,0.0,-0.01346048229781549,0.02087764543842942,7477320.55,104.24000091552735,0,4,2,2025,1,DGKC.KA
2025-02-06 00:00:00+05:00,105.98999786376953,106.48999786376953,101.5,102.52999877929688,6744752,0.0,0.0,0.0,-0.028520012413488893,0.02125625939326525,7631817.2,104.49400100708007,0,6,2,2025,3,DGKC.KA
2025-02-07 00:00:00+05:00,102.5,103.87999725341797,101.0,102.12999725341797,4491123,0.0,0.0,0.0,-0.003901312110028754,0.020466992675447267,7730826.25,104.8390007019043,0,7,2,2025,4,DGKC.KA
2025-02-10 00:00:00+05:00,102.98999786376953,104.25,101.11000061035156,103.55999755859375,1998945,0.0,0.0,0.0,0.014001765824270818,0.017909129622842242,7541169.5,105.02950057983398,0,10,2,2025,0,DGKC.KA
2025-02-11 00:00:00+05:00,104.0,109.68000030517578,103.61000061035156,108.94999694824219,12196282,0.0,0.0,0.0,0.05204711777439752,0.02112202171609024,7839288.45,105.46600036621093,0,11,2,2025,1,DGKC.KA
2025-02-12 00:00:00+05:00,109.44999694824219,110.75,107.55000305175781,109.0,12828142,0.0,0.0,0.0,0.00045895413637842,0.020199877810848865,8075572.4,105.75100021362304,0,12,2,2025,2,DGKC.KA
2025-02-13 00:00:00+05:00,109.4800033569336,110.0,107.61000061035156,108.08000183105469,4567373,0.0,0.0,0.0,-0.008440350173810174,0.020065423643804148,7827106.5,106.05350036621094,0,13,2,2025,3,DGKC.KA
2025-02-14 00:00:00+05:00,108.5999984741211,111.5999984741211,105.26000213623047,106.08999633789062,9616562,0.0,0.0,0.0,-0.018412337707717108,0.020629400590357196,8119985.2,106.25550003051758,0,14,2,2025,4,DGKC.KA
2025-02-17 00:00:00+05:00,105.25,107.30000305175781,104.0,105.06999969482422,2930859,0.0,0.0,0.0,-0.00961444696272562,0.019997686403019778,7724605.8,106.27449989318848,0,17,2,2025,0,DGKC.KA
2025-02-18 00:00:00+05:00,105.88999938964844,110.9000015258789,105.0,110.06999969482422,11147320,0.0,0.0,0.0,0.04758732287544021,0.022171521489008247,7735501.15,106.42999992370605,0,18,2,2025,1,DGKC.KA
2025-02-19 00:00:00+05:00,111.83999633789062,113.9000015258789,109.0,111.83999633789062,24970307,0.0,0.0,0.0,0.01608064547991117,0.022109249155432005,8420344.4,106.7439998626709,0,19,2,2025,2,DGKC.KA
2025-02-20 00:00:00+05:00,115.9000015258789,122.91999816894531,115.5,120.91000366210938,32200333,0.0,0.0,0.0,0.08109806528262453,0.02796965710445917,9195565.1,107.4,0,20,2,2025,3,DGKC.KA
2025-02-21 00:00:00+05:00,122.0,122.4000015258789,116.56999969482422,116.98999786376953,7879713,0.0,0.0,0.0,-0.032420855839972895,0.028966956392539572,8849601.05,107.7404998779297,0,21,2,2025,4,DGKC.KA
2025-02-24 00:00:00+05:00,117.0,121.5,115.05999755859375,120.73999786376953,11477310,0.0,0.0,0.0,0.03205402229656196,0.029356359113574523,8949594.65,108.34299964904785,0,24,2,2025,0,DGKC.KA
2025-02-25 00:00:00+05:00,121.5,123.75,118.8499984741211,121.66000366210938,11469423,0.0,0.0,0.0,0.007619726806504357,0.028091442061505732,9185373.95,109.15749969482422,0,25,2,2025,1,DGKC.KA
2025-02-26 00:00:00+05:00,120.01000213623047,124.75,120.01000213623047,123.04000091552734,8658437,0.0,0.0,0.0,0.011343064375130885,0.0280504961355,9305916.85,110.03899955749512,0,26,2,2025,2,DGKC.KA
2025-02-27 00:00:00+05:00,122.0,123.69999694824219,121.0,121.27999877929688,4341246,0.0,0.0,0.0,-0.014304308543030553,0.028279473806486204,9345975.75,110.87399940490722,0,27,2,2025,3,DGKC.KA
2025-02-28 00:00:00+05:00,122.80000305175781,122.80000305175781,119.0999984741211,120.98999786376953,2526880,0.0,0.0,0.0,-0.00239116852280874,0.028366989446563642,9347302.55,111.64499931335449,0,28,2,2025,4,DGKC.KA
2025-03-03 00:00:00+05:00,121.25,121.6500015258789,118.4000015258789,118.9000015258789,1701340,0.0,0.0,0.0,-0.01727412492596192,0.028759309294357188,9052255.95,112.21749954223633,0,3,3,2025,0,DGKC.KA
2025-03-04 00:00:00+05:00,118.9000015258789,118.9000015258789,118.9000015258789,118.9000015258789,0,0.0,0.0,0.0,0.0,0.028697162521891622,8759337.2,112.8134994506836,0,4,3,2025,1,DGKC.KA
2025-03-05 00:00:00+05:00,119.38999938964844,121.4000015258789,118.86000061035156,119.44000244140625,2591313,0.0,0.0,0.0,0.00454163926490625,0.028345460306332722,8716883.0,113.50849952697754,0,5,3,2025,2,DGKC.KA
2025-03-06 00:00:00+05:00,120.0,123.33000183105469,119.16000366210938,122.33000183105469,6160994,0.0,0.0,0.0,0.024196243558067376,0.027343289260763723,8687695.1,114.49849967956543,0,6,3,2025,3,DGKC.KA
2025-03-07 00:00:00+05:00,123.0,127.37999725341797,121.5199966430664,126.68000030517578,9721256,0.0,0.0,0.0,0.03555953902566533,0.027767562248889485,8949201.75,115.72599983215332,0,7,3,2025,4,DGKC.KA
2025-03-10 00:00:00+05:00,126.5,130.0,124.05000305175781,125.87999725341797,9171488,0.0,0.0,0.0,-0.0063151487987889166,0.028029549195574727,9307828.9,116.84199981689453,0,10,3,2025,0,DGKC.KA
2025-03-11 00:00:00+05:00,122.0,126.58999633789062,122.0,125.37999725341797,4307723,0.0,0.0,0.0,-0.003972036947168189,0.02637475871465358,8913400.95,117.66349983215332,0,11,3,2025,1,DGKC.KA
2025-03-12 00:00:00+05:00,126.0,129.36000061035156,125.2699966430664,128.02999877929688,5626023,0.0,0.0,0.0,0.02113575996115813,0.026494585953320632,8553295.0,118.61499977111816,0,12,3,2025,2,DGKC.KA
2025-03-13 00:00:00+05:00,129.0,135.4600067138672,127.25,133.8800048828125,12175485,0.0,0.0,0.0,0.04569246394823523,0.027431757727136977,8933700.6,119.90499992370606,0,13,3,2025,3,DGKC.KA
2025-03-14 00:00:00+05:00,134.83999633789062,136.8000030517578,131.39999389648438,134.52999877929688,6494720,0.0,0.0,0.0,0.004855048347610413,0.02659442292586628,8777608.5,121.32700004577637,0,14,3,2025,4,DGKC.KA
2025-03-17 00:00:00+05:00,134.6999969482422,135.5,133.5,133.99000549316406,2468549,0.0,0.0,0.0,-0.00401392470848605,0.02638044746527562,8754493.0,122.77300033569335,0,17,3,2025,0,DGKC.KA
2025-03-18 00:00:00+05:00,134.27000427246094,134.75,132.5,132.75999450683594,2760925,0.0,0.0,0.0,-0.009179871153829344,0.02545014561145555,8335173.25,123.90750007629394,0,18,3,2025,1,DGKC.KA
2025-03-19 00:00:00+05:00,132.1999969482422,136.8000030517578,131.6999969482422,134.3800048828125,6377463,0.0,0.0,0.0,0.01220254928447706,0.02541384273860574,7405531.05,125.03450050354004,0,19,3,2025,2,DGKC.KA
2025-03-20 00:00:00+05:00,134.75,135.8000030517578,132.0,133.17999267578125,3160253,0.0,0.0,0.0,-0.008929990797944432,0.019308268011026076,5953527.05,125.64799995422364,0,20,3,2025,3,DGKC.KA
2025-03-21 00:00:00+05:00,133.8000030517578,134.60000610351562,132.4499969482422,132.6199951171875,1766910,0.0,0.0,0.0,-0.004204817460510268,0.017361256417198077,5647886.9,126.42949981689453,0,21,3,2025,4,DGKC.KA
2025-03-24 00:00:00+05:00,132.8000030517578,133.64999389648438,130.6999969482422,131.77000427246094,2253956,0.0,0.0,0.0,-0.006409220901987478,0.016481555385406018,5186719.2,126.9810001373291,0,24,3,2025,0,DGKC.KA
2025-03-25 00:00:00+05:00,131.75,133.13999938964844,130.25,130.99000549316406,1039386,0.0,0.0,0.0,-0.005919395568084407,0.016624431006152966,4665217.35,127.44750022888184,0,25,3,2025,1,DGKC.KA
2025-03-26 00:00:00+05:00,132.0,134.5,131.00999450683594,132.99000549316406,3542374,0.0,0.0,0.0,0.01526834045445069,0.016740553813784583,4409414.2,127.94500045776367,0,26,3,2025,2,DGKC.KA
2025-03-27 00:00:00+05:00,132.99000549316406,136.89999389648438,132.10000610351562,135.3300018310547,4818120,0.0,0.0,0.0,0.017595279654386564,0.01641864566723482,4433257.9,128.64750061035156,0,27,3,2025,3,DGKC.KA
2025-03-28 00:00:00+05:00,135.3300018310547,135.3300018310547,135.3300018310547,135.3300018310547,0,0.0,0.0,0.0,0.0,0.016365846004571673,4306913.9,129.36450080871583,0,28,3,2025,4,DGKC.KA
2025-03-31 00:00:00+05:00,135.3300018310547,135.3300018310547,135.3300018310547,135.3300018310547,0,0.0,0.0,0.0,0.0,0.015521303418370574,4221846.9,130.1860008239746,0,31,3,2025,0,DGKC.KA
2025-04-03 00:00:00+05:00,134.52999877929688,134.6999969482422,130.5,134.0500030517578,9908599,0.0,0.0,0.0,-0.009458351895205164,0.015873249407743685,4717276.85,130.94350090026856,0,3,4,2025,3,DGKC.KA
2025-04-04 00:00:00+05:00,134.0,136.5,131.6999969482422,132.10000610351562,4866645,0.0,0.0,0.0,-0.014546787794471605,0.016534037205203706,4831043.45,131.576501083374,0,4,4,2025,4,DGKC.KA
2025-04-07 00:00:00+05:00,130.0,130.0,118.88999938964844,124.91000366210938,11670563,0.0,0.0,0.0,-0.05442847925209071,0.020617092792060514,5106521.9,131.70550117492675,0,7,4,2025,0,DGKC.KA
2025-04-08 00:00:00+05:00,126.0999984741211,128.74000549316406,125.76000213623047,126.0999984741211,4978269,0.0,0.0,0.0,0.009526817525606246,0.01910293743960085,4869372.55,131.67650108337403,0,8,4,2025,1,DGKC.KA
2025-04-09 00:00:00+05:00,125.01000213623047,129.5800018310547,124.0,126.83000183105469,10063297,0.0,0.0,0.0,0.005789082995773409,0.019085903474124054,4913963.0,131.72400131225587,0,9,4,2025,2,DGKC.KA
2025-04-10 00:00:00+05:00,131.39999389648438,135.0,129.1199951171875,130.89999389648438,8716529,0.0,0.0,0.0,0.03209013645565628,0.020300973527589847,5134403.3,132.00000114440917,0,10,4,2025,3,DGKC.KA
2025-04-11 00:00:00+05:00,127.93000030517578,129.00999450683594,125.75,128.00999450683594,5668795,0.0,0.0,0.0,-0.02207791844462459,0.020495426509919232,5136541.9,131.99900093078614,0,11,4,2025,4,DGKC.KA
2025-04-14 00:00:00+05:00,128.89999389648438,129.94000244140625,126.70999908447266,127.0,3306656,0.0,0.0,0.0,-0.007889966019661077,0.017520992662722664,4693100.45,131.6550006866455,0,14,4,2025,0,DGKC.KA
2025-04-15 00:00:00+05:00,127.5,127.88999938964844,125.3499984741211,125.72000122070312,2103439,0.0,0.0,0.0,-0.010078730545644676,0.01750986044698373,4473536.4,131.21450080871583,0,15,4,2025,1,DGKC.KA
2025-04-16 00:00:00+05:00,125.98999786376953,126.98999786376953,122.76000213623047,123.26000213623047,4025505,0.0,0.0,0.0,-0.019567284923534878,0.017887667836244858,4551384.2,130.67800064086913,0,16,4,2025,2,DGKC.KA
2025-04-17 00:00:00+05:00,123.26000213623047,127.25,123.0,125.87000274658203,5691617,0.0,0.0,0.0,0.02117475714033268,0.01869553181683433,4697918.8,130.33350105285643,0,17,4,2025,3,DGKC.KA
2025-04-18 00:00:00+05:00,126.87000274658203,128.0,124.55000305175781,125.0,4410173,0.0,0.0,0.0,-0.006911914893126925,0.018390826064925807,4599554.3,129.86450080871583,0,18,4,2025,4,DGKC.KA
2025-04-21 00:00:00+05:00,125.0,129.60000610351562,123.80999755859375,127.47000122070312,7243662,0.0,0.0,0.0,0.019760009765624975,0.01904797791150446,4803724.75,129.57900123596193,0,21,4,2025,0,DGKC.KA
2025-04-22 00:00:00+05:00,127.2699966430664,128.0,126.30000305175781,126.48999786376953,3552896,0.0,0.0,0.0,-0.007688109732083559,0.019084948630696406,4893024.05,129.27250137329102,0,22,4,2025,1,DGKC.KA
2025-04-23 00:00:00+05:00,126.79000091552734,128.3300018310547,124.0,125.19000244140625,4587039,0.0,0.0,0.0,-0.010277456275739505,0.0191494646282532,5009678.2,128.9435012817383,0,23,4,2025,2,DGKC.KA
2025-04-24 00:00:00+05:00,121.0999984741211,124.38999938964844,121.0,122.62000274658203,2943424,0.0,0.0,0.0,-0.02052879339168534,0.019565623956095003,5104880.1,128.52500114440917,0,24,4,2025,3,DGKC.KA
2025-04-25 00:00:00+05:00,123.0,125.1500015258789,120.5999984741211,124.6500015258789,3560574,0.0,0.0,0.0,0.016555200895666866,0.019631257910840073,5105790.1,128.1080009460449,0,25,4,2025,4,DGKC.KA
2025-04-28 00:00:00+05:00,125.62000274658203,126.77999877929688,116.5,118.80999755859375,3946648,0.0,0.0,0.0,-0.04685121456715502,0.021284083958150925,5062216.5,127.28200073242188,0,28,4,2025,0,DGKC.KA
2025-04-29 00:00:00+05:00,119.01000213623047,128.49000549316406,119.0,127.75,9206064,0.0,0.0,0.0,0.07524621349308003,0.02803173074500572,5522519.7,126.90300064086914,0,29,4,2025,1,DGKC.KA
2025-04-30 00:00:00+05:00,128.25,128.25,123.0,124.45999908447266,6085018,0.0,0.0,0.0,-0.025753431824088846,0.028498080759917388,5826770.6,126.35950050354003,0,30,4,2025,2,DGKC.KA
2025-05-02 00:00:00+05:00,128.5,134.1999969482422,127.19999694824219,132.7899932861328,9605968,0.0,0.0,0.0,0.06692908776261897,0.03253246672376895,5811639.05,126.29650001525879,0,2,5,2025,4,DGKC.KA
2025-05-05 00:00:00+05:00,133.99000549316406,140.10000610351562,131.0,138.7100067138672,14728440,0.0,0.0,0.0,0.0445817736806271,0.03380065115797447,6304728.8,126.62700004577637,0,5,5,2025,0,DGKC.KA
2025-05-06 00:00:00+05:00,140.0,141.5,135.5,135.99000549316406,11352512,0.0,0.0,0.0,-0.019609264573924978,0.031506991388154736,6288826.25,127.18100013732911,0,6,5,2025,1,DGKC.KA
2025-05-07 00:00:00+05:00,127.0999984741211,135.9499969482422,126.94000244140625,130.75999450683594,5539591,0.0,0.0,0.0,-0.038458789433544305,0.032917266469907315,6316892.35,127.41399993896485,0,7,5,2025,2,DGKC.KA
2025-05-08 00:00:00+05:00,131.5,133.74000549316406,117.68000030517578,119.55000305175781,7662050,0.0,0.0,0.0,-0.08572951916491622,0.03832656652118924,6196830.0,127.05,0,8,5,2025,3,DGKC.KA
2025-05-09 00:00:00+05:00,119.55000305175781,128.89999389648438,119.5,127.62999725341797,3900173,0.0,0.0,0.0,0.06758673354581202,0.040746207293882494,5956012.2,126.88650016784668,0,9,5,2025,4,DGKC.KA
2025-05-12 00:00:00+05:00,140.38999938964844,140.38999938964844,138.0,140.38999938964844,8202285,0.0,0.0,0.0,0.09997651344373715,0.046126172861683426,6082686.7,127.5055004119873,0,12,5,2025,0,DGKC.KA
2025-05-13 00:00:00+05:00,144.8000030517578,151.8800048828125,139.25,150.74000549316406,19785523,0.0,0.0,0.0,0.07372324345404024,0.04842075038616812,6906630.05,128.6925006866455,0,13,5,2025,1,DGKC.KA
2025-05-14 00:00:00+05:00,150.00999450683594,154.4499969482422,146.39999389648438,147.47999572753906,19418708,0.0,0.0,0.0,-0.021626705896417353,0.04873688761922747,7772393.5,129.7805004119873,0,14,5,2025,2,DGKC.KA
2025-05-15 00:00:00+05:00,148.5,152.44000244140625,147.39999389648438,151.3000030517578,10735623,0.0,0.0,0.0,0.025901867608377094,0.04838720078017027,8107899.4,131.18250045776367,0,15,5,2025,3,DGKC.KA
2025-05-16 00:00:00+05:00,151.5,151.5,146.25,147.3300018310547,3581156,0.0,0.0,0.0,-0.026239267287688328,0.0490401917978598,8002376.35,132.2555004119873,0,16,5,2025,4,DGKC.KA
