Date,Open,High,Low,Close,Volume,Dividends,Stock Splits,Capital Gains,Returns,Volatility,Volume_MA,Price_MA,Hour,Day,Month,Year,DayOfWeek,Ticker
2020-05-18 00:00:00+05:00,26.136886823528442,26.136886823528442,25.605981621501492,25.671323776245117,1995058,0.0,0.0,0.0,,,,,0,18,5,2020,0,EFERT.KA
2020-05-19 00:00:00+05:00,25.671325404694763,25.851015952168368,25.524305157725472,25.548809051513672,2191732,0.0,0.0,0.0,-0.004772435025139354,,,,0,19,5,2020,1,EFERT.KA
2020-05-20 00:00:00+05:00,25.712160604862426,25.712160604862426,25.11591328134283,25.36911392211914,1786500,0.0,0.0,0.0,-0.007033405315770902,,,,0,20,5,2020,2,EFERT.KA
2020-05-21 00:00:00+05:00,25.369122237573325,25.369122237573325,24.99340513506807,25.038328170776367,1202515,0.0,0.0,0.0,-0.013038916233269138,,,,0,21,5,2020,3,EFERT.KA
2020-05-22 00:00:00+05:00,25.038328170776367,25.038328170776367,25.038328170776367,25.038328170776367,0,0.0,0.0,0.0,0.0,,,,0,22,5,2020,4,EFERT.KA
2020-05-25 00:00:00+05:00,25.038328170776367,25.038328170776367,25.038328170776367,25.038328170776367,0,0.0,0.0,0.0,0.0,,,,0,25,5,2020,0,EFERT.KA
2020-05-26 00:00:00+05:00,25.038328170776367,25.038328170776367,25.038328170776367,25.038328170776367,0,0.0,0.0,0.0,0.0,,,,0,26,5,2020,1,EFERT.KA
2020-05-27 00:00:00+05:00,25.038328170776367,25.038328170776367,25.038328170776367,25.038328170776367,0,0.0,0.0,0.0,0.0,,,,0,27,5,2020,2,EFERT.KA
2020-05-28 00:00:00+05:00,25.0954982371677,25.0954982371677,24.299139569938255,24.544172286987305,3410276,0.0,0.0,0.0,-0.019735977594774856,,,,0,28,5,2020,3,EFERT.KA
2020-05-29 00:00:00+05:00,24.699359005160474,24.70752696961668,24.303221297373966,24.41348648071289,2340281,0.0,0.0,0.0,-0.005324514705419503,,,,0,29,5,2020,4,EFERT.KA
2020-06-01 00:00:00+05:00,24.707532010114562,25.017906933369357,24.4420785637133,24.83413314819336,1435488,0.0,0.0,0.0,0.01723009402253095,,,,0,1,6,2020,0,EFERT.KA
2020-06-02 00:00:00+05:00,24.77287029471235,24.911722581250917,24.666689867538157,24.821876525878906,2192988,0.0,0.0,0.0,-0.0004935393654094122,,,,0,2,6,2020,1,EFERT.KA
2020-06-03 00:00:00+05:00,24.71977896930442,24.89130311289758,24.5441716222857,24.646268844604492,710159,0.0,0.0,0.0,-0.007074714157542794,,,,0,3,6,2020,2,EFERT.KA
2020-06-04 00:00:00+05:00,24.605431971856973,24.80962642805496,24.44207578374656,24.495166778564453,1198741,0.0,0.0,0.0,-0.006130829254226811,,,,0,4,6,2020,3,EFERT.KA
2020-06-05 00:00:00+05:00,24.50333356635162,24.71977918099946,24.450242574084793,24.5809268951416,1172444,0.0,0.0,0.0,0.0035011035994332307,,,,0,5,6,2020,4,EFERT.KA
2020-06-08 00:00:00+05:00,24.666693280705655,24.91172602832397,24.585015178872812,24.870887756347656,796785,0.0,0.0,0.0,0.011796172798649307,,,,0,8,6,2020,0,EFERT.KA
2020-06-09 00:00:00+05:00,24.809625782356818,24.809625782356818,24.503334106031424,24.691192626953125,1031946,0.0,0.0,0.0,-0.007225119229958721,,,,0,9,6,2020,1,EFERT.KA
2020-06-10 00:00:00+05:00,24.70752763852787,24.80145689549734,24.585011284127695,24.629934310913086,1167539,0.0,0.0,0.0,-0.002480978418724411,,,,0,10,6,2020,2,EFERT.KA
2020-06-11 00:00:00+05:00,24.707528752624007,25.156755924974245,24.515585468751432,24.944395065307617,2405120,0.0,0.0,0.0,0.01276742156211097,,,,0,11,6,2020,3,EFERT.KA
2020-06-12 00:00:00+05:00,24.797379193730222,24.870889334255533,24.527842531097516,24.736120223999023,697762,0.0,0.0,0.0,-0.008349564732409998,,1286766.7,24.899472427368163,0,12,6,2020,4,EFERT.KA
2020-06-15 00:00:00+05:00,24.511503500236124,24.785123332592033,23.890752146409444,23.952011108398438,2542829,0.0,0.0,0.0,-0.03169895313008064,0.010907627399643849,1314155.25,24.81350679397583,0,15,6,2020,0,EFERT.KA
2020-06-16 00:00:00+05:00,23.890746667652444,24.339973759618793,23.890746667652444,24.02143096923828,2153202,0.0,0.0,0.0,0.002898289439065227,0.0109914858371099,1312228.75,24.737137889862062,0,16,6,2020,1,EFERT.KA
2020-06-17 00:00:00+05:00,24.115359580877673,24.401232067300654,23.972424116606042,24.08268928527832,1522769,0.0,0.0,0.0,0.002550152658202798,0.011016167809092812,1299042.2,24.672816658020018,0,17,6,2020,2,EFERT.KA
2020-06-18 00:00:00+05:00,24.094942063997404,24.115361194848557,23.523197052886214,23.600791931152344,1879387,0.0,0.0,0.0,-0.020010113838098587,0.011466895105662324,1332885.8,24.60093984603882,0,18,6,2020,3,EFERT.KA
2020-06-19 00:00:00+05:00,23.625301287930455,23.78865749905894,22.910620590533835,23.155654907226562,1837138,0.0,0.0,0.0,-0.018861105391053123,0.011980854749235227,1424742.7,24.50680618286133,0,19,6,2020,4,EFERT.KA
2020-06-22 00:00:00+05:00,23.237329286747325,23.890750910726286,22.91061691687781,23.849912643432617,3907081,0.0,0.0,0.0,0.029982211213097187,0.014162688675323378,1620096.75,24.447385406494142,0,22,6,2020,0,EFERT.KA
2020-06-23 00:00:00+05:00,23.911175034982854,24.217466777253037,23.584464154804067,23.804994583129883,2250648,0.0,0.0,0.0,-0.001883363724399345,0.014152617755410131,1732629.15,24.385718727111815,0,23,6,2020,1,EFERT.KA
2020-06-24 00:00:00+05:00,23.870332130807423,24.29097221010973,23.686556809502513,24.119449615478516,2385327,0.0,0.0,0.0,0.013209624192541458,0.014573820386225862,1851895.5,24.339774799346923,0,24,6,2020,2,EFERT.KA
2020-06-25 00:00:00+05:00,24.119448688496124,24.548256716473837,23.898918311405872,24.36856460571289,1056682,0.0,0.0,0.0,0.01032838618649512,0.014167662505854503,1734215.8,24.330994415283204,0,25,6,2020,3,EFERT.KA
2020-06-26 00:00:00+05:00,24.70752763852787,25.034238436221667,24.544171460740987,24.629934310913086,1951949,0.0,0.0,0.0,0.01072569145656277,0.01431965432722419,1714799.2,24.34181680679321,0,26,6,2020,4,EFERT.KA
2020-06-29 00:00:00+05:00,24.666687440921546,24.86679710726226,24.262381789401566,24.31138801574707,1135727,0.0,0.0,0.0,-0.012933298609118626,0.014055189732982627,1699811.15,24.3156795501709,0,29,6,2020,0,EFERT.KA
2020-06-30 00:00:00+05:00,24.442076051758292,24.70752947087844,24.09494609556741,24.61768341064453,1239005,0.0,0.0,0.0,0.012598844405719012,0.014379649237443429,1652112.0,24.30546989440918,0,30,6,2020,1,EFERT.KA
2020-07-01 00:00:00+05:00,24.617686474682536,25.115921513803247,24.61360327047282,25.038328170776367,1290374,0.0,0.0,0.0,0.017087097640956506,0.014790889309282119,1681122.75,24.325072860717775,0,1,7,2020,2,EFERT.KA
2020-07-02 00:00:00+05:00,25.11183396607683,25.667241557467854,25.11183396607683,25.475299835205078,2004996,0.0,0.0,0.0,0.017452110278621813,0.01513739254833771,1721435.5,24.374079513549805,0,2,7,2020,3,EFERT.KA
2020-07-03 00:00:00+05:00,25.438541097644524,25.838761972013423,25.32010796071134,25.757083892822266,2061701,0.0,0.0,0.0,0.011061069327544581,0.015268758510186775,1765898.35,24.43288736343384,0,3,7,2020,4,EFERT.KA
2020-07-06 00:00:00+05:00,25.72850192506174,26.09605257571466,25.52839066906624,25.593732833862305,894670,0.0,0.0,0.0,-0.006341985748063772,0.015223060078211732,1770792.6,24.46902961730957,0,6,7,2020,0,EFERT.KA
2020-07-07 00:00:00+05:00,25.646823261032583,25.810179448341348,25.324195647931802,25.389537811279297,1030139,0.0,0.0,0.0,-0.007978321251866927,0.015246808327025348,1770702.25,24.50394687652588,0,7,7,2020,1,EFERT.KA
2020-07-08 00:00:00+05:00,25.34052900055405,25.62640152032489,25.32010986868754,25.35686492919922,1372395,0.0,0.0,0.0,-0.0012868639958291128,0.015232704657127675,1780945.05,24.540293407440185,0,8,7,2020,2,EFERT.KA
2020-07-09 00:00:00+05:00,25.442629528321028,25.89185827723668,25.32828112868582,25.753005981445312,1351308,0.0,0.0,0.0,0.015622635264737506,0.015356090567578667,1728254.45,24.58072395324707,0,9,7,2020,3,EFERT.KA
2020-07-10 00:00:00+05:00,25.64682616205098,26.52486148398364,25.64682616205098,25.969453811645508,2365528,0.0,0.0,0.0,0.008404759830993758,0.015235029640009487,1811642.75,24.642390632629393,0,10,7,2020,4,EFERT.KA
2020-07-13 00:00:00+05:00,26.09197116152273,26.09197116152273,25.769343499878772,25.94903564453125,1090654,0.0,0.0,0.0,-0.0007862378339702492,0.012978935170319917,1739034.0,24.742241859436035,0,13,7,2020,0,EFERT.KA
2020-07-14 00:00:00+05:00,26.010287540720505,26.341083098609598,25.789758726674403,26.018455505371094,1172381,0.0,0.0,0.0,0.002675238563421223,0.012980110647686654,1689992.95,24.842093086242677,0,14,7,2020,1,EFERT.KA
2020-07-15 00:00:00+05:00,26.018453494645517,26.34108106295112,25.72849778241737,25.87143325805664,949727,0.0,0.0,0.0,-0.005650690806151104,0.013159305196033982,1661340.85,24.931530284881593,0,15,7,2020,2,EFERT.KA
2020-07-16 00:00:00+05:00,25.871439776597466,26.075634254890673,25.58556875329116,25.969453811645508,866460,0.0,0.0,0.0,0.0037887562166021294,0.011923194156087204,1610694.5,25.04996337890625,0,16,7,2020,3,EFERT.KA
2020-07-17 00:00:00+05:00,26.055211662102703,26.206315119787536,25.68766258466284,25.785675048828125,2064583,0.0,0.0,0.0,-0.007076728072539229,0.01093984153325703,1622066.75,25.181464385986327,0,17,7,2020,4,EFERT.KA
2020-07-20 00:00:00+05:00,25.924530386685003,26.300249031183156,25.924530386685003,26.153228759765625,1768955,0.0,0.0,0.0,0.014254182224878509,0.009562086701819064,1515160.45,25.29663019180298,0,20,7,2020,0,EFERT.KA
2020-07-21 00:00:00+05:00,26.332920483327083,26.504443092045907,26.087886182168518,26.243074417114258,2030647,0.0,0.0,0.0,0.0034353562297766427,0.009443651533760287,1504160.4,25.418534183502196,0,21,7,2020,1,EFERT.KA
2020-07-22 00:00:00+05:00,26.29616262191827,26.44318288412558,25.93269672806138,26.140975952148438,1526697,0.0,0.0,0.0,-0.003890491767200799,0.00942862101590967,1461228.9,25.519610500335695,0,22,7,2020,2,EFERT.KA
2020-07-23 00:00:00+05:00,26.234902446564476,26.545278887508164,26.055211888778157,26.1328067779541,1492806,0.0,0.0,0.0,-0.00031250456024634055,0.009357101884506712,1483035.1,25.607822608947753,0,23,7,2020,3,EFERT.KA
2020-07-24 00:00:00+05:00,26.13689317738796,26.341087655336306,25.97353697187719,26.14505958557129,1015531,0.0,0.0,0.0,0.00046886688143743527,0.009222795556644221,1436214.2,25.683578872680663,0,24,7,2020,4,EFERT.KA
2020-07-27 00:00:00+05:00,26.218564570530273,26.708633090768135,26.218564570530273,26.3492488861084,2408420,0.0,0.0,0.0,0.007809861739607404,0.008468711645625623,1499848.85,25.78547191619873,0,27,7,2020,0,EFERT.KA
2020-07-28 00:00:00+05:00,26.430935560759114,26.54528397783423,26.145061402310642,26.36967658996582,2550257,0.0,0.0,0.0,0.000775267027372184,0.008251665810106357,1565411.45,25.873071575164794,0,28,7,2020,1,EFERT.KA
2020-07-29 00:00:00+05:00,26.54528018755429,26.84748712035358,26.443182956063698,26.557531356811523,3106695,0.0,0.0,0.0,0.007123893469257903,0.007666684828781041,1656227.5,25.94903173446655,0,29,7,2020,2,EFERT.KA
2020-07-30 00:00:00+05:00,27.157863240531942,27.313049908804167,26.949584018454853,27.206871032714844,6169503,0.0,0.0,0.0,0.024450302521690448,0.008478773863236694,1864452.85,26.035610294342042,0,30,7,2020,3,EFERT.KA
2020-07-31 00:00:00+05:00,27.206871032714844,27.206871032714844,27.206871032714844,27.206871032714844,0,0.0,0.0,0.0,0.0,0.008306767364204751,1761367.8,26.10809965133667,0,31,7,2020,4,EFERT.KA
2020-08-03 00:00:00+05:00,27.215038475643475,27.594840311170664,27.15786427380156,27.46824073791504,1989086,0.0,0.0,0.0,0.00960675356184515,0.008149601415082666,1816088.6,26.201825046539305,0,3,8,2020,0,EFERT.KA
2020-08-04 00:00:00+05:00,27.435573363833893,27.586678416715074,26.994512492527335,27.17828941345215,2334809,0.0,0.0,0.0,-0.010555875319043118,0.008359543158576978,1881322.1,26.29126262664795,0,4,8,2020,1,EFERT.KA
2020-08-05 00:00:00+05:00,27.157859633738873,27.42331302022813,27.076183106708235,27.31713104248047,2181916,0.0,0.0,0.0,0.005108549214271063,0.008291139532736374,1921798.15,26.38927593231201,0,5,8,2020,2,EFERT.KA
2020-08-06 00:00:00+05:00,27.21912209072997,27.85212304610125,27.21912209072997,27.782697677612305,1974792,0.0,0.0,0.0,0.017043028215804945,0.008403399614640827,1952972.35,26.49076051712036,0,6,8,2020,3,EFERT.KA
2020-08-07 00:00:00+05:00,27.892964241940245,27.93380251043629,27.525413593955523,27.672433853149414,2202091,0.0,0.0,0.0,-0.003968794742050696,0.00850403109055766,1944800.5,26.575909519195555,0,7,8,2020,4,EFERT.KA
2020-08-10 00:00:00+05:00,27.762281837953573,27.974642718311298,27.52541550219122,27.901132583618164,1461146,0.0,0.0,0.0,0.008264496418435519,0.008520703017343624,1963325.1,26.673514366149902,0,10,8,2020,0,EFERT.KA
2020-08-11 00:00:00+05:00,27.770442264150272,28.052231572403137,27.713268073455446,27.95421600341797,2389901,0.0,0.0,0.0,0.0019025543010025014,0.008527188021777847,2024201.1,26.770302391052248,0,11,8,2020,1,EFERT.KA
2020-08-12 00:00:00+05:00,27.970555745875807,28.27684743026355,27.517243803721136,27.68468475341797,5300454,0.0,0.0,0.0,-0.009641881924610018,0.00879818060385868,2241737.45,26.860964965820312,0,12,8,2020,2,EFERT.KA
2020-08-13 00:00:00+05:00,27.770449591227017,27.89296752690429,26.851574420929065,26.908748626708984,6805085,0.0,0.0,0.0,-0.028027630930967606,0.011261358074187315,2538668.7,26.907929706573487,0,13,8,2020,3,EFERT.KA
2020-08-14 00:00:00+05:00,26.908748626708984,26.908748626708984,26.908748626708984,26.908748626708984,0,0.0,0.0,0.0,0.0,0.011076149999559004,2435439.55,26.96408338546753,0,14,8,2020,4,EFERT.KA
2020-08-17 00:00:00+05:00,26.667795910194073,26.74947244233997,25.054657916352696,25.39362144470215,13294469,0.0,0.0,0.0,-0.056306118245237013,0.01679376221266993,3011715.25,26.926103019714354,0,17,8,2020,0,EFERT.KA
2020-08-18 00:00:00+05:00,25.52838838483148,25.826513640285405,25.091412404755115,25.18942642211914,7426321,0.0,0.0,0.0,-0.008041193455910478,0.016818212588755724,3281498.95,26.873420619964598,0,18,8,2020,1,EFERT.KA
2020-08-19 00:00:00+05:00,25.23843498966855,25.687663737201934,25.11183542128486,25.605985641479492,4466919,0.0,0.0,0.0,0.016537066480980522,0.017304824887127836,3428510.05,26.846671104431152,0,19,8,2020,2,EFERT.KA
2020-08-20 00:00:00+05:00,25.483467718679975,25.63048641253497,25.32011153722331,25.46304702758789,2283929,0.0,0.0,0.0,-0.005582234399915231,0.01733568982398551,3468066.2,26.813183116912843,0,20,8,2020,3,EFERT.KA
2020-08-21 00:00:00+05:00,25.38137499643972,25.512059341631534,25.11592154396119,25.226186752319336,2451058,0.0,0.0,0.0,-0.00930211828191374,0.017425068232668733,3539842.55,26.767239475250243,0,21,8,2020,4,EFERT.KA
2020-08-24 00:00:00+05:00,25.242517565413927,25.320110892797,25.013819228771233,25.070993423461914,4104860,0.0,0.0,0.0,-0.006152072462682234,0.017305815112492358,3624664.55,26.70332670211792,0,24,8,2020,0,EFERT.KA
2020-08-25 00:00:00+05:00,25.120002534388465,25.258854833652965,25.017905301337517,25.05057716369629,3855697,0.0,0.0,0.0,-0.0008143378852518701,0.0172944093716842,3689936.55,26.637371730804443,0,25,8,2020,1,EFERT.KA
2020-08-26 00:00:00+05:00,25.120001192735874,25.503887765547457,25.05465902938838,25.389537811279297,4047235,0.0,0.0,0.0,0.013531051415223816,0.017538085520389494,3736963.55,26.57897205352783,0,26,8,2020,2,EFERT.KA
2020-08-27 00:00:00+05:00,25.52430485462431,25.683576267656377,25.409956467397173,25.467130661010742,2685139,0.0,0.0,0.0,0.003056095400719494,0.016452476788253505,3562745.35,26.491985034942626,0,27,8,2020,3,EFERT.KA
2020-08-28 00:00:00+05:00,25.422212446608977,25.728504162833183,25.328283173912517,25.63457489013672,1067241,0.0,0.0,0.0,0.006574915382294266,0.01658425245170655,3616107.4,26.413370227813722,0,28,8,2020,4,EFERT.KA
2020-08-31 00:00:00+05:00,25.720336422506413,26.030712903417026,25.720336422506413,25.797929763793945,2099792,0.0,0.0,0.0,0.006372443247345538,0.016471899497390332,3621642.7,26.329854679107665,0,31,8,2020,0,EFERT.KA
2020-09-01 00:00:00+05:00,25.96945318250733,26.13689258833615,25.891859843472577,26.12464141845703,2526792,0.0,0.0,0.0,0.012664258630613379,0.016727647743020258,3631241.85,26.27717227935791,0,1,9,2020,1,EFERT.KA
2020-09-02 00:00:00+05:00,26.13280228311113,26.953663157438754,26.12871752234127,26.90057373046875,4230322,0.0,0.0,0.0,0.029701166021116165,0.018111857564722007,3733662.15,26.256344413757326,0,2,9,2020,2,EFERT.KA
2020-09-03 00:00:00+05:00,26.95366638347687,27.382475958608882,26.8556539235861,27.190532684326172,4578098,0.0,0.0,0.0,0.010778913370498078,0.01784269124823591,3863827.45,26.22673616409302,0,3,9,2020,3,EFERT.KA
2020-09-04 00:00:00+05:00,27.153776321712442,27.239537614399172,26.912828373082093,27.035343170166016,2821041,0.0,0.0,0.0,-0.00570748340835614,0.017862538565898912,3894774.95,26.194881629943847,0,4,9,2020,4,EFERT.KA
2020-09-07 00:00:00+05:00,27.15786100209598,27.321217180147794,26.933245867804743,27.031261444091797,6610226,0.0,0.0,0.0,-0.00015097740940539506,0.017731213426414993,4152228.95,26.151388072967528,0,7,9,2020,0,EFERT.KA
2020-09-08 00:00:00+05:00,27.339867168523774,27.55284771197905,26.866091991059545,26.9443302154541,4241244,4.0,0.0,0.0,-0.003215951605421541,0.017717509225215963,4244796.1,26.100893783569337,0,8,9,2020,1,EFERT.KA
2020-09-09 00:00:00+05:00,26.73569502753996,26.92694476588847,26.557486099221542,26.71396255493164,1523966,0.0,0.0,0.0,-0.008549763853114123,0.017693365922693157,4055971.7,26.05235767364502,0,9,9,2020,2,EFERT.KA
2020-09-10 00:00:00+05:00,26.813930401202914,28.24829499572981,26.557483272326802,27.387676239013672,10655003,0.0,0.0,0.0,0.02521953389343423,0.0175177040830114,4248467.6,26.076304054260255,0,10,9,2020,3,EFERT.KA
2020-09-11 00:00:00+05:00,27.683242867165138,27.683242867165138,26.840010738052957,26.983448028564453,3050523,0.0,0.0,0.0,-0.014759492806965424,0.01787074011679685,4400993.75,26.080039024353027,0,11,9,2020,4,EFERT.KA
2020-09-14 00:00:00+05:00,27.166001159820834,27.383329169099397,26.840009145902982,26.896514892578125,2631068,0.0,0.0,0.0,-0.003221720808041284,0.01199985208417143,3867823.7,26.155183696746825,0,14,9,2020,0,EFERT.KA
2020-09-15 00:00:00+05:00,27.035606000692056,27.113844220483788,26.600949960996306,26.6444149017334,1753443,0.0,0.0,0.0,-0.009372961212691933,0.012067539464927892,3584179.8,26.22793312072754,0,15,9,2020,1,EFERT.KA
2020-09-16 00:00:00+05:00,26.813930188936563,26.84001014793285,26.448819053394473,26.51836395263672,2176161,0.0,0.0,0.0,-0.004730858214059719,0.011733199848108593,3469641.9,26.273552036285402,0,16,9,2020,2,EFERT.KA
2020-09-17 00:00:00+05:00,26.60964532059716,26.840012508709368,26.422743076553974,26.453168869018555,1605529,0.0,0.0,0.0,-0.0024584881531382052,0.011650017693193727,3435721.9,26.323058128356934,0,17,9,2020,3,EFERT.KA
2020-09-18 00:00:00+05:00,26.470559969959513,26.505331599457207,26.32277681391068,26.44882583618164,1028737,0.0,0.0,0.0,-0.00016417816929303886,0.011360127658092918,3364605.85,26.38419008255005,0,18,9,2020,4,EFERT.KA
2020-09-21 00:00:00+05:00,26.379273970171987,26.470552996981784,26.188025913109954,26.201065063476562,801627,0.0,0.0,0.0,-0.0093675528070567,0.011509746112532648,3199444.2,26.440693664550782,0,21,9,2020,0,EFERT.KA
2020-09-22 00:00:00+05:00,26.20541782733287,26.20976365896947,25.862039095188283,25.970703125,1208242,0.0,0.0,0.0,-0.008792082990461303,0.011757803451424506,3067071.45,26.486699962615965,0,22,9,2020,1,EFERT.KA
2020-09-23 00:00:00+05:00,26.07502205680683,26.34016090421874,25.862039822827658,26.15760612487793,1914988,0.0,0.0,0.0,0.007196686165112487,0.011509868771047248,2960459.1,26.5251033782959,0,23,9,2020,2,EFERT.KA
2020-09-24 00:00:00+05:00,26.061974340178146,26.992137949794635,26.083706809377563,26.91824722290039,2855240,0.0,0.0,0.0,0.029079155576818394,0.013055754800571038,2968964.15,26.597659206390382,0,24,9,2020,3,EFERT.KA
2020-09-25 00:00:00+05:00,26.948672185926135,26.99213712299359,26.709611715893004,26.805234909057617,914034,0.0,0.0,0.0,-0.004198353366285712,0.013116293623030418,2961303.8,26.656192207336424,0,25,9,2020,4,EFERT.KA
2020-09-28 00:00:00+05:00,26.709614347020604,26.840010829149215,26.557483736136206,26.653108596801758,3633973,0.0,0.0,0.0,-0.005675246375268839,0.013196603862769328,3038012.85,26.698951148986815,0,28,9,2020,0,EFERT.KA
2020-09-29 00:00:00+05:00,26.583569589432734,26.948680815187572,26.474905553887623,26.727006912231445,1161109,0.0,0.0,0.0,0.0027725964932494573,0.01294761020649259,2969728.7,26.729069423675536,0,29,9,2020,1,EFERT.KA
2020-09-30 00:00:00+05:00,26.670496149597163,26.861744219394122,26.29669167210563,26.435781478881836,2680190,0.0,0.0,0.0,-0.010896298051852993,0.011328405121492814,2892222.1,26.70582981109619,0,30,9,2020,2,EFERT.KA
2020-10-01 00:00:00+05:00,26.470555418424624,26.57921943630308,26.188028308708105,26.401010513305664,1333609,0.0,0.0,0.0,-0.001315299326556607,0.010995079854879344,2729997.65,26.666353702545166,0,1,10,2020,3,EFERT.KA
2020-10-02 00:00:00+05:00,26.448823715416804,26.492290321405623,26.01851509365709,26.07936668395996,1073443,0.0,0.0,0.0,-0.012183012054921116,0.011221141297216214,2642617.75,26.618554878234864,0,2,10,2020,4,EFERT.KA
2020-10-05 00:00:00+05:00,26.079363058265386,26.296691083750932,25.42737898180875,25.601242065429688,1541305,0.0,0.0,0.0,-0.018333444378629937,0.011806960784800202,2389171.7,26.54705390930176,0,5,10,2020,0,EFERT.KA
2020-10-06 00:00:00+05:00,25.622976945010294,25.90115657848864,25.427381372070396,25.618629455566406,2177728,0.0,0.0,0.0,0.0006791619755119882,0.011829209167420696,2285995.9,26.480768871307372,0,6,10,2020,1,EFERT.KA
2020-10-07 00:00:00+05:00,25.688171171615135,25.927233318878166,25.427378212158803,25.827260971069336,1968100,0.0,0.0,0.0,0.008143742266337295,0.011964596362307902,2308202.6,26.436433792114258,0,7,10,2020,2,EFERT.KA
2020-10-08 00:00:00+05:00,26.035897052570416,26.535750495914336,25.905498916142175,26.466205596923828,2177069,0.0,0.0,0.0,0.02473915552137762,0.011908231937339657,1884305.9,26.390360260009764,0,8,10,2020,3,EFERT.KA
2020-10-09 00:00:00+05:00,26.466212190493472,26.68788775118292,26.296696560602477,26.63138198852539,1087656,0.0,0.0,0.0,0.006241030320597307,0.01161300326535498,1786162.55,26.372756958007812,0,9,10,2020,4,EFERT.KA
2020-10-12 00:00:00+05:00,26.666149047469133,27.20946913122426,26.51402008725022,26.613990783691406,2193889,0.0,0.0,0.0,-0.0006530342601626105,0.011596592179592313,1764303.6,26.358630752563478,0,12,10,2020,0,EFERT.KA
2020-10-13 00:00:00+05:00,26.666150440691414,26.879132654206852,26.253228481928698,26.627031326293945,1175226,0.0,0.0,0.0,0.0004899882437221503,0.011405962942668397,1735392.75,26.357761573791503,0,13,10,2020,1,EFERT.KA
2020-10-14 00:00:00+05:00,26.622678900875496,26.87912599661125,26.57052064729156,26.84435272216797,741933,0.0,0.0,0.0,0.008161683261303843,0.011486846919501546,1663681.35,26.374061012268065,0,14,10,2020,2,EFERT.KA
2020-10-15 00:00:00+05:00,26.948679976702547,27.113849769854845,26.518369679776736,26.657461166381836,1225879,0.0,0.0,0.0,-0.00696204366409614,0.011595102778953007,1644698.85,26.38427562713623,0,15,10,2020,3,EFERT.KA
2020-10-16 00:00:00+05:00,26.666151240466903,26.840014344799396,26.470557320694653,26.74004364013672,451180,0.0,0.0,0.0,0.003097912184489182,0.011608971361914721,1615821.0,26.398836517333983,0,16,10,2020,4,EFERT.KA
2020-10-19 00:00:00+05:00,26.731348771308358,27.578928454210015,26.709616299045514,27.470264434814453,2813406,0.0,0.0,0.0,0.02730813773174523,0.012786689290113718,1716409.95,26.46229648590088,0,19,10,2020,0,EFERT.KA
2020-10-20 00:00:00+05:00,27.557197142233935,27.709326112560525,27.339869094292286,27.622394561767578,1833898,0.0,0.0,0.0,0.005537992810885406,0.01252264355405882,1747692.75,26.544881057739257,0,20,10,2020,1,EFERT.KA
2020-10-21 00:00:00+05:00,27.85276119158692,29.230620109415675,27.687591424103672,28.982866287231445,18507868,0.0,0.0,0.0,0.049252490489977596,0.01622080441867227,2577336.75,26.686144065856933,0,21,10,2020,2,EFERT.KA
2020-10-22 00:00:00+05:00,29.095878133459134,29.121956436259868,28.600370483269515,28.682952880859375,3787544,0.0,0.0,0.0,-0.010347955354029215,0.015556428667052412,2623951.95,26.774379348754884,0,22,10,2020,3,EFERT.KA
2020-10-23 00:00:00+05:00,28.68295298867289,28.96982758520972,28.622101404467376,28.704687118530273,2077841,0.0,0.0,0.0,0.0007577405911161073,0.015470049842583248,2682142.3,26.869351959228517,0,23,10,2020,4,EFERT.KA
2020-10-26 00:00:00+05:00,28.965482725420326,29.069799262647575,28.469975028387232,28.62645149230957,3297596,0.0,0.0,0.0,-0.002725534889046033,0.015391424491563657,2665323.45,26.968019104003908,0,26,10,2020,0,EFERT.KA
2020-10-27 00:00:00+05:00,28.643836520513705,28.643836520513705,28.035317341344985,28.0613956451416,5963678,0.0,0.0,0.0,-0.019738941353585893,0.016260509862180736,2905451.9,27.034738540649414,0,27,10,2020,1,EFERT.KA
2020-10-28 00:00:00+05:00,28.07877928570166,28.335228071559218,28.07877928570166,28.17440414428711,1257557,0.0,0.0,0.0,0.00402718740630692,0.015949830555675053,2834320.25,27.121669673919676,0,28,10,2020,2,EFERT.KA
2020-10-29 00:00:00+05:00,28.083124729721423,28.25264030626605,27.709320300376316,27.983152389526367,4301468,0.0,0.0,0.0,-0.006788138403257871,0.0160797577825042,2982713.2,27.200776767730712,0,29,10,2020,3,EFERT.KA
2020-10-30 00:00:00+05:00,27.983152389526367,27.983152389526367,27.983152389526367,27.983152389526367,0,0.0,0.0,0.0,0.0,0.015699162941126162,2929041.05,27.295966053009032,0,30,10,2020,4,EFERT.KA
2020-11-02 00:00:00+05:00,28.074433638755373,28.361308233333347,27.687591664387664,28.078781127929688,2491465,0.0,0.0,0.0,0.0034173683176279557,0.014825624194592832,2976549.05,27.419843006134034,0,2,11,2020,0,EFERT.KA
2020-11-03 00:00:00+05:00,28.25264521217325,28.57863727231371,28.25264521217325,28.465625762939453,1866071,0.0,0.0,0.0,0.013777116365816022,0.01492612867984043,2960966.2,27.562192821502684,0,3,11,2020,1,EFERT.KA
2020-11-04 00:00:00+05:00,28.643834001462462,28.722072222134475,28.2526428981024,28.330881118774414,1272054,0.0,0.0,0.0,-0.004733591500400758,0.0150779155429912,2926163.9,27.68737382888794,0,4,11,2020,2,EFERT.KA
2020-11-05 00:00:00+05:00,28.36131038392636,28.66556832594778,28.36131038392636,28.617755889892578,1174609,0.0,0.0,0.0,0.010125868303053176,0.01439659450583997,2876040.9,27.794951343536376,0,5,11,2020,3,EFERT.KA
2020-11-06 00:00:00+05:00,28.49604553719612,28.64383029765048,28.46996723906501,28.522127151489258,976304,0.0,0.0,0.0,-0.003341587606353724,0.01447774542005343,2870473.3,27.88948860168457,0,6,11,2020,4,EFERT.KA
2020-11-09 00:00:00+05:00,28.661220785300213,28.774228969823888,28.600369204045165,28.691646575927734,1197829,0.0,0.0,0.0,0.005943435548762199,0.014452475709851585,2820670.3,27.993371391296385,0,9,11,2020,0,EFERT.KA
2020-11-10 00:00:00+05:00,28.952443894800236,29.27408848925667,28.70034255388113,29.017642974853516,3183053,0.0,0.0,0.0,0.01136206658837402,0.014523223984661694,2921061.65,28.112901973724366,0,10,11,2020,1,EFERT.KA
2020-11-11 00:00:00+05:00,29.12195443521912,29.230618444305758,28.98721212512365,29.18280601501465,1334509,0.0,0.0,0.0,0.005691814469709344,0.01450009542745901,2950690.45,28.2298246383667,0,11,11,2020,2,EFERT.KA
2020-11-12 00:00:00+05:00,29.25235774113961,29.33059597415227,29.043721347718186,29.1002254486084,2065404,0.0,0.0,0.0,-0.002829767855899834,0.014360194805499217,2992666.7,28.351962852478028,0,12,11,2020,3,EFERT.KA
2020-11-13 00:00:00+05:00,29.095883576824185,29.29147751674735,28.92636794458058,29.0784969329834,1441026,0.0,0.0,0.0,-0.0007466786009397985,0.01440546697637059,3042159.0,28.468885517120363,0,13,11,2020,4,EFERT.KA
2020-11-16 00:00:00+05:00,29.12195443521912,29.243657594810173,29.035024554414765,29.18280601501465,1468723,0.0,0.0,0.0,0.0035871552189112865,0.01334898117590463,2974924.85,28.554512596130373,0,16,11,2020,0,EFERT.KA
2020-11-17 00:00:00+05:00,29.25234942762174,29.269732748983795,29.074138880121406,29.104564666748047,2072306,0.0,0.0,0.0,-0.002681076940522664,0.013396773933423934,2986845.25,28.628621101379395,0,17,11,2020,1,EFERT.KA
2020-11-18 00:00:00+05:00,29.12195574586896,29.18715481748774,29.074143314426024,29.113264083862305,2182283,0.0,0.0,0.0,0.00029890215551642285,0.007707991783665298,2170566.0,28.63514099121094,0,18,11,2020,2,EFERT.KA
2020-11-19 00:00:00+05:00,29.013294166180803,29.13064985201102,28.991560035096818,29.08718490600586,2261004,0.0,0.0,0.0,-0.000895783371501091,0.007302941891126598,2094239.0,28.65535259246826,0,19,11,2020,3,EFERT.KA
2020-11-20 00:00:00+05:00,29.1002203511884,29.165419419972007,29.035024598567187,29.108915328979492,3752441,0.0,0.0,0.0,0.0007470789299086622,0.007302939793570673,2177969.0,28.675564002990722,0,20,11,2020,4,EFERT.KA
2020-11-23 00:00:00+05:00,29.134995991730616,29.134995991730616,28.7351132011479,28.830738067626953,3667490,0.0,0.0,0.0,-0.009556428269781647,0.007625414782374569,2196463.7,28.68577833175659,0,23,11,2020,0,EFERT.KA
2020-11-24 00:00:00+05:00,28.830743327615767,29.131601921809413,28.628603623405912,29.0751895904541,2111372,5.0,0.0,0.0,0.008478850671590488,0.00617981952298024,2003848.4,28.736468029022216,0,24,11,2020,1,EFERT.KA
2020-11-25 00:00:00+05:00,28.957659232867037,29.192705174021015,28.699109056249302,28.78372573852539,1229779,0.0,0.0,0.0,-0.010024486719921621,0.006690274048571871,2002459.5,28.76693410873413,0,25,11,2020,2,EFERT.KA
2020-11-26 00:00:00+05:00,28.887143406743174,29.07517906340409,28.6191912062264,28.750816345214844,1297586,0.0,0.0,0.0,-0.0011433333408433777,0.006455299586857383,1852265.4,28.805317306518553,0,26,11,2020,3,EFERT.KA
2020-11-27 00:00:00+05:00,28.77432370649102,28.91065078284086,28.558081870854995,28.590988159179688,1715883,0.0,0.0,0.0,-0.005559083405357157,0.006634756373474204,1938059.55,28.83570909500122,0,27,11,2020,4,EFERT.KA
2020-11-30 00:00:00+05:00,28.628599245758238,28.675607721440848,28.440561756511002,28.48287010192871,1232495,0.0,0.0,0.0,-0.0037815432138628147,0.006697166547097506,1875111.05,28.85591354370117,0,30,11,2020,0,EFERT.KA
2020-12-01 00:00:00+05:00,28.393551832375408,28.95766068482317,28.393551832375408,28.741418838500977,1747969,0.0,0.0,0.0,0.009077341421248164,0.006285284056549339,1869205.95,28.869703197479247,0,1,12,2020,1,EFERT.KA
2020-12-02 00:00:00+05:00,28.769622299633106,29.075180933835703,28.680303698209553,28.896547317504883,2105737,0.0,0.0,0.0,0.005397384167969532,0.00624935269373056,1910890.1,28.897986507415773,0,2,12,2020,2,EFERT.KA
2020-12-03 00:00:00+05:00,28.905950123589125,29.145696190314563,28.816631519836793,28.9106502532959,2181381,0.0,0.0,0.0,0.00048804916504585627,0.005869253996368135,1961228.7,28.912631225585937,0,3,12,2020,3,EFERT.KA
2020-12-04 00:00:00+05:00,28.891847637690958,29.14569769314225,28.67560579486576,28.69911003112793,2788302,0.0,0.0,0.0,-0.007317034390945665,0.006070967993571111,2051828.6,28.92148036956787,0,4,12,2020,4,EFERT.KA
2020-12-07 00:00:00+05:00,28.816632969617697,28.816632969617697,28.393551337653538,28.43585968017578,2092453,0.0,0.0,0.0,-0.009172770537714259,0.006272529749681201,2096559.8,28.908691024780275,0,7,12,2020,0,EFERT.KA
2020-12-08 00:00:00+05:00,28.46406713869076,28.79313186147358,28.323039912714826,28.708515167236328,2313962,0.0,0.0,0.0,0.009588438335508709,0.006107418301077445,2053105.25,28.893234634399413,0,8,12,2020,1,EFERT.KA
2020-12-09 00:00:00+05:00,28.863646473796614,29.004673700274363,28.65210473745075,28.94826316833496,1316049,0.0,0.0,0.0,0.008351111149497825,0.006276331826585548,2052182.25,28.88150749206543,0,9,12,2020,2,EFERT.KA
2020-12-10 00:00:00+05:00,28.91065043340281,29.14099624214971,28.445258686172963,28.981164932250977,2068435,0.0,0.0,0.0,0.0011365712590316601,0.006257642363925191,2052333.8,28.875554466247557,0,10,12,2020,3,EFERT.KA
2020-12-11 00:00:00+05:00,28.934157863150688,29.046980715112614,28.79313064314208,28.891849517822266,939744,0.0,0.0,0.0,-0.003081843488262237,0.006290347062855911,2027269.7,28.8662220954895,0,11,12,2020,4,EFERT.KA
2020-12-14 00:00:00+05:00,29.075180222739704,29.568778100143998,29.028171755014576,29.531169891357422,2438400,0.0,0.0,0.0,0.022128052866286163,0.00802179949458262,2075753.55,28.88364028930664,0,14,12,2020,0,EFERT.KA
2020-12-15 00:00:00+05:00,29.601692553212867,29.705111569392727,29.286729994131484,29.380748748779297,1219136,0.0,0.0,0.0,-0.005093639809445771,0.008091947059476894,2033095.05,28.897449493408203,0,15,12,2020,1,EFERT.KA
2020-12-16 00:00:00+05:00,29.376041172337274,29.615787232327296,29.216209867924547,29.451255798339844,891502,0.0,0.0,0.0,0.0023997703449771812,0.008102782858380226,1968556.0,28.91434907913208,0,16,12,2020,2,EFERT.KA
2020-12-17 00:00:00+05:00,29.639294931338938,30.179899558532057,29.5687822199268,30.0811824798584,3683272,0.0,0.0,0.0,0.021388788506399248,0.009325069424571512,2039669.4,28.96404895782471,0,17,12,2020,3,EFERT.KA
2020-12-18 00:00:00+05:00,30.08118550117825,30.273923134276465,29.850839650276225,29.89784812927246,1487156,0.0,0.0,0.0,-0.006094652386377852,0.009486828286677908,1926405.15,29.003495597839354,0,18,12,2020,4,EFERT.KA
2020-12-21 00:00:00+05:00,29.836734673453318,30.081182686529896,29.521772155221786,29.62049102783203,1657875,0.0,0.0,0.0,-0.009276824881884194,0.00947005414709977,1825924.4,29.04298324584961,0,21,12,2020,0,EFERT.KA
2020-12-22 00:00:00+05:00,29.615794677966726,29.68630919212246,29.484169497685176,29.573486328125,834358,0.0,0.0,0.0,-0.0015868980586062342,0.009340321392526186,1762073.7,29.067898082733155,0,22,12,2020,1,EFERT.KA
2020-12-23 00:00:00+05:00,29.531174611182184,29.846137133705366,29.521772557482855,29.592287063598633,740520,0.0,0.0,0.0,0.0006357294255074919,0.008981917951496799,1737610.75,29.108326148986816,0,23,12,2020,2,EFERT.KA
2020-12-24 00:00:00+05:00,29.615785387558972,29.780316811297755,29.498262429671833,29.521766662597656,1032872,0.0,0.0,0.0,-0.00238306694070034,0.009004818332515872,1724375.05,29.146873664855956,0,24,12,2020,3,EFERT.KA
2020-12-25 00:00:00+05:00,29.521766662597656,29.521766662597656,29.521766662597656,29.521766662597656,0,0.0,0.0,0.0,0.0,0.00886463889563241,1638580.9,29.193412590026856,0,25,12,2020,4,EFERT.KA
2020-12-28 00:00:00+05:00,29.56877522824687,29.733306642562624,29.55937317696341,29.61578369140625,920104,0.0,0.0,0.0,0.003184668108894284,0.008776820644666382,1622961.35,29.250058269500734,0,28,12,2020,0,EFERT.KA
2020-12-29 00:00:00+05:00,29.709805963145044,29.733310197534944,29.380741301912,29.451255798339844,956048,0.0,0.0,0.0,-0.005555412437528995,0.008764674586534047,1583365.3,29.285550117492676,0,29,12,2020,1,EFERT.KA
2020-12-30 00:00:00+05:00,29.42775576426641,29.686307774989242,29.390149340234863,29.66280174255371,620036,0.0,0.0,0.0,0.007182917620300211,0.008818001452762757,1509080.25,29.323862838745118,0,30,12,2020,2,EFERT.KA
2020-12-31 00:00:00+05:00,29.578180249576615,29.850834400931745,29.578180249576615,29.723909378051758,1198133,0.0,0.0,0.0,0.002060076321461768,0.00881695674176133,1459917.85,29.36452579498291,0,31,12,2020,3,EFERT.KA
2021-01-01 00:00:00+05:00,29.756817011852334,30.31622572916876,29.733312775424604,30.020069122314453,1901581,0.0,0.0,0.0,0.009963687498030893,0.008761762170265188,1415581.8,29.430573749542237,0,1,1,2021,4,EFERT.KA
2021-01-04 00:00:00+05:00,30.151695751878353,30.15639767534826,29.902547605724717,30.001266479492188,1528012,0.0,0.0,0.0,-0.0006263357604426867,0.008373141580893995,1387359.75,29.508844089508056,0,4,1,2021,0,EFERT.KA
2021-01-05 00:00:00+05:00,29.921350056205966,30.194004218094268,29.85553568408038,29.926050186157227,1073541,0.0,0.0,0.0,-0.0025071039379745974,0.008287013218994553,1325338.7,29.569720840454103,0,5,1,2021,1,EFERT.KA
2021-01-06 00:00:00+05:00,30.062376842321488,30.08588107826223,29.855535262223153,29.930749893188477,2022882,0.0,0.0,0.0,0.00015704401356053665,0.008163924426141033,1360680.35,29.618845176696777,0,6,1,2021,2,EFERT.KA
2021-01-07 00:00:00+05:00,30.015363894711168,31.026062089161325,29.968355427030826,30.903837203979492,3484005,0.0,0.0,0.0,0.032511290704830165,0.010677187170426396,1431458.85,29.714978790283205,0,7,1,2021,3,EFERT.KA
2021-01-08 00:00:00+05:00,31.02606818685602,31.49616012908111,30.847434539956566,31.308122634887695,2589567,0.0,0.0,0.0,0.01308204635688881,0.010782297538851265,1513950.0,29.835792446136473,0,8,1,2021,4,EFERT.KA
2021-01-11 00:00:00+05:00,31.496158790471597,31.82522170143699,31.261112829348676,31.350431442260742,2205283,0.0,0.0,0.0,0.001351368393002872,0.009918001993042538,1502294.15,29.926755523681642,0,11,1,2021,0,EFERT.KA
2021-01-12 00:00:00+05:00,31.48675847511345,31.48675847511345,31.265814698201027,31.420942306518555,666139,0.0,0.0,0.0,0.002249119422412793,0.009735304456278657,1474644.3,30.028765201568604,0,12,1,2021,1,EFERT.KA
2021-01-13 00:00:00+05:00,31.308118071791256,31.57137195990006,31.12008060500393,31.510257720947266,1194382,0.0,0.0,0.0,0.0028425441082389202,0.009733397114619312,1489788.3,30.131715297698975,0,13,1,2021,2,EFERT.KA
2021-01-14 00:00:00+05:00,31.496161053802428,31.496161053802428,31.270515336842035,31.39274024963379,1026285,0.0,0.0,0.0,-0.003729498893795258,0.008876884549343933,1356938.95,30.197293186187743,0,14,1,2021,3,EFERT.KA
2021-01-15 00:00:00+05:00,31.449151954367615,31.449151954367615,30.932051530254398,31.040170669555664,2171709,0.0,0.0,0.0,-0.011230927191271167,0.009197182027887071,1391166.6,30.254409313201904,0,15,1,2021,4,EFERT.KA
2021-01-18 00:00:00+05:00,31.15769375224925,31.162395675955903,30.84273300772542,31.01666831970215,1910142,0.0,0.0,0.0,-0.0007571591697647095,0.00884191106621903,1403779.95,30.32421817779541,0,18,1,2021,0,EFERT.KA
2021-01-19 00:00:00+05:00,30.932045690896107,31.04016480978662,30.696999761896947,30.899139404296875,1736737,0.0,0.0,0.0,-0.003789217919663468,0.008906893894168549,1448898.9,30.390500831604005,0,19,1,2021,1,EFERT.KA
2021-01-20 00:00:00+05:00,30.955552825526294,30.955552825526294,30.555975402944988,30.574779510498047,1712120,0.0,0.0,0.0,-0.010497376304070216,0.009348841829288686,1497478.9,30.439625453948974,0,20,1,2021,2,EFERT.KA
2021-01-21 00:00:00+05:00,30.570078619556053,30.838030884833454,30.555976435044123,30.80042266845703,707951,0.0,0.0,0.0,0.007380042033713119,0.009380610605058006,1481232.85,30.503558254241945,0,21,1,2021,3,EFERT.KA
2021-01-22 00:00:00+05:00,30.79101797374166,30.83802644418455,30.532466006531163,30.59358024597168,1033119,0.0,0.0,0.0,-0.006715570909914148,0.009580200704249172,1532888.8,30.557148933410645,0,22,1,2021,4,EFERT.KA
2021-01-25 00:00:00+05:00,30.744012581157897,30.814527087139815,30.560677017514966,30.57948112487793,858379,0.0,0.0,0.0,-0.0004608522762094003,0.009587703435110714,1529802.55,30.60533380508423,0,25,1,2021,0,EFERT.KA
2021-01-26 00:00:00+05:00,30.626487108128426,30.870933310924254,30.551270684796503,30.75341033935547,786602,0.0,0.0,0.0,0.005687775203485623,0.009472182833761299,1521330.25,30.67044153213501,0,26,1,2021,1,EFERT.KA
2021-01-27 00:00:00+05:00,30.885030403646276,30.908536428692695,30.621780138402567,30.673490524291992,778941,0.0,0.0,0.0,-0.002598730162982954,0.009454287599114744,1529275.5,30.720975971221925,0,27,1,2021,2,EFERT.KA
2021-01-28 00:00:00+05:00,30.62649154663086,30.842733415274004,30.555977036167075,30.62649154663086,1471651,0.0,0.0,0.0,-0.0015322344101631469,0.009481543537380425,1542951.4,30.766105079650877,0,28,1,2021,3,EFERT.KA
2021-01-29 00:00:00+05:00,30.649987280664455,30.76751024352976,30.414941354933852,30.49485969543457,3402614,0.0,0.0,0.0,-0.004297973569576841,0.009349975271987198,1618003.05,30.789844608306886,0,29,1,2021,4,EFERT.KA
2021-02-01 00:00:00+05:00,30.546573462778365,30.56067564603853,30.32092777106592,30.476058959960938,1351552,0.0,0.0,0.0,-0.0006165214616956627,0.009349895299320359,1609180.05,30.81358423233032,0,1,2,2021,0,EFERT.KA
2021-02-02 00:00:00+05:00,30.53246154704522,30.791013476492342,30.372632053580357,30.673490524291992,2842144,0.0,0.0,0.0,0.006478251160704218,0.009397044846933258,1697610.2,30.85095624923706,0,2,2,2021,1,EFERT.KA
2021-02-03 00:00:00+05:00,30.767515663194224,30.908544678081178,30.67349871094748,30.833328247070312,1637412,0.0,0.0,0.0,0.005210940132546638,0.00943326284234555,1678336.7,30.89608516693115,0,3,2,2021,2,EFERT.KA
2021-02-04 00:00:00+05:00,30.908548683566593,30.974361275971432,30.48546517059454,30.640596389770508,3205723,0.0,0.0,0.0,-0.0062507639705784435,0.006139564901775126,1664422.6,30.882923126220703,0,4,2,2021,3,EFERT.KA
2021-02-05 00:00:00+05:00,30.640596389770508,30.640596389770508,30.640596389770508,30.640596389770508,0,0.0,0.0,0.0,0.0,0.005260446031930514,1534944.25,30.849546813964842,0,5,2,2021,4,EFERT.KA
2021-02-08 00:00:00+05:00,30.414946824525053,30.414946824525053,29.921352443636266,29.991865158081055,2829968,0.0,0.0,0.0,-0.02117227822321488,0.006878356260224707,1566178.5,30.781618499755858,0,8,2,2021,0,EFERT.KA
2021-02-09 00:00:00+05:00,30.03417327423492,30.109389704947297,29.803829231582707,29.85083770751953,1432233,0.0,0.0,0.0,-0.004702190071147472,0.006817596790490301,1604483.2,30.703113269805907,0,9,2,2021,1,EFERT.KA
2021-02-10 00:00:00+05:00,29.8367304969162,29.85083267866983,29.474759554755533,29.6016845703125,2442369,0.0,0.0,0.0,-0.008346604529100632,0.006811955099929898,1666882.55,30.60768461227417,0,10,2,2021,2,EFERT.KA
2021-02-11 00:00:00+05:00,29.70981300681075,29.75682148673543,29.498271260632592,29.57818603515625,1434789,0.0,0.0,0.0,-0.000793824253495945,0.006829216758689449,1687307.75,30.516956901550294,0,11,2,2021,3,EFERT.KA
2021-02-12 00:00:00+05:00,29.780324864231023,30.08588535466777,29.380747416667745,29.686307907104492,2036051,0.0,0.0,0.0,0.0036554598655824666,0.006689000053874018,1680524.85,30.449263763427734,0,12,2,2021,4,EFERT.KA
2021-02-15 00:00:00+05:00,29.803824130709145,30.62648487161546,29.803824130709145,30.325626373291016,7302706,0.0,0.0,0.0,0.021535802572253182,0.00854349350548895,1950153.05,30.414711666107177,0,15,2,2021,0,EFERT.KA
2021-02-16 00:00:00+05:00,30.54657650319687,30.744014261524125,30.358539005806502,30.67820167541504,2292015,0.0,0.0,0.0,0.011626315571656276,0.008971918736556157,1977916.95,30.403664779663085,0,16,2,2021,1,EFERT.KA
2021-02-17 00:00:00+05:00,30.62648746900161,30.791018913833295,30.400841782863505,30.461956024169922,1682216,0.0,0.0,0.0,-0.007048837266703689,0.008797482880220135,1976421.75,30.39802360534668,0,17,2,2021,2,EFERT.KA
2021-02-18 00:00:00+05:00,30.55127442733497,30.673499336963697,30.4149473332331,30.44315528869629,1822869,0.0,0.0,0.0,-0.0006171874011871026,0.008617204017170484,2032167.65,30.38016023635864,0,18,2,2021,3,EFERT.KA
2021-02-19 00:00:00+05:00,30.36793672635987,30.60298268180618,30.250413748636714,30.541872024536133,1441673,0.0,0.0,0.0,0.0032426578291147035,0.008529326388968486,2052595.35,30.377574825286864,0,19,2,2021,4,EFERT.KA
2021-02-22 00:00:00+05:00,30.53247404650051,30.62649459866067,30.36794256336691,30.46666145324707,1546052,0.0,0.0,0.0,-0.0024625396645182596,0.008546128134009229,2086979.0,30.37193384170532,0,22,2,2021,0,EFERT.KA
2021-02-23 00:00:00+05:00,30.532474797368522,30.668801911465362,30.4384578294136,30.480764389038086,1889974,0.0,0.0,0.0,0.0004628973152394078,0.008437446529317109,2142147.6,30.35830154418945,0,23,2,2021,1,EFERT.KA
2021-02-24 00:00:00+05:00,30.555975384554948,30.579481415611323,30.26451709743315,30.3115291595459,3042045,0.0,0.0,0.0,-0.005552197685470439,0.008503333719970581,2255302.8,30.340203475952148,0,24,2,2021,2,EFERT.KA
2021-02-25 00:00:00+05:00,30.54186931671899,30.649988438189215,30.46195455971642,30.598278045654297,1137572,0.0,0.0,0.0,0.009460060051707853,0.008787613187603844,2238598.85,30.33879280090332,0,25,2,2021,3,EFERT.KA
2021-02-26 00:00:00+05:00,30.67350162493449,30.786322695651968,30.46196166902457,30.631195068359375,1620127,0.0,0.0,0.0,0.0010757802336447408,0.008731560851867194,2149474.5,30.34560956954956,0,26,2,2021,4,EFERT.KA
2021-03-01 00:00:00+05:00,30.60768587949225,30.73931104617974,30.461958528733504,30.66879653930664,1232218,0.0,0.0,0.0,0.00122755481342951,0.008731562560989382,2143507.8,30.355246448516844,0,1,3,2021,0,EFERT.KA
2021-03-02 00:00:00+05:00,30.781620604208314,30.79102086457288,30.612387225512222,30.725208282470703,1124315,0.0,0.0,0.0,0.0018393856143577025,0.008621161095809456,2057616.35,30.35783233642578,0,2,3,2021,1,EFERT.KA
2021-03-03 00:00:00+05:00,30.744015559923177,30.899146770810592,30.67350104710916,30.852134704589844,916403,0.0,0.0,0.0,0.00413101909520841,0.008590923031258428,2021565.9,30.358772659301756,0,3,3,2021,2,EFERT.KA
2021-03-04 00:00:00+05:00,30.541865391670136,31.016659122784006,30.33032192579998,30.673490524291992,1445260,0.0,0.0,0.0,-0.005790334510346717,0.00857370581326578,1933542.75,30.360417366027832,0,4,3,2021,3,EFERT.KA
2021-03-05 00:00:00+05:00,30.55597821876251,30.97435978745189,30.55597821876251,30.922649383544922,719790,0.0,0.0,0.0,0.00812293791786134,0.008759670407844757,1969532.25,30.374520015716552,0,5,3,2021,4,EFERT.KA
2021-03-08 00:00:00+05:00,31.026068720884826,31.162395816858627,30.791022745726607,30.941452026367188,1307690,0.0,0.0,0.0,0.00060805407030462,0.007125715900528842,1893418.35,30.421999359130858,0,8,3,2021,0,EFERT.KA
2021-03-09 00:00:00+05:00,30.979050917316084,31.04016156131455,30.508959108514674,30.673490524291992,1599381,0.0,0.0,0.0,-0.008660275602025647,0.007360578130360778,1901775.75,30.463131999969484,0,9,3,2021,1,EFERT.KA
2021-03-10 00:00:00+05:00,30.64999539186609,30.861538932916147,30.391446957049997,30.513671875,1778084,0.0,0.0,0.0,-0.005210318309402107,0.007173347318258734,1868561.5,30.508731365203857,0,10,3,2021,2,EFERT.KA
2021-03-11 00:00:00+05:00,30.555976206279794,30.602984683139926,29.968361279235953,30.15639877319336,1708915,0.0,0.0,0.0,-0.011708623703834076,0.00775228720073603,1882267.8,30.537642002105713,0,11,3,2021,3,EFERT.KA
2021-03-12 00:00:00+05:00,30.090585686005475,30.433750789221417,29.96836077899584,30.306827545166016,3280064,0.0,0.0,0.0,0.004988287000182945,0.007782015839849632,1944468.45,30.56866798400879,0,12,3,2021,4,EFERT.KA
2021-03-15 00:00:00+05:00,30.60297908936729,30.767510521562272,30.508962152831938,30.659391403198242,2104811,0.0,0.0,0.0,0.011633149576833812,0.006642507716572501,1684573.7,30.58535623550415,0,15,3,2021,0,EFERT.KA
2021-03-16 00:00:00+05:00,30.69699596203108,31.491448664874877,30.51366044702745,31.355121612548828,3427766,0.0,0.0,0.0,0.022692238087870464,0.007945205397624859,1741361.25,30.61920223236084,0,16,3,2021,1,EFERT.KA
2021-03-17 00:00:00+05:00,31.402144810297088,32.00856029120757,31.402144810297088,31.623085021972656,6919848,0.0,0.0,0.0,0.008546081011421958,0.007865994847843798,2003242.85,30.677258682250976,0,17,3,2021,2,EFERT.KA
2021-03-18 00:00:00+05:00,31.73120616955108,31.895737632386112,31.402143243881014,31.50086212158203,4567328,0.0,0.0,0.0,-0.0038649897790079546,0.007953762382736573,2140465.8,30.730144023895264,0,18,3,2021,3,EFERT.KA
2021-03-19 00:00:00+05:00,31.495862675535676,31.720833504637696,31.195902841465056,31.27589225769043,3481133,4.0,0.0,0.0,-0.0071417049801144605,0.008185993893031806,2242438.8,30.76684503555298,0,19,3,2021,4,EFERT.KA
2021-03-22 00:00:00+05:00,31.195894603817052,31.785817107864894,30.9959201625102,31.705825805664062,1287895,0.0,0.0,0.0,0.013746483855082259,0.00859442977084477,2229530.95,30.828803253173827,0,22,3,2021,0,EFERT.KA
2021-03-23 00:00:00+05:00,31.705825805664062,31.705825805664062,31.705825805664062,31.705825805664062,0,0.0,0.0,0.0,0.0,0.008599494685182419,2135032.25,30.890056324005126,0,23,3,2021,1,EFERT.KA
2021-03-24 00:00:00+05:00,31.52586108351742,31.705835849187434,31.495864335689976,31.52086067199707,1354651,0.0,0.0,0.0,-0.005833790130580607,0.008612742995789213,2050662.55,30.950522899627686,0,24,3,2021,2,EFERT.KA
2021-03-25 00:00:00+05:00,31.52084981887177,31.665831189471053,31.47085716347084,31.51085090637207,1241255,0.0,0.0,0.0,-0.00031756003521477005,0.008442405736120097,2055846.7,30.996151542663576,0,25,3,2021,3,EFERT.KA
2021-03-26 00:00:00+05:00,31.56585131551337,31.56585131551337,31.250892173337636,31.2908878326416,1637742,0.0,0.0,0.0,-0.006980550109041639,0.008653480563805037,2056727.45,31.029136180877686,0,26,3,2021,4,EFERT.KA
2021-03-29 00:00:00+05:00,31.250887772022352,31.47086005301769,31.045914814702524,31.155900955200195,1645044,0.0,0.0,0.0,-0.004313935678763037,0.008737534884491837,2077368.75,31.053491401672364,0,29,3,2021,0,EFERT.KA
2021-03-30 00:00:00+05:00,31.245887689867743,31.275884428605167,31.020916917081166,31.23089027404785,1112256,0.0,0.0,0.0,0.0024069058043125757,0.008741925492498675,2076765.8,31.078775501251222,0,30,3,2021,1,EFERT.KA
2021-03-31 00:00:00+05:00,31.250896864575772,31.46586879786017,31.12091476652158,31.195905685424805,1569429,0.0,0.0,0.0,-0.001120191845831453,0.008717102499826811,2109417.1,31.09596405029297,0,31,3,2021,2,EFERT.KA
2021-04-01 00:00:00+05:00,31.120913703918458,31.445871798605893,30.995930114746095,31.24589729309082,1007154,0.0,0.0,0.0,0.0016025054111306059,0.00858809476290457,2087511.8,31.12458438873291,0,1,4,2021,3,EFERT.KA
2021-04-02 00:00:00+05:00,31.34087450188979,31.345874911894846,31.010918004168694,31.23089027404785,525749,0.0,0.0,0.0,-0.00048028766471963635,0.008424317802742887,2077809.75,31.139996433258055,0,2,4,2021,4,EFERT.KA
2021-04-05 00:00:00+05:00,31.44586671504203,31.44586671504203,30.99092660028454,31.105911254882812,1161236,0.0,0.0,0.0,-0.004001775744090552,0.008484902759216211,2070487.05,31.14821939468384,0,5,4,2021,0,EFERT.KA
2021-04-06 00:00:00+05:00,31.095904917382793,31.220888456514476,31.00091620710034,31.150897979736328,789040,0.0,0.0,0.0,0.0014462435928943584,0.008220054805684225,2029970.0,31.172089767456054,0,6,4,2021,1,EFERT.KA
2021-04-07 00:00:00+05:00,31.345878892026313,31.345878892026313,30.900937699961972,30.970928192138672,1497316,0.0,0.0,0.0,-0.00577735472392249,0.008242838393939349,2015931.6,31.19495258331299,0,7,4,2021,2,EFERT.KA
2021-04-08 00:00:00+05:00,31.120905909249874,31.170898569558165,31.020918681535544,31.0559139251709,396985,0.0,0.0,0.0,0.00274404862860389,0.007706815430145571,1950335.1,31.239928340911867,0,8,4,2021,3,EFERT.KA
2021-04-09 00:00:00+05:00,31.160899190433884,31.160899190433884,30.995919991202893,31.09590721130371,1264107,0.0,0.0,0.0,0.0012877832618023444,0.00766292367691935,1849537.25,31.27938232421875,0,9,4,2021,4,EFERT.KA
2021-04-12 00:00:00+05:00,31.045919543744844,31.62084475670598,31.045919543744844,31.52585792541504,989707,0.0,0.0,0.0,0.013826601397724625,0.007832217002885652,1793782.05,31.32270565032959,0,12,4,2021,0,EFERT.KA
2021-04-13 00:00:00+05:00,31.645841550857092,31.985797035398843,31.47586380858622,31.93580436706543,929804,0.0,0.0,0.0,0.013003498354279719,0.006659260469794987,1668883.95,31.35173978805542,0,13,4,2021,1,EFERT.KA
2021-04-14 00:00:00+05:00,31.94580124556395,32.045786575856575,31.845814008173395,31.905805587768555,1024675,0.0,0.0,0.0,-0.0009393462883249271,0.006422531062768175,1374125.3,31.365875816345216,0,14,4,2021,2,EFERT.KA
2021-04-15 00:00:00+05:00,31.80581546781614,31.985792097388266,31.645836665329302,31.680831909179688,781680,0.0,0.0,0.0,-0.007051183145023399,0.006573325053303967,1184842.9,31.374874305725097,0,15,4,2021,3,EFERT.KA
2021-04-16 00:00:00+05:00,31.6958326705486,31.92080156061905,31.67583484255634,31.86581039428711,410088,0.0,0.0,0.0,0.005838814007084858,0.006438781092218908,1031290.65,31.40437021255493,0,16,4,2021,4,EFERT.KA
2021-04-19 00:00:00+05:00,31.745819851813188,32.98065786419429,31.51085018122148,32.620704650878906,5234303,0.0,0.0,0.0,0.023689786867216567,0.00773242715653217,1228611.05,31.450114154815672,0,19,4,2021,0,EFERT.KA
2021-04-20 00:00:00+05:00,33.17063999051429,33.24563089823673,32.85568275511524,32.94567108154297,4204380,0.0,0.0,0.0,0.009961968453532588,0.007951752981218868,1438830.05,31.51210641860962,0,20,4,2021,1,EFERT.KA
2021-04-21 00:00:00+05:00,33.145644325886636,33.545589461806024,32.94566985082901,33.40060806274414,3595793,0.0,0.0,0.0,0.013808702820931051,0.008150371515461833,1550887.15,31.60609378814697,0,21,4,2021,2,EFERT.KA
2021-04-22 00:00:00+05:00,33.300620244455935,33.49559429416693,33.22062893473061,33.265625,1809764,0.0,0.0,0.0,-0.004041335489778253,0.008270158846849358,1579312.6,31.69383249282837,0,22,4,2021,3,EFERT.KA
2021-04-23 00:00:00+05:00,33.13064128702901,33.39560964519503,32.94566805439834,32.98066329956055,1904774,0.0,0.0,0.0,-0.008566251210955889,0.008375242665479598,1592664.2,31.778321266174316,0,23,4,2021,4,EFERT.KA
2021-04-26 00:00:00+05:00,32.92066772358534,33.715565119167636,32.62570836370832,33.51559066772461,2834452,0.0,0.0,0.0,0.016219424191240783,0.008725743206063542,1652134.6,31.896305751800536,0,26,4,2021,0,EFERT.KA
2021-04-27 00:00:00+05:00,33.4955976741645,33.920541060922915,33.4955976741645,33.75556182861328,2055814,0.0,0.0,0.0,0.0071599860276299054,0.008753556710944556,1699312.5,32.02253932952881,0,27,4,2021,1,EFERT.KA
2021-04-28 00:00:00+05:00,33.75556195652457,33.94053901898443,33.550590878735626,33.785560607910156,1107144,0.0,0.0,0.0,0.0008887062656277589,0.008703935151551056,1676198.25,32.15202207565308,0,28,4,2021,2,EFERT.KA
2021-04-29 00:00:00+05:00,33.745561534509015,33.870545095747936,33.575585722037964,33.73056411743164,772808,0.0,0.0,0.0,-0.0016278105051078517,0.008781002914397215,1664480.95,32.276255416870114,0,29,4,2021,3,EFERT.KA
2021-04-30 00:00:00+05:00,33.795556328163286,33.795556328163286,33.34561471647941,33.485599517822266,1391316,0.0,0.0,0.0,-0.007262392610942969,0.009083567908627731,1707759.3,32.38899087905884,0,30,4,2021,4,EFERT.KA
2021-05-03 00:00:00+05:00,33.45559574975927,33.695565844013544,33.25062471113365,33.620574951171875,948363,0.0,0.0,0.0,0.004030850135377406,0.008908905793588839,1697115.65,32.51472406387329,0,3,5,2021,0,EFERT.KA
2021-05-04 00:00:00+05:00,33.52059173383531,33.99552772788492,33.52059173383531,33.95553207397461,1093585,0.0,0.0,0.0,0.0099628612327185,0.008987032996660727,1712342.9,32.654955768585204,0,4,5,2021,1,EFERT.KA
2021-05-05 00:00:00+05:00,33.900550600277505,33.99553935725989,33.74557215610356,33.84056091308594,1008412,0.0,0.0,0.0,-0.00338593312683777,0.008860100544461355,1687897.7,32.798437404632566,0,5,5,2021,2,EFERT.KA
2021-05-06 00:00:00+05:00,33.87055059565073,34.09551951673302,33.79555968389123,33.97553634643555,1170073,0.0,0.0,0.0,0.003988569624961968,0.00885165212367682,1726552.1,32.9444185256958,0,6,5,2021,3,EFERT.KA
2021-05-07 00:00:00+05:00,33.97553634643555,33.97553634643555,33.97553634643555,33.97553634643555,0,0.0,0.0,0.0,0.0,0.008881186695462898,1663346.75,33.088399982452394,0,7,5,2021,4,EFERT.KA
2021-05-10 00:00:00+05:00,33.97553634643555,33.97553634643555,33.97553634643555,33.97553634643555,0,0.0,0.0,0.0,0.0,0.008650087083221633,1613861.4,33.210883903503415,0,10,5,2021,0,EFERT.KA
2021-05-11 00:00:00+05:00,33.97553634643555,33.97553634643555,33.97553634643555,33.97553634643555,0,0.0,0.0,0.0,0.0,0.008405886633867902,1567371.2,33.312870502471924,0,11,5,2021,1,EFERT.KA
2021-05-12 00:00:00+05:00,33.97553634643555,33.97553634643555,33.97553634643555,33.97553634643555,0,0.0,0.0,0.0,0.0,0.0083845276986189,1516137.45,33.41635704040527,0,12,5,2021,2,EFERT.KA
2021-05-13 00:00:00+05:00,33.97553634643555,33.97553634643555,33.97553634643555,33.97553634643555,0,0.0,0.0,0.0,0.0,0.008074145586455174,1477053.45,33.53109226226807,0,13,5,2021,3,EFERT.KA
2021-05-14 00:00:00+05:00,33.97553634643555,33.97553634643555,33.97553634643555,33.97553634643555,0,0.0,0.0,0.0,0.0,0.00809193525595859,1456549.05,33.63657855987549,0,14,5,2021,4,EFERT.KA
2021-05-17 00:00:00+05:00,34.09052473545026,34.220504920947214,33.97553815606835,34.10552215576172,1755908,0.0,0.0,0.0,0.003825864822287306,0.006515501711126974,1282629.3,33.71081943511963,0,17,5,2021,0,EFERT.KA
2021-05-18 00:00:00+05:00,34.09551476042401,34.12051299892201,33.8855432881453,34.05552291870117,2109234,0.0,0.0,0.0,-0.0014660158795457567,0.006300984972566032,1177872.0,33.76631202697754,0,18,5,2021,1,EFERT.KA
2021-05-19 00:00:00+05:00,34.000527611801814,34.000527611801814,33.90553888878424,33.98052978515625,979555,0.0,0.0,0.0,-0.0022020843351590047,0.005663316837648503,1047060.1,33.795308113098145,0,19,5,2021,2,EFERT.KA
2021-05-20 00:00:00+05:00,33.99553298950195,34.04552565752965,33.945540321474255,33.99553298950195,847988,0.0,0.0,0.0,0.0004415235560057962,0.005545941069893189,998971.3,33.831803512573245,0,20,5,2021,3,EFERT.KA
2021-05-21 00:00:00+05:00,33.99553021996464,34.205501697092735,33.94553755600973,34.090518951416016,912161,0.0,0.0,0.0,0.0027940718547756482,0.005064656239465746,949340.65,33.88729629516602,0,21,5,2021,4,EFERT.KA
2021-05-24 00:00:00+05:00,34.170510068247296,34.570459050617345,34.07052472975287,34.49546813964844,2619270,0.0,0.0,0.0,0.011878645461793402,0.004465886124285595,938581.55,33.936290168762206,0,24,5,2021,0,EFERT.KA
2021-05-25 00:00:00+05:00,34.57045959313789,35.24036976279514,34.37048509881463,35.08039093017578,2623377,0.0,0.0,0.0,0.01695651116139074,0.0055343981511268864,966959.7,34.00253162384033,0,25,5,2021,1,EFERT.KA
2021-05-26 00:00:00+05:00,35.250366854411254,35.49533358157688,35.19537377893793,35.40034484863281,1457131,0.0,0.0,0.0,0.009120591589012461,0.0057537627929564105,984459.05,34.08327083587646,0,26,5,2021,2,EFERT.KA
2021-05-27 00:00:00+05:00,35.27036048692249,35.54032160724235,34.995395142269366,35.31035232543945,2058132,0.0,0.0,0.0,-0.0025421369079356992,0.0057905695505409485,1048725.25,34.16226024627686,0,27,5,2021,3,EFERT.KA
2021-05-28 00:00:00+05:00,35.19537561209452,35.47533760057996,35.09538646320971,35.38534927368164,1514116,0.0,0.0,0.0,0.0021239365597651716,0.005336751562083462,1054865.25,34.25724773406982,0,28,5,2021,4,EFERT.KA
2021-05-31 00:00:00+05:00,35.45533436873179,35.7202988980628,35.43033994596583,35.605316162109375,1784018,0.0,0.0,0.0,0.00621632661377558,0.005385937951452972,1096648.0,34.3564847946167,0,31,5,2021,0,EFERT.KA
2021-06-01 00:00:00+05:00,35.595313775057996,35.93526918611599,35.495328460003705,35.825286865234375,1375372,0.0,0.0,0.0,0.006178029767338167,0.005187001575864306,1110737.35,34.449972534179686,0,1,6,2021,1,EFERT.KA
2021-06-02 00:00:00+05:00,35.92027533400363,36.020264473173334,35.69530644571419,35.765296936035156,2983928,0.0,0.0,0.0,-0.001674513575421921,0.005094674205637311,1209513.15,34.54620933532715,0,2,6,2021,2,EFERT.KA
2021-06-03 00:00:00+05:00,35.795284543747364,35.99525896751699,35.76528971515013,35.85527801513672,1660181,0.0,0.0,0.0,0.002515876752330337,0.005086953746602225,1234018.55,34.64019641876221,0,3,6,2021,3,EFERT.KA
2021-06-04 00:00:00+05:00,35.9452726417633,36.02526013683262,35.74529818279665,35.990264892578125,2070889,0.0,0.0,0.0,0.003764770067726797,0.005050988434769396,1337563.0,34.740932846069335,0,4,6,2021,4,EFERT.KA
2021-06-07 00:00:00+05:00,35.995266867630946,36.44520846631548,35.995266867630946,36.205238342285156,5714694,0.0,0.0,0.0,0.005973099957687911,0.00504729329935283,1623297.7,34.852417945861816,0,7,6,2021,0,EFERT.KA
2021-06-08 00:00:00+05:00,36.45924422380036,36.56507495556367,36.20524481551134,36.422203063964844,3100885,4.0,0.0,0.0,0.005992633431342043,0.005025454539388668,1778341.95,34.97475128173828,0,8,6,2021,1,EFERT.KA
2021-06-09 00:00:00+05:00,36.42219520393054,36.776732519729244,36.247570900740335,36.707942962646484,1983836,0.0,0.0,0.0,0.007845211839048405,0.005044449136366316,1877533.75,35.11137161254883,0,9,6,2021,2,EFERT.KA
2021-06-10 00:00:00+05:00,36.60210783307692,37.57047455460539,36.60210783307692,37.469932556152344,4366614,0.0,0.0,0.0,0.020758166543988876,0.006204668994305838,2095864.45,35.28609142303467,0,10,6,2021,3,EFERT.KA
2021-06-11 00:00:00+05:00,37.83506539375218,38.30072628367373,37.4381940784331,38.11552047729492,1963851,0.0,0.0,0.0,0.01722949247840533,0.006663971043814316,2194057.0,35.49309062957764,0,11,6,2021,4,EFERT.KA
2021-06-14 00:00:00+05:00,38.840470035882745,38.840470035882745,37.8244805290763,38.030853271484375,1610508,0.0,0.0,0.0,-0.002221331487811673,0.006890934311883009,2186787.0,35.68935718536377,0,14,6,2021,0,EFERT.KA
2021-06-15 00:00:00+05:00,37.946185276334276,38.104935402269405,37.35881546243109,37.48581314086914,1219485,0.0,0.0,0.0,-0.014331525162594949,0.008073003738136386,2142299.55,35.86087169647217,0,15,6,2021,1,EFERT.KA
2021-06-16 00:00:00+05:00,37.697472211421065,37.697472211421065,37.35880910179079,37.469932556152344,482768,0.0,0.0,0.0,-0.0004236425299650737,0.008000816273744184,2117460.2,36.035341835021974,0,16,6,2021,2,EFERT.KA
2021-06-17 00:00:00+05:00,37.56518708669329,37.57047983398264,37.046610893469406,37.12069320678711,762923,0.0,0.0,0.0,-0.009320522497388128,0.008566796652339465,2113206.95,36.19159984588623,0,17,6,2021,3,EFERT.KA
2021-06-18 00:00:00+05:00,37.12069525280985,37.12069525280985,36.54390688197825,36.829654693603516,1354990,0.0,0.0,0.0,-0.007840330770826798,0.008993824900660283,2135348.4,36.32855663299561,0,18,6,2021,4,EFERT.KA
2021-06-21 00:00:00+05:00,37.04131931525005,37.04131931525005,36.51215761074648,36.7608642578125,878538,0.0,0.0,0.0,-0.0018678001833930535,0.00887730189459939,2048311.8,36.44182643890381,0,21,6,2021,0,EFERT.KA
2021-06-22 00:00:00+05:00,36.77673589594842,36.93548601109195,36.67090517730816,36.74498748779297,518260,0.0,0.0,0.0,-0.0004318932740041692,0.008293757739713949,1943055.95,36.52505626678467,0,22,6,2021,1,EFERT.KA
2021-06-23 00:00:00+05:00,36.877275008559046,37.46464473640515,36.72381765255411,37.25297927856445,777142,0.0,0.0,0.0,0.013824791502248912,0.008558268001968412,1909056.5,36.61768798828125,0,23,6,2021,2,EFERT.KA
2021-06-24 00:00:00+05:00,37.32176714644813,37.623389098127795,37.200062238799525,37.30589294433594,774876,0.0,0.0,0.0,0.0014203874910463377,0.00847873992530729,1844893.7,36.717465019226076,0,24,6,2021,3,EFERT.KA
2021-06-25 00:00:00+05:00,37.3799774540568,37.51756060912865,37.20006443657911,37.2635612487793,670474,0.0,0.0,0.0,-0.001134718732501705,0.00852333634691816,1802711.6,36.81137561798096,0,25,6,2021,4,EFERT.KA
2021-06-28 00:00:00+05:00,37.30060188705763,37.364102735564686,36.93548311039481,37.25297927856445,1336232,0.0,0.0,0.0,-0.00028397635277521704,0.008503039507109502,1780322.3,36.89375877380371,0,28,6,2021,0,EFERT.KA
2021-06-29 00:00:00+05:00,37.1471476191488,37.43818815252223,37.0942322595854,37.136566162109375,878033,0.0,0.0,0.0,-0.0031249344001343937,0.008534048278085888,1755455.35,36.95932273864746,0,29,6,2021,1,EFERT.KA
2021-06-30 00:00:00+05:00,36.91431551033853,37.43818438044526,36.91431551033853,37.18418502807617,522537,0.0,0.0,0.0,0.0012822635716756015,0.008495603880000474,1632385.8,37.03026714324951,0,30,6,2021,2,EFERT.KA
2021-07-01 00:00:00+05:00,37.18948566093049,37.411732618143155,37.09423638824168,37.337650299072266,881252,0.0,0.0,0.0,0.004127165107429942,0.008508570198827213,1593439.35,37.10438575744629,0,1,7,2021,3,EFERT.KA
2021-07-02 00:00:00+05:00,37.39585310496384,37.59693711720413,37.15243922867883,37.496395111083984,541331,0.0,0.0,0.0,0.004251601553396656,0.008514392705347412,1516961.45,37.17969226837158,0,2,7,2021,4,EFERT.KA
2021-07-05 00:00:00+05:00,37.42231174866256,37.983221793993614,37.42231174866256,37.903846740722656,1139614,0.0,0.0,0.0,0.010866421383484592,0.008700241311354957,1288207.45,37.26462268829346,0,5,7,2021,0,EFERT.KA
2021-07-06 00:00:00+05:00,37.993810130317115,38.205471571965774,37.993810130317115,38.07318115234375,852647,0.0,0.0,0.0,0.004467472992369492,0.008673098283647368,1175795.55,37.3471715927124,0,6,7,2021,1,EFERT.KA
2021-07-07 00:00:00+05:00,38.07318451820877,38.2213531925182,37.96735378802846,38.110225677490234,841000,0.0,0.0,0.0,0.0009729821366450953,0.008575535812647219,1118653.75,37.41728572845459,0,7,7,2021,2,EFERT.KA
2021-07-08 00:00:00+05:00,38.226638604595074,39.15796429111949,38.02555861972934,38.99921417236328,2311260,0.0,0.0,0.0,0.02332677067819433,0.008886258219804806,1015886.05,37.49374980926514,0,8,7,2021,3,EFERT.KA
2021-07-09 00:00:00+05:00,38.9992058599489,38.9992058599489,38.3589208485555,38.64466857910156,1013083,0.0,0.0,0.0,-0.0090910958281043,0.008456882124137779,968347.65,37.520207214355466,0,9,7,2021,4,EFERT.KA
2021-07-12 00:00:00+05:00,38.623503249316904,38.89337679010836,38.364215201127294,38.82987594604492,765406,0.0,0.0,0.0,0.0047925722681321226,0.008473752562536721,926092.55,37.5601583480835,0,12,7,2021,0,EFERT.KA
2021-07-13 00:00:00+05:00,38.91984051831417,39.15266889631343,38.70817505334696,38.93571472167969,632580,0.0,0.0,0.0,0.0027257047069073614,0.007661016296091239,896747.3,37.632653427124026,0,13,7,2021,1,EFERT.KA
2021-07-14 00:00:00+05:00,38.93571485007988,38.93571485007988,37.993807766911765,38.30601119995117,2219818,0.0,0.0,0.0,-0.01617290259674864,0.008659676689203711,983599.8,37.67445735931396,0,14,7,2021,2,EFERT.KA
2021-07-15 00:00:00+05:00,38.057309289113356,38.36422405044091,37.649856547972846,38.08906173706055,1155769,0.0,0.0,0.0,-0.005663587935537895,0.008463579242368987,1003242.1,37.72287578582764,0,15,7,2021,3,EFERT.KA
2021-07-16 00:00:00+05:00,37.84035508692212,38.28484898634814,37.84035508692212,38.08906173706055,1831632,0.0,0.0,0.0,0.0,0.008194130547540375,1027074.2,37.78584613800049,0,16,7,2021,4,EFERT.KA
2021-07-19 00:00:00+05:00,38.08906173706054,38.08906173706054,38.08906173706054,38.08906173706055,0,0.0,0.0,0.0,0.0,0.008161735023965873,983147.3,37.85225601196289,0,19,7,2021,0,EFERT.KA
2021-07-20 00:00:00+05:00,38.08906173706054,38.08906173706054,38.08906173706054,38.08906173706055,0,0.0,0.0,0.0,0.0,0.00815606678896989,957234.3,37.91945972442627,0,20,7,2021,1,EFERT.KA
2021-07-21 00:00:00+05:00,38.08906173706054,38.08906173706054,38.08906173706054,38.08906173706055,0,0.0,0.0,0.0,0.0,0.007656461431709665,918377.2,37.96126384735108,0,21,7,2021,2,EFERT.KA
2021-07-22 00:00:00+05:00,38.08906173706054,38.08906173706054,38.08906173706054,38.08906173706055,0,0.0,0.0,0.0,0.0,0.007660291871944208,879633.4,38.0004222869873,0,22,7,2021,3,EFERT.KA
2021-07-23 00:00:00+05:00,38.08906173706054,38.08906173706054,38.08906173706054,38.08906173706055,0,0.0,0.0,0.0,0.0,0.007647317062109432,846109.7,38.041697311401364,0,23,7,2021,4,EFERT.KA
2021-07-26 00:00:00+05:00,38.2636783702085,39.62362367589882,38.2636783702085,39.20558547973633,1627739,0.0,0.0,0.0,0.029313500825603356,0.009894238671499921,860685.05,38.13932762145996,0,26,7,2021,0,EFERT.KA
2021-07-27 00:00:00+05:00,39.31671054179739,39.42254125243415,39.15796043865943,39.39079284667969,1329862,0.0,0.0,0.0,0.00472400462018574,0.00981036352598504,883276.5,38.25203895568848,0,27,7,2021,1,EFERT.KA
2021-07-28 00:00:00+05:00,39.42254169519867,39.475457051111356,39.26379159027774,39.35375213623047,720852,0.0,0.0,0.0,-0.0009403392968857505,0.009843333123778287,893192.25,38.36051731109619,0,28,7,2021,2,EFERT.KA
2021-07-29 00:00:00+05:00,39.35903965660537,39.95170212159629,38.91983858233545,39.80883026123047,3263690,0.0,0.0,0.0,0.011563779825228826,0.010031387096874268,1012314.15,38.4840763092041,0,29,7,2021,3,EFERT.KA
2021-07-30 00:00:00+05:00,40.16337195280247,40.53378351054785,39.951706475298025,40.25862121582031,2379019,0.0,0.0,0.0,0.011298773453986444,0.01019067108493233,1104198.55,38.62218761444092,0,30,7,2021,4,EFERT.KA
2021-08-02 00:00:00+05:00,40.015202796643514,40.745444372267194,40.015202796643514,40.67665481567383,1656856,0.0,0.0,0.0,0.01038370384351972,0.010173134791236826,1130060.65,38.76082801818848,0,2,8,2021,0,EFERT.KA
2021-08-03 00:00:00+05:00,40.75602670151357,41.00473331194738,40.73486378917194,40.8883171081543,1281807,0.0,0.0,0.0,0.005203532430078539,0.01017782537778641,1151518.65,38.90158481597901,0,3,8,2021,1,EFERT.KA
2021-08-04 00:00:00+05:00,40.888320221620006,41.26931726770579,40.888320221620006,41.21110916137695,2012404,0.0,0.0,0.0,0.007894481261452535,0.010200664844604393,1210088.85,39.05662899017334,0,4,8,2021,2,EFERT.KA
2021-08-05 00:00:00+05:00,41.03648552618834,41.27460664194181,40.95711047520959,41.031192779541016,1484103,0.0,0.0,0.0,-0.004365725298278389,0.009271801930326215,1168731.0,39.15822792053223,0,5,8,2021,3,EFERT.KA
2021-08-06 00:00:00+05:00,41.168776527119824,41.168776527119824,40.85127631861585,40.94652557373047,733069,0.0,0.0,0.0,-0.002063483902733698,0.008933059071670489,1154730.3,39.27332077026367,0,6,8,2021,4,EFERT.KA
2021-08-09 00:00:00+05:00,40.9041936604919,41.01002436656481,40.745443564199874,40.79835891723633,415751,0.0,0.0,0.0,-0.003618540386957747,0.009038360600441855,1137247.55,39.37174491882324,0,9,8,2021,0,EFERT.KA
2021-08-10 00:00:00+05:00,40.75074719200152,41.01003531714363,40.607871259751164,40.930660247802734,1051649,0.0,0.0,0.0,0.0032428101050532288,0.009039737158133722,1158201.0,39.47149219512939,0,10,8,2021,1,EFERT.KA
2021-08-11 00:00:00+05:00,41.08940593028528,41.08940593028528,40.69253466380574,40.718990325927734,648002,0.0,0.0,0.0,-0.00517142700834794,0.008130067203336236,1079610.2,39.59214115142822,0,11,8,2021,2,EFERT.KA
2021-08-12 00:00:00+05:00,40.61845176614231,40.74544943917779,40.16337239748333,40.221580505371094,814364,0.0,0.0,0.0,-0.01221567176826377,0.008618690307330682,1062539.95,39.69876708984375,0,12,8,2021,3,EFERT.KA
2021-08-13 00:00:00+05:00,40.21628958531948,40.375039711713846,39.97816843291135,40.263912200927734,653107,0.0,0.0,0.0,0.0010524622609244805,0.008604136495780885,1003613.7,39.80750961303711,0,13,8,2021,4,EFERT.KA
2021-08-16 00:00:00+05:00,40.37503998495552,40.745451566137945,40.2162898574868,40.71370315551758,704570,0.0,0.0,0.0,0.011171069327423178,0.008772715126533616,1038842.2,39.93874168395996,0,16,8,2021,0,EFERT.KA
2021-08-17 00:00:00+05:00,40.533786718728585,41.168783201500815,40.533786718728585,41.11586380004883,752728,0.0,0.0,0.0,0.009877771201383556,0.008850494223712339,1076478.6,40.090081787109376,0,17,8,2021,1,EFERT.KA
2021-08-18 00:00:00+05:00,41.11586380004883,41.11586380004883,41.11586380004883,41.11586380004883,0,0.0,0.0,0.0,0.0,0.008850494223712339,1076478.6,40.24142189025879,0,18,8,2021,2,EFERT.KA
2021-08-19 00:00:00+05:00,41.11586380004883,41.11586380004883,41.11586380004883,41.11586380004883,0,0.0,0.0,0.0,0.0,0.008850494223712339,1076478.6,40.3927619934082,0,19,8,2021,3,EFERT.KA
2021-08-20 00:00:00+05:00,41.43335689564569,41.53918760588309,40.85127587779152,40.98356628417969,867721,0.0,0.0,0.0,-0.003217675700856404,0.008953148297811147,1119864.65,40.53748722076416,0,20,8,2021,4,EFERT.KA
2021-08-23 00:00:00+05:00,41.02590662577369,41.13174138981399,40.57082723335904,40.71370315551758,1256652,0.0,0.0,0.0,-0.006584666809883788,0.006915980683579296,1101310.3,40.61289310455322,0,23,8,2021,0,EFERT.KA
2021-08-24 00:00:00+05:00,40.75073322995104,40.87773087507419,40.607857346652935,40.77190017700195,759162,0.0,0.0,0.0,0.0014294209805008062,0.006884636182461087,1072775.3,40.68194847106933,0,24,8,2021,1,EFERT.KA
2021-08-25 00:00:00+05:00,40.877742831091474,41.0047405133592,40.61845471894966,40.92536544799805,587243,0.0,0.0,0.0,0.0037639960445763343,0.0068683327663117254,1066094.85,40.760529136657716,0,25,8,2021,2,EFERT.KA
2021-08-26 00:00:00+05:00,40.87773396538234,40.983564671455255,40.69252821116342,40.79835891723633,788492,0.0,0.0,0.0,-0.00310336949643375,0.0065678919191483895,942334.95,40.810005569458006,0,26,8,2021,3,EFERT.KA
2021-08-27 00:00:00+05:00,40.93065218565443,40.95711188261752,40.71898672149857,40.82482147216797,1276463,0.0,0.0,0.0,0.000648618121756428,0.006127141507031311,887207.15,40.83831558227539,0,27,8,2021,4,EFERT.KA
2021-08-30 00:00:00+05:00,40.824824996525365,40.91478151447299,40.69253457465535,40.814239501953125,771454,0.0,0.0,0.0,-0.00025920432308701447,0.0056899085364615215,842937.05,40.845194816589355,0,30,8,2021,0,EFERT.KA
2021-08-31 00:00:00+05:00,40.74544561461693,41.03119338001255,40.74544561461693,40.803653717041016,945688,0.0,0.0,0.0,-0.0002593649922498775,0.0055660494837568965,826131.1,40.840961647033694,0,31,8,2021,1,EFERT.KA
2021-09-01 00:00:00+05:00,40.80365166369477,40.95710901352835,40.745443564199874,40.79835891723633,1786675,0.0,0.0,0.0,-0.0001297628845055021,0.00523995127257649,814844.65,40.82032413482666,0,1,9,2021,2,EFERT.KA
2021-09-02 00:00:00+05:00,40.74544701326389,40.90419712299396,40.6925316557482,40.74015426635742,1652812,0.0,0.0,0.0,-0.0014266419636382865,0.005166234733540225,823280.1,40.80577220916748,0,2,9,2021,3,EFERT.KA
2021-09-03 00:00:00+05:00,40.57082006727729,40.8777347730082,40.57082006727729,40.81952667236328,527294,0.0,0.0,0.0,0.0019482598295266218,0.005173801494852528,812991.35,40.79942226409912,0,3,9,2021,4,EFERT.KA
2021-09-06 00:00:00+05:00,40.89890296476459,40.96769252344293,40.75602706350123,40.94652557373047,1155469,0.0,0.0,0.0,0.0031112291523256452,0.00515464488227763,849977.25,40.80683059692383,0,6,9,2021,0,EFERT.KA
2021-09-07 00:00:00+05:00,40.782489094185,41.02061022700935,40.782489094185,40.962406158447266,1170046,0.0,0.0,0.0,0.0003878371728560648,0.005105059855464998,855897.1,40.808417892456056,0,7,9,2021,1,EFERT.KA
2021-09-08 00:00:00+05:00,40.95710366736771,41.07351985116161,40.883021375350154,41.05235290527344,1970753,0.0,0.0,0.0,0.002195836506240667,0.0049724595020169664,922034.65,40.82508602142334,0,8,9,2021,2,EFERT.KA
2021-09-09 00:00:00+05:00,40.95711968985335,41.274615928016736,40.7983695521798,41.07353591918945,4082111,0.0,0.0,0.0,0.000515999995539751,0.003987074565307278,1085422.0,40.867683792114256,0,9,9,2021,3,EFERT.KA
2021-09-10 00:00:00+05:00,41.50311623067512,41.67049170626081,41.073525419590084,41.31900405883789,1464711,4.0,0.0,0.0,0.005976308933601127,0.004136072564942883,1126002.2,40.92043838500977,0,10,9,2021,4,EFERT.KA
2021-09-13 00:00:00+05:00,41.3190169315947,41.38038767466023,41.062377577200905,41.15164566040039,622037,0.0,0.0,0.0,-0.004050397686236162,0.0035887868108723225,1121875.55,40.942335510253905,0,13,9,2021,0,EFERT.KA
2021-09-14 00:00:00+05:00,41.15163156332954,41.2855293857237,40.448660546823895,41.1906852722168,1217521,0.0,0.0,0.0,0.000948676807206672,0.0028443539384464486,1145115.2,40.94607658386231,0,14,9,2021,1,EFERT.KA
2021-09-15 00:00:00+05:00,41.201842058120114,41.201842058120114,40.72761722935925,40.833621978759766,1113913,0.0,0.0,0.0,-0.008668544625982988,0.003454561404661336,1200810.85,40.93196449279785,0,15,9,2021,2,EFERT.KA
2021-09-16 00:00:00+05:00,40.839200315467664,41.00657579684442,40.47656053337688,40.63835144042969,1127669,0.0,0.0,0.0,-0.004782101828528784,0.003592622837029232,1257194.3,40.9080888748169,0,16,9,2021,3,EFERT.KA
2021-09-17 00:00:00+05:00,40.867092910520824,40.945200324366276,40.59371696206177,40.69414138793945,637097,0.0,0.0,0.0,0.0013728398306596112,0.003561593673943974,1245663.1,40.89361763000488,0,17,9,2021,4,EFERT.KA
2021-09-20 00:00:00+05:00,40.75552669600613,40.80015647951177,40.43751660964564,40.62720489501953,861447,0.0,0.0,0.0,-0.0016448680482483713,0.0032653064581193414,1225902.85,40.88929271697998,0,20,9,2021,0,EFERT.KA
2021-09-21 00:00:00+05:00,40.727626574781276,40.78341699275459,40.50446064635197,40.60488510131836,469044,0.0,0.0,0.0,-0.0005493804892274801,0.0032464096570249032,1211396.95,40.8809419631958,0,21,9,2021,1,EFERT.KA
2021-09-22 00:00:00+05:00,40.5044554564031,40.532352790083216,39.304942469261604,40.415191650390625,1647215,0.0,0.0,0.0,-0.004671690375539939,0.0032522514028469943,1264395.55,40.85543327331543,0,22,9,2021,2,EFERT.KA
2021-09-23 00:00:00+05:00,40.69972307532864,40.71646402906839,40.11391739049951,40.19760513305664,726598,0.0,0.0,0.0,-0.0053837804164386105,0.0033812412294734685,1261300.85,40.825395584106445,0,23,9,2021,3,EFERT.KA
2021-09-24 00:00:00+05:00,40.309185118622636,40.39287285944933,39.62295075168612,40.06928253173828,901413,0.0,0.0,0.0,-0.0031922946875467817,0.003407434503749012,1242548.35,40.78761863708496,0,24,9,2021,4,EFERT.KA
2021-09-27 00:00:00+05:00,40.30360701858831,40.44866549356761,39.77917204318485,40.058128356933594,813469,0.0,0.0,0.0,-0.0002783722118271381,0.003407239168558698,1244649.1,40.749813079833984,0,27,9,2021,0,EFERT.KA
2021-09-28 00:00:00+05:00,40.058128356933594,40.058128356933594,40.058128356933594,40.058128356933594,0,0.0,0.0,0.0,0.0,0.003410414145463378,1197364.7,40.71253681182861,0,28,9,2021,1,EFERT.KA
2021-09-29 00:00:00+05:00,40.25897849771701,40.364979005800045,39.50021696015662,39.583900451660156,1963382,0.0,0.0,0.0,-0.011838493826967667,0.004185278460802245,1206200.05,40.6518138885498,0,29,9,2021,2,EFERT.KA
2021-09-30 00:00:00+05:00,39.58389484950316,39.723372990983485,38.802820662441384,39.2100944519043,1867783,0.0,0.0,0.0,-0.009443384696572577,0.004546076498425914,1216948.6,40.57531089782715,0,30,9,2021,3,EFERT.KA
2021-10-01 00:00:00+05:00,39.36073518310729,39.36073518310729,38.998091145941686,39.10409164428711,1200212,0.0,0.0,0.0,-0.002703457084175409,0.004456824383119562,1250594.5,40.48953914642334,0,1,10,2021,4,EFERT.KA
2021-10-04 00:00:00+05:00,39.053881800480745,39.304940766584,38.970194059601226,39.22683334350586,2364570,0.0,0.0,0.0,0.00313884542659304,0.004458539233106753,1311049.55,40.40355453491211,0,4,10,2021,0,EFERT.KA
2021-10-05 00:00:00+05:00,39.49463942544144,39.528112824402044,39.05388789413757,39.30494689941406,2299832,0.0,0.0,0.0,0.0019913296396925073,0.004520255327781858,1367538.85,40.32068157196045,0,5,10,2021,1,EFERT.KA
2021-10-06 00:00:00+05:00,39.49463201979349,39.890749440516494,39.27704645427713,39.39978790283203,1292642,0.0,0.0,0.0,0.0024129533531918046,0.004531244615155079,1333633.3,40.23805332183838,0,6,10,2021,2,EFERT.KA
2021-10-07 00:00:00+05:00,39.416534061891234,39.80707125874468,39.416534061891234,39.533695220947266,877933,0.0,0.0,0.0,0.003398681192027686,0.004660903240231894,1173424.4,40.16106128692627,0,7,10,2021,3,EFERT.KA
2021-10-08 00:00:00+05:00,39.60622223037873,39.63969988754108,39.09294355694203,39.47232437133789,906298,0.0,0.0,0.0,-0.0015523681575017045,0.004279889718132499,1145503.75,40.06872730255127,0,8,10,2021,4,EFERT.KA
2021-10-11 00:00:00+05:00,39.69548530868264,39.72895870509358,39.33284124026667,39.433265686035156,5167631,0.0,0.0,0.0,-0.0009895207825940666,0.0042677638193457015,1372783.45,39.98280830383301,0,11,10,2021,0,EFERT.KA
2021-10-12 00:00:00+05:00,39.60063364837488,39.60063364837488,38.830711625091574,38.953453063964844,4157597,0.0,0.0,0.0,-0.012167712050291435,0.004751477846379212,1519787.25,39.87094669342041,0,12,10,2021,1,EFERT.KA
2021-10-13 00:00:00+05:00,39.27146930329977,39.27146930329977,37.99384888223913,38.49039077758789,6354779,0.0,0.0,0.0,-0.011887579917923219,0.00500907023530516,1781830.55,39.753785133361816,0,13,10,2021,2,EFERT.KA
2021-10-14 00:00:00+05:00,38.55175880108104,39.4444180864429,38.36764662632463,39.07061767578125,5287537,0.0,0.0,0.0,0.015074590994571313,0.006399357615698367,1989823.95,39.675398445129396,0,14,10,2021,3,EFERT.KA
2021-10-15 00:00:00+05:00,39.36073835829256,40.10275893270963,39.07062140254256,39.91307067871094,1632106,0.0,0.0,0.0,0.021562315956215272,0.008269526997467067,2039574.4,39.63634490966797,0,15,10,2021,4,EFERT.KA
2021-10-18 00:00:00+05:00,39.868428968885695,40.72761477772041,39.55599931350391,40.69414138793945,1571718,0.0,0.0,0.0,0.019569296372005995,0.009450112742025635,2075087.95,39.63969173431396,0,18,10,2021,0,EFERT.KA
2021-10-19 00:00:00+05:00,40.69414138793945,40.69414138793945,40.69414138793945,40.69414138793945,0,0.0,0.0,0.0,0.0,0.009448849223968828,2051635.75,39.64415454864502,0,19,10,2021,1,EFERT.KA
2021-10-20 00:00:00+05:00,40.81130582755557,41.42500881047784,40.72761808976273,41.31900405883789,1523900,0.0,0.0,0.0,0.01535510148602448,0.009958197501489715,2045470.0,39.68934516906738,0,20,10,2021,2,EFERT.KA
2021-10-21 00:00:00+05:00,41.42501115980173,41.95502643498974,41.42501115980173,41.698387145996094,2327546,0.0,0.0,0.0,0.009181806188212294,0.009987528297411155,2125517.4,39.764384269714355,0,21,10,2021,3,EFERT.KA
2021-10-22 00:00:00+05:00,41.592384032319636,41.78765258162155,40.699720510022054,41.19626235961914,2860178,0.0,0.0,0.0,-0.012041827532055183,0.01041119132454707,2223455.65,39.8207332611084,0,22,10,2021,4,EFERT.KA
2021-10-25 00:00:00+05:00,41.45396007015031,41.45396007015031,40.90928366183055,41.19626235961914,1453131,3.5,0.0,0.0,0.0,0.010408960231451523,2255438.75,39.87763996124268,0,25,10,2021,0,EFERT.KA
2021-10-26 00:00:00+05:00,41.348547615651135,41.61210336788665,41.00885591810357,41.500823974609375,791847,0.0,0.0,0.0,0.007392942892041843,0.010485632061819955,2295031.1,39.949774742126465,0,26,10,2021,1,EFERT.KA
2021-10-27 00:00:00+05:00,41.588672501341215,42.22119642480234,41.588672501341215,42.12749099731445,801305,0.0,0.0,0.0,0.015100110375844134,0.010367965336605918,2236927.25,40.07695426940918,0,27,10,2021,2,EFERT.KA
2021-10-28 00:00:00+05:00,42.16848036239462,42.31489869698627,41.494955129606446,41.58866500854492,785832,0.0,0.0,0.0,-0.01279036505648723,0.010606533310229623,2182829.7,40.19588279724121,0,28,10,2021,3,EFERT.KA
2021-10-29 00:00:00+05:00,41.758510816447306,41.8873551974993,41.57109552688727,41.82878875732422,772837,0.0,0.0,0.0,0.005773778714223132,0.01053566726243111,2161460.95,40.33211765289307,0,29,10,2021,4,EFERT.KA
2021-11-01 00:00:00+05:00,42.16261969979801,42.45545635038094,41.67651425576317,42.303184509277344,856239,0.0,0.0,0.0,0.011341369569781268,0.010682523860892896,2086044.4,40.48593521118164,0,1,11,2021,0,EFERT.KA
2021-11-02 00:00:00+05:00,42.578454696145634,42.578454696145634,42.197770558099045,42.414466857910156,581323,0.0,0.0,0.0,0.0026305903426351307,0.010677668438280696,2000118.95,40.641411209106444,0,2,11,2021,1,EFERT.KA
2021-11-03 00:00:00+05:00,42.549176046448196,42.982573138233654,42.23291185460462,42.707305908203125,1042536,0.0,0.0,0.0,0.006904225656637175,0.010692669700827521,1987613.65,40.806787109375,0,3,11,2021,2,EFERT.KA
2021-11-04 00:00:00+05:00,42.60773622171094,43.33396992473468,42.60773622171094,43.251976013183594,1439006,0.0,0.0,0.0,0.01275355804815237,0.010863948811201405,2015667.3,40.99270114898682,0,4,11,2021,3,EFERT.KA
2021-11-05 00:00:00+05:00,43.33983384918776,43.83765537135629,43.16413003273597,43.68537902832031,2113766,0.0,0.0,0.0,0.010020421148033032,0.010829368058902713,2076040.7,41.20335388183594,0,5,11,2021,4,EFERT.KA
2021-11-08 00:00:00+05:00,43.51553804785273,44.83330327781462,43.39840067974478,44.37062072753906,2860216,0.0,0.0,0.0,0.015685836187309343,0.010973646602208068,1960669.95,41.450221633911134,0,8,11,2021,0,EFERT.KA
2021-11-09 00:00:00+05:00,44.271050697480625,44.45261249214672,43.89622007440676,44.177345275878906,1912962,0.0,0.0,0.0,-0.004355933013580726,0.010418982947831059,1848438.2,41.711416244506836,0,9,11,2021,1,EFERT.KA
2021-11-10 00:00:00+05:00,44.17734710995881,45.090996233091,43.89622189681539,44.80987548828125,1227136,0.0,0.0,0.0,0.014317976973317714,0.009620109169025306,1592056.05,42.027390480041504,0,10,11,2021,2,EFERT.KA
2021-11-11 00:00:00+05:00,44.92114352010554,46.33261841837248,44.83914960973591,45.266693115234375,3744687,0.0,0.0,0.0,0.010194574789045951,0.009483435082861886,1514913.55,42.33719425201416,0,11,11,2021,3,EFERT.KA
2021-11-12 00:00:00+05:00,45.44825731291609,45.44825731291609,43.989931722111486,44.38233184814453,1735663,0.0,0.0,0.0,-0.01953668815255727,0.010641976072068463,1520091.4,42.56065731048584,0,12,11,2021,4,EFERT.KA
2021-11-15 00:00:00+05:00,44.33547002214885,45.096847150992296,44.10120426096592,44.86843490600586,974847,0.0,0.0,0.0,0.010952625461964072,0.010202420162273884,1490247.85,42.76937198638916,0,15,11,2021,0,EFERT.KA
2021-11-16 00:00:00+05:00,45.09685509577274,45.53611017787442,44.86844281054656,45.36626434326172,2049391,0.0,0.0,0.0,0.011095315410460715,0.01022107805309449,1592717.4,43.00297813415527,0,16,11,2021,1,EFERT.KA
2021-11-17 00:00:00+05:00,45.53610092077931,45.828937582649274,44.51117260423444,44.75130081176758,2411350,0.0,0.0,0.0,-0.01355552502275803,0.010782700626761422,1637089.9,43.17459297180176,0,17,11,2021,2,EFERT.KA
2021-11-18 00:00:00+05:00,44.9211585893322,45.09686243811319,43.808382441500896,44.07193374633789,2075454,0.0,0.0,0.0,-0.01518094565088135,0.011523524060911634,1624485.3,43.29327030181885,0,18,11,2021,3,EFERT.KA
2021-11-19 00:00:00+05:00,43.638529453252424,45.09685507399223,43.638529453252424,44.6985969543457,1827040,0.0,0.0,0.0,0.014219099429915172,0.011231607366822006,1572828.4,43.468387031555174,0,19,11,2021,4,EFERT.KA
2021-11-22 00:00:00+05:00,44.74545453342008,44.77473552626767,44.23591699986453,44.58146667480469,551729,0.0,0.0,0.0,-0.002620446446241931,0.011297634780176551,1527758.3,43.637647247314455,0,22,11,2021,0,EFERT.KA
2021-11-23 00:00:00+05:00,44.71616332516011,44.8040152290799,44.07192347697075,44.21834182739258,1194975,0.0,0.0,0.0,-0.008145197421630113,0.011583901634724886,1547914.7,43.77352313995361,0,23,11,2021,1,EFERT.KA
2021-11-24 00:00:00+05:00,43.984073288843796,44.329622932852395,43.63267012779006,43.75566101074219,1356659,0.0,0.0,0.0,-0.010463549683895401,0.011616707534551294,1575682.4,43.854931640625,0,24,11,2021,2,EFERT.KA
2021-11-25 00:00:00+05:00,43.808371434081394,44.07192267269774,42.7541575429493,43.093849182128906,1139217,0.0,0.0,0.0,-0.015125170396827148,0.011783299298806534,1593351.65,43.930190849304196,0,25,11,2021,3,EFERT.KA
2021-11-26 00:00:00+05:00,43.164128468938,43.91964770297506,42.7541588698482,43.369117736816406,1159076,0.0,0.0,0.0,0.006387652992521531,0.01179486483650933,1612663.6,44.00720729827881,0,26,11,2021,4,EFERT.KA
2021-11-29 00:00:00+05:00,43.538957804076034,44.97971828011894,42.929861408702926,44.00164031982422,1629524,0.0,0.0,0.0,0.014584631092710909,0.011953083961556615,1651327.85,44.09213008880615,0,29,11,2021,0,EFERT.KA
2021-11-30 00:00:00+05:00,44.189060695216455,44.92115251898302,42.78344796825176,43.21098709106445,13914693,0.0,0.0,0.0,-0.01796872168884922,0.012759631162471892,2317996.35,44.13195610046387,0,30,11,2021,1,EFERT.KA
2021-12-01 00:00:00+05:00,43.38669017589613,43.919650690971906,43.38669017589613,43.69123840332031,567977,0.0,0.0,0.0,0.011114101865892678,0.012896012544308513,2294268.4,44.181152725219725,0,1,12,2021,2,EFERT.KA
2021-12-02 00:00:00+05:00,43.462826576108185,43.77909077813019,40.440753870676545,41.377830505371094,6116068,0.0,0.0,0.0,-0.052949011804009904,0.017388864851208257,2528121.5,44.087445449829104,0,2,12,2021,3,EFERT.KA
2021-12-03 00:00:00+05:00,41.87565092077072,43.07042527345149,41.64138065132343,42.56674575805664,2500448,0.0,0.0,0.0,0.028733146183950398,0.018538855463849414,2547455.6,44.03151378631592,0,3,12,2021,4,EFERT.KA
2021-12-06 00:00:00+05:00,42.69558874852272,43.10555831233349,42.461318511345226,42.80101013183594,1038499,0.0,0.0,0.0,0.005503459792553178,0.018189244876109442,2456369.75,43.95303325653076,0,6,12,2021,0,EFERT.KA
2021-12-07 00:00:00+05:00,42.90057946502255,43.339834544869206,42.75416110507367,43.234413146972656,516963,0.0,0.0,0.0,0.01012599968556227,0.01836286021755302,2386569.8,43.90588665008545,0,7,12,2021,1,EFERT.KA
2021-12-08 00:00:00+05:00,43.13484451690388,43.345687287192874,43.046992617894595,43.257835388183594,513469,0.0,0.0,0.0,0.000541749951163073,0.01801646091609526,2350886.45,43.828284645080565,0,8,12,2021,2,EFERT.KA
2021-12-09 00:00:00+05:00,43.28712433492895,43.304693822481084,42.88300824789553,43.00014114379883,385871,0.0,0.0,0.0,-0.0059571691942579275,0.017820661209682963,2182945.65,43.714957046508786,0,9,12,2021,3,EFERT.KA
2021-12-10 00:00:00+05:00,43.22269816692582,43.60338229749943,42.75415766545054,43.49210739135742,849029,0.0,0.0,0.0,0.011441037970396195,0.017598786559181956,2138613.95,43.67044582366943,0,10,12,2021,4,EFERT.KA
2021-12-13 00:00:00+05:00,43.63267256728407,44.39404984908029,43.22855645189473,44.206634521484375,3540346,0.0,0.0,0.0,0.01642889188370167,0.01783334150008357,2266888.9,43.63735580444336,0,13,12,2021,0,EFERT.KA
2021-12-14 00:00:00+05:00,44.21834714253743,44.21834714253743,43.63267367045084,43.92551040649414,784392,0.0,0.0,0.0,-0.006359319546336617,0.017657643146174955,2203638.95,43.56531810760498,0,14,12,2021,1,EFERT.KA
2021-12-15 00:00:00+05:00,44.07192475661488,44.5111798206343,43.66195515086352,43.82594299316406,1820363,0.0,0.0,0.0,-0.002266733212856642,0.017429683154381655,2174089.6,43.519050216674806,0,15,12,2021,2,EFERT.KA
2021-12-16 00:00:00+05:00,44.1070677529741,44.11292573882849,43.70295609570147,43.92551040649414,859188,0.0,0.0,0.0,0.0022718829654300166,0.01711092707811128,2113276.3,43.511729049682614,0,16,12,2021,3,EFERT.KA
2021-12-17 00:00:00+05:00,44.013353864855866,44.24762410234785,43.77908362736388,44.00749588012695,491530,0.0,0.0,0.0,0.0018664660438569847,0.01678963034241777,2046500.8,43.47717399597168,0,17,12,2021,4,EFERT.KA
2021-12-20 00:00:00+05:00,44.15977755315571,44.45261426840432,43.866940837907116,44.38233184814453,609256,0.0,0.0,0.0,0.008517548215844828,0.016904905134262235,2049377.15,43.46721725463867,0,20,12,2021,0,EFERT.KA
2021-12-21 00:00:00+05:00,44.23004674022638,44.38232305311322,43.81421922317595,43.93721008300781,537035,0.0,0.0,0.0,-0.010029255935891657,0.016957347492350405,2016480.15,43.45316066741943,0,21,12,2021,1,EFERT.KA
2021-12-22 00:00:00+05:00,44.101212398845085,44.1304933902296,43.92550857720275,43.989933013916016,235227,0.0,0.0,0.0,0.0011999608261106243,0.01678475941745737,1960408.55,43.464874267578125,0,22,12,2021,2,EFERT.KA
2021-12-23 00:00:00+05:00,44.21834649609078,44.21834649609078,43.943079253300894,44.1070671081543,234687,0.0,0.0,0.0,0.0026627477291503165,0.016385158024385286,1915182.05,43.51553516387939,0,23,12,2021,3,EFERT.KA
2021-12-24 00:00:00+05:00,44.20663294513595,44.4233292568684,44.042640629545126,44.10121154785156,462852,0.0,0.0,0.0,-0.00013275787048760979,0.01634325717256058,1880370.85,43.552139854431154,0,24,12,2021,4,EFERT.KA
2021-12-27 00:00:00+05:00,44.32962100991275,44.32962100991275,43.98992936601812,44.118778228759766,475750,0.0,0.0,0.0,0.00039832649243987106,0.016025873655144948,1822682.15,43.55799674987793,0,27,12,2021,0,EFERT.KA
2021-12-28 00:00:00+05:00,43.984067978382775,44.364756552033846,43.90207406631431,44.317901611328125,281840,0.0,0.0,0.0,0.004513347616651675,0.015458613694335953,1141039.5,43.613342475891116,0,28,12,2021,1,EFERT.KA
2021-12-29 00:00:00+05:00,44.42332837199653,44.65174065017399,44.21834356700825,44.452613830566406,711247,0.0,0.0,0.0,0.0030396795502576346,0.015295626670141893,1148203.0,43.65141124725342,0,29,12,2021,2,EFERT.KA
2021-12-30 00:00:00+05:00,44.276906424622474,44.54046212537415,44.276906424622474,44.312049865722656,320166,0.0,0.0,0.0,-0.0031621079781611883,0.008676339914353369,858407.9,43.79812221527099,0,30,12,2021,3,EFERT.KA
2021-12-31 00:00:00+05:00,44.33547627261642,44.68688390059862,44.22420136086675,44.56388854980469,262035,0.0,0.0,0.0,0.005683300250048706,0.006367105196372818,746487.25,43.8979793548584,0,31,12,2021,4,EFERT.KA
2022-01-03 00:00:00+05:00,44.59903513902134,44.804019957578774,44.394050320463904,44.77473449707031,336250,0.0,0.0,0.0,0.0047313184312895995,0.006349065626786589,711374.8,43.99666557312012,0,3,1,2022,0,EFERT.KA
2022-01-04 00:00:00+05:00,44.76887510585397,45.09099278751479,44.686881189188796,45.00899887084961,349179,0.0,0.0,0.0,0.005232066173270766,0.006120792286657087,702985.6,44.085394859313965,0,4,1,2022,1,EFERT.KA
2022-01-05 00:00:00+05:00,45.09685306340644,45.67666849451684,44.8040163552025,45.57124710083008,1180777,0.0,0.0,0.0,0.012491907042718298,0.006536895659042119,736351.0,44.20106544494629,0,5,1,2022,2,EFERT.KA
2022-01-06 00:00:00+05:00,45.65324007704629,46.262340953707564,45.459971249564134,46.221343994140625,1131139,0.0,0.0,0.0,0.014265505876373208,0.0067009235536099635,773614.4,44.36212558746338,0,6,1,2022,3,EFERT.KA
2022-01-07 00:00:00+05:00,46.15106981806958,47.732386351586136,46.15106981806958,47.61525344848633,3322477,0.0,0.0,0.0,0.030157267917661823,0.008819688426312675,897286.8,44.56828289031982,0,7,1,2022,4,EFERT.KA
2022-01-10 00:00:00+05:00,47.70310028403687,48.20092628670469,45.69424018995913,46.19206619262695,3807656,0.0,0.0,0.0,-0.02988931388129823,0.011281104506827492,910652.3,44.667554473876955,0,10,1,2022,0,EFERT.KA
2022-01-11 00:00:00+05:00,46.443901857701746,46.70745309724942,45.957791869054496,46.60203170776367,922186,0.0,0.0,0.0,0.008875236570434097,0.011182410049618688,917542.0,44.80138053894043,0,11,1,2022,1,EFERT.KA
2022-01-12 00:00:00+05:00,46.45561488164027,47.585964746033234,46.41461792151549,46.976863861083984,1619567,0.0,0.0,0.0,0.008043257763327594,0.01116342986262775,907502.2,44.958926582336424,0,12,1,2022,2,EFERT.KA
2022-01-13 00:00:00+05:00,46.971001049714864,47.46882697365178,46.971001049714864,47.19941329956055,845812,0.0,0.0,0.0,0.004737426473054196,0.011162339428007829,906833.4,45.12262172698975,0,13,1,2022,3,EFERT.KA
2022-01-14 00:00:00+05:00,47.32240980540189,47.562533562158336,47.02957312212176,47.13499450683594,939353,0.0,0.0,0.0,-0.0013648218954707136,0.011212937174075217,929224.55,45.2789966583252,0,14,1,2022,4,EFERT.KA
2022-01-17 00:00:00+05:00,47.06471310190982,47.43368572214258,46.795303883723996,47.152565002441406,684932,0.0,0.0,0.0,0.0003727696542517034,0.01116887648401013,933008.35,45.41750831604004,0,17,1,2022,0,EFERT.KA
2022-01-18 00:00:00+05:00,47.29312540112696,47.35169184541835,46.85387036644157,46.883155822753906,948787,0.0,0.0,0.0,-0.005713563613634842,0.010941417380604303,953595.95,45.564805603027345,0,18,1,2022,1,EFERT.KA
2022-01-19 00:00:00+05:00,46.88315726525493,47.058856603535034,46.61960155533464,46.8304443359375,1185985,0.0,0.0,0.0,-0.0011243160979965694,0.010977260869500391,1001133.85,45.70683116912842,0,19,1,2022,2,EFERT.KA
2022-01-20 00:00:00+05:00,46.85387489671224,46.85387489671224,46.15106856059504,46.613746643066406,1006574,0.0,0.0,0.0,-0.004627282442947078,0.011115878034285646,1039728.2,45.83216514587402,0,20,1,2022,3,EFERT.KA
2022-01-21 00:00:00+05:00,46.56689762517549,46.736743463205165,46.23891745214095,46.350196838378906,775951,0.0,0.0,0.0,-0.005653907348524667,0.011260846400732884,1055383.15,45.94461441040039,0,21,1,2022,4,EFERT.KA
2022-01-24 00:00:00+05:00,46.53175215971685,47.328268380846076,46.262342918501616,47.22284698486328,956180,0.0,0.0,0.0,0.018827323420594455,0.011815813442133276,1079404.65,46.09981784820557,0,24,1,2022,0,EFERT.KA
2022-01-25 00:00:00+05:00,47.00029231441847,47.43954738277752,46.971006855861084,47.023719787597656,1051953,0.0,0.0,0.0,-0.004216755447409848,0.011935954167185032,1117910.3,46.23510875701904,0,25,1,2022,1,EFERT.KA
2022-01-26 00:00:00+05:00,47.08814042715731,47.20527331528045,46.85387018257777,46.99443054199219,982305,0.0,0.0,0.0,-0.0006228610951614089,0.01196394601159062,1131463.2,46.36219959259033,0,26,1,2022,2,EFERT.KA
2022-01-27 00:00:00+05:00,47.088145388751734,47.29313019873275,46.85387511948755,47.17013931274414,1081870,0.0,0.0,0.0,0.0037389275436574554,0.011880586375151434,1169548.4,46.505104064941406,0,27,1,2022,3,EFERT.KA
2022-01-28 00:00:00+05:00,47.17013502402471,47.79094738304672,47.14670755239494,47.50982666015625,10252501,0.0,0.0,0.0,0.007201321691249207,0.011902134869259746,1669071.7,46.652400970458984,0,28,1,2022,4,EFERT.KA
2022-01-31 00:00:00+05:00,47.70309937225841,48.54061256091461,47.50397254966434,48.14821243286133,1211577,0.0,0.0,0.0,0.013436920687409204,0.012115547597876478,1712838.05,46.821074867248534,0,31,1,2022,0,EFERT.KA
2022-02-01 00:00:00+05:00,48.318058110891116,49.196568258361864,48.154070264963295,48.71631622314453,1914520,0.0,0.0,0.0,0.011799062967817964,0.012247287475757384,1791105.1,47.00644073486328,0,1,2,2022,1,EFERT.KA
2022-02-02 00:00:00+05:00,48.774886905949444,49.132148087728595,48.61089904578867,48.675323486328125,1016673,0.0,0.0,0.0,-0.0008414580574738206,0.012125098088513104,1782899.9,47.161644554138185,0,2,2,2022,2,EFERT.KA
2022-02-03 00:00:00+05:00,48.8744484410146,49.25513708361399,48.675321609450116,48.9798698425293,2019567,0.0,0.0,0.0,0.006256688900829088,0.01187601858170647,1827321.3,47.299570846557614,0,3,2,2022,3,EFERT.KA
2022-02-04 00:00:00+05:00,49.079426246615995,49.694380554664576,48.90372246241191,49.249267578125,2382337,0.0,0.0,0.0,0.005500172549698812,0.010043568863047142,1780314.3,47.381271553039554,0,4,2,2022,4,EFERT.KA
2022-02-07 00:00:00+05:00,49.38983700772015,49.48940040951683,49.10871182039236,49.196563720703125,826434,0.0,0.0,0.0,-0.0010701449993802958,0.006816142787502838,1631253.2,47.53149642944336,0,7,2,2022,0,EFERT.KA
2022-02-08 00:00:00+05:00,49.19656365795649,49.60653323443949,48.90958495441839,49.49525833129883,1217231,0.0,0.0,0.0,0.0060714527195728785,0.0067209611951642,1646005.45,47.676157760620114,0,8,2,2022,1,EFERT.KA
2022-02-09 00:00:00+05:00,49.62996352091821,49.78223985867814,49.565539088340294,49.68852996826172,1569739,0.0,0.0,0.0,0.003904851565158296,0.0066217088123406995,1643514.05,47.81174106597901,0,9,2,2022,2,EFERT.KA
2022-02-10 00:00:00+05:00,49.89937548247492,50.36791602351555,49.05015077871427,49.272705078125,5586259,0.0,0.0,0.0,-0.008368629347705103,0.007057253034332683,1880536.4,47.915405654907225,0,10,2,2022,3,EFERT.KA
2022-02-11 00:00:00+05:00,49.372258445052,49.39568144371789,48.610881406769614,48.651878356933594,3011772,0.0,0.0,0.0,-0.012599809980130883,0.007765481894748013,1984157.35,47.99124984741211,0,11,2,2022,4,EFERT.KA
2022-02-14 00:00:00+05:00,48.61088899938658,49.3136952457794,48.47032864377465,48.921295166015625,3530082,0.0,0.0,0.0,0.005537644551058429,0.007807812483956595,2126414.85,48.07968635559082,0,14,2,2022,0,EFERT.KA
2022-02-15 00:00:00+05:00,48.968154417402786,49.48940339749552,48.845163536875305,49.30784606933594,1524470,0.0,0.0,0.0,0.007901485478022163,0.0077045036735876446,2155199.0,48.20092086791992,0,15,2,2022,1,EFERT.KA
2022-02-16 00:00:00+05:00,49.39568506695457,49.66509872303106,49.02671248841416,49.12042236328125,2126160,0.0,0.0,0.0,-0.0038010929496116175,0.007794462454944017,2202207.75,48.31541976928711,0,16,2,2022,2,EFERT.KA
2022-02-17 00:00:00+05:00,49.13799895176977,49.840805241548715,49.12628298155118,49.729530334472656,1151188,0.0,0.0,0.0,0.012400299954397953,0.007913376243235902,2209438.45,48.47120895385742,0,17,2,2022,3,EFERT.KA
2022-02-18 00:00:00+05:00,49.694388653325035,51.10000575103159,49.694388653325035,50.8715934753418,2872386,0.0,0.0,0.0,0.022965492197247972,0.008757335164445872,2314260.2,48.697278785705564,0,18,2,2022,4,EFERT.KA
2022-02-21 00:00:00+05:00,50.397210373660066,50.77204108528394,50.385494400483644,50.48505783081055,397990,0.0,0.0,0.0,-0.007598260996455886,0.008503661919059347,2286350.7,48.86038932800293,0,21,2,2022,0,EFERT.KA
2022-02-22 00:00:00+05:00,50.39719272140703,51.19370882170156,49.84080036710834,50.49089813232422,2338353,0.0,0.0,0.0,0.00011568376396131619,0.008353825638385028,2350670.7,49.03374824523926,0,22,2,2022,1,EFERT.KA
2022-02-23 00:00:00+05:00,50.48504673981185,50.77788344820596,50.19221003141774,50.71345901489258,895793,0.0,0.0,0.0,0.00440794065467176,0.008295632224483008,2346345.1,49.219699668884275,0,23,2,2022,2,EFERT.KA
2022-02-24 00:00:00+05:00,50.30934701696126,50.74860207624497,49.7822400521541,50.51433181762695,2137587,0.0,0.0,0.0,-0.003926515783653217,0.008476049543880383,2399130.95,49.386909294128415,0,24,2,2022,3,EFERT.KA
2022-02-25 00:00:00+05:00,50.36791712186009,51.24642730421811,50.36791712186009,51.05315399169922,1668855,0.0,0.0,0.0,0.010666718823829857,0.008591095439323107,1969948.65,49.56407566070557,0,25,2,2022,4,EFERT.KA
2022-02-28 00:00:00+05:00,50.95358736259914,52.12493419852096,50.754460545292545,51.837955474853516,1817361,0.0,0.0,0.0,0.015372242883993081,0.00871724884685445,2000237.85,49.748562812805176,0,28,2,2022,0,EFERT.KA
2022-03-01 00:00:00+05:00,52.124930214469515,52.124930214469515,51.42212395396726,51.67981719970703,1376359,0.0,0.0,0.0,-0.0030506271649389793,0.008626150301581693,1973329.8,49.8967378616333,0,1,3,2022,1,EFERT.KA
2022-03-02 00:00:00+05:00,51.398709936386425,51.656403249577096,51.25229155476253,51.47484588623047,877867,0.0,0.0,0.0,-0.003966177215458999,0.00872694809943356,1966389.5,50.03671398162842,0,2,3,2022,2,EFERT.KA
2022-03-03 00:00:00+05:00,51.53926219004238,52.00780272455806,51.10000711455906,51.81452941894531,537203,0.0,0.0,0.0,0.006599019907036041,0.008734343003093822,1892271.3,50.17844696044922,0,3,3,2022,3,EFERT.KA
2022-03-04 00:00:00+05:00,51.77352418900718,52.70474265551495,51.77352418900718,52.53489685058594,1211634,0.0,0.0,0.0,0.01390280756611939,0.009064230595802846,1833736.15,50.34272842407226,0,4,3,2022,4,EFERT.KA
2022-03-07 00:00:00+05:00,52.698892915344345,52.698892915344345,50.947726284737605,51.59782409667969,2248420,0.0,0.0,0.0,-0.017837148449560525,0.01019228664778713,1904835.45,50.462791442871094,0,7,3,2022,0,EFERT.KA
2022-03-08 00:00:00+05:00,51.77354063587685,52.27136223973122,50.95359680511615,51.47484588623047,1480205,0.0,0.0,0.0,-0.0023833991568867896,0.0102088407879261,1917984.15,50.561770820617674,0,8,3,2022,1,EFERT.KA
2022-03-09 00:00:00+05:00,51.474842483730264,52.57005351448367,51.474842483730264,52.529056549072266,1943275,0.0,0.0,0.0,0.02048011304728936,0.011011800691317743,1936660.95,50.7037971496582,0,9,3,2022,2,EFERT.KA
2022-03-10 00:00:00+05:00,52.65204179061841,53.17914876667954,52.06636836573575,52.593475341796875,2147192,0.0,0.0,0.0,0.0012263458922858739,0.010702399135213992,1764707.6,50.869835662841794,0,10,3,2022,3,EFERT.KA
2022-03-11 00:00:00+05:00,52.47633462707762,52.84531172094119,52.124931488239305,52.49390411376953,2707032,0.0,0.0,0.0,-0.0018932239670461648,0.010115849310085792,1749470.6,51.061936950683595,0,11,3,2022,4,EFERT.KA
2022-03-14 00:00:00+05:00,53.349885450894455,55.17349180540446,52.49390241879185,54.24928283691406,3806822,5.0,0.0,0.0,0.03343966795344677,0.012091142669499533,1763307.6,51.32833633422852,0,14,3,2022,0,EFERT.KA
2022-03-15 00:00:00+05:00,54.28029588112226,54.36713404942059,53.66621989230871,53.988765716552734,962214,0.0,0.0,0.0,-0.004802222384109767,0.012276836620877182,1735194.8,51.56238231658936,0,15,3,2022,1,EFERT.KA
2022-03-16 00:00:00+05:00,53.963962205181936,54.18105765839277,53.65382449135905,53.75307083129883,614337,0.0,0.0,0.0,-0.004365628332592908,0.012297838401905167,1659603.65,51.79401473999023,0,16,3,2022,2,EFERT.KA
2022-03-17 00:00:00+05:00,53.77167548609564,53.8337020791065,53.337479870368156,53.4553337097168,530891,0.0,0.0,0.0,-0.005538978833720232,0.012352115130288506,1628588.8,51.980304908752444,0,17,3,2022,3,EFERT.KA
2022-03-18 00:00:00+05:00,53.157596098159495,55.81857794237197,53.03974699854092,54.950191497802734,3721406,0.0,0.0,0.0,0.02796461427410768,0.012804966202082341,1671039.8,52.18423480987549,0,18,3,2022,4,EFERT.KA
2022-03-21 00:00:00+05:00,55.19831206498744,56.62494752120694,54.78272864100502,55.08666229248047,6465931,0.0,0.0,0.0,0.002483536289099142,0.012522129124900052,1974436.85,52.41431503295898,0,21,3,2022,0,EFERT.KA
2022-03-22 00:00:00+05:00,55.266540146653874,55.39059807267825,54.90677925967219,55.20451354980469,2799991,0.0,0.0,0.0,0.002139379160394528,0.01249345057528337,1997518.75,52.64999580383301,0,22,3,2022,1,EFERT.KA
2022-03-23 00:00:00+05:00,55.20451354980469,55.20451354980469,55.20451354980469,55.20451354980469,0,0.0,0.0,0.0,0.0,0.012534824585285891,1952729.1,52.874548530578615,0,23,3,2022,2,EFERT.KA
2022-03-24 00:00:00+05:00,55.20450735601009,56.07289381144613,54.89436967423475,55.955039978027344,1354123,0.0,0.0,0.0,0.013595381608526358,0.012540036719044695,1913555.9,53.14658393859863,0,24,3,2022,3,EFERT.KA
2022-03-25 00:00:00+05:00,55.917827592704036,56.69317183350047,55.917827592704036,56.44506072998047,1918283,0.0,0.0,0.0,0.008757401516388041,0.012503456162146322,1926027.3,53.4161792755127,0,25,3,2022,4,EFERT.KA
2022-03-28 00:00:00+05:00,56.53810377956568,56.53810377956568,55.824786121547426,56.420249938964844,776645,0.0,0.0,0.0,-0.0004395564588780543,0.012318692720415657,1873991.5,53.64529399871826,0,28,3,2022,0,EFERT.KA
2022-03-29 00:00:00+05:00,56.53809955350176,56.81722157031561,56.321004125721494,56.507083892822266,1832489,0.0,0.0,0.0,0.0015390565258281974,0.012216573226407628,1896798.0,53.886657333374025,0,29,3,2022,1,EFERT.KA
2022-03-30 00:00:00+05:00,56.44506378190419,56.69317489883928,55.82478835572942,56.32101058959961,517181,0.0,0.0,0.0,-0.0032929199385971497,0.012192790552205374,1878763.7,54.12896556854248,0,30,3,2022,2,EFERT.KA
2022-03-31 00:00:00+05:00,56.258981542794615,57.1955987993558,56.258981542794615,56.92267608642578,1417420,0.0,0.0,0.0,0.010682789433776207,0.012262400691395075,1922774.55,54.38437290191651,0,31,3,2022,3,EFERT.KA
2022-04-01 00:00:00+05:00,56.488484883609026,57.37547896391173,55.84339784954105,56.18455123901367,1959997,0.0,0.0,0.0,-0.012967149441312498,0.012675618530729111,1960192.7,54.56685562133789,0,1,4,2022,4,EFERT.KA
2022-04-04 00:00:00+05:00,55.57667518783209,56.445061698895636,55.2045108923265,56.1473274230957,747892,0.0,0.0,0.0,-0.0006625276005074454,0.01170276758261533,1885166.3,54.794330787658694,0,4,4,2022,0,EFERT.KA
2022-04-05 00:00:00+05:00,56.01087257237183,57.418895699919545,56.01087257237183,57.18939208984375,2020261,0.0,0.0,0.0,0.018559470496175345,0.012006474695129143,1912169.1,55.080058097839355,0,5,4,2022,1,EFERT.KA
2022-04-06 00:00:00+05:00,57.19559694934788,58.274874874703016,57.18939286998393,57.54294967651367,2414208,0.0,0.0,0.0,0.006182223201717019,0.011471633217286862,1935715.75,55.330752754211424,0,6,4,2022,2,EFERT.KA
2022-04-07 00:00:00+05:00,57.685611922152084,58.46095616841757,57.06533652513969,57.263824462890625,1292159,0.0,0.0,0.0,-0.004850728285431871,0.011645705025882712,1892964.1,55.564270210266116,0,7,4,2022,3,EFERT.KA
2022-04-08 00:00:00+05:00,57.077737138929855,57.68560908027859,56.8792492109574,57.19559097290039,1615027,0.0,0.0,0.0,-0.0011915636203175817,0.011627023576937769,1838363.85,55.799354553222656,0,8,4,2022,4,EFERT.KA
2022-04-11 00:00:00+05:00,58.243868564939945,58.4609640366479,57.31345534419754,57.89651107788086,3704900,0.0,0.0,0.0,0.01225479259953044,0.009632442152103782,1833267.75,55.98171596527099,0,11,4,2022,0,EFERT.KA
2022-04-12 00:00:00+05:00,58.188029250913736,58.429936259583336,57.68560773018847,58.25625991821289,909603,0.0,0.0,0.0,0.006213653182798984,0.00945799189660229,1830637.2,56.195090675354,0,12,4,2022,1,EFERT.KA
2022-04-13 00:00:00+05:00,58.21283360021167,58.988177693800864,57.71661621970946,58.16941452026367,3266291,0.0,0.0,0.0,-0.0014907479139777413,0.009347710706830853,1963234.9,56.415907859802246,0,13,4,2022,2,EFERT.KA
2022-04-14 00:00:00+05:00,57.99573594271374,58.8517140850763,57.99573594271374,58.622215270996094,1168290,0.0,0.0,0.0,0.007784172394836197,0.009103929674103556,1995104.85,56.67425193786621,0,14,4,2022,3,EFERT.KA
2022-04-15 00:00:00+05:00,58.92617022375778,58.92617022375778,58.30589474771823,58.44235610961914,998160,0.0,0.0,0.0,-0.0030681058459750554,0.007410541648020476,1858942.55,56.84886016845703,0,15,4,2022,4,EFERT.KA
2022-04-18 00:00:00+05:00,58.30588610716961,58.67805039117578,57.96473275297401,58.28107452392578,1216903,0.0,0.0,0.0,-0.0027596694662831434,0.007525771156634694,1596491.15,57.0085807800293,0,18,4,2022,0,EFERT.KA
2022-04-19 00:00:00+05:00,58.55399018209179,60.0488512176584,58.28106753148002,59.70770263671875,7999936,0.0,0.0,0.0,0.024478411292971236,0.00893977421418148,1856488.4,57.233740234375,0,19,4,2022,1,EFERT.KA
2022-04-20 00:00:00+05:00,59.887592312418164,60.04266116384097,58.926163540666444,59.130855560302734,2021276,0.0,0.0,0.0,-0.009661183581718857,0.009413819587028117,1957552.2,57.4300573348999,0,20,4,2022,2,EFERT.KA
2022-04-21 00:00:00+05:00,59.546432715335584,60.99167539512211,59.48440612772217,60.17911148071289,3450156,0.0,0.0,0.0,0.017727731325333673,0.009688780694992438,2062353.85,57.64126091003418,0,21,4,2022,3,EFERT.KA
2022-04-22 00:00:00+05:00,60.60090951545307,60.60090951545307,59.465809039581394,59.57125473022461,1073984,0.0,0.0,0.0,-0.01010079304150402,0.010079406840841238,2020138.9,57.797570610046385,0,22,4,2022,4,EFERT.KA
2022-04-25 00:00:00+05:00,60.16050551318969,61.748413644109384,59.62706832791341,61.38865280151367,3331907,0.0,0.0,0.0,0.030507970320909905,0.011794138705362429,2147902.0,58.045990753173825,0,25,4,2022,0,EFERT.KA
2022-04-26 00:00:00+05:00,61.40726728326715,63.51620468188496,61.28941343777315,62.654022216796875,3529401,0.0,0.0,0.0,0.020612431736765524,0.012319080099019768,2232747.6,58.35333766937256,0,26,4,2022,1,EFERT.KA
2022-04-27 00:00:00+05:00,63.631443785483775,64.21527828168512,61.82745955445202,62.33257293701172,2282966,5.5,0.0,0.0,-0.005130544989958796,0.01239276672393296,2321036.85,58.65391578674316,0,27,4,2022,2,EFERT.KA
2022-04-28 00:00:00+05:00,62.339152246240474,63.03450476686173,60.22684930076023,62.41787338256836,2105185,0.0,0.0,0.0,0.0013684730396552602,0.01234907922795352,2355425.1,58.92867565155029,0,28,4,2022,3,EFERT.KA
2022-04-29 00:00:00+05:00,62.41787338256836,62.41787338256836,62.41787338256836,62.41787338256836,0,0.0,0.0,0.0,0.0,0.01169638053183802,2257425.25,59.24034175872803,0,29,4,2022,4,EFERT.KA
2022-05-02 00:00:00+05:00,62.41787338256836,62.41787338256836,62.41787338256836,62.41787338256836,0,0.0,0.0,0.0,0.0,0.01167941533015393,2220030.65,59.55386905670166,0,2,5,2022,0,EFERT.KA
2022-05-03 00:00:00+05:00,62.41787338256836,62.41787338256836,62.41787338256836,62.41787338256836,0,0.0,0.0,0.0,0.0,0.011307857022120133,2119017.6,59.81529312133789,0,3,5,2022,1,EFERT.KA
2022-05-04 00:00:00+05:00,62.41787338256836,62.41787338256836,62.41787338256836,62.41787338256836,0,0.0,0.0,0.0,0.0,0.011342281284912588,1998307.2,60.05903930664063,0,4,5,2022,2,EFERT.KA
2022-05-05 00:00:00+05:00,62.41787338256836,62.41787338256836,62.41787338256836,62.41787338256836,0,0.0,0.0,0.0,0.0,0.011190881507632396,1933699.25,60.31674175262451,0,5,5,2022,3,EFERT.KA
2022-05-06 00:00:00+05:00,62.02426638903477,62.48346042169406,61.663467502774196,61.74874496459961,733383,0.0,0.0,0.0,-0.010720141230502356,0.011634478304284945,1889617.05,60.544399452209475,0,6,5,2022,4,EFERT.KA
2022-05-09 00:00:00+05:00,61.99146246384392,61.99146246384392,59.69548237259043,60.207157135009766,2625545,0.0,0.0,0.0,-0.02496549250472435,0.013111000737732156,1835649.3,60.65993175506592,0,9,5,2022,0,EFERT.KA
2022-05-10 00:00:00+05:00,60.22683430998496,60.86971091787943,60.20715528201133,60.344913482666016,805505,0.0,0.0,0.0,0.002288039399491071,0.013074560637566643,1830444.4,60.76436443328858,0,10,5,2022,1,EFERT.KA
2022-05-11 00:00:00+05:00,60.030041606199845,60.220280559522415,58.3900558067013,59.68236541748047,2676999,0.0,0.0,0.0,-0.010979352309053558,0.013370717722189717,1800979.8,60.84001197814941,0,11,5,2022,2,EFERT.KA
2022-05-12 00:00:00+05:00,59.682373060446295,59.682373060446295,57.98990629746386,58.83613967895508,1985288,0.0,0.0,0.0,-0.014178823721312073,0.01371363469920643,1841829.7,60.850708198547366,0,12,5,2022,3,EFERT.KA
2022-05-13 00:00:00+05:00,58.90828247573549,59.35435874187763,58.05548799478064,58.960758209228516,1844672,0.0,0.0,0.0,0.002118060956300516,0.013696195189964407,1884155.3,60.87662830352783,0,13,5,2022,4,EFERT.KA
2022-05-16 00:00:00+05:00,58.41629132880955,58.41629132880955,57.16990122373101,58.23917007446289,8319330,0.0,0.0,0.0,-0.012238447345012005,0.013977149213056598,2239276.65,60.874533081054686,0,16,5,2022,0,EFERT.KA
2022-05-17 00:00:00+05:00,58.25230233860154,58.639336616443174,57.727504838137065,58.37693786621094,4372771,0.0,0.0,0.0,0.0023655521116097145,0.012765698799603055,2057918.4,60.8079948425293,0,17,5,2022,1,EFERT.KA
2022-05-18 00:00:00+05:00,58.51469329356125,59.492128466443674,58.08173963043854,59.15100860595703,996449,0.0,0.0,0.0,0.013259872272165518,0.012978967955751196,2006677.05,60.80900249481201,0,18,5,2022,2,EFERT.KA
2022-05-19 00:00:00+05:00,59.15756608656998,60.01036067724256,58.94764811107448,59.7282829284668,1081627,0.0,0.0,0.0,0.009759331854429787,0.012523572344534798,1888250.6,60.78646106719971,0,19,5,2022,3,EFERT.KA
2022-05-20 00:00:00+05:00,59.69547273316492,60.016908492681,59.46587576208201,59.59707260131836,883854,0.0,0.0,0.0,-0.0021967871955331786,0.012321147372239598,1878744.1,60.78775196075439,0,20,5,2022,4,EFERT.KA
2022-05-23 00:00:00+05:00,59.20348538349213,59.20348538349213,58.33101176615291,58.40317153930664,1100062,0.0,0.0,0.0,-0.020032880977199352,0.010849971676701067,1767151.85,60.638477897644044,0,23,5,2022,0,EFERT.KA
2022-05-24 00:00:00+05:00,58.28509328520363,58.678688869173314,57.73406046861394,57.85869598388672,1357271,0.0,0.0,0.0,-0.009322705275576992,0.009481989183168067,1658545.35,60.398711585998534,0,24,5,2022,1,EFERT.KA
2022-05-25 00:00:00+05:00,57.72749865364947,57.72749865364947,54.46720616754975,55.71359634399414,5985362,0.0,0.0,0.0,-0.03707480100294647,0.012040174712021866,1843665.15,60.067762756347655,0,25,5,2022,2,EFERT.KA
2022-05-26 00:00:00+05:00,55.438079133684674,56.74350637612729,55.01824318631781,56.34334945678711,1995143,0.0,0.0,0.0,0.01130340085936421,0.012534457929463038,1838163.05,59.76403656005859,0,26,5,2022,3,EFERT.KA
2022-05-27 00:00:00+05:00,56.74350850981072,57.98989871504035,56.74350850981072,57.13054275512695,1749331,0.0,0.0,0.0,0.013971361410517247,0.01320118049922534,1925629.6,59.49967002868652,0,27,5,2022,4,EFERT.KA
2022-05-30 00:00:00+05:00,57.727500824864364,57.92430112506676,57.104308215622666,57.26174545288086,685100,0.0,0.0,0.0,0.0022965421196201596,0.013250741154718757,1959884.6,59.24186363220215,0,30,5,2022,0,EFERT.KA
2022-05-31 00:00:00+05:00,56.78286358939793,57.261741618576515,56.42206973630537,56.881263732910156,1121003,0.0,0.0,0.0,-0.006644605695503847,0.013222704739626652,2015934.75,58.96503314971924,0,31,5,2022,1,EFERT.KA
2022-06-01 00:00:00+05:00,57.0387040130907,60.1874787450107,56.776310289463595,58.64589309692383,4254807,0.0,0.0,0.0,0.031023033740945172,0.015421362640561466,2228675.1,58.776434135437015,0,1,6,2022,2,EFERT.KA
2022-06-02 00:00:00+05:00,58.44908803917219,58.8098868870346,57.99645539939095,58.23917007446289,1121689,0.0,0.0,0.0,-0.006935234523391953,0.015428362285492776,2284759.55,58.567498970031735,0,2,6,2022,3,EFERT.KA
2022-06-03 00:00:00+05:00,57.9898917651709,57.9898917651709,56.4023869069502,57.2682991027832,1135695,0.0,0.0,0.0,-0.016670412206052365,0.015634062144349307,2304875.15,58.34347667694092,0,3,6,2022,4,EFERT.KA
2022-06-06 00:00:00+05:00,56.84190009637179,57.9898899800066,56.67790154156681,57.688133239746094,700936,0.0,0.0,0.0,0.007331004125151086,0.0149695528268018,2208644.7,58.217525482177734,0,6,6,2022,0,EFERT.KA
2022-06-07 00:00:00+05:00,57.989892005273155,58.048929084742205,57.471655953409666,57.629093170166016,438590,0.0,0.0,0.0,-0.0010234352589416629,0.014937582587055409,2190298.95,58.08173446655273,0,7,6,2022,1,EFERT.KA
2022-06-08 00:00:00+05:00,57.91117199721163,58.12108995849695,57.41261496234438,58.02268981933594,584337,0.0,0.0,0.0,0.006829825484286456,0.014917079152577653,2085665.85,57.99875068664551,0,8,6,2022,2,EFERT.KA
2022-06-09 00:00:00+05:00,58.02270012955265,58.416300756136735,57.497907635506984,57.734066009521484,610623,0.0,0.0,0.0,-0.004974326607627755,0.014638308715787385,2016932.6,57.94364700317383,0,9,6,2022,3,EFERT.KA
2022-06-10 00:00:00+05:00,58.022690636833005,58.38348948389381,57.497898228645255,58.25229263305664,464947,0.0,0.0,0.0,0.008976097811120631,0.01479084664140654,1947946.35,57.908223724365236,0,10,6,2022,4,EFERT.KA
2022-06-13 00:00:00+05:00,58.383491451722335,58.44908987935193,57.602856649864236,57.7209358215332,730586,0.0,0.0,0.0,-0.009121646333656974,0.014676635417615838,1568509.15,57.88231201171875,0,13,6,2022,0,EFERT.KA
2022-06-14 00:00:00+05:00,58.05550285272259,58.18014338694954,57.59630878689693,58.035823822021484,658487,0.0,0.0,0.0,0.00545535161560573,0.014722847677937597,1382794.95,57.86525630950928,0,14,6,2022,1,EFERT.KA
2022-06-15 00:00:00+05:00,58.18669218456688,58.54749105011677,57.89149675263647,58.31133270263672,294629,0.0,0.0,0.0,0.004747220983028377,0.014433776370866404,1347703.95,57.82327251434326,0,15,6,2022,2,EFERT.KA
2022-06-16 00:00:00+05:00,57.95708875222648,59.36747733632233,57.89149033072316,58.79676055908203,1454325,0.0,0.0,0.0,0.008324760110025142,0.014382981957806188,1366338.85,57.776696395874026,0,16,6,2022,3,EFERT.KA
2022-06-17 00:00:00+05:00,58.9082946873574,59.17068842373249,58.51469407311533,58.718055725097656,1014050,0.0,0.0,0.0,-0.0013385913311548814,0.014379520099483028,1372848.65,57.73274555206299,0,17,6,2022,4,EFERT.KA
2022-06-20 00:00:00+05:00,58.9738931029346,59.07884959648375,58.396614871475336,58.435977935791016,675735,0.0,0.0,0.0,-0.00480393612873109,0.013685223985034469,1351632.3,57.734385871887206,0,20,6,2022,0,EFERT.KA
2022-06-21 00:00:00+05:00,58.44909396882117,59.793884351094455,58.44909396882117,59.40684509277344,1297551,0.0,0.0,0.0,0.016614202265070377,0.013969538569752091,1348646.3,57.81179332733154,0,21,6,2022,1,EFERT.KA
2022-06-22 00:00:00+05:00,59.82666947648315,60.41706526177737,59.688911294054265,59.80043411254883,1974175,0.0,0.0,0.0,0.006625314290983342,0.010657519567492904,1148086.95,58.01613521575928,0,22,6,2022,2,EFERT.KA
2022-06-23 00:00:00+05:00,59.72828979527102,60.305563043041396,59.72828979527102,60.062843322753906,1689519,0.0,0.0,0.0,0.0043880820281538835,0.010505511380474035,1132805.75,58.20210990905762,0,23,6,2022,3,EFERT.KA
2022-06-24 00:00:00+05:00,60.02348096216908,60.15467782572434,55.759517833708976,57.832462310791016,3874324,0.0,0.0,0.0,-0.03713412300476193,0.013538739225553728,1239055.4,58.23720588684082,0,24,6,2022,4,EFERT.KA
2022-06-27 00:00:00+05:00,58.31789980916404,60.22028446079306,57.957100907964815,58.4490966796875,1046162,0.0,0.0,0.0,0.010662426330435348,0.01371875877564213,1257108.5,58.29657344818115,0,27,6,2022,0,EFERT.KA
2022-06-28 00:00:00+05:00,58.71148660011656,58.93452224744789,57.74717423172028,58.06205368041992,1143800,0.0,0.0,0.0,-0.006621881624427006,0.013718083081102004,1258248.35,58.35561294555664,0,28,6,2022,1,EFERT.KA
2022-06-29 00:00:00+05:00,58.121095608072,58.678689777732586,57.5635014384114,58.36381530761719,2069644,0.0,0.0,0.0,0.005197226210051031,0.011842151528054248,1148990.2,58.34150905609131,0,29,6,2022,2,EFERT.KA
2022-06-30 00:00:00+05:00,58.062053785101774,58.875485272187085,57.89149387488034,58.14733123779297,2437595,0.0,0.0,0.0,-0.003709217238167195,0.011766936408399622,1214785.5,58.336917114257815,0,30,6,2022,3,EFERT.KA
2022-07-01 00:00:00+05:00,59.05259994710438,60.12187377343225,59.05259994710438,59.5052375793457,1903952,0.0,0.0,0.0,0.023352857519798986,0.012180873851808535,1253198.35,58.44876403808594,0,1,7,2022,4,EFERT.KA
2022-07-04 00:00:00+05:00,59.301885641697254,59.695481220203256,58.39005396630327,58.868927001953125,636553,0.0,0.0,0.0,-0.010693354119359788,0.012429075133817424,1249979.2,58.507803726196286,0,4,7,2022,0,EFERT.KA
2022-07-05 00:00:00+05:00,58.908291793318995,59.019809626283745,58.0226954596215,58.17357635498047,1653327,0.0,0.0,0.0,-0.011811845100380136,0.012755343379604123,1310716.05,58.53502788543701,0,5,7,2022,1,EFERT.KA
2022-07-06 00:00:00+05:00,58.7049291474889,58.7049291474889,58.022694467449035,58.15389633178711,1784127,0.0,0.0,0.0,-0.0003382983207577128,0.01266997110487096,1370705.55,58.54158821105957,0,6,7,2022,2,EFERT.KA
2022-07-07 00:00:00+05:00,58.51468935055887,59.03948679063356,57.66846111081838,58.882049560546875,2396926,0.0,0.0,0.0,0.012521142600753876,0.012896600661897266,1460020.7,58.59898738861084,0,7,7,2022,3,EFERT.KA
2022-07-08 00:00:00+05:00,58.882049560546875,58.882049560546875,58.882049560546875,58.882049560546875,0,0.0,0.0,0.0,0.0,0.012762273211919887,1436773.35,58.630475234985354,0,8,7,2022,4,EFERT.KA
2022-07-11 00:00:00+05:00,58.882049560546875,58.882049560546875,58.882049560546875,58.882049560546875,0,0.0,0.0,0.0,0.0,0.01255731730948351,1400244.05,58.688530921936035,0,11,7,2022,0,EFERT.KA
2022-07-12 00:00:00+05:00,58.882049560546875,58.882049560546875,58.882049560546875,58.882049560546875,0,0.0,0.0,0.0,0.0,0.012516271638926187,1367319.7,58.730842208862306,0,12,7,2022,1,EFERT.KA
2022-07-13 00:00:00+05:00,58.77708433275736,58.96076192365101,58.186688501428485,58.58684539794922,971263,0.0,0.0,0.0,-0.005013483137914609,0.012544487027875773,1401151.4,58.74461784362793,0,13,7,2022,2,EFERT.KA
2022-07-14 00:00:00+05:00,59.039486872297736,59.69548117087882,58.71148972300719,59.446205139160156,1216318,0.0,0.0,0.0,0.014668134721604664,0.012834602026697407,1389251.05,58.777090072631836,0,14,7,2022,3,EFERT.KA
2022-07-15 00:00:00+05:00,59.564278707370754,59.564278707370754,59.03948131596002,59.28875732421875,705845,0.0,0.0,0.0,-0.0026485763821733066,0.012848502785389562,1373840.8,58.80562515258789,0,15,7,2022,4,EFERT.KA
2022-07-18 00:00:00+05:00,58.58029383860247,59.16412837365355,58.58029383860247,58.89516830444336,1366653,0.0,0.0,0.0,-0.006638510192127356,0.012895296852920403,1408386.7,58.82858467102051,0,18,7,2022,0,EFERT.KA
2022-07-19 00:00:00+05:00,58.87549974707797,59.03949835361579,56.90751646862411,57.56351089477539,1637769,0.0,0.0,0.0,-0.02261063934454366,0.013287736734435085,1425397.6,58.73641796112061,0,19,7,2022,1,EFERT.KA
2022-07-20 00:00:00+05:00,57.727500671264295,57.727500671264295,56.094076201352905,56.42207336425781,1997248,0.0,0.0,0.0,-0.019829185412336914,0.013746153181958997,1426551.25,58.56749992370605,0,20,7,2022,2,EFERT.KA
2022-07-21 00:00:00+05:00,56.15310321869554,56.736937663582985,53.87024617696092,54.4015998840332,2383588,0.0,0.0,0.0,-0.03580998286221326,0.015468698326522264,1461254.7,58.28443775177002,0,21,7,2022,3,EFERT.KA
2022-07-22 00:00:00+05:00,54.77551396996832,55.75950523888991,53.922719534967584,55.64142608642578,1669421,0.0,0.0,0.0,0.022790252585135118,0.014663331128539491,1351009.55,58.17488594055176,0,22,7,2022,4,EFERT.KA
2022-07-25 00:00:00+05:00,55.424952672986954,56.34990696600466,55.03791846856492,56.153106689453125,287546,0.0,0.0,0.0,0.00919603682034631,0.014601130828364547,1313078.75,58.06008644104004,0,25,7,2022,0,EFERT.KA
2022-07-26 00:00:00+05:00,55.62832654804316,56.97311205126555,55.62832654804316,56.179359436035156,875061,0.0,0.0,0.0,0.0004675208217279625,0.014566477259955109,1299641.8,57.9659517288208,0,26,7,2022,1,EFERT.KA
2022-07-27 00:00:00+05:00,56.70415094042679,56.7500703428908,54.51312729681987,55.110084533691406,1956832,0.0,0.0,0.0,-0.019033234146452083,0.014977990617360559,1294001.2,57.80326519012451,0,27,7,2022,2,EFERT.KA
2022-07-28 00:00:00+05:00,55.739844230618246,56.743514848552344,51.36436284172385,52.7157096862793,8106151,0.0,0.0,0.0,-0.043447127103358296,0.017529354317498205,1577429.0,57.53168411254883,0,28,7,2022,3,EFERT.KA
2022-07-29 00:00:00+05:00,52.24995233219108,52.47954935967168,51.63331602566619,51.82355499267578,3097627,0.0,0.0,0.0,-0.016923886615828332,0.01640939927320668,1637112.75,57.14759998321533,0,29,7,2022,4,EFERT.KA
2022-08-01 00:00:00+05:00,51.495549947658354,52.0203473630733,50.511558547384624,50.70179748535156,2314076,0.0,0.0,0.0,-0.02164570739083327,0.016727323787084955,1720988.9,56.739243507385254,0,1,8,2022,0,EFERT.KA
2022-08-02 00:00:00+05:00,50.51155807267593,53.06993669031174,50.183560942333884,52.1646614074707,4253520,0.0,0.0,0.0,0.02885230888592827,0.0185254512938409,1850998.55,56.43879776000976,0,2,8,2022,1,EFERT.KA
2022-08-03 00:00:00+05:00,52.47954456443641,53.1158598430545,52.21714584064635,52.36802673339844,977458,0.0,0.0,0.0,0.003898526712158512,0.018608876703505705,1810665.1,56.14950428009033,0,3,8,2022,2,EFERT.KA
2022-08-04 00:00:00+05:00,52.479538017353505,53.44385032919658,52.479538017353505,52.860015869140625,1254257,0.0,0.0,0.0,0.009394838156626895,0.018466000948237023,1753531.65,55.84840259552002,0,4,8,2022,3,EFERT.KA
2022-08-05 00:00:00+05:00,52.61074531110965,52.87314405428731,51.9285155856234,52.55170822143555,1707895,0.0,0.0,0.0,-0.005832530366020272,0.01842529118122071,1838926.4,55.53188552856445,0,5,8,2022,4,EFERT.KA
2022-08-08 00:00:00+05:00,52.551708221435554,52.551708221435554,52.551708221435554,52.55170822143555,0,0.0,0.0,0.0,0.0,0.01842529118122071,1838926.4,55.21536846160889,0,8,8,2022,0,EFERT.KA
2022-08-09 00:00:00+05:00,52.551708221435554,52.551708221435554,52.551708221435554,52.55170822143555,0,0.0,0.0,0.0,0.0,0.01842529118122071,1838926.4,54.89885139465332,0,9,8,2022,1,EFERT.KA
2022-08-10 00:00:00+05:00,52.57794657630119,53.13554075610724,52.15154926062377,52.420509338378906,1986954,0.0,0.0,0.0,-0.0024965674284803674,0.018437439745553945,1889710.95,54.5905345916748,0,10,8,2022,2,EFERT.KA
2022-08-11 00:00:00+05:00,52.47954451746435,53.135538823932656,51.20035762178691,51.51523208618164,1735239,0.0,0.0,0.0,-0.01726952415425087,0.01798701655884916,1915657.0,54.19398593902588,0,11,8,2022,3,EFERT.KA
2022-08-12 00:00:00+05:00,51.823555925659534,52.40082917726628,51.42996029934403,52.131874084472656,959333,0.0,0.0,0.0,0.011970090657058785,0.018462994965182136,1928331.4,53.83614177703858,0,12,8,2022,4,EFERT.KA
2022-08-15 00:00:00+05:00,52.053155019347564,52.60419292189045,51.82355797863808,52.53858947753906,1295799,0.0,0.0,0.0,0.0078016645326692835,0.01872738874134787,1924788.7,53.51831283569336,0,15,8,2022,0,EFERT.KA
2022-08-16 00:00:00+05:00,52.53858271197993,53.03713979677699,52.479545625474216,52.57138442993164,2053633,0.0,0.0,0.0,0.000624206944242367,0.018328221745879582,1945581.9,53.268706512451175,0,16,8,2022,1,EFERT.KA
2022-08-17 00:00:00+05:00,52.51234727824599,52.774741002176086,52.47954556033499,52.577945709228516,1745612,0.0,0.0,0.0,0.0001248070479411556,0.017981927206618474,1933000.1,53.07650012969971,0,17,8,2022,2,EFERT.KA
2022-08-18 00:00:00+05:00,52.47298431396484,52.728821698663005,52.315547078344316,52.472984313964844,849984,0.0,0.0,0.0,-0.0019963008034612484,0.016280117216064295,1856319.9,52.98006935119629,0,18,8,2022,3,EFERT.KA
2022-08-19 00:00:00+05:00,52.28273855939346,52.77473423594298,52.217140136821286,52.5123405456543,429225,0.0,0.0,0.0,0.0007500284613881636,0.015250179371007153,1794310.1,52.823615074157715,0,19,8,2022,4,EFERT.KA
2022-08-22 00:00:00+05:00,52.190900716866196,52.4795397872445,51.83010688373225,52.15154266357422,402994,0.0,0.0,0.0,-0.006870725591947235,0.015007453337140653,1800082.5,52.62353687286377,0,22,8,2022,0,EFERT.KA
2022-08-23 00:00:00+05:00,52.21058293267458,53.85712999542979,52.21058293267458,53.7193717956543,2763194,0.0,0.0,0.0,0.030062948323389627,0.01678190456152949,1894489.15,52.50053749084473,0,23,8,2022,1,EFERT.KA
2022-08-24 00:00:00+05:00,53.75873363847041,54.08017446543018,53.463538190275884,53.62753677368164,1694123,0.0,0.0,0.0,-0.0017095326863090232,0.016302226667182982,1881353.7,52.42641010284424,0,24,8,2022,2,EFERT.KA
2022-08-25 00:00:00+05:00,53.66033365399389,53.66033365399389,53.1355362324782,53.22737503051758,994247,0.0,0.0,0.0,-0.007461870658964309,0.013061992915780635,1525758.5,52.45199337005615,0,25,8,2022,3,EFERT.KA
2022-08-26 00:00:00+05:00,53.23394681171148,53.75873933127932,52.78787041741677,52.83378982543945,1106280,0.0,0.0,0.0,-0.007394413210353945,0.01255445826672723,1426191.15,52.50250511169433,0,26,8,2022,4,EFERT.KA
2022-08-29 00:00:00+05:00,53.1355391908271,55.20192227143826,52.1515477243303,54.526248931884766,6608766,0.0,0.0,0.0,0.032033649526886476,0.013172046326662204,1640925.65,52.693727684021,0,29,8,2022,0,EFERT.KA
2022-08-30 00:00:00+05:00,55.35935451981934,55.75951141388256,53.66033180964844,53.84400939941406,655587,0.0,0.0,0.0,-0.012512130319526804,0.012232805546535247,1461029.0,52.77769508361816,0,30,8,2022,1,EFERT.KA
2022-08-31 00:00:00+05:00,53.844010816975214,55.75951288187348,53.48321196698039,55.16255569458008,1562697,0.0,0.0,0.0,0.024488263594656612,0.013255150751986772,1490290.95,52.91742153167725,0,31,8,2022,2,EFERT.KA
2022-09-01 00:00:00+05:00,55.595517077189854,55.66111550640156,54.454088393420264,54.5787239074707,491356,0.0,0.0,0.0,-0.010583842241499664,0.013473908626549345,1452145.9,53.00335693359375,0,1,9,2022,3,EFERT.KA
2022-09-02 00:00:00+05:00,54.77551748911959,55.070712886826065,54.513118799581214,54.89359664916992,530962,0.0,0.0,0.0,0.005769148106742783,0.013382593513522258,1393299.25,53.12045135498047,0,2,9,2022,4,EFERT.KA
2022-09-05 00:00:00+05:00,54.500009617905185,54.90672289552987,54.447528870844096,54.53936767578125,584030,0.0,0.0,0.0,-0.006453010824788552,0.013517226998183689,1422500.75,53.219834327697754,0,5,9,2022,0,EFERT.KA
2022-09-06 00:00:00+05:00,54.447535572841474,55.0838509459732,53.85713960783059,53.948978424072266,320823,0.0,0.0,0.0,-0.010825010939229385,0.013812654729020933,1438541.9,53.28969783782959,0,6,9,2022,1,EFERT.KA
2022-09-07 00:00:00+05:00,54.38192132457916,54.38192132457916,52.90593434354025,53.122413635253906,561902,0.0,0.0,0.0,-0.01532123152214393,0.01429254214848821,1367289.3,53.32479305267334,0,7,9,2022,2,EFERT.KA
2022-09-08 00:00:00+05:00,53.39793378084249,53.39793378084249,52.249943825501205,52.84033966064453,1888277,0.0,0.0,0.0,-0.0053098862665792446,0.013737873205795257,1374941.2,53.391048431396484,0,8,9,2022,3,EFERT.KA
2022-09-09 00:00:00+05:00,53.00434611859894,53.72593891129843,52.47954863035944,53.194580078125,7325569,0.0,0.0,0.0,0.006703976919064214,0.013573279842937656,1693253.0,53.4441837310791,0,9,9,2022,4,EFERT.KA
2022-09-12 00:00:00+05:00,53.588185395506386,53.62754345888147,52.879710225713644,53.509464263916016,1526322,0.0,0.0,0.0,0.0059194787387841785,0.01353079840941642,1704779.15,53.49272747039795,0,12,9,2022,0,EFERT.KA
2022-09-13 00:00:00+05:00,53.18146422223401,53.6537809769266,52.81410897073531,53.15522384643555,495223,0.0,0.0,0.0,-0.006620145096824515,0.013637982746030761,1626858.65,53.52191944122315,0,13,9,2022,1,EFERT.KA
2022-09-14 00:00:00+05:00,53.155219228121176,53.78497317804938,52.84034475557683,53.68657302856445,1522037,0.0,0.0,0.0,0.009996179936405891,0.013796077051438317,1615679.9,53.577350807189944,0,14,9,2022,2,EFERT.KA
2022-09-15 00:00:00+05:00,53.660327793867836,53.85712305181529,52.49265390875649,52.80097198486328,1320236,0.0,0.0,0.0,-0.016495764094124232,0.014339456529293079,1639192.5,53.593750190734866,0,15,9,2022,3,EFERT.KA
2022-09-16 00:00:00+05:00,52.8075466028136,53.69313799829034,52.472988073912674,52.761627197265625,1707796,0.0,0.0,0.0,-0.000745152714403341,0.014341478618824899,1703121.05,53.60621452331543,0,16,9,2022,4,EFERT.KA
2022-09-19 00:00:00+05:00,52.761619437234984,53.12897462758928,51.83666511244263,52.29586410522461,1394724,0.0,0.0,0.0,-0.008827686270926005,0.014399775829877188,1752707.55,53.61343059539795,0,19,9,2022,0,EFERT.KA
2022-09-20 00:00:00+05:00,52.400827350941384,52.466430790407436,51.88915255408063,51.98099136352539,423927,0.0,0.0,0.0,-0.00602098745448898,0.012615980039898745,1635744.2,53.5265115737915,0,20,9,2022,1,EFERT.KA
2022-09-21 00:00:00+05:00,51.994109922982865,52.31554573050493,50.83955854688567,50.96419906616211,1596247,0.0,0.0,0.0,-0.019560848508109796,0.013242410723887061,1630850.4,53.393344688415525,0,21,9,2022,2,EFERT.KA
2022-09-22 00:00:00+05:00,51.00356091276873,51.167559500912674,50.117969537759336,50.87236404418945,1127403,0.0,0.0,0.0,-0.001801951637725785,0.01319029153220999,1637508.2,53.27559413909912,0,22,9,2022,3,EFERT.KA
2022-09-23 00:00:00+05:00,51.06915462751647,51.22659185623002,50.55747988056798,51.128196716308594,638898,0.0,0.0,0.0,0.0050289125918527855,0.013224191129183665,1614139.1,53.19031448364258,0,23,9,2022,4,EFERT.KA
2022-09-26 00:00:00+05:00,51.364345312815594,51.364345312815594,50.51155089320282,50.60995101928711,617296,0.0,0.0,0.0,-0.010136201358656116,0.010709242946482156,1314565.6,52.994499588012694,0,26,9,2022,0,EFERT.KA
2022-09-27 00:00:00+05:00,50.609962845410074,52.57794580760485,50.41316254725481,52.472984313964844,1743765,0.0,0.0,0.0,0.036811600429483615,0.013798456559779765,1368974.5,52.92594833374024,0,27,9,2022,1,EFERT.KA
2022-09-28 00:00:00+05:00,52.77473899376861,52.77473899376861,51.1675549740825,51.29875183105469,652294,0.0,0.0,0.0,-0.02237784830160028,0.013171775362089752,1323454.35,52.732758140563966,0,28,9,2022,2,EFERT.KA
2022-09-29 00:00:00+05:00,51.29874986469327,51.954744134087505,51.04291250001665,51.16099166870117,308894,0.0,0.0,0.0,-0.00268544862080089,0.013067542507802933,1314331.25,52.56187152862549,0,29,9,2022,3,EFERT.KA
2022-09-30 00:00:00+05:00,51.167554008380606,51.69235143604326,50.83955686730124,51.18067169189453,956307,0.0,0.0,0.0,0.00038466852481677805,0.012928897938288159,1335598.5,52.376225280761716,0,30,9,2022,4,EFERT.KA
2022-10-03 00:00:00+05:00,51.18067537588785,51.56115328808818,50.95107836157371,51.19379806518555,677898,0.0,0.0,0.0,0.0002564712977983774,0.012933016425910753,1340291.9,52.208946800231935,0,3,10,2022,0,EFERT.KA
2022-10-04 00:00:00+05:00,51.23316382504889,51.45620453308244,50.97076505288484,51.1872444152832,980531,0.0,0.0,0.0,-0.00012801648148863531,0.012816584319549929,1373277.3,52.07086009979248,0,4,10,2022,1,EFERT.KA
2022-10-05 00:00:00+05:00,51.659555535285136,52.54514691492207,51.22659685799967,52.45330810546875,1810380,0.0,0.0,0.0,0.02473396848468634,0.01380663570549346,1435701.2,52.03740482330322,0,5,10,2022,2,EFERT.KA
2022-10-06 00:00:00+05:00,52.643542491763846,54.84112239232133,52.53202466210161,54.31632995605469,2441737,0.0,0.0,0.0,0.035517718860361036,0.01592120087386516,1463374.2,52.11120433807373,0,6,10,2022,3,EFERT.KA
2022-10-07 00:00:00+05:00,54.30320440322502,54.841119499809416,53.463532545614164,53.765289306640625,1124616,0.0,0.0,0.0,-0.010145027284794272,0.016076232259119118,1153326.55,52.13973979949951,0,7,10,2022,4,EFERT.KA
2022-10-10 00:00:00+05:00,54.05393801107828,54.05393801107828,52.82722671650937,52.86658477783203,826029,0.0,0.0,0.0,-0.0167153295443645,0.016477840605397896,1118311.9,52.10759582519531,0,10,10,2022,0,EFERT.KA
2022-10-11 00:00:00+05:00,53.06993686876838,53.90960872449333,52.676341312002194,53.48977279663086,1613954,0.0,0.0,0.0,0.011787937908562363,0.01663002390843263,1174248.45,52.12432327270508,0,11,10,2022,1,EFERT.KA
2022-10-12 00:00:00+05:00,53.5291317961954,54.447524781428285,53.14209757657791,53.22737503051758,1582544,0.0,0.0,0.0,-0.004905568904001956,0.01651293379827417,1177273.8,52.10136337280274,0,12,10,2022,2,EFERT.KA
2022-10-13 00:00:00+05:00,53.33889378843823,53.52913273194226,53.148654844934185,53.25361633300781,515419,0.0,0.0,0.0,0.000493003881465004,0.0160669643928957,1137032.95,52.12399559020996,0,13,10,2022,3,EFERT.KA
2022-10-14 00:00:00+05:00,53.13553328853642,53.46353040760146,52.87313459231662,52.971534729003906,621314,0.0,0.0,0.0,-0.005296947389262341,0.016118405128897697,1082708.85,52.134490966796875,0,14,10,2022,4,EFERT.KA
2022-10-17 00:00:00+05:00,53.12897687469491,53.39793693960799,53.03713807322199,53.2667350769043,372411,0.0,0.0,0.0,0.005572810933468286,0.01600950696330258,1031593.2,52.18303451538086,0,17,10,2022,0,EFERT.KA
2022-10-18 00:00:00+05:00,53.207697797461,53.46353517274713,53.13553802444807,53.28641891479492,621538,0.0,0.0,0.0,0.0003695334032056685,0.01592469736939116,1041473.75,52.24830589294434,0,18,10,2022,1,EFERT.KA
2022-10-19 00:00:00+05:00,53.59472727863636,53.66033070635147,53.240494794136794,53.45041275024414,771697,0.0,0.0,0.0,0.003077591603809049,0.015144843183789032,1000246.25,52.372616577148435,0,19,10,2022,2,EFERT.KA
2022-10-20 00:00:00+05:00,53.20769799231712,53.712811400418204,53.13553821903992,53.2667350769043,1011612,0.0,0.0,0.0,-0.003436412627870755,0.015173616325834591,994456.7,52.49233512878418,0,20,10,2022,3,EFERT.KA
2022-10-21 00:00:00+05:00,53.20114422453108,53.857138616954,52.814109935324765,53.647220611572266,1728061,0.0,0.0,0.0,0.007143023391965819,0.015200158900811505,1048914.85,52.618286323547366,0,21,10,2022,4,EFERT.KA
2022-10-24 00:00:00+05:00,54.47800958410687,54.98192971804006,53.64721910668078,54.736778259277344,2087076,3.0,0.0,0.0,0.020309675604518684,0.015389737267216203,1122403.85,52.82462768554687,0,24,10,2022,0,EFERT.KA
2022-10-25 00:00:00+05:00,54.38947230165151,55.66970336495059,54.38947230165151,55.21345138549805,3741384,0.0,0.0,0.0,0.008708461502114684,0.013393384198393326,1222284.8,52.96165103912354,0,25,10,2022,1,EFERT.KA
2022-10-26 00:00:00+05:00,54.98873816900959,55.329225711851755,54.54610332422926,55.022789001464844,2808617,0.0,0.0,0.0,-0.0034531872079868187,0.012143562283647618,1330100.95,53.14785289764404,0,26,10,2022,2,EFERT.KA
2022-10-27 00:00:00+05:00,54.954689896905315,56.07829987971921,54.85254778563591,55.799102783203125,2102416,0.0,0.0,0.0,0.014108950051906932,0.012267575879249055,1419777.05,53.37975845336914,0,27,10,2022,3,EFERT.KA
2022-10-28 00:00:00+05:00,55.79910505566519,55.805911066408434,55.16579796286381,55.34965896606445,397000,0.0,0.0,0.0,-0.008054678206653287,0.012555421217299674,1391811.7,53.58820781707764,0,28,10,2022,4,EFERT.KA
2022-10-31 00:00:00+05:00,54.832107400753245,55.49946521944124,54.832107400753245,54.97511672973633,222984,0.0,0.0,0.0,-0.006766839097559041,0.012762070786438533,1369066.0,53.77727375030518,0,31,10,2022,0,EFERT.KA
2022-11-01 00:00:00+05:00,54.920641699526676,55.28836886924753,54.82530560316508,55.022789001464844,437638,0.0,0.0,0.0,0.0008671609005010961,0.012748514310292523,1341921.35,53.96905097961426,0,1,11,2022,1,EFERT.KA
2022-11-02 00:00:00+05:00,55.45861094497591,55.826338103453196,54.95468565626957,55.50627899169922,395429,0.0,0.0,0.0,0.00878708620570845,0.011828976441530673,1271173.8,54.121699523925784,0,2,11,2022,2,EFERT.KA
2022-11-03 00:00:00+05:00,55.41775212733379,55.83995856242809,55.19303429140032,55.51308822631836,168083,0.0,0.0,0.0,0.00012267503321838902,0.00900180283481848,1157491.1,54.18153743743896,0,3,11,2022,3,EFERT.KA
2022-11-04 00:00:00+05:00,55.19303429140032,55.771862091071654,55.02279051529536,55.51308822631836,372681,0.0,0.0,0.0,0.0,0.008610421073295503,1119894.35,54.26892738342285,0,4,11,2022,4,EFERT.KA
2022-11-07 00:00:00+05:00,55.68332412202683,55.68332412202683,55.043211147352885,55.281551361083984,380474,0.0,0.0,0.0,-0.0041708518230950675,0.007601000718368819,1097616.6,54.38967571258545,0,7,11,2022,0,EFERT.KA
2022-11-08 00:00:00+05:00,55.19303429140032,55.771862091071654,55.19303429140032,55.51308822631836,242449,0.0,0.0,0.0,0.004188320688072622,0.007283096283358798,1029041.35,54.490841484069826,0,8,11,2022,1,EFERT.KA
2022-11-09 00:00:00+05:00,55.51308822631835,55.51308822631835,55.51308822631835,55.51308822631836,0,0.0,0.0,0.0,0.0,0.0071232837670406335,949914.15,54.60512714385986,0,9,11,2022,2,EFERT.KA
2022-11-10 00:00:00+05:00,55.36327279852594,55.894432498153975,55.36327279852594,55.812713623046875,542505,0.0,0.0,0.0,0.005397382965022457,0.0071483920462209055,951268.45,54.73308200836182,0,10,11,2022,3,EFERT.KA
2022-11-11 00:00:00+05:00,55.60161828446792,55.83314732603836,55.499470979775424,55.64247512817383,724860,0.0,0.0,0.0,-0.003050174123817362,0.007038308343984615,956445.75,54.86662902832031,0,11,11,2022,4,EFERT.KA
2022-11-14 00:00:00+05:00,55.56755703908337,55.56755703908337,55.19302391929295,55.42455291748047,327928,0.0,0.0,0.0,-0.00391647226675973,0.007138403659560033,954221.6,54.974519920349124,0,14,11,2022,0,EFERT.KA
2022-11-15 00:00:00+05:00,55.27473699911664,55.63565290149861,55.26111978572136,55.56074523925781,318657,0.0,0.0,0.0,0.00245725611860359,0.007128385748118382,939077.55,55.088236236572264,0,15,11,2022,1,EFERT.KA
2022-11-16 00:00:00+05:00,55.2679350708058,55.77185513046498,55.2679350708058,55.622039794921875,790308,0.0,0.0,0.0,0.0011031989473884174,0.007128038693594886,940008.1,55.196817588806155,0,16,11,2022,2,EFERT.KA
2022-11-17 00:00:00+05:00,55.66970898486848,55.66970898486848,55.46541439666138,55.519893646240234,1021548,0.0,0.0,0.0,-0.0018364329869643425,0.007072371314985045,940504.9,55.30947551727295,0,17,11,2022,3,EFERT.KA
2022-11-18 00:00:00+05:00,55.519890536486244,55.63565503878676,55.22707108068518,55.628849029541016,541115,0.0,0.0,0.0,0.001962456628519904,0.0069719984323732415,881157.6,55.40855693817139,0,18,11,2022,4,EFERT.KA
2022-11-21 00:00:00+05:00,55.62885866236378,55.83314807907635,55.29517711617265,55.49266052246094,743223,0.0,0.0,0.0,-0.0024481633083538457,0.005500468847462732,813964.95,55.446351051330566,0,21,11,2022,0,EFERT.KA
2022-11-22 00:00:00+05:00,55.329220328749564,55.69694746269343,55.329220328749564,55.622039794921875,506167,0.0,0.0,0.0,0.002331466382091474,0.005187763125846303,652204.1,55.466780471801755,0,22,11,2022,1,EFERT.KA
2022-11-23 00:00:00+05:00,55.76504548789044,55.76504548789044,55.46541480840965,55.567562103271484,498109,0.0,0.0,0.0,-0.0009794263542158843,0.0051205795710513955,536678.7,55.49401912689209,0,23,11,2022,2,EFERT.KA
2022-11-24 00:00:00+05:00,55.24070035392309,55.737809252829386,55.09088500507104,55.64928436279297,813753,0.0,0.0,0.0,0.0014706828305621755,0.004013587771097737,472245.55,55.48652820587158,0,24,11,2022,3,EFERT.KA
2022-11-25 00:00:00+05:00,55.6697086647338,55.73780512860217,55.49946490734929,55.717376708984375,230116,0.0,0.0,0.0,0.001223597876793825,0.0035595405426140053,463901.35,55.504914093017575,0,25,11,2022,4,EFERT.KA
2022-11-28 00:00:00+05:00,55.15898155636047,55.32922532659615,54.64825024565343,54.845733642578125,2330439,0.0,0.0,0.0,-0.015644007630849166,0.004821698290901869,569274.1,55.49844493865967,0,28,11,2022,0,EFERT.KA
2022-11-29 00:00:00+05:00,54.954682193403286,55.329220533648055,54.55972062919538,55.30879211425781,703161,0.0,0.0,0.0,0.008442926020415298,0.005186038888589503,582550.25,55.51274509429932,0,29,11,2022,1,EFERT.KA
2022-11-30 00:00:00+05:00,55.46541315716343,55.60161127806691,55.158976477128,55.376888275146484,828195,0.0,0.0,0.0,0.001231199566752439,0.004793443640189054,604188.55,55.50627555847168,0,30,11,2022,2,EFERT.KA
2022-12-01 00:00:00+05:00,55.50628137100498,55.73781040917783,55.32922639183138,55.54713821411133,234331,0.0,0.0,0.0,0.003074386161225462,0.00484599784670924,607500.95,55.50797805786133,0,1,12,2022,3,EFERT.KA
2022-12-02 00:00:00+05:00,55.227069972678294,55.669704749835745,55.09087705451914,55.34283447265625,460370,0.0,0.0,0.0,-0.003678024611593389,0.004916939875644462,611885.4,55.49946537017822,0,2,12,2022,4,EFERT.KA
2022-12-05 00:00:00+05:00,55.3632775921885,55.73099957344177,55.1657941901509,55.22026824951172,428551,0.0,0.0,0.0,-0.0022146719500802936,0.004851601905273231,614289.25,55.49640121459961,0,5,12,2022,0,EFERT.KA
2022-12-06 00:00:00+05:00,55.465415436010545,55.49946626649219,55.09088227784888,55.30198287963867,1029086,0.0,0.0,0.0,0.0014797941538009507,0.004764253770120417,653621.1,55.485845947265624,0,6,12,2022,1,EFERT.KA
2022-12-07 00:00:00+05:00,55.23388414476814,55.49946398624608,55.158976477128,55.376888275146484,1002201,0.0,0.0,0.0,0.0013544793804380895,0.004776553025565848,703731.15,55.47903594970703,0,7,12,2022,2,EFERT.KA
2022-12-08 00:00:00+05:00,55.56756169076493,55.62204094034378,55.240696584146214,55.519893646240234,269912,0.0,0.0,0.0,0.0025824017121223175,0.00464533960298859,690101.5,55.4643949508667,0,8,12,2022,3,EFERT.KA
2022-12-09 00:00:00+05:00,55.3632698059082,56.0442448087094,55.22707168809179,55.3632698059082,725154,0.0,0.0,0.0,-0.0028210399920792772,0.004638354366787948,690116.2,55.45043468475342,0,9,12,2022,4,EFERT.KA
2022-12-12 00:00:00+05:00,55.36327643614535,55.66290194037032,55.19303266505687,55.32241439819336,137587,0.0,0.0,0.0,-0.0007379514948823163,0.004559584494702976,680599.15,55.44532775878906,0,12,12,2022,0,EFERT.KA
2022-12-13 00:00:00+05:00,55.24070277895229,56.078299254591336,55.233891573134315,55.93529510498047,377947,0.0,0.0,0.0,0.011078343442782357,0.005177892042600635,683563.65,55.4640552520752,0,13,12,2022,1,EFERT.KA
2022-12-14 00:00:00+05:00,55.66289745971881,55.83995242211831,55.19983423181587,55.717376708984375,271460,0.0,0.0,0.0,-0.003895901426587689,0.005259573645672949,657621.25,55.46882209777832,0,14,12,2022,2,EFERT.KA
2022-12-15 00:00:00+05:00,55.942101353302995,56.38473617454599,54.0081295111771,54.185184478759766,2619687,0.0,0.0,0.0,-0.027499360535715,0.008112964034436562,737528.2,55.402086639404295,0,15,12,2022,3,EFERT.KA
2022-12-16 00:00:00+05:00,54.40989965382036,54.852534411298386,54.34180319776833,54.757198333740234,709145,0.0,0.0,0.0,0.010556646811910264,0.008506464945181116,745929.7,55.358504104614255,0,16,12,2022,4,EFERT.KA
2022-12-19 00:00:00+05:00,54.68228882480953,54.784430907721166,54.409897814383584,54.49161148071289,229850,0.0,0.0,0.0,-0.004850263729868298,0.008548489008229998,720261.05,55.308451652526855,0,19,12,2022,0,EFERT.KA
2022-12-20 00:00:00+05:00,54.47800920725701,54.47800920725701,52.77557141953023,53.76979446411133,1271107,0.0,0.0,0.0,-0.013246387783137026,0.008941626997791911,758508.05,55.21583938598633,0,20,12,2022,1,EFERT.KA
2022-12-21 00:00:00+05:00,53.66083528452559,54.294142280184175,53.44292347932195,53.53144836425781,522243,0.0,0.0,0.0,-0.004432713612334882,0.008961243091813875,759714.75,55.114033699035645,0,21,12,2022,2,EFERT.KA
2022-12-22 00:00:00+05:00,53.38844765245711,53.783414448285185,53.082005747241155,53.35439682006836,1388830,0.0,0.0,0.0,-0.0033074304843144775,0.0089323653826092,788468.6,54.99928932189941,0,22,12,2022,3,EFERT.KA
2022-12-23 00:00:00+05:00,53.11605371187777,53.45654123567186,52.74151535753335,53.02071762084961,1072440,0.0,0.0,0.0,-0.006254015022305381,0.008943948664881412,830584.8,54.86445636749268,0,23,12,2022,4,EFERT.KA
2022-12-26 00:00:00+05:00,53.44973682992753,53.7561787575817,53.116060468881315,53.47016525268555,376336,0.0,0.0,0.0,0.008476830416553893,0.00869236313369179,732879.65,54.795677947998044,0,26,12,2022,0,EFERT.KA
2022-12-27 00:00:00+05:00,53.558692418479474,53.558692418479474,51.79496421561575,51.97201919555664,2135618,0.0,0.0,0.0,-0.028018354722658345,0.010241669395829498,804502.5,54.628839302062985,0,27,12,2022,1,EFERT.KA
2022-12-28 00:00:00+05:00,52.08778128965009,52.08778128965009,50.80073883187784,51.011844635009766,1713219,0.0,0.0,0.0,-0.018474836564151942,0.010743135111530182,848753.7,54.41058712005615,0,28,12,2022,2,EFERT.KA
2022-12-29 00:00:00+05:00,51.24336622910978,52.91175281886361,51.09355090521155,52.605316162109375,904296,0.0,0.0,0.0,0.03123728495805067,0.013272801713977392,882251.95,54.263496017456056,0,29,12,2022,3,EFERT.KA
2022-12-30 00:00:00+05:00,52.612134915841324,53.116055008639506,52.128643243701156,52.360172271728516,620014,0.0,0.0,0.0,-0.004660059253810411,0.01327868534788571,890234.15,54.11436290740967,0,30,12,2022,4,EFERT.KA
2023-01-02 00:00:00+05:00,52.428272353244736,54.95468939218525,52.428272353244736,54.34181594848633,1549597,0.0,0.0,0.0,0.037846393370783105,0.01607918382905182,946286.45,54.0704402923584,0,2,1,2023,0,EFERT.KA
2023-01-03 00:00:00+05:00,54.78443846648672,54.78443846648672,53.96727051788828,54.3758544921875,698470,0.0,0.0,0.0,0.0006263784731346256,0.016074284105159955,929755.65,54.02413387298584,0,3,1,2023,1,EFERT.KA
2023-01-04 00:00:00+05:00,54.30776645963942,54.81168659965481,54.30776645963942,54.47119903564453,239447,0.0,0.0,0.0,0.0017534353132919733,0.01607724383577485,891617.95,53.97884941101074,0,4,1,2023,2,EFERT.KA
2023-01-05 00:00:00+05:00,54.81168659965481,54.81168659965481,54.13752267763427,54.47119903564453,809828,0.0,0.0,0.0,0.0,0.016059837995236498,918613.75,53.92641468048096,0,5,1,2023,3,EFERT.KA
2023-01-06 00:00:00+05:00,54.34180687928518,55.01597067209826,54.34180687928518,54.51205062866211,1002386,0.0,0.0,0.0,0.0007499668401065307,0.01605640091525841,932475.35,53.88385372161865,0,6,1,2023,4,EFERT.KA
2023-01-09 00:00:00+05:00,54.40990489364208,54.58014864788037,53.79702633929883,54.45757293701172,268270,0.0,0.0,0.0,-0.0009993696993990664,0.016056580458166967,939009.5,53.84061164855957,0,9,1,2023,0,EFERT.KA
2023-01-10 00:00:00+05:00,54.648250479266586,55.15898179215693,54.443955875939416,54.53248596191406,588557,0.0,0.0,0.0,0.0013756218072551452,0.015828022471002186,949540.0,53.77047119140625,0,10,1,2023,1,EFERT.KA
2023-01-11 00:00:00+05:00,54.78443461725299,54.818485444146766,53.76297215556082,54.5052375793457,696162,0.0,0.0,0.0,-0.0004996724812323938,0.015815234700415442,970775.1,53.70986423492432,0,11,1,2023,2,EFERT.KA
2023-01-12 00:00:00+05:00,54.47799718557547,54.79805625030899,53.76297139434412,53.85150146484375,898347,0.0,0.0,0.0,-0.011994005411870345,0.014793941183133794,884708.1,53.693180084228516,0,12,1,2023,3,EFERT.KA
2023-01-13 00:00:00+05:00,53.79703241638352,54.10346913045769,52.98667039213153,53.20458221435547,873124,0.0,0.0,0.0,-0.012013021603689444,0.014790585935024213,892907.05,53.61554927825928,0,13,1,2023,4,EFERT.KA
2023-01-16 00:00:00+05:00,53.558691409917685,53.558691409917685,51.92435016879788,52.435081481933594,503798,0.0,0.0,0.0,-0.014463053752055366,0.015064511823475202,906604.45,53.51272277832031,0,16,1,2023,0,EFERT.KA
2023-01-17 00:00:00+05:00,52.673428536125314,52.673428536125314,51.07313792037262,51.720062255859375,1544902,0.0,0.0,0.0,-0.013636275673960307,0.015080327479696697,920294.2,53.41023616790771,0,17,1,2023,1,EFERT.KA
2023-01-18 00:00:00+05:00,51.68600262190004,53.238624763079926,51.67919141730136,52.925376892089844,944686,0.0,0.0,0.0,0.02330458595095597,0.01607164173568594,941416.35,53.37993259429932,0,18,1,2023,2,EFERT.KA
2023-01-19 00:00:00+05:00,52.5780842688887,53.52463919583128,52.5780842688887,52.72108840942383,778609,0.0,0.0,0.0,-0.0038599343956027266,0.01607729022542977,910905.3,53.34826717376709,0,19,1,2023,3,EFERT.KA
2023-01-20 00:00:00+05:00,53.08201301341805,53.1501146875177,51.54981886388532,51.767730712890625,916441,0.0,0.0,0.0,-0.01808304276895001,0.016512759554043018,903105.35,53.28561782836914,0,20,1,2023,4,EFERT.KA
2023-01-23 00:00:00+05:00,51.76772482929813,52.36698624252566,51.35914080827881,51.65877151489258,399545,0.0,0.0,0.0,-0.0021047706070476124,0.016359700928990865,904265.8,53.19504814147949,0,23,1,2023,0,EFERT.KA
2023-01-24 00:00:00+05:00,51.62471744685164,52.435079427818316,51.62471744685164,52.196739196777344,441222,0.0,0.0,0.0,0.010413869050867275,0.015316610986590989,819546.0,53.20628414154053,0,24,1,2023,1,EFERT.KA
2023-01-25 00:00:00+05:00,52.3329300611852,52.67341757647649,51.767719538899144,51.958396911621094,4789938,0.0,0.0,0.0,-0.004566229400992272,0.01472227735514296,973381.95,53.2536117553711,0,25,1,2023,2,EFERT.KA
2023-01-26 00:00:00+05:00,52.02649956198648,54.40991245243352,51.958403089916416,54.21242904663086,6019882,0.0,0.0,0.0,0.04338147958728933,0.016209428710485255,1229161.25,53.33396739959717,0,26,1,2023,3,EFERT.KA
2023-01-27 00:00:00+05:00,54.273704787916145,54.477999363700775,53.184145839727506,53.660831451416016,962927,0.0,0.0,0.0,-0.010174744148438442,0.016368161129655376,1246306.9,53.399000358581546,0,27,1,2023,4,EFERT.KA
2023-01-30 00:00:00+05:00,53.6608316924761,54.47118840376123,53.45653711577372,53.76297378540039,408877,0.0,0.0,0.0,0.0019034802708350895,0.013944154229851844,1189270.9,53.37005825042725,0,30,1,2023,0,EFERT.KA
2023-01-31 00:00:00+05:00,53.7970272272669,55.83995231184666,53.46335091817181,55.60161209106445,2415203,0.0,0.0,0.0,0.03419896959203084,0.01595553162164533,1275107.55,53.4313461303711,0,31,1,2023,1,EFERT.KA
2023-02-01 00:00:00+05:00,55.833144424667594,57.12699809420602,55.70376269451298,55.853572845458984,809383,0.0,0.0,0.0,0.004531536855116203,0.01597237222651346,1303604.35,53.500464820861815,0,1,2,2023,2,EFERT.KA
2023-02-02 00:00:00+05:00,55.765050514295936,56.166828524852995,55.39732333690442,55.83995819091797,516322,0.0,0.0,0.0,-0.0002437561976328384,0.01597356821429327,1288929.05,53.568902778625485,0,2,2,2023,3,EFERT.KA
2023-02-03 00:00:00+05:00,56.01018977280736,56.11233705463943,55.32921482116228,55.730987548828125,235056,0.0,0.0,0.0,-0.001951481441251679,0.0159904206034648,1250562.55,53.62984962463379,0,3,2,2023,4,EFERT.KA
2023-02-06 00:00:00+05:00,55.75143680805106,56.759277109895,55.227083038686764,56.282596588134766,896019,0.0,0.0,0.0,0.009897707964054092,0.016095906968931217,1281950.0,53.72110080718994,0,6,2,2023,0,EFERT.KA
2023-02-07 00:00:00+05:00,56.31662607515161,56.793311655615824,55.70375277879647,56.48686981201172,699754,0.0,0.0,0.0,0.0036294207492200137,0.01610088301272593,1287509.85,53.818819999694824,0,7,2,2023,1,EFERT.KA
2023-02-08 00:00:00+05:00,56.248542851039396,57.18829182464067,56.248542851039396,56.49369430541992,1147424,0.0,0.0,0.0,0.00012081557060805714,0.01609664638355499,1310072.95,53.918242835998534,0,8,2,2023,2,EFERT.KA
2023-02-09 00:00:00+05:00,56.452833337160115,58.768149573030314,55.83995474598456,58.28465270996094,4470983,0.0,0.0,0.0,0.03170191694065205,0.017046852929412635,1488704.75,54.1399003982544,0,9,2,2023,3,EFERT.KA
2023-02-10 00:00:00+05:00,57.84882497768096,58.7000437395387,57.13380433497667,57.80796813964844,1936039,0.0,0.0,0.0,-0.008178560704214966,0.016876816764573654,1541850.5,54.370069694519046,0,10,2,2023,4,EFERT.KA
2023-02-13 00:00:00+05:00,57.80116537767679,58.89753571872724,57.27681682977029,57.90331268310547,1103286,0.0,0.0,0.0,0.0016493322032475888,0.016309493925986688,1571824.9,54.64348125457764,0,13,2,2023,0,EFERT.KA
2023-02-14 00:00:00+05:00,58.08717479801989,59.99390185210667,57.8692629862549,59.52403259277344,2177095,0.0,0.0,0.0,0.02799010686206982,0.01644854310422617,1603434.55,55.03367977142334,0,14,2,2023,1,EFERT.KA
2023-02-15 00:00:00+05:00,59.58531652759823,59.925804050613074,59.040534412603556,59.6806526184082,764425,0.0,0.0,0.0,0.002631206570063327,0.01602592539609378,1594421.5,55.371443557739255,0,15,2,2023,2,EFERT.KA
2023-02-16 00:00:00+05:00,59.59212956050167,59.680654448846816,58.5774729700897,58.638763427734375,976682,0.0,0.0,0.0,-0.01745773789263927,0.01674499718446715,1604325.15,55.667327308654784,0,16,2,2023,3,EFERT.KA
2023-02-17 00:00:00+05:00,58.8294368206254,59.44912663802128,58.434470026818865,58.911155700683594,1366376,0.0,0.0,0.0,0.004645259501164567,0.015807826800421483,1626821.9,56.024498558044435,0,17,2,2023,4,EFERT.KA
2023-02-20 00:00:00+05:00,58.70004125378562,58.904335826151076,57.916924182380534,58.066734313964844,1022184,0.0,0.0,0.0,-0.014333811256548645,0.016388147384626014,1657953.85,56.344896697998045,0,20,2,2023,0,EFERT.KA
2023-02-21 00:00:00+05:00,58.55024187551111,58.55024187551111,58.09398460615583,58.345947265625,295944,0.0,0.0,0.0,0.004808483806760355,0.016356399321285436,1650689.95,56.65235710144043,0,21,2,2023,1,EFERT.KA
2023-02-22 00:00:00+05:00,58.22337144193947,58.495762522858655,58.08717849919375,58.23018264770508,365249,0.0,0.0,0.0,-0.0019841072661463954,0.01628104078542567,1429455.5,56.96594638824463,0,22,2,2023,2,EFERT.KA
2023-02-23 00:00:00+05:00,58.23698455862043,58.23698455862043,57.64453958440946,58.168888092041016,633739,0.0,0.0,0.0,-0.0010526251657992924,0.013718305828503533,1160148.35,57.16376934051514,0,23,2,2023,3,EFERT.KA
2023-02-24 00:00:00+05:00,58.216551468123996,58.488942508018106,57.88287517185287,58.33232116699219,369915,0.0,0.0,0.0,0.0028096303765092756,0.013333115621146759,1130497.75,57.39734382629395,0,24,2,2023,4,EFERT.KA
2023-02-27 00:00:00+05:00,58.0190759775872,58.32551788739182,57.64454279284066,57.76030731201172,521057,0.0,0.0,0.0,-0.00980612194983499,0.013694505075131006,1136106.75,57.59721050262451,0,27,2,2023,0,EFERT.KA
2023-02-28 00:00:00+05:00,57.87606282003626,57.87606282003626,57.372142783247135,57.501529693603516,663312,0.0,0.0,0.0,-0.004480198088461118,0.011751038625055195,1048512.2,57.692206382751465,0,28,2,2023,1,EFERT.KA
2023-03-01 00:00:00+05:00,57.50152600310919,58.22335778208155,57.20189536485205,57.61729049682617,559533,0.0,0.0,0.0,0.0020131778030860747,0.01173310228554313,1036019.7,57.780392265319826,0,1,3,2023,2,EFERT.KA
2023-03-02 00:00:00+05:00,57.95097056807842,60.01432395502053,57.610483073324225,59.78279495239258,2782464,0.0,0.0,0.0,0.03758428133106495,0.014205305283921136,1149326.8,57.97753410339355,0,2,3,2023,3,EFERT.KA
2023-03-03 00:00:00+05:00,59.59212095226124,59.90536881434162,59.176725805813476,59.6465950012207,444740,0.0,0.0,0.0,-0.0022782466306624505,0.014212105932736323,1159811.0,58.17331447601318,0,3,3,2023,4,EFERT.KA
2023-03-06 00:00:00+05:00,59.244823045803194,59.823650737625115,58.97243201570265,59.06776809692383,279124,0.0,0.0,0.0,-0.009704274054286421,0.014421710412732453,1128966.25,58.31257305145264,0,6,3,2023,0,EFERT.KA
2023-03-07 00:00:00+05:00,59.244825425959924,59.346972715779735,58.781762214813504,59.238014221191406,1680467,0.0,0.0,0.0,0.0028822169814883836,0.014419640272736877,1178001.9,58.45013027191162,0,7,3,2023,1,EFERT.KA
2023-03-08 00:00:00+05:00,59.34697571177915,59.381021346486484,59.074584656984264,59.14268112182617,798464,0.0,0.0,0.0,-0.001609323010208663,0.014439701916248972,1160553.9,58.582579612731934,0,8,3,2023,2,EFERT.KA
2023-03-09 00:00:00+05:00,59.585313958057874,60.25947776983518,58.93838977039836,59.82365417480469,835759,0.0,0.0,0.0,0.011514071395847036,0.012907238633148004,978792.7,58.65952968597412,0,9,3,2023,3,EFERT.KA
2023-03-10 00:00:00+05:00,59.89175722303025,61.28775823886432,59.24483296423551,60.96088790893555,2127584,0.0,0.0,0.0,0.019009767120006904,0.01327384738083511,988369.95,58.817175674438474,0,10,3,2023,4,EFERT.KA
2023-03-13 00:00:00+05:00,60.94726457690257,61.62823960010819,60.64763390415542,61.29456329345703,2222651,0.0,0.0,0.0,0.005473597842274414,0.013284825777674958,1044338.2,58.986738204956055,0,13,3,2023,0,EFERT.KA
2023-03-14 00:00:00+05:00,61.59419190579025,61.59419190579025,60.947267678988695,61.18560791015625,715890,0.0,0.0,0.0,-0.0017775701048581283,0.011927978234505079,971277.95,59.069816970825194,0,14,3,2023,1,EFERT.KA
2023-03-15 00:00:00+05:00,61.151567084072,61.42395297229948,60.954083678307626,61.22647476196289,1061939,0.0,0.0,0.0,0.00066791608684591,0.01192577540035961,986153.65,59.14710807800293,0,15,3,2023,2,EFERT.KA
2023-03-16 00:00:00+05:00,61.28775575858422,62.51351295192688,61.18560845990109,61.85296630859375,1432422,0.0,0.0,0.0,0.01023236351703316,0.011213938516417693,1008940.65,59.307818222045896,0,16,3,2023,3,EFERT.KA
2023-03-17 00:00:00+05:00,61.7984975233355,61.96874131816562,60.436547164694495,61.151573181152344,2355317,0.0,0.0,0.0,-0.01133968456649359,0.011632149112005098,1058387.7,59.41983909606934,0,17,3,2023,4,EFERT.KA
2023-03-20 00:00:00+05:00,61.04339997866192,61.87269710630386,59.8751722900197,60.03382110595703,1084140,5.0,0.0,0.0,-0.0182783862630016,0.0119515071839672,1061485.5,59.51819343566895,0,20,3,2023,0,EFERT.KA
2023-03-21 00:00:00+05:00,59.781417541373806,59.85352912671639,59.132402269767994,59.49296569824219,1188078,0.0,0.0,0.0,-0.009009178455595235,0.012161968038347525,1106092.2,59.575544357299805,0,21,3,2023,1,EFERT.KA
2023-03-22 00:00:00+05:00,59.20451850806686,59.49297037386827,58.91606664226546,59.08192825317383,379451,0.0,0.0,0.0,-0.006909009161741975,0.012275816623494338,1106802.3,59.61813163757324,0,22,3,2023,2,EFERT.KA
2023-03-23 00:00:00+05:00,59.08192825317383,59.08192825317383,59.08192825317383,59.08192825317383,0,0.0,0.0,0.0,0.0,0.012269723634561676,1075115.35,59.663783645629884,0,23,3,2023,3,EFERT.KA
2023-03-24 00:00:00+05:00,58.88000354870377,59.3126785226812,58.0507066392199,58.14445114135742,215069,0.0,0.0,0.0,-0.015867408859764898,0.012811501779690844,1067373.05,59.65439014434814,0,24,3,2023,4,EFERT.KA
2023-03-27 00:00:00+05:00,58.2237854044486,59.06029526422081,57.72621157576783,58.81510925292969,2179404,0.0,0.0,0.0,0.011534344179151335,0.012847807017747247,1150290.4,59.70713024139404,0,27,3,2023,0,EFERT.KA
2023-03-28 00:00:00+05:00,59.081924883077605,59.47133405443293,58.98818037028817,59.12519073486328,425887,0.0,0.0,0.0,0.0052721398612065595,0.012814574444105229,1138419.15,59.78831329345703,0,28,3,2023,1,EFERT.KA
2023-03-29 00:00:00+05:00,59.44969967629805,60.5746558093364,59.132402099590294,60.06265640258789,236901,0.0,0.0,0.0,0.015855604964193803,0.013213047879683642,1122287.55,59.91058158874512,0,29,3,2023,2,EFERT.KA
2023-03-30 00:00:00+05:00,60.322258804293405,60.39437038499793,59.572286261092266,59.817466735839844,451510,0.0,0.0,0.0,-0.004082231480149523,0.010297190830297367,1005739.85,59.91231517791748,0,30,3,2023,3,EFERT.KA
2023-03-31 00:00:00+05:00,59.85352686798063,61.76451406712982,59.85352686798063,61.165977478027344,734764,0.0,0.0,0.0,0.022543762144636936,0.011431480788843967,1020241.05,59.988284301757815,0,31,3,2023,4,EFERT.KA
2023-04-03 00:00:00+05:00,61.29578074209101,61.65634415822096,61.11549903402604,61.2813606262207,239597,0.0,0.0,0.0,0.0018863942497249209,0.01113305936819883,1018264.7,60.09896392822266,0,3,4,2023,0,EFERT.KA
2023-04-04 00:00:00+05:00,61.29577994081905,61.944795181721105,61.07943969326469,61.59865188598633,305083,0.0,0.0,0.0,0.005177614474014547,0.01115552709792051,949495.5,60.216995811462404,0,4,4,2023,1,EFERT.KA
2023-04-05 00:00:00+05:00,61.980855249247135,61.980855249247135,61.259728344652004,61.44001007080078,1088601,0.0,0.0,0.0,-0.0025754105053983345,0.011174121637379178,964002.35,60.33186225891113,0,5,4,2023,2,EFERT.KA
2023-04-06 00:00:00+05:00,61.367891299720064,61.764513251541274,61.29577971805103,61.57701873779297,788873,0.0,0.0,0.0,0.0022299584071405754,0.010947148717466777,961658.05,60.41953048706055,0,6,4,2023,3,EFERT.KA
2023-04-07 00:00:00+05:00,61.51212654811477,61.872689996810024,60.97128137507189,61.05060577392578,603203,0.0,0.0,0.0,-0.008548854339778256,0.010345346652255718,885439.0,60.42401638031006,0,7,4,2023,4,EFERT.KA
2023-04-10 00:00:00+05:00,61.44000746915081,61.65634773207318,61.230885517223655,61.58423614501953,390697,0.0,0.0,0.0,0.00874078748816709,0.01045942764105155,793841.3,60.438500022888185,0,10,4,2023,0,EFERT.KA
2023-04-11 00:00:00+05:00,61.58422728055676,61.65633885723063,61.22366389542675,61.533748626708984,140115,0.0,0.0,0.0,-0.0008198123654835632,0.010451664093846907,765052.55,60.45590705871582,0,11,4,2023,1,EFERT.KA
2023-04-12 00:00:00+05:00,61.30299357749929,62.66592285092082,61.295780768680444,62.52169418334961,517927,0.0,0.0,0.0,0.0160553448910441,0.01102788651715847,737851.95,60.520668029785156,0,12,4,2023,2,EFERT.KA
2023-04-13 00:00:00+05:00,62.73803454753914,62.88225771361064,62.08901929669513,62.46400833129883,862693,0.0,0.0,0.0,-0.0009226533734292275,0.010822127379261666,709365.5,60.55122013092041,0,13,4,2023,3,EFERT.KA
2023-04-14 00:00:00+05:00,62.46400833129883,62.46400833129883,62.46400833129883,62.46400833129883,0,0.0,0.0,0.0,0.0,0.010457490716739865,591599.65,60.616841888427736,0,14,4,2023,4,EFERT.KA
2023-04-17 00:00:00+05:00,63.06253511981669,63.23560950940833,62.12507360078535,62.326988220214844,904606,0.0,0.0,0.0,-0.0021935849898913062,0.009458378983062428,582622.95,60.731500244140626,0,17,4,2023,0,EFERT.KA
2023-04-18 00:00:00+05:00,62.377463858059016,62.95436745860653,62.189969362617,62.6587028503418,517325,0.0,0.0,0.0,0.005322166842956166,0.009123890813866123,549085.3,60.889787101745604,0,18,4,2023,1,EFERT.KA
2023-04-19 00:00:00+05:00,62.91830949409652,63.488000291847456,62.39188454116498,62.968788146972656,880982,0.0,0.0,0.0,0.004948798531171139,0.008852292197115808,574161.85,61.084130096435544,0,19,4,2023,2,EFERT.KA
2023-04-20 00:00:00+05:00,63.45194941450247,63.747614061161556,62.73803537998202,63.29330062866211,1420767,0.0,0.0,0.0,0.005153544974250135,0.00882836284665894,645200.2,61.29469871520996,0,20,4,2023,3,EFERT.KA
2023-04-21 00:00:00+05:00,63.29330062866211,63.29330062866211,63.29330062866211,63.29330062866211,0,0.0,0.0,0.0,0.0,0.0076291819067510445,634446.75,61.552141189575195,0,21,4,2023,4,EFERT.KA
2023-04-24 00:00:00+05:00,63.29330062866211,63.29330062866211,63.29330062866211,63.29330062866211,0,0.0,0.0,0.0,0.0,0.007486476494325767,525476.55,61.77605075836182,0,24,4,2023,0,EFERT.KA
2023-04-25 00:00:00+05:00,63.29330062866211,63.29330062866211,63.29330062866211,63.29330062866211,0,0.0,0.0,0.0,0.0,0.0075210261394558124,504182.2,61.98445625305176,0,25,4,2023,1,EFERT.KA
2023-04-26 00:00:00+05:00,63.65382309297703,63.83408010257087,62.71497614470303,62.895233154296875,1079842,3.5,0.0,0.0,-0.006289251317460498,0.007220872279846038,546329.25,62.126085090637204,0,26,4,2023,2,EFERT.KA
2023-04-27 00:00:00+05:00,63.09051561258633,63.39094778536635,62.722489209321026,63.05295944213867,987256,0.0,0.0,0.0,0.002507762193278751,0.007061403271753615,573116.55,62.287859725952146,0,27,4,2023,3,EFERT.KA
2023-04-28 00:00:00+05:00,63.20317848486293,63.20317848486293,62.79008353041094,63.075496673583984,410313,0.0,0.0,0.0,0.0003574333646620964,0.005295319784472965,556894.0,62.38333568572998,0,28,4,2023,4,EFERT.KA
2023-05-01 00:00:00+05:00,63.075496673583984,63.075496673583984,63.075496673583984,63.075496673583984,0,0.0,0.0,0.0,0.0,0.005305830654251135,544914.15,62.473042488098145,0,1,5,2023,0,EFERT.KA
2023-05-02 00:00:00+05:00,63.075504968451284,63.894176874595445,62.71498516713077,63.23323059082031,1293696,0.0,0.0,0.0,0.0025007162139776273,0.005240399999949504,594344.8,62.554771423339844,0,2,5,2023,1,EFERT.KA
2023-05-03 00:00:00+05:00,63.13557877279731,63.653824130376115,63.09051595223119,63.571205139160156,331762,0.0,0.0,0.0,0.005344888204856346,0.005229521328901083,556502.85,62.66133117675781,0,3,5,2023,2,EFERT.KA
2023-05-04 00:00:00+05:00,63.46605050554365,66.92100595505836,63.46605050554365,65.49395751953125,1821198,0.0,0.0,0.0,0.030245649365339355,0.008252126919407406,608119.1,62.857178115844725,0,4,5,2023,3,EFERT.KA
2023-05-05 00:00:00+05:00,65.35877332539592,66.16993854706844,64.70533944982715,65.30619812011719,916667,0.0,0.0,0.0,-0.0028668201850234887,0.007920387702627511,623792.3,63.0699577331543,0,5,5,2023,4,EFERT.KA
2023-05-08 00:00:00+05:00,65.59910596957184,66.09481986911818,65.19352916300956,65.34374237060547,1756505,0.0,0.0,0.0,0.0005748956694620055,0.007840887387059703,692082.7,63.25793304443359,0,8,5,2023,0,EFERT.KA
2023-05-09 00:00:00+05:00,65.33623919767919,65.33623919767919,64.36734840043935,64.67529296875,726333,0.0,0.0,0.0,-0.010229738573347524,0.008347840309980968,721393.6,63.41501026153564,0,9,5,2023,1,EFERT.KA
2023-05-10 00:00:00+05:00,64.5025425680792,64.98323177621376,64.07442856301351,64.22464752197266,445422,0.0,0.0,0.0,-0.0069678145407874315,0.007962422901764219,717768.35,63.5001579284668,0,10,5,2023,2,EFERT.KA
2023-05-11 00:00:00+05:00,64.06691326639938,64.51755862192374,63.86411913174013,64.27721405029297,326174,0.0,0.0,0.0,0.0008184790473522163,0.007945487819866686,690942.4,63.5908182144165,0,11,5,2023,3,EFERT.KA
2023-05-12 00:00:00+05:00,64.29224815988344,64.329804335931,63.99181594230678,64.08194732666016,446533,0.0,0.0,0.0,-0.0030378840545270958,0.008003719271652008,713269.05,63.67171516418457,0,12,5,2023,4,EFERT.KA
2023-05-15 00:00:00+05:00,64.58515506572866,64.58515506572866,63.47356353259292,64.34481048583984,621754,0.0,0.0,0.0,0.00410198457047084,0.00798246781267606,699126.45,63.77260627746582,0,15,5,2023,0,EFERT.KA
2023-05-16 00:00:00+05:00,64.51756320167141,65.33623498712258,64.14202442369925,64.88558959960938,456073,0.0,0.0,0.0,0.008404393605115024,0.008086691034733258,696063.85,63.8839506149292,0,16,5,2023,1,EFERT.KA
2023-05-17 00:00:00+05:00,64.81798932107233,65.23107850013065,64.59266378321036,64.66777038574219,570390,0.0,0.0,0.0,-0.003356973639467409,0.00812846657756004,680534.25,63.968899726867676,0,17,5,2023,2,EFERT.KA
2023-05-18 00:00:00+05:00,65.1109060762213,65.1109060762213,64.44244760309503,64.57012939453125,217441,0.0,0.0,0.0,-0.001509886464749144,0.008101440520102213,620367.95,64.03274116516113,0,18,5,2023,3,EFERT.KA
2023-05-19 00:00:00+05:00,64.36734121980874,64.78794852790321,64.04437765675765,64.3373031616211,252226,0.0,0.0,0.0,-0.0036057885448480542,0.008165434852205219,632979.25,64.08494129180909,0,19,5,2023,4,EFERT.KA
2023-05-22 00:00:00+05:00,64.36734489030202,64.59267045142545,63.84159288803677,63.8641242980957,638320,0.0,0.0,0.0,-0.0073546580330966504,0.00836878823270673,664895.25,64.11348247528076,0,22,5,2023,0,EFERT.KA
2023-05-23 00:00:00+05:00,64.20210604983345,64.20210604983345,63.0829964694617,63.53364181518555,480350,0.0,0.0,0.0,-0.005174775142419263,0.008463924146159414,688912.75,64.12549953460693,0,23,5,2023,1,EFERT.KA
2023-05-24 00:00:00+05:00,63.1806446228498,63.75897180637266,63.16561986312528,63.240726470947266,292128,0.0,0.0,0.0,-0.004610397513341802,0.008404050324912385,649527.05,64.14277420043945,0,24,5,2023,2,EFERT.KA
2023-05-25 00:00:00+05:00,63.578710157349455,63.76647952832198,63.315834184041215,63.48857879638672,217835,0.0,0.0,0.0,0.003919188460830059,0.008429390667866294,611056.0,64.16455516815185,0,25,5,2023,3,EFERT.KA
2023-05-26 00:00:00+05:00,63.390942431114894,63.6538184112437,62.86518474059068,63.14308547973633,537616,0.0,0.0,0.0,-0.0054418184057705155,0.00852927493868972,617421.15,64.16793460845948,0,26,5,2023,4,EFERT.KA
2023-05-29 00:00:00+05:00,63.315844582666195,65.11842625583475,63.113050419760924,63.9918098449707,1002816,0.0,0.0,0.0,0.013441287494681431,0.009036475121069285,667561.95,64.21375026702881,0,29,5,2023,0,EFERT.KA
2023-05-30 00:00:00+05:00,63.984290187145085,64.29222896377381,63.84158363709462,64.20960998535156,218341,0.0,0.0,0.0,0.003403562751366218,0.009047877919610862,613794.2,64.26256923675537,0,30,5,2023,1,EFERT.KA
2023-05-31 00:00:00+05:00,64.21712862898346,64.96820615680782,63.924208851553296,64.62271118164062,1191602,0.0,0.0,0.0,0.00643363503349903,0.009079849649252384,656786.2,64.3151445388794,0,31,5,2023,2,EFERT.KA
2023-06-01 00:00:00+05:00,64.78043419440935,64.94567216079136,64.17956990397778,64.61519622802734,419365,0.0,0.0,0.0,-0.00011628966776333627,0.005883666884058482,586694.55,64.2712064743042,0,1,6,2023,3,EFERT.KA
2023-06-02 00:00:00+05:00,64.78043227671365,64.78043227671365,64.02935480104162,64.18708038330078,251647,0.0,0.0,0.0,-0.0066256216759869035,0.006016444924688493,553443.55,64.21525058746337,0,2,6,2023,4,EFERT.KA
2023-06-05 00:00:00+05:00,64.21712868126977,64.54760462746694,64.0669154676893,64.34481048583984,390120,0.0,0.0,0.0,0.002457349697122302,0.006054460082594086,485124.3,64.1653039932251,0,5,6,2023,0,EFERT.KA
2023-06-06 00:00:00+05:00,64.32979891457268,64.96821374170355,64.14954189132492,64.90061950683594,743848,0.0,0.0,0.0,0.008637977434379218,0.0059693959066689775,486000.05,64.1765703201294,0,6,6,2023,1,EFERT.KA
2023-06-07 00:00:00+05:00,64.96820588259517,64.96820588259517,64.66777372668011,64.70532989501953,340780,0.0,0.0,0.0,-0.003009056204707483,0.00578223145397899,480767.95,64.20060443878174,0,7,6,2023,2,EFERT.KA
2023-06-08 00:00:00+05:00,64.75040119886062,64.75040119886062,64.25469294736105,64.45748138427734,523656,0.0,0.0,0.0,-0.003830418779168676,0.0058570056178508115,490642.05,64.20961780548096,0,8,6,2023,3,EFERT.KA
2023-06-09 00:00:00+05:00,64.40490030074831,64.8330142776184,64.02936152348447,64.71284484863281,815079,0.0,0.0,0.0,0.003961735067385952,0.00586521729563881,509069.35,64.2411626815796,0,9,6,2023,4,EFERT.KA
2023-06-12 00:00:00+05:00,64.69030783414902,64.69030783414902,64.10446825732294,64.15704345703125,203260,0.0,0.0,0.0,-0.008588733703511542,0.0061359679684312145,488144.65,64.23177433013916,0,12,6,2023,0,EFERT.KA
2023-06-13 00:00:00+05:00,64.22465124375505,64.55512151208102,63.69138680164926,63.751468658447266,362531,0.0,0.0,0.0,-0.006321594274455888,0.005938546257041507,483467.55,64.17506828308106,0,13,6,2023,1,EFERT.KA
2023-06-14 00:00:00+05:00,63.48106863292788,64.1044643415807,63.01540424403218,63.12806701660156,567031,0.0,0.0,0.0,-0.00977862400606988,0.006246037835050566,483299.6,64.09808311462402,0,14,6,2023,2,EFERT.KA
2023-06-15 00:00:00+05:00,63.128061232294854,63.128061232294854,62.33942762683685,62.54972839355469,339023,0.0,0.0,0.0,-0.009161354851793257,0.006496259371162466,489378.7,63.997063064575194,0,15,6,2023,3,EFERT.KA
2023-06-16 00:00:00+05:00,62.48964997455217,62.684931742360234,61.59587158510818,61.88127899169922,596896,0.0,0.0,0.0,-0.01068668752084223,0.006799048470601487,506612.2,63.8742618560791,0,16,6,2023,4,EFERT.KA
2023-06-19 00:00:00+05:00,62.30187003442192,62.30187003442192,60.81473994371414,60.97246551513672,890226,0.0,0.0,0.0,-0.014686404214179327,0.007287475836314567,519207.5,63.72967891693115,0,19,6,2023,0,EFERT.KA
2023-06-20 00:00:00+05:00,60.98749271924362,61.02504888758884,60.09371436134833,60.80723571777344,521502,0.0,0.0,0.0,-0.0027099084146804397,0.007256879621430512,521265.1,63.59335861206055,0,20,6,2023,1,EFERT.KA
2023-06-21 00:00:00+05:00,60.912389803720465,61.06260875593689,60.31153118565609,60.484275817871094,253850,0.0,0.0,0.0,-0.005311208379892629,0.0072709840904177335,519351.2,63.45553607940674,0,21,6,2023,2,EFERT.KA
2023-06-22 00:00:00+05:00,59.4177502101924,60.49930380272705,59.4177502101924,60.19887161254883,604590,0.0,0.0,0.0,-0.004718651276931385,0.007143765374451307,538688.95,63.29105072021484,0,22,6,2023,3,EFERT.KA
2023-06-23 00:00:00+05:00,59.567948600129455,60.50679537912666,59.567948600129455,60.11623764038086,560032,0.0,0.0,0.0,-0.0013726830745236507,0.007117441888537525,539809.75,63.13970832824707,0,23,6,2023,4,EFERT.KA
2023-06-26 00:00:00+05:00,60.086204702629956,63.428497547106936,60.086204702629956,63.04545211791992,1767678,0.0,0.0,0.0,0.048725845004835566,0.013109276952437904,578052.85,63.09239044189453,0,26,6,2023,0,EFERT.KA
2023-06-27 00:00:00+05:00,62.33944617047468,63.65383208370758,61.43815526493639,61.9864387512207,1361451,0.0,0.0,0.0,-0.016797617133721965,0.013550139340880344,635208.35,62.98123188018799,0,27,6,2023,1,EFERT.KA
2023-06-28 00:00:00+05:00,61.9864387512207,61.9864387512207,61.9864387512207,61.9864387512207,0,0.0,0.0,0.0,0.0,0.01342328380400305,575628.25,62.849418258666994,0,28,6,2023,2,EFERT.KA
2023-06-29 00:00:00+05:00,61.9864387512207,61.9864387512207,61.9864387512207,61.9864387512207,0,0.0,0.0,0.0,0.0,0.013424166310280409,554660.0,62.71798038482666,0,29,6,2023,3,EFERT.KA
2023-06-30 00:00:00+05:00,61.9864387512207,61.9864387512207,61.9864387512207,61.9864387512207,0,0.0,0.0,0.0,0.0,0.01338546565106164,542077.65,62.607948303222656,0,30,6,2023,4,EFERT.KA
2023-07-03 00:00:00+05:00,66.560489706535,66.6205715511656,64.63022077253022,65.42636108398438,2285289,0.0,0.0,0.0,0.05549475662845582,0.018514937894511172,636836.1,62.66202583312988,0,3,7,2023,0,EFERT.KA
2023-07-04 00:00:00+05:00,65.34374638863467,65.34374638863467,62.48964942667949,62.775062561035156,2110148,0.0,0.0,0.0,-0.04052339881085376,0.020593199113120228,705151.1,62.555747985839844,0,4,7,2023,1,EFERT.KA
2023-07-05 00:00:00+05:00,62.35445096362119,63.42849200809879,61.6784858039601,61.80616760253906,1902381,0.0,0.0,0.0,-0.015434392559211751,0.020828295675154297,783231.15,62.41078987121582,0,5,7,2023,2,EFERT.KA
2023-07-06 00:00:00+05:00,62.489652139050825,62.865190927699615,62.03900673872572,62.37699508666992,1486866,0.0,0.0,0.0,0.009235768957585488,0.02097513387028676,831391.65,62.30676555633545,0,6,7,2023,3,EFERT.KA
2023-07-07 00:00:00+05:00,62.339444541017116,62.37700071537782,61.96390571848087,62.20425033569336,809095,0.0,0.0,0.0,-0.0027693663463035367,0.020937974875408615,831092.45,62.181335830688475,0,7,7,2023,4,EFERT.KA
2023-07-10 00:00:00+05:00,62.692443707179805,62.75253128614851,62.26432973499487,62.36948013305664,835781,0.0,0.0,0.0,0.0026562461000911863,0.020896179298277077,862718.5,62.09195766448975,0,10,7,2023,0,EFERT.KA
2023-07-11 00:00:00+05:00,62.38449043962893,63.20316783037035,62.38449043962893,62.54972839355469,1280791,0.0,0.0,0.0,0.00289000742211587,0.02087904684452673,908631.5,62.031870651245114,0,11,7,2023,1,EFERT.KA
2023-07-12 00:00:00+05:00,62.71497282395439,62.7975918094492,61.963895305104636,62.4295654296875,1415401,0.0,0.0,0.0,-0.0019210789071878454,0.020773825323189866,951050.0,61.99694557189942,0,12,7,2023,2,EFERT.KA
2023-07-13 00:00:00+05:00,62.37699375431526,62.865189584917225,61.67097901305033,62.361968994140625,1384430,0.0,0.0,0.0,-0.0010827631921129788,0.020671861307289742,1003320.35,61.987557601928714,0,13,7,2023,3,EFERT.KA
2023-07-14 00:00:00+05:00,62.36196878145375,62.52720676120898,62.114111811820905,62.16668701171875,821970,0.0,0.0,0.0,-0.003131427464072245,0.020533913908773817,1014574.05,62.001828002929685,0,14,7,2023,4,EFERT.KA
2023-07-17 00:00:00+05:00,62.00895035310652,62.264319657257495,61.9263313779635,62.10659408569336,608380,0.0,0.0,0.0,-0.0009666419253460123,0.020229344676994703,1000481.75,62.05853443145752,0,17,7,2023,0,EFERT.KA
2023-07-18 00:00:00+05:00,62.316907448272325,62.316907448272325,61.51325467050905,61.77613067626953,970914,0.0,0.0,0.0,-0.005320906971131967,0.02026371129046572,1022952.35,62.10697917938232,0,18,7,2023,1,EFERT.KA
2023-07-19 00:00:00+05:00,61.77613228230882,61.95638930090697,61.44565630632279,61.558319091796875,1488583,0.0,0.0,0.0,-0.003525821091224901,0.020238442158802068,1084689.0,62.160681343078615,0,19,7,2023,2,EFERT.KA
2023-07-20 00:00:00+05:00,61.701018790982054,62.29437071342225,61.445649457022135,61.588356018066406,2488114,0.0,0.0,0.0,0.0004879426000039544,0.020193473978839614,1178865.2,62.230155563354494,0,20,7,2023,3,EFERT.KA
2023-07-21 00:00:00+05:00,61.58835651328783,61.96389527251519,61.5508003452584,61.701019287109375,1349454,0.0,0.0,0.0,0.0018292949564999716,0.020183590733279466,1218336.3,62.309394645690915,0,21,7,2023,4,EFERT.KA
2023-07-24 00:00:00+05:00,61.70101671284189,61.96389268728009,61.483203553945536,61.693504333496094,765668,0.0,0.0,0.0,-0.0001217962636615999,0.01684677773005624,1168235.8,62.241797256469724,0,24,7,2023,0,EFERT.KA
2023-07-25 00:00:00+05:00,61.66346367025905,62.26432798250035,60.844791918353714,62.11410903930664,1053265,0.0,0.0,0.0,0.006817649772930423,0.01650163097221438,1152826.5,62.24818077087402,0,25,7,2023,1,EFERT.KA
2023-07-26 00:00:00+05:00,62.33943145659192,62.97784617485312,62.33943145659192,62.699951171875,1603566,0.0,0.0,0.0,0.009431707894218322,0.01662896975864675,1233004.8,62.28385639190674,0,26,7,2023,2,EFERT.KA
2023-07-27 00:00:00+05:00,62.699951171875,62.699951171875,62.699951171875,62.699951171875,0,0.0,0.0,0.0,0.0,0.01662896975864675,1233004.8,62.319532012939455,0,27,7,2023,3,EFERT.KA
2023-07-28 00:00:00+05:00,62.699951171875,62.699951171875,62.699951171875,62.699951171875,0,0.0,0.0,0.0,0.0,0.01662896975864675,1233004.8,62.35520763397217,0,28,7,2023,4,EFERT.KA
2023-07-31 00:00:00+05:00,61.75360059013697,62.11411462569205,61.36303703297381,61.64093780517578,1524023,0.0,0.0,0.0,-0.01689017849146679,0.011000553902918963,1194941.5,62.16593647003174,0,31,7,2023,0,EFERT.KA
2023-08-01 00:00:00+05:00,61.59587022214694,62.33943537698811,61.58835784232561,62.29437255859375,1123920,0.0,0.0,0.0,0.010600662103539715,0.007022631426103396,1145630.1,62.14190196990967,0,1,8,2023,1,EFERT.KA
2023-08-02 00:00:00+05:00,62.33943632733972,62.75253126980838,61.971409934219324,62.219261169433594,1081815,0.0,0.0,0.0,-0.0012057491884922555,0.006071531640240497,1104601.8,62.162556648254395,0,2,8,2023,2,EFERT.KA
2023-08-03 00:00:00+05:00,62.33192598671529,62.632358161042916,61.58836079621143,61.66346740722656,2358586,0.0,0.0,0.0,-0.008932824848136844,0.006031234962317438,1148187.8,62.12688026428223,0,3,8,2023,3,EFERT.KA
2023-08-04 00:00:00+05:00,61.70102756905349,62.114116821491294,61.10016318153079,61.25788879394531,2173868,0.0,0.0,0.0,-0.006577291714765288,0.00616338386364031,1216426.45,62.079562187194824,0,4,8,2023,4,EFERT.KA
2023-08-07 00:00:00+05:00,61.87388997887719,61.99085504614083,61.2110958631705,61.53859329223633,1157380,3.0,0.0,0.0,0.004582340394315931,0.006234021383151988,1232506.4,62.03801784515381,0,7,8,2023,0,EFERT.KA
2023-08-08 00:00:00+05:00,61.53860741405584,61.60098959079057,60.86022057661399,61.07855224609375,751422,0.0,0.0,0.0,-0.007475650994456795,0.006353800029402747,1206037.95,61.96445903778076,0,8,8,2023,1,EFERT.KA
2023-08-09 00:00:00+05:00,61.21110033882539,61.40604014882165,60.688663075817225,60.782230377197266,1357185,0.0,0.0,0.0,-0.00485148809196656,0.006405605477920658,1203127.15,61.88209228515625,0,9,8,2023,2,EFERT.KA
2023-08-10 00:00:00+05:00,60.829016259704304,61.398237138617276,60.66526754320507,60.75883483886719,611872,0.0,0.0,0.0,-0.0003849075327589935,0.006408846419250534,1164499.25,61.80193557739258,0,10,8,2023,3,EFERT.KA
2023-08-11 00:00:00+05:00,61.16432210139508,62.185804892471246,61.148723583723964,62.08443832397461,1735197,0.0,0.0,0.0,0.02181746059849443,0.008205976722890635,1210160.6,61.797823143005374,0,11,8,2023,4,EFERT.KA
2023-08-14 00:00:00+05:00,62.08443832397461,62.08443832397461,62.08443832397461,62.08443832397461,0,0.0,0.0,0.0,0.0,0.00820304256764618,1179741.6,61.796715354919435,0,14,8,2023,0,EFERT.KA
2023-08-15 00:00:00+05:00,62.263768524300495,62.9499604012039,62.263768524300495,62.35734176635742,982978,0.0,0.0,0.0,0.004395681909188376,0.008158060619579098,1180344.8,61.825775909423825,0,15,8,2023,1,EFERT.KA
2023-08-16 00:00:00+05:00,62.56787995550669,62.64585468994231,61.99085978177399,62.03764343261719,832819,0.0,0.0,0.0,-0.0051268755961101364,0.00820734894671577,1147556.6,61.84974212646485,0,16,8,2023,2,EFERT.KA
2023-08-17 00:00:00+05:00,62.17800531300384,62.965563876774716,61.88169891878603,62.77842330932617,778706,0.0,0.0,0.0,0.011940812637630138,0.008602391530596968,1062086.2,61.90924549102783,0,17,8,2023,3,EFERT.KA
2023-08-18 00:00:00+05:00,62.770621282353304,62.848596019593906,62.224792172577985,62.29496765136719,481771,0.0,0.0,0.0,-0.007700984390399013,0.008814926624083742,1018702.05,61.93894290924072,0,18,8,2023,4,EFERT.KA
2023-08-21 00:00:00+05:00,62.23257771250911,62.575673652443264,61.912879545008046,62.006446838378906,948454,0.0,0.0,0.0,-0.004631526812935882,0.008889462760991838,1027841.35,61.954590034484866,0,21,8,2023,0,EFERT.KA
2023-08-22 00:00:00+05:00,62.17800650347756,62.18580576242223,61.56979518580631,61.647769927978516,449117,0.0,0.0,0.0,-0.005784509977410757,0.008848991292908255,997633.95,61.93127307891846,0,22,8,2023,1,EFERT.KA
2023-08-23 00:00:00+05:00,61.97525963313817,61.99085219848151,61.40603283811848,61.70233917236328,380265,0.0,0.0,0.0,0.0008851779139540383,0.008553720721475705,936468.9,61.88139247894287,0,23,8,2023,2,EFERT.KA
2023-08-24 00:00:00+05:00,61.70234167994265,63.03572916186833,61.67894985643191,62.22478485107422,2579087,0.0,0.0,0.0,0.00846719404351104,0.008799682655996047,1065423.25,61.85763416290283,0,24,8,2023,3,EFERT.KA
2023-08-25 00:00:00+05:00,62.30276191797277,62.38073664896585,61.91288231391673,62.17799758911133,906337,0.0,0.0,0.0,-0.0007519071713123493,0.008799743471639499,1110740.1,61.83153648376465,0,25,8,2023,4,EFERT.KA
2023-08-28 00:00:00+05:00,62.06883184273883,62.20918873831376,61.733535144925966,61.84270095825195,184073,0.0,0.0,0.0,-0.005392528609156955,0.008004051980358034,1043742.6,61.841624641418456,0,28,8,2023,0,EFERT.KA
2023-08-29 00:00:00+05:00,61.951871304404946,61.951871304404946,60.89919748511736,61.08633804321289,414998,0.0,0.0,0.0,-0.012230431454629653,0.008069504858981051,1008296.5,61.781222915649415,0,29,8,2023,1,EFERT.KA
2023-08-30 00:00:00+05:00,61.1409266709304,61.47621744291238,60.64187526941776,60.79003143310547,422763,0.0,0.0,0.0,-0.00485061995200653,0.008116655209960752,975343.9,61.709761428833005,0,30,8,2023,2,EFERT.KA
2023-08-31 00:00:00+05:00,60.96937766183738,60.96937766183738,59.62039154172345,59.97128677368164,1010668,0.0,0.0,0.0,-0.013468403291167719,0.008404397297145481,907948.0,61.62515239715576,0,31,8,2023,3,EFERT.KA
2023-09-01 00:00:00+05:00,59.690578565476606,60.23640771203318,59.26170855811679,60.010276794433594,771979,0.0,0.0,0.0,0.0006501448084497152,0.008323107538947504,837853.55,61.562771797180176,0,1,9,2023,4,EFERT.KA
2023-09-04 00:00:00+05:00,60.15843063668124,60.54831028312883,60.111641033725455,60.40015411376953,415445,0.0,0.0,0.0,0.00649684254367755,0.008401278367560982,800756.8,61.505849838256836,0,4,9,2023,0,EFERT.KA
2023-09-05 00:00:00+05:00,60.47032548878711,60.7042496683045,60.431335150989064,60.50151062011719,260164,0.0,0.0,0.0,0.001678083571719835,0.008272537592035261,776193.9,61.476997756958006,0,5,9,2023,1,EFERT.KA
2023-09-06 00:00:00+05:00,60.62627722345052,60.665267562715954,60.04145782901209,60.11163330078125,571637,0.0,0.0,0.0,-0.006444092310090244,0.008324715737078431,736916.5,61.443467903137204,0,6,9,2023,2,EFERT.KA
2023-09-07 00:00:00+05:00,60.26758901075635,60.26758901075635,59.88550867022063,60.04145812988281,326320,0.0,0.0,0.0,-0.001167414143403822,0.008325877415467442,722638.9,61.40759906768799,0,7,9,2023,3,EFERT.KA
2023-09-08 00:00:00+05:00,60.158428822273805,60.23640355939331,59.97128826336878,60.04926300048828,251656,0.0,0.0,0.0,0.00012999135678182228,0.006461438970966178,648461.85,61.30584030151367,0,8,9,2023,4,EFERT.KA
2023-09-11 00:00:00+05:00,60.04925933068184,60.228600620187464,59.16033429384417,59.378665924072266,671785,0.0,0.0,0.0,-0.011167448906251543,0.006786143386196032,682051.1,61.17055168151855,0,11,9,2023,0,EFERT.KA
2023-09-12 00:00:00+05:00,59.651582267829404,59.651582267829404,59.22271230326093,59.38646697998047,471739,0.0,0.0,0.0,0.00013137809323948701,0.00663315094882333,656489.15,61.02200794219971,0,12,9,2023,1,EFERT.KA
2023-09-13 00:00:00+05:00,59.41765094072607,59.487832364946634,59.19152599924743,59.269500732421875,256803,0.0,0.0,0.0,-0.0019695774728950566,0.006602760838993395,627688.35,60.88360080718994,0,13,9,2023,2,EFERT.KA
2023-09-14 00:00:00+05:00,59.40985370793931,59.41764701637847,59.22270722177212,59.29288864135742,162079,0.0,0.0,0.0,0.00039460276611968936,0.005744901410915058,596857.0,60.70932407379151,0,14,9,2023,3,EFERT.KA
2023-09-15 00:00:00+05:00,59.41764598212003,59.74514935266669,59.378661593331586,59.46443557739258,356666,0.0,0.0,0.0,0.002893212659494271,0.005761141580418255,590601.75,60.56779747009277,0,15,9,2023,4,EFERT.KA
2023-09-18 00:00:00+05:00,59.64377717210999,59.65157642954543,59.339671572121894,59.425445556640625,170383,0.0,0.0,0.0,-0.0006556863841952199,0.005745268501587032,551698.2,60.43874740600586,0,18,9,2023,0,EFERT.KA
2023-09-19 00:00:00+05:00,59.573604650110525,59.573604650110525,59.1837250463128,59.23830795288086,568170,0.0,0.0,0.0,-0.0031491157029929218,0.005686424127538994,557650.85,60.318274307250974,0,19,9,2023,1,EFERT.KA
2023-09-20 00:00:00+05:00,59.42546019949873,59.42546019949873,59.144746353556684,59.222721099853516,221127,0.0,0.0,0.0,-0.00026312117219384756,0.0056617580701985104,549693.95,60.19429340362549,0,20,9,2023,2,EFERT.KA
2023-09-21 00:00:00+05:00,59.378669303115174,59.378669303115174,58.79384985354232,59.129146575927734,804476,0.0,0.0,0.0,-0.0015800443172478973,0.005098758309498784,460963.4,60.03951148986816,0,21,9,2023,3,EFERT.KA
2023-09-22 00:00:00+05:00,59.37865600388844,59.45663072321569,58.87181140462668,59.121334075927734,547323,0.0,0.0,0.0,-0.00013212604024259722,0.005112037221343001,443012.7,59.886678314208986,0,22,9,2023,4,EFERT.KA
2023-09-25 00:00:00+05:00,59.57361221838916,60.002476267595505,58.87182765257986,59.2617073059082,777162,0.0,0.0,0.0,0.002374324466362543,0.005175735493688961,472667.15,59.7576286315918,0,25,9,2023,0,EFERT.KA
2023-09-26 00:00:00+05:00,59.2616928792759,59.573597715826914,58.71586387712907,58.77044677734375,802853,0.0,0.0,0.0,-0.008289678966361458,0.00483417862176157,492059.9,59.64183406829834,0,26,9,2023,1,EFERT.KA
2023-09-27 00:00:00+05:00,58.73146444236104,59.60479691385267,58.715871875499914,59.35527420043945,647260,0.0,0.0,0.0,0.00995104606421271,0.005454975793544715,503284.75,59.57009620666504,0,27,9,2023,2,EFERT.KA
2023-09-28 00:00:00+05:00,59.35527420043945,59.35527420043945,59.35527420043945,59.35527420043945,0,0.0,0.0,0.0,0.0,0.004626461131773029,452751.35,59.53929557800293,0,28,9,2023,3,EFERT.KA
2023-09-29 00:00:00+05:00,59.35527420043945,59.35527420043945,59.35527420043945,59.35527420043945,0,0.0,0.0,0.0,0.0,0.004620190393201356,414152.4,59.50654544830322,0,29,9,2023,4,EFERT.KA
2023-10-02 00:00:00+05:00,59.565806894447,59.76854595927996,59.26170127174295,59.3162841796875,654428,0.0,0.0,0.0,-0.0006568922690894929,0.004313607864762981,426101.55,59.45235195159912,0,2,10,2023,0,EFERT.KA
2023-10-03 00:00:00+05:00,59.41764957052925,61.40603794062381,59.347474097017766,61.14871597290039,2212410,0.0,0.0,0.0,0.030892558739213705,0.008318517077653043,523713.85,59.48471221923828,0,3,10,2023,1,EFERT.KA
2023-10-04 00:00:00+05:00,61.52300560054732,63.2930564685285,60.977170559768176,62.98115158081055,2432917,0.0,0.0,0.0,0.029966869765871262,0.010422245683736444,616777.85,59.628188133239746,0,4,10,2023,2,EFERT.KA
2023-10-05 00:00:00+05:00,63.16828582619801,65.35160771840651,62.981139360425175,64.0884017944336,3360393,0.0,0.0,0.0,0.0175806600202022,0.010917271258762845,768481.5,59.830535316467284,0,5,10,2023,3,EFERT.KA
2023-10-06 00:00:00+05:00,64.10400643179696,64.40811205958966,63.7843082367981,63.979248046875,799743,0.0,0.0,0.0,-0.0017031747477290748,0.010953122284947167,795885.85,60.02703456878662,0,6,10,2023,4,EFERT.KA
2023-10-09 00:00:00+05:00,63.82328805118502,64.91495209912655,63.28525825934854,64.44709777832031,682311,0.0,0.0,0.0,0.007312523134103355,0.010442118635134107,796412.15,60.280456161499025,0,9,10,2023,0,EFERT.KA
2023-10-10 00:00:00+05:00,64.33013225812664,65.11769069454719,64.33013225812664,64.87596130371094,1290246,0.0,0.0,0.0,0.006654504860184707,0.01041166068062495,837337.5,60.55493087768555,0,10,10,2023,1,EFERT.KA
2023-10-11 00:00:00+05:00,64.73561383524114,66.27953985174068,64.73561383524114,66.1625747680664,2467800,0.0,0.0,0.0,0.019831898264016434,0.01083348577011685,947887.35,60.89958457946777,0,11,10,2023,2,EFERT.KA
2023-10-12 00:00:00+05:00,66.27953703257063,69.85862917676575,65.73370793076234,69.18804168701172,9900552,0.0,0.0,0.0,0.045727768750704056,0.013979175023031755,1434811.0,61.394342231750485,0,12,10,2023,3,EFERT.KA
2023-10-13 00:00:00+05:00,69.32060327637227,69.39857801691007,68.1899487167543,68.8839340209961,2382455,0.0,0.0,0.0,-0.004395379007709588,0.01420799358728255,1536100.45,61.86531715393066,0,13,10,2023,4,EFERT.KA
2023-10-16 00:00:00+05:00,69.12565928472392,69.3361916663977,68.15096021401177,68.61101531982422,1442153,0.0,0.0,0.0,-0.003962008050943933,0.014326299197957472,1599688.95,62.32459564208985,0,16,10,2023,0,EFERT.KA
2023-10-17 00:00:00+05:00,68.61101592227315,68.61881518065282,67.97941282261492,68.15876007080078,2060608,0.0,0.0,0.0,-0.006591583682522217,0.014478421266811734,1674310.85,62.77061824798584,0,17,10,2023,1,EFERT.KA
2023-10-18 00:00:00+05:00,67.99500187592702,68.22893202249759,67.53494678985317,67.807861328125,1564006,0.0,0.0,0.0,-0.0051482559587539,0.014650005896630553,1741454.8,63.19987525939941,0,18,10,2023,2,EFERT.KA
2023-10-19 00:00:00+05:00,67.9170289375111,69.3985726903824,67.83905420295807,69.11785888671875,1685194,0.0,0.0,0.0,0.019319257869741868,0.01475888234033101,1785490.7,63.699310874938966,0,19,10,2023,3,EFERT.KA
2023-10-20 00:00:00+05:00,69.08666009834941,70.95808326437064,68.89172030916157,70.4356460571289,3328902,0.0,0.0,0.0,0.0190657985018019,0.014830611396564488,1924569.65,64.26502647399903,0,20,10,2023,4,EFERT.KA
2023-10-23 00:00:00+05:00,70.64618549211933,73.28956882250297,70.64618549211933,72.4708251953125,3934442,0.0,0.0,0.0,0.028894164419715818,0.015391719810884505,2082433.65,64.92548236846923,0,23,10,2023,0,EFERT.KA
2023-10-24 00:00:00+05:00,73.35441062559902,74.51307637557179,72.57085011337197,73.12934875488281,1884765,6.0,0.0,0.0,0.0090867401853858,0.01476961280203628,2136529.25,65.64342746734619,0,24,10,2023,1,EFERT.KA
2023-10-25 00:00:00+05:00,73.1293448633757,73.2710507136806,71.43718672983422,71.55388641357422,1346654,0.0,0.0,0.0,-0.021543502959246563,0.01647777482932655,2171498.95,66.25335807800293,0,25,10,2023,2,EFERT.KA
2023-10-26 00:00:00+05:00,71.39551426975807,71.85397551116009,70.85369065750477,71.68726348876953,1105308,0.0,0.0,0.0,0.0018640088174164404,0.016426305864489628,2226764.35,66.86995754241943,0,26,10,2023,3,EFERT.KA
2023-10-27 00:00:00+05:00,71.68726898289901,71.9790182242702,71.35383855290772,71.8539810180664,738218,0.0,0.0,0.0,0.0023256227282688613,0.01636280687740031,2263675.25,67.49489288330078,0,27,10,2023,4,EFERT.KA
2023-10-30 00:00:00+05:00,71.73726838815207,73.34606404013132,71.72893723965525,73.12100219726562,1143971,0.0,0.0,0.0,0.01763327739461862,0.01626277426505808,2288152.4,68.18512878417968,0,30,10,2023,0,EFERT.KA
2023-10-31 00:00:00+05:00,72.93762972139434,73.10434175975203,72.10405681029269,72.57919311523438,998365,0.0,0.0,0.0,-0.0074097600655084195,0.016005587893211184,2227450.15,68.75665264129638,0,31,10,2023,1,EFERT.KA
2023-11-01 00:00:00+05:00,72.52083567422616,73.56280170402826,72.52083567422616,73.29605865478516,1392956,0.0,0.0,0.0,0.009877011699656268,0.01521312964359938,2175452.1,69.27239799499512,0,1,11,2023,2,EFERT.KA
2023-11-02 00:00:00+05:00,73.39609877170216,73.52112962303613,72.52084465442401,72.94596862792969,573875,0.0,0.0,0.0,-0.004776382704346327,0.015271793421358088,2036126.2,69.71527633666992,0,2,11,2023,3,EFERT.KA
2023-11-03 00:00:00+05:00,72.94595635835333,73.43776124996286,72.52916996492601,72.97096252441406,412800,0.0,0.0,0.0,0.0003426357474511921,0.015219993168468718,2016779.05,70.16486206054688,0,3,11,2023,4,EFERT.KA
2023-11-06 00:00:00+05:00,72.9459582049864,73.77119350415981,72.85426468733871,73.64615631103516,1429568,0.0,0.0,0.0,0.009252910517593804,0.01523024784525765,2054141.9,70.62481498718262,0,6,11,2023,0,EFERT.KA
2023-11-07 00:00:00+05:00,73.72118804933136,76.98045472552671,73.72118804933136,75.25495910644531,3259549,0.0,0.0,0.0,0.02184503409269012,0.015596843123291142,2152607.05,71.14376487731934,0,7,11,2023,1,EFERT.KA
2023-11-08 00:00:00+05:00,75.22994467248182,76.85540907722164,75.07156380650255,76.1468734741211,8411588,0.0,0.0,0.0,0.011851901565904877,0.015366808103051929,2449796.45,71.64297981262207,0,8,11,2023,2,EFERT.KA
2023-11-09 00:00:00+05:00,76.1468734741211,76.1468734741211,76.1468734741211,76.1468734741211,0,0.0,0.0,0.0,0.0,0.01245232886317582,1954768.85,71.99092140197754,0,9,11,2023,3,EFERT.KA
2023-11-10 00:00:00+05:00,76.02184472840598,81.81518010716329,76.02184472840598,79.85628509521484,2825596,0.0,0.0,0.0,0.04871390579620338,0.015628688312506682,1976925.9,72.53953895568847,0,10,11,2023,4,EFERT.KA
2023-11-13 00:00:00+05:00,80.03133046880765,85.02443001965005,80.03133046880765,84.4909439086914,6586730,0.0,0.0,0.0,0.058037495833302755,0.019011566040014527,2234154.75,73.33353538513184,0,13,11,2023,0,EFERT.KA
2023-11-14 00:00:00+05:00,84.66599437056536,86.23310904372485,81.90687026399353,82.46536254882812,3478030,0.0,0.0,0.0,-0.023973946391844136,0.0202005290095903,2305025.85,74.0488655090332,0,14,11,2023,1,EFERT.KA
2023-11-15 00:00:00+05:00,82.4653557107335,83.22390363655677,79.2310956008299,80.79821014404297,1482332,0.0,0.0,0.0,-0.020216395747948424,0.02104910187836521,2300942.15,74.6983829498291,0,15,11,2023,2,EFERT.KA
2023-11-16 00:00:00+05:00,81.35671043106396,85.16613817342656,80.43978155060489,84.33256530761719,7139523,0.0,0.0,0.0,0.04374298833196111,0.02234717434820665,2573658.6,75.45911827087403,0,16,11,2023,3,EFERT.KA
2023-11-17 00:00:00+05:00,84.39925896254756,84.69100821542503,80.98994873955989,81.44841003417969,1758501,0.0,0.0,0.0,-0.034199781103741556,0.0243252876769303,2495138.55,76.00975646972657,0,17,11,2023,4,EFERT.KA
2023-11-20 00:00:00+05:00,80.94825443358704,82.3153133052769,80.43977452110603,81.70680236816406,1337151,0.0,0.0,0.0,0.003172466274982355,0.023812951893778425,2365274.0,76.47155532836913,0,20,11,2023,0,EFERT.KA
2023-11-21 00:00:00+05:00,81.94020721354474,82.51536810995633,81.35670244893367,81.51508331298828,611525,0.0,0.0,0.0,-0.00234642709810029,0.02387920087873115,2301612.0,76.89084205627441,0,21,11,2023,1,EFERT.KA
2023-11-22 00:00:00+05:00,81.5150964319065,82.9405053588342,81.5150964319065,81.68180847167969,2160832,0.0,0.0,0.0,0.002045328936869817,0.023029705716839557,2342320.9,77.3972381591797,0,22,11,2023,2,EFERT.KA
2023-11-23 00:00:00+05:00,81.85684943601873,82.23196102565089,81.60678140258662,81.91519927978516,838144,0.0,0.0,0.0,0.0028573168551524475,0.023019367102322507,2328962.7,77.90863494873047,0,23,11,2023,3,EFERT.KA
2023-11-24 00:00:00+05:00,82.10692065632762,82.30697634727395,80.8982426423049,81.52342224121094,2543078,0.0,0.0,0.0,-0.004782714832153312,0.023148854114576154,2419205.7,78.3921070098877,0,24,11,2023,4,EFERT.KA
2023-11-27 00:00:00+05:00,81.73181820179556,82.23196062588437,81.39838779918438,81.60678100585938,1713146,0.0,0.0,0.0,0.0010225130687202544,0.023029209601859776,2447664.45,78.81639595031739,0,27,11,2023,0,EFERT.KA
2023-11-28 00:00:00+05:00,81.76515889616715,84.19085897470707,81.76515889616715,84.09082794189453,7148610,0.0,0.0,0.0,0.030439222150629774,0.023442072164326602,2755176.7,79.3919776916504,0,28,11,2023,1,EFERT.KA
2023-11-29 00:00:00+05:00,83.56568381513782,84.94108038178213,82.5320551925422,83.69905853271484,3356408,0.0,0.0,0.0,-0.004658883956409565,0.023594078939916458,2853349.3,79.91212768554688,0,29,11,2023,2,EFERT.KA
2023-11-30 00:00:00+05:00,83.44897643943843,85.4412149924409,83.44897643943843,84.1241683959961,2921068,0.0,0.0,0.0,0.005079028016965026,0.023439382491454858,2970708.95,80.47103767395019,0,30,11,2023,3,EFERT.KA
2023-12-01 00:00:00+05:00,84.17419102104242,84.81603933124633,83.81575443336442,84.63265228271484,1092486,0.0,0.0,0.0,0.006044444734659038,0.023383491620674466,3004693.25,81.05412216186524,0,1,12,2023,4,EFERT.KA
2023-12-04 00:00:00+05:00,84.81603380891623,85.60792543820838,84.14917301397641,84.46593475341797,2446322,0.0,0.0,0.0,-0.001969896072026134,0.023478636565744632,3055530.95,81.59511108398438,0,4,12,2023,0,EFERT.KA
2023-12-05 00:00:00+05:00,85.02442446944939,85.02442446944939,83.29059154218639,84.32422637939453,6315632,0.0,0.0,0.0,-0.0016776985235187336,0.023291405913100773,3208335.1,82.04857444763184,0,5,12,2023,1,EFERT.KA
2023-12-06 00:00:00+05:00,84.60764241159981,85.31617804656379,84.14917481033466,84.42425537109375,2378404,0.0,0.0,0.0,0.0011862426255673242,0.023271473653871635,2906675.9,82.46244354248047,0,6,12,2023,2,EFERT.KA
2023-12-07 00:00:00+05:00,85.02443462010741,87.10836684118847,85.01609711051928,86.61656188964844,6740451,0.0,0.0,0.0,0.02596773295681709,0.023673753882572573,3243698.45,82.98592796325684,0,7,12,2023,3,EFERT.KA
2023-12-08 00:00:00+05:00,87.10835770793292,91.6930081136136,87.10835770793292,90.6760482788086,8022357,0.0,0.0,0.0,0.04686732306844554,0.023504366988434163,3503536.5,83.52691612243652,0,8,12,2023,4,EFERT.KA
2023-12-11 00:00:00+05:00,91.68466921815413,94.86058586661896,91.31790151581302,93.95198822021484,5648655,0.0,0.0,0.0,0.036127952238649286,0.021398631163304635,3456632.75,83.99996833801269,0,11,12,2023,0,EFERT.KA
2023-12-12 00:00:00+05:00,93.94365881397287,96.19430935262513,93.94365881397287,95.62747955322266,2659301,0.0,0.0,0.0,0.017833484578108294,0.020382005131318073,3415696.3,84.65807418823242,0,12,12,2023,1,EFERT.KA
2023-12-13 00:00:00+05:00,95.86087828517931,96.01092165340323,90.02586830260317,91.79304504394531,5568049,0.0,0.0,0.0,-0.04009762180486254,0.02221392021351552,3619982.15,85.20781593322754,0,13,12,2023,2,EFERT.KA
2023-12-14 00:00:00+05:00,91.69300826558843,93.56854707102093,90.02586266075956,92.82666778564453,5966681,0.0,0.0,0.0,0.011260360098135802,0.020477444938534407,3561340.05,85.63252105712891,0,14,12,2023,3,EFERT.KA
2023-12-15 00:00:00+05:00,93.27679534551275,94.27708013756023,92.10979218168696,93.82695007324219,3052430,0.0,0.0,0.0,0.010775807334886922,0.018298719912113907,3626036.5,86.25144805908204,0,15,12,2023,4,EFERT.KA
2023-12-18 00:00:00+05:00,94.03534577981044,95.02729944950477,92.06811345787278,92.46823120117188,2227826,0.0,0.0,0.0,-0.014481115191420812,0.018921319367323663,3670570.25,86.78951950073242,0,18,12,2023,0,EFERT.KA
2023-12-19 00:00:00+05:00,93.0267242335942,93.0267242335942,88.3587177740653,89.72577667236328,4257120,0.0,0.0,0.0,-0.029658343121565345,0.02050331286988629,3852850.0,87.20005416870117,0,19,12,2023,1,EFERT.KA
2023-12-20 00:00:00+05:00,89.73411554971226,92.90168845714739,88.6921495223344,90.51766967773438,5763963,0.0,0.0,0.0,0.008825702431785265,0.020507785177204033,4033006.55,87.6418472290039,0,20,12,2023,2,EFERT.KA
2023-12-21 00:00:00+05:00,91.40127340587323,91.52631061779628,90.02587679403302,90.84278106689453,1409780,0.0,0.0,0.0,0.0035916897807646286,0.020503747923862434,4061588.35,88.08822631835938,0,21,12,2023,3,EFERT.KA
2023-12-22 00:00:00+05:00,90.84276525175079,91.52629468365446,89.60907472702786,89.8841552734375,1311071,0.0,0.0,0.0,-0.010552580867720485,0.02069404521317935,3999988.0,88.5062629699707,0,22,12,2023,4,EFERT.KA
2023-12-25 00:00:00+05:00,89.8841552734375,89.8841552734375,89.8841552734375,89.8841552734375,0,0.0,0.0,0.0,0.0,0.020705899020147897,3914330.7,88.92013168334961,0,25,12,2023,0,EFERT.KA
2023-12-26 00:00:00+05:00,89.56739091876868,90.56768205103621,85.86633217237973,86.81660461425781,3580379,0.0,0.0,0.0,-0.0341278243072749,0.021554298272369005,3735919.15,89.05642051696778,0,26,12,2023,1,EFERT.KA
2023-12-27 00:00:00+05:00,86.77492575209807,90.69272166215599,85.8579969594141,89.9425048828125,2705225,0.0,0.0,0.0,0.03600578809138688,0.02279362809114239,3703360.0,89.36859283447265,0,27,12,2023,2,EFERT.KA
2023-12-28 00:00:00+05:00,90.87610841117561,93.2768022656441,90.20091644443438,91.78470611572266,3442565,0.0,0.0,0.0,0.02048198719071026,0.023095555902863756,3729434.85,89.75161972045899,0,28,12,2023,3,EFERT.KA
2023-12-29 00:00:00+05:00,92.09312745567193,95.65248057964635,91.82638440909531,93.5518798828125,3979673,0.0,0.0,0.0,0.019253466529181695,0.023326143223730687,3873794.2,90.19758110046386,0,29,12,2023,4,EFERT.KA
2024-01-01 00:00:00+05:00,93.90198827978935,96.77781223550161,93.90198827978935,96.37770080566406,2518691,0.0,0.0,0.0,0.030205923455427275,0.023902220347853,3877412.65,90.79316940307618,0,1,1,2024,0,EFERT.KA
2024-01-02 00:00:00+05:00,96.77780446390679,97.11123486843347,95.31905200880156,95.72750091552734,1484435,0.0,0.0,0.0,-0.00674637270552636,0.024024396921109182,3635852.8,91.36333312988282,0,2,1,2024,1,EFERT.KA
2024-01-03 00:00:00+05:00,95.44408543499434,97.11123103211213,95.02729903571488,96.5860824584961,1808192,0.0,0.0,0.0,0.008969016580996803,0.023994490752428824,3607342.2,91.97142448425294,0,3,1,2024,2,EFERT.KA
2024-01-04 00:00:00+05:00,97.31962815115375,99.09513599411406,97.23627213987197,97.87812042236328,2796089,0.0,0.0,0.0,0.013377061487325426,0.02363380099252368,3410124.1,92.53450241088868,0,4,1,2024,3,EFERT.KA
2024-01-05 00:00:00+05:00,98.27824608077351,98.27824608077351,96.2776698509014,97.81977844238281,989507,0.0,0.0,0.0,-0.0005960676372688267,0.021656234561519817,3058481.6,92.89168891906738,0,5,1,2024,4,EFERT.KA
2024-01-08 00:00:00+05:00,98.36159789425197,103.68812798331227,97.44466901632154,101.31244659423828,4946862,0.0,0.0,0.0,0.03570513251481855,0.021623424848994422,3023391.95,93.25971183776855,0,8,1,2024,0,EFERT.KA
2024-01-09 00:00:00+05:00,102.11267366281203,103.56308863454336,101.15406361771971,102.91290283203125,1882529,0.0,0.0,0.0,0.015797232142689133,0.021559568406443116,2984553.35,93.62398300170898,0,9,1,2024,1,EFERT.KA
2024-01-10 00:00:00+05:00,103.27967361518152,103.35469211630692,100.94566717655644,101.51249694824219,1970341,0.0,0.0,0.0,-0.013607680332122452,0.01942211924260992,2804667.95,94.10995559692383,0,10,1,2024,2,EFERT.KA
2024-01-11 00:00:00+05:00,101.77089756898665,101.77923507748298,100.57889459989353,101.23741149902344,579611,0.0,0.0,0.0,-0.002709867824047363,0.019444800025917454,2535314.45,94.53049278259277,0,11,1,2024,3,EFERT.KA
2024-01-12 00:00:00+05:00,100.87065120289962,103.90485583334534,100.87065120289962,102.7295150756836,4231999,0.0,0.0,0.0,0.014738657918713649,0.019531839283945633,2594292.9,94.97562103271484,0,12,1,2024,4,EFERT.KA
2024-01-15 00:00:00+05:00,103.36303986755239,103.69647030034676,99.8953735419413,100.2121353149414,1507186,0.0,0.0,0.0,-0.024504931799664065,0.020168793138683975,2558260.9,95.36281623840333,0,15,1,2024,0,EFERT.KA
2024-01-16 00:00:00+05:00,100.77895903960791,100.77895903960791,98.36159649781513,99.51192474365234,642443,0.0,0.0,0.0,-0.006987283217631091,0.01875167015158214,2377527.05,95.85212364196778,0,16,1,2024,1,EFERT.KA
2024-01-17 00:00:00+05:00,99.52026435353598,102.43776939598575,98.36159857402127,102.21270751953125,6132570,0.0,0.0,0.0,0.027140292812507294,0.01936712440174626,2395957.4,96.43687553405762,0,17,1,2024,2,EFERT.KA
2024-01-18 00:00:00+05:00,102.32105865594251,102.48777066793517,100.48720108540088,101.23741149902344,2344364,0.0,0.0,0.0,-0.009541827471123865,0.019682860435767627,2442686.6,96.95660705566407,0,18,1,2024,3,EFERT.KA
2024-01-19 00:00:00+05:00,101.65421235670604,102.11267999442114,100.86232064755067,101.04570770263672,505878,0.0,0.0,0.0,-0.001893606262232117,0.01940174219312963,2402426.95,97.51468467712402,0,19,1,2024,4,EFERT.KA
2024-01-22 00:00:00+05:00,101.07070306318434,101.90427587195288,100.86230986099221,101.79591369628906,558328,0.0,0.0,0.0,0.007424422181891099,0.019350894450335058,2430343.35,98.1102725982666,0,22,1,2024,0,EFERT.KA
2024-01-23 00:00:00+05:00,102.0293152002354,106.69732175508936,101.78757831747531,106.06380462646484,5102626,0.0,0.0,0.0,0.04192595532772714,0.01841359406862279,2506455.7,99.07263259887695,0,23,1,2024,1,EFERT.KA
2024-01-24 00:00:00+05:00,106.69732461010862,108.77292558186706,105.47197150524443,106.08048248291016,4192497,0.0,0.0,0.0,0.00015724361863167502,0.017493425060862603,2580819.3,99.87953147888183,0,24,1,2024,2,EFERT.KA
2024-01-25 00:00:00+05:00,105.8637564900563,108.36447514730173,104.82179038287072,107.85599517822266,11294695,0.0,0.0,0.0,0.016737411574259564,0.017377292920077964,2973425.8,100.68309593200684,0,25,1,2024,3,EFERT.KA
2024-01-26 00:00:00+05:00,107.36418292418396,108.40614896048366,106.28053570256988,107.01408386230469,5227550,0.0,0.0,0.0,-0.007805883340344488,0.01752760068097797,3035819.65,101.35620613098145,0,26,1,2024,4,EFERT.KA
2024-01-29 00:00:00+05:00,107.11410736858667,107.11410736858667,101.87927107660069,102.58780670166016,2212702,0.0,0.0,0.0,-0.04136163204779508,0.019689032895319303,3020520.2,101.66671142578124,0,29,1,2024,0,EFERT.KA
2024-01-30 00:00:00+05:00,102.52946427123503,104.15492884386767,101.19574893475999,101.57085418701172,1199993,0.0,0.0,0.0,-0.009912995972375938,0.019786656050995128,3006298.1,101.95887908935546,0,30,1,2024,1,EFERT.KA
2024-01-31 00:00:00+05:00,101.86259483743055,102.65449282271855,101.52917080115753,101.80424499511719,536473,0.0,0.0,0.0,0.0022978127925925573,0.019739617133294158,2942712.15,102.21978721618652,0,31,1,2024,2,EFERT.KA
2024-02-01 00:00:00+05:00,101.6958809059485,102.27937931810395,100.11209132482635,100.41217803955078,735646,0.0,0.0,0.0,-0.013673957855423136,0.019904182083069738,2839690.0,102.3464900970459,0,1,2,2024,3,EFERT.KA
2024-02-02 00:00:00+05:00,100.86230590085965,104.0298849936745,100.52887551851248,103.49639892578125,1090638,0.0,0.0,0.0,0.030715605880151653,0.02093799456675205,2844746.55,102.63032112121581,0,2,2,2024,4,EFERT.KA
2024-02-06 00:00:00+05:00,104.19659991313802,106.00545136131271,103.07127790600727,105.37194061279297,872956,0.0,0.0,0.0,0.0181218062316999,0.019833919491685528,2641051.25,102.83329582214355,0,6,2,2024,1,EFERT.KA
2024-02-07 00:00:00+05:00,105.86375591143741,107.32250845352415,104.61339658964879,106.5306167602539,947362,0.0,0.0,0.0,0.01099605967891093,0.019688606654389495,2594292.9,103.0141815185547,0,7,2,2024,2,EFERT.KA
2024-02-08 00:00:00+05:00,106.5306167602539,106.5306167602539,106.5306167602539,106.5306167602539,0,0.0,0.0,0.0,0.0,0.019356352140376298,2495775.85,103.26508750915528,0,8,2,2024,3,EFERT.KA
2024-02-09 00:00:00+05:00,105.86375756948917,105.86375756948917,101.90428632181143,104.0382308959961,1424135,0.0,0.0,0.0,-0.023395958270540196,0.020189387015324616,2538002.05,103.4051284790039,0,9,2,2024,4,EFERT.KA
2024-02-12 00:00:00+05:00,103.77148157275279,103.77148157275279,100.19545330869978,101.17906951904297,1506655,0.0,0.0,0.0,-0.02748183386366254,0.020932399853511818,2401734.85,103.32760620117188,0,12,2,2024,0,EFERT.KA
2024-02-13 00:00:00+05:00,101.19574657799417,105.28025486804492,100.07042448779045,104.66340637207031,1820765,0.0,0.0,0.0,0.0344373284869115,0.021523502483099737,2417413.8,103.55016975402832,0,13,2,2024,1,EFERT.KA
2024-02-14 00:00:00+05:00,104.61339772350824,108.1977636953476,104.61339772350824,107.31417846679688,4763095,0.0,0.0,0.0,0.025326636946090497,0.021989936270250133,2623446.4,103.94028244018554,0,14,2,2024,2,EFERT.KA
2024-02-15 00:00:00+05:00,108.27278336838162,108.36447689606621,104.96349794101056,106.01380157470703,2672703,0.0,0.0,0.0,-0.012117475161888103,0.021564670917932093,2450453.05,104.13033714294434,0,15,2,2024,3,EFERT.KA
2024-02-16 00:00:00+05:00,108.88128586606854,112.11555272106446,106.07214932160188,108.26445007324219,10886102,0.0,0.0,0.0,0.021229768814102323,0.021790814386613393,2877539.95,104.48168907165527,0,16,2,2024,4,EFERT.KA
2024-02-19 00:00:00+05:00,107.53088603455708,110.03160431443051,106.69731327459928,109.22303771972656,2123177,0.0,0.0,0.0,0.008854131211453842,0.021781083607521515,2958404.9,104.89055557250977,0,19,2,2024,0,EFERT.KA
2024-02-20 00:00:00+05:00,109.61482195377337,110.36503237751951,107.7892955074382,108.30610656738281,1913074,0.0,0.0,0.0,-0.008395034339702678,0.021941559158086633,3026142.2,105.21606521606445,0,20,2,2024,1,EFERT.KA
2024-02-21 00:00:00+05:00,109.15636498952229,110.40672429689211,109.15636498952229,110.04829406738281,1974214,0.0,0.0,0.0,0.016085773510066126,0.020244592107318982,2869721.6,105.41528968811035,0,21,2,2024,2,EFERT.KA
2024-02-22 00:00:00+05:00,110.07329780522535,113.81603177560774,109.34808077383332,112.49065399169922,3579931,0.0,0.0,0.0,0.022193528259701445,0.020730519186165818,2839093.3,105.73579826354981,0,22,2,2024,3,EFERT.KA
2024-02-23 00:00:00+05:00,113.3659164231059,113.7827028805438,110.61512326015317,112.6740493774414,3154586,0.0,0.0,0.0,0.0016303166461786311,0.020482842115265423,2432087.85,105.97670097351075,0,23,2,2024,4,EFERT.KA
2024-02-26 00:00:00+05:00,112.69905624389364,113.78270358379243,111.8238021340018,112.85743713378906,1564344,0.0,0.0,0.0,0.0016275953279476507,0.020343909121848424,2248927.55,106.26886863708496,0,26,2,2024,0,EFERT.KA
2024-02-27 00:00:00+05:00,112.53233580512914,114.61626794966857,112.1989117497278,113.81603240966797,878412,0.0,0.0,0.0,0.008493860043468082,0.017495322014425645,2182213.05,106.83027992248535,0,27,2,2024,1,EFERT.KA
2024-02-28 00:00:00+05:00,114.06610399315159,118.36734288586437,113.36590586251799,116.95027160644531,5551847,0.0,0.0,0.0,0.02753776537822028,0.017777463551954253,2399805.75,107.59925079345703,0,28,2,2024,2,EFERT.KA
2024-02-29 00:00:00+05:00,117.50877112615868,123.28542513901783,117.49209610697869,122.38517761230469,9034636,0.0,0.0,0.0,0.04647194000667754,0.019766099792844504,2824713.9,108.6282974243164,0,29,2,2024,3,EFERT.KA
2024-03-01 00:00:00+05:00,122.28513516606424,124.57746051509149,120.57630827110873,122.24345397949219,4169314,0.0,0.0,0.0,-0.0011580130500888908,0.019185635544969486,2996397.3,109.71986122131348,0,1,3,2024,4,EFERT.KA
2024-03-04 00:00:00+05:00,122.53520469669655,124.95256079006312,122.16009947107925,122.68524169921875,3133766,0.0,0.0,0.0,0.0036139989941765815,0.01859794079209385,3098553.7,110.67930335998535,0,4,3,2024,0,EFERT.KA
2024-03-05 00:00:00+05:00,123.27707737664642,123.2854085254573,121.70162533823216,122.74359130859375,1062272,0.0,0.0,0.0,0.0004756041441240644,0.01854612012344219,3108019.5,111.54788589477539,0,5,3,2024,1,EFERT.KA
2024-03-06 00:00:00+05:00,123.20206027202886,123.66052784803247,122.07673192359375,122.39349365234375,1223008,0.0,0.0,0.0,-0.0028522683141135596,0.018679386334918523,3121801.8,112.34102973937988,0,6,3,2024,2,EFERT.KA
2024-03-07 00:00:00+05:00,121.95171285375025,122.45184894182051,120.95975910800566,121.76832580566406,408651,0.0,0.0,0.0,-0.005107851961930754,0.01881640131107248,3142234.35,113.1029151916504,0,7,3,2024,3,EFERT.KA
2024-03-08 00:00:00+05:00,122.11841157711352,123.78555712765431,121.32651998446886,122.73526000976562,477816,0.0,0.0,0.0,0.00794076947107536,0.017415785684473283,3094918.4,114.03776664733887,0,8,3,2024,4,EFERT.KA
2024-03-11 00:00:00+05:00,122.95198476932826,123.78555754742541,122.52686723145075,123.0436782836914,505096,0.0,0.0,0.0,0.00251287424576474,0.015325642695902305,3044840.45,115.1309970855713,0,11,3,2024,0,EFERT.KA
2024-03-12 00:00:00+05:00,122.66023444991484,123.5354884481742,122.66023444991484,122.91030883789062,233439,0.0,0.0,0.0,-0.0010839195289114034,0.014365447101238007,2965474.15,116.0433422088623,0,12,3,2024,1,EFERT.KA
2024-03-13 00:00:00+05:00,123.00199625410767,123.86891906017456,122.33513549235877,122.56853485107422,746782,0.0,0.0,0.0,-0.0027806779597892017,0.013967413487143265,2764658.5,116.80606002807617,0,13,3,2024,2,EFERT.KA
2024-03-14 00:00:00+05:00,122.56854158300541,124.10232523506244,122.56854158300541,123.51881408691406,4434394,0.0,0.0,0.0,0.00775304393574161,0.013241926273185912,2852743.05,117.68131065368652,0,14,3,2024,3,EFERT.KA
2024-03-15 00:00:00+05:00,125.47495252407926,125.60713224629045,120.54055213437046,125.14893341064453,3161462,8.0,0.0,0.0,0.013197336258292003,0.012929773123438093,2466511.05,118.52553482055664,0,15,3,2024,4,EFERT.KA
2024-03-18 00:00:00+05:00,125.1225124507184,127.49279318288261,124.68194022377926,126.32086944580078,2694558,0.0,0.0,0.0,0.009364330987231329,0.012933398587176799,2495080.1,119.38042640686035,0,18,3,2024,0,EFERT.KA
2024-03-19 00:00:00+05:00,125.98603260044061,127.79238145361809,125.87149296203452,127.62496185302734,9633401,0.0,0.0,0.0,0.010323649710043403,0.012398270294819916,2881096.45,120.34636917114258,0,19,3,2024,1,EFERT.KA
2024-03-20 00:00:00+05:00,127.80998229980467,128.29461434965663,126.88477810375912,127.80998229980469,1865014,0.0,0.0,0.0,0.0014497198987641902,0.012347113761977392,2875636.45,121.23445358276368,0,20,3,2024,2,EFERT.KA
2024-03-21 00:00:00+05:00,128.10078447503034,128.64708973170184,127.32537305637612,127.6866455078125,1561652,0.0,0.0,0.0,-0.0009650012446045242,0.011985138721391989,2774722.5,121.99425315856934,0,21,3,2024,3,EFERT.KA
2024-03-22 00:00:00+05:00,127.54566226074446,127.81000829125703,125.56308719969662,127.21082305908203,1311547,0.0,0.0,0.0,-0.0037264856229726195,0.012156494766817454,2682570.55,122.72109184265136,0,22,3,2024,4,EFERT.KA
2024-03-26 00:00:00+05:00,129.88069149476507,129.92475140798132,128.20652235413047,128.32107543945312,392590,0.0,0.0,0.0,0.008727656607138368,0.012120960289828014,2623982.85,123.49427375793456,0,26,3,2024,1,EFERT.KA
2024-03-27 00:00:00+05:00,128.3210676308979,130.409375627332,127.76594233758877,129.59872436523438,692997,0.0,0.0,0.0,0.009956656935782071,0.01213796642557498,2614712.1,124.2834083557129,0,27,3,2024,2,EFERT.KA
2024-03-28 00:00:00+05:00,129.7044551097885,130.57679292030963,129.44892914550078,130.10096740722656,1010900,0.0,0.0,0.0,0.0038753702588674166,0.011096436076671273,2387664.75,124.94094314575196,0,28,3,2024,3,EFERT.KA
2024-03-29 00:00:00+05:00,129.66041034695962,130.30365552515298,128.58541296020175,129.28152465820312,442653,0.0,0.0,0.0,-0.006298513880058421,0.005849617427833245,1958065.6,125.28576049804687,0,29,3,2024,4,EFERT.KA
2024-04-01 00:00:00+05:00,130.30363537522544,130.41817500203123,128.73519945253497,128.9730987548828,250590,0.0,0.0,0.0,-0.0023856920324519804,0.005899137589152058,1762129.4,125.6222427368164,0,1,4,2024,0,EFERT.KA
2024-04-02 00:00:00+05:00,129.51060783301241,129.51060783301241,127.76594558213233,127.9686050415039,508338,0.0,0.0,0.0,-0.007788397139220304,0.006340580634648099,1630858.0,125.88641090393067,0,2,4,2024,1,EFERT.KA
2024-04-03 00:00:00+05:00,127.76594432291118,134.1983014502765,127.45753838957009,132.96469116210938,1880353,0.0,0.0,0.0,0.03904149864714945,0.010385356791526955,1671762.05,126.39746589660645,0,3,4,2024,2,EFERT.KA
2024-04-04 00:00:00+05:00,133.80178879173852,136.40116220457787,133.669609058423,134.03968811035156,1684907,0.0,0.0,0.0,0.008084830181958269,0.010289867470654888,1694857.0,126.97977561950684,0,4,4,2024,3,EFERT.KA
2024-04-08 00:00:00+05:00,134.81508690934996,134.8238935126683,132.96467837761386,133.5286102294922,633717,0.0,0.0,0.0,-0.003812884736337341,0.010229432926001,1706110.3,127.56778984069824,0,8,4,2024,0,EFERT.KA
2024-04-09 00:00:00+05:00,133.93395665522843,136.57739001026582,131.290523300191,135.9341583251953,2442002,0.0,0.0,0.0,0.01801522603709249,0.01063885874141015,1804319.6,128.22773475646972,0,9,4,2024,1,EFERT.KA
2024-04-15 00:00:00+05:00,134.9032188711288,135.43189746694867,131.64297369351922,134.0485076904297,2224622,0.0,0.0,0.0,-0.013871793947880184,0.011454089247666239,1890295.9,128.77797622680663,0,15,4,2024,0,EFERT.KA
2024-04-16 00:00:00+05:00,134.39214148245455,135.69623136992624,132.17165393174633,132.62103271484375,1847270,0.0,0.0,0.0,-0.010648943432347124,0.011884678410455375,1970987.45,129.2635124206543,0,16,4,2024,1,EFERT.KA
2024-04-17 00:00:00+05:00,131.29051972761795,132.03949786924355,129.96880308606475,130.427001953125,1334065,0.0,0.0,0.0,-0.016543610894934502,0.012663315823462145,2000351.6,129.65643577575685,0,17,4,2024,2,EFERT.KA
2024-04-18 00:00:00+05:00,130.80588162134396,139.2208132101081,129.27269899218362,135.81959533691406,3488713,0.0,0.0,0.0,0.04134568228231705,0.015261954643993337,1953067.55,130.27147483825684,0,18,4,2024,3,EFERT.KA
2024-04-19 00:00:00+05:00,137.44974013997864,139.83763428809684,136.76244848186946,138.66571044921875,2566591,0.0,0.0,0.0,0.020955114063214708,0.015580083769690917,1923324.0,130.94731369018555,0,19,4,2024,4,EFERT.KA
2024-04-22 00:00:00+05:00,139.22081456248773,143.62653654231332,139.2120079587988,142.16383361816406,5040996,0.0,0.0,0.0,0.02522702373653063,0.01619203441749101,2040645.9,131.7394618988037,0,22,4,2024,0,EFERT.KA
2024-04-23 00:00:00+05:00,142.16384384144527,143.1419147291094,141.0712333168025,142.19027709960938,1227165,0.0,0.0,0.0,0.00018600709317073694,0.01620981168778546,1620334.1,132.4677276611328,0,23,4,2024,1,EFERT.KA
2024-04-24 00:00:00+05:00,142.22552714327728,144.94826023327383,142.22552714327728,143.69703674316406,1540645,0.0,0.0,0.0,0.010596783931289044,0.016217335876888783,1604115.65,133.26208038330077,0,24,4,2024,2,EFERT.KA
2024-04-25 00:00:00+05:00,143.62653342697655,145.82939436910812,143.45030724064526,145.3976287841797,1561364,0.0,0.0,0.0,0.01183456583071485,0.016180584321188244,1604101.25,134.14762954711915,0,25,4,2024,3,EFERT.KA
2024-04-26 00:00:00+05:00,146.26998423203196,155.95376694405033,146.26998423203196,154.20909118652344,7583099,0.0,0.0,0.0,0.0606025179091676,0.019963368471065997,1917678.85,135.4975429534912,0,26,4,2024,4,EFERT.KA
2024-04-29 00:00:00+05:00,156.96066991937886,156.9698983706865,147.30239820859984,147.81947326660156,3383447,8.0,0.0,0.0,-0.04143476802021562,0.023028285769705323,2067221.7,136.47246284484862,0,29,4,2024,0,EFERT.KA
2024-04-30 00:00:00+05:00,148.01339817780314,148.56740118536936,145.1048295534303,145.70501708984375,1232437,0.0,0.0,0.0,-0.01430431410714239,0.02351737123884442,2094193.7,137.2777774810791,0,30,4,2024,1,EFERT.KA
2024-05-02 00:00:00+05:00,145.70501644380477,145.75118688320725,142.65795060336072,143.19349670410156,2318621,0.0,0.0,0.0,-0.017237020631853395,0.024090919581943333,2159579.75,137.93240394592286,0,2,5,2024,3,EFERT.KA
2024-05-03 00:00:00+05:00,144.042971226057,144.78165594762822,142.19626646674857,143.0549774169922,1762736,0.0,0.0,0.0,-0.0009673573891111342,0.02398768781896747,2225583.9,138.6210765838623,0,3,5,2024,4,EFERT.KA
2024-05-06 00:00:00+05:00,144.04298352090134,144.504659750135,142.24244904473815,143.44281005859375,1964570,0.0,0.0,0.0,0.0027110740821765233,0.023928239324400143,2311282.9,139.34456214904785,0,6,5,2024,0,EFERT.KA
2024-05-07 00:00:00+05:00,143.44281213541748,143.58130937049663,140.71891107210882,141.217529296875,1113771,0.0,0.0,0.0,-0.015513365645930643,0.024216334861185705,2341554.55,140.00700836181642,0,7,5,2024,1,EFERT.KA
2024-05-08 00:00:00+05:00,141.282147081524,141.282147081524,138.5028614015263,139.5185546875,2385283,0.0,0.0,0.0,-0.012030904504803597,0.023129821271002462,2366801.05,140.33470153808594,0,8,5,2024,2,EFERT.KA
2024-05-09 00:00:00+05:00,138.56752126418164,139.41700390306045,135.75129322324344,137.13632202148438,2770043,0.0,0.0,0.0,-0.01707466559807369,0.02350044433801967,2421057.85,140.4895332336426,0,9,5,2024,3,EFERT.KA
2024-05-10 00:00:00+05:00,136.8962205548388,138.49363033712334,133.75682805798579,134.01536560058594,2548298,0.0,0.0,0.0,-0.022758058367713052,0.024095974266649833,2516786.9,140.51387100219728,0,10,5,2024,4,EFERT.KA
2024-05-13 00:00:00+05:00,134.34778358923833,134.78176037470706,132.96275489244206,134.68019104003906,2990537,0.0,0.0,0.0,0.0049608150264988105,0.02376984974478981,2544213.65,140.45117263793946,0,13,5,2024,0,EFERT.KA
2024-05-14 00:00:00+05:00,134.9479450191009,143.11039078534492,134.9479450191009,140.54347229003906,2776338,0.0,0.0,0.0,0.04353484506312366,0.025439248918601727,2571799.45,140.77592086791992,0,14,5,2024,1,EFERT.KA
2024-05-15 00:00:00+05:00,141.27292296142005,144.50465649321725,139.42621808610738,142.3994140625,2846740,0.0,0.0,0.0,0.013205464061901262,0.025340838301193266,2621772.95,141.26483993530275,0,15,5,2024,2,EFERT.KA
2024-05-16 00:00:00+05:00,142.1962636885974,142.88877795980812,140.4049578527875,140.77430725097656,702666,0.0,0.0,0.0,-0.011412313893441772,0.02514858391100389,2590203.0,141.7822052001953,0,16,5,2024,3,EFERT.KA
2024-05-17 00:00:00+05:00,140.77431884435126,142.65795161790456,140.35879897601384,142.3994140625,857800,0.0,0.0,0.0,0.011544058310485328,0.023666113237201518,2458657.35,142.1111961364746,0,17,5,2024,4,EFERT.KA
2024-05-20 00:00:00+05:00,142.7041200178273,145.52034773027208,142.0577761385547,143.1103973388672,1739596,0.0,0.0,0.0,0.004992880631202068,0.02328167096916989,2417307.6,142.33343048095702,0,20,5,2024,0,EFERT.KA
2024-05-21 00:00:00+05:00,143.39663855956317,144.0245114638519,142.2886184354276,142.72259521484375,399842,0.0,0.0,0.0,-0.0027098109657621716,0.022633266661748096,2185249.9,142.36136856079102,0,21,5,2024,1,EFERT.KA
2024-05-22 00:00:00+05:00,142.33478724424347,143.55361934993715,141.6422728448925,143.1565704345703,786040,0.0,0.0,0.0,0.0030406903621202908,0.022640605178458256,2163193.65,142.40968322753906,0,22,5,2024,2,EFERT.KA
2024-05-23 00:00:00+05:00,143.39664533280546,143.80292268500145,142.33478150970387,143.10116577148438,1119697,0.0,0.0,0.0,-0.00038702144734081845,0.022517699802469277,2142146.25,142.37988967895507,0,23,5,2024,3,EFERT.KA
2024-05-24 00:00:00+05:00,143.11961506662342,146.35134831006332,142.47327123578322,145.99124145507812,5898450,0.0,0.0,0.0,0.020196031723521024,0.02282394505264952,2359000.55,142.4095703125,0,24,5,2024,4,EFERT.KA
2024-05-27 00:00:00+05:00,146.42522131421455,146.5821895272516,144.6893143407054,146.00047302246094,2363989,0.0,0.0,0.0,6.323370697303154e-05,0.017912126522801105,2098045.05,141.99913940429687,0,27,5,2024,0,EFERT.KA
2024-05-28 00:00:00+05:00,146.00047302246094,146.00047302246094,146.00047302246094,146.00047302246094,0,0.0,0.0,0.0,0.0,0.01540178029792498,1928872.7,141.90818939208984,0,28,5,2024,1,EFERT.KA
2024-05-29 00:00:00+05:00,146.3513557288438,148.65973673403062,145.88967952780644,146.0097198486328,1149552,0.0,0.0,0.0,6.333422063953265e-05,0.015055560391998641,1924728.45,141.9234245300293,0,29,5,2024,2,EFERT.KA
2024-05-30 00:00:00+05:00,146.32365153185015,146.6283595053477,145.65883669680798,146.03741455078125,1144060,0.0,0.0,0.0,0.0001896771131206787,0.014486122742845442,1866000.4,142.06562042236328,0,30,5,2024,3,EFERT.KA
2024-05-31 00:00:00+05:00,146.06512096894758,148.52124177738972,146.05587842767238,148.08726501464844,1146375,0.0,0.0,0.0,0.014036474626537565,0.014760290211891798,1835182.35,142.3172348022461,0,31,5,2024,4,EFERT.KA
2024-06-03 00:00:00+05:00,148.19806904597237,148.6135748329261,146.07435558135958,146.3513641357422,558258,0.0,0.0,0.0,-0.011722148280168043,0.015064774872788301,1764866.75,142.46266250610353,0,3,6,2024,0,EFERT.KA
2024-06-04 00:00:00+05:00,146.3513557288438,147.26547967902403,144.97555557762624,146.0097198486328,980765,0.0,0.0,0.0,-0.0023344113608158024,0.014579761594583534,1758216.45,142.7022720336914,0,4,6,2024,1,EFERT.KA
2024-06-05 00:00:00+05:00,145.889684737727,147.0900457211386,145.05867318187902,146.822265625,504813,0.0,0.0,0.0,0.005565011543132492,0.014229840899776316,1664192.95,143.0674575805664,0,5,6,2024,2,EFERT.KA
2024-06-06 00:00:00+05:00,146.7299261571407,146.7299261571407,145.88967213242904,145.99124145507812,1059588,0.0,0.0,0.0,-0.005660069107259247,0.013612621820312818,1578670.2,143.51020355224608,0,6,6,2024,3,EFERT.KA
2024-06-07 00:00:00+05:00,145.79734332518254,147.173143520499,142.33477170641564,146.462158203125,3413841,0.0,0.0,0.0,0.003225650685296566,0.012165798220794085,1621947.35,144.13254318237304,0,7,6,2024,4,EFERT.KA
2024-06-10 00:00:00+05:00,146.46214808244105,146.46214808244105,144.78165409932814,145.28025817871094,439913,0.0,0.0,0.0,-0.008069661398645511,0.012485637975655299,1494416.15,144.66254653930665,0,10,6,2024,0,EFERT.KA
2024-06-11 00:00:00+05:00,146.35136460621501,146.35136460621501,144.0245124668576,145.43724060058594,987027,0.0,0.0,0.0,0.0010805488911087568,0.008291190674746513,1404950.6,144.907234954834,0,11,6,2024,1,EFERT.KA
2024-06-12 00:00:00+05:00,144.11686274145808,146.62838271827727,144.11686274145808,146.0189666748047,1826361,0.0,0.0,0.0,0.003999842625014738,0.007866133046148782,1353931.65,145.0882125854492,0,12,6,2024,2,EFERT.KA
2024-06-13 00:00:00+05:00,146.7206858894069,152.9994848203491,144.99402146686245,152.25157165527344,1847033,0.0,0.0,0.0,0.042683530245418266,0.011657237718619257,1411150.0,145.66207580566407,0,13,6,2024,3,EFERT.KA
2024-06-14 00:00:00+05:00,153.27651559233001,154.3845357787637,152.35316308876176,152.78713989257812,902250,0.0,0.0,0.0,0.003517653259549336,0.011520848508874524,1413372.5,146.18146209716798,0,14,6,2024,4,EFERT.KA
2024-06-20 00:00:00+05:00,153.285716992632,157.52391494385577,152.87021125720497,155.3448028564453,1938785,0.0,0.0,0.0,0.016740040854652083,0.011889753045107844,1423331.95,146.79318237304688,0,20,6,2024,3,EFERT.KA
2024-06-21 00:00:00+05:00,155.58488071872213,158.32723849710524,150.48797148253416,151.54983520507812,1332631,0.0,0.0,0.0,-0.0244293184038743,0.013442310017570132,1469971.4,147.2345443725586,0,21,6,2024,4,EFERT.KA
2024-06-24 00:00:00+05:00,152.3531350843477,153.27648741819226,149.3984104338929,151.55905151367188,1308257,0.0,0.0,0.0,6.081371570787475e-05,0.01345938834383531,1496082.25,147.65466842651367,0,24,6,2024,0,EFERT.KA
2024-06-25 00:00:00+05:00,151.42979688520003,152.3993197440813,150.27560636016042,151.07891845703125,477051,0.0,0.0,0.0,-0.003167960289044869,0.013509848895546647,1463949.95,148.053556060791,0,25,6,2024,1,EFERT.KA
2024-06-26 00:00:00+05:00,150.50644355580576,155.2155465052109,150.50644355580576,152.27005004882812,1396914,0.0,0.0,0.0,0.007884168115326107,0.012944210646049538,1238873.15,148.36749649047852,0,26,6,2024,2,EFERT.KA
2024-06-27 00:00:00+05:00,152.37161992053936,155.9449892686387,152.3531489271974,153.74740600585938,1330569,0.0,0.0,0.0,0.009702209702810993,0.01304008959257928,1187202.15,148.75484313964844,0,27,6,2024,3,EFERT.KA
2024-06-28 00:00:00+05:00,154.19985855647928,154.66153477970227,153.09183843859213,153.47964477539062,978742,0.0,0.0,0.0,-0.0017415658411729096,0.013064637138263809,1236139.25,149.12880172729493,0,28,6,2024,4,EFERT.KA
2024-07-01 00:00:00+05:00,153.7381772416623,160.00773394612585,153.27650103372937,157.05300903320312,2781277,0.0,0.0,0.0,0.023282333387218523,0.013837880356899096,1317725.5,149.68096618652345,0,1,7,2024,0,EFERT.KA
2024-07-02 00:00:00+05:00,157.35772756989775,159.27830241435657,156.5082449810634,157.71783447265625,1607730,0.0,0.0,0.0,0.00423312767800943,0.013812761674126537,1340909.0,150.26498718261718,0,2,7,2024,1,EFERT.KA
2024-07-03 00:00:00+05:00,157.4316011774841,158.5396213591255,155.3078876106141,155.69569396972656,1365050,0.0,0.0,0.0,-0.012821254550513528,0.014082876861123353,1351842.75,150.6454086303711,0,3,7,2024,2,EFERT.KA
2024-07-04 00:00:00+05:00,156.27739950534743,157.46851794632937,155.16937940203493,155.9449920654297,600352,0.0,0.0,0.0,0.0016011881211794865,0.013678990989700292,1353947.45,151.12509002685547,0,4,7,2024,3,EFERT.KA
2024-07-05 00:00:00+05:00,156.50824188658532,156.6929095606388,155.03087231567656,155.31712341308594,454529,0.0,0.0,0.0,-0.004026218758472977,0.013720624554124077,1327635.65,151.59046020507813,0,5,7,2024,4,EFERT.KA
2024-07-08 00:00:00+05:00,155.12320623668336,155.70492276862765,153.7381776095701,154.384521484375,446587,0.0,0.0,0.0,-0.006004501681572849,0.01385811339941626,1324724.35,151.96857299804688,0,8,7,2024,0,EFERT.KA
2024-07-09 00:00:00+05:00,154.84618365637144,156.5082206760891,154.43067792375166,155.74183654785156,927856,0.0,0.0,0.0,0.008791782041530194,0.013781059817069874,1318137.75,152.45610275268555,0,9,7,2024,1,EFERT.KA
2024-07-10 00:00:00+05:00,155.4002163571847,156.36973922385206,154.65230314523097,154.82772827148438,343917,0.0,0.0,0.0,-0.0058693816422688005,0.013933798283260647,1164641.55,152.8743812561035,0,10,7,2024,2,EFERT.KA
2024-07-11 00:00:00+05:00,155.12319461822662,155.58487079268565,154.20907072067186,154.51377868652344,307796,0.0,0.0,0.0,-0.002027734879700871,0.013748342875704202,1158035.7,153.33605728149413,0,11,7,2024,3,EFERT.KA
2024-07-12 00:00:00+05:00,154.89237450970657,157.89326999201086,151.89147902740226,156.0742645263672,960823,0.0,0.0,0.0,0.010099331290121638,0.01382374781435132,1156725.5,153.8679084777832,0,12,7,2024,4,EFERT.KA
2024-07-15 00:00:00+05:00,156.1850665673042,157.5977947364735,156.09273977272392,156.960693359375,600436,0.0,0.0,0.0,0.0056795323412084375,0.013831242740724123,1095429.25,154.4149948120117,0,15,7,2024,0,EFERT.KA
2024-07-16 00:00:00+05:00,156.960693359375,156.960693359375,156.960693359375,156.960693359375,0,0.0,0.0,0.0,0.0,0.010357920716794432,1003077.6,154.65045089721679,0,16,7,2024,1,EFERT.KA
2024-07-17 00:00:00+05:00,156.960693359375,156.960693359375,156.960693359375,156.960693359375,0,0.0,0.0,0.0,0.0,0.010353065734811234,957965.1,154.85912857055663,0,17,7,2024,2,EFERT.KA
2024-07-18 00:00:00+05:00,157.4315921932685,158.68735208459674,156.04656352294649,158.26260375976562,876936,0.0,0.0,0.0,0.008294499549704293,0.00985466232122608,904872.65,155.00501861572266,0,18,7,2024,3,EFERT.KA
2024-07-19 00:00:00+05:00,157.89326586200121,158.80738984174974,155.5848847821474,157.49623107910156,1486280,0.0,0.0,0.0,-0.004842411678171121,0.007994646745454451,912555.1,155.30233840942384,0,19,7,2024,4,EFERT.KA
2024-07-22 00:00:00+05:00,156.96991915733128,159.64763567196601,156.04656669169992,156.91452026367188,3393924,0.0,0.0,0.0,-0.003693490386684428,0.008085062291455952,1016838.45,155.57011184692382,0,22,7,2024,0,EFERT.KA
2024-07-23 00:00:00+05:00,157.81016213016443,158.4565059925817,155.9172868915399,156.7667694091797,812872,0.0,0.0,0.0,-0.0009416009063017983,0.008028645335781626,1033629.5,155.85450439453126,0,23,7,2024,1,EFERT.KA
2024-07-24 00:00:00+05:00,156.96990776756513,159.6476240879043,156.09272580671194,159.1951904296875,1924886,0.0,0.0,0.0,0.015490661890016577,0.008494676068060095,1060028.1,156.2007614135742,0,24,7,2024,2,EFERT.KA
2024-07-25 00:00:00+05:00,158.35493359884782,159.2782859813484,156.7852373664447,157.3946533203125,2374490,0.0,0.0,0.0,-0.01131024815834658,0.008819039090455288,1112224.15,156.38312377929688,0,25,7,2024,3,EFERT.KA
2024-07-26 00:00:00+05:00,157.07149110392703,158.35495048892656,156.69291320530542,157.2007598876953,456474,0.0,0.0,0.0,-0.0012318933872714766,0.008810794744506167,1086110.75,156.5691795349121,0,26,7,2024,4,EFERT.KA
2024-07-29 00:00:00+05:00,157.43158072289114,159.73996167190714,157.24691306481768,157.91172790527344,1438417,0.0,0.0,0.0,0.004522675450716829,0.007189563407257557,1018967.75,156.61211547851562,0,29,7,2024,0,EFERT.KA
2024-07-30 00:00:00+05:00,157.06226270414862,158.26260965844085,153.27651189513867,154.8092803955078,1625018,0.0,0.0,0.0,-0.019646720043660637,0.00838502057325459,1019832.15,156.4666877746582,0,30,7,2024,1,EFERT.KA
2024-07-31 00:00:00+05:00,147.7363889344544,159.18595344117864,145.98202495155374,154.94776916503906,13227280,0.0,0.0,0.0,0.000894576663475366,0.007905603437919585,1612943.65,156.42929153442384,0,31,7,2024,2,EFERT.KA
2024-08-01 00:00:00+05:00,155.0770522038674,156.46208097750582,153.5627546415924,154.22756958007812,823064,0.0,0.0,0.0,-0.004648015191453525,0.00795356003770134,1624079.25,156.34342041015626,0,1,8,2024,3,EFERT.KA
2024-08-02 00:00:00+05:00,154.19986534919704,156.72061369404977,154.19986534919704,155.1324462890625,433681,0.0,0.0,0.0,0.0058671527499791765,0.008031516401826783,1623036.85,156.33418655395508,0,2,8,2024,4,EFERT.KA
2024-08-05 00:00:00+05:00,154.22754625891386,159.09361722613932,153.43346265186705,158.03175354003906,9511945,0.0,0.0,0.0,0.018689238262730612,0.008914111332868764,2076304.75,156.51654815673828,0,5,8,2024,0,EFERT.KA
2024-08-06 00:00:00+05:00,157.89327635770087,159.2783050976807,156.97915231718744,158.401123046875,2803435,0.0,0.0,0.0,0.0023373119551088894,0.008740160434476512,2170083.7,156.64951248168944,0,6,8,2024,1,EFERT.KA
2024-08-07 00:00:00+05:00,159.1767195521439,159.1767195521439,153.92284214583583,154.6153564453125,1476069,0.0,0.0,0.0,-0.023899872227813646,0.010269436345091958,2226691.3,156.63889389038087,0,7,8,2024,2,EFERT.KA
2024-08-08 00:00:00+05:00,154.8923584349986,157.33923655401392,153.17492248133013,156.62826538085938,2942502,0.0,0.0,0.0,0.013018816382956322,0.010658269062143544,2358426.6,156.74461822509767,0,8,8,2024,3,EFERT.KA
2024-08-09 00:00:00+05:00,156.97605926628933,158.85601207187364,155.09610646070502,155.3592987060547,571428,3.0,0.0,0.0,-0.008101773148793123,0.010593374062382128,2338956.85,156.70886993408203,0,9,8,2024,4,EFERT.KA
2024-08-12 00:00:00+05:00,155.566092217785,156.1770711328393,153.61093960954926,154.071533203125,341933,0.0,0.0,0.0,-0.00828895028270038,0.010647328564174077,2326031.7,156.56441192626954,0,12,8,2024,0,EFERT.KA
2024-08-13 00:00:00+05:00,153.68614913875905,154.156137362425,151.8155908451238,153.25375366210938,333734,0.0,0.0,0.0,-0.0053077912837894425,0.010690446231383198,2342718.4,156.37906494140626,0,13,8,2024,1,EFERT.KA
2024-08-15 00:00:00+05:00,152.27616890280913,156.1770650233442,151.3455871516254,153.97752380371094,772167,0.0,0.0,0.0,0.004722691120488509,0.010768820747307464,2381326.75,156.22990646362305,0,15,8,2024,3,EFERT.KA
2024-08-16 00:00:00+05:00,154.15614354114504,154.15614354114504,152.27619057113108,152.5111846923828,596221,0.0,0.0,0.0,-0.009523072427099155,0.010704632253641717,2367291.0,155.9423355102539,0,16,8,2024,4,EFERT.KA
2024-08-19 00:00:00+05:00,152.84016474251914,152.88715208708047,149.8322288597286,151.30799865722656,831192,0.0,0.0,0.0,-0.007889165883689708,0.010771756700837621,2334536.6,155.63292388916017,0,19,8,2024,0,EFERT.KA
2024-08-20 00:00:00+05:00,151.33619047137338,151.57118455595628,149.45623779471038,150.29281616210938,561935,0.0,0.0,0.0,-0.006709377588272725,0.010818501450485147,2192937.15,155.30183868408204,0,20,8,2024,1,EFERT.KA
2024-08-21 00:00:00+05:00,150.49963336520514,152.28558292317757,150.49963336520514,152.11639404296875,1005463,0.0,0.0,0.0,0.012133499973095319,0.01127737335625775,2202566.7,155.06931991577147,0,21,8,2024,2,EFERT.KA
2024-08-22 00:00:00+05:00,152.27618427450227,154.1561371667801,152.13519354474238,152.33258056640625,1502065,0.0,0.0,0.0,0.0014211914816784077,0.010582837487660462,2181425.65,154.72618942260743,0,22,8,2024,3,EFERT.KA
2024-08-23 00:00:00+05:00,152.51117118472217,153.64854894172225,151.3455952831016,151.9001922607422,409162,0.0,0.0,0.0,-0.0028384492933576366,0.010364070507859596,2083159.25,154.45146636962892,0,23,8,2024,4,EFERT.KA
2024-08-26 00:00:00+05:00,152.04119242678217,152.3701899249903,150.86622185161386,151.8625946044922,1224591,0.0,0.0,0.0,-0.0002475155277319452,0.010368866292762484,2121565.1,154.18455810546874,0,26,8,2024,0,EFERT.KA
2024-08-27 00:00:00+05:00,151.9941845643116,151.9941845643116,148.32828225578112,150.01083374023438,894423,0.0,0.0,0.0,-0.012193660124670602,0.010515713544786788,2094365.4,153.7895133972168,0,27,8,2024,1,EFERT.KA
2024-08-28 00:00:00+05:00,149.9262343429804,149.9262343429804,147.5762933658177,149.10845947265625,703746,0.0,0.0,0.0,-0.006015393989081574,0.00976127642166101,2048301.8,153.5044723510742,0,28,8,2024,2,EFERT.KA
2024-08-29 00:00:00+05:00,148.51627194827873,150.34922306893347,147.37889418767148,147.77369689941406,1178756,0.0,0.0,0.0,-0.008951622047218333,0.009864438371195956,1445875.6,153.14576873779296,0,29,8,2024,3,EFERT.KA
2024-08-30 00:00:00+05:00,147.76427565931405,152.37016826496964,147.76427565931405,151.68397521972656,4301403,0.0,0.0,0.0,0.02646126071390187,0.011750620861309775,1619792.55,153.0185890197754,0,30,8,2024,4,EFERT.KA
2024-09-02 00:00:00+05:00,152.27618407889176,152.37018746054582,150.7252286819158,151.41140747070312,511218,0.0,0.0,0.0,-0.0017969449220235356,0.011647442451444721,1623669.4,152.83253707885743,0,2,9,2024,0,EFERT.KA
2024-09-03 00:00:00+05:00,151.43020707487256,152.1257804465631,150.39622727519483,151.65579223632812,187700,0.0,0.0,0.0,0.001614044606726761,0.010704393399210244,1157457.15,152.51373901367188,0,3,9,2024,1,EFERT.KA
2024-09-04 00:00:00+05:00,151.78738590551933,154.34412287526115,150.83801489965043,153.77073669433594,530582,0.0,0.0,0.0,0.013945688633587139,0.011252778125749058,1043814.5,152.28221969604493,0,4,9,2024,2,EFERT.KA
2024-09-05 00:00:00+05:00,154.62612049498557,155.096108703177,153.1315614352332,154.88931274414062,393441,0.0,0.0,0.0,0.007274310274185458,0.010072565197892269,989683.1,152.29591751098633,0,5,9,2024,3,EFERT.KA
2024-09-06 00:00:00+05:00,154.89870072983481,156.03607845596267,154.1561257034812,154.62611389160156,4491544,0.0,0.0,0.0,-0.0016992705815270792,0.009608812950651979,1067135.2,152.19580993652343,0,6,9,2024,4,EFERT.KA
2024-09-09 00:00:00+05:00,154.94571062859276,155.56609851208546,154.1561338730031,155.0867156982422,349406,0.0,0.0,0.0,0.002978809950326511,0.009471947519547578,1056034.1,152.18218078613282,0,9,9,2024,0,EFERT.KA
2024-09-10 00:00:00+05:00,155.096102179745,161.6759368176736,155.096102179745,159.7301788330078,1569948,0.0,0.0,0.0,0.029941075957792496,0.011385125210424717,1117434.85,152.46511306762696,0,10,9,2024,1,EFERT.KA
2024-09-11 00:00:00+05:00,159.7959832625737,160.17196807426635,156.50606596010894,156.96665954589844,1256038,0.0,0.0,0.0,-0.017301171934444137,0.01207765652447556,1163550.05,152.6507583618164,0,11,9,2024,2,EFERT.KA
2024-09-12 00:00:00+05:00,157.44604885969204,157.58703958419673,156.0360842430381,157.20166015625,814847,0.0,0.0,0.0,0.0014971371056211602,0.012050579132305986,1165684.05,152.81196517944335,0,12,9,2024,3,EFERT.KA
2024-09-13 00:00:00+05:00,158.71502086914944,161.6665461912844,158.71502086914944,161.18714904785156,4808782,0.0,0.0,0.0,0.025352715026292882,0.012923433694691244,1376312.1,153.2457633972168,0,13,9,2024,4,EFERT.KA
2024-09-16 00:00:00+05:00,161.77935120499637,164.0258943998513,160.7359767471322,162.3527374267578,485973,0.0,0.0,0.0,0.007231273620704304,0.012702582939157436,1359051.15,153.79800033569336,0,16,9,2024,0,EFERT.KA
2024-09-17 00:00:00+05:00,162.3527374267578,162.3527374267578,162.3527374267578,162.3527374267578,0,0.0,0.0,0.0,0.0,0.012502877805860414,1330954.4,154.40099639892577,0,17,9,2024,1,EFERT.KA
2024-09-18 00:00:00+05:00,162.23994603292516,170.12634811900892,162.23994603292516,168.54718017578125,5912074,0.0,0.0,0.0,0.03815422423547332,0.014581395408535475,1576284.95,155.2225357055664,0,18,9,2024,2,EFERT.KA
2024-09-19 00:00:00+05:00,169.19575550703883,179.25350032693242,169.19575550703883,177.64614868164062,3061228,0.0,0.0,0.0,0.05398469731958655,0.018155606995986985,1654243.1,156.48821411132812,0,19,9,2024,3,EFERT.KA
2024-09-20 00:00:00+05:00,178.59550322014854,178.59550322014854,171.12269424346457,175.07998657226562,6926154,0.0,0.0,0.0,-0.014445357405264203,0.01869344567505351,1980092.7,157.6472038269043,0,20,9,2024,4,EFERT.KA
2024-09-23 00:00:00+05:00,174.5536210521131,184.2259865970297,171.7336917480631,179.93968200683594,2905824,0.0,0.0,0.0,0.027757001412405558,0.01914263447123416,2064154.35,159.0510581970215,0,23,9,2024,0,EFERT.KA
2024-09-24 00:00:00+05:00,178.6143198900332,181.87603915178408,174.2716191604472,176.35836791992188,3645870,0.0,0.0,0.0,-0.01990285881897913,0.019656005835850084,2201726.7,160.36843490600586,0,24,9,2024,1,EFERT.KA
2024-09-25 00:00:00+05:00,175.79437669776448,180.38145142051422,175.79437669776448,177.279541015625,2218213,0.0,0.0,0.0,0.00522330245265934,0.019383855747632295,2277450.05,161.7769889831543,0,25,9,2024,2,EFERT.KA
2024-09-26 00:00:00+05:00,178.7835218456932,178.97151427123913,173.8956470669855,175.93539428710938,894296,0.0,0.0,0.0,-0.007582074732454092,0.019319912503801565,2263227.05,163.18507385253906,0,26,9,2024,3,EFERT.KA
2024-09-27 00:00:00+05:00,175.9353833904407,180.00548297734292,174.83561270906415,179.2346954345703,716138,0.0,0.0,0.0,0.01875291302713533,0.01902652259436355,2083963.8,164.56260986328124,0,27,9,2024,4,EFERT.KA
2024-09-30 00:00:00+05:00,180.94545708559687,180.94545708559687,176.72495788415577,178.83990478515625,621044,0.0,0.0,0.0,-0.0022026463596060974,0.019038346003464598,2089455.1,165.9340347290039,0,30,9,2024,0,EFERT.KA
2024-10-01 00:00:00+05:00,179.9584785050783,180.3814650155429,177.6555391988586,178.69891357421875,965912,0.0,0.0,0.0,-0.0007883654998971368,0.019091773344442165,2128365.7,167.28619079589845,0,1,10,2024,1,EFERT.KA
2024-10-02 00:00:00+05:00,178.50151524090225,178.6989165986742,174.92961634283486,175.8883819580078,936552,0.0,0.0,0.0,-0.015727748759052473,0.019779437683385165,2148664.2,168.39207305908204,0,2,10,2024,2,EFERT.KA
2024-10-03 00:00:00+05:00,175.88837067409574,182.073416801165,175.79438164448794,179.01849365234375,2414396,0.0,0.0,0.0,0.01779601164949729,0.019928583878676742,2249711.95,169.5985321044922,0,3,10,2024,3,EFERT.KA
2024-10-04 00:00:00+05:00,179.53549346455478,182.73140750634428,175.86959121997847,182.2708282470703,1825470,0.0,0.0,0.0,0.018167589997950984,0.01994361071018304,2116408.25,170.98076782226562,0,4,10,2024,4,EFERT.KA
2024-10-07 00:00:00+05:00,182.3554293925716,186.49131999214947,180.4848711131927,184.29177856445312,2029155,0.0,0.0,0.0,0.011087623493120757,0.019909045896189755,2200395.7,172.44102096557617,0,7,10,2024,0,EFERT.KA
2024-10-08 00:00:00+05:00,185.6453482544714,193.2591632111828,184.32938696603102,191.3227996826172,3426176,0.0,0.0,0.0,0.03815157232152422,0.020444293926600226,2293207.1,174.02065200805663,0,8,10,2024,1,EFERT.KA
2024-10-09 00:00:00+05:00,191.3227996826172,191.3227996826172,191.3227996826172,191.3227996826172,0,0.0,0.0,0.0,0.0,0.019610267244016582,2230405.2,175.73845901489258,0,9,10,2024,2,EFERT.KA
2024-10-10 00:00:00+05:00,188.9352578623432,188.94465246297133,182.4588209899322,183.22019958496094,4426719,0.0,0.0,0.0,-0.04235041569064191,0.022814836612260164,2410998.8,177.0393859863281,0,10,10,2024,3,EFERT.KA
2024-10-11 00:00:00+05:00,182.26142306175478,187.8918870106843,182.26142306175478,186.26573181152344,1144460,0.0,0.0,0.0,0.016622251440951308,0.022545934070031443,2227782.7,178.2933151245117,0,11,10,2024,4,EFERT.KA
2024-10-14 00:00:00+05:00,186.39732271727345,187.90127634934342,173.98963712391352,179.59188842773438,1948035,0.0,0.0,0.0,-0.03582968976033718,0.02454044506015847,2300885.8,179.15527267456054,0,14,10,2024,0,EFERT.KA
2024-10-15 00:00:00+05:00,176.71557020612934,186.1153345787958,173.99903887614482,184.98736572265625,9476557,0.0,0.0,0.0,0.030042989926535313,0.025109050682082742,2774713.65,180.28700408935546,0,15,10,2024,1,EFERT.KA
2024-10-16 00:00:00+05:00,184.9967555425044,186.02132639034937,180.47547129096483,185.84274291992188,3309568,0.0,0.0,0.0,0.004623976312782663,0.024003631957455147,2644588.35,181.1517822265625,0,16,10,2024,2,EFERT.KA
2024-10-17 00:00:00+05:00,186.1153284026205,189.48044565751303,183.76538738743588,186.56651306152344,1472084,0.0,0.0,0.0,0.0038945300216184364,0.02107694823406183,2565131.15,181.59780044555663,0,17,10,2024,3,EFERT.KA
2024-10-18 00:00:00+05:00,186.58530772462183,187.05529590528838,183.2483887733091,184.23536682128906,437789,0.0,0.0,0.0,-0.012494987455040407,0.02099798200164384,2240712.9,182.05556945800782,0,18,10,2024,4,EFERT.KA
2024-10-21 00:00:00+05:00,184.23538181001106,186.16233637609417,183.2954053722049,185.88034057617188,907345,0.0,0.0,0.0,0.008928653511344864,0.020226277509716308,2140788.95,182.35260238647462,0,21,10,2024,0,EFERT.KA
2024-10-22 00:00:00+05:00,187.05531121116385,187.05531121116385,184.2729746430756,185.04376220703125,366242,0.0,0.0,0.0,-0.004500628557853381,0.019640359363779034,1976807.55,182.78687210083007,0,22,10,2024,1,EFERT.KA
2024-10-23 00:00:00+05:00,185.17534982598247,187.10230430442707,185.17534982598247,186.19992065429688,1057995,0.0,0.0,0.0,0.006248027134100775,0.01964892317664728,1918796.65,183.23289108276367,0,23,10,2024,2,EFERT.KA
2024-10-24 00:00:00+05:00,185.50434871678576,193.16515065778037,184.3387728145789,190.60841369628906,2524270,0.0,0.0,0.0,0.023676127393078117,0.020032307872936857,2000295.35,183.96654205322267,0,24,10,2024,3,EFERT.KA
2024-10-25 00:00:00+05:00,192.9115365427475,204.61756774116415,189.8851069299425,195.68101501464844,2714461,2.5,0.0,0.0,0.026612683144417337,0.020406331897047197,2100211.5,184.78885803222656,0,25,10,2024,4,EFERT.KA
2024-10-28 00:00:00+05:00,198.90731842275184,201.76244739532723,191.826596247255,192.42617797851562,907003,0.0,0.0,0.0,-0.016633381812176107,0.020908391913096493,2114509.45,185.46817169189453,0,28,10,2024,0,EFERT.KA
2024-10-29 00:00:00+05:00,192.23584824855058,194.81497341289392,182.71875121302145,187.98170471191406,1628764,0.0,0.0,0.0,-0.02309703031724608,0.021748533695258275,2147652.05,185.93231124877929,0,29,10,2024,1,EFERT.KA
2024-10-30 00:00:00+05:00,188.42899426904034,192.2453446452393,186.53508688349953,189.1427764892578,1733486,0.0,0.0,0.0,0.0061765147790477926,0.021315699373681364,2187498.75,186.59503097534179,0,30,10,2024,2,EFERT.KA
2024-10-31 00:00:00+05:00,189.14279064276477,190.24676285597272,183.21362876735304,184.52699279785156,731354,0.0,0.0,0.0,-0.024403700617498303,0.0219426020698789,2103346.65,186.87045593261718,0,31,10,2024,3,EFERT.KA
2024-11-01 00:00:00+05:00,184.62216287953595,186.53509407557695,180.8724244812415,184.9171905517578,757811,0.0,0.0,0.0,0.002114583606387166,0.021601248202497907,2049963.7,187.00277404785157,0,1,11,2024,4,EFERT.KA
2024-11-04 00:00:00+05:00,187.24887836602218,187.4677675249074,183.60382857184277,186.34475708007812,899489,0.0,0.0,0.0,0.007720031458734233,0.021531024807750737,1993480.4,187.1054229736328,0,4,11,2024,0,EFERT.KA
2024-11-05 00:00:00+05:00,186.5350991150713,188.3433417160853,185.44063878107926,186.2305450439453,1613686,0.0,0.0,0.0,-0.0006129071615561532,0.019652116007035154,1902855.9,186.8508102416992,0,5,11,2024,1,EFERT.KA
2024-11-06 00:00:00+05:00,186.53508550839305,188.8191827874764,184.63166626851148,185.52627563476562,1614100,0.0,0.0,0.0,-0.0037817072865973245,0.01965852795208323,1983560.9,186.56098403930665,0,6,11,2024,2,EFERT.KA
2024-11-07 00:00:00+05:00,186.1068318422294,189.43781574037538,185.21222241464594,188.58126831054688,2118295,0.0,0.0,0.0,0.016466630752591804,0.017481391558629163,1868139.7,186.82903747558595,0,7,11,2024,3,EFERT.KA
2024-11-08 00:00:00+05:00,190.24676413510252,191.38882739813863,188.44803337433956,189.9517364501953,2724313,0.0,0.0,0.0,0.007267254865375161,0.017180532920560095,1947132.35,187.01333770751953,0,8,11,2024,4,EFERT.KA
2024-11-11 00:00:00+05:00,191.0462085035855,191.08427050155396,188.72403453519814,190.03738403320312,1279786,0.0,0.0,0.0,0.00045089128748387886,0.01482801833355037,1913719.9,187.53561248779297,0,11,11,2024,0,EFERT.KA
2024-11-12 00:00:00+05:00,190.34192932187202,190.8177841451767,188.81918807852233,189.6757354736328,938262,0.0,0.0,0.0,-0.0019030390331363778,0.013406722317731802,1486805.15,187.7700309753418,0,12,11,2024,1,EFERT.KA
2024-11-13 00:00:00+05:00,189.39022631780205,190.48468664101443,188.6859559267128,189.9612579345703,917858,0.0,0.0,0.0,0.0015053188549634111,0.01338460542390852,1367219.65,187.97595672607423,0,13,11,2024,2,EFERT.KA
2024-11-14 00:00:00+05:00,189.40926457754423,190.3133858691463,189.40926457754423,189.9612579345703,358343,0.0,0.0,0.0,0.0,0.013371383686097128,1311532.6,188.14569396972655,0,14,11,2024,3,EFERT.KA
2024-11-15 00:00:00+05:00,189.96127233249092,191.26511004587894,189.77091876451567,190.47518920898438,840966,0.0,0.0,0.0,0.0027054531013428473,0.012991336321853444,1331691.45,188.45768508911132,0,15,11,2024,4,EFERT.KA
2024-11-18 00:00:00+05:00,191.12233906933463,191.2936398359715,187.43921284533695,187.8103790283203,564666,0.0,0.0,0.0,-0.01399032699077829,0.013330898781197345,1314557.5,188.55418701171874,0,18,11,2024,0,EFERT.KA
2024-11-19 00:00:00+05:00,188.48610502619997,190.09449670889128,187.9626617978186,189.9612579345703,2193675,0.0,0.0,0.0,0.011452396387132913,0.013485946595020604,1405929.15,188.8000617980957,0,19,11,2024,1,EFERT.KA
2024-11-20 00:00:00+05:00,190.1991883137024,190.34193895914674,188.4385195695553,188.6859588623047,764416,0.0,0.0,0.0,-0.006713469294380436,0.01355191852671417,1391250.2,188.9243637084961,0,20,11,2024,2,EFERT.KA
2024-11-21 00:00:00+05:00,188.68596293441058,203.65636721242464,188.40046163736034,198.66940307617188,6782895,0.0,0.0,0.0,0.052910371678226875,0.017231801075884758,1604181.45,189.32741317749023,0,21,11,2024,3,EFERT.KA
2024-11-22 00:00:00+05:00,202.7141593120722,202.7141593120722,193.68242933360412,194.339111328125,1951257,0.0,0.0,0.0,-0.021796470322038464,0.017022643113187665,1566021.25,189.26031799316405,0,22,11,2024,4,EFERT.KA
2024-11-25 00:00:00+05:00,193.19705131539308,194.14876092778417,188.43850325343757,188.90484619140625,2107474,0.0,0.0,0.0,-0.02796279708999727,0.017770099182356572,1626044.8,189.0842514038086,0,25,11,2024,0,EFERT.KA
2024-11-26 00:00:00+05:00,188.43851928369617,190.33242680136414,181.77655143023216,184.5555419921875,2163482,0.0,0.0,0.0,-0.023023783068073622,0.017765263352581908,1652780.7,188.91294326782227,0,26,11,2024,1,EFERT.KA
2024-11-27 00:00:00+05:00,189.19989876530903,195.10049623485355,185.87842655273013,193.72052001953125,2117588,0.0,0.0,0.0,0.04965972806024821,0.021022459818212626,1671985.8,189.14183044433594,0,27,11,2024,2,EFERT.KA
2024-11-28 00:00:00+05:00,193.76810365563844,195.11000331623526,190.37049300478756,191.37930297851562,975574,0.0,0.0,0.0,-0.01208553972898474,0.020397748946151567,1684196.8,189.48444595336915,0,28,11,2024,3,EFERT.KA
2024-11-29 00:00:00+05:00,191.4173649512901,192.24534769284847,188.5336858976523,190.5417938232422,3907792,0.0,0.0,0.0,-0.0043761741329335635,0.02044772461813937,1841695.85,189.76567611694335,0,29,11,2024,4,EFERT.KA
2024-12-02 00:00:00+05:00,190.77020455792552,192.2453574826003,190.77020455792552,191.8741912841797,818285,0.0,0.0,0.0,0.006992678268650687,0.020437087991735395,1837635.65,190.04214782714843,0,2,12,2024,0,EFERT.KA
2024-12-03 00:00:00+05:00,192.24534546433767,197.0038936193955,189.81848300087086,195.59536743164062,2713218,0.0,0.0,0.0,0.019393833649829384,0.020806371767910385,1892612.25,190.5103889465332,0,3,12,2024,1,EFERT.KA
2024-12-04 00:00:00+05:00,194.87206832245445,196.05219355036374,192.7402479390534,195.28131103515625,1313166,0.0,0.0,0.0,-0.0016056433268755166,0.020776589343786317,1877565.55,190.99814071655274,0,4,12,2024,2,EFERT.KA
2024-12-05 00:00:00+05:00,196.67080786753505,201.28660581920934,194.63414964721585,200.12551879882812,3381293,0.0,0.0,0.0,0.024806305006830787,0.02114639960019309,1940715.45,191.5753532409668,0,5,12,2024,3,EFERT.KA
2024-12-06 00:00:00+05:00,200.69654850459244,201.24854187961017,198.0507966697425,198.8597412109375,942618,0.0,0.0,0.0,-0.0063249184586150475,0.02122653850922559,1851630.7,192.0207534790039,0,6,12,2024,4,EFERT.KA
2024-12-09 00:00:00+05:00,198.8597344646014,201.7434136293745,194.1487744593143,199.9256591796875,1237091,0.0,0.0,0.0,0.0053601496323951725,0.021229922807777222,1849495.95,192.51516723632812,0,9,12,2024,0,EFERT.KA
2024-12-10 00:00:00+05:00,199.85903407688784,200.81074376296826,190.34193721608366,193.90133666992188,2001080,0.0,0.0,0.0,-0.030132813039026374,0.022458472716840098,1902636.85,192.72644729614257,0,10,12,2024,1,EFERT.KA
2024-12-11 00:00:00+05:00,193.91085328352767,196.05220012960342,192.2548731613315,193.08287048339844,919245,0.0,0.0,0.0,-0.004221044581640521,0.022492712908937385,1902706.2,192.88252792358398,0,11,12,2024,2,EFERT.KA
2024-12-12 00:00:00+05:00,194.14876809685876,201.76244527712774,193.19705844932514,199.28799438476562,4535437,0.0,0.0,0.0,0.032137101990622696,0.02353724063604021,2111560.9,193.34886474609374,0,12,12,2024,3,EFERT.KA
2024-12-13 00:00:00+05:00,200.33489298976303,200.6108824146807,191.4078513059545,194.75787353515625,2535058,0.0,0.0,0.0,-0.0227315291299639,0.024212186863198863,2196265.5,193.56299896240233,0,13,12,2024,4,EFERT.KA
2024-12-16 00:00:00+05:00,194.14877330927263,197.00390232852666,191.76949912656096,194.63414001464844,3415722,0.0,0.0,0.0,-0.0006353197345085881,0.023948485155825348,2338818.3,193.90418701171876,0,16,12,2024,0,EFERT.KA
2024-12-17 00:00:00+05:00,195.11000050286722,197.94610586660667,192.72121438212704,193.62533569335938,1761823,0.0,0.0,0.0,-0.005183080014704244,0.02389375140586712,2317225.7,194.0873908996582,0,17,12,2024,1,EFERT.KA
2024-12-18 00:00:00+05:00,193.19705126410818,196.24251911856402,186.0592291730697,187.39161682128906,1614232,0.0,0.0,0.0,-0.03219474791223875,0.024993292418436033,2359716.5,194.0226737976074,0,18,12,2024,2,EFERT.KA
2024-12-19 00:00:00+05:00,186.53509893375153,191.29364737593906,182.26191720476967,183.5847930908203,1765284,0.0,0.0,0.0,-0.020314802737943283,0.022012309168775692,2108835.95,193.26844329833983,0,19,12,2024,3,EFERT.KA
2024-12-20 00:00:00+05:00,183.67997184973106,186.53510094584087,180.3965762935923,185.01235961914062,1815666,0.0,0.0,0.0,0.007776060883289526,0.021724944113890688,2102056.4,192.80210571289064,0,20,12,2024,4,EFERT.KA
2024-12-23 00:00:00+05:00,190.3419437308627,194.14878260547997,187.4963264441887,192.02647399902344,1216947,0.0,0.0,0.0,0.03791159895653351,0.022594977361223224,2057530.05,192.95818710327148,0,23,12,2024,0,EFERT.KA
2024-12-24 00:00:00+05:00,195.10049130936025,195.10049130936025,191.1033134161902,191.7314453125,1030952,0.0,0.0,0.0,-0.0015363958957291812,0.021889359336932448,2000903.55,193.3169822692871,0,24,12,2024,1,EFERT.KA
2024-12-26 00:00:00+05:00,191.73143675512594,192.24535358793642,187.49631710061428,189.6662139892578,1691562,0.0,0.0,0.0,-0.010771479450729093,0.018958528665749264,1979602.25,193.11426696777343,0,26,12,2024,3,EFERT.KA
2024-12-27 00:00:00+05:00,190.34193428194655,191.29364395335628,188.4385149391271,190.66551208496094,516935,0.0,0.0,0.0,0.0052687195820744215,0.018815601157299123,1956670.3,193.0785774230957,0,27,12,2024,4,EFERT.KA
2024-12-30 00:00:00+05:00,190.34193090734513,196.9087217148738,190.34193090734513,196.0997772216797,1944509,0.0,0.0,0.0,0.02850156316836805,0.01982410189236254,1858506.15,193.3564765930176,0,30,12,2024,0,EFERT.KA
2024-12-31 00:00:00+05:00,196.90873024578747,197.94610485084795,193.57774631059672,194.32960510253906,678368,0.0,0.0,0.0,-0.009026895105237909,0.019919203687482217,1851510.3,193.47924728393554,0,31,12,2024,1,EFERT.KA
2025-01-01 00:00:00+05:00,194.32960510253906,194.32960510253906,194.32960510253906,194.32960510253906,0,0.0,0.0,0.0,0.0,0.01943375600878995,1715849.4,193.41595916748048,0,1,1,2025,2,EFERT.KA
2025-01-02 00:00:00+05:00,197.01341068606592,209.37612434699727,197.01341068606592,208.1959991455078,4958698,0.0,0.0,0.0,0.07135502609420774,0.02515198971169643,1898126.0,194.06169357299805,0,2,1,2025,3,EFERT.KA
2025-01-03 00:00:00+05:00,210.32783131151984,229.0194081376933,210.32783131151984,227.88687133789062,5638473,0.0,0.0,0.0,0.0945785330803639,0.03213250363172285,2010985.0,195.44976119995118,0,3,1,2025,4,EFERT.KA
2025-01-06 00:00:00+05:00,232.21716443021936,236.7853738479882,219.14066805776775,222.38600158691406,6480375,0.0,0.0,0.0,-0.024138598764736896,0.03276175744479769,2287872.85,196.62607421875,0,6,1,2025,0,EFERT.KA
2025-01-07 00:00:00+05:00,224.50830652345545,224.50830652345545,208.07229089201996,214.0490264892578,3740511,0.0,0.0,0.0,-0.03748875845675903,0.0341829151515014,2413043.85,197.3322425842285,0,7,1,2025,1,EFERT.KA
2025-01-08 00:00:00+05:00,215.08638731648452,220.43499106202498,209.52840627994294,211.53651428222656,2483809,0.0,0.0,0.0,-0.01173802211689734,0.03345715080329156,2437180.3,198.21400146484376,0,8,1,2025,2,EFERT.KA
2025-01-09 00:00:00+05:00,211.27953679654408,213.16391778831698,206.52098867049577,207.58689880371094,1043755,0.0,0.0,0.0,-0.01867108140605056,0.03381804786046674,2443405.8,198.93920288085937,0,9,1,2025,3,EFERT.KA
2025-01-10 00:00:00+05:00,207.47271625006178,208.4244259576309,203.66587741978543,208.01519775390625,1200947,0.0,0.0,0.0,0.0020632272685006114,0.03317076717818266,2276681.3,199.3755630493164,0,10,1,2025,4,EFERT.KA
2025-01-13 00:00:00+05:00,209.36662202405495,211.27955329218125,206.54955492384002,209.5569610595703,958465,0.0,0.0,0.0,0.007411782034734138,0.03263727711829772,2197851.65,200.11551742553712,0,13,1,2025,0,EFERT.KA
2025-01-14 00:00:00+05:00,210.32783593040202,211.27954559524545,207.0920288787091,208.30068969726562,1336562,0.0,0.0,0.0,-0.005994892061579216,0.03270065046582958,2093893.65,200.79884490966796,0,14,1,2025,1,EFERT.KA
2025-01-15 00:00:00+05:00,209.3761291966977,209.61405661623937,206.99685500128066,208.70040893554688,893421,0.0,0.0,0.0,0.0019189530234497987,0.032635430431305706,2050473.55,201.55259857177734,0,15,1,2025,2,EFERT.KA
2025-01-16 00:00:00+05:00,207.48222263817627,211.04162207835347,207.48222263817627,208.67185974121094,1076331,0.0,0.0,0.0,-0.00013679510491404479,0.03151965382482138,2023578.5,202.61661071777343,0,16,1,2025,3,EFERT.KA
2025-01-17 00:00:00+05:00,209.3761311121074,211.27955048585383,207.48222360733226,210.64190673828125,1320401,0.0,0.0,0.0,0.009440884839544195,0.030916191001597797,2001334.35,203.96946640014647,0,17,1,2025,4,EFERT.KA
2025-01-20 00:00:00+05:00,211.7458924465182,213.08779206191227,209.37613010965245,210.3468780517578,1203874,0.0,0.0,0.0,-0.0014006172422755814,0.030977354937205423,1970744.75,205.23619232177734,0,20,1,2025,0,EFERT.KA
2025-01-21 00:00:00+05:00,211.75539097486072,212.69758872889315,209.85197173014285,210.77513122558594,762628,0.0,0.0,0.0,0.002035937865085602,0.03011232872298889,1948028.8,206.17362518310546,0,21,1,2025,1,EFERT.KA
2025-01-22 00:00:00+05:00,209.37613489200817,212.27885239376215,208.42442518795357,208.85269165039062,873483,0.0,0.0,0.0,-0.009120808342127362,0.030247538827439295,1940155.35,207.0296875,0,22,1,2025,2,EFERT.KA
2025-01-23 00:00:00+05:00,208.90028659295763,210.15655041224736,207.4727219920946,208.65284729003906,525526,0.0,0.0,0.0,-0.0009568675355455802,0.030062295469327826,1881853.55,207.97901916503906,0,23,1,2025,3,EFERT.KA
2025-01-24 00:00:00+05:00,209.26193355791216,213.90626702065674,207.49175293440112,212.364501953125,1520635,0.0,0.0,0.0,0.017788660501366405,0.03019397496271722,1932038.55,209.06396865844727,0,24,1,2025,4,EFERT.KA
2025-01-27 00:00:00+05:00,212.46918144763762,217.45614529047612,212.46918144763762,215.80967712402344,1297792,0.0,0.0,0.0,0.01622293339617986,0.029831193409647492,1899702.7,210.04946365356446,0,27,1,2025,0,EFERT.KA
2025-01-28 00:00:00+05:00,216.51394252303382,217.4656521604977,212.70710397317828,214.14418029785156,1367523,0.0,0.0,0.0,-0.007717433473637625,0.02979972892862744,1934160.45,211.0401924133301,0,28,1,2025,1,EFERT.KA
2025-01-29 00:00:00+05:00,215.0768725178775,215.94291727674442,210.42301283481407,211.298583984375,955892,0.0,0.0,0.0,-0.013288226229256628,0.030070380807647845,1981955.05,211.88864135742188,0,29,1,2025,2,EFERT.KA
2025-01-30 00:00:00+05:00,211.99333959125676,213.6588315970242,210.3468858459835,211.7363739013672,647829,0.0,0.0,0.0,0.0020719018023545033,0.025640853051520047,1766411.6,212.06566009521484,0,30,1,2025,3,EFERT.KA
2025-01-31 00:00:00+05:00,211.74590219367516,213.08780187084,210.33736134321333,211.841064453125,849119,0.0,0.0,0.0,0.0004944382008098547,0.013217690261303296,1526943.9,211.26336975097655,0,31,1,2025,4,EFERT.KA
2025-02-03 00:00:00+05:00,211.99333644223802,211.99333644223802,206.99686049915496,208.20553588867188,1285146,0.0,0.0,0.0,-0.01716158561532144,0.012729022389851245,1267182.45,210.55434646606446,0,3,2,2025,0,EFERT.KA
2025-02-04 00:00:00+05:00,208.42440974873386,208.88122630669844,206.52099048162214,207.36801147460938,774482,0.0,0.0,0.0,-0.004022584752551128,0.009862870907810458,1118881.0,210.22029571533204,0,4,2,2025,1,EFERT.KA
2025-02-06 00:00:00+05:00,207.4727172078053,207.4727172078053,199.97324003052142,203.9894561767578,1442741,0.0,0.0,0.0,-0.016292557727811574,0.010158914862210789,1066827.6,209.8429428100586,0,6,2,2025,3,EFERT.KA
2025-02-07 00:00:00+05:00,204.99826785786047,205.8072269285513,199.05008210848038,201.9623260498047,1369837,0.0,0.0,0.0,-0.00993742600694325,0.009564296158210901,1083131.7,209.56171417236328,0,7,2,2025,4,EFERT.KA
2025-02-10 00:00:00+05:00,204.6175737892028,209.37612201685866,203.71345253033553,204.2844696044922,1637928,0.0,0.0,0.0,0.011497904585010765,0.00996470638119351,1104980.75,209.37517776489258,0,10,2,2025,0,EFERT.KA
2025-02-11 00:00:00+05:00,204.6842053120159,208.4244173375434,204.28447447206392,206.6256866455078,2008428,0.0,0.0,0.0,0.01146057282547397,0.010180334217931838,1157478.9,209.22861404418944,0,11,2,2025,1,EFERT.KA
2025-02-12 00:00:00+05:00,206.52100281457496,208.9002770405493,204.427244400105,207.13009643554688,2027890,0.0,0.0,0.0,0.00244117659439147,0.010122035295220835,1192045.3,209.17008438110352,0,12,2,2025,2,EFERT.KA
2025-02-13 00:00:00+05:00,208.40538001659448,210.08039833422367,206.28307151307524,207.4346466064453,1233488,0.0,0.0,0.0,0.0014703327818572642,0.010117511345149106,1209048.65,209.10679626464844,0,13,2,2025,3,EFERT.KA
2025-02-14 00:00:00+05:00,206.28306514738395,209.29998297345838,205.09342809347746,208.11985778808594,2500591,0.0,0.0,0.0,0.00330326294498251,0.010148828654254238,1280261.65,209.07919616699218,0,14,2,2025,4,EFERT.KA
2025-02-17 00:00:00+05:00,208.18649294510107,210.23266295270085,206.53051287046318,209.185791015625,1978426,0.0,0.0,0.0,0.0051217276374675436,0.00998004173287449,1313162.9,209.0063903808594,0,17,2,2025,0,EFERT.KA
2025-02-18 00:00:00+05:00,209.18579417249413,215.44804571742026,207.18719800128497,214.55343627929688,3809432,0.0,0.0,0.0,0.025659702973185983,0.01153593044106196,1443440.8,209.21671829223632,0,18,2,2025,1,EFERT.KA
2025-02-19 00:00:00+05:00,215.0863781212237,218.78852803101685,213.2305472320872,215.81919860839844,1085602,0.0,0.0,0.0,0.005899520189710961,0.011585490211340171,1459589.5,209.46892166137695,0,19,2,2025,2,EFERT.KA
2025-02-20 00:00:00+05:00,216.96125490347043,216.96125490347043,213.65882118267808,214.40115356445312,301760,0.0,0.0,0.0,-0.0065705231651719265,0.011478919974733584,1431003.35,209.74634475708007,0,20,2,2025,3,EFERT.KA
2025-02-21 00:00:00+05:00,214.40115836503244,215.51465696262696,212.46918885100894,213.90626525878906,347463,0.0,0.0,0.0,-0.002308235275027548,0.011497326328940493,1422100.2,210.00901565551757,0,21,2,2025,4,EFERT.KA
2025-02-24 00:00:00+05:00,213.9062691575226,216.89463706556757,212.2312652960878,215.60031127929688,732544,0.0,0.0,0.0,0.007919571773450818,0.010951535376603302,1382695.65,210.17080612182616,0,24,2,2025,0,EFERT.KA
2025-02-25 00:00:00+05:00,216.0761574308724,221.26298675817307,214.5914926668206,216.39974975585938,1869120,0.0,0.0,0.0,0.0037079653170206672,0.010366635674949722,1411262.05,210.20030975341797,0,25,2,2025,1,EFERT.KA
2025-02-26 00:00:00+05:00,215.08639626113478,217.46567055605883,215.08639626113478,215.3814239501953,401757,0.0,0.0,0.0,-0.00470576239950804,0.01026716343147519,1362973.75,210.26217193603514,0,26,2,2025,2,EFERT.KA
2025-02-27 00:00:00+05:00,216.32361706962033,216.3997555880259,214.8484641346296,215.3623809814453,342713,0.0,0.0,0.0,-8.841509356161126e-05,0.009756705490737655,1332314.8,210.46536178588866,0,27,2,2025,3,EFERT.KA
2025-02-28 00:00:00+05:00,214.1346778662405,215.92389671054278,212.23125850742946,212.5072479248047,587283,0.0,0.0,0.0,-0.013257343476744898,0.010257183662515717,1329287.5,210.50390548706054,0,28,2,2025,4,EFERT.KA
2025-03-03 00:00:00+05:00,213.18296918449153,215.5527315251987,212.70711434256185,213.63978576660156,287252,0.0,0.0,0.0,0.005329408068931452,0.010320486417911383,1301194.15,210.59384155273438,0,3,3,2025,0,EFERT.KA
2025-03-04 00:00:00+05:00,213.28766253134359,214.13468358776882,213.1829738829343,213.65882873535156,242194,0.0,0.0,0.0,8.913587271064394e-05,0.009453526636301647,1249046.55,210.86650619506835,0,4,3,2025,1,EFERT.KA
2025-03-05 00:00:00+05:00,213.89675510482394,213.89675510482394,209.85198887925998,210.20411682128906,758437,0.0,0.0,0.0,-0.016169291643649664,0.010178291436386737,1248244.3,211.00831146240233,0,5,3,2025,2,EFERT.KA
2025-03-06 00:00:00+05:00,210.3278409817806,214.13467973258207,210.3278409817806,213.28765869140625,405160,0.0,0.0,0.0,0.014669274402169474,0.009800777350485294,1196365.25,211.47322158813478,0,6,3,2025,3,EFERT.KA
2025-03-07 00:00:00+05:00,214.13468546254308,215.5241880334193,213.0687752308163,213.6017303466797,602573,0.0,0.0,0.0,0.001472526151772513,0.009375229434764555,1158002.05,212.05519180297853,0,7,3,2025,4,EFERT.KA
2025-03-10 00:00:00+05:00,213.2781459115473,215.08638850168032,213.2210311321018,214.3155059814453,260690,0.0,0.0,0.0,0.00334161916014053,0.009153906007270497,1089140.15,212.55674362182617,0,10,3,2025,0,EFERT.KA
2025-03-11 00:00:00+05:00,214.12515536820612,214.12515536820612,210.81319539248528,212.52627563476562,1258797,0.0,0.0,0.0,-0.008348580932051597,0.009198001037310383,1051658.6,212.85177307128907,0,11,3,2025,1,EFERT.KA
2025-03-12 00:00:00+05:00,213.19248468330633,213.8015783104694,211.76492013321123,213.04022216796875,717709,0.0,0.0,0.0,0.002418272901400398,0.009197872411860418,986149.55,213.14727935791015,0,12,3,2025,2,EFERT.KA
2025-03-13 00:00:00+05:00,213.82062147872182,215.23867419226426,212.9545621465193,214.02999877929688,1270069,0.0,0.0,0.0,0.004645961223922024,0.009225651765865475,987978.6,213.47704696655273,0,13,3,2025,3,EFERT.KA
2025-03-14 00:00:00+05:00,215.61875484517918,216.72398117287094,214.13853456020084,216.2601776123047,848931,8.0,0.0,0.0,0.010419935736707187,0.009429533107096226,905395.6,213.88406295776366,0,14,3,2025,4,EFERT.KA
2025-03-17 00:00:00+05:00,216.11216774410127,218.0857948467871,210.59588360591346,212.25372314453125,8823073,0.0,0.0,0.0,-0.018526085162826056,0.01044090613856739,1247627.95,214.03745956420897,0,17,3,2025,0,EFERT.KA
2025-03-18 00:00:00+05:00,212.12543926819455,213.60565953691568,211.1780916708782,212.0760955810547,1614845,0.0,0.0,0.0,-0.000836864300164053,0.008644272718096504,1137898.6,213.91359252929686,0,18,3,2025,1,EFERT.KA
2025-03-19 00:00:00+05:00,212.16491623239915,212.41161962336707,210.1912891046559,211.25704956054688,1621347,0.0,0.0,0.0,-0.003862038379496502,0.008536158716562797,1164685.85,213.68548507690429,0,19,3,2025,2,EFERT.KA
2025-03-20 00:00:00+05:00,211.67150758276765,213.34908761503118,210.68469402760323,211.03994750976562,2196418,0.0,0.0,0.0,-0.001027667721540504,0.008436304741550691,1259418.75,213.5174247741699,0,20,3,2025,3,EFERT.KA
2025-03-21 00:00:00+05:00,212.1649047268132,212.1649047268132,209.69787095092002,210.09259033203125,767510,0.0,0.0,0.0,-0.004488994566730242,0.00847144517323546,1280421.1,213.32674102783204,0,21,3,2025,4,EFERT.KA
2025-03-24 00:00:00+05:00,209.31301595293667,209.9347132878436,203.53028813383696,204.6059112548828,2657622,0.0,0.0,0.0,-0.026115528722251757,0.009910261349125848,1376675.0,212.77702102661132,0,24,3,2025,0,EFERT.KA
2025-03-25 00:00:00+05:00,204.60592105322638,208.70120638452488,204.60592105322638,206.07627868652344,1423007,0.0,0.0,0.0,0.0071863389607007555,0.010055627330447696,1354369.35,212.26084747314454,0,25,3,2025,1,EFERT.KA
2025-03-26 00:00:00+05:00,207.2308519481001,210.07287987895688,203.77700441563178,204.66513061523438,14419464,0.0,0.0,0.0,-0.006847697756788618,0.010092896174931755,2055254.7,211.72503280639648,0,26,3,2025,2,EFERT.KA
2025-03-27 00:00:00+05:00,204.76381128793133,207.13215778100079,204.27040451374353,204.84275817871094,920485,0.0,0.0,0.0,0.0008678936316244279,0.01010717663488173,2084143.3,211.19905166625978,0,27,3,2025,3,EFERT.KA
2025-03-28 00:00:00+05:00,204.84275817871094,204.84275817871094,204.84275817871094,204.84275817871094,0,0.0,0.0,0.0,0.0,0.009791010933968284,2054779.15,210.8158271789551,0,28,3,2025,4,EFERT.KA
2025-03-31 00:00:00+05:00,204.84275817871094,204.84275817871094,204.84275817871094,204.84275817871094,0,0.0,0.0,0.0,0.0,0.009658705904057471,2040416.55,210.37597579956054,0,31,3,2025,0,EFERT.KA
2025-04-03 00:00:00+05:00,205.25722030665602,208.45450165908463,205.25722030665602,206.9051971435547,1054087,0.0,0.0,0.0,0.010068400675626643,0.010026106451019713,2081011.2,210.0382942199707,0,3,4,2025,3,EFERT.KA
2025-04-04 00:00:00+05:00,208.01041358068005,208.71105779957378,205.05985081648714,205.43482971191406,1116850,0.0,0.0,0.0,-0.007106478966888652,0.00952309532989698,2098931.85,209.79982986450196,0,4,4,2025,4,EFERT.KA
2025-04-07 00:00:00+05:00,204.33948031816354,204.33948031816354,190.4550070337153,198.68502807617188,3887226,0.0,0.0,0.0,-0.03285616974106864,0.011167662764235626,2273035.15,209.06969833374023,0,7,4,2025,0,EFERT.KA
2025-04-08 00:00:00+05:00,200.02709763294516,201.30995822136185,193.51413743091928,194.7673797607422,2100818,0.0,0.0,0.0,-0.019717883895749466,0.011667131261820722,2347947.4,208.12798080444335,0,8,4,2025,1,EFERT.KA
2025-04-09 00:00:00+05:00,196.25748901496127,196.25748901496127,188.4813932096656,191.16552734375,1711920,0.0,0.0,0.0,-0.01849309890299289,0.011909924876420635,2420508.9,206.9704818725586,0,9,4,2025,2,EFERT.KA
2025-04-10 00:00:00+05:00,193.41544825616447,195.38907527918653,188.82677145066978,189.3695068359375,2812771,0.0,0.0,0.0,-0.009395106600903702,0.011924782602757441,2498207.6,205.8126434326172,0,10,4,2025,3,EFERT.KA
2025-04-11 00:00:00+05:00,188.4912513249008,189.96160893949892,181.09014967790733,182.1361846923828,3923319,0.0,0.0,0.0,-0.03819686846320702,0.013785618424162035,2658488.1,204.2674415588379,0,11,4,2025,4,EFERT.KA
2025-04-14 00:00:00+05:00,182.56051261968747,187.26761762065271,180.59674817131977,186.36961364746094,1930472,0.0,0.0,0.0,0.02324320651729983,0.015216184217402935,2691508.25,202.8844223022461,0,14,4,2025,0,EFERT.KA
2025-04-15 00:00:00+05:00,187.19852694363973,188.34323427252465,185.5209469244558,186.2709197998047,1098398,0.0,0.0,0.0,-0.00052955975882929,0.014754581574422498,2703981.6,201.38495941162108,0,15,4,2025,1,EFERT.KA
2025-04-16 00:00:00+05:00,186.02421181902932,191.9253675286301,186.02421181902932,188.64913940429688,7651359,0.0,0.0,0.0,0.012767530256726056,0.015158733432840164,2645395.9,200.20473022460936,0,16,4,2025,2,EFERT.KA
2025-04-17 00:00:00+05:00,189.34978209792783,190.15896135037767,186.7544577347605,187.49456787109375,1632898,0.0,0.0,0.0,-0.006120205673076251,0.01511426532047318,2646298.55,198.97565383911132,0,17,4,2025,3,EFERT.KA
2025-04-18 00:00:00+05:00,186.50776754707675,187.43537472610046,184.36638387474218,184.63282775878906,1053450,0.0,0.0,0.0,-0.015263056123696273,0.015242603267905844,2617903.7,197.64444274902343,0,18,4,2025,4,EFERT.KA
2025-04-21 00:00:00+05:00,184.63281630465053,185.1755516966142,179.71847411523794,181.3467254638672,1468853,0.0,0.0,0.0,-0.01779803913968625,0.015380512656833016,2581525.45,196.1597816467285,0,21,4,2025,0,EFERT.KA
2025-04-22 00:00:00+05:00,178.72180307094786,186.50776139679664,177.1428953641335,177.89288330078125,4250782,0.0,0.0,0.0,-0.019045517112323607,0.015576694828915726,2755689.05,194.549796295166,0,22,4,2025,1,EFERT.KA
2025-04-23 00:00:00+05:00,177.89288655474664,179.10666303023405,173.68905110792954,177.80406188964844,4052166,0.0,0.0,0.0,-0.0004992971584064643,0.015068090654328584,2825416.25,193.2097038269043,0,23,4,2025,2,EFERT.KA
2025-04-24 00:00:00+05:00,176.1462253224535,177.616582988171,172.90947796091064,173.8864288330078,2810254,0.0,0.0,0.0,-0.022033428342441597,0.015048305158994541,2894778.6,191.6002113342285,0,24,4,2025,3,EFERT.KA
2025-04-25 00:00:00+05:00,173.6199768404311,174.95216608644566,170.24507633658263,173.43247985839844,2228507,0.0,0.0,0.0,-0.002610606116049019,0.015100270911634099,2285230.75,190.03857879638673,0,25,4,2025,4,EFERT.KA
2025-04-28 00:00:00+05:00,174.6659991152399,175.6528126695633,167.2648974578145,167.66949462890625,2234086,0.0,0.0,0.0,-0.033228984756473845,0.015932107975086086,2350910.8,188.17991561889647,0,28,4,2025,0,EFERT.KA
2025-04-29 00:00:00+05:00,167.6694979052098,170.12665406663734,157.89017177695538,168.3800048828125,1954814,0.0,0.0,0.0,0.004237564235991753,0.0160971884091253,2448651.5,186.35677795410157,0,29,4,2025,1,EFERT.KA
2025-04-30 00:00:00+05:00,169.0,169.0,160.88999938964844,161.6699981689453,2271580,2.25,0.0,0.0,-0.03985037723770801,0.017266473384408305,2562230.5,184.1981399536133,0,30,4,2025,2,EFERT.KA
2025-05-02 00:00:00+05:00,162.52000427246094,170.10000610351562,162.52000427246094,169.5399932861328,1878181,0.0,0.0,0.0,0.04867937902098163,0.02146684957496775,2603435.2,182.3298797607422,0,2,5,2025,4,EFERT.KA
2025-05-05 00:00:00+05:00,170.0,171.0500030517578,165.8300018310547,170.0500030517578,760070,0.0,0.0,0.0,0.003008197391893619,0.02164930833692686,2585596.2,180.56063842773438,0,5,5,2025,0,EFERT.KA
2025-05-06 00:00:00+05:00,169.99000549316406,171.85000610351562,166.5,166.89999389648438,612940,0.0,0.0,0.0,-0.0185240170464136,0.021053546066700634,2421881.9,178.97138671875,0,6,5,2025,1,EFERT.KA
2025-05-07 00:00:00+05:00,161.0,165.39999389648438,156.89999389648438,161.3800048828125,1560999,0.0,0.0,0.0,-0.03307363220813242,0.021632978119896167,2394890.95,177.30201797485353,0,7,5,2025,2,EFERT.KA
2025-05-08 00:00:00+05:00,162.1999969482422,166.0,145.25,155.67999267578125,4048451,0.0,0.0,0.0,-0.03532043645165561,0.02233198154552328,2511717.5,175.5277412414551,0,8,5,2025,3,EFERT.KA
2025-05-09 00:00:00+05:00,160.0,163.14999389648438,158.0,162.63999938964844,1879536,0.0,0.0,0.0,0.04470713669907522,0.025463457693630693,2465055.75,174.19126586914064,0,9,5,2025,4,EFERT.KA
2025-05-12 00:00:00+05:00,178.89999389648438,178.89999389648438,176.5,178.89999389648438,2428562,0.0,0.0,0.0,0.09997537240442744,0.033958636615861335,2390317.9,174.0294563293457,0,12,5,2025,0,EFERT.KA
2025-05-13 00:00:00+05:00,184.0,184.0,175.52000427246094,179.16000366210938,3520678,0.0,0.0,0.0,0.001453380517024705,0.03350793821166296,2469828.2,173.66897583007812,0,13,5,2025,1,EFERT.KA
2025-05-14 00:00:00+05:00,177.0,179.49000549316406,176.61000061035156,178.02999877929688,1088633,0.0,0.0,0.0,-0.006307238556121364,0.033524455633842244,2469339.95,173.25692977905274,0,14,5,2025,2,EFERT.KA
2025-05-15 00:00:00+05:00,178.0,183.1999969482422,178.0,182.75,5678639,0.0,0.0,0.0,0.026512392591512057,0.0339754092041687,2370703.95,172.96197280883788,0,15,5,2025,3,EFERT.KA
2025-05-16 00:00:00+05:00,182.75,183.5,180.10000610351562,181.07000732421875,1491058,0.0,0.0,0.0,-0.009192846379104003,0.03400645134318708,2363611.95,172.64074478149413,0,16,5,2025,4,EFERT.KA
