Date,Open,High,Low,Close,Volume,Dividends,Stock Splits,Capital Gains,Returns,Volatility,Volume_MA,Price_MA,Hour,Day,Month,Year,DayOfWeek,Ticker
2020-05-18 00:00:00+05:00,157.16386918026862,157.16386918026862,153.4449248479779,154.87646484375,310784,0.0,0.0,0.0,,,,,0,18,5,2020,0,ENGRO.KA
2020-05-19 00:00:00+05:00,156.13477660602015,156.13477660602015,153.34301120378305,153.94415283203125,257697,0.0,0.0,0.0,-0.0060197139227017304,,,,0,19,5,2020,1,ENGRO.KA
2020-05-20 00:00:00+05:00,153.95433485100443,153.95433485100443,151.20331852650264,151.85540771484375,263606,0.0,0.0,0.0,-0.013568200407497955,,,,0,20,5,2020,2,ENGRO.KA
2020-05-21 00:00:00+05:00,152.83355901677277,153.34300421349536,151.05050082824377,152.1865692138672,121105,0.0,0.0,0.0,0.0021807685614021466,,,,0,21,5,2020,3,ENGRO.KA
2020-05-22 00:00:00+05:00,152.1865692138672,152.1865692138672,152.1865692138672,152.1865692138672,0,0.0,0.0,0.0,0.0,,,,0,22,5,2020,4,ENGRO.KA
2020-05-25 00:00:00+05:00,152.1865692138672,152.1865692138672,152.1865692138672,152.1865692138672,0,0.0,0.0,0.0,0.0,,,,0,25,5,2020,0,ENGRO.KA
2020-05-26 00:00:00+05:00,152.1865692138672,152.1865692138672,152.1865692138672,152.1865692138672,0,0.0,0.0,0.0,0.0,,,,0,26,5,2020,1,ENGRO.KA
2020-05-27 00:00:00+05:00,152.1865692138672,152.1865692138672,152.1865692138672,152.1865692138672,0,0.0,0.0,0.0,0.0,,,,0,27,5,2020,2,ENGRO.KA
2020-05-28 00:00:00+05:00,152.32410637461595,152.32410637461595,150.41368698028546,151.01992797851562,290269,0.0,0.0,0.0,-0.007665861983603084,,,,0,28,5,2020,3,ENGRO.KA
2020-05-29 00:00:00+05:00,150.79582991310662,152.01849569488618,147.73915768513825,148.5848388671875,812635,0.0,0.0,0.0,-0.016124289978965867,,,,0,29,5,2020,4,ENGRO.KA
2020-06-01 00:00:00+05:00,148.58478910466258,148.75799860725985,145.4466048026462,148.2434539794922,612486,0.0,0.0,0.0,-0.002297575515093131,,,,0,1,6,2020,0,ENGRO.KA
2020-06-02 00:00:00+05:00,147.94288358019048,151.5039161148466,147.94288358019048,148.5644073486328,853789,0.0,0.0,0.0,0.0021650424388048872,,,,0,2,6,2020,1,ENGRO.KA
2020-06-03 00:00:00+05:00,149.77689094669495,149.77689094669495,146.3381357974086,147.08702087402344,573471,0.0,0.0,0.0,-0.009944417380822745,,,,0,3,6,2020,2,ENGRO.KA
2020-06-04 00:00:00+05:00,146.8730315320806,147.7390945118249,146.21075905135774,146.4705810546875,294613,0.0,0.0,0.0,-0.004190987183457229,,,,0,4,6,2020,3,ENGRO.KA
2020-06-05 00:00:00+05:00,146.72021357726308,149.9042459899641,146.22605112493056,149.4304656982422,542348,0.0,0.0,0.0,0.020208048757924812,,,,0,5,6,2020,4,ENGRO.KA
2020-06-08 00:00:00+05:00,151.08953609829283,151.80725421659704,150.04416267626746,150.51744079589844,677610,6.0,0.0,0.0,0.0072741197223549214,,,,0,8,6,2020,0,ENGRO.KA
2020-06-09 00:00:00+05:00,150.5642792358268,150.5642792358268,149.51890558602267,149.7425537109375,450506,0.0,0.0,0.0,-0.005148154797633642,,,,0,9,6,2020,1,ENGRO.KA
2020-06-10 00:00:00+05:00,149.27442774027892,150.82428298267,148.4839061777665,149.75811767578125,530872,0.0,0.0,0.0,0.00010393815557452335,,,,0,10,6,2020,2,ENGRO.KA
2020-06-11 00:00:00+05:00,150.82428792927254,152.84221542448734,149.81011826520742,151.22474670410156,894492,0.0,0.0,0.0,0.009793319060643402,,,,0,11,6,2020,3,ENGRO.KA
2020-06-12 00:00:00+05:00,150.30421062389735,151.3183803314572,149.25883715964616,149.6385040283203,365538,0.0,0.0,0.0,-0.010489306217090322,,392591.05,150.59454650878905,0,12,6,2020,4,ENGRO.KA
2020-06-15 00:00:00+05:00,148.7439594984316,149.21203172111518,146.2735615696989,146.59080505371094,349644,0.0,0.0,0.0,-0.020367077273323764,0.00926943351299588,394534.05,150.1802635192871,0,15,6,2020,0,ENGRO.KA
2020-06-16 00:00:00+05:00,146.83523415943776,148.21346875680138,145.23338323656108,147.5113525390625,312503,0.0,0.0,0.0,0.006279708232820536,0.00944426182874963,397274.35,149.85862350463867,0,16,6,2020,1,ENGRO.KA
2020-06-17 00:00:00+05:00,147.70376255549667,149.26401356840685,144.71328144741884,145.59222412109375,304766,0.0,0.0,0.0,-0.013010038786408273,0.009409316847245235,399332.35,149.54546432495118,0,17,6,2020,2,ENGRO.KA
2020-06-18 00:00:00+05:00,145.10336068440446,146.1435281445077,143.80315135927538,144.72369384765625,457513,0.0,0.0,0.0,-0.005965499041453715,0.00939230832425732,416152.75,149.1723205566406,0,18,6,2020,3,ENGRO.KA
2020-06-19 00:00:00+05:00,144.61447016737586,145.88347564593886,143.5430990312981,144.16720581054688,310532,0.0,0.0,0.0,-0.0038451757436149814,0.00937845419774992,431679.35,148.7713523864746,0,19,6,2020,4,ENGRO.KA
2020-06-22 00:00:00+05:00,144.58327913646949,148.97799307041112,143.28306979171708,148.28106689453125,391729,0.0,0.0,0.0,0.028535345891287367,0.011690262352872046,451265.8,148.57607727050782,0,22,6,2020,0,ENGRO.KA
2020-06-23 00:00:00+05:00,148.7335507483159,149.26403043885256,146.81963056033933,147.57896423339844,300708,0.0,0.0,0.0,-0.004734944762922466,0.011711872340986314,466301.2,148.34569702148437,0,23,6,2020,1,ENGRO.KA
2020-06-24 00:00:00+05:00,148.53594273183379,150.55906054605276,147.24092322234844,149.54490661621094,487463,0.0,0.0,0.0,0.013321291371196642,0.012169788724419577,490674.35,148.21361389160157,0,24,6,2020,2,ENGRO.KA
2020-06-25 00:00:00+05:00,149.21204283042545,150.3042220124682,147.78181234414762,148.78038024902344,342641,0.0,0.0,0.0,-0.005112353101731304,0.012107257240279598,493292.95,148.10163650512695,0,25,6,2020,3,ENGRO.KA
2020-06-26 00:00:00+05:00,150.3042156754129,152.1245089448383,148.4891283228434,151.71363830566406,673229,0.0,0.0,0.0,0.0197153552889906,0.012350507203273789,486322.65,148.2580764770508,0,26,6,2020,4,ENGRO.KA
2020-06-29 00:00:00+05:00,151.35473891406434,152.25448934715868,149.7840919965216,151.9268341064453,337669,0.0,0.0,0.0,0.001405251387826656,0.012324391795446699,472581.8,148.44224548339844,0,29,6,2020,0,ENGRO.KA
2020-06-30 00:00:00+05:00,152.33251419339393,153.28946630707875,150.8190687055194,152.34292602539062,411015,0.0,0.0,0.0,0.002738765152269229,0.012327179412625263,450443.1,148.63117141723632,0,30,6,2020,1,ENGRO.KA
2020-07-01 00:00:00+05:00,152.50937047448116,155.77030610201734,151.86447163279217,155.13580322265625,813531,0.0,0.0,0.0,0.018332831527734683,0.01258512933413187,462446.1,149.03361053466796,0,1,7,2020,2,ENGRO.KA
2020-07-02 00:00:00+05:00,156.01990626866032,156.93525867241954,154.46486106282882,155.5518341064453,694803,0.0,0.0,0.0,0.0026817206289380113,0.012479238956218403,482455.6,149.48767318725587,0,2,7,2020,3,ENGRO.KA
2020-07-03 00:00:00+05:00,155.34904123130656,155.50506002646645,153.58074357043617,155.0681915283203,149100,0.0,0.0,0.0,-0.0031092052427619254,0.011869734478490133,462793.2,149.76955947875976,0,3,7,2020,4,ENGRO.KA
2020-07-06 00:00:00+05:00,155.499854109395,156.54522765206156,154.59491335407074,155.0681915283203,218546,0.0,0.0,0.0,0.0,0.011808327608671626,439840.0,149.99709701538086,0,6,7,2020,0,ENGRO.KA
2020-07-07 00:00:00+05:00,155.95753031018364,157.40336267402196,153.50273408039,153.91360473632812,684224,0.0,0.0,0.0,-0.007445671356664518,0.011887891252006294,451525.9,150.20564956665038,0,7,7,2020,1,ENGRO.KA
2020-07-08 00:00:00+05:00,153.91361948621162,155.1150119384465,153.16990337229478,153.46633911132812,492114,0.0,0.0,0.0,-0.0029059525034594857,0.011924708943352777,449588.0,150.39106063842775,0,8,7,2020,2,ENGRO.KA
2020-07-09 00:00:00+05:00,154.43890903449852,157.0029186627079,153.68478108657817,155.39065551757812,753650,0.0,0.0,0.0,0.012539012902718971,0.0120429644376024,442545.9,150.59935607910157,0,9,7,2020,3,ENGRO.KA
2020-07-10 00:00:00+05:00,155.13578363372318,156.90927109612852,153.99679897056052,156.49319458007812,713250,0.0,0.0,0.0,0.00709527261357934,0.011765817216766202,459931.5,150.94209060668945,0,10,7,2020,4,ENGRO.KA
2020-07-13 00:00:00+05:00,157.06528419195996,157.4553469838274,155.51542898512952,156.66482543945312,713318,0.0,0.0,0.0,0.0010967304989557558,0.01049950455463951,478115.2,151.44579162597657,0,13,7,2020,0,ENGRO.KA
2020-07-14 00:00:00+05:00,156.55046440829972,158.57358258533682,155.55189630747137,157.02374267578125,1628923,0.0,0.0,0.0,0.002290988007814354,0.010479401928350174,543936.2,151.9214111328125,0,14,7,2020,1,ENGRO.KA
2020-07-15 00:00:00+05:00,158.61514099913353,159.53047756719806,155.510240509674,156.40478515625,1606793,0.0,0.0,0.0,-0.003941808474207997,0.009923414831908695,609037.55,152.4620391845703,0,15,7,2020,2,ENGRO.KA
2020-07-16 00:00:00+05:00,156.28516804250788,157.3253355502783,155.53104025069567,156.42039489746094,921731,0.0,0.0,0.0,9.980347593163685e-05,0.009704862031593705,632248.45,153.04687423706054,0,16,7,2020,3,ENGRO.KA
2020-07-17 00:00:00+05:00,157.57501574492898,161.06997996620237,156.54524397440824,159.94139099121094,1885907,0.0,0.0,0.0,0.022509827417697803,0.010359626748724204,711017.2,153.83558349609376,0,17,7,2020,4,ENGRO.KA
2020-07-20 00:00:00+05:00,160.18574767613876,162.26608206154316,158.62549688708546,159.08837890625,1245362,0.0,0.0,0.0,-0.005333279144782543,0.009037756908502679,753698.85,154.37594909667968,0,20,7,2020,0,ENGRO.KA
2020-07-21 00:00:00+05:00,159.6604950718548,164.08641257883502,157.85061389606525,161.77203369140625,2910655,0.0,0.0,0.0,0.016868955505151773,0.009281649811893488,884196.2,155.0856025695801,0,21,7,2020,1,ENGRO.KA
2020-07-22 00:00:00+05:00,162.26612086368024,164.34645574654795,159.66570226009563,160.5810546875,1119919,0.0,0.0,0.0,-0.0073620821642024215,0.009415063018314986,915819.0,155.63740997314454,0,22,7,2020,2,ENGRO.KA
2020-07-23 00:00:00+05:00,160.96072661282344,161.7356622503894,158.89080329262265,159.44728088378906,634258,0.0,0.0,0.0,-0.0070604456168090746,0.009519528549951426,930399.85,156.1707550048828,0,23,7,2020,3,ENGRO.KA
2020-07-24 00:00:00+05:00,159.15601891819932,160.08176733190666,158.31348580672025,159.1924285888672,229976,0.0,0.0,0.0,-0.0015983483287345113,0.008773792578145685,908237.2,156.54469451904296,0,24,7,2020,4,ENGRO.KA
2020-07-27 00:00:00+05:00,159.61370575994047,161.25196646029306,158.70355916288935,160.1649932861328,686972,0.0,0.0,0.0,0.006109365287575219,0.008807437754411972,925702.35,156.95660247802735,0,27,7,2020,0,ENGRO.KA
2020-07-28 00:00:00+05:00,160.96596539209884,161.7304893520925,159.69175350154242,160.37306213378906,1111912,0.0,0.0,0.0,0.0012990906651151324,0.008812816603380444,960747.2,157.35810928344728,0,28,7,2020,1,ENGRO.KA
2020-07-29 00:00:00+05:00,160.75793162200426,162.52621365220008,159.951792079269,161.11679077148438,929026,0.0,0.0,0.0,0.004637491033717689,0.008023415415181302,966521.95,157.65715866088868,0,29,7,2020,2,ENGRO.KA
2020-07-30 00:00:00+05:00,161.73560772792655,164.08637994550782,161.22592007324064,162.96299743652344,841173,0.0,0.0,0.0,0.011458809824840488,0.008302259640853396,973840.45,158.02771682739257,0,30,7,2020,3,ENGRO.KA
2020-07-31 00:00:00+05:00,162.96299743652344,162.96299743652344,162.96299743652344,162.96299743652344,0,0.0,0.0,0.0,0.0,0.008223143614948258,966385.45,158.42245712280274,0,31,7,2020,4,ENGRO.KA
2020-08-03 00:00:00+05:00,163.30630378439704,166.3696048081941,163.30630378439704,165.1057891845703,1267545,0.0,0.0,0.0,0.013148946581456489,0.008531109123205392,1018835.4,158.92433700561523,0,3,8,2020,0,ENGRO.KA
2020-08-04 00:00:00+05:00,165.12659344870227,169.55251131582932,164.99657250897886,166.0107421875,1871924,0.0,0.0,0.0,0.0054810494980164215,0.008165950372499146,1078220.4,159.52919387817383,0,4,8,2020,1,ENGRO.KA
2020-08-05 00:00:00+05:00,165.39184103161017,166.42680263153207,163.90439322980856,164.8561553955078,770035,0.0,0.0,0.0,-0.006954892055648698,0.008388669880186666,1092116.45,160.09868469238282,0,5,8,2020,2,ENGRO.KA
2020-08-06 00:00:00+05:00,166.4268313480312,166.4268313480312,163.30632826025558,163.706787109375,804685,0.0,0.0,0.0,-0.006971946442493215,0.008431152321969644,1094668.2,160.51449127197264,0,6,8,2020,3,ENGRO.KA
2020-08-07 00:00:00+05:00,164.34649212645158,166.37481591190024,162.78624061892197,163.2647247314453,496961,0.0,0.0,0.0,-0.002700330180167465,0.008443453602467912,1083853.75,160.85306777954102,0,7,8,2020,4,ENGRO.KA
2020-08-10 00:00:00+05:00,163.31667615946864,163.31667615946864,161.23115133566213,162.2349090576172,551373,0.0,0.0,0.0,-0.006307643463841162,0.008652000326989859,1075756.5,161.1315719604492,0,10,8,2020,0,ENGRO.KA
2020-08-11 00:00:00+05:00,163.81598860117222,164.60651020334583,162.21412173063243,163.76397705078125,683698,0.0,0.0,0.0,0.009425024503333157,0.008819455702046468,1028495.25,161.4685836791992,0,11,8,2020,1,ENGRO.KA
2020-08-12 00:00:00+05:00,164.2840524776102,166.32277182726438,162.11010627813857,162.9474334716797,462121,0.0,0.0,0.0,-0.004986100080168199,0.00886035627154334,971261.65,161.79571609497071,0,12,8,2020,2,ENGRO.KA
2020-08-13 00:00:00+05:00,163.29593560714795,163.82641542901092,158.1835023898939,159.7229461669922,1077986,0.0,0.0,0.0,-0.019788512380883305,0.010121552098795047,979074.4,161.96084365844726,0,13,8,2020,3,ENGRO.KA
2020-08-14 00:00:00+05:00,159.72294616699216,159.72294616699216,159.72294616699216,159.7229461669922,0,0.0,0.0,0.0,0.0,0.008777014770892119,884779.05,161.94992141723634,0,14,8,2020,4,ENGRO.KA
2020-08-17 00:00:00+05:00,159.67091712635843,160.6746749543993,147.74538467936296,151.19354248046875,3128026,0.0,0.0,0.0,-0.05340124190800888,0.01481172102753976,978912.25,161.55517959594727,0,17,8,2020,0,ENGRO.KA
2020-08-18 00:00:00+05:00,153.41952282775534,153.9448125712156,149.79453792389626,150.4082489013672,1350375,0.0,0.0,0.0,-0.0051939624286732045,0.014102965114209854,900898.25,160.98699035644532,0,18,8,2020,1,ENGRO.KA
2020-08-19 00:00:00+05:00,150.8503113454436,155.24502613927183,148.74397814348993,153.15948486328125,1615869,0.0,0.0,0.0,0.018291789060839614,0.014881998308614105,925695.75,160.61591186523438,0,19,8,2020,2,ENGRO.KA
2020-08-20 00:00:00+05:00,153.4767164783146,153.89277712605482,150.82428620180562,151.2923583984375,670649,0.0,0.0,0.0,-0.012190733512263074,0.01501281560772618,927515.3,160.2081657409668,0,20,8,2020,3,ENGRO.KA
2020-08-21 00:00:00+05:00,151.29234192785955,152.73298390400842,149.26401871547253,152.160888671875,697306,0.0,0.0,0.0,0.005740741188990928,0.015125596041685497,950881.8,159.8565887451172,0,21,8,2020,4,ENGRO.KA
2020-08-24 00:00:00+05:00,152.36894085808532,152.79020743686922,150.4342286226086,152.27532958984375,295272,0.0,0.0,0.0,0.0007521046897638328,0.015018780308939302,931296.8,159.46210556030275,0,24,8,2020,0,ENGRO.KA
2020-08-25 00:00:00+05:00,152.90460756628474,153.6743371549184,152.12448201747716,153.31027221679688,509131,0.0,0.0,0.0,0.006796521995655835,0.01514011096654831,901157.75,159.1089660644531,0,25,8,2020,1,ENGRO.KA
2020-08-26 00:00:00+05:00,153.47674929161832,157.06532472862781,153.20110548242613,156.03555297851562,930580,0.0,0.0,0.0,0.017776243707042116,0.01572339609996079,901235.45,158.8549041748047,0,26,8,2020,2,ENGRO.KA
2020-08-27 00:00:00+05:00,156.49320705823718,157.68940928160436,155.5050510453321,156.08233642578125,790481,0.0,0.0,0.0,0.00029982556137109206,0.015435400900239437,898700.85,158.51087112426757,0,27,8,2020,3,ENGRO.KA
2020-08-28 00:00:00+05:00,156.08233708378086,156.89368239026902,154.25685379135075,155.98353576660156,413762,0.0,0.0,0.0,-0.0006330034611358171,0.015431648087865317,919388.95,158.1618980407715,0,28,8,2020,4,ENGRO.KA
2020-08-31 00:00:00+05:00,156.0251455915703,156.4100025384193,153.50273589683354,155.00057983398438,510575,0.0,0.0,0.0,-0.006301664645478877,0.015029659231223323,881540.45,157.6566375732422,0,31,8,2020,0,ENGRO.KA
2020-09-01 00:00:00+05:00,154.4752175424269,156.01467635014836,154.39200226592644,155.08892822265625,389422,0.0,0.0,0.0,0.0005699874720888065,0.014922796941039521,807415.35,157.110546875,0,1,9,2020,1,ENGRO.KA
2020-09-02 00:00:00+05:00,155.2449903540604,158.72955762525856,155.2449903540604,157.8870086669922,931423,0.0,0.0,0.0,0.018041780779597838,0.015629634042037193,815484.75,156.76208953857423,0,2,9,2020,2,ENGRO.KA
2020-09-03 00:00:00+05:00,159.14561318756995,159.27563411337678,156.96125528533705,157.73619079589844,689585,0.0,0.0,0.0,-0.000955226603930659,0.015587537156262475,809729.75,156.46355972290038,0,3,9,2020,3,ENGRO.KA
2020-09-04 00:00:00+05:00,157.06530182829167,158.5735416185285,156.155155211737,156.82086181640625,465623,0.0,0.0,0.0,-0.005802910383936988,0.01561303390924442,808162.85,156.14136657714843,0,4,9,2020,4,ENGRO.KA
2020-09-07 00:00:00+05:00,158.04827177585176,158.51113809922532,156.80526388978643,157.6790008544922,279101,0.0,0.0,0.0,0.005472097450214042,0.015659863916972785,794549.25,155.9135711669922,0,7,9,2020,0,ENGRO.KA
2020-09-08 00:00:00+05:00,157.6113639912842,159.27563823333932,157.09128027460392,157.82460021972656,553231,0.0,0.0,0.0,0.0009233909680130825,0.015467495086603692,788025.9,155.61660232543946,0,8,9,2020,1,ENGRO.KA
2020-09-09 00:00:00+05:00,157.07050803597332,159.1456372466184,156.8052602282858,158.16787719726562,406750,0.0,0.0,0.0,0.0021750536802320752,0.015471025316668198,785257.35,155.37762451171875,0,9,9,2020,2,ENGRO.KA
2020-09-10 00:00:00+05:00,158.89598153223216,162.0060880699868,158.89598153223216,160.305419921875,2133110,0.0,0.0,0.0,0.013514392191933178,0.015173802795290396,838013.55,155.4067481994629,0,10,9,2020,3,ENGRO.KA
2020-09-11 00:00:00+05:00,160.9607020319765,163.76396084211805,160.18578238444874,162.3857421875,1725251,0.0,0.0,0.0,0.012977242233224828,0.015435784702719557,924276.1,155.53988800048828,0,11,9,2020,4,ENGRO.KA
2020-09-14 00:00:00+05:00,163.3305066424007,165.19866603210136,161.78260640588874,162.21495056152344,516297,8.0,0.0,0.0,-0.0010517649128293227,0.008707843556367556,793689.65,156.09095840454103,0,14,9,2020,0,ENGRO.KA
2020-09-15 00:00:00+05:00,162.26833203023443,163.73082876004258,157.9929105557379,159.30062866210938,870081,0.0,0.0,0.0,-0.017965803332712804,0.009785270984678685,769674.95,156.53557739257812,0,15,9,2020,1,ENGRO.KA
2020-09-16 00:00:00+05:00,159.2739157691895,163.36786046632412,159.2739157691895,162.38040161132812,1066232,0.0,0.0,0.0,0.019333087226863555,0.009873727031472152,742193.1,156.99662322998046,0,16,9,2020,2,ENGRO.KA
2020-09-17 00:00:00+05:00,162.82339101467667,164.1844880318467,160.92855058313347,163.26107788085938,780738,0.0,0.0,0.0,0.005423537944186263,0.009213412433528178,747697.55,157.59505920410157,0,17,9,2020,3,ENGRO.KA
2020-09-18 00:00:00+05:00,163.27713201441796,164.63822938165504,162.26299157488646,163.6134033203125,676514,0.0,0.0,0.0,0.0021580492057649003,0.009209631959685157,746657.95,158.16768493652344,0,18,9,2020,4,ENGRO.KA
2020-09-21 00:00:00+05:00,163.86427671548648,163.86427671548648,161.78261652316652,162.18826293945312,159363,0.0,0.0,0.0,-0.008710413400968897,0.009602384750847843,739862.5,158.6633316040039,0,21,9,2020,0,ENGRO.KA
2020-09-22 00:00:00+05:00,161.83598239582923,162.6899850684371,159.75430608644126,160.0852508544922,439854,0.0,0.0,0.0,-0.01296648750560958,0.010210627783903761,736398.65,159.00208053588867,0,22,9,2020,1,ENGRO.KA
2020-09-23 00:00:00+05:00,159.8610711736468,161.46235068456812,159.5941912551599,160.15463256835938,302803,0.0,0.0,0.0,0.00043340478586784137,0.009533391116871232,705009.8,159.20803451538086,0,23,9,2020,2,ENGRO.KA
2020-09-24 00:00:00+05:00,159.72760552557517,163.33048384570094,159.72760552557517,162.83409118652344,550349,0.0,0.0,0.0,0.016730447163433526,0.01012784046386416,693003.2,159.54562225341797,0,24,9,2020,3,ENGRO.KA
2020-09-25 00:00:00+05:00,162.74334356364648,165.07054453031952,162.2629630492721,163.56533813476562,652850,0.0,0.0,0.0,0.004490748484631268,0.01011805091606652,704957.6,159.92471237182616,0,25,9,2020,4,ENGRO.KA
2020-09-28 00:00:00+05:00,164.87842589480746,164.87842589480746,159.599549080821,160.795166015625,331677,0.0,0.0,0.0,-0.016936180676973334,0.0108534699153312,696012.7,160.2144416809082,0,28,9,2020,0,ENGRO.KA
2020-09-29 00:00:00+05:00,161.67584467830767,164.13114308470324,159.5941846579716,163.63475036621094,1158387,0.0,0.0,0.0,0.01765963754351918,0.011402681077529885,734460.95,160.64173278808593,0,29,9,2020,1,ENGRO.KA
2020-09-30 00:00:00+05:00,162.79677718842706,164.53149694535293,160.12797756238726,160.67774963378906,1137645,0.0,0.0,0.0,-0.018070738188582625,0.011708428197822942,744772.05,160.7812698364258,0,30,9,2020,2,ENGRO.KA
2020-10-01 00:00:00+05:00,160.18135670385016,162.73807130479543,159.63158463282204,162.08688354492188,500493,0.0,0.0,0.0,0.008769938055172233,0.011826853776375563,735317.45,160.99880447387696,0,1,10,2020,3,ENGRO.KA
2020-10-02 00:00:00+05:00,161.73985730526235,163.5653226337522,159.12443805125966,159.97311401367188,428447,0.0,0.0,0.0,-0.013040965962333284,0.012165650534039896,733458.65,161.15641708374022,0,2,10,2020,4,ENGRO.KA
2020-10-05 00:00:00+05:00,160.9286141825803,161.72925405413545,154.8170566474189,155.77249145507812,711005,0.0,0.0,0.0,-0.02625830336861945,0.013550911287420987,755053.85,161.06109161376952,0,5,10,2020,0,ENGRO.KA
2020-10-06 00:00:00+05:00,156.33826465932458,157.9288749562743,154.26194720885104,156.8720245361328,583485,0.0,0.0,0.0,0.007058583134826213,0.013654367816006893,756566.55,161.01346282958986,0,6,10,2020,1,ENGRO.KA
2020-10-07 00:00:00+05:00,157.45916415097966,160.0745842977096,156.92540427250177,159.26327514648438,205246,0.0,0.0,0.0,0.01524332090073055,0.01408072802568695,746491.35,161.06823272705077,0,7,10,2020,2,ENGRO.KA
2020-10-08 00:00:00+05:00,160.11729728886755,161.13678063105175,158.84694614741227,160.83786010742188,566403,0.0,0.0,0.0,0.00988667952162392,0.013925951051718644,668156.0,161.09485473632813,0,8,10,2020,3,ENGRO.KA
2020-10-09 00:00:00+05:00,160.13862621188943,161.85733360061784,160.1279568788251,160.52293395996094,301106,0.0,0.0,0.0,-0.0019580349256735907,0.013604748989119056,596948.75,161.00171432495117,0,9,10,2020,4,ENGRO.KA
2020-10-12 00:00:00+05:00,160.66701090677572,162.30031426935855,159.11909476097415,159.930419921875,498049,0.0,0.0,0.0,-0.0036911488188580144,0.01362328839793098,596036.35,160.88748779296876,0,12,10,2020,0,ENGRO.KA
2020-10-13 00:00:00+05:00,159.60486549088094,160.66171586461604,157.47516888842995,158.3878936767578,362847,0.0,0.0,0.0,-0.009644983398847451,0.013185730392637074,570674.65,160.84185104370118,0,13,10,2020,1,ENGRO.KA
2020-10-14 00:00:00+05:00,159.3112845659869,160.2613763370054,157.603246728871,158.612060546875,350136,0.0,0.0,0.0,0.0014153030570296377,0.012371998625956043,534869.85,160.6534339904785,0,14,10,2020,2,ENGRO.KA
2020-10-15 00:00:00+05:00,159.46072137380676,161.19544051845904,158.28644343718958,159.1671600341797,574340,0.0,0.0,0.0,0.003499730634548115,0.012325999712953974,524549.95,160.44873809814453,0,15,10,2020,3,ENGRO.KA
2020-10-16 00:00:00+05:00,160.1119664528882,160.1119664528882,156.93076183898793,158.19577026367188,296378,0.0,0.0,0.0,-0.00610295346288281,0.012346066960775517,505543.15,160.1778564453125,0,16,10,2020,4,ENGRO.KA
2020-10-19 00:00:00+05:00,157.51252822598875,163.06362716969898,157.51252822598875,162.81275939941406,890635,0.0,0.0,0.0,0.029185288127785203,0.013996584114876974,542106.75,160.20908126831054,0,19,10,2020,0,ENGRO.KA
2020-10-20 00:00:00+05:00,162.79673996579638,164.34464013716806,162.27899230516257,163.81622314453125,381691,0.0,0.0,0.0,0.006163299171507042,0.013693701451871544,539198.6,160.3956298828125,0,20,10,2020,1,ENGRO.KA
2020-10-21 00:00:00+05:00,163.38391288116483,168.13437285643957,163.38391288116483,167.2269744873047,1711583,0.0,0.0,0.0,0.020820595648602058,0.014372363022377125,609637.6,160.74924697875977,0,21,10,2020,2,ENGRO.KA
2020-10-22 00:00:00+05:00,167.33369437633908,169.2018536436985,166.53305469032787,166.86398315429688,400491,0.0,0.0,0.0,-0.002170650602994484,0.013987107043584883,602144.7,160.95074157714845,0,22,10,2020,3,ENGRO.KA
2020-10-23 00:00:00+05:00,172.13752752613175,172.13752752613175,167.6379365299383,168.80152893066406,1039032,0.0,0.0,0.0,0.011611527782934283,0.014161713191221129,621453.8,161.21255111694336,0,23,10,2020,4,ENGRO.KA
2020-10-26 00:00:00+05:00,169.6288641355336,171.48101136091438,169.201862795521,169.91709899902344,1120449,0.0,0.0,0.0,0.006608767559312723,0.01349642735884415,660892.4,161.66864776611328,0,26,10,2020,0,ENGRO.KA
2020-10-27 00:00:00+05:00,170.5309184640471,171.06467828024336,168.19304786285835,168.8922882080078,572764,0.0,0.0,0.0,-0.006031239922602016,0.013163685816082411,631611.25,161.93152465820313,0,27,10,2020,1,ENGRO.KA
2020-10-28 00:00:00+05:00,168.66811512581353,170.2533825556153,166.05269507945906,167.2322998046875,209041,0.0,0.0,0.0,-0.009828680876629914,0.01263158855025026,585181.05,162.25925216674804,0,28,10,2020,2,ENGRO.KA
2020-10-29 00:00:00+05:00,166.00465478064447,168.6681111974989,161.80929392421942,162.32704162597656,1351966,0.0,0.0,0.0,-0.029332002157716253,0.014328313331551585,627754.7,162.2712600708008,0,29,10,2020,3,ENGRO.KA
2020-10-30 00:00:00+05:00,162.32704162597656,162.32704162597656,162.32704162597656,162.32704162597656,0,0.0,0.0,0.0,0.0,0.013988081623891433,606332.35,162.38895645141602,0,30,10,2020,4,ENGRO.KA
2020-11-02 00:00:00+05:00,162.31632469666408,162.31632469666408,159.19382725793506,159.89305114746094,1042916,0.0,0.0,0.0,-0.014994362332579558,0.013034555808044097,622927.9,162.59498443603516,0,2,11,2020,0,ENGRO.KA
2020-11-03 00:00:00+05:00,161.72925641939239,164.92647314072866,160.92861653612806,164.39805603027344,392288,0.0,0.0,0.0,0.028175113618025716,0.014310901382725486,613368.05,162.97128601074218,0,3,11,2020,1,ENGRO.KA
2020-11-04 00:00:00+05:00,164.66490152288586,165.57229971626836,163.33050199676845,163.81088256835938,492204,0.0,0.0,0.0,-0.003571656965371539,0.014041021568487761,627715.95,163.19866638183595,0,4,11,2020,2,ENGRO.KA
2020-11-05 00:00:00+05:00,164.39801393419089,165.1399478547836,163.3571758368423,164.68624877929688,152395,0.0,0.0,0.0,0.005343761032312377,0.013934584177056716,607015.55,163.39108581542968,0,5,11,2020,3,ENGRO.KA
2020-11-06 00:00:00+05:00,164.89977961661947,165.4655637896788,162.2096252443927,162.67933654785156,239813,0.0,0.0,0.0,-0.012186276913349725,0.014243743450558557,603950.9,163.49890594482423,0,6,11,2020,4,ENGRO.KA
2020-11-09 00:00:00+05:00,164.39798942080063,164.39798942080063,161.72919089124215,162.4871368408203,163656,0.0,0.0,0.0,-0.001181463553453277,0.01421345642265486,587231.25,163.6267417907715,0,9,11,2020,0,ENGRO.KA
2020-11-10 00:00:00+05:00,165.4121643143083,165.4121643143083,163.76284843163518,164.27525329589844,809010,0.0,0.0,0.0,0.011004664675886566,0.014157883832936207,609539.4,163.9211097717285,0,10,11,2020,1,ENGRO.KA
2020-11-11 00:00:00+05:00,164.36600453378617,164.39802882069156,162.2629894853579,162.9782257080078,119654,0.0,0.0,0.0,-0.007895453282633969,0.014327464415211606,598015.3,164.13941802978516,0,11,11,2020,2,ENGRO.KA
2020-11-12 00:00:00+05:00,162.8234473376542,163.86428563499848,161.72924608275096,162.88751220703125,276563,0.0,0.0,0.0,-0.0005565988989172377,0.01432571981441904,583126.45,164.32543563842773,0,12,11,2020,3,ENGRO.KA
2020-11-13 00:00:00+05:00,162.79675721981152,164.61153748510597,162.79675721981152,162.95687866210938,164982,0.0,0.0,0.0,0.00042585496050762117,0.014223295329297118,576556.65,164.5634910583496,0,13,11,2020,4,ENGRO.KA
2020-11-16 00:00:00+05:00,163.29845225698008,164.28056820042752,162.4230784855495,162.72732543945312,57852,0.0,0.0,0.0,-0.0014086746416653861,0.012656997403645225,534917.5,164.55921936035156,0,16,11,2020,0,ENGRO.KA
2020-11-17 00:00:00+05:00,162.79671681040216,163.8642362648966,162.79671681040216,163.3678436279297,75730,0.0,0.0,0.0,0.003936144017280485,0.012610089915177465,519619.45,164.53680038452148,0,17,11,2020,1,ENGRO.KA
2020-11-18 00:00:00+05:00,163.83755083300514,163.83755083300514,160.71505324629166,162.05477905273438,170238,0.0,0.0,0.0,-0.008037472650895827,0.011714107511300552,442552.2,164.27819061279297,0,18,11,2020,2,ENGRO.KA
2020-11-19 00:00:00+05:00,162.52990170200184,163.59742158181794,161.73460460403825,161.9907989501953,201731,0.0,0.0,0.0,-0.0003948054041543747,0.011715522168858196,432614.2,164.0345314025879,0,19,11,2020,3,ENGRO.KA
2020-11-20 00:00:00+05:00,162.39639870161133,163.32513542417,161.19543930283197,162.12417602539062,196986,0.0,0.0,0.0,0.0008233620431510325,0.01132603539960279,390511.9,163.7006637573242,0,20,11,2020,4,ENGRO.KA
2020-11-23 00:00:00+05:00,161.46769155512038,162.24163353599758,160.12794916791714,161.39830017089844,417106,0.0,0.0,0.0,-0.004477283229976203,0.011154843462837632,355344.75,163.27472381591798,0,23,11,2020,0,ENGRO.KA
2020-11-24 00:00:00+05:00,162.263021261493,162.66334121526313,160.720447220883,161.09408569335938,284692,0.0,0.0,0.0,-0.0018848679150705872,0.011124432095165058,340941.15,162.88481369018555,0,24,11,2020,1,ENGRO.KA
2020-11-25 00:00:00+05:00,161.9960625694595,165.33206056306452,161.86796545900194,163.4105224609375,248188,0.0,0.0,0.0,0.014379402928468954,0.011570436926656843,342898.5,162.69372482299804,0,25,11,2020,2,ENGRO.KA
2020-11-26 00:00:00+05:00,164.13117036716548,167.54723049260514,164.13117036716548,165.35348510742188,599070,0.0,0.0,0.0,0.011890070585563572,0.009813171142851134,305253.7,162.8450469970703,0,26,11,2020,3,ENGRO.KA
2020-11-27 00:00:00+05:00,163.9763542502014,166.52239908660772,163.33050941117827,163.74684143066406,222262,0.0,0.0,0.0,-0.00971641859083927,0.010100016126898094,316366.8,162.9160369873047,0,27,11,2020,4,ENGRO.KA
2020-11-30 00:00:00+05:00,163.86424156455988,164.9317610535798,161.8893239942511,162.58322143554688,604594,0.0,0.0,0.0,-0.00710621337761741,0.009605706018028093,294450.7,163.050545501709,0,30,11,2020,0,ENGRO.KA
2020-12-01 00:00:00+05:00,163.2237624545456,165.9459410614347,162.79676107227456,164.95315551757812,440959,0.0,0.0,0.0,0.014576744519549045,0.00790203570540772,296884.25,163.07830047607422,0,1,12,2020,1,ENGRO.KA
2020-12-02 00:00:00+05:00,164.5314511277805,166.53305028991898,164.87839172474006,166.23414611816406,258293,0.0,0.0,0.0,0.007765784149848631,0.008023098777387334,285188.7,163.19946365356446,0,2,12,2020,2,ENGRO.KA
2020-12-03 00:00:00+05:00,166.26616546334196,169.06840420710614,165.46552582226647,166.5917510986328,1192974,0.0,0.0,0.0,0.0021512125445908303,0.00795870646501515,337217.65,163.29473876953125,0,3,12,2020,3,ENGRO.KA
2020-12-04 00:00:00+05:00,166.53115204308185,168.73686266616903,165.97972438731006,167.13772583007812,476038,10.0,0.0,0.0,0.003277321523093013,0.007380756027716727,349028.9,163.51765823364258,0,4,12,2020,4,ENGRO.KA
2020-12-07 00:00:00+05:00,167.08809132220898,168.18542691936878,166.0403653640571,167.12667846679688,161978,0.0,0.0,0.0,-6.609736507057207e-05,0.007364590713537102,348945.0,163.7496353149414,0,7,12,2020,0,ENGRO.KA
2020-12-08 00:00:00+05:00,167.63396204205617,168.19090920887487,166.5311070286216,168.12474060058594,386599,0.0,0.0,0.0,0.005971889963620303,0.00710166204889186,327824.45,163.94210968017578,0,8,12,2020,1,ENGRO.KA
2020-12-09 00:00:00+05:00,166.66897289821188,169.271711543482,166.66897289821188,168.6375732421875,246174,0.0,0.0,0.0,0.003050310381265575,0.006779703436619809,334150.45,164.22507705688477,0,9,12,2020,2,ENGRO.KA
2020-12-10 00:00:00+05:00,168.9298575844951,168.9298575844951,166.64143628878034,167.12667846679688,471573,0.0,0.0,0.0,-0.00895941957858204,0.00717755163019082,343900.95,164.43703536987306,0,10,12,2020,3,ENGRO.KA
2020-12-11 00:00:00+05:00,167.63399892652745,168.16888439886324,166.53114367043187,167.42445373535156,718476,0.0,0.0,0.0,0.0017817338996171106,0.007175165607887894,371575.65,164.66041412353516,0,11,12,2020,4,ENGRO.KA
2020-12-14 00:00:00+05:00,167.87106967224892,170.6668111341264,167.63395988618555,170.24221801757812,323318,0.0,0.0,0.0,0.016830064063882988,0.007922514380834945,384848.95,165.0361587524414,0,14,12,2020,0,ENGRO.KA
2020-12-15 00:00:00+05:00,170.39113480572945,171.76970385755573,169.45370111919337,169.87831115722656,524252,0.0,0.0,0.0,-0.002137582936765914,0.007972328641247984,407275.05,165.36168212890624,0,15,12,2020,1,ENGRO.KA
2020-12-16 00:00:00+05:00,170.556554353533,173.68867599188226,169.89485131338463,172.79534912109375,733291,0.0,0.0,0.0,0.017171338377430567,0.0082906366135407,435427.7,165.89871063232422,0,16,12,2020,2,ENGRO.KA
2020-12-17 00:00:00+05:00,173.6997111139998,175.4642863391509,172.32114197817438,174.8963165283203,523369,0.0,0.0,0.0,0.01215870344840253,0.008473648083394283,451509.6,166.54398651123046,0,17,12,2020,3,ENGRO.KA
2020-12-18 00:00:00+05:00,175.353937801914,175.353937801914,171.49394546036243,172.31556701660156,798494,0.0,0.0,0.0,-0.014755882587732305,0.009430862274221519,481585.0,167.053556060791,0,18,12,2020,4,ENGRO.KA
2020-12-21 00:00:00+05:00,172.32111270061299,173.69968160221788,168.50522657654778,169.911376953125,422727,0.0,0.0,0.0,-0.013952251123341197,0.010048994232007568,481866.05,167.47920989990234,0,21,12,2020,0,ENGRO.KA
2020-12-22 00:00:00+05:00,170.3911072216321,171.99024369722414,168.1853970957857,169.30479431152344,465778,0.0,0.0,0.0,-0.0035699942668872,0.010095720778812566,490920.35,167.88974533081054,0,22,12,2020,1,ENGRO.KA
2020-12-23 00:00:00+05:00,169.23310936520232,171.4939656542653,169.23310936520232,170.6668243408203,941171,0.0,0.0,0.0,0.00804484028249508,0.009799666750513171,525569.5,168.2525604248047,0,23,12,2020,2,ENGRO.KA
2020-12-24 00:00:00+05:00,172.04535980460355,172.04535980460355,169.6190824550564,169.99404907226562,174383,0.0,0.0,0.0,-0.003942038947248205,0.009615156120438029,504335.15,168.48458862304688,0,24,12,2020,3,ENGRO.KA
2020-12-25 00:00:00+05:00,169.99404907226562,169.99404907226562,169.99404907226562,169.99404907226562,0,0.0,0.0,0.0,0.0,0.009261352492569562,493222.05,168.79694900512695,0,25,12,2020,4,ENGRO.KA
2020-12-28 00:00:00+05:00,171.76969178789332,171.76969178789332,170.39112283293431,171.14657592773438,150751,0.0,0.0,0.0,0.0067798070682980605,0.009067978860849623,470529.9,169.22511672973633,0,28,12,2020,0,ENGRO.KA
2020-12-29 00:00:00+05:00,171.76417864222634,172.03438961084703,168.4721551797851,169.779052734375,1415260,0.0,0.0,0.0,-0.007990362564640474,0.008902940075195213,519244.95,169.46641159057617,0,29,12,2020,1,ENGRO.KA
2020-12-30 00:00:00+05:00,169.8397237912329,171.49400681517346,169.70186687257117,170.06581115722656,406231,0.0,0.0,0.0,0.001689009440406064,0.00877999052414646,526641.85,169.6579948425293,0,30,12,2020,2,ENGRO.KA
2020-12-31 00:00:00+05:00,170.52899217222495,170.91499823907475,168.7368524000027,169.48678588867188,528408,0.0,0.0,0.0,-0.0034047129438578017,0.008835252106762344,493413.55,169.80274658203126,0,31,12,2020,3,ENGRO.KA
2021-01-01 00:00:00+05:00,170.0878374315605,177.00824657087284,169.42611762897408,172.36521911621094,649583,0.0,0.0,0.0,0.016983230948929506,0.009533403727401043,502090.8,170.0641212463379,0,1,1,2021,4,ENGRO.KA
2021-01-04 00:00:00+05:00,172.52516140273846,173.85962368334253,170.39113914863736,170.88742065429688,326474,0.0,0.0,0.0,-0.008573646525043443,0.009797067734300521,510315.6,170.25215835571288,0,4,1,2021,0,ENGRO.KA
2021-01-05 00:00:00+05:00,171.73660701172105,171.73660701172105,169.7128603869273,170.15951538085938,426937,0.0,0.0,0.0,-0.004259560303798149,0.009799639806409164,512332.5,170.35389709472656,0,5,1,2021,1,ENGRO.KA
2021-01-06 00:00:00+05:00,170.9149854655999,172.4534563002914,170.11540874184047,172.09503173828125,521872,0.0,0.0,0.0,0.011374717147552449,0.010079855126720098,526117.4,170.52677001953126,0,6,1,2021,2,ENGRO.KA
2021-01-07 00:00:00+05:00,172.86698793066506,174.5267899595479,171.57664970201054,174.16836547851562,787143,0.0,0.0,0.0,0.01204760950558681,0.010074975004971341,541895.9,170.87885437011718,0,7,1,2021,3,ENGRO.KA
2021-01-08 00:00:00+05:00,174.80253421972063,177.2784385465047,174.80253421972063,175.6737823486328,1009689,0.0,0.0,0.0,0.008643457530195908,0.010179365024557966,556456.55,171.29132080078125,0,8,1,2021,4,ENGRO.KA
2021-01-11 00:00:00+05:00,177.00826247245988,177.31706058721218,175.0782658411402,175.49183654785156,741392,0.0,0.0,0.0,-0.0010357026435519057,0.009620205927656712,577360.25,171.5538017272949,0,11,1,2021,0,ENGRO.KA
2021-01-12 00:00:00+05:00,176.4568110297999,176.4568110297999,174.60952542368508,175.12786865234375,495559,0.0,0.0,0.0,-0.002073987614851669,0.009618928631991713,575925.6,171.81627960205077,0,12,1,2021,1,ENGRO.KA
2021-01-13 00:00:00+05:00,176.40168164303967,176.45682776736385,173.8099820821472,174.66468811035156,309074,0.0,0.0,0.0,-0.002644813447205685,0.00892232924329097,554714.75,171.90974655151368,0,13,1,2021,2,ENGRO.KA
2021-01-14 00:00:00+05:00,174.8025393473216,174.94039623955135,173.03796439548725,173.2805938720703,270791,0.0,0.0,0.0,-0.007924293417607031,0.008676883038334042,542085.85,171.82896041870117,0,14,1,2021,3,ENGRO.KA
2021-01-15 00:00:00+05:00,173.75481655990973,173.80996267807743,172.05090752639293,172.6133575439453,199946,0.0,0.0,0.0,-0.0038506119653398674,0.008049068208192765,512158.45,171.84384994506837,0,15,1,2021,4,ENGRO.KA
2021-01-18 00:00:00+05:00,172.06195403557257,173.1482670849996,171.55463323714218,171.93511962890625,186679,0.0,0.0,0.0,-0.003929231924397203,0.007413951654398148,500356.05,171.9450370788574,0,18,1,2021,0,ENGRO.KA
2021-01-19 00:00:00+05:00,171.54911555841053,172.4589676576242,170.6668281056265,171.6208038330078,311967,0.0,0.0,0.0,-0.001828107000924728,0.007372276272366184,492665.5,172.06083755493165,0,19,1,2021,1,ENGRO.KA
2021-01-20 00:00:00+05:00,170.942508001372,170.942508001372,168.9022197229668,169.31028747558594,992701,0.0,0.0,0.0,-0.013462915368174566,0.0078014780452690825,495242.0,171.9930107116699,0,20,1,2021,2,ENGRO.KA
2021-01-21 00:00:00+05:00,170.52893793132168,171.76964968668292,169.23308006563164,171.3560791015625,217956,0.0,0.0,0.0,0.012083091089615916,0.008226661918766016,497420.65,172.06111221313478,0,21,1,2021,3,ENGRO.KA
2021-01-22 00:00:00+05:00,171.90753677458977,171.90753677458977,169.8507059781124,170.25877380371094,137280,0.0,0.0,0.0,-0.006403655496815985,0.008367731507772784,504284.65,172.07434844970703,0,22,1,2021,4,ENGRO.KA
2021-01-25 00:00:00+05:00,170.39114140743368,171.7421458618615,169.83971376533842,170.36907958984375,190055,0.0,0.0,0.0,0.000647871376425968,0.008221584161885788,506249.85,172.0354736328125,0,25,1,2021,0,ENGRO.KA
2021-01-26 00:00:00+05:00,170.66681924143398,171.7696742930749,169.97753483415838,170.92047119140625,159381,0.0,0.0,0.0,0.003236453486101798,0.008042694507160596,443455.9,172.09254455566406,0,26,1,2021,1,ENGRO.KA
2021-01-27 00:00:00+05:00,171.2182429911055,171.99023814458158,170.66681547744656,171.45535278320312,184992,0.0,0.0,0.0,0.003129417957184799,0.008061595065277932,432393.95,172.1620216369629,0,27,1,2021,2,ENGRO.KA
2021-01-28 00:00:00+05:00,170.9480687072728,171.48845696322076,169.28826631375446,169.56398010253906,500789,0.0,0.0,0.0,-0.011031283946297155,0.00842509620972265,431013.0,172.16588134765624,0,28,1,2021,3,ENGRO.KA
2021-01-29 00:00:00+05:00,169.29926955699153,170.66681585203088,169.28824706485779,169.55844116210938,625471,0.0,0.0,0.0,-3.266578448046786e-05,0.0074256881070422645,429807.4,172.02554244995116,0,29,1,2021,4,ENGRO.KA
2021-02-01 00:00:00+05:00,169.83969927782022,173.25855709847283,169.39856393306783,172.45346069335938,938974,0.0,0.0,0.0,0.017073874419983426,0.00818710300040274,460432.4,172.1038444519043,0,1,2,2021,0,ENGRO.KA
2021-02-02 00:00:00+05:00,172.59681515001975,175.10580365493308,170.99767869478748,172.0729522705078,795217,0.0,0.0,0.0,-0.0022064412121490795,0.008137161162868004,478846.4,172.19951629638672,0,2,2,2021,1,ENGRO.KA
2021-02-03 00:00:00+05:00,172.81740793450422,173.97540926993526,172.04541265362855,172.62440490722656,336743,0.0,0.0,0.0,0.0032047607101657327,0.007763796980829731,469589.95,172.225984954834,0,3,2,2021,2,ENGRO.KA
2021-02-04 00:00:00+05:00,174.80250722354222,174.80250722354222,172.651943465618,173.83750915527344,817566,0.0,0.0,0.0,0.007027420304207999,0.007434141445793743,471111.1,172.20944213867188,0,4,2,2021,3,ENGRO.KA
2021-02-05 00:00:00+05:00,173.83750915527347,173.83750915527347,173.83750915527347,173.83750915527344,0,0.0,0.0,0.0,0.0,0.007146686305704669,420626.65,172.1176284790039,0,5,2,2021,4,ENGRO.KA
2021-02-08 00:00:00+05:00,173.83750347654546,173.83750347654546,169.8396544671721,170.44622802734375,584114,0.0,0.0,0.0,-0.01950833939354568,0.008317252173805993,412762.75,171.8653480529785,0,8,2,2021,0,ENGRO.KA
2021-02-09 00:00:00+05:00,170.94255078103356,171.3506018075404,169.28826803153967,169.4536895751953,638328,0.0,0.0,0.0,-0.005823176397832697,0.008374709401448004,419901.2,171.5816390991211,0,9,2,2021,1,ENGRO.KA
2021-02-10 00:00:00+05:00,169.45919668846096,170.3911105812644,168.18540041192765,169.17796325683594,413298,0.0,0.0,0.0,-0.0016271485091330362,0.008371195621876909,425112.4,171.30730285644532,0,10,2,2021,2,ENGRO.KA
2021-02-11 00:00:00+05:00,169.84521022843603,169.84521022843603,167.08255273384165,167.55126953125,538494,0.0,0.0,0.0,-0.009615281412960308,0.00844704102132189,438497.55,171.0208366394043,0,11,2,2021,3,ENGRO.KA
2021-02-12 00:00:00+05:00,167.63397763379655,168.73683274980837,165.9796949597788,166.33811950683594,505228,0.0,0.0,0.0,-0.007240470500808671,0.008527238505157506,453761.65,170.70707473754882,0,12,2,2021,4,ENGRO.KA
2021-02-15 00:00:00+05:00,167.08255821481754,169.39856080255433,167.08255821481754,167.65052795410156,421483,0.0,0.0,0.0,0.007890004114250448,0.008778866468418451,465501.85,170.4928451538086,0,15,2,2021,0,ENGRO.KA
2021-02-16 00:00:00+05:00,168.73684163589195,170.93703232316807,167.92072274890035,169.82867431640625,471367,0.0,0.0,0.0,0.012992183137657598,0.00933320069647299,473471.85,170.40323867797852,0,16,2,2021,1,ENGRO.KA
2021-02-17 00:00:00+05:00,170.94254027840705,171.21825405304963,170.39111272912186,170.89291381835938,328581,0.0,0.0,0.0,0.006266547779619103,0.008922744764182002,440265.85,170.48236999511718,0,17,2,2021,2,ENGRO.KA
2021-02-18 00:00:00+05:00,168.18542036343626,168.18542036343626,166.0403588917399,166.5421600341797,934562,0.0,0.0,0.0,-0.02545894786956504,0.010213917159886864,476096.15,170.24167404174804,0,18,2,2021,3,ENGRO.KA
2021-02-19 00:00:00+05:00,166.53108071538153,168.26807372143583,165.97965329579418,166.34359741210938,390597,0.0,0.0,0.0,-0.0011922664028709562,0.010145092279899563,488762.0,170.04591522216796,0,19,2,2021,4,ENGRO.KA
2021-02-22 00:00:00+05:00,166.81238783231223,167.35829583401673,163.9173925995986,164.77761840820312,574781,0.0,0.0,0.0,-0.00941412250467688,0.010301439082426882,507998.3,169.76634216308594,0,22,2,2021,0,ENGRO.KA
2021-02-23 00:00:00+05:00,165.75914377710714,166.84545684747732,164.76656397710335,166.61936950683594,245269,0.0,0.0,0.0,0.011177192123691615,0.01064560081865253,512292.7,169.55128707885743,0,23,2,2021,1,ENGRO.KA
2021-02-24 00:00:00+05:00,165.48343799849368,167.35828860736055,164.32543658976425,164.6949005126953,1201358,0.0,0.0,0.0,-0.011550091684038422,0.010834358117717128,563111.0,169.21326446533203,0,24,2,2021,2,ENGRO.KA
2021-02-25 00:00:00+05:00,166.52006589045442,168.04751385486077,164.90437068723497,166.7626953125,427809,0.0,0.0,0.0,0.012555305558141994,0.011075249307523974,559462.0,169.07320022583008,0,25,2,2021,3,ENGRO.KA
2021-02-26 00:00:00+05:00,167.49613764579001,167.63399454920219,166.25542551508047,167.06602478027344,460977,0.0,0.0,0.0,0.001818928791028629,0.011089502832675171,551237.3,168.94857940673828,0,26,2,2021,4,ENGRO.KA
2021-03-01 00:00:00+05:00,167.49610435026582,167.7718181022827,165.42825121013908,167.34170532226562,134017,0.0,0.0,0.0,0.0016501292968140735,0.0102978098356171,510989.45,168.6929916381836,0,1,3,2021,0,ENGRO.KA
2021-03-02 00:00:00+05:00,168.13029555991807,168.18544169333381,166.69658023229465,168.1688995361328,286434,0.0,0.0,0.0,0.0049431444018941395,0.010393914208615242,485550.3,168.49778900146484,0,2,3,2021,1,ENGRO.KA
2021-03-03 00:00:00+05:00,168.7093035670944,168.73686821949553,167.7718697901357,168.42807006835938,387757,0.0,0.0,0.0,0.0015411323552776413,0.010364305557642648,488101.0,168.2879722595215,0,3,3,2021,2,ENGRO.KA
2021-03-04 00:00:00+05:00,166.53109501370693,168.18537741450535,164.8768126129085,166.509033203125,271536,0.0,0.0,0.0,-0.011393806652629235,0.010415095304927234,460799.5,167.92154846191406,0,4,3,2021,3,ENGRO.KA
2021-03-05 00:00:00+05:00,167.08256667753335,168.73684951592477,165.51099461541446,167.9207305908203,139324,0.0,0.0,0.0,0.008478203017209252,0.01067435471180489,467765.7,167.6257095336914,0,5,3,2021,4,ENGRO.KA
2021-03-08 00:00:00+05:00,168.73683274980837,169.01254652881133,165.43928989476893,166.33811950683594,253508,0.0,0.0,0.0,-0.009424751062099612,0.010004874610264756,451235.4,167.42030410766603,0,8,3,2021,0,ENGRO.KA
2021-03-09 00:00:00+05:00,165.7039791184979,167.0825479963556,163.80706699630701,164.6066436767578,380244,0.0,0.0,0.0,-0.010409374803632798,0.010168327042214789,438331.2,167.17795181274414,0,9,3,2021,1,ENGRO.KA
2021-03-10 00:00:00+05:00,165.70394921273143,165.70394921273143,162.5608060071878,162.85858154296875,683100,0.0,0.0,0.0,-0.01061963293062329,0.010375571731698953,451821.3,166.8619827270508,0,10,3,2021,2,ENGRO.KA
2021-03-11 00:00:00+05:00,164.86584906648744,164.86584906648744,159.91402258483322,160.3496551513672,637275,0.0,0.0,0.0,-0.015405552276283374,0.010679963697113062,456760.35,166.50190200805665,0,11,3,2021,3,ENGRO.KA
2021-03-12 00:00:00+05:00,160.3496582076226,162.67116400576458,159.3625979581897,159.8699188232422,1007874,0.0,0.0,0.0,-0.002991813906129903,0.010615226168156645,481892.65,166.17849197387696,0,12,3,2021,4,ENGRO.KA
2021-03-15 00:00:00+05:00,161.01685532290458,162.66011558950137,154.68095773650066,158.98208618164062,424038,0.0,0.0,0.0,-0.005553469021168267,0.010383967048847946,482020.4,165.7450698852539,0,15,3,2021,0,ENGRO.KA
2021-03-16 00:00:00+05:00,159.16955665769717,159.91950686561637,157.4601279115816,159.74856567382812,468845,0.0,0.0,0.0,0.004821168916551821,0.009887086910390667,481894.3,165.241064453125,0,16,3,2021,1,ENGRO.KA
2021-03-17 00:00:00+05:00,160.41029680330618,162.11420618825633,160.40479397011725,161.02789306640625,222090,0.0,0.0,0.0,0.008008381090508498,0.009980315737823294,476569.75,164.74781341552733,0,17,3,2021,2,ENGRO.KA
2021-03-18 00:00:00+05:00,161.56827063746942,161.8439844098883,156.8976786595641,157.5538787841797,535756,0.0,0.0,0.0,-0.02157399079173139,0.00954696910752198,456629.45,164.29839935302735,0,18,3,2021,3,ENGRO.KA
2021-03-19 00:00:00+05:00,159.35703728081225,160.18969824017606,156.88113304416552,157.79098510742188,221364,0.0,0.0,0.0,0.0015049221578795624,0.009588744797294619,448167.8,163.87076873779296,0,19,3,2021,4,ENGRO.KA
2021-03-22 00:00:00+05:00,157.15683490645912,161.28702142826495,157.15683490645912,160.10145568847656,323910,0.0,0.0,0.0,0.014642601917224551,0.010178630301491262,435624.25,163.63696060180663,0,22,3,2021,0,ENGRO.KA
2021-03-23 00:00:00+05:00,160.10145568847656,160.10145568847656,160.10145568847656,160.10145568847656,0,0.0,0.0,0.0,0.0,0.009750190015979878,423360.8,163.31106491088866,0,23,3,2021,1,ENGRO.KA
2021-03-24 00:00:00+05:00,159.36255271307417,161.82743439183474,157.7082701589592,157.97296142578125,581543,0.0,0.0,0.0,-0.013294659024443267,0.009847929203620308,392370.05,162.97496795654297,0,24,3,2021,2,ENGRO.KA
2021-03-25 00:00:00+05:00,158.78358738209272,159.91400725379964,156.08157862452654,156.47860717773438,391149,0.0,0.0,0.0,-0.009459557094832038,0.009348965346924084,390537.05,162.46076354980468,0,25,3,2021,3,ENGRO.KA
2021-03-26 00:00:00+05:00,157.15683984014754,157.15683984014754,155.50255731551442,156.015380859375,429340,0.0,0.0,0.0,-0.0029603172389771615,0.009276451089557944,388955.2,161.90823135375976,0,26,3,2021,4,ENGRO.KA
2021-03-29 00:00:00+05:00,156.467554035378,157.1292737705208,152.19399088551302,153.4843292236328,377849,0.0,0.0,0.0,-0.016223090453008293,0.009621391151767756,401146.8,161.21536254882812,0,29,3,2021,0,ENGRO.KA
2021-03-30 00:00:00+05:00,153.30237755902482,153.8482854449238,150.40186327993894,150.61692810058594,567757,0.0,0.0,0.0,-0.018682044854683166,0.009877778091484582,415212.95,160.33776397705077,0,30,3,2021,1,ENGRO.KA
2021-03-31 00:00:00+05:00,153.18657999455033,153.8482998434505,150.8209677154371,152.92190551757812,585049,0.0,0.0,0.0,0.015303574744618853,0.01082443193295643,425077.55,159.5624557495117,0,31,3,2021,2,ENGRO.KA
2021-04-01 00:00:00+05:00,153.5395039601276,164.3860755462815,153.5395039601276,164.3474884033203,2641568,0.0,0.0,0.0,0.07471514853984629,0.02068312100567584,543579.15,159.4543785095215,0,1,4,2021,3,ENGRO.KA
2021-04-02 00:00:00+05:00,165.97416700045073,170.9425344347002,162.89720878504852,165.1194610595703,4363749,0.0,0.0,0.0,0.0046971977713192725,0.02061432492705762,754800.4,159.31431503295897,0,2,4,2021,4,ENGRO.KA
2021-04-05 00:00:00+05:00,165.4227336048871,171.493955884748,162.14175001206996,168.42250061035156,1621471,0.0,0.0,0.0,0.020003938539925326,0.021001334759388576,823198.55,159.41853408813478,0,5,4,2021,0,ENGRO.KA
2021-04-06 00:00:00+05:00,167.63398108202577,170.9425464981184,167.63398108202577,170.38009643554688,1532634,0.0,0.0,0.0,0.01162312528374243,0.02095876945749864,880818.05,159.70720672607422,0,6,4,2021,1,ENGRO.KA
2021-04-07 00:00:00+05:00,170.88739097062486,170.93701742974696,164.87683416116545,166.44288635253906,1396705,0.0,0.0,0.0,-0.023108392150119617,0.021530522556368285,916498.3,159.88642196655275,0,7,4,2021,2,ENGRO.KA
2021-04-08 00:00:00+05:00,167.9097144543734,170.3856191445436,166.66900227860214,169.2496795654297,853478,0.0,0.0,0.0,0.01686340146100096,0.02142129731116139,927308.45,160.33142318725587,0,8,4,2021,3,ENGRO.KA
2021-04-09 00:00:00+05:00,167.4685513487756,170.67234402368118,163.22255254124065,164.04417419433594,1289512,0.0,0.0,0.0,-0.030756367660249362,0.022686646803579145,941390.35,160.54013595581054,0,9,4,2021,4,ENGRO.KA
2021-04-12 00:00:00+05:00,164.04973527040892,164.04973527040892,160.45993567827932,160.74668884277344,303549,0.0,0.0,0.0,-0.02010120364077128,0.023154066566732884,935365.9,160.62836608886718,0,12,4,2021,0,ENGRO.KA
2021-04-13 00:00:00+05:00,161.5572665129407,161.5572665129407,157.3278093587455,158.6732940673828,492991,0.0,0.0,0.0,-0.012898522453663852,0.023330494791537624,936573.2,160.57460250854493,0,13,4,2021,1,ENGRO.KA
2021-04-14 00:00:00+05:00,158.81113646643735,159.63827780220004,157.15685379491197,158.71188354492188,568489,0.0,0.0,0.0,0.000243200834556756,0.023253206879898458,953893.15,160.45880203247071,0,14,4,2021,2,ENGRO.KA
2021-04-15 00:00:00+05:00,159.323961745144,161.2925621839083,158.73393021393446,159.3460235595703,420908,0.0,0.0,0.0,0.0039955421137003455,0.022729009545586498,948150.75,160.54840927124025,0,15,4,2021,3,ENGRO.KA
2021-04-16 00:00:00+05:00,159.89018970316238,161.02848775216984,158.90180862857312,160.52874755859375,328346,2.0,0.0,0.0,0.007422362808955141,0.022777058389573564,953499.85,160.68529739379883,0,16,4,2021,4,ENGRO.KA
2021-04-19 00:00:00+05:00,159.91239380173747,163.74931614020974,158.1133222650792,161.84474182128906,262499,0.0,0.0,0.0,0.008197872858971778,0.022620450821313476,950429.3,160.77246170043946,0,19,4,2021,0,ENGRO.KA
2021-04-20 00:00:00+05:00,163.63827500435738,165.1652693634409,161.65039649467954,162.78871154785156,227918,0.0,0.0,0.0,0.005832563455196116,0.022647459632881874,961825.2,160.9068244934082,0,20,4,2021,1,ENGRO.KA
2021-04-21 00:00:00+05:00,163.24958728493678,168.5801894425279,163.24958728493678,165.5484161376953,414591,0.0,0.0,0.0,0.016952677882904332,0.02264760987131259,953477.6,161.2855972290039,0,21,4,2021,2,ENGRO.KA
2021-04-22 00:00:00+05:00,168.8022754101318,171.02335798131776,166.99764582104322,167.58067321777344,757792,0.0,0.0,0.0,0.012275907722293145,0.02256065014893102,971809.75,161.84070053100587,0,22,4,2021,3,ENGRO.KA
2021-04-23 00:00:00+05:00,168.21927992678232,168.24703668598187,164.63777682308128,166.3535614013672,328644,0.0,0.0,0.0,-0.007322513944144404,0.022649035174081802,966774.95,162.35760955810548,0,23,4,2021,4,ENGRO.KA
2021-04-26 00:00:00+05:00,165.9704067928311,170.74573814300717,162.6943130923613,170.02943420410156,1176119,0.0,0.0,0.0,0.02209674846615073,0.02251749681145986,1006688.45,163.18486480712892,0,26,4,2021,0,ENGRO.KA
2021-04-27 00:00:00+05:00,169.9128116332286,170.57358503411012,164.9431327500639,166.53677368164062,339092,0.0,0.0,0.0,-0.02054150529177423,0.022625601989715482,995255.2,163.98085708618163,0,27,4,2021,1,ENGRO.KA
2021-04-28 00:00:00+05:00,166.5811645151286,168.99659478970042,166.5811645151286,167.52513122558594,282967,0.0,0.0,0.0,0.005934770574063775,0.022503694190326346,980151.1,164.71101837158204,0,28,4,2021,2,ENGRO.KA
2021-04-29 00:00:00+05:00,164.97644577071304,167.658412354742,164.94313088915496,165.56504821777344,332299,0.0,0.0,0.0,-0.011700232636577379,0.015616701581923086,864687.65,164.7718963623047,0,29,4,2021,3,ENGRO.KA
2021-04-30 00:00:00+05:00,166.52566348377042,166.52566348377042,163.80484070522732,164.35455322265625,252900,0.0,0.0,0.0,-0.007311295518876548,0.01567698297916161,659145.2,164.733650970459,0,30,4,2021,4,ENGRO.KA
2021-05-03 00:00:00+05:00,164.36013786391968,164.91540859994643,162.14461304973872,164.7599334716797,167317,0.0,0.0,0.0,0.002466498439348097,0.014966816123680997,586437.5,164.5505226135254,0,3,5,2021,0,ENGRO.KA
2021-05-04 00:00:00+05:00,165.74274579839243,166.58120997784636,164.36568530770643,166.27581787109375,109782,0.0,0.0,0.0,0.00920056452726481,0.014868831373996734,515294.9,164.34530868530274,0,4,5,2021,1,ENGRO.KA
2021-05-05 00:00:00+05:00,166.581211656558,168.08044933967386,164.91539953999242,167.6473388671875,115871,0.0,0.0,0.0,0.008248469402550418,0.014058583184349835,451253.2,164.40553131103516,0,5,5,2021,2,ENGRO.KA
2021-05-06 00:00:00+05:00,167.69174542531385,169.35199933659527,166.59786150746714,167.9860382080078,249948,0.0,0.0,0.0,0.0020203084827290496,0.013528582936839461,421076.7,164.34234924316405,0,6,5,2021,3,ENGRO.KA
2021-05-07 00:00:00+05:00,167.9860382080078,167.9860382080078,167.9860382080078,167.9860382080078,0,0.0,0.0,0.0,0.0,0.011475015514258835,356601.1,164.53944244384766,0,7,5,2021,4,ENGRO.KA
2021-05-10 00:00:00+05:00,167.9860382080078,167.9860382080078,167.9860382080078,167.9860382080078,0,0.0,0.0,0.0,0.0,0.010329581363913177,341423.65,164.9014099121094,0,10,5,2021,0,ENGRO.KA
2021-05-11 00:00:00+05:00,167.9860382080078,167.9860382080078,167.9860382080078,167.9860382080078,0,0.0,0.0,0.0,0.0,0.009718199565793777,316774.1,165.36704711914064,0,11,5,2021,1,ENGRO.KA
2021-05-12 00:00:00+05:00,167.9860382080078,167.9860382080078,167.9860382080078,167.9860382080078,0,0.0,0.0,0.0,0.0,0.009721851146175828,288349.65,165.83075485229492,0,12,5,2021,2,ENGRO.KA
2021-05-13 00:00:00+05:00,167.9860382080078,167.9860382080078,167.9860382080078,167.9860382080078,0,0.0,0.0,0.0,0.0,0.009738941293720278,267304.25,166.26275558471679,0,13,5,2021,3,ENGRO.KA
2021-05-14 00:00:00+05:00,167.9860382080078,167.9860382080078,167.9860382080078,167.9860382080078,0,0.0,0.0,0.0,0.0,0.009690361319916317,250886.95,166.6356201171875,0,14,5,2021,4,ENGRO.KA
2021-05-17 00:00:00+05:00,168.24699776911692,171.0233508676172,168.24699776911692,169.7906494140625,558596,0.0,0.0,0.0,0.010742626145037848,0.009787852063966221,265691.8,167.03291549682618,0,17,5,2021,0,ENGRO.KA
2021-05-18 00:00:00+05:00,169.9350506834925,171.01781838698528,168.5246583531889,170.6235809326172,762513,0.0,0.0,0.0,0.0049056383342021,0.009773149841998193,292421.55,167.42465896606444,0,18,5,2021,1,ENGRO.KA
2021-05-19 00:00:00+05:00,169.35753883160712,171.8562566176472,169.35753883160712,171.33985900878906,378166,0.0,0.0,0.0,0.004198001661064321,0.009171044298925657,290600.3,167.71423110961913,0,19,5,2021,2,ENGRO.KA
2021-05-20 00:00:00+05:00,171.57861865110564,172.40596643821794,170.47917674188818,171.64524841308594,677473,0.0,0.0,0.0,0.0017823605439128976,0.00883169576591376,286584.35,167.91745986938477,0,20,5,2021,3,ENGRO.KA
2021-05-21 00:00:00+05:00,172.12834852215815,172.12834852215815,170.74572998484595,171.4675750732422,254654,0.0,0.0,0.0,-0.0010351194774478323,0.008620389330835154,282884.85,168.17316055297852,0,21,5,2021,4,ENGRO.KA
2021-05-24 00:00:00+05:00,173.20003189693526,173.20003189693526,169.35755146985457,171.6952362060547,304722,0.0,0.0,0.0,0.0013277211899407337,0.007138628470876512,239315.0,168.25645065307617,0,24,5,2021,0,ENGRO.KA
2021-05-25 00:00:00+05:00,171.30098027701982,172.68915677845433,171.30098027701982,171.85069274902344,371075,0.0,0.0,0.0,0.0009054214106569702,0.005140904254390722,240914.15,168.52214660644532,0,25,5,2021,1,ENGRO.KA
2021-05-26 00:00:00+05:00,172.68363176021316,176.02081413209694,172.68363176021316,173.5443115234375,888822,0.0,0.0,0.0,0.009855175718654019,0.0053844877157513595,271206.9,168.8231056213379,0,26,5,2021,2,ENGRO.KA
2021-05-27 00:00:00+05:00,173.79970547752657,174.90468859777428,172.13389360394007,173.0612030029297,273032,0.0,0.0,0.0,-0.0027837761795065363,0.00450725847024309,268243.55,169.1979133605957,0,27,5,2021,3,ENGRO.KA
2021-05-28 00:00:00+05:00,173.6608534369143,173.84964337841234,172.689130036388,173.744140625,175561,0.0,0.0,0.0,0.003946220240123699,0.0039179200125923075,264376.6,169.6673927307129,0,28,5,2021,4,ENGRO.KA
2021-05-31 00:00:00+05:00,173.93853839551883,176.570515964158,173.93853839551883,174.53822326660156,612881,0.0,0.0,0.0,0.004570413935946593,0.00393700346493131,286654.8,170.15630722045898,0,31,5,2021,0,ENGRO.KA
2021-06-01 00:00:00+05:00,174.9102502718106,178.2141173329286,174.41051008870843,177.63107299804688,843516,0.0,0.0,0.0,0.017720185719554804,0.004978428884601665,323341.5,170.72406997680665,0,1,6,2021,1,ENGRO.KA
2021-06-02 00:00:00+05:00,177.13132473638464,177.8531697517755,176.29841882069633,176.79261779785156,301955,0.0,0.0,0.0,-0.004720205682732792,0.005144546570772668,332645.7,171.18133392333985,0,2,6,2021,2,ENGRO.KA
2021-06-03 00:00:00+05:00,176.5816366906105,177.020288332805,173.85525558250902,175.60435485839844,504818,0.0,0.0,0.0,-0.006721224869308817,0.005557563291760112,345389.2,171.56224975585937,0,3,6,2021,3,ENGRO.KA
2021-06-04 00:00:00+05:00,176.131837965112,176.131837965112,174.91023588863672,175.55435180664062,162966,0.0,0.0,0.0,-0.0002847483583088284,0.0055639504659912,353537.5,171.940665435791,0,4,6,2021,4,ENGRO.KA
2021-06-07 00:00:00+05:00,175.96526419459764,177.13133593941473,175.4655240026804,175.82644653320312,449860,0.0,0.0,0.0,0.0015499172977619935,0.005542147136116193,376030.5,172.3326858520508,0,7,6,2021,0,ENGRO.KA
2021-06-08 00:00:00+05:00,176.4372407968251,176.4372407968251,174.91024658064487,175.28782653808594,198785,0.0,0.0,0.0,-0.003063361659962127,0.005650273685832246,385969.75,172.6977752685547,0,8,6,2021,1,ENGRO.KA
2021-06-09 00:00:00+05:00,175.46551923790574,175.8819722107805,174.17728730822287,174.43272399902344,232339,0.0,0.0,0.0,-0.004878276808781723,0.005849513949782693,397586.7,173.02010955810547,0,9,6,2021,2,ENGRO.KA
2021-06-10 00:00:00+05:00,175.18791165861998,176.1318786581254,174.4771658168748,175.93753051757812,763884,0.0,0.0,0.0,0.008626859020805622,0.006017624614095082,435780.9,173.41768417358398,0,10,6,2021,3,ENGRO.KA
2021-06-11 00:00:00+05:00,177.1783310730493,177.18410799020847,174.86981861607143,176.48001098632812,402995,12.0,0.0,0.0,0.0030833698026460077,0.0059941818618709595,455930.65,173.8423828125,0,11,6,2021,4,ENGRO.KA
2021-06-14 00:00:00+05:00,178.15942855236753,178.15942855236753,176.0240478125722,176.34146118164062,243899,0.0,0.0,0.0,-0.0007850736404262371,0.0057057960357757564,440195.8,174.1699234008789,0,14,6,2021,0,ENGRO.KA
2021-06-15 00:00:00+05:00,176.0818168163979,176.75704694534963,174.86984407750816,175.03721618652344,172899,0.0,0.0,0.0,-0.0073961335376128146,0.006020268551285947,410715.1,174.3906051635742,0,15,6,2021,1,ENGRO.KA
2021-06-16 00:00:00+05:00,175.90865566307104,175.90865566307104,173.12691132468467,173.40969848632812,181979,0.0,0.0,0.0,-0.009298123768496147,0.006420794954204566,400905.75,174.49409713745118,0,16,6,2021,2,ENGRO.KA
2021-06-17 00:00:00+05:00,174.86980630192275,174.86980630192275,173.13842208111163,173.4385223388672,94465,0.0,0.0,0.0,0.0001662182264929868,0.0064155651505868215,371755.35,174.58376083374023,0,17,6,2021,3,ENGRO.KA
2021-06-18 00:00:00+05:00,171.78792511622927,175.38919825309873,171.78792511622927,174.26380920410156,224282,0.0,0.0,0.0,0.004758382705901454,0.006471288777156572,370236.75,174.72357254028321,0,18,6,2021,4,ENGRO.KA
2021-06-21 00:00:00+05:00,173.71554612408042,173.72132304069876,172.56129000365465,173.15573120117188,355199,0.0,0.0,0.0,-0.006358623789933793,0.006665434835893865,372760.6,174.79659729003907,0,21,6,2021,0,ENGRO.KA
2021-06-22 00:00:00+05:00,173.13840781993653,174.57545096882612,172.61899611898664,173.1845703125,211107,0.0,0.0,0.0,0.00016655014031630166,0.006664794045825372,364762.2,174.8632911682129,0,22,6,2021,1,ENGRO.KA
2021-06-23 00:00:00+05:00,173.97523575141605,173.97523575141605,172.84982915098968,173.1730194091797,207223,0.0,0.0,0.0,-6.66970694875868e-05,0.006282883755615966,330682.25,174.8447265625,0,23,6,2021,2,ENGRO.KA
2021-06-24 00:00:00+05:00,172.84986777654268,173.70978301861297,172.27273967044403,172.67095947265625,174004,0.0,0.0,0.0,-0.002899181051623012,0.0062855419203690106,325730.85,174.82521438598633,0,24,6,2021,3,ENGRO.KA
2021-06-25 00:00:00+05:00,173.08075338741824,173.1326928148315,171.4070850358421,171.8745574951172,309800,0.0,0.0,0.0,-0.004612251996347849,0.006287324478036087,332442.8,174.7317352294922,0,25,6,2021,4,ENGRO.KA
2021-06-28 00:00:00+05:00,171.40703280252117,171.8629688987289,169.67564863279873,170.49517822265625,312922,0.0,0.0,0.0,-0.008025500065651836,0.006380533667869972,317444.85,174.52958297729492,0,28,6,2021,0,ENGRO.KA
2021-06-29 00:00:00+05:00,170.82991586180492,173.02299557446958,170.82991586180492,172.14576721191406,272984,0.0,0.0,0.0,0.009681147622264463,0.005288921128466825,288918.25,174.25531768798828,0,29,6,2021,1,ENGRO.KA
2021-06-30 00:00:00+05:00,173.10955860409828,173.10955860409828,169.66986288491583,170.02767944335938,452839,0.0,0.0,0.0,-0.012304036299349064,0.005777205900981338,296462.45,173.91707077026368,0,30,6,2021,2,ENGRO.KA
2021-07-01 00:00:00+05:00,170.82993572683327,172.3304724685662,170.25858448322356,170.68565368652344,140653,0.0,0.0,0.0,0.00386980664159009,0.0058005619382950685,278254.2,173.67113571166993,0,1,7,2021,3,ENGRO.KA
2021-07-02 00:00:00+05:00,169.9699739523688,171.95529569347775,169.9699739523688,171.0549774169922,94415,0.0,0.0,0.0,0.0021637655098245556,0.005851035961236223,274826.65,173.4461669921875,0,2,7,2021,4,ENGRO.KA
2021-07-05 00:00:00+05:00,171.34934672618252,171.34934672618252,169.6179622507831,169.75648498535156,180774,0.0,0.0,0.0,-0.007591082418345607,0.005973986732812533,261372.35,173.1426689147949,0,5,7,2021,0,ENGRO.KA
2021-07-06 00:00:00+05:00,169.67564759893762,172.1688450151586,169.67564759893762,171.0665283203125,209421,0.0,0.0,0.0,0.00771719168828211,0.006324211203032236,261904.15,172.93160400390624,0,6,7,2021,1,ENGRO.KA
2021-07-07 00:00:00+05:00,170.28743326947773,170.97421718803056,169.104327587966,170.6971893310547,117577,0.0,0.0,0.0,-0.0021590371470346925,0.006269947699963384,256166.05,172.7448272705078,0,7,7,2021,2,ENGRO.KA
2021-07-08 00:00:00+05:00,170.82989330449152,173.51353506531234,170.82989330449152,173.06915283203125,308437,0.0,0.0,0.0,0.013895738472742503,0.006787823323450691,233393.7,172.60140838623047,0,8,7,2021,3,ENGRO.KA
2021-07-09 00:00:00+05:00,173.39816752028435,173.39816752028435,170.71450741190193,171.70716857910156,310542,0.0,0.0,0.0,-0.007869595653776207,0.006898984119692232,228771.05,172.36276626586914,0,9,7,2021,4,ENGRO.KA
2021-07-12 00:00:00+05:00,172.20927381876956,172.20927381876956,170.25280097389157,170.92227172851562,192780,0.0,0.0,0.0,-0.00457113617958449,0.006934595805889041,226215.1,172.0918067932129,0,12,7,2021,0,ENGRO.KA
2021-07-13 00:00:00+05:00,170.26429911986656,171.68404670508656,170.26429911986656,171.1819305419922,83548,0.0,0.0,0.0,0.0015191631309989795,0.006823773162291408,221747.55,171.89904251098633,0,13,7,2021,1,ENGRO.KA
2021-07-14 00:00:00+05:00,171.67255712298467,171.67255712298467,170.3105429640597,171.40130615234375,113292,0.0,0.0,0.0,0.0012815348539239046,0.006558989212723727,218313.2,171.79862289428712,0,14,7,2021,2,ENGRO.KA
2021-07-15 00:00:00+05:00,171.966862004083,171.966862004083,170.4951923826141,171.4993896484375,44004,0.0,0.0,0.0,0.0005722447412772613,0.006561989112414931,215790.15,171.70166625976563,0,15,7,2021,3,ENGRO.KA
2021-07-16 00:00:00+05:00,172.56132271213735,172.56132271213735,170.6106266808611,170.91650390625,125738,0.0,0.0,0.0,-0.0033987627791700614,0.006468064241286522,210862.95,171.53430099487304,0,16,7,2021,4,ENGRO.KA
2021-07-19 00:00:00+05:00,170.91650390625,170.91650390625,170.91650390625,170.91650390625,0,0.0,0.0,0.0,0.0,0.006343259096694262,193103.0,171.42233963012694,0,19,7,2021,0,ENGRO.KA
2021-07-20 00:00:00+05:00,170.91650390625,170.91650390625,170.91650390625,170.91650390625,0,0.0,0.0,0.0,0.0,0.006342265502451449,182547.65,171.30893630981444,0,20,7,2021,1,ENGRO.KA
2021-07-21 00:00:00+05:00,170.91650390625,170.91650390625,170.91650390625,170.91650390625,0,0.0,0.0,0.0,0.0,0.0063426002537684475,172186.5,171.19611053466798,0,21,7,2021,2,ENGRO.KA
2021-07-22 00:00:00+05:00,170.91650390625,170.91650390625,170.91650390625,170.91650390625,0,0.0,0.0,0.0,0.0,0.006321259547804686,163486.3,171.10838775634767,0,22,7,2021,3,ENGRO.KA
2021-07-23 00:00:00+05:00,170.91650390625,170.91650390625,170.91650390625,170.91650390625,0,0.0,0.0,0.0,0.0,0.006246707884497145,147996.3,171.06048507690429,0,23,7,2021,4,ENGRO.KA
2021-07-26 00:00:00+05:00,170.22393088591022,172.55551560211782,169.10430102377398,171.7706298828125,499381,0.0,0.0,0.0,0.004997328853806993,0.006071013129085081,157319.25,171.1242576599121,0,26,7,2021,0,ENGRO.KA
2021-07-27 00:00:00+05:00,171.6956325370338,171.98997354311462,170.8299402721412,171.50518798828125,335817,0.0,0.0,0.0,-0.0015453275959478319,0.005672695378093505,160460.9,171.09222869873048,0,27,7,2021,1,ENGRO.KA
2021-07-28 00:00:00+05:00,173.13839683049844,173.13839683049844,170.2816062377758,170.9741668701172,172826,0.0,0.0,0.0,-0.003096239387232691,0.004965773874060116,146460.25,171.13955307006836,0,28,7,2021,2,ENGRO.KA
2021-07-29 00:00:00+05:00,171.40702353118033,171.98415155653782,169.81992146144717,170.7029266357422,137554,0.0,0.0,0.0,-0.001586439865977285,0.004908257874657601,146305.3,171.1404167175293,0,29,7,2021,3,ENGRO.KA
2021-07-30 00:00:00+05:00,171.11846147422156,173.2826915940473,169.15045277175403,170.19505310058594,409432,0.0,0.0,0.0,-0.0029751893840694876,0.004924416018152919,162056.15,171.097420501709,0,30,7,2021,4,ENGRO.KA
2021-08-02 00:00:00+05:00,170.82991736797734,171.11848141758543,169.68719739101073,170.899169921875,247308,0.0,0.0,0.0,0.004137116846004485,0.004696034524103113,165382.85,171.15455474853516,0,2,8,2021,0,ENGRO.KA
2021-08-03 00:00:00+05:00,171.4070372456523,171.55131926353587,169.96999398354853,170.10272216796875,252567,0.0,0.0,0.0,-0.004660337169983597,0.0044842948410392675,167540.15,171.10636444091796,0,3,8,2021,1,ENGRO.KA
2021-08-04 00:00:00+05:00,170.53555344752874,172.09958306692576,169.22547917916083,169.6583251953125,377091,0.0,0.0,0.0,-0.0026125212283047983,0.004495466098550901,180515.85,171.05442123413087,0,4,8,2021,2,ENGRO.KA
2021-08-05 00:00:00+05:00,170.22392420196695,171.11268871171464,169.3697683534228,169.843017578125,276197,0.0,0.0,0.0,0.0010886137335133217,0.0030460966422629016,178903.85,170.89311447143555,0,5,8,2021,3,ENGRO.KA
2021-08-06 00:00:00+05:00,170.25282147019902,170.7722333352242,169.64684389642886,169.76803588867188,122041,0.0,0.0,0.0,-0.0004414764323098508,0.002572179201066724,169478.8,170.79615783691406,0,6,8,2021,4,ENGRO.KA
2021-08-09 00:00:00+05:00,169.96422112043453,170.33935085336833,167.3671447365909,167.90386962890625,226172,0.0,0.0,0.0,-0.010980666943617545,0.0033724455588707044,171148.4,170.6452377319336,0,9,8,2021,0,ENGRO.KA
2021-08-10 00:00:00+05:00,169.08702029548937,169.4794632303624,167.94430016006626,169.0985565185547,170215,0.0,0.0,0.0,0.0071153028949773045,0.0037888613440377906,175481.75,170.54106903076172,0,10,8,2021,1,ENGRO.KA
2021-08-11 00:00:00+05:00,173.1384076581595,173.8598176900685,170.55286776327978,171.13577270507812,544627,0.0,0.0,0.0,0.012047507846703054,0.004721121386132151,197048.5,170.52779235839844,0,11,8,2021,2,ENGRO.KA
2021-08-12 00:00:00+05:00,170.85876829390907,172.70558527334828,170.85876829390907,171.4993896484375,129319,0.0,0.0,0.0,0.002124727855619124,0.004744887018207022,201314.25,170.52779235839844,0,12,8,2021,3,ENGRO.KA
2021-08-13 00:00:00+05:00,171.93799924380863,171.94375854786946,170.25855447707895,170.87606811523438,46506,0.0,0.0,0.0,-0.0036345408253690703,0.004754087767996634,197352.65,170.52577056884766,0,13,8,2021,4,ENGRO.KA
2021-08-16 00:00:00+05:00,170.87609915710777,171.98419298222163,169.16780472208805,171.2974090576172,131067,0.0,0.0,0.0,0.002465769180144406,0.004785983569310643,203906.0,170.54481582641603,0,16,8,2021,0,ENGRO.KA
2021-08-17 00:00:00+05:00,172.54396913375828,173.12687408446652,170.88761449318525,171.4820556640625,221350,0.0,0.0,0.0,0.0010779299433723022,0.004790602456802318,214973.5,170.57309341430664,0,17,8,2021,1,ENGRO.KA
2021-08-18 00:00:00+05:00,171.4820556640625,171.4820556640625,171.4820556640625,171.4820556640625,0,0.0,0.0,0.0,0.0,0.004790602456802318,214973.5,170.60137100219725,0,18,8,2021,2,ENGRO.KA
2021-08-19 00:00:00+05:00,171.4820556640625,171.4820556640625,171.4820556640625,171.4820556640625,0,0.0,0.0,0.0,0.0,0.004790602456802318,214973.5,170.6296485900879,0,19,8,2021,3,ENGRO.KA
2021-08-20 00:00:00+05:00,171.695597898812,173.71554610938625,171.33778131951837,171.53977966308594,293303,0.0,0.0,0.0,0.00033661830562903283,0.004790542603446361,229638.65,170.6608123779297,0,20,8,2021,4,ENGRO.KA
2021-08-23 00:00:00+05:00,172.50357334014586,175.96634169469903,171.984161609473,174.69667053222656,281150,0.0,0.0,0.0,0.01840325827245981,0.006222138311196656,218727.1,170.8071144104004,0,23,8,2021,0,ENGRO.KA
2021-08-24 00:00:00+05:00,174.29267931808818,174.29267931808818,170.57019617504892,170.81837463378906,523742,0.0,0.0,0.0,-0.02220017065363622,0.008079774133062417,228123.35,170.77277374267578,0,24,8,2021,1,ENGRO.KA
2021-08-25 00:00:00+05:00,171.98418693736122,172.18618531030162,170.25280250510588,170.54136657714844,329582,0.0,0.0,0.0,-0.0016216525724149777,0.008058361407169723,235961.15,170.75113372802736,0,25,8,2021,2,ENGRO.KA
2021-08-26 00:00:00+05:00,170.82989585426643,171.9841519073358,169.38707578792972,170.02767944335938,788960,0.0,0.0,0.0,-0.0030120969715384804,0.00807852161206928,268531.45,170.7173713684082,0,26,8,2021,3,ENGRO.KA
2021-08-27 00:00:00+05:00,169.67565664511847,170.6856307918156,167.36714430981075,167.7134246826172,419839,0.0,0.0,0.0,-0.013611047144315824,0.008605953256359171,269051.8,170.59328994750976,0,27,8,2021,4,ENGRO.KA
2021-08-30 00:00:00+05:00,168.26164649238902,170.31046127894604,167.30938889901194,170.0853729248047,204336,0.0,0.0,0.0,0.014142864512344255,0.009173964958166346,266903.2,170.55260009765624,0,30,8,2021,0,ENGRO.KA
2021-08-31 00:00:00+05:00,170.19508682552444,170.19508682552444,169.50254361747946,169.6641387939453,313446,0.0,0.0,0.0,-0.002476604093672452,0.009130961728186756,269947.15,170.5306709289551,0,31,8,2021,1,ENGRO.KA
2021-09-01 00:00:00+05:00,169.96419376645414,171.97260552057864,169.67562977024625,170.28738403320312,520295,0.0,0.0,0.0,0.0036734058457381646,0.009147711300055428,277107.35,170.5621238708496,0,1,9,2021,2,ENGRO.KA
2021-09-02 00:00:00+05:00,171.32046642253152,171.34931578022315,168.52139183697577,168.77532958984375,111690,0.0,0.0,0.0,-0.008879427280793495,0.009367093139701538,268882.0,170.50873947143555,0,2,9,2021,3,ENGRO.KA
2021-09-03 00:00:00+05:00,169.38710634399703,169.38710634399703,168.46369781245616,168.8446044921875,60783,0.0,0.0,0.0,0.000410456329797082,0.009368226142227931,265819.1,170.46256790161132,0,3,9,2021,4,ENGRO.KA
2021-09-06 00:00:00+05:00,168.16356501474283,169.35822424123043,166.21286949227695,167.30364990234375,121212,0.0,0.0,0.0,-0.009126466282285306,0.009264849630651604,260571.1,170.43255691528321,0,6,9,2021,0,ENGRO.KA
2021-09-07 00:00:00+05:00,167.94428763921636,168.4867894962648,166.50146729867328,167.1651611328125,103951,0.0,0.0,0.0,-0.0008277689674558442,0.009106443021418689,257257.9,170.33588714599608,0,7,9,2021,1,ENGRO.KA
2021-09-08 00:00:00+05:00,167.3671576763911,167.3671576763911,162.7443557197263,163.22914123535156,404231,0.0,0.0,0.0,-0.023545694992832766,0.009956277585245126,250238.1,169.94055557250977,0,8,9,2021,2,ENGRO.KA
2021-09-09 00:00:00+05:00,165.28947196781985,165.28947196781985,163.21180744054303,165.05862426757812,215610,0.0,0.0,0.0,0.011208066270401496,0.010368116585466824,254552.65,169.6185173034668,0,9,9,2021,3,ENGRO.KA
2021-09-10 00:00:00+05:00,165.46260613931665,165.9243014984667,164.19291748283052,164.931640625,207841,0.0,0.0,0.0,-0.0007693244938977717,0.010362112143960642,262619.4,169.32129592895507,0,10,9,2021,4,ENGRO.KA
2021-09-13 00:00:00+05:00,165.11636096576387,165.11636096576387,164.19295243832775,164.77008056640625,182368,0.0,0.0,0.0,-0.000979557700278244,0.010317447277515827,265184.45,168.99492950439452,0,13,9,2021,0,ENGRO.KA
2021-09-14 00:00:00+05:00,165.0586242139444,165.63575227063652,162.75011198717596,164.19293212890625,294893,0.0,0.0,0.0,-0.0035027502293863977,0.010298924698639448,268861.6,168.6304733276367,0,14,9,2021,1,ENGRO.KA
2021-09-15 00:00:00+05:00,165.34144454677323,165.34144454677323,163.9101779506333,164.9720916748047,84457,0.0,0.0,0.0,0.00474539029053167,0.010404432014203957,273084.45,168.30497512817382,0,15,9,2021,2,ENGRO.KA
2021-09-16 00:00:00+05:00,164.48154431932758,166.78428030378035,164.48154431932758,165.4049530029297,169320,0.0,0.0,0.0,0.0026238457894942613,0.010445866550161382,281550.45,168.0011199951172,0,16,9,2021,3,ENGRO.KA
2021-09-17 00:00:00+05:00,165.40490856981603,166.79001241685756,162.16721093496227,163.17718505859375,270961,0.0,0.0,0.0,-0.013468568527669644,0.010752322137087121,280433.35,167.58299026489257,0,17,9,2021,4,ENGRO.KA
2021-09-20 00:00:00+05:00,163.1829886912799,163.84092325355707,158.76796175052527,162.1441650390625,177230,0.0,0.0,0.0,-0.006330664542106845,0.009588121668728668,275237.35,166.9553649902344,0,20,9,2021,0,ENGRO.KA
2021-09-21 00:00:00+05:00,161.59589559441267,163.03871609079135,160.55707188204195,160.95529174804688,421662,0.0,0.0,0.0,-0.007332199038609932,0.008602083013032252,270133.35,166.46221084594725,0,21,9,2021,1,ENGRO.KA
2021-09-22 00:00:00+05:00,160.95526474516151,161.01874038232674,158.62366228266274,160.49932861328125,667557,0.0,0.0,0.0,-0.0028328558186168085,0.008596619469558824,287032.1,165.9601089477539,0,22,9,2021,2,ENGRO.KA
2021-09-23 00:00:00+05:00,161.88443102801827,162.34612646008281,157.55597030534398,159.1488494873047,459353,0.0,0.0,0.0,-0.00841423535939212,0.008681647272506985,270551.75,165.41616744995116,0,23,9,2021,3,ENGRO.KA
2021-09-24 00:00:00+05:00,158.71022542317706,161.59586588541666,157.0423167819778,160.15304565429688,320385,0.0,0.0,0.0,0.006309792186542262,0.008574224761787928,265579.05,165.03814849853515,0,24,9,2021,4,ENGRO.KA
2021-09-27 00:00:00+05:00,159.0045527337788,161.59585201035742,159.0045527337788,160.20497131347656,78481,0.0,0.0,0.0,0.0003242252369759502,0.007693701120065471,259286.3,164.54412841796875,0,27,9,2021,0,ENGRO.KA
2021-09-28 00:00:00+05:00,160.73016406315233,163.0328993772689,160.15303600547495,161.7863006591797,267999,0.0,0.0,0.0,0.009870663392891332,0.008212397592156117,257013.95,164.15023651123047,0,28,9,2021,1,ENGRO.KA
2021-09-29 00:00:00+05:00,162.31150322413464,162.7501262215996,158.05229497522063,160.11842346191406,648231,0.0,0.0,0.0,-0.010309137364968746,0.008268314522919096,263410.75,163.64178848266602,0,29,9,2021,2,ENGRO.KA
2021-09-30 00:00:00+05:00,160.11843451054582,162.1730093048341,158.07539593867818,161.45159912109375,551114,0.0,0.0,0.0,0.008326185271845254,0.008520162388046667,285381.95,163.2756019592285,0,30,9,2021,3,ENGRO.KA
2021-10-01 00:00:00+05:00,162.7155192918176,166.78426588612996,160.59169183191582,161.69976806640625,386754,0.0,0.0,0.0,0.0015371104818004966,0.008541895127014934,301680.5,162.91836013793946,0,1,10,2021,4,ENGRO.KA
2021-10-04 00:00:00+05:00,161.59584272594864,163.30991361936515,160.44158670647758,162.93478393554688,329797,0.0,0.0,0.0,0.00763770958925214,0.00864061222224101,312109.75,162.6999168395996,0,4,10,2021,0,ENGRO.KA
2021-10-05 00:00:00+05:00,163.55810311220404,163.55810311220404,160.8456115584116,161.27845764160156,153664,0.0,0.0,0.0,-0.010165578238962913,0.0088639170686198,314595.4,162.40558166503905,0,5,10,2021,1,ENGRO.KA
2021-10-06 00:00:00+05:00,161.59584121923288,162.17296922358727,159.57589320399248,160.04336547851562,188705,0.0,0.0,0.0,-0.007658134763606217,0.0073989752579325775,303819.1,162.24629287719728,0,6,10,2021,2,ENGRO.KA
2021-10-07 00:00:00+05:00,160.71862826621606,161.5958565756801,158.85449829448552,159.1776885986328,122238,0.0,0.0,0.0,-0.005409014471137286,0.006875243887870946,299150.5,161.95224609375,0,7,10,2021,3,ENGRO.KA
2021-10-08 00:00:00+05:00,158.57747413776897,160.961015895164,158.57747413776897,159.38546752929688,157297,0.0,0.0,0.0,0.0013053269744855989,0.00690702941514238,296623.3,161.67493743896483,0,8,10,2021,4,ENGRO.KA
2021-10-11 00:00:00+05:00,161.58821941049877,161.65334578437182,158.69266179564707,159.56903076171875,498042,7.0,0.0,0.0,0.0011516936598259253,0.006934888554262143,312407.0,161.41488494873047,0,11,10,2021,0,ENGRO.KA
2021-10-12 00:00:00+05:00,159.8769310825158,160.46906786430287,156.9162471735803,159.60455322265625,286749,0.0,0.0,0.0,0.00022261500723508298,0.006930543234757845,311999.8,161.18546600341796,0,12,10,2021,1,ENGRO.KA
2021-10-13 00:00:00+05:00,160.46907184716827,160.46907184716827,156.93401444933545,157.6978759765625,481197,0.0,0.0,0.0,-0.011946258471923654,0.007153825996975915,331836.8,160.82175521850587,0,13,10,2021,2,ENGRO.KA
2021-10-14 00:00:00+05:00,157.0702236240134,161.06122013446495,157.0642964730398,159.527587890625,680215,0.0,0.0,0.0,0.011602641460652485,0.007732638737399872,357381.55,160.52788696289062,0,14,10,2021,3,ENGRO.KA
2021-10-15 00:00:00+05:00,159.87695519005825,162.30471997557947,158.69268144790968,161.0493927001953,907130,0.0,0.0,0.0,0.009539445996097573,0.00761255913959633,389190.0,160.4214973449707,0,15,10,2021,4,ENGRO.KA
2021-10-18 00:00:00+05:00,160.17300075798335,164.55480936423348,159.28479557817937,163.1632843017578,341103,0.0,0.0,0.0,0.01312573469617262,0.008074678079736409,397383.65,160.47245330810546,0,18,10,2021,0,ENGRO.KA
2021-10-19 00:00:00+05:00,163.1632843017578,163.1632843017578,163.1632843017578,163.1632843017578,0,0.0,0.0,0.0,0.0,0.007871701953519732,376300.55,160.582852935791,0,19,10,2021,1,ENGRO.KA
2021-10-20 00:00:00+05:00,162.24548870695975,168.05434946647844,162.24548870695975,167.03587341308594,312751,0.0,0.0,0.0,0.023734439570155308,0.00934582495716857,358560.25,160.90968017578126,0,20,10,2021,2,ENGRO.KA
2021-10-21 00:00:00+05:00,167.8352541157374,175.56855918953556,164.93969652301598,171.80848693847656,999959,0.0,0.0,0.0,0.02857238644532223,0.010725952468202649,385590.55,161.54266204833985,0,21,10,2021,3,ENGRO.KA
2021-10-22 00:00:00+05:00,174.6448356201524,174.6448356201524,167.58064767492664,168.75306701660156,395739,0.0,0.0,0.0,-0.017783870729093376,0.011744390122100766,389358.25,161.97266311645507,0,22,10,2021,4,ENGRO.KA
2021-10-25 00:00:00+05:00,166.10030562082662,168.74715793638075,165.62067624094473,168.75306701660156,130129,0.0,0.0,0.0,0.0,0.011748041923168142,391940.65,162.40006790161132,0,25,10,2021,0,ENGRO.KA
2021-10-26 00:00:00+05:00,165.20617082226886,169.2919112177356,165.20617082226886,168.44515991210938,131020,0.0,0.0,0.0,-0.0018246015313125863,0.011661390125087014,385091.7,162.7330108642578,0,26,10,2021,1,ENGRO.KA
2021-10-27 00:00:00+05:00,169.3452148237608,174.3132517534791,167.01219414950828,168.5102996826172,97134,0.0,0.0,0.0,0.00038671203459816894,0.011302924715441092,357536.85,163.15260467529296,0,27,10,2021,2,ENGRO.KA
2021-10-28 00:00:00+05:00,168.75304268604185,168.8774044114748,167.27862799532326,167.58653259277344,142563,0.0,0.0,0.0,-0.005481962180256206,0.011357472063116205,337109.3,163.45935134887696,0,28,10,2021,3,ENGRO.KA
2021-10-29 00:00:00+05:00,166.98850609824606,168.75898936194858,166.98257894761227,167.70498657226562,118192,0.0,0.0,0.0,0.0007068227837854213,0.0113604904970953,323681.2,163.7596122741699,0,29,10,2021,4,ENGRO.KA
2021-11-01 00:00:00+05:00,167.57473558109626,171.7196937050103,167.57473558109626,170.49989318847656,348826,0.0,0.0,0.0,0.016665614263095208,0.011772933582445662,324632.65,164.13786773681642,0,1,11,2021,0,ENGRO.KA
2021-11-02 00:00:00+05:00,171.68417794657216,171.71970471569418,169.6472255208496,170.81373596191406,371360,0.0,0.0,0.0,0.0018407212319515587,0.011402116121021703,335517.45,164.61463165283203,0,2,11,2021,1,ENGRO.KA
2021-11-03 00:00:00+05:00,171.4343682965928,171.4343682965928,168.12017136994513,168.9517364501953,496087,5.0,0.0,0.0,-0.010900759831948825,0.011582339364958387,350886.55,165.060050201416,0,3,11,2021,2,ENGRO.KA
2021-11-04 00:00:00+05:00,170.83174750843304,171.13303806841262,169.08426593841463,170.76547241210938,179913,0.0,0.0,0.0,0.010735231256109312,0.011544431474879109,353770.3,165.63943939208986,0,4,11,2021,3,ENGRO.KA
2021-11-05 00:00:00+05:00,171.42832671194753,171.73564902109388,170.22919595950532,170.50637817382812,202505,0.0,0.0,0.0,-0.001517251904740835,0.011590895278786649,356030.7,166.19548492431642,0,5,11,2021,4,ENGRO.KA
2021-11-08 00:00:00+05:00,171.71152960309485,171.71152960309485,168.42144147674435,168.9878692626953,221808,0.0,0.0,0.0,-0.008905877465678835,0.011909271806596787,342219.0,166.66642684936522,0,8,11,2021,0,ENGRO.KA
2021-11-09 00:00:00+05:00,169.8676632096033,170.53050631129247,166.46308257418568,167.31875610351562,335663,0.0,0.0,0.0,-0.009877118200626644,0.012240033438078664,344664.7,167.0521369934082,0,9,11,2021,1,ENGRO.KA
2021-11-10 00:00:00+05:00,167.57782702270146,171.13305224715555,167.5476869306165,170.63893127441406,235435,0.0,0.0,0.0,0.019843412945553585,0.01233809226128874,332376.6,167.69918975830078,0,10,11,2021,2,ENGRO.KA
2021-11-11 00:00:00+05:00,170.8317906760164,172.3382438565809,170.5305000399035,171.4343719482422,276865,0.0,0.0,0.0,0.004661542755146186,0.012210631511711926,312209.1,168.29452896118164,0,11,11,2021,3,ENGRO.KA
2021-11-12 00:00:00+05:00,171.4283359674122,171.4283359674122,168.18043255371828,169.13853454589844,168260,0.0,0.0,0.0,-0.01339193171271913,0.012697977942717025,275265.6,168.6989860534668,0,12,11,2021,4,ENGRO.KA
2021-11-15 00:00:00+05:00,169.32534294481246,171.33193055460072,167.65016768968576,170.8980712890625,70089,0.0,0.0,0.0,0.010402932412108434,0.012592550205140302,261714.9,169.08572540283203,0,15,11,2021,0,ENGRO.KA
2021-11-16 00:00:00+05:00,171.73566246873335,172.0369531046434,170.65703684316546,171.3560333251953,103539,0.0,0.0,0.0,0.0026797378851526332,0.0125799947415345,266891.85,169.4953628540039,0,16,11,2021,1,ENGRO.KA
2021-11-17 00:00:00+05:00,171.67539692170638,171.67539692170638,170.2653589831002,171.25360107421875,154936,0.0,0.0,0.0,-0.0005977744056561152,0.011556019196511863,259001.1,169.70624923706055,0,17,11,2021,2,ENGRO.KA
2021-11-18 00:00:00+05:00,172.03693229812413,172.33822289759544,168.72273570393958,169.5904541015625,221642,0.0,0.0,0.0,-0.009711602922355289,0.009846982721240093,220085.25,169.59534759521483,0,18,11,2021,3,ENGRO.KA
2021-11-19 00:00:00+05:00,170.1990801628088,174.74856121102283,169.89778954003117,174.46534729003906,1566624,0.0,0.0,0.0,0.028745091899790243,0.011002932393761454,278629.5,169.8809616088867,0,19,11,2021,4,ENGRO.KA
2021-11-22 00:00:00+05:00,175.0438338279803,175.0438338279803,171.13308712302646,171.42233276367188,142994,0.0,0.0,0.0,-0.01744194233201135,0.011808425341566793,279272.75,170.01442489624023,0,22,11,2021,0,ENGRO.KA
2021-11-23 00:00:00+05:00,172.6093987771521,172.6093987771521,170.83177681261577,171.13909912109375,715634,0.0,0.0,0.0,-0.0016522563776366628,0.01180643287509998,308503.45,170.14912185668945,0,23,11,2021,1,ENGRO.KA
2021-11-24 00:00:00+05:00,171.4223465773759,171.4223465773759,165.70986884222222,165.97500610351562,1164475,0.0,0.0,0.0,-0.030174828803581244,0.013697193188882992,361870.5,170.02235717773436,0,24,11,2021,2,ENGRO.KA
2021-11-25 00:00:00+05:00,165.16753594332383,168.12018059855234,163.90211155127685,165.04701232910156,450962,0.0,0.0,0.0,-0.0055911657797156344,0.013699234561317929,377290.45,169.89538116455077,0,25,11,2021,3,ENGRO.KA
2021-11-26 00:00:00+05:00,163.4200351209979,169.92790497716138,163.4200351209979,167.0355224609375,448538,0.0,0.0,0.0,0.012048143760826635,0.013991027399895306,393807.75,169.86190795898438,0,26,11,2021,4,ENGRO.KA
2021-11-29 00:00:00+05:00,166.318434231402,171.19331367870282,165.70982136652867,170.6931610107422,282898,0.0,0.0,0.0,0.021897369469180195,0.014365036633816388,390511.35,169.87157135009767,0,29,11,2021,0,ENGRO.KA
2021-11-30 00:00:00+05:00,170.1086810687468,173.42287797393493,165.75203036072824,167.60195922851562,5474044,0.0,0.0,0.0,-0.018109699087663023,0.01492361476338115,645645.55,169.71098251342772,0,30,11,2021,1,ENGRO.KA
2021-12-01 00:00:00+05:00,168.7227647496521,168.7227647496521,166.3727013470749,168.0056915283203,299154,0.0,0.0,0.0,0.0024088757772469105,0.014747218202086883,635798.9,169.66368026733397,0,1,12,2021,2,ENGRO.KA
2021-12-02 00:00:00+05:00,167.51760141205114,168.72276401213784,159.8708432433553,162.68490600585938,646551,0.0,0.0,0.0,-0.03167026946562712,0.016083544582548737,659130.8,169.2596519470215,0,2,12,2021,3,ENGRO.KA
2021-12-03 00:00:00+05:00,164.50466587223667,172.33822138996223,162.70295398774175,168.08399963378906,695138,0.0,0.0,0.0,0.0331874281424438,0.017937456138967623,683762.45,169.13853302001954,0,3,12,2021,4,ENGRO.KA
2021-12-06 00:00:00+05:00,167.51759068429598,169.02404383793174,165.74600030447468,166.59564208984375,150377,0.0,0.0,0.0,-0.008854843692368441,0.01793621037222287,680190.9,169.01892166137696,0,6,12,2021,0,ENGRO.KA
2021-12-07 00:00:00+05:00,167.75860353879887,168.7227371431952,162.75718690063889,165.05905151367188,565922,0.0,0.0,0.0,-0.009223474017064692,0.01791892687063916,691703.85,168.90593643188475,0,7,12,2021,1,ENGRO.KA
2021-12-08 00:00:00+05:00,165.10729048037143,165.70987183248957,162.69696507189886,163.13685607910156,86643,0.0,0.0,0.0,-0.011645501515626377,0.017411043208473136,684264.25,168.53083267211915,0,8,12,2021,2,ENGRO.KA
2021-12-09 00:00:00+05:00,162.69696503064188,165.04702862544198,161.90758493071314,162.76927185058594,80687,0.0,0.0,0.0,-0.0022532261400047826,0.01733817627835409,674455.35,168.09757766723632,0,9,12,2021,3,ENGRO.KA
2021-12-10 00:00:00+05:00,163.84185116396844,163.84185116396844,160.88920648315323,162.8717041015625,121342,0.0,0.0,0.0,0.0006293095116294278,0.01715485154167073,672109.45,167.78423614501952,0,10,12,2021,4,ENGRO.KA
2021-12-13 00:00:00+05:00,163.29951041752088,165.10725407527943,162.0943479790152,162.80538940429688,139018,0.0,0.0,0.0,-0.00040715910496202934,0.016920610929114403,675555.9,167.37960205078124,0,13,12,2021,0,ENGRO.KA
2021-12-14 00:00:00+05:00,163.29951189323313,163.29951189323313,160.28660576974175,162.29922485351562,324369,0.0,0.0,0.0,-0.0031090159400330997,0.016880645149268438,686597.4,166.92676162719727,0,14,12,2021,1,ENGRO.KA
2021-12-15 00:00:00+05:00,162.09434877571954,165.70983610900697,162.09434877571954,164.49864196777344,214529,0.0,0.0,0.0,0.01355161810688199,0.017260165748245064,689577.05,166.589013671875,0,15,12,2021,2,ENGRO.KA
2021-12-16 00:00:00+05:00,163.60684485933012,164.4986533608091,161.49177873828708,161.85934448242188,110381,0.0,0.0,0.0,-0.016044494068641724,0.01746844953394087,684014.0,166.20245819091798,0,16,12,2021,3,ENGRO.KA
2021-12-17 00:00:00+05:00,162.6969491783167,163.17900685719044,160.88317360104216,161.0760040283203,99532,0.0,0.0,0.0,-0.004839636887239651,0.015880696569387415,610659.4,165.53299102783203,0,17,12,2021,4,ENGRO.KA
2021-12-20 00:00:00+05:00,162.3956519108292,164.5468714534746,161.1302275687248,163.65504455566406,245629,0.0,0.0,0.0,0.01601132672058525,0.016135112718094,615791.15,165.14462661743164,0,20,12,2021,0,ENGRO.KA
2021-12-21 00:00:00+05:00,163.89608464547374,164.20340699820028,161.52794451027648,161.726806640625,98540,0.0,0.0,0.0,-0.011782331062720197,0.016275661637856927,584936.45,164.67401199340821,0,21,12,2021,1,ENGRO.KA
2021-12-22 00:00:00+05:00,162.96811642691674,162.96811642691674,161.34717129372075,161.79307556152344,62231,0.0,0.0,0.0,0.0004097584208515581,0.01494021888200445,529824.25,164.46491546630858,0,22,12,2021,2,ENGRO.KA
2021-12-23 00:00:00+05:00,162.39564664767502,162.68489226742545,161.49177477394028,161.60023498535156,96064,0.0,0.0,0.0,-0.0011918963497207224,0.014904031658351892,512079.35,164.2925765991211,0,23,12,2021,3,ENGRO.KA
2021-12-24 00:00:00+05:00,162.0943672133081,162.2148908271879,161.03984995448545,161.5520477294922,168501,0.0,0.0,0.0,-0.000298188030876001,0.01458972190573805,498077.5,164.01840286254884,0,24,12,2021,4,ENGRO.KA
2021-12-27 00:00:00+05:00,162.0340802578447,162.08831035887732,161.16034855544942,161.30496215820312,101100,0.0,0.0,0.0,-0.0015294487118033828,0.013506991651999091,488987.6,163.5489929199219,0,27,12,2021,0,ENGRO.KA
2021-12-28 00:00:00+05:00,160.70241477883906,162.69695749025902,159.68405087006903,159.870849609375,471799,0.0,0.0,0.0,-0.008890690835794524,0.013106156472055411,238875.35,163.16243743896484,0,28,12,2021,1,ENGRO.KA
2021-12-29 00:00:00+05:00,159.92506927647938,161.1904936521738,159.0814591557902,160.09982299804688,256442,0.0,0.0,0.0,0.0014322397687343003,0.013089587198120756,236739.75,162.76714401245118,0,29,12,2021,2,ENGRO.KA
2021-12-30 00:00:00+05:00,159.3224700963565,163.83581591640726,159.3224700963565,163.28143310546875,317848,0.0,0.0,0.0,0.019872664740302026,0.012039980926170897,220304.6,162.79697036743164,0,30,12,2021,3,ENGRO.KA
2021-12-31 00:00:00+05:00,161.5279332522486,165.1072674558309,161.5279332522486,164.1551971435547,252993,0.0,0.0,0.0,0.005351276146146722,0.009337913606861415,198197.35,162.60053024291992,0,31,12,2021,4,ENGRO.KA
2022-01-03 00:00:00+05:00,163.90208846321175,167.51757570872377,163.4561842541807,166.54139709472656,209258,0.0,0.0,0.0,0.014536243705309815,0.009775458080335664,201141.4,162.59781799316406,0,3,1,2022,0,ENGRO.KA
2022-01-04 00:00:00+05:00,166.54137265625164,167.9875636643769,165.67968606928608,165.8966064453125,91029,0.0,0.0,0.0,-0.003871653899044203,0.009580152438580633,177396.75,162.6396957397461,0,4,1,2022,1,ENGRO.KA
2022-01-05 00:00:00+05:00,166.3124291997918,166.3124291997918,164.86623784113607,165.776123046875,72178,0.0,0.0,0.0,-0.0007262559555564208,0.009165952223663336,176673.5,162.77165908813475,0,5,1,2022,2,ENGRO.KA
2022-01-06 00:00:00+05:00,165.70983623014226,165.70983623014226,164.50467378483214,164.86622619628906,90590,0.0,0.0,0.0,-0.005488708710654655,0.009251618156040576,177168.65,162.87650680541992,0,6,1,2022,3,ENGRO.KA
2022-01-07 00:00:00+05:00,165.5893187253876,167.8128449899805,164.14312741564365,166.52333068847656,381895,0.0,0.0,0.0,0.010051206547389224,0.009485780422286346,190196.3,163.05908813476563,0,7,1,2022,4,ENGRO.KA
2022-01-10 00:00:00+05:00,165.72187890713036,167.40308564373748,164.81199377843646,165.69175720214844,223070,0.0,0.0,0.0,-0.004993735609839511,0.00958042518116013,194398.9,163.2034065246582,0,10,1,2022,0,ENGRO.KA
2022-01-11 00:00:00+05:00,165.70379672680005,165.7098284233247,162.76922925301253,163.9261932373047,298219,0.0,0.0,0.0,-0.010655713927215538,0.009891146707769654,193091.4,163.28475494384764,0,11,1,2022,1,ENGRO.KA
2022-01-12 00:00:00+05:00,163.90211438257057,165.10727698832477,163.4200566959977,163.8780059814453,175780,0.0,0.0,0.0,-0.00029395702363210763,0.009405520703391223,191153.95,163.25372314453125,0,12,1,2022,2,ENGRO.KA
2022-01-13 00:00:00+05:00,164.4745449258195,164.94455752347505,162.93795184128948,163.4501495361328,162092,0.0,0.0,0.0,-0.002610822866376261,0.008660655693364753,193739.5,163.3332633972168,0,13,1,2022,3,ENGRO.KA
2022-01-14 00:00:00+05:00,163.60683040620734,164.5649323245282,163.45015340683892,163.920166015625,237969,0.0,0.0,0.0,0.002875595285939392,0.008580603385281362,200661.35,163.47547149658203,0,14,1,2022,4,ENGRO.KA
2022-01-17 00:00:00+05:00,164.45649165996596,164.45649165996596,163.30555920403097,164.04672241210938,77057,0.0,0.0,0.0,0.0007720611780757114,0.007811179775298485,192232.75,163.49505538940429,0,17,1,2022,0,ENGRO.KA
2022-01-18 00:00:00+05:00,164.80595739249483,166.16176508585175,163.5405332008313,165.83035278320312,514713,0.0,0.0,0.0,0.010872697392959818,0.007630556869172972,213041.4,163.7002326965332,0,18,1,2022,1,ENGRO.KA
2022-01-19 00:00:00+05:00,165.8303658406116,167.15603354490733,163.75145319137752,164.06478881835938,319849,0.0,0.0,0.0,-0.010646808230287852,0.008084054096364066,225922.3,163.813818359375,0,19,1,2022,2,ENGRO.KA
2022-01-20 00:00:00+05:00,164.29981793157586,164.98073773651345,162.6969494818142,163.19107055664062,202166,0.0,0.0,0.0,-0.005325446538599232,0.008187902200784239,231227.4,163.89336013793945,0,20,1,2022,3,ENGRO.KA
2022-01-21 00:00:00+05:00,164.13713152970345,164.14314483805234,163.305566381274,163.7394256591797,166304,0.0,0.0,0.0,0.003360202863236461,0.008209459647308797,231117.55,164.00272903442382,0,21,1,2022,4,ENGRO.KA
2022-01-24 00:00:00+05:00,164.46251374119743,165.04701835179318,162.7270766132709,164.53482055664062,224597,0.0,0.0,0.0,0.00485768711022927,0.008242149003276168,237292.4,164.1642219543457,0,24,1,2022,0,ENGRO.KA
2022-01-25 00:00:00+05:00,164.80599872027423,165.07716768267312,162.7813342173501,163.0102996826172,254174,0.0,0.0,0.0,-0.009265642791390971,0.008266278793229517,226411.15,164.32119445800782,0,25,1,2022,1,ENGRO.KA
2022-01-26 00:00:00+05:00,164.33597081336197,164.33597081336197,162.70298065982436,163.45620727539062,213760,0.0,0.0,0.0,0.002735456554841198,0.008274954463949805,224277.05,164.489013671875,0,26,1,2022,2,ENGRO.KA
2022-01-27 00:00:00+05:00,163.3115631293701,164.32391360137632,162.99822750072548,163.74542236328125,132707,0.0,0.0,0.0,0.0017693735387078746,0.00700224215564663,215020.0,164.51221313476563,0,27,1,2022,3,ENGRO.KA
2022-01-28 00:00:00+05:00,164.4444105641976,164.4444105641976,163.11874291939958,163.35977172851562,146537,0.0,0.0,0.0,-0.0023551842195016492,0.0069133100257642854,209697.2,164.47244186401366,0,28,1,2022,4,ENGRO.KA
2022-01-31 00:00:00+05:00,163.90210878893726,164.2636612361889,163.01028187095943,164.04672241210938,116436,0.0,0.0,0.0,0.004205139835377514,0.006089586820708204,205056.1,164.34770812988282,0,31,1,2022,0,ENGRO.KA
2022-02-01 00:00:00+05:00,164.04673149125782,164.86625164300588,163.03439929438292,164.76983642578125,90939,0.0,0.0,0.0,0.004407975990250446,0.0061464189345063576,205051.6,164.29136962890624,0,1,2,2022,1,ENGRO.KA
2022-02-02 00:00:00+05:00,163.72732638785615,166.01111419677736,163.72732638785615,165.70982360839844,112031,0.0,0.0,0.0,0.005704849886408736,0.00629072817482718,207044.25,164.2880546569824,0,2,2,2022,2,ENGRO.KA
2022-02-03 00:00:00+05:00,166.90898639447343,167.5175993847347,164.66136994167863,165.4145965576172,144040,0.0,0.0,0.0,-0.0017815905198168558,0.006174061943800287,209716.75,164.31547317504882,0,3,2,2022,3,ENGRO.KA
2022-02-04 00:00:00+05:00,165.974967823115,167.74052633231597,164.50466821844202,164.74569702148438,288339,0.0,0.0,0.0,-0.004043775761347734,0.005780390568496376,205038.95,164.22659149169922,0,4,2,2022,4,ENGRO.KA
2022-02-07 00:00:00+05:00,165.49893572740714,166.17382378141627,165.10726159491827,165.9689483642578,118573,0.0,0.0,0.0,0.00742508827173749,0.0059394249155211715,199814.1,164.24045104980468,0,7,2,2022,0,ENGRO.KA
2022-02-08 00:00:00+05:00,166.01718796173142,171.6211869699001,165.2579296020394,171.193359375,1057239,0.0,0.0,0.0,0.031478243745185264,0.008737016230473694,237765.1,164.60380935668945,0,8,2,2022,1,ENGRO.KA
2022-02-09 00:00:00+05:00,172.0670764526357,175.77296602111048,172.0670764526357,174.97755432128906,1077186,0.0,0.0,0.0,0.022104799859670843,0.009773631215499004,282835.4,165.15878677368164,0,9,2,2022,2,ENGRO.KA
2022-02-10 00:00:00+05:00,173.54939938512422,175.2305875193048,172.34423710950503,172.71783447265625,560291,0.0,0.0,0.0,-0.012914341255928052,0.010357221416662546,302745.35,165.6221710205078,0,10,2,2022,3,ENGRO.KA
2022-02-11 00:00:00+05:00,173.39274527917968,173.6518507891837,170.8980502126685,171.48858642578125,270783,0.0,0.0,0.0,-0.007117088114427461,0.010592338639420664,304386.05,166.00059204101564,0,11,2,2022,4,ENGRO.KA
2022-02-14 00:00:00+05:00,171.1330754052065,171.1330754052065,167.72849501250928,169.5663604736328,301294,0.0,0.0,0.0,-0.01120906056905635,0.01101441604201114,315597.9,166.2765739440918,0,14,2,2022,0,ENGRO.KA
2022-02-15 00:00:00+05:00,169.38557513146486,171.67537628347026,169.03005443829824,171.28973388671875,176441,0.0,0.0,0.0,0.010163415716845092,0.010984473138315567,298684.3,166.54954299926757,0,15,2,2022,1,ENGRO.KA
2022-02-16 00:00:00+05:00,171.6754138648983,172.9348066131265,169.7592096865983,172.12734985351562,234054,0.0,0.0,0.0,0.004890053523878057,0.010610003858219594,294394.55,166.9526710510254,0,16,2,2022,2,ENGRO.KA
2022-02-17 00:00:00+05:00,166.91499633138693,167.81283645595192,164.56493327389913,165.69175720214844,813770,0.0,0.0,0.0,-0.03738855363104132,0.013792467761397312,324974.75,167.07770538330078,0,17,2,2022,3,ENGRO.KA
2022-02-18 00:00:00+05:00,165.70984244837328,166.8788515353365,165.10726120310645,166.60166931152344,317531,0.0,0.0,0.0,0.005491595506859737,0.01382107763967168,332536.1,167.22081756591797,0,18,2,2022,4,ENGRO.KA
2022-02-21 00:00:00+05:00,166.61975631107825,167.33682950840938,165.72189769540168,166.58360290527344,131312,0.0,0.0,0.0,-0.00010844072766291735,0.013791907232163286,327871.85,167.3232566833496,0,21,2,2022,0,ENGRO.KA
2022-02-22 00:00:00+05:00,166.31241145672928,166.47510176082562,163.11873844752688,164.7999267578125,613646,0.0,0.0,0.0,-0.010707393262920473,0.01385043373157192,345845.45,167.41273803710936,0,22,2,2022,1,ENGRO.KA
2022-02-23 00:00:00+05:00,166.2461642112236,166.2461642112236,163.29953281800206,164.0105743408203,347754,0.0,0.0,0.0,-0.004789761940563242,0.013892592698790476,352545.15,167.44045639038086,0,23,2,2022,2,ENGRO.KA
2022-02-24 00:00:00+05:00,162.69695206013495,163.9021146679878,159.3827548885396,159.90699768066406,573344,0.0,0.0,0.0,-0.025020195659024136,0.014987841457741262,374577.0,167.24853515625,0,24,2,2022,3,ENGRO.KA
2022-02-25 00:00:00+05:00,161.79307085447854,162.63668095388164,159.68403641131027,161.64242553710938,209657,0.0,0.0,0.0,0.010852732410816524,0.015217833619007685,377733.0,167.16266784667968,0,25,2,2022,4,ENGRO.KA
2022-02-28 00:00:00+05:00,162.66680913894996,165.10725574588946,160.58789655576473,164.46852111816406,360685,0.0,0.0,0.0,0.01748362517862545,0.015711780177136047,389945.45,167.18375778198242,0,28,2,2022,0,ENGRO.KA
2022-03-01 00:00:00+05:00,165.71587340638504,165.8604870200217,164.20338860292793,164.90841674804688,163356,0.0,0.0,0.0,0.0026746493912155334,0.015692383571013175,393566.3,167.1906867980957,0,1,3,2022,1,ENGRO.KA
2022-03-02 00:00:00+05:00,164.9084136058503,164.9084136058503,160.88918870312693,161.66049194335938,395480,0.0,0.0,0.0,-0.019695324645859658,0.01623830581304835,407738.75,166.98822021484375,0,2,3,2022,2,ENGRO.KA
2022-03-03 00:00:00+05:00,161.63038331737155,162.69694556257053,160.58791108305573,162.64271545410156,181846,0.0,0.0,0.0,0.006075841406484983,0.01631608208182527,409629.05,166.84962615966796,0,3,3,2022,3,ENGRO.KA
2022-03-04 00:00:00+05:00,162.0943602682572,165.70984785788374,161.29293527719113,164.18531799316406,283598,0.0,0.0,0.0,0.009484608854171794,0.0164508030101995,409392.0,166.82160720825195,0,4,3,2022,4,ENGRO.KA
2022-03-07 00:00:00+05:00,163.9081379173066,163.9081379173066,159.74429911507275,161.0338134765625,390623,0.0,0.0,0.0,-0.019194801064567613,0.01688604143710856,422994.5,166.5748504638672,0,7,3,2022,0,ENGRO.KA
2022-03-08 00:00:00+05:00,160.04559721281356,162.69091956158013,159.74430656233363,160.30470275878906,354688,0.0,0.0,0.0,-0.0045276870865357255,0.015015095177885395,387866.95,166.03041763305663,0,8,3,2022,1,ENGRO.KA
2022-03-09 00:00:00+05:00,159.14175505476922,163.90214454569454,159.14175505476922,162.1064453125,639095,0.0,0.0,0.0,0.011239486569661228,0.014228340615980913,365962.4,165.3868621826172,0,9,3,2022,2,ENGRO.KA
2022-03-10 00:00:00+05:00,163.78761545895244,163.78761545895244,162.03410173585632,162.7511749267578,448214,0.0,0.0,0.0,0.003977199136129039,0.01415473103850732,360358.55,164.88852920532227,0,10,3,2022,3,ENGRO.KA
2022-03-11 00:00:00+05:00,163.7876287946636,163.84185890730004,160.90729079115198,161.9316864013672,270403,0.0,0.0,0.0,-0.0050352234062790435,0.014129496502492645,360339.55,164.41068420410156,0,11,3,2022,4,ENGRO.KA
2022-03-14 00:00:00+05:00,160.34685437101544,163.29949845112418,160.34685437101544,161.5279083251953,200380,0.0,0.0,0.0,-0.0024935087452313542,0.013989134776995807,355293.85,164.00876159667968,0,14,3,2022,0,ENGRO.KA
2022-03-15 00:00:00+05:00,162.96810019141924,162.96810019141924,161.0398329093678,162.1124267578125,215961,0.0,0.0,0.0,0.003618683846511539,0.013756077230009225,357269.85,163.54989624023438,0,15,3,2022,1,ENGRO.KA
2022-03-16 00:00:00+05:00,162.69912231559502,162.96524875066385,161.48946341362034,161.6406707763672,75727,1.0,0.0,0.0,-0.0029100544040963072,0.013640887080116194,349353.5,163.02556228637695,0,16,3,2022,2,ENGRO.KA
2022-03-17 00:00:00+05:00,162.69914595908676,162.69914595908676,160.8846573424427,161.1447296142578,72845,0.0,0.0,0.0,-0.003068170651156943,0.01099587849106044,312307.25,162.79821090698243,0,17,3,2022,3,ENGRO.KA
2022-03-18 00:00:00+05:00,160.8846125240888,160.94509915271342,158.55601575649672,159.08221435546875,303206,0.0,0.0,0.0,-0.012799148093308621,0.01115786669155345,311591.0,162.4222381591797,0,18,3,2022,4,ENGRO.KA
2022-03-21 00:00:00+05:00,161.42897072858943,161.42897072858943,158.46531022137853,158.84030151367188,291416,0.0,0.0,0.0,-0.0015206781146277493,0.011148084029124712,319596.2,162.03507308959962,0,21,3,2022,0,ENGRO.KA
2022-03-22 00:00:00+05:00,157.86049406572604,161.49552514212988,157.86049406572604,160.3765869140625,298800,0.0,0.0,0.0,0.009671886704762933,0.011271565388049106,303853.9,161.81390609741212,0,22,3,2022,1,ENGRO.KA
2022-03-23 00:00:00+05:00,160.3765869140625,160.3765869140625,160.3765869140625,160.3765869140625,0,0.0,0.0,0.0,0.0,0.011244339952440886,286466.2,161.63220672607423,0,23,3,2022,2,ENGRO.KA
2022-03-24 00:00:00+05:00,161.48947271255142,161.48947271255142,158.70725338621713,159.66893005371094,200162,0.0,0.0,0.0,-0.004412469887083659,0.009782244681852606,267807.1,161.62030334472655,0,24,3,2022,3,ENGRO.KA
2022-03-25 00:00:00+05:00,160.27979470203275,160.27979470203275,159.07013587409287,159.5237579345703,167801,0.0,0.0,0.0,-0.0009092070642159333,0.009441234726797013,265714.3,161.5143699645996,0,25,3,2022,4,ENGRO.KA
2022-03-28 00:00:00+05:00,160.88463607057798,160.88463607057798,158.46531823493018,158.9310302734375,298767,0.0,0.0,0.0,-0.00371560743557664,0.008438941982814314,262618.4,161.23749542236328,0,28,3,2022,0,ENGRO.KA
2022-03-29 00:00:00+05:00,159.10035543175607,160.12857272477441,158.77979660994424,158.97940063476562,296020,0.0,0.0,0.0,0.0003043481266364889,0.008391120551951625,269251.6,160.94104461669923,0,29,3,2022,1,ENGRO.KA
2022-03-30 00:00:00+05:00,159.82618119276654,160.47335313024308,159.0157119496356,159.75965881347656,210019,0.0,0.0,0.0,0.004907919992122034,0.007370184904213254,259978.55,160.84600296020508,0,30,3,2022,2,ENGRO.KA
2022-03-31 00:00:00+05:00,159.79595469222562,162.18502004392727,159.7657021437145,161.8523712158203,289508,0.0,0.0,0.0,0.013099129141149746,0.007854662809745014,265361.65,160.806485748291,0,31,3,2022,3,ENGRO.KA
2022-04-01 00:00:00+05:00,162.54792543509927,164.81603602256578,160.31004893895985,163.93902587890625,301284,0.0,0.0,0.0,0.01289233297857284,0.008108969279872386,266245.95,160.79417114257814,0,1,4,2022,4,ENGRO.KA
2022-04-04 00:00:00+05:00,162.4027538118295,162.4027538118295,159.67496721536307,160.9632568359375,186662,0.0,0.0,0.0,-0.018151681864736702,0.007981664405355143,256047.9,160.79064331054687,0,4,4,2022,0,ENGRO.KA
2022-04-05 00:00:00+05:00,160.34026370864547,162.56603127747098,160.27977708231205,160.77574157714844,222804,0.0,0.0,0.0,-0.0011649569129940085,0.007916231828875624,249453.7,160.81419525146484,0,5,4,2022,1,ENGRO.KA
2022-04-06 00:00:00+05:00,160.88464324662388,164.99747636750047,160.31004785185635,164.4470977783203,469688,0.0,0.0,0.0,0.02283526211826037,0.009104580122055719,240983.35,160.93122787475585,0,6,4,2022,2,ENGRO.KA
2022-04-07 00:00:00+05:00,166.01962301462595,167.53775077839714,163.0015300894514,163.29185485839844,303149,0.0,0.0,0.0,-0.007025012514840334,0.009231229791913617,233730.1,160.9582618713379,0,7,4,2022,3,ENGRO.KA
2022-04-08 00:00:00+05:00,163.30999975759005,165.11843384073694,163.30999975759005,164.54383850097656,569403,0.0,0.0,0.0,0.0076671530473078064,0.009288426434679118,248680.1,161.08886947631837,0,8,4,2022,4,ENGRO.KA
2022-04-11 00:00:00+05:00,166.9934266486409,170.22926812660978,166.9934266486409,169.14056396484375,1269732,0.0,0.0,0.0,0.02793617497770917,0.011040439528974901,302147.7,161.4695022583008,0,11,4,2022,0,ENGRO.KA
2022-04-12 00:00:00+05:00,169.12239518845854,169.3824674025759,167.53774510141767,168.72320556640625,834773,0.0,0.0,0.0,-0.002467523985105413,0.011087777589735354,333088.3,161.80004119873047,0,12,4,2022,1,ENGRO.KA
2022-04-13 00:00:00+05:00,168.74741311673438,170.35020743503858,168.14258367904,169.24337768554688,349392,0.0,0.0,0.0,0.0030829909697032143,0.011027250521085082,346771.55,162.18017654418946,0,13,4,2022,2,ENGRO.KA
2022-04-14 00:00:00+05:00,169.65467409566295,175.39450012198705,168.74742984916207,174.14251708984375,939278,0.0,0.0,0.0,0.028947303411773317,0.012432331044727676,390093.2,162.83006591796874,0,14,4,2022,3,ENGRO.KA
2022-04-15 00:00:00+05:00,174.55377552437696,178.42468014786343,174.1908741782531,176.3561553955078,918177,0.0,0.0,0.0,0.012711647578414143,0.011920641272026664,420841.75,163.6937629699707,0,15,4,2022,4,ENGRO.KA
2022-04-18 00:00:00+05:00,175.61226202289996,178.12230094221383,174.5235577675087,174.98928833007812,553334,0.0,0.0,0.0,-0.007750605939238486,0.012184916057579882,433937.65,164.501212310791,0,18,4,2022,0,ENGRO.KA
2022-04-19 00:00:00+05:00,176.54970316536546,180.1423913796849,175.70294567298504,179.1686248779297,1226658,0.0,0.0,0.0,0.023883385021648662,0.012871467120512804,480330.55,165.44081420898436,0,19,4,2022,1,ENGRO.KA
2022-04-20 00:00:00+05:00,179.02953041938093,180.48111751497885,177.8198714300608,178.28558349609375,238668,0.0,0.0,0.0,-0.004928549194578968,0.013031187223568035,492263.95,166.33626403808594,0,20,4,2022,2,ENGRO.KA
2022-04-21 00:00:00+05:00,178.41862034032664,179.63433335136293,172.3763804886816,173.356201171875,1128309,0.0,0.0,0.0,-0.027648799345162733,0.014858574999969367,538671.3,167.02062759399413,0,21,4,2022,3,ENGRO.KA
2022-04-22 00:00:00+05:00,173.70703168939556,174.75942906382164,171.77156999640465,172.18890380859375,247484,0.0,0.0,0.0,-0.006733519512947317,0.01502069454591964,542655.45,167.6538848876953,0,22,4,2022,4,ENGRO.KA
2022-04-25 00:00:00+05:00,173.00541672398978,176.54367260967877,171.172784274592,175.14649963378906,1095354,0.0,0.0,0.0,0.017176460037651387,0.01518625322382978,582484.8,168.46465835571288,0,25,4,2022,0,ENGRO.KA
2022-04-26 00:00:00+05:00,175.39449896896923,179.3319448794369,175.1041926250735,175.8602294921875,729362,0.0,0.0,0.0,0.0040750449474626915,0.015148527418795181,604151.9,169.30869979858397,0,26,4,2022,1,ENGRO.KA
2022-04-27 00:00:00+05:00,175.4501236550429,177.90420149128286,175.38073764034266,175.46275329589844,391043,12.0,0.0,0.0,-0.0022601824041559304,0.015239508187136151,613203.1,170.09385452270507,0,27,4,2022,2,ENGRO.KA
2022-04-28 00:00:00+05:00,175.38073895280152,176.40905356015523,172.2264091155209,175.2230224609375,482627,0.0,0.0,0.0,-0.0013662776313366765,0.015168438994008174,622859.05,170.76238708496095,0,28,4,2022,3,ENGRO.KA
2022-04-29 00:00:00+05:00,175.22302246093747,175.22302246093747,175.22302246093747,175.2230224609375,0,0.0,0.0,0.0,0.0,0.015047941828151992,607794.85,171.3265869140625,0,29,4,2022,4,ENGRO.KA
2022-05-02 00:00:00+05:00,175.22302246093747,175.22302246093747,175.22302246093747,175.2230224609375,0,0.0,0.0,0.0,0.0,0.014200622609980706,598461.75,172.0395751953125,0,2,5,2022,0,ENGRO.KA
2022-05-03 00:00:00+05:00,175.22302246093747,175.22302246093747,175.22302246093747,175.2230224609375,0,0.0,0.0,0.0,0.0,0.014179190380754398,587321.55,172.76193923950194,0,3,5,2022,1,ENGRO.KA
2022-05-04 00:00:00+05:00,175.22302246093747,175.22302246093747,175.22302246093747,175.2230224609375,0,0.0,0.0,0.0,0.0,0.013521281809227823,563837.15,173.3007354736328,0,4,5,2022,2,ENGRO.KA
2022-05-05 00:00:00+05:00,175.22302246093747,175.22302246093747,175.22302246093747,175.2230224609375,0,0.0,0.0,0.0,0.0,0.013329793931918887,548679.7,173.89729385375978,0,5,5,2022,3,ENGRO.KA
2022-05-06 00:00:00+05:00,175.91700196341918,175.91700196341918,171.75328218125168,173.60171508789062,133979,0.0,0.0,0.0,-0.009252821634259334,0.013593483591505865,526908.5,174.35018768310547,0,6,5,2022,4,ENGRO.KA
2022-05-09 00:00:00+05:00,173.49447682353076,174.37137061289494,169.58941447316977,170.2833709716797,726833,0.0,0.0,0.0,-0.01911469661766263,0.0130702750874881,499763.55,174.40732803344727,0,9,5,2022,0,ENGRO.KA
2022-05-10 00:00:00+05:00,171.90467369824734,172.2264215256346,170.33382348689136,171.79112243652344,278870,0.0,0.0,0.0,0.008854367025036725,0.013183429515487784,471968.4,174.56072387695312,0,10,5,2022,1,ENGRO.KA
2022-05-11 00:00:00+05:00,172.2264252269003,172.2264252269003,168.5106150897777,170.27073669433594,397897,0.0,0.0,0.0,-0.008850199711275986,0.013352378174448988,474393.65,174.6120918273926,0,11,5,2022,2,ENGRO.KA
2022-05-12 00:00:00+05:00,171.8857393976259,171.8857393976259,167.81035056043027,169.07208251953125,519244,0.0,0.0,0.0,-0.007039695710933991,0.011612504436946098,453391.95,174.35857009887695,0,12,5,2022,3,ENGRO.KA
2022-05-13 00:00:00+05:00,170.32120845722048,170.95837002120297,168.4412208590538,170.3401336669922,324283,0.0,0.0,0.0,0.007500062272637109,0.011334024261095576,423697.25,174.05776901245116,0,13,5,2022,4,ENGRO.KA
2022-05-16 00:00:00+05:00,171.84787812991618,171.84787812991618,167.81033996619212,168.51690673828125,276083,0.0,0.0,0.0,-0.010703448972719909,0.011436136024899691,409834.7,173.73414993286133,0,16,5,2022,0,ENGRO.KA
2022-05-17 00:00:00+05:00,169.69032944832367,169.69032944832367,167.87972800733678,169.05946350097656,209304,0.0,0.0,0.0,0.003219598396366985,0.009809459857510434,358967.0,173.22869186401368,0,17,5,2022,1,ENGRO.KA
2022-05-18 00:00:00+05:00,169.38751245276538,170.42843744974016,168.06269006911495,168.13209533691406,250778,0.0,0.0,0.0,-0.005485455501029302,0.00981644768143597,359572.5,172.72101745605468,0,18,5,2022,2,ENGRO.KA
2022-05-19 00:00:00+05:00,168.22673168202593,170.33382183441802,168.06901518032737,169.32443237304688,88984,0.0,0.0,0.0,0.007091668213279112,0.008132419547348713,307606.25,172.5194290161133,0,19,5,2022,3,ENGRO.KA
2022-05-20 00:00:00+05:00,170.57989297574534,170.57989297574534,167.65266504846608,168.5674285888672,154384,0.0,0.0,0.0,-0.004470729791149708,0.008066040430995979,302951.25,172.33835525512694,0,20,5,2022,4,ENGRO.KA
2022-05-23 00:00:00+05:00,169.70294467321494,169.70294467321494,166.54861484657525,166.68109130859375,780808,0.0,0.0,0.0,-0.011190401942205441,0.007136301449237755,287223.95,171.9150848388672,0,23,5,2022,0,ENGRO.KA
2022-05-24 00:00:00+05:00,167.4949334581615,168.44123251724716,165.93669357076698,166.61172485351562,221176,0.0,0.0,0.0,-0.00041616271248012815,0.006989330109693357,261814.65,171.4526596069336,0,24,5,2022,1,ENGRO.KA
2022-05-25 00:00:00+05:00,168.1194563048364,168.44120409142914,163.07884366155218,167.28672790527344,356554,0.0,0.0,0.0,0.004051353842901895,0.0071496562282710695,260090.2,171.04385833740236,0,25,5,2022,2,ENGRO.KA
2022-05-26 00:00:00+05:00,165.28687095128416,168.75663350942182,165.28687095128416,168.18885803222656,234186,0.0,0.0,0.0,0.0053927178697879,0.007355802190927933,247668.15,170.6921501159668,0,26,5,2022,3,ENGRO.KA
2022-05-27 00:00:00+05:00,170.33382182323257,170.96468782998528,166.54862578271627,167.3182830810547,379511,0.0,0.0,0.0,-0.005176174934281685,0.00737200581873157,266643.7,170.29691314697266,0,27,5,2022,4,ENGRO.KA
2022-05-30 00:00:00+05:00,170.26443816194896,170.26443816194896,165.9177620740176,168.0437774658203,61762,0.0,0.0,0.0,0.004336013801995442,0.007505127322805106,269731.8,169.9379508972168,0,30,5,2022,0,ENGRO.KA
2022-05-31 00:00:00+05:00,169.07206727345894,170.2076182332508,166.55491840283696,169.12252807617188,855313,0.0,0.0,0.0,0.006419461801083326,0.007731833218507471,312497.45,169.6329261779785,0,31,5,2022,1,ENGRO.KA
2022-06-01 00:00:00+05:00,169.12254363696533,170.52938170484373,167.81035086819455,168.5358428955078,694873,0.0,0.0,0.0,-0.0034689948603406906,0.007729614264958365,347241.1,169.29856719970704,0,1,6,2022,2,ENGRO.KA
2022-06-02 00:00:00+05:00,168.56739163219535,169.70294265528227,165.99976256324192,166.7567901611328,172411,0.0,0.0,0.0,-0.010555931034076926,0.007949230817584089,355861.65,168.8752555847168,0,2,6,2022,3,ENGRO.KA
2022-06-03 00:00:00+05:00,166.67479363671993,166.67479363671993,164.65601487215284,165.368896484375,254767,0.0,0.0,0.0,-0.008322861548346716,0.007909923653278588,361901.05,168.463614654541,0,3,6,2022,4,ENGRO.KA
2022-06-06 00:00:00+05:00,164.02516108950863,167.173176289618,164.02516108950863,165.766357421875,75726,0.0,0.0,0.0,0.0024034806178776513,0.006917407545555128,329345.7,168.23776397705078,0,6,6,2022,0,ENGRO.KA
2022-06-07 00:00:00+05:00,166.9902273038499,167.14794379384128,165.28688151094275,165.58338928222656,80197,0.0,0.0,0.0,-0.0011037712506571928,0.00649177420827903,319412.05,167.92737731933593,0,7,6,2022,1,ENGRO.KA
2022-06-08 00:00:00+05:00,165.9177580984107,166.52969888887375,164.08825054782605,164.85159301757812,85305,0.0,0.0,0.0,-0.004419502872967107,0.006312302699909509,303782.45,167.65642013549805,0,8,6,2022,2,ENGRO.KA
2022-06-09 00:00:00+05:00,165.9808552242121,166.27736302641273,164.65603271964534,164.8389892578125,130088,0.0,0.0,0.0,-7.645518939136675e-05,0.0061870921349798215,284324.65,167.44476547241212,0,9,6,2022,3,ENGRO.KA
2022-06-10 00:00:00+05:00,164.68756894429967,166.61801745020023,164.66234816497655,166.44137573242188,50030,0.0,0.0,0.0,0.009720919072751633,0.006369613325177523,270612.0,167.24982757568358,0,10,6,2022,4,ENGRO.KA
2022-06-13 00:00:00+05:00,165.31844202320644,166.4413828310841,164.3469221602421,164.5550994873047,277526,0.0,0.0,0.0,-0.011332976772251868,0.006420722051156257,270684.15,167.05173721313477,0,13,6,2022,0,ENGRO.KA
2022-06-14 00:00:00+05:00,164.3784623927138,166.04395806615005,163.33122240153884,164.6686553955078,152702,0.0,0.0,0.0,0.0006900783297323354,0.006354290513454294,267854.05,166.83219680786132,0,14,6,2022,1,ENGRO.KA
2022-06-15 00:00:00+05:00,165.22380596400816,165.43829809943875,164.65603039933862,164.78221130371094,677404,0.0,0.0,0.0,0.0006896024500253617,0.006289689927852981,289185.35,166.66470260620116,0,15,6,2022,2,ENGRO.KA
2022-06-16 00:00:00+05:00,165.09763767750948,165.28057495324396,164.50462210529585,164.84527587890625,208213,0.0,0.0,0.0,0.0003827147038284462,0.006008789256085642,295146.8,166.44074478149415,0,16,6,2022,3,ENGRO.KA
2022-06-17 00:00:00+05:00,165.24902395336258,167.33718865042135,164.4982919532417,166.71893310546875,1928968,0.0,0.0,0.0,0.011366156637323765,0.006587675724191056,383876.0,166.34832000732422,0,17,6,2022,4,ENGRO.KA
2022-06-20 00:00:00+05:00,167.1794914556578,168.06270001284753,165.28689343917864,165.9492950439453,397718,0.0,0.0,0.0,-0.004616380678471366,0.00617913494091919,364721.5,166.3117301940918,0,20,6,2022,0,ENGRO.KA
2022-06-21 00:00:00+05:00,166.1385673880982,167.13532721162167,165.760043932044,166.8640594482422,403637,0.0,0.0,0.0,0.005512312685960197,0.006309144064348456,373844.55,166.32434692382813,0,21,6,2022,1,ENGRO.KA
2022-06-22 00:00:00+05:00,167.4886116390797,167.7788238668765,165.44461191765674,165.82313537597656,374290,0.0,0.0,0.0,-0.006238156231531122,0.00638853674502048,374731.35,166.25116729736328,0,22,6,2022,2,ENGRO.KA
2022-06-23 00:00:00+05:00,165.92407393549806,167.49492412525044,165.92407393549806,166.48553466796875,468410,0.0,0.0,0.0,0.003994613239523659,0.006328957402442924,386442.55,166.1660011291504,0,23,6,2022,3,ENGRO.KA
2022-06-24 00:00:00+05:00,166.48552185239242,166.76310441308996,155.8238910519685,160.12008666992188,605024,0.0,0.0,0.0,-0.03823424065485226,0.010535897854112125,397718.2,165.80609130859375,0,24,6,2022,4,ENGRO.KA
2022-06-27 00:00:00+05:00,160.83926738434948,162.7949459971452,160.83926738434948,162.11993408203125,146727,0.0,0.0,0.0,0.012489672305960875,0.010949419933239325,401966.45,165.5098991394043,0,27,6,2022,0,ENGRO.KA
2022-06-28 00:00:00+05:00,162.22717783378357,163.55200020085778,162.13255179024281,162.37228393554688,117873,0.0,0.0,0.0,0.0015565627690665718,0.01081193970471989,365094.45,165.17238693237306,0,28,6,2022,1,ENGRO.KA
2022-06-29 00:00:00+05:00,163.2365889583663,163.2365889583663,160.87714648729516,161.3502960205078,93569,0.0,0.0,0.0,-0.006294103219270708,0.01085082701336816,335029.25,164.81310958862304,0,29,6,2022,2,ENGRO.KA
2022-06-30 00:00:00+05:00,161.3502781535518,163.39428737613994,160.71310698483262,162.1893310546875,82278,0.0,0.0,0.0,0.005200083637113551,0.010777794168503324,330522.6,164.5847366333008,0,30,6,2022,3,ENGRO.KA
2022-07-01 00:00:00+05:00,161.52694702148438,163.0788720963814,161.19257916258186,161.52694702148438,174464,0.0,0.0,0.0,-0.004084017295686193,0.010674257956069879,326507.45,164.39263916015625,0,1,7,2022,4,ENGRO.KA
2022-07-04 00:00:00+05:00,161.50802856742592,162.1325798152513,159.54602508053821,160.27783203125,96607,0.0,0.0,0.0,-0.0077331678290696315,0.010738626905983534,327551.5,164.118212890625,0,4,7,2022,0,ENGRO.KA
2022-07-05 00:00:00+05:00,159.62173690297269,160.87084903542652,159.62173690297269,160.03810119628906,31100,0.0,0.0,0.0,-0.0014957204743959451,0.010737980362933799,325096.65,163.84094848632813,0,5,7,2022,1,ENGRO.KA
2022-07-06 00:00:00+05:00,161.36919646457602,162.13254849654965,158.9782187592627,159.16748046875,117545,0.0,0.0,0.0,-0.005440084086421604,0.010754266460883804,326708.65,163.5567428588867,0,6,7,2022,2,ENGRO.KA
2022-07-07 00:00:00+05:00,160.2021149248213,160.2021149248213,158.66280033170122,158.9530029296875,132658,0.0,0.0,0.0,-0.0013474959736176073,0.010747938790646538,326837.15,163.26244354248047,0,7,7,2022,3,ENGRO.KA
2022-07-08 00:00:00+05:00,158.9530029296875,158.9530029296875,158.9530029296875,158.9530029296875,0,0.0,0.0,0.0,0.0,0.01041606455002688,324335.65,162.88802490234374,0,8,7,2022,4,ENGRO.KA
2022-07-11 00:00:00+05:00,158.9530029296875,158.9530029296875,158.9530029296875,158.9530029296875,0,0.0,0.0,0.0,0.0,0.010201804922805804,310459.35,162.6079200744629,0,11,7,2022,0,ENGRO.KA
2022-07-12 00:00:00+05:00,158.9530029296875,158.9530029296875,158.9530029296875,158.9530029296875,0,0.0,0.0,0.0,0.0,0.010194531196371492,302824.25,162.32213745117187,0,12,7,2022,1,ENGRO.KA
2022-07-13 00:00:00+05:00,159.60910964036907,159.86145220827206,157.8489976075538,159.47662353515625,184167,0.0,0.0,0.0,0.0032941850472643086,0.010243378641804642,278162.4,162.05685806274414,0,13,7,2022,2,ENGRO.KA
2022-07-14 00:00:00+05:00,159.9245294287747,162.9211428993336,159.9245294287747,162.38490295410156,261693,0.0,0.0,0.0,0.018236399507819856,0.01116070290002719,280836.4,161.9338394165039,0,14,7,2022,3,ENGRO.KA
2022-07-15 00:00:00+05:00,162.4479943843284,163.32490736220612,160.61848684176266,161.9622344970703,138568,0.0,0.0,0.0,-0.002602880251440065,0.01079758590012669,191316.4,161.69600448608398,0,15,7,2022,4,ENGRO.KA
2022-07-18 00:00:00+05:00,161.43229834360827,162.00637908050467,158.3662892367587,158.9593048095703,335429,0.0,0.0,0.0,-0.01854092527696216,0.011446019892797327,188201.95,161.34650497436525,0,18,7,2022,0,ENGRO.KA
2022-07-19 00:00:00+05:00,160.17689070091407,160.83930199709397,151.72959444144487,154.3729248046875,303480,0.0,0.0,0.0,-0.028852541915537433,0.01275035268869506,183194.1,160.7219482421875,0,19,7,2022,1,ENGRO.KA
2022-07-20 00:00:00+05:00,154.49909748037845,155.1867488161369,153.30676098704814,153.7736053466797,97806,0.0,0.0,0.0,-0.0038822834947648266,0.012737562909981992,169369.9,160.11947174072264,0,20,7,2022,2,ENGRO.KA
2022-07-21 00:00:00+05:00,153.93129988936005,153.93129988936005,152.07024716430854,152.39830017089844,94112,0.0,0.0,0.0,-0.008943701181231,0.012655195818733086,150655.0,159.41511001586915,0,21,7,2022,3,ENGRO.KA
2022-07-22 00:00:00+05:00,155.18671777332992,155.19302296734998,152.0702384548424,154.66940307617188,127238,0.0,0.0,0.0,0.014902416252193351,0.010569402991629367,126765.7,159.14257583618163,0,22,7,2022,4,ENGRO.KA
2022-07-25 00:00:00+05:00,154.5621752857341,154.5621752857341,152.3541442102236,152.93453979492188,45264,0.0,0.0,0.0,-0.011216590009050509,0.01022059022926283,121692.55,158.68330612182618,0,25,7,2022,0,ENGRO.KA
2022-07-26 00:00:00+05:00,155.7608216364915,155.7608216364915,151.56556631530938,152.37937927246094,30890,0.0,0.0,0.0,-0.0036300532450379563,0.010168237397362018,117343.4,158.18366088867188,0,26,7,2022,1,ENGRO.KA
2022-07-27 00:00:00+05:00,152.66959843950565,153.61589760338688,148.25353567472655,150.6697540283203,305626,0.0,0.0,0.0,-0.011219531489780832,0.010307808634150904,127946.25,157.6496337890625,0,27,7,2022,2,ENGRO.KA
2022-07-28 00:00:00+05:00,151.39521145671802,153.11116765016013,148.6951058989122,149.4836883544922,804059,0.0,0.0,0.0,-0.007871955997254654,0.010149157233110584,164035.3,157.01435165405275,0,28,7,2022,3,ENGRO.KA
2022-07-29 00:00:00+05:00,149.45216781172508,149.5152582690906,147.62266006315272,148.0137939453125,308897,0.0,0.0,0.0,-0.009833142501099568,0.010232101950821441,170756.95,156.33869400024415,0,29,7,2022,4,ENGRO.KA
2022-08-01 00:00:00+05:00,148.25351553334994,150.14611360398845,146.36091746271143,146.43031311035156,151675,0.0,0.0,0.0,-0.010698197733827408,0.010305544027724595,173510.35,155.6463180541992,0,1,8,2022,0,ENGRO.KA
2022-08-02 00:00:00+05:00,145.13071407421745,150.44260423093135,143.83743694833538,148.5941619873047,159463,0.0,0.0,0.0,0.014777328757894725,0.011158743463846193,179928.5,155.07412109375,0,2,8,2022,1,ENGRO.KA
2022-08-03 00:00:00+05:00,148.88438180268716,150.74543464997043,148.88438180268716,150.1650390625,378803,0.0,0.0,0.0,0.010571593487835207,0.011589138563731663,192991.4,154.6239990234375,0,3,8,2022,2,ENGRO.KA
2022-08-04 00:00:00+05:00,151.30691745495693,152.03872441388867,149.3890888182332,149.58465576171875,291055,0.0,0.0,0.0,-0.0038649695322203748,0.011585713040989449,200911.25,154.15558166503905,0,4,8,2022,3,ENGRO.KA
2022-08-05 00:00:00+05:00,150.770666704829,151.40783789050113,148.96638958491715,150.72650146484375,374564,0.0,0.0,0.0,0.007633441393507079,0.0118121827972463,219639.45,153.74425659179687,0,5,8,2022,4,ENGRO.KA
2022-08-08 00:00:00+05:00,150.72650146484375,150.72650146484375,150.72650146484375,150.72650146484375,0,0.0,0.0,0.0,0.0,0.0118121827972463,219639.45,153.3329315185547,0,8,8,2022,0,ENGRO.KA
2022-08-09 00:00:00+05:00,150.72650146484375,150.72650146484375,150.72650146484375,150.72650146484375,0,0.0,0.0,0.0,0.0,0.0118121827972463,219639.45,152.9216064453125,0,9,8,2022,1,ENGRO.KA
2022-08-10 00:00:00+05:00,150.78327748103172,155.1930342363692,150.78327748103172,152.81466674804688,488208,0.0,0.0,0.0,0.013854002202062565,0.012314240370658397,234841.5,152.58850860595703,0,10,8,2022,2,ENGRO.KA
2022-08-11 00:00:00+05:00,153.9312897623402,154.8775886748136,151.40782599574447,151.69802856445312,191999,0.0,0.0,0.0,-0.007307140128341216,0.01138831776991423,231356.8,152.0541648864746,0,11,8,2022,3,ENGRO.KA
2022-08-12 00:00:00+05:00,152.66957622434347,155.1867350994433,151.8494484764004,153.30674743652344,115671,0.0,0.0,0.0,0.010604744750435602,0.011808278672745847,230211.95,151.62139053344725,0,12,8,2022,4,ENGRO.KA
2022-08-15 00:00:00+05:00,153.33198287344817,157.0856336395856,153.33198287344817,156.48631286621094,149052,0.0,0.0,0.0,0.02073989229341655,0.012287611834877627,220893.1,151.49774093627929,0,15,8,2022,0,ENGRO.KA
2022-08-16 00:00:00+05:00,157.08562811282195,160.30304844274156,156.45476213646523,159.06024169921875,447763,0.0,0.0,0.0,0.01644826813197664,0.010927233525231889,228107.25,151.73210678100585,0,16,8,2022,1,ENGRO.KA
2022-08-17 00:00:00+05:00,160.80773224445034,164.02515254879233,159.6090907494018,160.01914978027344,735261,0.0,0.0,0.0,0.006028584332645304,0.010892434399891375,259980.0,152.04438400268555,0,17,8,2022,2,ENGRO.KA
2022-08-18 00:00:00+05:00,161.36920654469372,161.36920654469372,158.34736270315997,158.88990783691406,171873,0.0,0.0,0.0,-0.007056917530870344,0.010799996633708425,263868.05,152.36896438598632,0,18,8,2022,3,ENGRO.KA
2022-08-19 00:00:00+05:00,159.60911634270158,159.60911634270158,158.47987030847617,158.79530334472656,218396,0.0,0.0,0.0,-0.0005954090695590164,0.010384321224459063,268425.95,152.57525939941405,0,19,8,2022,4,ENGRO.KA
2022-08-22 00:00:00+05:00,158.97824936578712,159.609115434699,157.71651722796344,157.8805389404297,102368,0.0,0.0,0.0,-0.005760651511909187,0.010104203575308765,271281.15,152.82255935668945,0,22,8,2022,0,ENGRO.KA
2022-08-23 00:00:00+05:00,158.97824876916945,161.50171303534674,158.97824876916945,160.7320556640625,414783,0.0,0.0,0.0,0.018061229982935023,0.010657634466153575,290475.8,153.24019317626954,0,23,8,2022,1,ENGRO.KA
2022-08-24 00:00:00+05:00,161.50169214583343,164.64970724990667,160.7131096646526,163.61509704589844,536361,0.0,0.0,0.0,0.017936940891626785,0.010643836619566199,302012.55,153.88746032714843,0,24,8,2022,2,ENGRO.KA
2022-08-25 00:00:00+05:00,164.0433271092307,164.2080292448825,161.0786886674976,161.5596160888672,244945,11.0,0.0,0.0,-0.012562905221726761,0.01097015236182294,274056.85,154.4912567138672,0,25,8,2022,3,ENGRO.KA
2022-08-26 00:00:00+05:00,163.64144822777095,163.64144822777095,158.1140451353524,159.9916534423828,174938,0.0,0.0,0.0,-0.00970516447391101,0.010961724299998095,267358.9,155.09014968872071,0,26,8,2022,4,ENGRO.KA
2022-08-29 00:00:00+05:00,158.27874927522797,160.4198769969532,157.29053648058556,159.93894958496094,132496,0.0,0.0,0.0,-0.00032941629321214805,0.010466206741077006,266399.95,155.76558151245118,0,29,8,2022,0,ENGRO.KA
2022-08-30 00:00:00+05:00,160.4857793940221,162.06691601704222,157.3300805624336,157.65948486328125,103099,0.0,0.0,0.0,-0.014252092611555023,0.01096319626852334,263581.75,156.21884765625,0,30,8,2022,1,ENGRO.KA
2022-08-31 00:00:00+05:00,159.68859739545965,159.68859739545965,156.17714676358716,157.03359985351562,367789,0.0,0.0,0.0,-0.003969853195374684,0.01091827199434094,263031.05,156.5622756958008,0,31,8,2022,2,ENGRO.KA
2022-09-01 00:00:00+05:00,158.1140548569779,158.21287212021514,156.79643773316974,156.98748779296875,192856,0.0,0.0,0.0,-0.00029364454861824374,0.010841154090786335,258121.1,156.9324172973633,0,1,9,2022,3,ENGRO.KA
2022-09-02 00:00:00+05:00,158.01522492726195,158.09427873151483,156.46702090984286,156.7898406982422,114182,0.0,0.0,0.0,-0.0012589990291914654,0.010800677546420097,245102.0,157.2355842590332,0,2,9,2022,4,ENGRO.KA
2022-09-05 00:00:00+05:00,157.4486560808445,157.4486560808445,153.33768718568763,154.1875457763672,223663,0.0,0.0,0.0,-0.01659734400064461,0.011574679193715326,256285.15,157.40863647460938,0,5,9,2022,0,ENGRO.KA
2022-09-06 00:00:00+05:00,154.16118021039756,155.47221266959133,152.90944815281387,153.4628448486328,309769,0.0,0.0,0.0,-0.00470012622670235,0.011647792289145293,271773.6,157.54545364379882,0,6,9,2022,1,ENGRO.KA
2022-09-07 00:00:00+05:00,152.90944210876415,154.48399386964795,152.06616811438568,152.17156982421875,248796,0.0,0.0,0.0,-0.008414251838532616,0.01141274642298294,259803.0,157.51329879760743,0,7,9,2022,2,ENGRO.KA
2022-09-08 00:00:00+05:00,153.15980172911486,153.20592315071661,152.05300824211488,152.27041625976562,227190,0.0,0.0,0.0,0.0006495722930444092,0.011288096914777659,261562.55,157.54191818237305,0,8,9,2022,3,ENGRO.KA
2022-09-09 00:00:00+05:00,153.33769637348337,153.47605059787588,151.52597278582672,152.118896484375,356877,0.0,0.0,0.0,-0.0009950703433564412,0.01102287390591184,273622.85,157.48252563476564,0,9,9,2022,4,ENGRO.KA
2022-09-12 00:00:00+05:00,152.77768167646562,152.77768167646562,151.85535383043057,152.06617736816406,43332,0.0,0.0,0.0,-0.0003465652028074029,0.009847098221152935,268336.85,157.2615188598633,0,12,9,2022,0,ENGRO.KA
2022-09-13 00:00:00+05:00,152.6788865921755,153.50239730734367,151.98713558091006,152.93582153320312,127847,0.0,0.0,0.0,0.005718853331425411,0.009087324786602163,252341.05,156.9552978515625,0,13,9,2022,1,ENGRO.KA
2022-09-14 00:00:00+05:00,153.14003447940925,153.46943873083953,151.52595565792492,151.90806579589844,255869,0.0,0.0,0.0,-0.006720176653195353,0.008946301818153557,228371.45,156.54974365234375,0,14,9,2022,2,ENGRO.KA
2022-09-15 00:00:00+05:00,152.18477325140438,152.77769691834862,148.89731500681376,149.97117614746094,318924,0.0,0.0,0.0,-0.012750406887807264,0.009184357130719233,235724.0,156.1038070678711,0,15,9,2022,3,ENGRO.KA
2022-09-16 00:00:00+05:00,151.49302759872324,154.48402411501849,148.42957179075228,151.14385986328125,1692960,0.0,0.0,0.0,0.007819394005867286,0.009480761348019399,309452.2,155.72123489379882,0,16,9,2022,4,ENGRO.KA
2022-09-19 00:00:00+05:00,152.1847744146673,156.59878967071575,151.18997712726375,153.73956298828125,2445476,0.0,0.0,0.0,0.01717372526643146,0.010398453348871146,426607.6,155.5141860961914,0,19,9,2022,0,ENGRO.KA
2022-09-20 00:00:00+05:00,153.76591830002036,154.15462300157813,152.51418602111153,153.61439514160156,462108,0.0,0.0,0.0,-0.0008141550830947919,0.0093551811422048,428973.85,155.15830307006837,0,20,9,2022,1,ENGRO.KA
2022-09-21 00:00:00+05:00,154.09530862598112,154.16119349895183,151.52595942204667,153.51556396484375,450660,0.0,0.0,0.0,-0.0006433718445898462,0.008084322861359962,424688.8,154.65332641601563,0,21,9,2022,2,ENGRO.KA
2022-09-22 00:00:00+05:00,153.50238655928996,154.82000361130102,150.9330373289165,154.32589721679688,605072,0.0,0.0,0.0,0.005278508778033153,0.007974552102701564,442695.15,154.2916404724121,0,22,9,2022,3,ENGRO.KA
2022-09-23 00:00:00+05:00,154.49060360983748,154.49060360983748,151.0318587529008,151.4666748046875,252800,0.0,0.0,0.0,-0.018527171807676157,0.008625600671018772,446588.25,153.86539154052736,0,23,9,2022,4,ENGRO.KA
2022-09-26 00:00:00+05:00,152.17818989337638,154.16120000094077,151.52596581289052,153.87132263183594,473682,0.0,0.0,0.0,0.015875755048093465,0.0095693671518692,463647.55,153.5620101928711,0,26,9,2022,0,ENGRO.KA
2022-09-27 00:00:00+05:00,154.42470540101,154.42470540101,150.9989032775975,152.3955841064453,629243,0.0,0.0,0.0,-0.009590731399128805,0.009305519854612278,489954.75,153.2988151550293,0,27,9,2022,1,ENGRO.KA
2022-09-28 00:00:00+05:00,152.52076972342965,163.8193428269288,152.18478096880574,152.71841430664062,851630,0.0,0.0,0.0,0.0021183697814355362,0.009325379732151468,514146.8,153.08305587768555,0,28,9,2022,2,ENGRO.KA
2022-09-29 00:00:00+05:00,152.71839813587616,153.33767973980736,150.88032682766888,151.9541778564453,181075,0.0,0.0,0.0,-0.0050042193907331445,0.009356705984212739,513557.75,152.83139038085938,0,29,9,2022,3,ENGRO.KA
2022-09-30 00:00:00+05:00,152.67888216124874,153.04122887593118,150.8671586404572,152.52735900878906,251664,0.0,0.0,0.0,0.003772065766334265,0.009433288149248962,520431.85,152.6182662963867,0,30,9,2022,4,ENGRO.KA
2022-10-03 00:00:00+05:00,151.78946836618857,153.58802273782965,151.6577086819319,152.079345703125,200273,0.0,0.0,0.0,-0.0029372652131099963,0.008739041793178182,519262.35,152.51285629272462,0,3,10,2022,0,ENGRO.KA
2022-10-04 00:00:00+05:00,152.18477123245157,153.8317925661361,152.18477123245157,153.4958038330078,230476,0.0,0.0,0.0,0.00931394150424536,0.008956489291128784,515297.7,152.51450424194337,0,4,10,2022,1,ENGRO.KA
2022-10-05 00:00:00+05:00,153.93060878186603,154.16119578806726,152.8435787300496,153.12686157226562,108264,0.0,0.0,0.0,-0.0024035983494609114,0.008756169075137606,508271.1,152.5622688293457,0,5,10,2022,2,ENGRO.KA
2022-10-06 00:00:00+05:00,152.3824347175294,156.46704612154647,152.3824347175294,155.7489471435547,479157,0.0,0.0,0.0,0.01712361596369294,0.009526845318597925,520869.45,152.73619537353517,0,6,10,2022,3,ENGRO.KA
2022-10-07 00:00:00+05:00,155.74232960306836,159.43166132418008,154.82000169910052,157.85052490234375,680212,0.0,0.0,0.0,0.01349336735388662,0.009896963555688186,537036.2,153.02277679443358,0,7,10,2022,4,ENGRO.KA
2022-10-10 00:00:00+05:00,158.11404838246884,159.43166545232273,156.00586308122666,156.49996948242188,205002,0.0,0.0,0.0,-0.008555913391845915,0.010161631045168594,545119.7,153.24446640014648,0,10,10,2022,0,ENGRO.KA
2022-10-11 00:00:00+05:00,156.8029968442737,158.83872261136548,156.5328930175616,157.25099182128906,324271,0.0,0.0,0.0,0.004798865720875067,0.010143532478023683,554940.9,153.4602249145508,0,11,10,2022,1,ENGRO.KA
2022-10-12 00:00:00+05:00,157.4486614609404,157.78465020778384,156.0717439297825,156.47361755371094,145493,0.0,0.0,0.0,-0.00494352537033016,0.010075852322367684,549422.1,153.6885025024414,0,12,10,2022,2,ENGRO.KA
2022-10-13 00:00:00+05:00,156.48018896269733,156.79641421023666,155.81478598132205,156.21665954589844,214850,0.0,0.0,0.0,-0.001642181038757573,0.00953911430366055,544218.4,154.0007766723633,0,13,10,2022,3,ENGRO.KA
2022-10-14 00:00:00+05:00,156.76348167465972,156.796424110417,156.00585591534227,156.4208984375,119409,0.0,0.0,0.0,0.0013074078795134447,0.009443750300853723,465540.85,154.2646286010742,0,14,10,2022,4,ENGRO.KA
2022-10-17 00:00:00+05:00,156.7634934375312,156.79643587576032,155.15599895710827,155.53152465820312,170992,0.0,0.0,0.0,-0.005685773372873459,0.008844319838313955,351816.65,154.3542266845703,0,17,10,2022,0,ENGRO.KA
2022-10-18 00:00:00+05:00,155.1362309608345,156.45384803044183,154.82659014526715,155.38658142089844,117283,0.0,0.0,0.0,-0.000931921921444645,0.008845361748221602,334575.4,154.44283599853514,0,18,10,2022,1,ENGRO.KA
2022-10-19 00:00:00+05:00,157.4552427241042,160.08389244542914,156.5329147794046,159.5700225830078,730216,0.0,0.0,0.0,0.026922795545502254,0.010611118619095484,348553.2,154.74555892944335,0,19,10,2022,2,ENGRO.KA
2022-10-20 00:00:00+05:00,160.41989846290642,161.0787070808239,159.10886569430681,160.63072204589844,208639,0.0,0.0,0.0,0.00664723514931409,0.010637830252953012,328731.55,155.06080017089843,0,20,10,2022,3,ENGRO.KA
2022-10-21 00:00:00+05:00,161.34219431139556,162.72569615399564,159.56341340849525,162.44241333007812,380612,0.0,0.0,0.0,0.011278610100887265,0.009643603852393242,335122.15,155.60958709716797,0,21,10,2022,4,ENGRO.KA
2022-10-24 00:00:00+05:00,163.51627489177437,163.90496951126616,162.65982179352673,162.82452392578125,393552,0.0,0.0,0.0,0.002352283420751,0.00919751281472673,331115.65,156.05724716186523,0,24,10,2022,0,ENGRO.KA
2022-10-25 00:00:00+05:00,162.19865748460597,164.53084530177753,162.06689778961004,163.42404174804688,495783,0.0,0.0,0.0,0.0036819872572690926,0.00871727707310957,324442.65,156.60867004394532,0,25,10,2022,1,ENGRO.KA
2022-10-26 00:00:00+05:00,164.03674938667874,164.0433338534321,161.24339743223896,161.5200958251953,521177,0.0,0.0,0.0,-0.01165034166629475,0.009355394800491731,307920.0,157.04875411987305,0,26,10,2022,2,ENGRO.KA
2022-10-27 00:00:00+05:00,160.1299974053586,163.7139173657689,160.1299974053586,161.7638397216797,409007,0.0,0.0,0.0,0.0015090623568485562,0.00917942144974101,319316.6,157.53923721313475,0,27,10,2022,3,ENGRO.KA
2022-10-28 00:00:00+05:00,160.43149710516153,162.32700240980392,159.33264707152472,161.1320037841797,464273,10.0,0.0,0.0,-0.0039059158003859062,0.009312615261089008,329947.05,157.9694694519043,0,28,10,2022,4,ENGRO.KA
2022-10-31 00:00:00+05:00,162.0110774260853,162.3544667470218,160.84355583078323,161.53033447265625,200804,0.0,0.0,0.0,0.0024720768011430305,0.009215611651941728,329973.6,158.44201889038087,0,31,10,2022,0,ENGRO.KA
2022-11-01 00:00:00+05:00,161.7363802782555,164.7513382854975,161.7363802782555,164.2431182861328,133131,0.0,0.0,0.0,0.01679426853372723,0.009625504644593602,325106.35,158.9793846130371,0,1,11,2022,1,ENGRO.KA
2022-11-02 00:00:00+05:00,164.1332416609119,166.2691237899201,163.24729128900668,164.2431182861328,251328,0.0,0.0,0.0,0.0,0.009563600455971787,332259.55,159.53519744873046,0,2,11,2022,2,ENGRO.KA
2022-11-03 00:00:00+05:00,165.1565374363209,165.513665291517,163.24729350492103,164.8200225830078,89593,0.0,0.0,0.0,0.003512502093816483,0.009015693022422765,312781.35,159.98875122070314,0,3,11,2022,3,ENGRO.KA
2022-11-04 00:00:00+05:00,164.78565867813577,166.53694620101467,162.76652792089257,164.6620330810547,334020,0.0,0.0,0.0,-0.0009585577011649304,0.00869304026574525,295471.75,160.32932662963867,0,4,11,2022,4,ENGRO.KA
2022-11-07 00:00:00+05:00,164.4834840367944,166.543819953748,164.4834840367944,165.90512084960938,74263,0.0,0.0,0.0,0.0075493284353096435,0.008389757172648525,288934.8,160.79958419799806,0,7,11,2022,0,ENGRO.KA
2022-11-08 00:00:00+05:00,164.90243325905703,168.26078066623938,164.90243325905703,167.5946044921875,888933,0.0,0.0,0.0,0.010183432759194977,0.008537128770840556,317167.9,161.31676483154297,0,8,11,2022,1,ENGRO.KA
2022-11-09 00:00:00+05:00,167.5946044921875,167.5946044921875,167.5946044921875,167.5946044921875,0,0.0,0.0,0.0,0.0,0.00835787134170587,309893.25,161.8728141784668,0,9,11,2022,2,ENGRO.KA
2022-11-10 00:00:00+05:00,166.8872065016121,169.35961375265933,166.8872065016121,168.2195587158203,592315,0.0,0.0,0.0,0.0037289638620909837,0.00827073777886569,328766.5,162.47295913696288,0,10,11,2022,3,ENGRO.KA
2022-11-11 00:00:00+05:00,168.26077270507812,169.11924603520606,167.57399404097575,168.26077270507812,535566,0.0,0.0,0.0,0.00024500117330261695,0.008290574332619408,349574.35,163.0649528503418,0,11,11,2022,4,ENGRO.KA
2022-11-14 00:00:00+05:00,166.9490110833374,168.12340712647685,165.55485133258847,166.17295837402344,232207,0.0,0.0,0.0,-0.012408206009573819,0.008810548221786738,352635.1,163.5970245361328,0,14,11,2022,0,ENGRO.KA
2022-11-15 00:00:00+05:00,166.1660956298831,168.08907798462926,164.94363044652957,167.93112182617188,360108,0.0,0.0,0.0,0.010580322269951647,0.008891686043253426,364776.35,164.2242515563965,0,15,11,2022,1,ENGRO.KA
2022-11-16 00:00:00+05:00,168.53548647456682,180.51978300857448,167.74569517217367,177.81387329101562,2917982,0.0,0.0,0.0,0.058850029448821006,0.014398393766461294,474164.65,165.13644409179688,0,16,11,2022,2,ENGRO.KA
2022-11-17 00:00:00+05:00,179.24924728043396,179.24924728043396,174.78518556655342,176.87985229492188,1087400,0.0,0.0,0.0,-0.005252801588575218,0.014594045374884198,518102.7,165.94890060424805,0,17,11,2022,3,ENGRO.KA
2022-11-18 00:00:00+05:00,177.08588282600746,179.24923142733164,173.86488921292553,176.72874450683594,452567,0.0,0.0,0.0,-0.0008542962136467436,0.014568321544458989,521700.45,166.66321716308593,0,18,11,2022,4,ENGRO.KA
2022-11-21 00:00:00+05:00,175.1285636712864,177.84134784501748,174.0983956496906,174.94313049316406,164658,0.0,0.0,0.0,-0.010103698855863263,0.014918963138238752,510255.75,167.26914749145507,0,21,11,2022,0,ENGRO.KA
2022-11-22 00:00:00+05:00,174.61346888444763,183.0265072082804,174.61346888444763,178.82342529296875,1881312,0.0,0.0,0.0,0.02218032104985279,0.015480711156082228,579532.2,168.03911666870118,0,22,11,2022,1,ENGRO.KA
2022-11-23 00:00:00+05:00,178.82342031837132,180.45108229335304,178.08168767229094,179.97720336914062,394475,0.0,0.0,0.0,0.0064520522089408505,0.015000901882517828,573197.1,168.96197204589845,0,23,11,2022,2,ENGRO.KA
2022-11-24 00:00:00+05:00,179.59263285360257,182.69001154577867,179.2561179921725,181.5018768310547,578765,0.0,0.0,0.0,0.00847148101744244,0.014983487188681414,581685.0,169.9488739013672,0,24,11,2022,3,ENGRO.KA
2022-11-25 00:00:00+05:00,182.68311287045645,185.35469176176562,182.68311287045645,184.2626953125,598200,0.0,0.0,0.0,0.015210963818380385,0.014936258655059752,588381.35,171.10540847778321,0,25,11,2022,4,ENGRO.KA
2022-11-28 00:00:00+05:00,181.65294157556798,182.1336949840596,177.25756268194957,180.2519073486328,899671,0.0,0.0,0.0,-0.021766684553621074,0.01623556287276103,623324.7,172.04148712158204,0,28,11,2022,0,ENGRO.KA
2022-11-29 00:00:00+05:00,179.3179108268704,184.73658351063105,176.852377973028,178.8509063720703,1044968,0.0,0.0,0.0,-0.007772461313559131,0.016274988067961762,668916.55,172.7718765258789,0,29,11,2022,1,ENGRO.KA
2022-11-30 00:00:00+05:00,179.558281758562,181.6460737099404,177.71084556137885,180.61590576171875,457489,0.0,0.0,0.0,0.009868551551964977,0.016284405588841647,679224.6,173.59051589965821,0,30,11,2022,2,ENGRO.KA
2022-12-01 00:00:00+05:00,181.28896869718548,183.98800387499037,180.61591804672616,181.35765075683594,871515,0.0,0.0,0.0,0.004106753455566325,0.016282309963874468,718320.7,174.41739730834962,0,1,12,2022,3,ENGRO.KA
2022-12-02 00:00:00+05:00,182.64878572233653,184.12535559065302,180.00468379507922,182.50454711914062,1213353,0.0,0.0,0.0,0.0063239480524726055,0.016225363193765118,762287.35,175.3095230102539,0,2,12,2022,4,ENGRO.KA
2022-12-05 00:00:00+05:00,183.1638877963111,183.54160769803522,178.69982624331865,179.78492736816406,574394,0.0,0.0,0.0,-0.014901654747271453,0.0168256025069374,787293.9,176.00351333618164,0,5,12,2022,0,ENGRO.KA
2022-12-06 00:00:00+05:00,179.31791176188955,181.2340300858197,178.90584037540268,179.4964599609375,1228932,0.0,0.0,0.0,-0.0016045138569144024,0.01680984805129125,804293.85,176.59860610961914,0,6,12,2022,1,ENGRO.KA
2022-12-07 00:00:00+05:00,180.62277216268,181.96199881889694,179.2835455064631,179.70936584472656,449706,0.0,0.0,0.0,0.0011861285945995448,0.01679868711076957,826779.15,177.2043441772461,0,7,12,2022,2,ENGRO.KA
2022-12-08 00:00:00+05:00,181.48125988748436,181.48125988748436,178.66546320550748,180.57470703125,959715,0.0,0.0,0.0,0.0048152258645834944,0.016800790000893243,845149.15,177.82210159301758,0,8,12,2022,3,ENGRO.KA
2022-12-09 00:00:00+05:00,182.2298346530931,182.2298346530931,179.34537705386848,179.94287109375,256008,0.0,0.0,0.0,-0.00349902789758183,0.016861841993047518,831171.25,178.40620651245118,0,9,12,2022,4,ENGRO.KA
2022-12-12 00:00:00+05:00,179.59259674966287,180.27937532231934,178.8028055828717,178.98135375976562,159279,0.0,0.0,0.0,-0.005343458888590447,0.016582863484012247,827524.85,179.04662628173827,0,12,12,2022,0,ENGRO.KA
2022-12-13 00:00:00+05:00,179.24922050944403,185.43022811321796,178.90583119812325,184.8808135986328,1872357,0.0,0.0,0.0,0.03296130973948053,0.01777354593922944,903137.3,179.89411087036132,0,13,12,2022,1,ENGRO.KA
2022-12-14 00:00:00+05:00,184.88083824569873,186.11703154772636,182.89603770143069,184.7572021484375,1070289,0.0,0.0,0.0,-0.000668600747634418,0.012467357604084678,810752.65,180.24127731323242,0,14,12,2022,2,ENGRO.KA
2022-12-15 00:00:00+05:00,193.6715854461856,198.60952577309726,189.55091341541566,190.04539489746094,3458218,0.0,0.0,0.0,0.028622390291312083,0.01367418314263151,929293.55,180.89955444335936,0,15,12,2022,3,ENGRO.KA
2022-12-16 00:00:00+05:00,190.272032052509,192.9848163238647,188.58943679864444,189.3242950439453,918629,0.0,0.0,0.0,-0.0037943558374813335,0.013741181428472362,952596.65,181.52933197021486,0,16,12,2022,4,ENGRO.KA
2022-12-19 00:00:00+05:00,189.55776013727808,189.55776013727808,186.8037713600379,187.160888671875,258067,0.0,0.0,0.0,-0.011426987601185323,0.013813316604652431,957267.1,182.14021987915038,0,19,12,2022,0,ENGRO.KA
2022-12-20 00:00:00+05:00,187.49055448885505,187.66224913582286,181.30954719801366,181.97572326660156,771142,0.0,0.0,0.0,-0.02770432135724632,0.014730547515543464,901758.6,182.29783477783204,0,20,12,2022,1,ENGRO.KA
2022-12-21 00:00:00+05:00,181.92764530343072,184.0566631359462,178.35640919100996,178.63796997070312,492699,0.0,0.0,0.0,-0.018341750404852086,0.01527861383197844,906669.8,182.23087310791016,0,21,12,2022,2,ENGRO.KA
2022-12-22 00:00:00+05:00,179.93599098310528,181.996326757721,178.6379693848641,180.5403594970703,237219,0.0,0.0,0.0,0.010649413037324473,0.015351729823505848,889592.5,182.18279724121095,0,22,12,2022,3,ENGRO.KA
2022-12-23 00:00:00+05:00,179.93601093023568,180.62278959790834,176.84550692570872,178.00616455078125,378583,0.0,0.0,0.0,-0.014036722610659136,0.015203385383274417,878611.65,181.869970703125,0,23,12,2022,4,ENGRO.KA
2022-12-26 00:00:00+05:00,177.87564510739895,182.27102365187991,177.87564510739895,181.78341674804688,327545,0.0,0.0,0.0,0.02121978307210859,0.015243248737137727,850005.35,181.9465461730957,0,26,12,2022,0,ENGRO.KA
2022-12-27 00:00:00+05:00,182.30538410447417,182.30538410447417,178.73412707242917,179.4277801513672,164502,0.0,0.0,0.0,-0.012958479045118931,0.015434872353893597,805982.05,181.97538986206055,0,27,12,2022,1,ENGRO.KA
2022-12-28 00:00:00+05:00,180.62278500962415,180.62278500962415,174.09838783247042,175.93894958496094,567995,0.0,0.0,0.0,-0.019444205147402638,0.015861641990809538,811507.35,181.74154205322264,0,28,12,2022,2,ENGRO.KA
2022-12-29 00:00:00+05:00,176.50898851341327,179.92227926102552,175.93895049384054,179.10501098632812,342240,0.0,0.0,0.0,0.017995227371971456,0.01640068877420355,785043.6,181.62891006469727,0,29,12,2022,3,ENGRO.KA
2022-12-30 00:00:00+05:00,177.88253525480957,181.3095538267581,177.88253525480957,179.94287109375,296703,0.0,0.0,0.0,0.004678038335207857,0.01636875672601127,739211.1,181.50082626342774,0,30,12,2022,4,ENGRO.KA
2023-01-02 00:00:00+05:00,180.61591262346963,188.85725652233845,180.61591262346963,185.4783172607422,991032,0.0,0.0,0.0,0.030762242112432503,0.017417079957186398,760043.0,181.78549575805664,0,2,1,2023,0,ENGRO.KA
2023-01-03 00:00:00+05:00,186.46042392992467,186.8038132925949,180.6983403640833,184.99070739746094,741967,0.0,0.0,0.0,-0.00262893189070601,0.017428822281459404,735694.75,182.06020812988282,0,3,1,2023,1,ENGRO.KA
2023-01-04 00:00:00+05:00,186.117021664534,188.85726188184933,184.7434643090762,185.6431427001953,572134,0.0,0.0,0.0,0.0035268544669790902,0.01743338673304336,741816.15,182.35689697265624,0,4,1,2023,2,ENGRO.KA
2023-01-05 00:00:00+05:00,187.14031728428225,191.95464257592553,187.14031728428225,190.58108520507812,948010,0.0,0.0,0.0,0.026599110708103835,0.018293019340055658,741230.9,182.85721588134766,0,5,1,2023,3,ENGRO.KA
2023-01-06 00:00:00+05:00,191.88595547074564,197.77852817369984,190.22396283265616,195.51214599609375,1293271,0.0,0.0,0.0,0.025873820509047185,0.018923964815958937,793094.05,183.63567962646485,0,6,1,2023,4,ENGRO.KA
2023-01-09 00:00:00+05:00,195.04513931540612,195.73191797496742,191.76921265447447,192.4628448486328,555598,0.0,0.0,0.0,-0.015596479348765735,0.019334158293172875,812910.0,184.30975418090821,0,9,1,2023,0,ENGRO.KA
2023-01-10 00:00:00+05:00,193.6715780802628,196.96810719597295,193.6715780802628,194.38583374023438,924757,0.0,0.0,0.0,0.009991481177127781,0.01815810057659905,765530.0,184.78500518798828,0,10,1,2023,1,ENGRO.KA
2023-01-11 00:00:00+05:00,195.5258837833805,195.731908988261,191.7486013292211,193.39686584472656,361431,0.0,0.0,0.0,-0.005087654159147248,0.018227564162519885,730087.1,185.21698837280275,0,11,1,2023,2,ENGRO.KA
2023-01-12 00:00:00+05:00,193.67846723549098,195.04515013702226,191.6112566486944,191.94091796875,542972,0.0,0.0,0.0,-0.007528290955580941,0.01726191346838903,584324.8,185.3117645263672,0,12,1,2023,3,ENGRO.KA
2023-01-13 00:00:00+05:00,191.6043565172872,192.17439449701635,189.55776968573363,191.0412139892578,165391,0.0,0.0,0.0,-0.004687400628346827,0.017275130622028505,546662.9,185.39761047363282,0,13,1,2023,4,ENGRO.KA
2023-01-16 00:00:00+05:00,190.92448477573114,191.26787413683857,187.49059116465685,188.21170043945312,357099,0.0,0.0,0.0,-0.014811011146337205,0.017415059607375456,551614.5,185.4501510620117,0,16,1,2023,0,ENGRO.KA
2023-01-17 00:00:00+05:00,187.66226625182122,189.5440330473955,178.9470435001453,181.85897827148438,1511737,0.0,0.0,0.0,-0.03375306717454796,0.0179728394538754,588644.25,185.44431381225587,0,17,1,2023,1,ENGRO.KA
2023-01-18 00:00:00+05:00,183.71327426920726,186.04831730179964,182.33971707840945,185.12803649902344,523941,0.0,0.0,0.0,0.01797578683554968,0.017843473084915448,590206.35,185.76881713867186,0,18,1,2023,2,ENGRO.KA
2023-01-19 00:00:00+05:00,186.46042611827107,186.46042611827107,183.0265324512679,183.60342407226562,450886,0.0,0.0,0.0,-0.008235448587852634,0.017857831626170113,600889.7,185.92197036743164,0,19,1,2023,3,ENGRO.KA
2023-01-20 00:00:00+05:00,182.8204669253962,184.40004928058494,180.62276707930667,182.60069274902344,267729,0.0,0.0,0.0,-0.005461397728876327,0.01757874811465534,595347.0,186.15169677734374,0,20,1,2023,4,ENGRO.KA
2023-01-23 00:00:00+05:00,182.99217873034866,182.99217873034866,180.1077000317268,181.467529296875,270369,0.0,0.0,0.0,-0.006205690871643688,0.017013662403183347,592488.2,186.13590240478516,0,23,1,2023,0,ENGRO.KA
2023-01-24 00:00:00+05:00,181.99632866109263,188.17733604958258,181.98945416828317,187.57296752929688,1494429,0.0,0.0,0.0,0.03364479725975422,0.018282296689717415,658984.55,186.54316177368165,0,24,1,2023,1,ENGRO.KA
2023-01-25 00:00:00+05:00,188.86412057381793,198.80868254048005,188.86412057381793,196.52169799804688,2632053,0.0,0.0,0.0,0.04770799644864776,0.020135610303365855,762187.45,187.57229919433593,0,25,1,2023,2,ENGRO.KA
2023-01-26 00:00:00+05:00,197.9708404610552,205.69022656418653,196.41871384760384,203.78785705566406,3213854,0.0,0.0,0.0,0.03697382595223364,0.02116456959430082,905768.15,188.80644149780272,0,26,1,2023,3,ENGRO.KA
2023-01-27 00:00:00+05:00,203.76724294919782,203.78784547126614,198.245536487846,198.91171264648438,1226246,0.0,0.0,0.0,-0.023927551325336194,0.022246392842768328,952245.3,189.75488357543946,0,27,1,2023,4,ENGRO.KA
2023-01-30 00:00:00+05:00,198.41033677843373,201.56264809187383,195.31983302500387,195.9310760498047,1378169,0.0,0.0,0.0,-0.014984721397361955,0.021833914362169332,971602.15,190.27752151489258,0,30,1,2023,0,ENGRO.KA
2023-01-31 00:00:00+05:00,196.41869694978774,205.96491614124741,196.41869694978774,204.76992797851562,3039370,0.0,0.0,0.0,0.04511204708774286,0.023718066903198602,1086472.3,191.2664825439453,0,31,1,2023,1,ENGRO.KA
2023-02-01 00:00:00+05:00,206.0335830838513,208.0595883677038,203.2864686427333,204.26170349121094,1517467,0.0,0.0,0.0,-0.002481929316095699,0.023780435959164754,1133738.95,192.1974105834961,0,1,2,2023,2,ENGRO.KA
2023-02-02 00:00:00+05:00,204.6600280719393,210.9440482320486,202.70270481975572,209.9619598388672,3925013,0.0,0.0,0.0,0.027906632766829587,0.023844489713469613,1282589.1,193.16645431518555,0,2,2,2023,3,ENGRO.KA
2023-02-03 00:00:00+05:00,211.5278310456505,212.07724559990268,204.7287263823761,206.1297607421875,1863597,0.0,0.0,0.0,-0.018251873337535307,0.02386465925113415,1311105.4,193.69733505249025,0,3,2,2023,4,ENGRO.KA
2023-02-06 00:00:00+05:00,207.37284723668523,207.75056715707774,203.45820006705546,205.5391387939453,767179,0.0,0.0,0.0,-0.0028652919700464796,0.023512090895881698,1321684.45,194.35114974975585,0,6,2,2023,0,ENGRO.KA
2023-02-07 00:00:00+05:00,206.02670433059913,207.05687222471605,202.25629654495347,203.2589874267578,648750,0.0,0.0,0.0,-0.011093514259945203,0.023680245812860705,1307884.1,194.79480743408203,0,7,2,2023,1,ENGRO.KA
2023-02-08 00:00:00+05:00,203.2589984594216,204.66003273993655,200.6080429949033,203.8015594482422,724298,0.0,0.0,0.0,0.002669363005067149,0.023612904717584142,1326027.45,195.3150421142578,0,8,2,2023,2,ENGRO.KA
2023-02-09 00:00:00+05:00,204.62570350302727,207.92223258072937,204.31664473250862,204.9141387939453,823183,0.0,0.0,0.0,0.005459130679447366,0.023489715268236445,1340038.0,195.96370315551758,0,9,2,2023,3,ENGRO.KA
2023-02-10 00:00:00+05:00,202.61345220557018,204.66006035428953,199.54355046190292,201.9335479736328,1562145,0.0,0.0,0.0,-0.014545559607820335,0.023773047717114595,1409875.7,196.50831985473633,0,10,2,2023,4,ENGRO.KA
2023-02-13 00:00:00+05:00,202.80572959332716,205.69020834428812,202.11209739982408,204.87294006347656,1115107,0.0,0.0,0.0,0.0145562345600323,0.02351790577513111,1447776.1,197.3413818359375,0,13,2,2023,0,ENGRO.KA
2023-02-14 00:00:00+05:00,206.03357712541035,207.33845225544076,203.2864627637382,204.45399475097656,1295046,0.0,0.0,0.0,-0.0020449031110219007,0.021809438737787297,1436941.55,198.47113265991212,0,14,2,2023,1,ENGRO.KA
2023-02-15 00:00:00+05:00,203.29337983668592,205.85505110184823,202.53104454306316,204.8798370361328,719230,0.0,0.0,0.0,0.0020828269248294173,0.021642682584142384,1446706.0,199.45872268676757,0,15,2,2023,2,ENGRO.KA
2023-02-16 00:00:00+05:00,202.53099926615602,206.7203528003861,201.77553863558683,206.04730224609375,4766028,0.0,0.0,0.0,0.005698292359316071,0.02140699643080585,1662463.1,200.58091659545897,0,16,2,2023,3,ENGRO.KA
2023-02-17 00:00:00+05:00,206.0267128865116,209.31638836680858,206.0335873795801,206.77529907226562,2956097,0.0,0.0,0.0,0.003533153883773732,0.02124748053282063,1796881.5,201.7896469116211,0,17,2,2023,4,ENGRO.KA
2023-02-20 00:00:00+05:00,207.05688528123764,207.3384670384438,205.8618971555311,206.04046630859375,2095992,0.0,0.0,0.0,-0.0035537743965010637,0.021172506444867886,1888162.65,203.01829376220704,0,20,2,2023,0,ENGRO.KA
2023-02-21 00:00:00+05:00,207.0637741984125,207.0637741984125,205.35370197404472,205.99240112304688,711588,0.0,0.0,0.0,-0.00023328031822100748,0.0202273142104611,1849020.6,203.93926544189452,0,21,2,2023,1,ENGRO.KA
2023-02-22 00:00:00+05:00,205.99240179717793,206.0336068418405,204.38534217887025,205.63528442382812,374890,0.0,0.0,0.0,-0.0017336401598884166,0.017564315997116567,1736162.45,204.3949447631836,0,22,2,2023,2,ENGRO.KA
2023-02-23 00:00:00+05:00,204.98969257907356,205.51163008473367,203.97325266372206,205.08583068847656,751082,0.0,0.0,0.0,-0.00267198178994954,0.015584197296965986,1613023.85,204.45984344482423,0,23,2,2023,3,ENGRO.KA
2023-02-24 00:00:00+05:00,205.6902063427163,205.6902063427163,203.9732597121427,205.34681701660156,1365940,0.0,0.0,0.0,0.001272571231512476,0.014491502898762342,1620008.55,204.78159866333007,0,24,2,2023,4,ENGRO.KA
2023-02-27 00:00:00+05:00,204.32352103876676,205.1682453570574,204.31664654550556,205.0102996826172,338880,0.0,0.0,0.0,-0.00163877550610958,0.013981488551363773,1568044.1,205.2355598449707,0,27,2,2023,0,ENGRO.KA
2023-02-28 00:00:00+05:00,204.11065283895567,206.72040370485607,204.11065283895567,206.12290954589844,1515599,0.0,0.0,0.0,0.005427092516833154,0.009779104589924481,1491855.55,205.30320892333984,0,28,2,2023,1,ENGRO.KA
2023-03-01 00:00:00+05:00,206.03362611669442,206.3701409991946,204.0488254582013,205.6009521484375,2570020,0.0,0.0,0.0,-0.002532262903773508,0.00977988484593964,1544483.2,205.37017135620118,0,1,3,2023,2,ENGRO.KA
2023-03-02 00:00:00+05:00,206.33579031722732,209.3988173915634,205.69021667499734,209.11038208007812,3611311,0.0,0.0,0.0,0.017069132681384325,0.008373023567674272,1528798.1,205.3275924682617,0,2,3,2023,3,ENGRO.KA
2023-03-03 00:00:00+05:00,209.1103426928441,210.1405105288974,206.3769564893415,207.01565551757812,948551,0.0,0.0,0.0,-0.010017324542488937,0.007604243260857159,1483045.8,205.37188720703125,0,3,3,2023,4,ENGRO.KA
2023-03-06 00:00:00+05:00,207.01567880455625,207.33161206683408,205.35368624570603,206.09539794921875,338169,0.0,0.0,0.0,-0.004445352531713409,0.007646315176972939,1461595.3,205.39970016479492,0,6,3,2023,0,ENGRO.KA
2023-03-07 00:00:00+05:00,206.03358368336686,206.64482670852775,205.55283027124435,205.98550415039062,1733572,0.0,0.0,0.0,-0.0005332181112321921,0.007178399282483811,1515836.4,205.53602600097656,0,7,3,2023,1,ENGRO.KA
2023-03-08 00:00:00+05:00,206.3769676959081,206.3769676959081,205.34679980391522,205.8206787109375,1109791,0.0,0.0,0.0,-0.0008001797997047033,0.00716998836598808,1535111.05,205.63698196411133,0,8,3,2023,2,ENGRO.KA
2023-03-09 00:00:00+05:00,206.03361120264768,206.03361120264768,205.3811630503102,205.7520294189453,476593,0.0,0.0,0.0,-0.00033353933347290976,0.0070762452131183035,1517781.55,205.67887649536132,0,9,3,2023,3,ENGRO.KA
2023-03-10 00:00:00+05:00,205.75888588935567,205.9923881132063,205.003425189356,205.0102996826172,1255969,0.0,0.0,0.0,-0.003604969236137401,0.00624855921873022,1502472.75,205.83271408081055,0,10,3,2023,4,ENGRO.KA
2023-03-13 00:00:00+05:00,205.01028168371653,205.607775697998,204.24794655738495,204.8660430908203,8030821,0.0,0.0,0.0,-0.0007036553383913402,0.005343270188540078,1848258.45,205.83236923217774,0,13,3,2023,0,ENGRO.KA
2023-03-14 00:00:00+05:00,205.33992882941286,205.33992882941286,204.31663541265584,204.72183227539062,5990723,0.0,0.0,0.0,-0.0007039273725112372,0.005324484104177329,2083042.3,205.84576110839845,0,14,3,2023,1,ENGRO.KA
2023-03-15 00:00:00+05:00,205.00343432684008,205.00343432684008,202.26319412256058,202.59283447265625,3624039,0.0,0.0,0.0,-0.010399466334740759,0.005788561911083354,2228282.75,205.7314109802246,0,15,3,2023,2,ENGRO.KA
2023-03-16 00:00:00+05:00,203.93890732182936,203.93890732182936,200.88960875579548,201.3566131591797,426059,0.0,0.0,0.0,-0.006101999198019126,0.005719655416011207,2011284.3,205.49687652587892,0,16,3,2023,3,ENGRO.KA
2023-03-17 00:00:00+05:00,202.53102106099684,202.53102106099684,199.8663165275898,200.6423797607422,1037787,0.0,0.0,0.0,-0.0035471067338268547,0.005633971097714104,1915368.8,205.19023056030272,0,17,3,2023,4,ENGRO.KA
2023-03-20 00:00:00+05:00,201.22615668640282,201.22615668640282,195.7250526585623,197.00247192382812,2458246,0.0,0.0,0.0,-0.018141271257121727,0.006749182466444837,1933481.5,204.73833084106445,0,20,3,2023,0,ENGRO.KA
2023-03-21 00:00:00+05:00,197.79500008838883,198.13959068087732,195.72745653345794,197.4986572265625,294796,1.0,0.0,0.0,0.0025186755165500507,0.006819475805456883,1912641.9,204.31364364624022,0,21,3,2023,1,ENGRO.KA
2023-03-22 00:00:00+05:00,197.44354537360297,199.03555250585913,195.00385869662134,195.71371459960938,188312,0.0,0.0,0.0,-0.00903774563340709,0.006993256273740671,1903313.0,203.81756515502929,0,22,3,2023,2,ENGRO.KA
2023-03-23 00:00:00+05:00,195.7137145996094,195.7137145996094,195.7137145996094,195.71371459960938,0,0.0,0.0,0.0,0.0,0.00701420860195491,1865758.9,203.34895935058594,0,23,3,2023,3,ENGRO.KA
2023-03-24 00:00:00+05:00,195.7137198628544,195.9480389890394,192.28158929948498,195.74127197265625,284841,0.0,0.0,0.0,0.00014080450674214262,0.006988279173899526,1811703.95,202.86868209838866,0,24,3,2023,4,ENGRO.KA
2023-03-27 00:00:00+05:00,195.89978543696762,196.38222076207117,193.65994620154055,194.5489959716797,51501,0.0,0.0,0.0,-0.006091081298087775,0.007034546762283629,1797335.0,202.3456169128418,0,27,3,2023,0,ENGRO.KA
2023-03-28 00:00:00+05:00,195.0313785487661,195.72745828209665,193.90113233201933,194.4524688720703,144428,0.0,0.0,0.0,-0.0004961583025769878,0.006799946287862085,1728776.45,201.7620948791504,0,28,3,2023,1,ENGRO.KA
2023-03-29 00:00:00+05:00,194.34912517950235,195.58276558648603,192.39875136890106,192.9776611328125,107502,0.0,0.0,0.0,-0.007584412518969241,0.006879409880376772,1605650.55,201.13093032836915,0,29,3,2023,2,ENGRO.KA
2023-03-30 00:00:00+05:00,192.98451126455183,194.68678966288775,192.30222860962246,192.96383666992188,5429492,0.0,0.0,0.0,-7.163763313056126e-05,0.005054924112797534,1696559.6,200.32360305786133,0,30,3,2023,3,ENGRO.KA
2023-03-31 00:00:00+05:00,194.34221536354565,194.34221536354565,189.86943574896463,190.7515869140625,2024645,0.0,0.0,0.0,-0.011464582141593627,0.005155001058892003,1750364.3,199.51039962768556,0,31,3,2023,4,ENGRO.KA
2023-04-03 00:00:00+05:00,192.9707688645402,192.9707688645402,186.80258766119076,189.3387908935547,246609,0.0,0.0,0.0,-0.007406470600657689,0.005208591962148829,1745786.3,198.67256927490234,0,3,4,2023,0,ENGRO.KA
2023-04-04 00:00:00+05:00,191.58551600730001,191.59241455105968,186.0789637726119,187.56069946289062,257312,0.0,0.0,0.0,-0.009391057280299764,0.005255159337100048,1671973.3,197.75132904052734,0,4,4,2023,1,ENGRO.KA
2023-04-05 00:00:00+05:00,188.14648842356743,188.2154107576238,186.16854152579597,186.7750244140625,63513,0.0,0.0,0.0,-0.00418891084901063,0.005178193795568528,1619659.4,196.7990463256836,0,5,4,2023,2,ENGRO.KA
2023-04-06 00:00:00+05:00,188.28430868460137,192.2815511559915,187.11269225394872,191.7577667236328,269441,0.0,0.0,0.0,0.026677776245522145,0.008722398164576694,1609301.8,196.09933319091797,0,6,4,2023,3,ENGRO.KA
2023-04-07 00:00:00+05:00,192.28155139227397,192.41939604268745,188.1464642655584,188.79429626464844,110822,0.0,0.0,0.0,-0.015454239531561775,0.009124502071447044,1552044.45,195.28853302001954,0,7,4,2023,4,ENGRO.KA
2023-04-10 00:00:00+05:00,190.21400732052044,190.21400732052044,188.31875905917468,188.82186889648438,57081,0.0,0.0,0.0,0.00014604589429589865,0.009142972101647977,1153357.45,194.48632431030273,0,10,4,2023,0,ENGRO.KA
2023-04-11 00:00:00+05:00,189.52484509032882,190.21402634520274,187.45730132570705,187.7398681640625,46844,0.0,0.0,0.0,-0.0057302723394557775,0.009115779910509306,856163.5,193.63722610473633,0,11,4,2023,1,ENGRO.KA
2023-04-12 00:00:00+05:00,190.04170308797717,190.04170308797717,187.11268318544262,187.3883514404297,106528,0.0,0.0,0.0,-0.0018723605543689015,0.009013394747744596,680287.95,192.877001953125,0,12,4,2023,2,ENGRO.KA
2023-04-13 00:00:00+05:00,188.14647733754987,188.84255711586073,186.49244657837346,186.8577117919922,88447,0.0,0.0,0.0,-0.002831764324508712,0.009000135641840436,663407.35,192.1520568847656,0,13,4,2023,3,ENGRO.KA
2023-04-14 00:00:00+05:00,186.8577117919922,186.8577117919922,186.8577117919922,186.8577117919922,0,0.0,0.0,0.0,0.0,0.009037996149430846,611518.0,191.46282348632812,0,14,4,2023,4,ENGRO.KA
2023-04-17 00:00:00+05:00,188.1464687127611,192.28155593721738,186.69918397777315,190.0692901611328,1820787,0.0,0.0,0.0,0.017187293681064197,0.009470726386728317,579645.05,191.11616439819335,0,17,4,2023,0,ENGRO.KA
2023-04-18 00:00:00+05:00,191.69578078778378,198.139630364322,188.16027723561808,196.52005004882812,1005904,0.0,0.0,0.0,0.03393899078713147,0.012376043014887728,615200.45,191.06723403930664,0,18,4,2023,1,ENGRO.KA
2023-04-19 00:00:00+05:00,197.79500219137188,202.54347070177704,196.7543318607071,201.69577026367188,4278855,0.0,0.0,0.0,0.026336855774043322,0.01351807725518145,819727.6,191.36633682250977,0,19,4,2023,2,ENGRO.KA
2023-04-20 00:00:00+05:00,206.75438873172797,216.81643985643422,205.44494847618918,213.37741088867188,5244073,0.0,0.0,0.0,0.05791713237084184,0.018459441014954957,1081931.25,192.2495216369629,0,20,4,2023,3,ENGRO.KA
2023-04-21 00:00:00+05:00,213.37741088867185,213.37741088867185,213.37741088867185,213.37741088867188,0,0.0,0.0,0.0,0.0,0.018461213053373327,1067689.2,193.13132858276367,0,21,4,2023,4,ENGRO.KA
2023-04-24 00:00:00+05:00,213.37741088867185,213.37741088867185,213.37741088867185,213.37741088867188,0,0.0,0.0,0.0,0.0,0.01832738252799079,1065114.15,194.07274932861327,0,24,4,2023,0,ENGRO.KA
2023-04-25 00:00:00+05:00,213.37741088867185,213.37741088867185,213.37741088867185,213.37741088867188,0,0.0,0.0,0.0,0.0,0.018320191237815996,1057892.75,195.01899642944335,0,25,4,2023,1,ENGRO.KA
2023-04-26 00:00:00+05:00,217.02318983790676,217.64344880912125,209.8626069793832,210.47596740722656,1359710,0.0,0.0,0.0,-0.013597706848918145,0.018581793580164173,1120503.15,195.89391174316407,0,26,4,2023,2,ENGRO.KA
2023-04-27 00:00:00+05:00,210.8894628768854,212.61241600496453,209.18028580225953,211.21337890625,748301,0.0,0.0,0.0,0.0035035425094243067,0.01855257424690773,886443.6,196.80638885498047,0,27,4,2023,3,ENGRO.KA
2023-04-28 00:00:00+05:00,243.33888976106562,246.10517754253067,241.8407983402743,243.60044860839844,1526632,40.0,0.0,0.0,0.1533381543814225,0.03770910702765319,861542.95,199.44883193969727,0,28,4,2023,4,ENGRO.KA
2023-05-01 00:00:00+05:00,243.60044860839844,243.60044860839844,243.60044860839844,243.60044860839844,0,0.0,0.0,0.0,0.0,0.03753485984450024,849212.5,202.16191482543945,0,1,5,2023,0,ENGRO.KA
2023-05-02 00:00:00+05:00,247.40029162702535,252.41208390676252,243.60042960820365,247.42762756347656,820629,40.0,0.0,0.0,0.015710886317908734,0.0371539633010212,877378.35,205.15526123046874,0,2,5,2023,1,ENGRO.KA
2023-05-03 00:00:00+05:00,248.7671426406823,248.7671426406823,246.03343777649897,247.94703674316406,376823,0.0,0.0,0.0,0.0020992367942187506,0.03701334700572031,893043.85,208.21386184692383,0,3,5,2023,2,ENGRO.KA
2023-05-04 00:00:00+05:00,247.85590383535316,249.45056498135267,243.29060788431298,243.40907287597656,499718,0.0,0.0,0.0,-0.018302150034921194,0.037619592232957196,904557.7,210.79642715454102,0,4,5,2023,3,ENGRO.KA
2023-05-05 00:00:00+05:00,243.52752546869874,246.94465632186103,241.5319188257574,246.10630798339844,355874,0.0,0.0,0.0,0.011081078759936691,0.037040850387263444,916810.3,213.66202774047852,0,5,5,2023,4,ENGRO.KA
2023-05-08 00:00:00+05:00,246.85354695307868,246.85354695307868,243.02637677759444,243.4273223876953,245591,0.0,0.0,0.0,-0.010885481228233407,0.03733810796596931,926235.8,216.39230041503907,0,8,5,2023,0,ENGRO.KA
2023-05-09 00:00:00+05:00,243.75535020177273,243.75535020177273,238.74355795463347,239.78237915039062,267716,0.0,0.0,0.0,-0.014973435198451401,0.037643246424745196,937279.4,218.99442596435546,0,9,5,2023,1,ENGRO.KA
2023-05-10 00:00:00+05:00,238.30615935850957,241.24033707444454,237.83232718520566,238.32440185546875,100092,0.0,0.0,0.0,-0.006080418836812984,0.037741982725078095,936957.6,221.5412284851074,0,10,5,2023,2,ENGRO.KA
2023-05-11 00:00:00+05:00,239.6456576800799,241.46812748181273,238.32438375903297,240.584228515625,165501,0.0,0.0,0.0,0.009482145523338925,0.03757496413595607,940810.3,224.22755432128906,0,11,5,2023,3,ENGRO.KA
2023-05-12 00:00:00+05:00,241.45903722406192,244.2109566498109,240.5660169983212,241.3770294189453,296761,0.0,0.0,0.0,0.003295315358832207,0.03752058540896827,955648.35,226.95352020263672,0,12,5,2023,4,ENGRO.KA
2023-05-15 00:00:00+05:00,242.26089321223193,247.40027131252683,239.6638960365597,246.3614501953125,586473,0.0,0.0,0.0,0.02064993834900508,0.03754646274993913,893932.65,229.76812820434571,0,15,5,2023,0,ENGRO.KA
2023-05-16 00:00:00+05:00,247.40030261709484,251.04524261882,246.9446851168792,248.8856201171875,832473,0.0,0.0,0.0,0.01024579908859069,0.03724604926882692,885261.1,232.38640670776368,0,16,5,2023,1,ENGRO.KA
2023-05-17 00:00:00+05:00,249.40501865119444,253.70604875707795,249.22276053646934,249.57815551757812,743418,0.0,0.0,0.0,0.002782544849575963,0.037157491092366456,708489.25,234.780525970459,0,17,5,2023,2,ENGRO.KA
2023-05-18 00:00:00+05:00,251.13635418393437,251.13635418393437,244.21096310141138,244.72125244140625,199082,0.0,0.0,0.0,-0.019460449437570304,0.03606182571228268,456239.7,236.34771804809571,0,18,5,2023,3,ENGRO.KA
2023-05-19 00:00:00+05:00,245.94230860773618,246.84445012241255,244.2109677562755,246.47084045410156,152754,0.0,0.0,0.0,0.007149309654314706,0.036019557436645415,463877.4,238.00238952636718,0,19,5,2023,4,ENGRO.KA
2023-05-22 00:00:00+05:00,246.84445655027716,248.7671490057796,246.03344407165014,247.7556915283203,325714,0.0,0.0,0.0,0.00521299425056343,0.035978967323041386,480163.1,239.7213035583496,0,22,5,2023,0,ENGRO.KA
2023-05-23 00:00:00+05:00,247.66455520480923,251.50084656342125,246.5801833880476,249.15896606445312,682835,0.0,0.0,0.0,0.00566394470083198,0.03593442866937261,514304.85,241.51038131713867,0,23,5,2023,1,ENGRO.KA
2023-05-24 00:00:00+05:00,249.67838767640367,249.76951673729266,247.85591769336423,248.3024139404297,160692,0.0,0.0,0.0,-0.003437773633246932,0.0356787971665196,454353.95,243.40170364379884,0,24,5,2023,2,ENGRO.KA
2023-05-25 00:00:00+05:00,248.76716051411734,249.67839553431557,247.17249922877042,249.06785583496094,552665,0.0,0.0,0.0,0.00308270017348633,0.035682242543628305,444572.15,245.29442749023437,0,25,5,2023,3,ENGRO.KA
2023-05-26 00:00:00+05:00,248.88561705121066,255.21868354098103,248.88561705121066,252.72190856933594,1976285,0.0,0.0,0.0,0.014670912559653138,0.011196943004933969,467054.8,245.75050048828126,0,26,5,2023,4,ENGRO.KA
2023-05-29 00:00:00+05:00,254.2345779236657,260.6132232479154,252.7948387863001,255.8839111328125,658136,0.0,0.0,0.0,0.012511786498355937,0.011432290454695404,499961.6,246.36467361450195,0,29,5,2023,0,ENGRO.KA
2023-05-30 00:00:00+05:00,255.15489818617573,258.47177882585754,255.15489818617573,257.1231689453125,330322,0.0,0.0,0.0,0.0048430470169607,0.01102353241432321,475446.25,246.84945068359374,0,30,5,2023,1,ENGRO.KA
2023-05-31 00:00:00+05:00,256.96825391003415,259.2463412673926,256.5126364385624,257.7792663574219,527696,0.0,0.0,0.0,0.002551685306309004,0.011024250869550153,482989.9,247.34106216430663,0,31,5,2023,2,ENGRO.KA
2023-06-01 00:00:00+05:00,258.77252127656374,258.77252127656374,256.05703100777464,256.2483825683594,50143,0.0,0.0,0.0,-0.005938739025425965,0.010136563300682976,460511.15,247.98302764892577,0,1,6,2023,3,ENGRO.KA
2023-06-02 00:00:00+05:00,258.1073128468823,258.1073128468823,249.68751037512249,250.09754943847656,580266,0.0,0.0,0.0,-0.024003402746325397,0.011535032763219984,471730.75,248.18258972167968,0,2,6,2023,4,ENGRO.KA
2023-06-05 00:00:00+05:00,248.32971686505488,250.58958935472458,247.1724585907965,248.65777587890625,165913,0.0,0.0,0.0,-0.0057568479291497665,0.011314895953811716,467746.85,248.44411239624023,0,5,6,2023,0,ENGRO.KA
2023-06-06 00:00:00+05:00,248.58488134757314,255.0546550051472,247.9470335726303,253.3050994873047,481397,0.0,0.0,0.0,0.018689637160840933,0.011297967646015648,478430.9,249.12024841308593,0,6,6,2023,1,ENGRO.KA
2023-06-07 00:00:00+05:00,252.00204463391478,254.14345258592473,250.7718995502824,251.36419677734375,209752,0.0,0.0,0.0,-0.007662312025653484,0.011368781775506442,483913.9,249.7722381591797,0,7,6,2023,2,ENGRO.KA
2023-06-08 00:00:00+05:00,251.09079294306932,254.12522106371603,248.31153731857407,248.73069763183594,315136,0.0,0.0,0.0,-0.010476826768772263,0.011618021714931943,491395.65,250.17956161499023,0,8,6,2023,3,ENGRO.KA
2023-06-09 00:00:00+05:00,250.31627000312207,251.3823993989118,246.95381056959613,249.00408935546875,266124,0.0,0.0,0.0,0.0010991474966128845,0.011612832422784889,489863.8,250.5609146118164,0,9,6,2023,4,ENGRO.KA
2023-06-12 00:00:00+05:00,247.94707801303142,250.58965425985215,247.03584290663196,247.67369079589844,149442,0.0,0.0,0.0,-0.0053428783559899,0.010796943749470708,468012.25,250.62652664184571,0,12,6,2023,0,ENGRO.KA
2023-06-13 00:00:00+05:00,248.99493926688777,249.22274799448786,244.2109559872861,244.90350341796875,215038,0.0,0.0,0.0,-0.01118482697547607,0.01082354619587443,437140.5,250.42742080688475,0,13,6,2023,1,ENGRO.KA
2023-06-14 00:00:00+05:00,243.29971044415606,247.12690802405353,243.29971044415606,246.3979034423828,323172,0.0,0.0,0.0,0.006101995290216822,0.01090571078921836,416128.2,250.268408203125,0,14,6,2023,2,ENGRO.KA
2023-06-15 00:00:00+05:00,246.48906514052612,246.9446826361648,243.93761828842352,244.5116729736328,176753,0.0,0.0,0.0,-0.007655221259587841,0.010121571093141721,415011.75,250.25792922973633,0,15,6,2023,3,ENGRO.KA
2023-06-16 00:00:00+05:00,246.58018828694443,246.58018828694443,242.38850186587294,242.79856872558594,292616,0.0,0.0,0.0,-0.007006226848857322,0.010090644328562926,422004.85,250.07431564331054,0,16,6,2023,4,ENGRO.KA
2023-06-19 00:00:00+05:00,245.0219698725524,245.11307111719177,236.92107812242932,237.65005493164062,710052,0.0,0.0,0.0,-0.02120487703436269,0.01096668148572712,441221.75,249.56903381347655,0,19,6,2023,0,ENGRO.KA
2023-06-20 00:00:00+05:00,237.01221564415735,239.36318957524404,236.92108658757923,237.88699340820312,357803,0.0,0.0,0.0,0.000997005772334747,0.010843476213048021,424970.15,249.00543518066405,0,20,6,2023,1,ENGRO.KA
2023-06-21 00:00:00+05:00,239.65478216754153,239.65478216754153,235.09860760161868,235.48133850097656,152451,0.0,0.0,0.0,-0.010112595366231547,0.010983573969318575,424558.1,248.3643814086914,0,21,6,2023,2,ENGRO.KA
2023-06-22 00:00:00+05:00,236.9119790348199,236.9119790348199,232.41048980907914,233.1394805908203,109143,0.0,0.0,0.0,-0.009944983008267294,0.011015714582661163,402382.0,247.56796264648438,0,22,6,2023,3,ENGRO.KA
2023-06-23 00:00:00+05:00,233.0027806195298,235.18975290488433,231.81817236967223,232.5927276611328,125104,0.0,0.0,0.0,-0.0023451752071417253,0.010185268578356972,309822.95,246.5615036010742,0,23,6,2023,4,ENGRO.KA
2023-06-26 00:00:00+05:00,233.27616279574244,244.21098292679287,233.27616279574244,240.36557006835938,468268,0.0,0.0,0.0,0.03341825208976834,0.012733161772904119,300329.55,245.78558654785155,0,26,6,2023,0,ENGRO.KA
2023-06-27 00:00:00+05:00,241.45902876459826,241.45902876459826,236.00983416540672,236.8208465576172,268626,0.0,0.0,0.0,-0.01474721820489544,0.012847280237796958,297244.75,244.7704704284668,0,27,6,2023,1,ENGRO.KA
2023-06-28 00:00:00+05:00,236.8208465576172,236.8208465576172,236.8208465576172,236.8208465576172,0,0.0,0.0,0.0,0.0,0.012791065206221277,270859.95,243.72254943847656,0,28,6,2023,2,ENGRO.KA
2023-06-29 00:00:00+05:00,236.8208465576172,236.8208465576172,236.8208465576172,236.8208465576172,0,0.0,0.0,0.0,0.0,0.012816355308210495,268352.8,242.75117263793945,0,29,6,2023,3,ENGRO.KA
2023-06-30 00:00:00+05:00,236.8208465576172,236.8208465576172,236.8208465576172,236.8208465576172,0,0.0,0.0,0.0,0.0,0.011923229629288684,239339.5,242.08733749389648,0,30,6,2023,4,ENGRO.KA
2023-07-03 00:00:00+05:00,254.58083604841752,254.58083604841752,245.12221239937904,251.30038452148438,927487,0.0,0.0,0.0,0.061141314940551084,0.0185499495641738,277418.2,242.2194679260254,0,3,7,2023,0,ENGRO.KA
2023-07-04 00:00:00+05:00,251.4917297093419,251.4917297093419,243.29973625264782,244.06517028808594,535836,0.0,0.0,0.0,-0.02879109893594245,0.019153355160062883,280140.15,241.75747146606446,0,4,7,2023,1,ENGRO.KA
2023-07-05 00:00:00+05:00,246.02430414951584,246.48904285182263,240.56601594410787,241.11276245117188,382369,0.0,0.0,0.0,-0.012096801167610916,0.019251597399120975,288771.0,241.24489974975586,0,5,7,2023,2,ENGRO.KA
2023-07-06 00:00:00+05:00,242.2062572452157,250.5896305545138,241.46815910355,249.06785583496094,2355328,0.0,0.0,0.0,0.03299324889697641,0.020637226188309394,390780.6,241.26175765991212,0,6,7,2023,3,ENGRO.KA
2023-07-07 00:00:00+05:00,250.12489962843074,251.39152969434176,246.53463131172077,246.9811553955078,548904,0.0,0.0,0.0,-0.008378039921923208,0.020725703008468214,404919.6,241.16061096191407,0,7,7,2023,4,ENGRO.KA
2023-07-10 00:00:00+05:00,246.9446543951626,249.58723000592056,244.2109497339615,244.99459838867188,436660,0.0,0.0,0.0,-0.0080433545776184,0.020769666928383286,419280.5,241.02665634155272,0,10,7,2023,0,ENGRO.KA
2023-07-11 00:00:00+05:00,245.1222044001093,246.89912369674357,242.84411699862127,243.69155883789062,559167,0.0,0.0,0.0,-0.0053186460409794245,0.020649573258047484,436486.95,240.96605911254883,0,11,7,2023,1,ENGRO.KA
2023-07-12 00:00:00+05:00,245.1313234844235,245.53226908824047,241.83265740557962,243.26327514648438,744300,0.0,0.0,0.0,-0.0017574826696855617,0.020601071098114595,457543.35,240.8093276977539,0,12,7,2023,2,ENGRO.KA
2023-07-13 00:00:00+05:00,245.03107294122296,246.03343694979222,240.5751484880923,241.14923095703125,628557,0.0,0.0,0.0,-0.008690354876543238,0.020621435536191873,480133.55,240.64120559692384,0,13,7,2023,3,ENGRO.KA
2023-07-14 00:00:00+05:00,239.69124973181852,241.5683915095854,237.42225578981186,238.05101013183594,486507,0.0,0.0,0.0,-0.012847732555064106,0.020759428815433273,489828.1,240.40382766723633,0,14,7,2023,4,ENGRO.KA
2023-07-17 00:00:00+05:00,237.83232639282002,238.6433388616383,234.64300400824197,235.06216430664062,482631,0.0,0.0,0.0,-0.01255548474060264,0.020398633632280193,478457.05,240.27443313598633,0,17,7,2023,0,ENGRO.KA
2023-07-18 00:00:00+05:00,235.1077540404639,236.55661437062554,233.09391854864072,233.6224365234375,361372,0.0,0.0,0.0,-0.0061248809966923945,0.02043593741562661,478635.5,240.06120529174805,0,18,7,2023,1,ENGRO.KA
2023-07-19 00:00:00+05:00,235.09862594037313,235.09862594037313,231.22587725724682,231.54481506347656,465528,0.0,0.0,0.0,-0.008893073331818102,0.020408206394774173,494289.35,239.86437911987304,0,19,7,2023,2,ENGRO.KA
2023-07-20 00:00:00+05:00,232.63830381417227,238.0145987846531,231.45369550512783,235.73651123046875,547952,0.0,0.0,0.0,0.018103174393445443,0.020697445686068273,516229.8,239.99423065185547,0,20,7,2023,3,ENGRO.KA
2023-07-21 00:00:00+05:00,235.55423997432845,237.36758866761485,234.18738751799773,234.5883331298828,470248,0.0,0.0,0.0,-0.004870599359398375,0.020725029199501806,533487.0,240.09401092529296,0,21,7,2023,4,ENGRO.KA
2023-07-24 00:00:00+05:00,234.64302027100626,236.00987281627428,233.53131242184085,233.85025024414062,413657,0.0,0.0,0.0,-0.0031462898256476857,0.019239676054465263,530756.45,239.76824493408202,0,24,7,2023,0,ENGRO.KA
2023-07-25 00:00:00+05:00,234.64300961144372,235.82760397338672,233.27615712827026,234.761474609375,388468,0.0,0.0,0.0,0.003896614881887306,0.01899896087323867,536748.55,239.66527633666993,0,25,7,2023,1,ENGRO.KA
2023-07-26 00:00:00+05:00,236.0189822048182,236.0189822048182,233.35816381458727,233.85935974121094,251652,0.0,0.0,0.0,-0.003842687006737844,0.019015520716402095,549331.15,239.5172019958496,0,26,7,2023,2,ENGRO.KA
2023-07-27 00:00:00+05:00,233.85935974121094,233.85935974121094,233.85935974121094,233.85935974121094,0,0.0,0.0,0.0,0.0,0.019015520716402095,549331.15,239.3691276550293,0,27,7,2023,3,ENGRO.KA
2023-07-28 00:00:00+05:00,233.85935974121094,233.85935974121094,233.85935974121094,233.85935974121094,0,0.0,0.0,0.0,0.0,0.019015520716402095,549331.15,239.22105331420897,0,28,7,2023,4,ENGRO.KA
2023-07-31 00:00:00+05:00,232.33756726336279,234.14182240520594,230.99805082669502,231.38076782226562,707439,0.0,0.0,0.0,-0.01059864322594628,0.01239862146439427,538328.75,238.22507247924804,0,31,7,2023,0,ENGRO.KA
2023-08-01 00:00:00+05:00,232.17355670184548,238.2606136579012,231.68149592575458,235.49957275390625,1325336,0.0,0.0,0.0,0.01780098220956927,0.011870831958934057,577803.75,237.79679260253906,0,1,8,2023,1,ENGRO.KA
2023-08-02 00:00:00+05:00,235.09862934350025,245.89676962508412,235.09862934350025,241.19479370117188,1944189,0.0,0.0,0.0,0.02418357231253676,0.012926536348890018,655894.75,237.80089416503907,0,2,8,2023,2,ENGRO.KA
2023-08-03 00:00:00+05:00,242.2973848774215,243.9740539676378,239.29941389225,240.6298370361328,980915,0.0,0.0,0.0,-0.0023423252897366575,0.010351871456642233,587174.1,237.37899322509764,0,3,8,2023,3,ENGRO.KA
2023-08-04 00:00:00+05:00,239.7459174979692,241.0216408480939,236.11007118925963,236.61126708984375,755409,0.0,0.0,0.0,-0.01670021471894878,0.010793490293666252,597499.35,236.86049880981446,0,4,8,2023,4,ENGRO.KA
2023-08-07 00:00:00+05:00,236.82997056108934,238.0145927444139,233.45841775167003,235.98252868652344,528668,0.0,0.0,0.0,-0.0026572631601755603,0.01070388459305552,602099.75,236.40989532470704,0,7,8,2023,0,ENGRO.KA
2023-08-08 00:00:00+05:00,236.92109193771074,242.3885017516579,236.55660351185114,239.7459259033203,909115,0.0,0.0,0.0,0.015947779006115104,0.011373209375465917,619597.15,236.2126136779785,0,8,8,2023,1,ENGRO.KA
2023-08-09 00:00:00+05:00,239.75501233926357,243.75534708444368,238.74355490139905,241.4043731689453,456664,0.0,0.0,0.0,0.006917520117917686,0.01149769618060805,605215.35,236.11966857910156,0,9,8,2023,2,ENGRO.KA
2023-08-10 00:00:00+05:00,241.48639946068116,245.02199575709616,241.02166070572056,241.99668884277344,883914,0.0,0.0,0.0,0.00245362445614683,0.011339697975315175,617983.2,236.16204147338868,0,10,8,2023,3,ENGRO.KA
2023-08-11 00:00:00+05:00,243.7098106385705,248.22040718050366,240.73917565484373,246.990234375,2209686,0.0,0.0,0.0,0.020634768004908155,0.011769819570304724,704142.15,236.60900268554687,0,11,8,2023,4,ENGRO.KA
2023-08-14 00:00:00+05:00,246.990234375,246.990234375,246.990234375,246.990234375,0,0.0,0.0,0.0,0.0,0.011282384941431512,680010.6,237.20540618896484,0,14,8,2023,0,ENGRO.KA
2023-08-15 00:00:00+05:00,248.31154752820152,250.58963512020335,246.9446949730004,248.6031494140625,1077568,0.0,0.0,0.0,0.006530278588317229,0.011124734206879478,715820.4,237.9544418334961,0,15,8,2023,1,ENGRO.KA
2023-08-16 00:00:00+05:00,249.66017176211213,249.66017176211213,243.308862790051,245.18600463867188,610456,0.0,0.0,0.0,-0.013745380070383506,0.0114498401912778,723066.8,238.63650131225586,0,16,8,2023,2,ENGRO.KA
2023-08-17 00:00:00+05:00,229.85901754808077,242.3884981874707,229.85901754808077,234.62478637695312,2861091,0.0,0.0,0.0,-0.043074311183799896,0.014849597714195783,838723.75,238.58091506958007,0,17,8,2023,3,ENGRO.KA
2023-08-18 00:00:00+05:00,235.96431430525863,236.9210999315079,233.27615993256163,233.82290649414062,451113,0.0,0.0,0.0,-0.0034177117225977494,0.014828728415610982,837767.0,238.54264373779296,0,18,8,2023,4,ENGRO.KA
2023-08-21 00:00:00+05:00,233.75910120207266,234.09625368503552,230.26906966622917,231.362548828125,361558,0.0,0.0,0.0,-0.010522312389771304,0.015000310150302626,835162.05,238.4182586669922,0,21,8,2023,0,ENGRO.KA
2023-08-22 00:00:00+05:00,230.53334790057227,231.90930774647126,229.72234930588405,230.50601196289062,160829,0.0,0.0,0.0,-0.0037021413775600864,0.014981261802214221,823780.1,238.20548553466796,0,22,8,2023,1,ENGRO.KA
2023-08-23 00:00:00+05:00,231.4263350948937,231.45367103030586,229.13914043791306,230.44219970703125,209287,0.0,0.0,0.0,-0.00027683553811019834,0.014964438264597172,821661.85,238.03462753295898,0,23,8,2023,2,ENGRO.KA
2023-08-24 00:00:00+05:00,231.45368008421215,236.00985488901946,231.45368008421215,232.5289306640625,884113,0.0,0.0,0.0,0.009055333440160629,0.015120627682075585,865867.5,237.96810607910157,0,24,8,2023,3,ENGRO.KA
2023-08-25 00:00:00+05:00,233.9708799404667,237.39664619231672,232.52893295259452,236.64352416992188,983902,2.0,0.0,0.0,0.017694974531163865,0.015640210502932374,915062.6,238.1073143005371,0,25,8,2023,4,ENGRO.KA
2023-08-28 00:00:00+05:00,236.95578183531683,237.05679604062664,234.67807126722667,236.73536682128906,665925,0.0,0.0,0.0,0.0003881054919603333,0.015413443195011594,912986.9,238.3750442504883,0,28,8,2023,0,ENGRO.KA
2023-08-29 00:00:00+05:00,234.93521507026568,236.95576530491374,231.44516611177622,234.2555694580078,412431,0.0,0.0,0.0,-0.01047497632727279,0.015110035433982302,867341.65,238.31284408569337,0,29,8,2023,1,ENGRO.KA
2023-08-30 00:00:00+05:00,234.20048618000914,237.32315372340406,232.17993576874304,232.6299591064453,958579,0.0,0.0,0.0,-0.006939473649756334,0.014035964397802816,818061.15,237.88460235595704,0,30,8,2023,2,ENGRO.KA
2023-08-31 00:00:00+05:00,232.36361537163566,234.20048189631262,217.22783913226775,226.0723419189453,668519,0.0,0.0,0.0,-0.02818904844710657,0.015235720077344306,802441.35,237.15672760009767,0,31,8,2023,3,ENGRO.KA
2023-09-01 00:00:00+05:00,227.66123500352893,229.50728076261672,225.50291129345345,226.0631561279297,221005,0.0,0.0,0.0,-4.06320867809562e-05,0.0148991871964005,775721.15,236.62932205200195,0,1,9,2023,4,ENGRO.KA
2023-09-04 00:00:00+05:00,226.84385336146195,234.14539553662107,226.84385336146195,232.56568908691406,757480,0.0,0.0,0.0,0.02876423151105878,0.016423842046666012,787161.75,236.45848007202147,0,4,9,2023,0,ENGRO.KA
2023-09-05 00:00:00+05:00,233.23613547377894,233.73209730742317,230.5726844895625,233.36471557617188,181730,0.0,0.0,0.0,0.0034357023703492917,0.01599299881268093,750792.5,236.13941955566406,0,5,9,2023,1,ENGRO.KA
2023-09-06 00:00:00+05:00,233.2820522124643,233.96169788212495,231.21557734050347,233.2728729248047,208044,0.0,0.0,0.0,-0.00039355843123256573,0.01588023634395385,738361.5,235.73284454345702,0,6,9,2023,2,ENGRO.KA
2023-09-07 00:00:00+05:00,232.34523630206468,235.11890860093646,231.5370245833907,234.6505126953125,339404,0.0,0.0,0.0,0.005905700706793748,0.01594513899441812,711136.0,235.36553573608398,0,7,9,2023,3,ENGRO.KA
2023-09-08 00:00:00+05:00,234.8893118082646,238.7926532557138,232.3727995711574,232.93304443359375,630125,0.0,0.0,0.0,-0.007319260639966463,0.015113796832413358,632157.95,234.66267623901368,0,8,9,2023,4,ENGRO.KA
2023-09-11 00:00:00+05:00,232.36363571771926,234.20050240323482,228.5062184809727,228.80010986328125,271621,0.0,0.0,0.0,-0.0177430152959287,0.015456650937019246,645739.0,233.75317001342773,0,11,9,2023,0,ENGRO.KA
2023-09-12 00:00:00+05:00,227.81737405718636,230.5267493845675,227.58776574106628,227.82655334472656,100529,0.0,0.0,0.0,-0.004255052670806947,0.015267814509348035,596887.05,232.71434020996094,0,12,9,2023,1,ENGRO.KA
2023-09-13 00:00:00+05:00,228.36842484261192,228.45109448691468,225.01614904415644,226.9173126220703,62328,0.0,0.0,0.0,-0.0039909339333262794,0.015103185099615668,569480.65,231.80090560913087,0,13,9,2023,2,ENGRO.KA
2023-09-14 00:00:00+05:00,226.58667910522914,227.90921124735559,226.57748580341783,226.86219787597656,58820,0.0,0.0,0.0,-0.00024288471186661997,0.011939755525077821,429367.1,231.41277618408202,0,14,9,2023,3,ENGRO.KA
2023-09-15 00:00:00+05:00,227.6704271338754,229.14910528768172,226.21930085756645,226.92649841308594,369702,0.0,0.0,0.0,0.0002834343390454297,0.011938997214113154,425296.55,231.0679557800293,0,15,9,2023,4,ENGRO.KA
2023-09-18 00:00:00+05:00,226.85303722821698,227.7071735160752,224.83248666302853,225.79684448242188,267197,0.0,0.0,0.0,-0.004978060907667503,0.011780033015055303,420578.5,230.78967056274413,0,18,9,2023,0,ENGRO.KA
2023-09-19 00:00:00+05:00,226.76119058084998,226.94488846387273,225.94378545245002,226.3846435546875,83650,0.0,0.0,0.0,0.002603220933458994,0.01179252961019186,416719.55,230.58360214233397,0,19,9,2023,1,ENGRO.KA
2023-09-20 00:00:00+05:00,226.38462326478876,226.89894365712192,225.2457609573513,225.61312866210938,114337,0.0,0.0,0.0,-0.0034079824517414536,0.01180549770445576,411972.05,230.3421485900879,0,20,9,2023,2,ENGRO.KA
2023-09-21 00:00:00+05:00,227.75308099230745,227.75308099230745,225.47537038045888,226.11827087402344,171185,0.0,0.0,0.0,0.0022389752533886753,0.011596710180419878,376325.65,230.02161560058593,0,21,9,2023,3,ENGRO.KA
2023-09-22 00:00:00+05:00,226.6234197446805,226.7611791358137,220.88321154446064,224.5753173828125,294609,0.0,0.0,0.0,-0.00682365686437858,0.010743943401840686,341861.0,229.41820526123047,0,22,9,2023,4,ENGRO.KA
2023-09-25 00:00:00+05:00,225.03452893593308,225.92541034953993,222.9496814409189,223.19766235351562,196080,0.0,0.0,0.0,-0.006134489957988154,0.010748772526771169,318368.75,228.7413200378418,0,25,9,2023,0,ENGRO.KA
2023-09-26 00:00:00+05:00,224.09772381502881,225.00697782151423,221.34242393205713,221.52610778808594,167518,0.0,0.0,0.0,-0.007489122187947284,0.010658159873582713,306123.1,228.1048469543457,0,26,9,2023,1,ENGRO.KA
2023-09-27 00:00:00+05:00,222.7108905578864,222.7108905578864,219.72598240531704,220.65359497070312,303109,0.0,0.0,0.0,-0.003938645544287134,0.010616909935121077,273349.6,227.5060287475586,0,27,9,2023,2,ENGRO.KA
2023-09-28 00:00:00+05:00,220.65359497070312,220.65359497070312,220.65359497070312,220.65359497070312,0,0.0,0.0,0.0,0.0,0.008745173305295515,239923.65,227.23509140014647,0,28,9,2023,3,ENGRO.KA
2023-09-29 00:00:00+05:00,220.65359497070312,220.65359497070312,220.65359497070312,220.65359497070312,0,0.0,0.0,0.0,0.0,0.008745455735199022,228873.4,226.96461334228516,0,29,9,2023,4,ENGRO.KA
2023-10-02 00:00:00+05:00,223.17927084070018,229.24093565439068,223.17927084070018,227.48672485351562,959073,0.0,0.0,0.0,0.03096767983190918,0.009147116977554057,238953.05,226.71066513061524,0,2,10,2023,0,ENGRO.KA
2023-10-03 00:00:00+05:00,227.77146598022807,234.2004992941861,227.77146598022807,232.56568908691406,761045,0.0,0.0,0.0,0.022326420307246186,0.010510021269285465,267918.8,226.67071380615235,0,3,10,2023,1,ENGRO.KA
2023-10-04 00:00:00+05:00,232.37280708068505,233.87903715086878,229.70935608319996,231.2890625,904841,0.0,0.0,0.0,-0.00548931612365644,0.010578556379668872,302758.65,226.5715232849121,0,4,10,2023,2,ENGRO.KA
2023-10-05 00:00:00+05:00,231.25231840484832,232.91469447825568,230.2144982877006,231.79420471191406,694417,0.0,0.0,0.0,0.0021840298302651107,0.01049467278144254,320509.3,226.4287078857422,0,5,10,2023,3,ENGRO.KA
2023-10-06 00:00:00+05:00,232.27177366963218,233.74127254078647,231.81255702416894,233.52084350585938,334521,0.0,0.0,0.0,0.007449016234427841,0.0105136237582096,305729.1,226.45809783935547,0,6,10,2023,4,ENGRO.KA
2023-10-09 00:00:00+05:00,233.23612818817142,233.9708776135425,231.44518609857786,233.4749298095703,333677,0.0,0.0,0.0,-0.00019661498134282418,0.009634843069880038,308831.9,226.69183883666992,0,9,10,2023,0,ENGRO.KA
2023-10-10 00:00:00+05:00,234.1086371400157,235.93633842395252,233.46573664774775,235.63323974609375,498775,0.0,0.0,0.0,0.00924428990420445,0.009715754688503081,328744.2,227.0821731567383,0,10,10,2023,1,ENGRO.KA
2023-10-11 00:00:00+05:00,235.11891928968615,242.6408900826679,235.11891928968615,240.2713165283203,1030564,0.0,0.0,0.0,0.019683457169388907,0.010400108569020964,377156.0,227.74987335205077,0,11,10,2023,2,ENGRO.KA
2023-10-12 00:00:00+05:00,240.81323138765086,246.32383139168533,238.98552999369394,244.5420684814453,1129933,0.0,0.0,0.0,0.017774705756946396,0.010881481935659701,430711.65,228.6338668823242,0,12,10,2023,3,ENGRO.KA
2023-10-13 00:00:00+05:00,244.39509256564585,252.56914285604245,242.46637714180076,247.4351043701172,999108,0.0,0.0,0.0,0.011830422089078585,0.010990038056116525,462181.95,229.65929718017577,0,13,10,2023,4,ENGRO.KA
2023-10-16 00:00:00+05:00,246.59933756946856,247.6463649703035,244.76247099539432,245.41455078125,1319468,0.0,0.0,0.0,-0.008165994045229774,0.01115497576018357,514795.5,230.6401824951172,0,16,10,2023,0,ENGRO.KA
2023-10-17 00:00:00+05:00,246.1401192506694,250.27306901420673,244.4869505565982,245.1298370361328,1869166,0.0,0.0,0.0,-0.0011601339211991801,0.011215488386160597,604071.3,231.57744216918945,0,17,10,2023,1,ENGRO.KA
2023-10-18 00:00:00+05:00,243.3848191076983,246.14011894665336,242.76029120434137,244.4226531982422,206136,0.0,0.0,0.0,-0.002884935781140241,0.011197791517927895,608661.25,232.5179183959961,0,18,10,2023,2,ENGRO.KA
2023-10-19 00:00:00+05:00,243.3847895031512,259.45736994203855,243.3847895031512,256.4173583984375,1447460,0.0,0.0,0.0,0.04907362326382603,0.015034423767651047,672475.0,234.0328727722168,0,19,10,2023,3,ENGRO.KA
2023-10-20 00:00:00+05:00,254.4060261140193,260.743210328516,253.58860701693538,256.81231689453125,675117,0.0,0.0,0.0,0.0015402954720407092,0.014760702078646402,691500.4,235.64472274780275,0,20,10,2023,4,ENGRO.KA
2023-10-23 00:00:00+05:00,257.02355932281375,262.21270175538325,252.10993566323185,254.42437744140625,1089800,0.0,0.0,0.0,-0.009298383667889598,0.014923028983569946,736186.4,237.20605850219727,0,23,10,2023,0,ENGRO.KA
2023-10-24 00:00:00+05:00,249.81384456613102,252.09156912150186,248.07799226608515,250.6220703125,631364,0.0,0.0,0.0,-0.014944743766866164,0.015381489300546216,759378.7,238.66085662841797,0,24,10,2023,1,ENGRO.KA
2023-10-25 00:00:00+05:00,248.9964471555555,252.5691662702276,246.27789234109704,246.92080688476562,329702,0.0,0.0,0.0,-0.014768306011993637,0.01594132068550594,760708.35,239.9742172241211,0,25,10,2023,2,ENGRO.KA
2023-10-26 00:00:00+05:00,247.05855948213417,249.58425107535302,247.05855948213417,247.8392333984375,250897,0.0,0.0,0.0,0.0037195185179372814,0.01589222824061157,773253.2,241.3334991455078,0,26,10,2023,3,ENGRO.KA
2023-10-27 00:00:00+05:00,247.15953375445673,248.98723479859257,247.05851956066346,248.0504150390625,231039,0.0,0.0,0.0,0.0008520912437035566,0.015876588387642183,784805.15,242.70334014892578,0,27,10,2023,4,ENGRO.KA
2023-10-30 00:00:00+05:00,249.80465462891596,252.47729879187105,248.24333489636484,250.16285705566406,477113,0.0,0.0,0.0,0.008516180133256057,0.014772676680924097,760707.15,243.8371467590332,0,30,10,2023,0,ENGRO.KA
2023-10-31 00:00:00+05:00,250.45675617528119,267.2640732838501,248.98725738316912,258.31854248046875,1770965,0.0,0.0,0.0,0.0326015041593084,0.015569125859230875,811203.15,245.12478942871093,0,31,10,2023,1,ENGRO.KA
2023-11-01 00:00:00+05:00,259.91663606839853,261.66165381442227,253.94681933891235,254.7274932861328,478311,0.0,0.0,0.0,-0.013901631527699743,0.015986217408242426,789876.65,246.29671096801758,0,1,11,2023,2,ENGRO.KA
2023-11-02 00:00:00+05:00,257.597630586605,264.4096195189934,256.2650591045029,257.7746887207031,679465,4.0,0.0,0.0,0.011962569863424255,0.016046352663904997,789129.05,247.59573516845703,0,2,11,2023,3,ENGRO.KA
2023-11-03 00:00:00+05:00,257.7094497314575,260.924422744244,251.605693360521,255.18408203125,530933,0.0,0.0,0.0,-0.01004988776171123,0.016404484705860565,798949.65,248.67889709472655,0,3,11,2023,4,ENGRO.KA
2023-11-06 00:00:00+05:00,256.24644423194025,260.8312434029321,253.46945249250552,260.3466796875,622860,0.0,0.0,0.0,0.020230876530996866,0.016724794570978908,813408.8,250.02248458862306,0,6,11,2023,0,ENGRO.KA
2023-11-07 00:00:00+05:00,262.7788656416769,264.13942073608877,257.81199492338925,259.0047912597656,773899,0.0,0.0,0.0,-0.005154236763630249,0.016868617955743768,827165.0,251.19106216430663,0,7,11,2023,1,ENGRO.KA
2023-11-08 00:00:00+05:00,257.3833382444393,265.5838094050519,257.3833382444393,264.3257751464844,1736205,0.0,0.0,0.0,0.02054395928676911,0.016909430134715582,862447.05,252.39378509521484,0,8,11,2023,2,ENGRO.KA
2023-11-09 00:00:00+05:00,264.3257751464844,264.3257751464844,264.3257751464844,264.3257751464844,0,0.0,0.0,0.0,0.0,0.016663333526607475,805950.4,253.3829704284668,0,9,11,2023,3,ENGRO.KA
2023-11-10 00:00:00+05:00,263.72937414348013,273.0387758653241,263.72937414348013,269.1715087890625,1040537,0.0,0.0,0.0,0.01833242951767655,0.01688553304833538,808021.85,254.46979064941405,0,10,11,2023,4,ENGRO.KA
2023-11-13 00:00:00+05:00,269.31127698705257,278.63000629456303,269.31127698705257,272.70330810546875,758563,0.0,0.0,0.0,0.013120999812702872,0.016725070169095246,779976.6,255.834228515625,0,13,11,2023,0,ENGRO.KA
2023-11-14 00:00:00+05:00,272.9455733028267,274.6695438970912,269.31127459290707,271.7527770996094,405891,0.0,0.0,0.0,-0.0034855866342909936,0.01678118704349623,706812.85,257.16537551879884,0,14,11,2023,1,ENGRO.KA
2023-11-15 00:00:00+05:00,271.73415146217104,274.6509182766463,267.91346677009653,273.048095703125,384577,0.0,0.0,0.0,0.004766533086949298,0.016671620780800405,715734.9,258.59664764404295,0,15,11,2023,2,ENGRO.KA
2023-11-16 00:00:00+05:00,273.97065426238737,277.23220967027294,272.85239531856695,273.5513000488281,846310,0.0,0.0,0.0,0.0018429146865401869,0.013181663016584907,685677.4,259.4533447265625,0,16,11,2023,3,ENGRO.KA
2023-11-17 00:00:00+05:00,274.4366167573914,274.4366167573914,270.24318797841596,270.7557067871094,567579,0.0,0.0,0.0,-0.01021963069164633,0.013523157293612966,680300.5,260.15051422119143,0,17,11,2023,4,ENGRO.KA
2023-11-20 00:00:00+05:00,270.2524918990514,272.01371704237386,266.571582254434,267.6246032714844,363862,0.0,0.0,0.0,-0.01156431217195708,0.0136382660690255,644003.6,260.81052551269534,0,20,11,2023,0,ENGRO.KA
2023-11-21 00:00:00+05:00,267.447541132665,271.4080012365459,266.51566816704593,267.1027526855469,343079,0.0,0.0,0.0,-0.0019499350192707654,0.01305446675414944,629589.35,261.63455963134766,0,21,11,2023,1,ENGRO.KA
2023-11-22 00:00:00+05:00,267.4009538217326,274.25019723918234,267.4009538217326,273.5140380859375,760312,0.0,0.0,0.0,0.0240030674934244,0.01311346614000132,651119.85,262.96422119140624,0,22,11,2023,2,ENGRO.KA
2023-11-23 00:00:00+05:00,271.98574680192104,276.5332912383262,271.98574680192104,272.73126220703125,325609,0.0,0.0,0.0,-0.0028619221316176224,0.013234810705576146,654855.45,264.2088226318359,0,23,11,2023,3,ENGRO.KA
2023-11-24 00:00:00+05:00,272.7312695869004,277.69813991198095,271.7341587022435,274.75341796875,578090,0.0,0.0,0.0,0.007414462666856636,0.013211039021180678,672208.0,265.5439727783203,0,24,11,2023,4,ENGRO.KA
2023-11-27 00:00:00+05:00,275.8344285364698,276.6731086112099,273.65384896674175,274.9584655761719,227718,0.0,0.0,0.0,0.0007462968393179281,0.013222856258357217,659738.25,266.7837532043457,0,27,11,2023,0,ENGRO.KA
2023-11-28 00:00:00+05:00,275.8344079949477,278.86299524489226,275.3684714949563,276.57989501953125,1012861,0.0,0.0,0.0,0.005896997715497454,0.011506676668178813,621833.05,267.69682083129885,0,28,11,2023,1,ENGRO.KA
2023-11-29 00:00:00+05:00,276.7756011141492,282.2456909214885,276.766273284087,278.52752685546875,1053268,0.0,0.0,0.0,0.007041841692072337,0.010770690715148143,650580.9,268.88682250976564,0,29,11,2023,2,ENGRO.KA
2023-11-30 00:00:00+05:00,279.5618553684182,281.5560769205275,270.33631982896094,272.10687255859375,1429049,0.0,0.0,0.0,-0.023052135526291262,0.012244093045418451,688060.1,269.60343170166016,0,30,11,2023,3,ENGRO.KA
2023-12-01 00:00:00+05:00,273.0387847119242,284.22126053630336,272.2932976990349,282.9632263183594,1304389,0.0,0.0,0.0,0.03989738905777873,0.014394412026642104,726732.9,270.9923889160156,0,1,12,2023,4,ENGRO.KA
2023-12-04 00:00:00+05:00,284.24919280849366,295.3012203172318,284.24919280849366,287.65985107421875,1732592,0.0,0.0,0.0,0.016598003977291498,0.014217619369468928,782219.5,272.35804748535156,0,4,12,2023,0,ENGRO.KA
2023-12-05 00:00:00+05:00,288.6476548821337,292.1421785489876,283.7553217485382,286.9889221191406,693314,0.0,0.0,0.0,-0.0023323691247584266,0.014124240613759423,778190.25,273.7572540283203,0,5,12,2023,1,ENGRO.KA
2023-12-06 00:00:00+05:00,287.948746004552,292.1887566172425,287.948746004552,291.0705261230469,783107,0.0,0.0,0.0,0.014222165698130285,0.013831353783848404,730535.35,275.09449157714846,0,6,12,2023,2,ENGRO.KA
2023-12-07 00:00:00+05:00,291.68556347862733,295.26395222220833,288.92719904916436,290.1759338378906,1041236,0.0,0.0,0.0,-0.0030734554167056727,0.0139057778888405,782597.15,276.3869995117187,0,7,12,2023,3,ENGRO.KA
2023-12-08 00:00:00+05:00,291.2103089560638,294.23889616920684,290.7443724617341,293.4654541015625,891132,0.0,0.0,0.0,0.011336295950406416,0.013631875608755933,775126.9,277.60169677734376,0,8,12,2023,4,ENGRO.KA
2023-12-11 00:00:00+05:00,293.4468012684302,301.7404652597049,287.94875627006877,298.935546875,2260292,0.0,0.0,0.0,0.01863964803006901,0.013871078855487341,850213.35,278.91330871582034,0,11,12,2023,0,ENGRO.KA
2023-12-12 00:00:00+05:00,300.9856678872178,307.05217055448963,299.13124961454076,302.9519348144531,1567036,0.0,0.0,0.0,0.013435631799026515,0.013862002368379742,908270.6,280.4732666015625,0,12,12,2023,1,ENGRO.KA
2023-12-13 00:00:00+05:00,302.75624332259906,304.7224817716201,288.8806402116276,298.8609924316406,1839954,0.0,0.0,0.0,-0.013503602098854595,0.014502803472959165,981039.45,281.76391143798827,0,13,12,2023,2,ENGRO.KA
2023-12-14 00:00:00+05:00,297.2674617884389,301.7404404336781,293.4467771247737,299.4014587402344,877987,0.0,0.0,0.0,0.0018084203769663798,0.01450315389543425,982623.3,283.0564193725586,0,14,12,2023,3,ENGRO.KA
2023-12-15 00:00:00+05:00,298.199326197826,302.8400634496411,296.3821626784065,301.637939453125,814544,0.0,0.0,0.0,0.007469839065918027,0.01408358971998811,994971.55,284.60053100585935,0,15,12,2023,4,ENGRO.KA
2023-12-18 00:00:00+05:00,300.2494820254819,302.84938713359895,294.481186071556,295.24530029296875,600823,0.0,0.0,0.0,-0.021193087221541895,0.014842086160433253,1006819.6,285.98156585693357,0,18,12,2023,0,ENGRO.KA
2023-12-19 00:00:00+05:00,294.0152883668521,295.21738417984426,284.2306209005323,286.21551513671875,1023747,0.0,0.0,0.0,-0.030584009795549094,0.016802167734217874,1040853.0,286.9372039794922,0,19,12,2023,1,ENGRO.KA
2023-12-20 00:00:00+05:00,287.8462471208897,287.9021572224101,273.5326639230594,279.757568359375,1789142,0.0,0.0,0.0,-0.022563230977394544,0.017049974429073522,1092294.5,287.24938049316404,0,20,12,2023,2,ENGRO.KA
2023-12-21 00:00:00+05:00,281.42562954011845,282.3575024856155,271.8832596785501,276.4773864746094,754517,0.0,0.0,0.0,-0.011725087203188433,0.017276622932035118,1113739.9,287.43668670654296,0,21,12,2023,3,ENGRO.KA
2023-12-22 00:00:00+05:00,277.5863460627812,279.0959758393637,272.1069280303646,272.9083251953125,320583,0.0,0.0,0.0,-0.012909053159125716,0.017465247623453046,1100864.55,287.3444320678711,0,22,12,2023,4,ENGRO.KA
2023-12-25 00:00:00+05:00,272.9083251953125,272.9083251953125,272.9083251953125,272.9083251953125,0,0.0,0.0,0.0,0.0,0.01746393421987602,1089478.65,287.24192504882814,0,25,12,2023,0,ENGRO.KA
2023-12-26 00:00:00+05:00,272.10692404169436,274.9025431243145,265.583812848914,265.88201904296875,529964,0.0,0.0,0.0,-0.02574603082304372,0.01829335070508316,1065333.8,286.70703125,0,26,12,2023,1,ENGRO.KA
2023-12-27 00:00:00+05:00,269.7586240889507,271.15643368124245,264.4283090394709,270.1220397949219,564578,0.0,0.0,0.0,0.015947000730680783,0.01862554419254959,1040899.3,286.28675689697263,0,27,12,2023,2,ENGRO.KA
2023-12-28 00:00:00+05:00,272.06032045101455,281.33243928550434,269.7772203370089,273.4581298828125,857017,0.0,0.0,0.0,0.012350306885078322,0.01813185061652527,1012297.7,286.3543197631836,0,28,12,2023,3,ENGRO.KA
2023-12-29 00:00:00+05:00,275.8344026886016,277.8845346245276,272.63808518539076,274.81866455078125,349754,0.0,0.0,0.0,0.0049752942746730255,0.015638497036283495,964565.95,285.9470916748047,0,29,12,2023,4,ENGRO.KA
2024-01-01 00:00:00+05:00,274.92116019231275,281.33245093513744,274.92116019231275,278.9375305175781,345186,0.0,0.0,0.0,0.014987577257642215,0.01554512903883019,895195.65,285.51097564697267,0,1,1,2024,0,ENGRO.KA
2024-01-02 00:00:00+05:00,281.4256437817494,282.3575167744042,274.90253283316576,275.685302734375,403982,0.0,0.0,0.0,-0.011659340989964684,0.015712847419973464,880729.05,284.9457946777344,0,2,1,2024,1,ENGRO.KA
2024-01-03 00:00:00+05:00,276.67308800723094,280.30738701946296,274.34340550727364,276.57989501953125,280908,0.0,0.0,0.0,0.0032449763418045396,0.015306922834944682,855619.1,284.2212631225586,0,3,1,2024,2,ENGRO.KA
2024-01-04 00:00:00+05:00,278.63001867458706,283.2800557053225,277.69814570243125,279.82281494140625,1091669,0.0,0.0,0.0,0.011725074671989466,0.015628883054009803,858140.75,283.7036071777344,0,4,1,2024,3,ENGRO.KA
2024-01-05 00:00:00+05:00,278.6486433855993,279.543261906533,274.83728637644236,275.9368896484375,287334,0.0,0.0,0.0,-0.013887092422333214,0.015539151477652193,827950.85,282.8271789550781,0,5,1,2024,4,ENGRO.KA
2024-01-08 00:00:00+05:00,279.5525596233479,294.8912089906738,279.5525596233479,293.42816162109375,2091918,0.0,0.0,0.0,0.06338866831086376,0.021055387322716942,819532.15,282.5518096923828,0,8,1,2024,0,ENGRO.KA
2024-01-09 00:00:00+05:00,294.4718647513409,301.4609121742366,294.4718647513409,297.3513488769531,1056209,0.0,0.0,0.0,0.013370179720259445,0.02105307598797696,793990.8,282.2717803955078,0,9,1,2024,1,ENGRO.KA
2024-01-10 00:00:00+05:00,298.63735571940134,299.5971838177312,290.79097217148,292.18878173828125,502738,0.0,0.0,0.0,-0.017361842003307038,0.021193537332402312,727130.0,281.9381698608398,0,10,1,2024,2,ENGRO.KA
2024-01-11 00:00:00+05:00,291.6669360387905,292.59880908629714,287.9953539565335,288.5917663574219,1009273,0.0,0.0,0.0,-0.012310586872843365,0.02133263226656801,733694.3,281.3976852416992,0,11,1,2024,3,ENGRO.KA
2024-01-12 00:00:00+05:00,290.7443575372039,293.4281561569389,287.99532098636985,289.6260986328125,1046365,0.0,0.0,0.0,0.0035840671701963256,0.02126303155827194,745285.35,280.7970932006836,0,12,1,2024,4,ENGRO.KA
2024-01-15 00:00:00+05:00,290.65118824772827,291.676254253894,287.94876218675154,288.8713073730469,269017,0.0,0.0,0.0,-0.0026060885511652865,0.020772170801757722,728695.05,280.4783935546875,0,15,1,2024,0,ENGRO.KA
2024-01-16 00:00:00+05:00,288.8713073730469,288.8713073730469,288.8713073730469,288.8713073730469,0,0.0,0.0,0.0,0.0,0.019561513980014374,677507.7,280.6111831665039,0,16,1,2024,1,ENGRO.KA
2024-01-17 00:00:00+05:00,286.7373043457892,296.10261566896537,285.16243686069924,294.6209411621094,2822558,0.0,0.0,0.0,0.019903789827202978,0.019211995541166746,729178.5,281.35435180664064,0,17,1,2024,2,ENGRO.KA
2024-01-18 00:00:00+05:00,295.40373462407007,297.08109461246346,289.81249674475015,296.4847106933594,1113839,0.0,0.0,0.0,0.006325991370126349,0.01891725962347625,747144.6,282.35471801757814,0,18,1,2024,3,ENGRO.KA
2024-01-19 00:00:00+05:00,294.4718484482228,305.65432370575024,294.4718484482228,301.4795227050781,927204,0.0,0.0,0.0,0.016846777697365534,0.018714071481600692,777475.65,283.7832778930664,0,19,1,2024,4,ENGRO.KA
2024-01-22 00:00:00+05:00,301.936173964835,302.85871911659115,298.52551543847045,300.7433776855469,374040,0.0,0.0,0.0,-0.002441774528916807,0.01875737974994451,796177.65,285.17503051757814,0,22,1,2024,0,ENGRO.KA
2024-01-23 00:00:00+05:00,300.76201260977524,305.0952163988684,299.1312348496913,303.77197265625,732014,0.0,0.0,0.0,0.010070362958647605,0.017318859136938754,806280.15,287.0695281982422,0,23,1,2024,1,ENGRO.KA
2024-01-24 00:00:00+05:00,303.9396962213833,305.65433910128195,302.39278365355483,303.65081787109375,660605,0.0,0.0,0.0,-0.0003988346393409836,0.01725116633817322,811081.5,288.74596710205077,0,24,1,2024,2,ENGRO.KA
2024-01-25 00:00:00+05:00,302.85870364237996,311.61830353695086,302.85870364237996,309.7638854980469,3959018,0.0,0.0,0.0,0.02013189909980162,0.017487928045435676,966181.55,290.5612548828125,0,25,1,2024,3,ENGRO.KA
2024-01-26 00:00:00+05:00,309.40976409959404,310.7796184278055,305.6636452037832,306.65142822265625,656175,0.0,0.0,0.0,-0.01004783779227958,0.01787055085212318,981502.6,292.15289306640625,0,26,1,2024,4,ENGRO.KA
2024-01-29 00:00:00+05:00,304.76904928058667,307.23853544902965,298.29254907856574,300.6874694824219,506294,0.0,0.0,0.0,-0.019448657959303617,0.018568186112198612,989558.0,293.2403900146484,0,29,1,2024,0,ENGRO.KA
2024-01-30 00:00:00+05:00,300.6874721351623,301.46091420890673,289.8125017587944,292.0583190917969,1104177,0.0,0.0,0.0,-0.028698071141702308,0.01967837527532938,1024567.75,294.05904083251954,0,30,1,2024,1,ENGRO.KA
2024-01-31 00:00:00+05:00,293.539982820773,297.1742816822814,293.5306549908377,296.0187683105469,226952,0.0,0.0,0.0,0.013560473918584615,0.0198179063774363,1021869.95,295.03098449707034,0,31,1,2024,2,ENGRO.KA
2024-02-01 00:00:00+05:00,295.3944022944756,300.73404462575456,294.51843943164437,299.876708984375,367389,0.0,0.0,0.0,0.013032756996613326,0.019848308685229722,985655.95,296.03367919921874,0,1,2,2024,3,ENGRO.KA
2024-02-02 00:00:00+05:00,297.4072565785096,302.85871921202744,297.4072565785096,301.0602111816406,414517,0.0,0.0,0.0,0.003946629270655588,0.019414810952573792,992015.1,297.2898452758789,0,2,2,2024,4,ENGRO.KA
2024-02-06 00:00:00+05:00,300.9949732476457,303.32465570312286,297.2768091490263,301.0602111816406,258606,0.0,0.0,0.0,0.0,0.01360844576469514,900349.5,297.67144775390625,0,6,2,2024,1,ENGRO.KA
2024-02-07 00:00:00+05:00,303.69737738903865,304.61995091330937,300.07240653677707,301.75909423828125,263134,0.0,0.0,0.0,0.0023214062525815926,0.013316923669104395,860695.75,297.89183502197267,0,7,2,2024,2,ENGRO.KA
2024-02-08 00:00:00+05:00,301.75909423828125,301.75909423828125,301.75909423828125,301.75909423828125,0,0.0,0.0,0.0,0.0,0.012616763796623874,835558.85,298.37035064697267,0,8,2,2024,3,ENGRO.KA
2024-02-09 00:00:00+05:00,298.1993297059604,298.1993297059604,286.10360915690086,294.6209411621094,413554,0.0,0.0,0.0,-0.02365513819621723,0.013503147936185556,805772.9,298.671809387207,0,9,2,2024,4,ENGRO.KA
2024-02-12 00:00:00+05:00,294.65825655275205,294.65825655275205,287.11937889092394,289.0111083984375,417799,0.0,0.0,0.0,-0.019040848697123636,0.014214932326550836,774344.6,298.6410598754883,0,12,2,2024,0,ENGRO.KA
2024-02-13 00:00:00+05:00,288.87130712320214,290.64188860436946,282.45071683112644,287.9208068847656,474039,0.0,0.0,0.0,-0.0037725245915765093,0.01422853126568474,784595.7,298.5935348510742,0,13,2,2024,1,ENGRO.KA
2024-02-14 00:00:00+05:00,289.04835445756635,296.32628016500803,289.04835445756635,295.13348388671875,549907,0.0,0.0,0.0,0.025050905768126297,0.01529732925658782,812091.05,298.9066436767578,0,14,2,2024,2,ENGRO.KA
2024-02-15 00:00:00+05:00,295.4037159651428,297.25813397766245,286.55092321539877,288.5264892578125,343153,0.0,0.0,0.0,-0.022386462362373738,0.015495162495056445,688120.8,298.60192108154297,0,15,2,2024,3,ENGRO.KA
2024-02-16 00:00:00+05:00,287.9487292124693,294.00590312794196,284.22123757217844,285.0412902832031,437465,0.0,0.0,0.0,-0.01207930330270357,0.015587808226350204,654302.1,298.02975006103514,0,16,2,2024,4,ENGRO.KA
2024-02-19 00:00:00+05:00,286.08500503612294,291.21030642927826,280.0464578841431,289.2626953125,319277,0.0,0.0,0.0,0.01480980185397951,0.015465387329921159,623905.75,297.4189086914063,0,19,2,2024,0,ENGRO.KA
2024-02-20 00:00:00+05:00,289.45837697268064,294.0059216098658,288.88062028227705,289.69134521484375,190394,0.0,0.0,0.0,0.001481870663898377,0.015483726238070072,614723.45,296.8663070678711,0,20,2,2024,1,ENGRO.KA
2024-02-21 00:00:00+05:00,293.5399860050249,294.3693666000935,287.94874817635775,291.9651184082031,149320,0.0,0.0,0.0,0.00784895106781014,0.015402178464436594,585588.75,296.2759643554688,0,21,2,2024,2,ENGRO.KA
2024-02-22 00:00:00+05:00,293.53065350556824,293.53065350556824,289.8124895089743,292.4217224121094,151684,0.0,0.0,0.0,0.00156389916163846,0.015418270871253966,560142.7,295.71450958251955,0,22,2,2024,3,ENGRO.KA
2024-02-23 00:00:00+05:00,292.4217329607911,294.47186491471393,287.01688099282245,292.4310607910156,422905,0.0,0.0,0.0,3.1934627938046134e-05,0.014545991507186202,383337.05,294.84786834716795,0,23,2,2024,4,ENGRO.KA
2024-02-26 00:00:00+05:00,287.1100885222352,298.1993719800413,285.1531494559145,294.2295837402344,910136,0.0,0.0,0.0,0.006150245956615619,0.014570602001093185,396035.1,294.2267761230469,0,26,2,2024,0,ENGRO.KA
2024-02-27 00:00:00+05:00,296.33561875448476,301.93618467466393,293.54932754010304,295.7764892578125,439495,0.0,0.0,0.0,0.005257477844049285,0.014048166196040466,392695.15,293.9812271118164,0,27,2,2024,1,ENGRO.KA
2024-02-28 00:00:00+05:00,297.453861142832,299.1218932707534,296.33560221191294,297.6029357910156,203722,0.0,0.0,0.0,0.006175090311559828,0.012469426150547974,347672.4,294.25845794677736,0,28,2,2024,2,ENGRO.KA
2024-02-29 00:00:00+05:00,298.19936294982364,305.18841051896015,298.19936294982364,301.4422912597656,585865,0.0,0.0,0.0,0.012900932776570784,0.012435326858503853,365618.05,294.5296340942383,0,29,2,2024,3,ENGRO.KA
2024-03-01 00:00:00+05:00,301.9268726002094,324.0495300292969,301.02295459099554,324.0495300292969,1314196,0.0,0.0,0.0,0.07499690463157216,0.020620801997389752,412958.4,295.7382751464844,0,1,3,2024,4,ENGRO.KA
2024-03-04 00:00:00+05:00,326.1555405928287,335.7072385673329,324.3942870231444,326.6960144042969,1626507,0.0,0.0,0.0,0.008166913171454793,0.0206409478167893,473557.9,297.0200653076172,0,4,3,2024,0,ENGRO.KA
2024-03-05 00:00:00+05:00,327.08738858416257,334.5144167502377,322.52121705231235,326.21142578125,611066,0.0,0.0,0.0,-0.001483301300539197,0.020659833875129232,491180.9,298.27762603759766,0,5,3,2024,1,ENGRO.KA
2024-03-06 00:00:00+05:00,327.2924197537861,329.88302542608915,320.0983594176882,321.0209045410156,590006,0.0,0.0,0.0,-0.015911524949818956,0.021144472915188235,507524.5,299.2407165527344,0,6,3,2024,2,ENGRO.KA
2024-03-07 00:00:00+05:00,319.91196935071446,322.80078115624525,313.1186360848321,317.8804931640625,668692,0.0,0.0,0.0,-0.009782575939854099,0.02133722758533542,540959.1,300.0467864990234,0,7,3,2024,3,ENGRO.KA
2024-03-08 00:00:00+05:00,317.768699218631,328.9045931619597,317.768699218631,319.34356689453125,1615015,0.0,0.0,0.0,0.00460259047639533,0.020407435366695065,601032.15,301.28291778564454,0,8,3,2024,4,ENGRO.KA
2024-03-11 00:00:00+05:00,320.5456611284994,320.56428834926254,314.97305076177537,316.38018798828125,345799,0.0,0.0,0.0,-0.00927959481090379,0.01993282952468029,597432.15,302.65137176513673,0,11,3,2024,0,ENGRO.KA
2024-03-12 00:00:00+05:00,316.38022769258913,318.51419649722675,310.313725048525,311.8420104980469,168367,0.0,0.0,0.0,-0.014344063448127331,0.020306471308686135,582148.55,303.8474319458008,0,12,3,2024,1,ENGRO.KA
2024-03-13 00:00:00+05:00,313.0907101220555,315.90495642818416,308.44997220569013,311.4040222167969,263066,0.0,0.0,0.0,-0.0014045198097282219,0.019729422342584728,567806.5,304.6609588623047,0,13,3,2024,2,ENGRO.KA
2024-03-14 00:00:00+05:00,312.1774558250352,313.1000009971511,309.38183681764684,311.9724426269531,203345,0.0,0.0,0.0,0.0018253470398674754,0.01882027041493485,560816.1,305.83325653076173,0,14,3,2024,3,ENGRO.KA
2024-03-15 00:00:00+05:00,312.17743999813905,312.17743999813905,309.8477576100932,310.5187072753906,160536,0.0,0.0,0.0,-0.0046598197562623955,0.018556332479206593,546969.65,307.1071273803711,0,15,3,2024,4,ENGRO.KA
2024-03-18 00:00:00+05:00,312.8297588338009,314.97305523067854,309.3818175638618,311.2641906738281,200236,0.0,0.0,0.0,0.002400768072811532,0.018398398619036645,541017.6,308.2072021484375,0,18,3,2024,0,ENGRO.KA
2024-03-19 00:00:00+05:00,313.10935141342594,314.9171874436914,309.40048635822507,314.1809997558594,260574,0.0,0.0,0.0,0.00937084691855139,0.018430017169925445,544526.6,309.43168487548826,0,19,3,2024,1,ENGRO.KA
2024-03-20 00:00:00+05:00,314.97308122470804,317.7687002888327,313.10933518195833,316.6970520019531,1477744,0.0,0.0,0.0,0.00800828900553796,0.018431702210024076,610947.8,310.6682815551758,0,20,3,2024,2,ENGRO.KA
2024-03-21 00:00:00+05:00,319.632425894003,320.0890345449582,314.50712460415747,316.3335876464844,345109,0.0,0.0,0.0,-0.0011476720517957784,0.018462287412202655,620619.05,311.8638748168945,0,21,3,2024,3,ENGRO.KA
2024-03-22 00:00:00+05:00,314.9916800912252,319.119898817553,314.9916800912252,316.95794677734375,394483,0.0,0.0,0.0,0.0019737364454548434,0.0184449005917564,619197.95,313.09021911621096,0,22,3,2024,4,ENGRO.KA
2024-03-26 00:00:00+05:00,316.37088215585294,320.92775475697584,312.64339017168976,319.56719970703125,185309,0.0,0.0,0.0,0.008232173877376958,0.018462407520243408,582956.6,314.35709991455076,0,26,3,2024,1,ENGRO.KA
2024-03-27 00:00:00+05:00,320.5643093251063,324.757737790115,319.6417641631266,323.88177490234375,192726,0.0,0.0,0.0,0.013501308016805158,0.018576701160792755,570618.15,315.76236419677736,0,27,3,2024,2,ENGRO.KA
2024-03-28 00:00:00+05:00,325.2143316455152,338.26055294252006,324.2917865255488,329.9389343261719,449220,0.0,0.0,0.0,0.01870176062130846,0.018838136802828646,582893.05,317.37916412353513,0,28,3,2024,3,ENGRO.KA
2024-03-29 00:00:00+05:00,329.789803099218,336.40610616580284,325.27021399073027,334.80328369140625,301008,0.0,0.0,0.0,0.014743180810621093,0.018881540975530967,568650.2,319.0472137451172,0,29,3,2024,4,ENGRO.KA
2024-04-01 00:00:00+05:00,334.77535061901756,337.3286733508354,330.5073851059748,335.0549011230469,134655,0.0,0.0,0.0,0.0007515381237197527,0.009402663686709448,509673.15,319.5974822998047,0,1,4,2024,0,ENGRO.KA
2024-04-02 00:00:00+05:00,334.54239307747963,336.3129460160938,331.7561020237579,333.079345703125,77672,0.0,0.0,0.0,-0.005896214063128569,0.009420464108688489,432231.4,319.9166488647461,0,2,4,2024,1,ENGRO.KA
2024-04-03 00:00:00+05:00,333.8900567077175,355.1367764007258,333.8900567077175,349.349853515625,691686,0.0,0.0,0.0,0.04884874436796194,0.01421972234072178,436262.4,321.07357025146484,0,3,4,2024,2,ENGRO.KA
2024-04-04 00:00:00+05:00,352.2479658715945,361.55736729787935,344.88617544716425,352.2572937011719,1028955,0.0,0.0,0.0,0.008322431385868079,0.013489955443281151,458209.85,322.63538970947263,0,4,4,2024,3,ENGRO.KA
2024-04-08 00:00:00+05:00,350.8501693427955,353.87875646195636,348.5298147733602,351.17633056640625,350236,0.0,0.0,0.0,-0.0030686749546274816,0.01318978221311313,442287.05,324.30018157958983,0,8,4,2024,0,ENGRO.KA
2024-04-09 00:00:00+05:00,351.7820617142193,353.06805101978614,343.8611411193296,346.5915222167969,322213,0.0,0.0,0.0,-0.013055573370262752,0.01379990315652065,377646.95,325.66257934570314,0,9,4,2024,1,ENGRO.KA
2024-04-15 00:00:00+05:00,345.72489689979574,346.65676993726146,336.40616652513813,340.7580261230469,438274,2.0,0.0,0.0,-0.01683104092229093,0.014282728423874928,382270.7,326.88147125244143,0,15,4,2024,0,ENGRO.KA
2024-04-16 00:00:00+05:00,341.0655274062713,346.65676556047254,337.30075241966034,339.54656982421875,537878,0.0,0.0,0.0,-0.003555180526813695,0.01375482286478079,400746.25,328.26669921875,0,16,4,2024,1,ENGRO.KA
2024-04-17 00:00:00+05:00,339.5465567646153,342.9199324377423,331.7467843896599,334.7567443847656,279398,0.0,0.0,0.0,-0.014106534611534438,0.014316438892908888,401562.85,329.43433532714846,0,17,4,2024,2,ENGRO.KA
2024-04-18 00:00:00+05:00,338.92219886462715,340.9723022647528,330.3489564611776,335.6885986328125,522011,0.0,0.0,0.0,0.0027836757994510464,0.014311373820210069,417496.15,330.6201431274414,0,18,4,2024,3,ENGRO.KA
2024-04-19 00:00:00+05:00,337.33798834098354,341.39164112615197,335.4742425490444,340.4224853515625,399148,0.0,0.0,0.0,0.014102018174075859,0.014344879392662014,429426.75,332.11533203125,0,19,4,2024,4,ENGRO.KA
2024-04-22 00:00:00+05:00,338.2698951563696,341.1587071112466,338.2698951563696,339.6770324707031,297759,0.0,0.0,0.0,-0.0021897874345447876,0.014420200207767249,434302.9,333.5359741210938,0,22,4,2024,0,ENGRO.KA
2024-04-23 00:00:00+05:00,339.211089236476,342.463316804584,336.4061424937546,339.5558776855469,455207,0.0,0.0,0.0,-0.0003566764119287136,0.01441040409170873,444034.55,334.8047180175781,0,23,4,2024,1,ENGRO.KA
2024-04-24 00:00:00+05:00,338.26990195795617,343.525679374398,338.26990195795617,340.1150207519531,487717,0.0,0.0,0.0,0.0016466894056361703,0.014387186633780327,394533.2,335.9756164550781,0,24,4,2024,2,ENGRO.KA
2024-04-25 00:00:00+05:00,339.21109628819784,344.7836785693631,336.4154773173904,338.00897216796875,467124,0.0,0.0,0.0,-0.006192165754185575,0.014519699141267743,400633.95,337.0593856811523,0,25,4,2024,3,ENGRO.KA
2024-04-26 00:00:00+05:00,338.00896115124544,347.49542105775174,336.41546635260386,343.9543151855469,1057509,0.0,0.0,0.0,0.01758930533543257,0.014853967159533354,433785.25,338.4092041015625,0,26,4,2024,4,ENGRO.KA
2024-04-29 00:00:00+05:00,349.3591704536914,352.1547893611978,341.99737968495884,343.15289306640625,1403090,0.0,0.0,0.0,-0.002330024900860206,0.014890725849684167,494674.3,339.58848876953124,0,29,4,2024,0,ENGRO.KA
2024-04-30 00:00:00+05:00,345.58509572865484,345.58509572865484,342.0532892186028,343.8704528808594,362760,0.0,0.0,0.0,0.0020910790174053506,0.014711755656221908,503176.0,340.58792266845705,0,30,4,2024,1,ENGRO.KA
2024-05-02 00:00:00+05:00,344.7929843239211,345.9578254871776,338.0834878481617,338.7078552246094,625600,0.0,0.0,0.0,-0.015013205156183318,0.014761459005755605,511995.0,341.02636871337893,0,2,5,2024,3,ENGRO.KA
2024-05-03 00:00:00+05:00,340.13362792916166,341.29846912069985,338.2698820227005,340.3852233886719,394045,0.0,0.0,0.0,0.004952256459922255,0.01445533113218259,516646.85,341.3054656982422,0,3,5,2024,4,ENGRO.KA
2024-05-06 00:00:00+05:00,341.3450596887366,350.29104594486745,341.3450596887366,347.038818359375,1174284,0.0,0.0,0.0,0.019547249743875117,0.015042541985870555,568628.3,341.90466156005857,0,6,5,2024,0,ENGRO.KA
2024-05-07 00:00:00+05:00,350.4860611838139,352.4065327519444,345.20476437145504,345.7616882324219,677883,11.0,0.0,0.0,-0.0036800785946389247,0.014990438681860637,598638.85,342.5387786865234,0,7,5,2024,1,ENGRO.KA
2024-05-08 00:00:00+05:00,347.3172782960923,351.4462802495274,345.5024186845883,347.5093078613281,451349,0.0,0.0,0.0,0.0050544050667971074,0.010223834744320528,586622.0,342.4467514038086,0,8,5,2024,2,ENGRO.KA
2024-05-09 00:00:00+05:00,349.4297968351015,349.90991472833576,338.00299683693953,340.950927734375,569681,0.0,0.0,0.0,-0.018872530831807843,0.01081975341540713,563658.3,341.8814331054688,0,9,5,2024,3,ENGRO.KA
2024-05-10 00:00:00+05:00,341.1813522071716,342.6601234249176,318.99031872679853,333.3458251953125,325431,0.0,0.0,0.0,-0.02230556341230261,0.011772684187945422,562418.05,340.9899078369141,0,10,5,2024,4,ENGRO.KA
2024-05-13 00:00:00+05:00,335.11265874059376,340.8836848673401,333.345828510164,338.1854248046875,305468,0.0,0.0,0.0,0.014518254748021597,0.012086314114306372,561580.8,340.5696029663086,0,13,5,2024,0,ENGRO.KA
2024-05-14 00:00:00+05:00,338.48310598680627,343.7644026759621,334.2196568606894,340.22113037109375,276702,0.0,0.0,0.0,0.00601949527417367,0.011596818784615942,553502.2,340.5427581787109,0,14,5,2024,1,ENGRO.KA
2024-05-15 00:00:00+05:00,340.88368862522094,344.7342433303742,335.9384804116126,336.9371337890625,414895,0.0,0.0,0.0,-0.009652535627194148,0.01177358746767726,547353.05,340.41228637695315,0,15,5,2024,2,ENGRO.KA
2024-05-16 00:00:00+05:00,338.96324273521736,339.20330168899585,335.314358359413,335.92889404296875,232263,0.0,0.0,0.0,-0.0029923675516423387,0.011343026449991467,544996.3,340.4708938598633,0,16,5,2024,3,ENGRO.KA
2024-05-17 00:00:00+05:00,336.0633412053308,340.8837144489173,335.6024174644975,337.2060241699219,186892,0.0,0.0,0.0,0.003801787073397067,0.01135733739503133,528240.35,340.54676513671876,0,17,5,2024,4,ENGRO.KA
2024-05-20 00:00:00+05:00,338.867204409822,339.82744019976434,327.11392771823097,330.7052001953125,241655,0.0,0.0,0.0,-0.019278492994340812,0.01166873016174764,520365.7,340.06090087890624,0,20,5,2024,0,ENGRO.KA
2024-05-21 00:00:00+05:00,332.2415779096478,333.87399044759496,328.496664250671,330.6475830078125,195994,0.0,0.0,0.0,-0.00017422522375210026,0.011670091482114658,515277.45,339.6094284057617,0,21,5,2024,1,ENGRO.KA
2024-05-22 00:00:00+05:00,330.11944454968284,332.2223631091238,322.6392001273064,325.9424133300781,213276,0.0,0.0,0.0,-0.014230165044403775,0.012019331570375501,503180.9,338.92875518798826,0,22,5,2024,2,ENGRO.KA
2024-05-23 00:00:00+05:00,326.48014234128203,326.48014234128203,322.63919949020817,324.33880615234375,165590,0.0,0.0,0.0,-0.004919909505948228,0.012004870933307677,487074.55,338.1399444580078,0,23,5,2024,3,ENGRO.KA
2024-05-24 00:00:00+05:00,325.9040201152128,330.2250811549656,322.7352537410223,325.241455078125,266168,0.0,0.0,0.0,0.002783043251868067,0.012019595346348761,477026.75,337.50156860351564,0,24,5,2024,4,ENGRO.KA
2024-05-27 00:00:00+05:00,327.4307904779997,327.4307904779997,322.4471644167058,323.3017883300781,411150,0.0,0.0,0.0,-0.005963774659601628,0.011135587171444626,444708.8,336.4689422607422,0,27,5,2024,0,ENGRO.KA
2024-05-28 00:00:00+05:00,323.3017883300781,323.3017883300781,323.3017883300781,323.3017883300781,0,0.0,0.0,0.0,0.0,0.011155491381150462,374554.3,335.4763870239258,0,28,5,2024,1,ENGRO.KA
2024-05-29 00:00:00+05:00,323.5034128536146,325.2318547568811,316.87779215126557,318.3181457519531,668285,0.0,0.0,0.0,-0.015414831460928702,0.011425479697430964,389830.55,334.19877166748046,0,29,5,2024,2,ENGRO.KA
2024-05-30 00:00:00+05:00,320.7091389721581,320.7091389721581,313.75704129820133,314.630859375,387926,0.0,0.0,0.0,-0.011583651218634583,0.011272906457596144,377946.85,332.994921875,0,30,5,2024,3,ENGRO.KA
2024-05-31 00:00:00+05:00,314.71725939978194,326.4801470508798,314.6308417008744,322.7832336425781,563402,0.0,0.0,0.0,0.025910917586953852,0.012959655384429825,386414.7,332.1148223876953,0,31,5,2024,4,ENGRO.KA
2024-06-03 00:00:00+05:00,322.1494964272411,324.5500859068422,317.74201765918207,318.8462829589844,255656,0.0,0.0,0.0,-0.012196887177706284,0.012017784461472263,340483.3,330.70519561767577,0,3,6,2024,0,ENGRO.KA
2024-06-04 00:00:00+05:00,319.7393357574391,320.7091540145253,313.9010855275166,314.7845153808594,315903,0.0,0.0,0.0,-0.012738952263864123,0.012168556107652814,322384.3,329.15633697509764,0,4,6,2024,1,ENGRO.KA
2024-06-05 00:00:00+05:00,314.7844792592031,317.3579039435297,310.4730009702385,313.4497375488281,244000,0.0,0.0,0.0,-0.004240290633153565,0.01195558522299997,312016.85,327.45335845947267,0,5,6,2024,2,ENGRO.KA
2024-06-06 00:00:00+05:00,311.61571562095435,317.3579363346599,311.61571562095435,314.74609375,132107,0.0,0.0,0.0,0.004135770574604347,0.011661570427822494,290138.15,326.1431167602539,0,6,6,2024,3,ENGRO.KA
2024-06-07 00:00:00+05:00,313.99707720803457,318.7982557586161,304.586778970522,313.1136474609375,262081,0.0,0.0,0.0,-0.005186549798324558,0.01084091651442956,286970.65,325.13150787353516,0,7,6,2024,4,ENGRO.KA
2024-06-10 00:00:00+05:00,315.43746184949686,315.43746184949686,308.2356933141202,311.1836242675781,124360,0.0,0.0,0.0,-0.006163970203822422,0.010031044477365726,277915.25,323.7814178466797,0,10,6,2024,0,ENGRO.KA
2024-06-11 00:00:00+05:00,313.02722719071653,313.02722719071653,303.44409363712407,306.98736572265625,403643,0.0,0.0,0.0,-0.013484830876941079,0.009942725997943182,284262.3,322.11972961425784,0,11,6,2024,1,ENGRO.KA
2024-06-12 00:00:00+05:00,309.1959106236751,312.07661786551057,304.87484976092185,310.03131103515625,258913,0.0,0.0,0.0,0.009915539375161098,0.010420352336020056,276463.2,320.7744384765625,0,12,6,2024,2,ENGRO.KA
2024-06-13 00:00:00+05:00,310.15616252637903,321.6597979274422,310.15616252637903,318.2125549316406,571874,0.0,0.0,0.0,0.02638844402253504,0.012456898422930835,293443.75,319.8886215209961,0,13,6,2024,3,ENGRO.KA
2024-06-14 00:00:00+05:00,322.52397852525155,326.96026286579286,316.8777877994468,321.1604309082031,283340,0.0,0.0,0.0,0.009263858169253458,0.012663538053576522,298266.15,319.08634185791016,0,14,6,2024,4,ENGRO.KA
2024-06-20 00:00:00+05:00,316.8778198216854,328.36223199553734,316.8778198216854,324.0603942871094,221355,0.0,0.0,0.0,0.009029640951425666,0.012248093626819667,297251.15,318.7541015625,0,20,6,2024,3,ENGRO.KA
2024-06-21 00:00:00+05:00,326.2977300794677,327.9205309517833,315.0629593179098,317.63641357421875,413567,0.0,0.0,0.0,-0.019823405840823427,0.012951027349836499,308129.8,318.1035430908203,0,21,6,2024,4,ENGRO.KA
2024-06-24 00:00:00+05:00,317.9820954285719,321.79423291998245,315.44708802618237,316.7914123535156,497287,0.0,0.0,0.0,-0.002660278181568332,0.0126268441223524,322330.35,317.6459930419922,0,24,6,2024,0,ENGRO.KA
2024-06-25 00:00:00+05:00,318.69268155454097,324.55009663513295,318.6542639164576,323.4458312988281,359452,0.0,0.0,0.0,0.021005679718005377,0.013538643887514685,332023.45,317.6013442993164,0,25,6,2024,1,ENGRO.KA
2024-06-26 00:00:00+05:00,322.7544249262909,328.3045862055573,322.7064248620063,323.71466064453125,265174,0.0,0.0,0.0,0.0008311417853914538,0.013524164885209371,331973.75,317.5250045776367,0,26,6,2024,2,ENGRO.KA
2024-06-27 00:00:00+05:00,324.55970312187,326.47056300259237,318.31817036952634,318.9039001464844,151427,0.0,0.0,0.0,-0.01486111407023838,0.013867488333435304,318987.6,317.305110168457,0,27,6,2024,3,ENGRO.KA
2024-06-28 00:00:00+05:00,317.93407594787243,321.5829602284514,317.93407594787243,319.48004150390625,156302,0.0,0.0,0.0,0.001806630013484467,0.013877439639724164,326802.7,317.11402282714846,0,28,6,2024,4,ENGRO.KA
2024-07-01 00:00:00+05:00,320.7187645883344,322.15911832151556,315.43746756667025,316.0616149902344,251278,0.0,0.0,0.0,-0.010699968916931812,0.01364896490282559,305952.35,317.0011962890625,0,1,7,2024,0,ENGRO.KA
2024-07-02 00:00:00+05:00,316.0712067255189,320.23862641332994,316.0712067255189,317.1274719238281,991298,0.0,0.0,0.0,0.0033723074332410174,0.01340385432723818,336120.95,317.1260269165039,0,2,7,2024,1,ENGRO.KA
2024-07-03 00:00:00+05:00,319.6624758087186,320.0945936185149,316.8777979902245,317.732421875,290312,0.0,0.0,0.0,0.0019075923870675027,0.012009010241418679,322466.45,316.873486328125,0,3,7,2024,2,ENGRO.KA
2024-07-04 00:00:00+05:00,318.0781000458443,320.19063046966363,315.90795781992716,317.17547607421875,315784,0.0,0.0,0.0,-0.0017528768310599574,0.011706956699127065,325472.85,316.7899459838867,0,4,7,2024,3,ENGRO.KA
2024-07-05 00:00:00+05:00,317.1754904974641,319.278409281872,312.0766406514538,314.7557067871094,332743,0.0,0.0,0.0,-0.007629118483747921,0.011472259802975454,326314.85,316.7885055541992,0,5,7,2024,4,ENGRO.KA
2024-07-08 00:00:00+05:00,314.95731410975003,316.6857266728713,313.28651334512824,314.08349609375,56393,0.0,0.0,0.0,-0.0021356584769217646,0.011440368821425738,316934.5,316.8201934814453,0,8,7,2024,0,ENGRO.KA
2024-07-09 00:00:00+05:00,314.95731410975003,316.3976676803739,313.0368426822516,314.08349609375,190989,0.0,0.0,0.0,0.0,0.011402092806369307,319878.6,316.7870635986328,0,9,7,2024,1,ENGRO.KA
2024-07-10 00:00:00+05:00,315.907975975461,316.3688997228032,312.0766443954172,312.23028564453125,220517,0.0,0.0,0.0,-0.005900375130393987,0.011420140886381741,317800.4,316.7428955078125,0,10,7,2024,2,ENGRO.KA
2024-07-11 00:00:00+05:00,313.99709701015547,313.99709701015547,310.50182473895114,312.9984436035156,96615,0.0,0.0,0.0,0.002460228857680047,0.011340853031430795,316413.15,316.83363647460936,0,11,7,2024,3,ENGRO.KA
2024-07-12 00:00:00+05:00,312.0766321353665,313.997103717738,309.09989532187655,313.065673828125,149778,0.0,0.0,0.0,0.00021479411793667857,0.010864887785361014,303719.9,317.13755187988284,0,12,7,2024,4,ENGRO.KA
2024-07-15 00:00:00+05:00,318.1548990865529,322.6392129459917,317.0218279312074,321.2756652832031,739891,0.0,0.0,0.0,0.026224502209672096,0.012107335651152183,327768.8,317.6997695922852,0,15,7,2024,0,ENGRO.KA
2024-07-16 00:00:00+05:00,321.2756652832031,321.2756652832031,321.2756652832031,321.2756652832031,0,0.0,0.0,0.0,0.0,0.010641885010544024,299175.1,317.8529251098633,0,16,7,2024,1,ENGRO.KA
2024-07-17 00:00:00+05:00,321.2756652832031,321.2756652832031,321.2756652832031,321.2756652832031,0,0.0,0.0,0.0,0.0,0.010441576606428377,285008.1,317.85868682861326,0,17,7,2024,2,ENGRO.KA
2024-07-18 00:00:00+05:00,321.6789827579099,336.08251929930884,321.2948943109533,334.7958068847656,828421,0.0,0.0,0.0,0.04208268182915309,0.013958025393629298,315361.4,318.3954574584961,0,18,7,2024,3,ENGRO.KA
2024-07-19 00:00:00+05:00,335.07426190719565,335.50635039319866,324.6652810486554,327.2003173828125,473413,0.0,0.0,0.0,-0.02268693139447664,0.014203196834303619,318353.7,318.87365264892577,0,19,7,2024,4,ENGRO.KA
2024-07-22 00:00:00+05:00,321.6789601416606,326.24007972575873,314.9573102282527,316.2824401855469,360490,0.0,0.0,0.0,-0.0333675629797513,0.01620433142257801,311513.85,318.8482040405273,0,22,7,2024,0,ENGRO.KA
2024-07-23 00:00:00+05:00,316.8778285572249,322.648855357646,316.3977106351685,319.0191650390625,241655,0.0,0.0,0.0,0.008652787843391296,0.015586948577724581,305624.0,318.6268707275391,0,23,7,2024,1,ENGRO.KA
2024-07-24 00:00:00+05:00,322.6392146650574,323.8395093624721,318.9903305065448,321.61175537109375,151563,0.0,0.0,0.0,0.008126754177022022,0.015706476104457245,299943.45,318.5217254638672,0,24,7,2024,2,ENGRO.KA
2024-07-25 00:00:00+05:00,321.678995027617,323.59946663972215,316.87781599735405,317.2811279296875,285598,0.0,0.0,0.0,-0.013465389150372764,0.01564091326670412,306652.0,318.44058685302736,0,25,7,2024,3,ENGRO.KA
2024-07-26 00:00:00+05:00,316.87779823486477,319.75850549154535,315.9175624826379,316.7817687988281,185186,0.0,0.0,0.0,-0.0015738696282309173,0.01563704092380254,308096.2,318.30567321777346,0,26,7,2024,4,ENGRO.KA
2024-07-29 00:00:00+05:00,313.0464671837671,319.2783878428562,313.0464671837671,314.8517150878906,304169,0.0,0.0,0.0,-0.006092691881404266,0.015509312778971301,310740.75,318.24517822265625,0,29,7,2024,0,ENGRO.KA
2024-07-30 00:00:00+05:00,316.8777968432976,317.79003252553485,315.90794936050526,316.7625732421875,221434,0.0,0.0,0.0,0.006069073353351273,0.015552552504354151,272247.55,318.22693328857423,0,30,7,2024,1,ENGRO.KA
2024-07-31 00:00:00+05:00,313.987498393973,320.2386428995397,313.1329037604841,318.5870361328125,315092,0.0,0.0,0.0,0.005759717355339422,0.015600459815083543,273486.55,318.26966400146483,0,31,7,2024,2,ENGRO.KA
2024-08-01 00:00:00+05:00,316.8969854829365,319.23038058100525,315.91755558651,317.6651916503906,97376,0.0,0.0,0.0,-0.0028935404704840684,0.01561024675010812,262566.15,318.2941497802734,0,1,8,2024,3,ENGRO.KA
2024-08-02 00:00:00+05:00,316.02317040044437,319.75850149588405,316.02317040044437,318.980712890625,51779,0.0,0.0,0.0,0.004141219355509929,0.01552147799937089,248517.95,318.5054000854492,0,2,8,2024,4,ENGRO.KA
2024-08-05 00:00:00+05:00,318.79826249506664,318.79826249506664,315.8407493392039,316.37847900390625,154363,0.0,0.0,0.0,-0.008157966239203396,0.015639005810571427,253416.45,318.62014923095705,0,5,8,2024,0,ENGRO.KA
2024-08-06 00:00:00+05:00,316.87779906029954,320.47868314053017,314.0931212324017,319.6720886230469,379824,0.0,0.0,0.0,0.010410346587133024,0.015794670998285767,262858.2,318.8995788574219,0,6,8,2024,1,ENGRO.KA
2024-08-07 00:00:00+05:00,320.07539631343235,325.0398284482205,320.07539631343235,321.8614501953125,180795,0.0,0.0,0.0,0.006848773008916842,0.015758743803679674,260872.1,319.3811370849609,0,7,8,2024,2,ENGRO.KA
2024-08-08 00:00:00+05:00,318.79828201679754,322.56241920428096,318.79828201679754,320.4306945800781,55640,0.0,0.0,0.0,-0.004445253118589232,0.015815320452006287,258823.35,319.75274963378905,0,8,8,2024,3,ENGRO.KA
2024-08-09 00:00:00+05:00,319.76812559441623,324.55969274611704,319.76812559441623,322.63922119140625,107417,0.0,0.0,0.0,0.006892369079130711,0.01586179147726671,256705.3,320.23142700195314,0,9,8,2024,4,ENGRO.KA
2024-08-12 00:00:00+05:00,321.69816639155465,324.5596794402263,316.8681818016336,318.33734130859375,87136,0.0,0.0,0.0,-0.013333406480858123,0.015080151001995655,224067.55,320.08451080322266,0,12,8,2024,0,ENGRO.KA
2024-08-13 00:00:00+05:00,317.8380165890845,319.72007035528867,316.87778088941957,318.836669921875,59291,0.0,0.0,0.0,0.001568551811196972,0.015086153659811405,227032.1,319.9625610351562,0,13,8,2024,1,ENGRO.KA
2024-08-15 00:00:00+05:00,318.7982866765011,323.59946569271347,317.8380508732586,319.8449401855469,112687,0.0,0.0,0.0,0.0031623409688694704,0.015105727395407498,232666.45,319.8910247802734,0,15,8,2024,3,ENGRO.KA
2024-08-16 00:00:00+05:00,319.8545353494543,320.7187416667844,316.87779865281095,319.3456115722656,382184,0.0,0.0,0.0,-0.0015611583944131757,0.011382526022531715,210354.6,319.11851501464844,0,16,8,2024,4,ENGRO.KA
2024-08-19 00:00:00+05:00,319.75849921434445,320.71873494772086,315.4374384141506,319.27838134765625,357612,0.0,0.0,0.0,-0.0002105249678502341,0.010323794247398753,204564.55,318.7224182128906,0,19,8,2024,0,ENGRO.KA
2024-08-20 00:00:00+05:00,319.2783827390105,319.758500607791,315.44705152344454,319.2975769042969,355942,0.0,0.0,0.0,6.0121692422754336e-05,0.00701211562660254,204337.15,318.8731750488281,0,20,8,2024,1,ENGRO.KA
2024-08-21 00:00:00+05:00,319.27839741394564,321.66937513306635,317.8380437414015,319.441650390625,717723,0.0,0.0,0.0,0.0004512201054733822,0.006744832143832271,228140.55,318.89429931640626,0,21,8,2024,2,ENGRO.KA
2024-08-22 00:00:00+05:00,318.7982894397696,320.71876106290074,314.47722828772453,315.3798522949219,230906,0.0,0.0,0.0,-0.01271530525445319,0.007041004086362151,232107.7,318.5827041625977,0,22,8,2024,3,ENGRO.KA
2024-08-23 00:00:00+05:00,315.91757418014873,316.30166263444727,311.8845721498377,312.0958251953125,235057,0.0,0.0,0.0,-0.01041292611342326,0.006783925351895994,229580.65,318.3234390258789,0,23,8,2024,4,ENGRO.KA
2024-08-26 00:00:00+05:00,313.02722551460437,314.8324733137702,305.25892224169553,306.6608581542969,216758,0.0,0.0,0.0,-0.017414417631553936,0.00773662833327529,231159.25,317.81739349365233,0,26,8,2024,0,ENGRO.KA
2024-08-27 00:00:00+05:00,308.2357038944338,308.2357038944338,298.6333455176602,299.4303283691406,210636,0.0,0.0,0.0,-0.023578261107970233,0.009133646971602762,226482.6,317.0463241577148,0,27,8,2024,1,ENGRO.KA
2024-08-28 00:00:00+05:00,299.43030148027674,305.5470278324197,299.43030148027674,304.59637451171875,316791,0.0,0.0,0.0,0.017252915463557672,0.009986371010712411,231250.45,316.4380142211914,0,28,8,2024,2,ENGRO.KA
2024-08-29 00:00:00+05:00,304.63480007694596,317.3579241148326,304.63480007694596,316.8586120605469,668844,0.0,0.0,0.0,0.04025733257162045,0.013677669092649695,248938.05,316.3515930175781,0,29,8,2024,3,ENGRO.KA
2024-08-30 00:00:00+05:00,316.87779456408356,324.2716214922066,315.43744095242863,317.06024169921875,684961,0.0,0.0,0.0,0.0006363394618207341,0.013663631117410893,278317.3,316.3213455200195,0,30,8,2024,4,ENGRO.KA
2024-09-02 00:00:00+05:00,317.95577403731835,317.95577403731835,309.98473206362934,311.8741760253906,183396,8.0,0.0,0.0,-0.01635672024355528,0.014097933931292123,284898.15,315.9660186767578,0,2,9,2024,0,ENGRO.KA
2024-09-03 00:00:00+05:00,312.9369476543455,313.871834196178,310.08312615062835,311.6182861328125,47866,0.0,0.0,0.0,-0.000820490801256013,0.013997858154992824,279573.3,315.72800903320314,0,3,9,2024,1,ENGRO.KA
2024-09-04 00:00:00+05:00,312.83854324942905,316.8732710297487,311.9528786224545,314.895263671875,137763,0.0,0.0,0.0,0.01051599885144694,0.014002277233837639,267470.25,315.48916778564455,0,4,9,2024,2,ENGRO.KA
2024-09-05 00:00:00+05:00,314.9149564264337,319.8156479187702,311.9528706626816,317.1488037109375,154141,0.0,0.0,0.0,0.007156474863371454,0.014011128165741238,266137.55,315.25353546142577,0,5,9,2024,3,ENGRO.KA
2024-09-06 00:00:00+05:00,316.8732724870625,317.8573509730471,313.9210370291085,314.80670166015625,152037,0.0,0.0,0.0,-0.007384867996903854,0.014068396639182927,270957.4,314.9723358154297,0,6,9,2024,4,ENGRO.KA
2024-09-09 00:00:00+05:00,314.9051231632542,316.8240882702074,309.8863167565013,311.73638916015625,205934,0.0,0.0,0.0,-0.009753008699651233,0.014082243228439827,275883.25,314.4271942138672,0,9,9,2024,0,ENGRO.KA
2024-09-10 00:00:00+05:00,312.3957215325068,319.82550194973953,309.98471727436294,313.6651611328125,301504,0.0,0.0,0.0,0.006187189047298869,0.013903300058930266,286601.65,314.19358520507814,0,10,9,2024,1,ENGRO.KA
2024-09-11 00:00:00+05:00,313.06487294510475,314.895244393347,310.1421588328388,311.7855529785156,52643,0.0,0.0,0.0,-0.005992403324323936,0.013942598580751803,286269.25,313.84102935791014,0,11,9,2024,2,ENGRO.KA
2024-09-12 00:00:00+05:00,313.9210427429501,313.9210427429501,310.0043994860331,312.7303161621094,176080,0.0,0.0,0.0,0.0030301698541459476,0.01394054006136351,289438.9,313.4852981567383,0,12,9,2024,3,ENGRO.KA
2024-09-13 00:00:00+05:00,317.8573326078638,317.8573326078638,310.9687836039782,312.5137939453125,185441,0.0,0.0,0.0,-0.0006923608157152206,0.01394016001407299,279601.75,313.1437072753906,0,13,9,2024,4,ENGRO.KA
2024-09-16 00:00:00+05:00,312.523618415668,314.31464838782415,309.79773194256876,310.0732727050781,124734,0.0,0.0,0.0,-0.0078093232603404505,0.014021138522274936,267957.85,312.6834518432617,0,16,9,2024,0,ENGRO.KA
2024-09-17 00:00:00+05:00,310.0732727050781,310.0732727050781,310.0732727050781,310.0732727050781,0,0.0,0.0,0.0,0.0,0.014020822412331619,250160.75,312.2222366333008,0,17,9,2024,1,ENGRO.KA
2024-09-18 00:00:00+05:00,312.8385410341283,313.03536874170305,308.7546213713319,310.7227783203125,327095,0.0,0.0,0.0,0.0020946842969342683,0.014036877900750247,230629.35,311.78629302978516,0,18,9,2024,2,ENGRO.KA
2024-09-19 00:00:00+05:00,312.44491104669873,317.85734257664154,310.7719656520399,313.8423156738281,990994,0.0,0.0,0.0,0.010039615925099055,0.013984156145017431,268633.75,311.7094161987305,0,19,9,2024,3,ENGRO.KA
2024-09-20 00:00:00+05:00,314.413081154103,317.85735590852977,312.8483999408951,315.81048583984375,1870674,0.0,0.0,0.0,0.006271207124475486,0.013836708579240947,350414.6,311.89514923095703,0,20,9,2024,4,ENGRO.KA
2024-09-23 00:00:00+05:00,315.88918431455494,316.87326277036357,310.0831274316226,315.2003173828125,626961,0.0,0.0,0.0,-0.0019320715568028612,0.01318891750660126,370924.75,312.32212219238284,0,23,9,2024,0,ENGRO.KA
2024-09-24 00:00:00+05:00,313.08456998895457,316.8634278398801,310.96880721204656,312.2776184082031,586709,0.0,0.0,0.0,-0.009272512790841292,0.012102965989600822,389728.4,312.96448669433596,0,24,9,2024,1,ENGRO.KA
2024-09-25 00:00:00+05:00,312.9369661517798,314.00960812377997,308.01657360222356,311.9627380371094,760724,0.0,0.0,0.0,-0.0010083347397703557,0.011582971115270244,411925.05,313.33280487060546,0,25,9,2024,2,ENGRO.KA
2024-09-26 00:00:00+05:00,313.92101704806436,315.3479427745953,308.9219118713994,309.3844299316406,430917,0.0,0.0,0.0,-0.00826479508960476,0.0072590726731676216,400028.7,312.95909576416017,0,26,9,2024,3,ENGRO.KA
2024-09-27 00:00:00+05:00,313.429004136722,313.429004136722,302.13177207730774,304.25738525390625,453855,0.0,0.0,0.0,-0.016571760508010125,0.008014497029036649,388473.4,312.3189529418945,0,27,9,2024,4,ENGRO.KA
2024-09-30 00:00:00+05:00,305.0741697170993,306.04839777189125,297.95927171633116,298.8843078613281,386413,0.0,0.0,0.0,-0.017659644935468788,0.008141388338938947,398624.25,311.6694595336914,0,30,9,2024,0,ENGRO.KA
2024-10-01 00:00:00+05:00,297.29992309264037,300.14392419944664,297.29992309264037,299.28778076171875,2552323,0.0,0.0,0.0,0.001349930022347623,0.00817364887252137,523847.1,311.05293426513674,0,1,10,2024,1,ENGRO.KA
2024-10-02 00:00:00+05:00,299.1598595821649,305.0643304949708,297.20155300622577,303.79486083984375,544603,0.0,0.0,0.0,0.015059352128088843,0.00859180498221972,544189.1,310.49791412353517,0,2,10,2024,2,ENGRO.KA
2024-10-03 00:00:00+05:00,305.940154173995,309.2466432474438,304.1983161516514,306.8454895019531,308926,0.0,0.0,0.0,0.010041738868379335,0.008771697029271146,551928.35,309.9827484130859,0,3,10,2024,3,ENGRO.KA
2024-10-04 00:00:00+05:00,307.5245289133139,309.49268589835907,306.04841117453,308.4200439453125,552022,0.0,0.0,0.0,0.005131424437475163,0.008784734474569912,571927.6,309.6634155273438,0,4,10,2024,4,ENGRO.KA
2024-10-07 00:00:00+05:00,309.9650387573935,319.7270800932569,305.06431730032153,317.41448974609375,1863494,0.0,0.0,0.0,0.02916297425330794,0.010816063644630974,654805.6,309.94732055664065,0,7,10,2024,0,ENGRO.KA
2024-10-08 00:00:00+05:00,319.8255106933814,322.2857069294843,318.8414321989402,320.4750061035156,670233,0.0,0.0,0.0,0.009642018421622822,0.010930947455920728,673242.05,310.2878128051758,0,8,10,2024,1,ENGRO.KA
2024-10-09 00:00:00+05:00,320.4750061035156,320.4750061035156,320.4750061035156,320.4750061035156,0,0.0,0.0,0.0,0.0,0.010806838793683491,670609.9,310.72228546142577,0,9,10,2024,2,ENGRO.KA
2024-10-10 00:00:00+05:00,317.8573442813697,319.82550121190445,314.9051088855675,316.7453308105469,1244761,0.0,0.0,0.0,-0.011637959971717904,0.01118372624335067,724043.95,310.9230361938477,0,10,10,2024,3,ENGRO.KA
2024-10-11 00:00:00+05:00,317.6998958355805,318.5757401061423,315.2987419195025,315.6235046386719,107190,0.0,0.0,0.0,-0.0035417291519476146,0.011220448130982006,720131.4,311.0785217285156,0,11,10,2024,4,ENGRO.KA
2024-10-14 00:00:00+05:00,315.8891894274247,317.85734637089774,311.06721092225405,312.080810546875,2595359,0.0,0.0,0.0,-0.011224430499409688,0.011379295207804334,843662.65,311.1788986206055,0,14,10,2024,0,ENGRO.KA
2024-10-15 00:00:00+05:00,311.8544477524418,313.9210184570867,308.18385443715954,308.8431701660156,519912,0.0,0.0,0.0,-0.010374365457414325,0.011631382509854604,869658.25,311.11739349365234,0,15,10,2024,1,ENGRO.KA
2024-10-16 00:00:00+05:00,309.0006368341675,310.91960184629187,305.85157374547396,307.0915222167969,235796,0.0,0.0,0.0,-0.00567164217449645,0.011682563240964207,865093.3,310.9358306884766,0,16,10,2024,2,ENGRO.KA
2024-10-17 00:00:00+05:00,307.9083176381047,308.01655185133933,304.9167107703557,305.1332092285156,207276,0.0,0.0,0.0,-0.006376968579740683,0.011476260752070195,825907.4,310.50037536621096,0,17,10,2024,3,ENGRO.KA
2024-10-18 00:00:00+05:00,304.5722999787584,306.9340824052115,302.653334864438,303.26348876953125,229598,0.0,0.0,0.0,-0.006127554793893708,0.01137771187073192,743853.6,309.87302551269534,0,18,10,2024,4,ENGRO.KA
2024-10-21 00:00:00+05:00,303.36184430878313,307.53435723920325,303.36184430878313,305.71380615234375,136629,0.0,0.0,0.0,0.008079829829678697,0.011597313977497506,719337.0,309.39869995117186,0,21,10,2024,0,ENGRO.KA
2024-10-22 00:00:00+05:00,307.00296573520393,311.9528793065288,305.1037014694296,310.3193054199219,329486,0.0,0.0,0.0,0.015064740861860493,0.012004449950665566,706475.85,309.3007843017578,0,22,10,2024,1,ENGRO.KA
2024-10-23 00:00:00+05:00,310.9688109304671,311.95288944606983,306.0484183524534,307.2981872558594,299951,0.0,0.0,0.0,-0.009735514714349969,0.012190774859704068,683437.2,309.0675567626953,0,23,10,2024,2,ENGRO.KA
2024-10-24 00:00:00+05:00,308.97112226237516,314.10801314080624,307.672131458245,310.9983215332031,305102,0.0,0.0,0.0,0.012040859434888196,0.012370317583894681,677146.45,309.14825134277345,0,24,10,2024,3,ENGRO.KA
2024-10-25 00:00:00+05:00,311.91349767730725,319.16615106208764,309.0104842634779,311.8446350097656,673737,0.0,0.0,0.0,0.0027212798846958375,0.011717753192711174,688140.55,309.5276138305664,0,25,10,2024,4,ENGRO.KA
2024-10-28 00:00:00+05:00,311.9528793065288,318.3493894500381,308.5184550088476,310.3193054199219,1004377,0.0,0.0,0.0,-0.004891312591592256,0.010953472962997927,719038.75,310.09936370849607,0,28,10,2024,0,ENGRO.KA
2024-10-29 00:00:00+05:00,309.33522974804345,310.466914008151,305.5563719404096,308.6463928222656,3009489,0.0,0.0,0.0,-0.005390939488577717,0.011075474294980079,741897.05,310.5672943115234,0,29,10,2024,1,ENGRO.KA
2024-10-30 00:00:00+05:00,309.4926759386877,311.90368018045734,304.8379740074378,305.5957336425781,944997,0.0,0.0,0.0,-0.009883994275106334,0.010882640899812484,761916.75,310.65733795166017,0,30,10,2024,2,ENGRO.KA
2024-10-31 00:00:00+05:00,305.56620098220253,306.9832763150001,293.0585425929726,294.6134033203125,1940669,0.0,0.0,0.0,-0.03593744647989905,0.013312995455824947,843503.9,310.0457336425781,0,31,10,2024,3,ENGRO.KA
2024-11-01 00:00:00+05:00,295.2235549463217,301.12802604524813,293.25539791334626,299.7306213378906,702276,0.0,0.0,0.0,0.017369264126841255,0.013922756789760888,851016.6,309.611262512207,0,1,11,2024,4,ENGRO.KA
2024-11-04 00:00:00+05:00,301.52162165004,308.01654522338873,300.14391786943634,306.8454895019531,1550344,0.0,0.0,0.0,0.023737541837748344,0.01333781157894264,835359.1,309.0828125,0,4,11,2024,0,ENGRO.KA
2024-11-05 00:00:00+05:00,310.96880463157595,311.21482425549334,306.04841215322824,308.7841491699219,628513,0.0,0.0,0.0,0.006318032150693931,0.013210364688117482,833273.1,308.49826965332034,0,5,11,2024,1,ENGRO.KA
2024-11-06 00:00:00+05:00,309.00063699757726,310.96879392112874,307.03248007402584,309.0400085449219,686136,0.0,0.0,0.0,0.0008286026847161843,0.013217515568940167,867579.9,307.9265197753906,0,6,11,2024,2,ENGRO.KA
2024-11-07 00:00:00+05:00,309.0,326.0,309.0,323.2099914550781,3360384,5.0,0.0,0.0,0.04585161311920083,0.016733413006722885,973361.05,308.2497528076172,0,7,11,2024,3,ENGRO.KA
2024-11-08 00:00:00+05:00,324.0,332.3900146484375,323.2300109863281,324.9200134277344,974831,0.0,0.0,0.0,0.005290746009916969,0.016719820001341958,1016743.1,308.71457824707034,0,8,11,2024,4,ENGRO.KA
2024-11-11 00:00:00+05:00,325.1499938964844,330.0,320.0,321.6300048828125,526436,0.0,0.0,0.0,-0.010125595251009645,0.016677265769337788,913296.95,309.19203796386716,0,11,11,2024,0,ENGRO.KA
2024-11-12 00:00:00+05:00,321.0,321.6300048828125,314.0,314.989990234375,638317,0.0,0.0,0.0,-0.0206448855754513,0.017216082559318405,919217.2,309.49937896728517,0,12,11,2024,1,ENGRO.KA
2024-11-13 00:00:00+05:00,318.25,323.5199890136719,316.0,319.92999267578125,2042978,0.0,0.0,0.0,0.015683045793710937,0.01743315372058598,1009576.3,310.14130249023435,0,13,11,2024,2,ENGRO.KA
2024-11-14 00:00:00+05:00,320.010009765625,326.7699890136719,320.0,320.4599914550781,851419,0.0,0.0,0.0,0.0016566086063520835,0.017317453087227003,1041783.45,310.9076416015625,0,14,11,2024,3,ENGRO.KA
2024-11-15 00:00:00+05:00,323.0,323.0,320.0,320.95001220703125,311115,0.0,0.0,0.0,0.001529116785306428,0.017198695778383864,1045859.3,311.7919677734375,0,15,11,2024,4,ENGRO.KA
2024-11-18 00:00:00+05:00,322.0,324.5,320.0,322.7200012207031,408822,0.0,0.0,0.0,0.005514843266402947,0.017168186536290597,1059468.95,312.6422775268555,0,18,11,2024,0,ENGRO.KA
2024-11-19 00:00:00+05:00,323.0,323.0,320.0,320.44000244140625,2166313,0.0,0.0,0.0,-0.007064944133219786,0.01705223941844159,1151310.3,313.1483123779297,0,19,11,2024,1,ENGRO.KA
2024-11-20 00:00:00+05:00,321.1000061035156,322.3999938964844,317.0,320.0400085449219,745569,0.0,0.0,0.0,-0.0012482645532294612,0.016856019279583353,1173591.2,313.7854034423828,0,20,11,2024,2,ENGRO.KA
2024-11-21 00:00:00+05:00,320.04998779296875,344.739990234375,318.5,333.239990234375,3335376,0.0,0.0,0.0,0.04124478607992632,0.01889761575799637,1325104.9,314.8974868774414,0,21,11,2024,3,ENGRO.KA
2024-11-22 00:00:00+05:00,334.0,344.5,328.1499938964844,337.760009765625,3619712,0.0,0.0,0.0,0.013563856871052549,0.019025330544567218,1472403.65,316.19325561523436,0,22,11,2024,4,ENGRO.KA
2024-11-25 00:00:00+05:00,337.760009765625,339.79998779296875,330.0,332.7099914550781,948333,0.0,0.0,0.0,-0.014951498592302714,0.019406680182934687,1469601.45,317.3127899169922,0,25,11,2024,0,ENGRO.KA
2024-11-26 00:00:00+05:00,330.510009765625,332.7099914550781,315.0,319.20001220703125,1015101,0.0,0.0,0.0,-0.040605871765263646,0.021730167648352044,1369882.05,317.8404708862305,0,26,11,2024,1,ENGRO.KA
2024-11-27 00:00:00+05:00,325.0,329.70001220703125,320.8999938964844,324.29998779296875,1261440,0.0,0.0,0.0,0.015977366512848645,0.021761080729169248,1385704.2,318.77568359375,0,27,11,2024,2,ENGRO.KA
2024-11-28 00:00:00+05:00,325.510009765625,331.989990234375,323.6600036621094,327.2300109863281,895631,0.0,0.0,0.0,0.009034916138294324,0.019733204384124122,1333452.3,320.4065139770508,0,28,11,2024,3,ENGRO.KA
2024-11-29 00:00:00+05:00,329.3699951171875,338.0,324.5,335.8800048828125,1465597,0.0,0.0,0.0,0.026433987122427505,0.020121702161408482,1371618.35,322.2139831542969,0,29,11,2024,4,ENGRO.KA
2024-12-02 00:00:00+05:00,339.0,369.0,333.0,358.0899963378906,3072536,0.0,0.0,0.0,0.06612478007682276,0.02396454141044023,1447727.95,324.7762084960938,0,2,12,2024,0,ENGRO.KA
2024-12-03 00:00:00+05:00,362.489990234375,390.9599914550781,360.010009765625,380.07000732421875,3237133,0.0,0.0,0.0,0.061381248320570236,0.026758719184780913,1578158.95,328.3405014038086,0,3,12,2024,1,ENGRO.KA
2024-12-04 00:00:00+05:00,381.010009765625,383.0,370.1400146484375,377.80999755859375,1090966,0.0,0.0,0.0,-0.0059462986346541236,0.026933554434542283,1598400.45,331.7790008544922,0,4,12,2024,2,ENGRO.KA
2024-12-05 00:00:00+05:00,378.0,379.989990234375,371.0,373.29998779296875,1799473,0.0,0.0,0.0,-0.01193724304483379,0.026018324867791147,1520354.9,334.2835006713867,0,5,12,2024,3,ENGRO.KA
2024-12-06 00:00:00+05:00,380.0,410.0,380.0,407.5400085449219,5622094,0.0,0.0,0.0,0.09172253381091067,0.032093015888523924,1752718.05,338.4145004272461,0,6,12,2024,4,ENGRO.KA
2024-12-09 00:00:00+05:00,408.0,429.44000244140625,406.0,418.4200134277344,3521896,0.0,0.0,0.0,0.02669677738305598,0.03181998399040138,1902491.05,343.2540008544922,0,9,12,2024,0,ENGRO.KA
2024-12-10 00:00:00+05:00,422.0,433.9800109863281,395.0,410.20001220703125,3177358,0.0,0.0,0.0,-0.0196453347280503,0.031763923586885505,2029443.1,348.014501953125,0,10,12,2024,1,ENGRO.KA
2024-12-11 00:00:00+05:00,415.010009765625,426.5,413.30999755859375,418.2300109863281,1298734,0.0,0.0,0.0,0.019575813116368357,0.03178825647119545,1992230.9,352.9295028686523,0,11,12,2024,2,ENGRO.KA
2024-12-12 00:00:00+05:00,419.0,447.45001220703125,418.0,439.1700134277344,3271966,0.0,0.0,0.0,0.05006814884475319,0.0326345831032179,2113258.25,358.86500396728513,0,12,12,2024,3,ENGRO.KA
2024-12-13 00:00:00+05:00,444.510009765625,444.510009765625,425.010009765625,431.3699951171875,1298995,0.0,0.0,0.0,-0.017760817159777176,0.03337308450499856,2162652.25,364.386003112793,0,13,12,2024,4,ENGRO.KA
2024-12-16 00:00:00+05:00,432.0,434.0,424.010009765625,425.8800048828125,995329,0.0,0.0,0.0,-0.012726870891619502,0.03390279082463127,2191977.6,369.54400329589845,0,16,12,2024,0,ENGRO.KA
2024-12-17 00:00:00+05:00,426.0,435.0,411.010009765625,422.1099853515625,1736942,0.0,0.0,0.0,-0.0088523046116884,0.03396491814155523,2170509.05,374.62750244140625,0,17,12,2024,1,ENGRO.KA
2024-12-18 00:00:00+05:00,423.010009765625,433.0,405.25,409.0299987792969,1551187,0.0,0.0,0.0,-0.030987152699957332,0.03531068737718249,2210789.95,379.077001953125,0,18,12,2024,2,ENGRO.KA
2024-12-19 00:00:00+05:00,405.0,409.04998779296875,385.0,387.8900146484375,1950867,0.0,0.0,0.0,-0.051683211974547616,0.03743742121392665,2141564.5,381.80950317382815,0,19,12,2024,3,ENGRO.KA
2024-12-20 00:00:00+05:00,386.0,399.8999938964844,385.0,396.05999755859375,858656,0.0,0.0,0.0,0.021062627553228186,0.03753062072564949,2003511.7,384.72450256347656,0,20,12,2024,4,ENGRO.KA
2024-12-23 00:00:00+05:00,408.989990234375,435.6700134277344,405.0199890136719,435.6700134277344,3890190,0.0,0.0,0.0,0.10001014016387932,0.042234588901657925,2150604.55,389.87250366210935,0,23,12,2024,0,ENGRO.KA
2024-12-24 00:00:00+05:00,440.0,446.739990234375,425.0199890136719,427.8900146484375,2593690,0.0,0.0,0.0,-0.017857549382584215,0.040962503960323284,2229534.0,395.3070037841797,0,24,12,2024,1,ENGRO.KA
2024-12-26 00:00:00+05:00,431.0,434.9800109863281,422.0,425.7200012207031,921301,0.0,0.0,0.0,-0.005071428061992234,0.0412201194558907,2212527.05,400.3780044555664,0,26,12,2024,3,ENGRO.KA
2024-12-27 00:00:00+05:00,424.5,438.0,421.04998779296875,425.6600036621094,1468616,0.0,0.0,0.0,-0.00014093197036013638,0.041334845025494914,2241176.3,405.2995040893555,0,27,12,2024,4,ENGRO.KA
2024-12-30 00:00:00+05:00,430.0,459.0,426.0,451.8999938964844,2569139,0.0,0.0,0.0,0.06164542124846761,0.042621136750025816,2296353.4,411.1005035400391,0,30,12,2024,0,ENGRO.KA
2024-12-31 00:00:00+05:00,460.1099853515625,461.0,443.0,445.2799987792969,1374271,0.0,0.0,0.0,-0.014649248078334565,0.041409646460063995,2211440.15,415.4600036621094,0,31,12,2024,1,ENGRO.KA
2025-01-01 00:00:00+05:00,445.2799987792969,445.2799987792969,445.2799987792969,445.2799987792969,0,0.0,0.0,0.0,0.0,0.03977982104574444,2049583.5,418.72050323486326,0,1,1,2025,2,ENGRO.KA
2025-01-02 00:00:00+05:00,452.0,484.0,451.510009765625,478.29998779296875,3602326,0.0,0.0,0.0,0.07415556302594717,0.04218952890325441,2175151.5,423.74500274658203,0,2,1,2025,3,ENGRO.KA
2025-01-03 00:00:00+05:00,481.989990234375,496.0,474.010009765625,485.3800048828125,4496408,0.0,0.0,0.0,0.014802461364285646,0.04179010809744695,2309998.25,429.34900360107423,0,3,1,2025,4,ENGRO.KA
2025-01-06 00:00:00+05:00,485.3800048828125,485.3800048828125,485.3800048828125,485.3800048828125,0,0.0,0.0,0.0,0.0,0.03764078882306058,2028893.55,433.2410034179687,0,6,1,2025,0,ENGRO.KA
2025-01-07 00:00:00+05:00,485.3800048828125,485.3800048828125,485.3800048828125,485.3800048828125,0,0.0,0.0,0.0,0.0,0.03746929303177049,1852798.75,436.58900299072263,0,7,1,2025,1,ENGRO.KA
2025-01-08 00:00:00+05:00,485.3800048828125,485.3800048828125,485.3800048828125,485.3800048828125,0,0.0,0.0,0.0,0.0,0.03695774780752736,1693930.85,440.3480026245117,0,8,1,2025,2,ENGRO.KA
2025-01-09 00:00:00+05:00,485.3800048828125,485.3800048828125,485.3800048828125,485.3800048828125,0,0.0,0.0,0.0,0.0,0.036924341378369516,1628994.15,443.70550231933595,0,9,1,2025,3,ENGRO.KA
2025-01-10 00:00:00+05:00,485.3800048828125,485.3800048828125,485.3800048828125,485.3800048828125,0,0.0,0.0,0.0,0.0,0.03560289061478627,1465395.85,446.01600189208983,0,10,1,2025,4,ENGRO.KA
2025-01-13 00:00:00+05:00,485.3800048828125,485.3800048828125,485.3800048828125,485.3800048828125,0,0.0,0.0,0.0,0.0,0.035208929145985765,1400446.1,448.7165023803711,0,13,1,2025,0,ENGRO.KA
