Date,Open,High,Low,Close,Volume,Dividends,Stock Splits,Capital Gains,Returns,Volatility,Volume_MA,Price_MA,Hour,Day,Month,Year,DayOfWeek,Ticker
2020-05-18 00:00:00+05:00,57.37293195953656,57.42420278682498,56.34749976691469,56.455169677734375,669083,0.0,0.0,0.0,,,,,0,18,5,2020,0,FFC.KA
2020-05-19 00:00:00+05:00,56.2039373099585,56.911484082223446,56.2039373099585,56.557708740234375,980115,0.0,0.0,0.0,0.0018162918132267336,,,,0,19,5,2020,1,FFC.KA
2020-05-20 00:00:00+05:00,56.50130005924391,56.911474412487394,55.37332645539314,55.62968444824219,359212,0.0,0.0,0.0,-0.016408449222272026,,,,0,20,5,2020,2,FFC.KA
2020-05-21 00:00:00+05:00,55.62967799339913,56.142393919605574,55.62967799339913,55.76298522949219,94892,0.0,0.0,0.0,0.002396216742412527,,,,0,21,5,2020,3,FFC.KA
2020-05-22 00:00:00+05:00,55.76298522949219,55.76298522949219,55.76298522949219,55.76298522949219,0,0.0,0.0,0.0,0.0,,,,0,22,5,2020,4,FFC.KA
2020-05-25 00:00:00+05:00,55.76298522949219,55.76298522949219,55.76298522949219,55.76298522949219,0,0.0,0.0,0.0,0.0,,,,0,25,5,2020,0,FFC.KA
2020-05-26 00:00:00+05:00,55.76298522949219,55.76298522949219,55.76298522949219,55.76298522949219,0,0.0,0.0,0.0,0.0,,,,0,26,5,2020,1,FFC.KA
2020-05-27 00:00:00+05:00,55.76298522949219,55.76298522949219,55.76298522949219,55.76298522949219,0,0.0,0.0,0.0,0.0,,,,0,27,5,2020,2,FFC.KA
2020-05-28 00:00:00+05:00,55.880916637438034,55.8860448927995,55.373328884608675,55.71172332763672,316524,0.0,0.0,0.0,-0.0009192818792699287,,,,0,28,5,2020,3,FFC.KA
2020-05-29 00:00:00+05:00,55.732222004725216,56.65511227617127,55.37332240566966,56.15264892578125,1054462,0.0,0.0,0.0,0.007914413193637504,,,,0,29,5,2020,4,FFC.KA
2020-06-01 00:00:00+05:00,55.988572362021124,56.09111788473809,55.73221442279628,55.96806716918945,194735,0.0,0.0,0.0,-0.003287142461182224,,,,0,1,6,2020,0,FFC.KA
2020-06-02 00:00:00+05:00,55.88604639914477,55.937317219003255,54.99392161612609,55.39896774291992,860270,0.0,0.0,0.0,-0.01016828800875269,,,,0,2,6,2020,1,FFC.KA
2020-06-03 00:00:00+05:00,55.39896278454515,55.655320772605585,53.91208567145213,55.311798095703125,505559,0.0,0.0,0.0,-0.0015734886545415439,,,,0,3,6,2020,2,FFC.KA
2020-06-04 00:00:00+05:00,55.50150549773885,55.7578634908,55.322055684938555,55.49125289916992,441892,0.0,0.0,0.0,0.0032444217986964397,,,,0,4,6,2020,3,FFC.KA
2020-06-05 00:00:00+05:00,55.624551214907946,55.629679469585476,55.4245923113183,55.51175308227539,235384,0.0,0.0,0.0,0.0003694308928781087,,,,0,5,6,2020,4,FFC.KA
2020-06-08 00:00:00+05:00,55.511756946115646,55.74760973715212,55.27078372346961,55.38870620727539,414966,0.0,0.0,0.0,-0.0022165914093477124,,,,0,8,6,2020,0,FFC.KA
2020-06-09 00:00:00+05:00,55.496372229954986,55.665569428903815,55.322050688040804,55.51175308227539,614474,0.0,0.0,0.0,0.0022215156017462157,,,,0,9,6,2020,1,FFC.KA
2020-06-10 00:00:00+05:00,55.60917029374657,55.62967940071912,55.373321431130556,55.573280334472656,625660,0.0,0.0,0.0,0.0011083644234055612,,,,0,10,6,2020,2,FFC.KA
2020-06-11 00:00:00+05:00,55.65019178073383,56.47566480429583,55.62968267255505,56.38850402832031,704248,0.0,0.0,0.0,0.01466934629269967,,,,0,11,6,2020,3,FFC.KA
2020-06-12 00:00:00+05:00,56.65606809587281,56.66131563474296,55.874352917593754,56.530155181884766,377421,2.5,0.0,0.0,0.002512057306810478,,422444.85,55.819804954528806,0,12,6,2020,4,FFC.KA
2020-06-15 00:00:00+05:00,56.39899919898845,56.503925968511346,55.90583457629153,56.14192581176758,512565,0.0,0.0,0.0,-0.006867650882401932,0.0062723052876559535,414618.95,55.804142761230466,0,15,6,2020,0,FFC.KA
2020-06-16 00:00:00+05:00,56.08419991211161,56.26782371109527,55.370686862319126,55.596282958984375,1684969,0.0,0.0,0.0,-0.009718990663281302,0.006593520416479201,449861.65,55.75607147216797,0,16,6,2020,1,FFC.KA
2020-06-17 00:00:00+05:00,55.82189095107714,56.00551478919033,54.79883699124742,55.02443313598633,394024,0.0,0.0,0.0,-0.010285756395259749,0.005942445853057425,451602.25,55.72580890655517,0,17,6,2020,2,FFC.KA
2020-06-18 00:00:00+05:00,55.03492814850004,55.0611578380853,54.20074556677929,54.321414947509766,406734,0.0,0.0,0.0,-0.01277647307586316,0.006492267722479528,467194.35,55.653730392456055,0,18,6,2020,3,FFC.KA
2020-06-19 00:00:00+05:00,54.56799562055113,54.982463129572665,54.169266725352045,54.23746871948242,298296,0.0,0.0,0.0,-0.001545361587294125,0.0064853152590679634,482109.15,55.577454566955566,0,19,6,2020,4,FFC.KA
2020-06-22 00:00:00+05:00,54.20075279295722,56.110448967066155,54.043362626363624,55.67499923706055,680838,0.0,0.0,0.0,0.026504380671101613,0.008999688968483162,516151.05,55.573055267333984,0,22,6,2020,0,FFC.KA
2020-06-23 00:00:00+05:00,55.67500460179236,56.55640322882629,55.62253720517218,56.40950012207031,458209,0.0,0.0,0.0,0.013192651909743391,0.009473821872305069,539061.5,55.60538101196289,0,23,6,2020,1,FFC.KA
2020-06-24 00:00:00+05:00,56.40424482480018,56.49343297613896,56.00551590928034,56.33079528808594,325704,0.0,0.0,0.0,-0.0013952407628866625,0.009483750772712699,555346.7,55.63377151489258,0,24,6,2020,2,FFC.KA
2020-06-25 00:00:00+05:00,55.848125455748026,55.900592844903485,55.27102019933627,55.49661636352539,667658,0.0,0.0,0.0,-0.014808577089927555,0.010086327272666817,572903.4,55.62301616668701,0,25,6,2020,3,FFC.KA
2020-06-26 00:00:00+05:00,55.77992125657239,57.47451619097203,55.77992125657239,57.416805267333984,2088168,0.0,0.0,0.0,0.03460010771162292,0.012648333855588386,624588.7,55.68622398376465,0,26,6,2020,4,FFC.KA
2020-06-29 00:00:00+05:00,57.43778801964578,57.44827909482239,56.53540345187968,57.22268295288086,737429,0.0,0.0,0.0,-0.0033809320032573975,0.012650098007603633,651723.4,55.74895477294922,0,29,6,2020,0,FFC.KA
2020-06-30 00:00:00+05:00,57.2384180988005,57.815523263331926,57.185954720697495,57.70534896850586,1785570,0.0,0.0,0.0,0.008434872164635232,0.012453835329923288,697988.4,55.86427383422851,0,30,6,2020,1,FFC.KA
2020-07-01 00:00:00+05:00,57.71584937703613,58.75463796860715,57.71060183793136,58.43985366821289,1570707,0.0,0.0,0.0,0.01272853752444858,0.012640149369821349,751245.8,56.020676612854004,0,1,7,2020,2,FFC.KA
2020-07-02 00:00:00+05:00,58.2352281997658,59.02219074300588,57.71583404198292,58.0096321105957,278700,0.0,0.0,0.0,-0.007361783622178986,0.012842691526142525,743086.2,56.146595573425294,0,2,7,2020,3,FFC.KA
2020-07-03 00:00:00+05:00,58.05161688816674,59.02220343296903,57.31711755601659,58.83333206176758,539657,0.0,0.0,0.0,0.014199365195102231,0.013103005851228625,758299.85,56.3126745223999,0,3,7,2020,4,FFC.KA
2020-07-06 00:00:00+05:00,58.83857512749343,58.83857512749343,57.710594524876484,58.21949768066406,331144,0.0,0.0,0.0,-0.010433445796662832,0.013400318782073806,754108.75,56.454214096069336,0,6,7,2020,0,FFC.KA
2020-07-07 00:00:00+05:00,57.789291590677486,58.81234143799341,57.789291590677486,58.21949768066406,502956,0.0,0.0,0.0,0.0,0.013412646798648571,748532.85,56.58960132598877,0,7,7,2020,1,FFC.KA
2020-07-08 00:00:00+05:00,58.28769503423326,58.70741001666125,57.972910798761625,58.177520751953125,613324,0.0,0.0,0.0,-0.000721011523341919,0.013428640785990074,747916.05,56.71981334686279,0,8,7,2020,2,FFC.KA
2020-07-09 00:00:00+05:00,58.2352345096448,58.2352345096448,57.65812938261153,58.08308792114258,653146,0.0,0.0,0.0,-0.0016231841713085782,0.013134680436697308,745360.95,56.804542541503906,0,9,7,2020,3,FFC.KA
2020-07-10 00:00:00+05:00,57.97816253119141,58.20900218579796,57.920451616865016,57.98340606689453,185931,0.0,0.0,0.0,-0.0017161941249298485,0.013152611410146394,735786.45,56.8772050857544,0,10,7,2020,4,FFC.KA
2020-07-13 00:00:00+05:00,58.130317581515634,58.6129871145681,57.78929958433958,58.40312957763672,426433,0.0,0.0,0.0,0.007238683258067979,0.013066619211053251,731479.85,56.99026527404785,0,13,7,2020,0,FFC.KA
2020-07-14 00:00:00+05:00,58.250983531355516,58.75988676249838,58.08309830071351,58.639217376708984,545052,0.0,0.0,0.0,0.004042382673319356,0.012772925162651005,674484.0,57.14241199493408,0,14,7,2020,1,FFC.KA
2020-07-15 00:00:00+05:00,58.49756813906065,58.62872860574016,58.16179766457709,58.30869674682617,776586,0.0,0.0,0.0,-0.0056365116157586215,0.01256389212786782,693612.1,57.30662517547607,0,15,7,2020,2,FFC.KA
2020-07-16 00:00:00+05:00,58.31393335908546,58.49755717748844,58.05161247488147,58.21949768066406,719644,0.0,0.0,0.0,-0.0015297729350632894,0.012063403660272627,709257.6,57.50152931213379,0,16,7,2020,3,FFC.KA
2020-07-17 00:00:00+05:00,58.235241650478706,58.707420086022466,57.972920742143216,58.550025939941406,1090654,0.0,0.0,0.0,0.0056772777582227985,0.012011168370530957,748875.5,57.717157173156735,0,17,7,2020,4,FFC.KA
2020-07-20 00:00:00+05:00,58.550027843982626,58.75988537801545,57.97817016651022,58.36115646362305,1691163,0.0,0.0,0.0,-0.003225779549817731,0.010850064847533338,799391.75,57.85146503448486,0,20,7,2020,0,FFC.KA
2020-07-21 00:00:00+05:00,58.36640387354036,58.36640387354036,57.972922499111995,58.2824592590332,949351,0.0,0.0,0.0,-0.0013484517675536045,0.010573454495529122,823948.85,57.945112991333005,0,21,7,2020,1,FFC.KA
2020-07-22 00:00:00+05:00,58.13031633319687,58.34016986292217,57.715848807400256,58.203765869140625,772112,0.0,0.0,0.0,-0.0013502070930608845,0.010572768335578814,846269.25,58.03876152038574,0,22,7,2020,2,FFC.KA
2020-07-23 00:00:00+05:00,58.240506889429376,58.74416270617697,58.23525934891204,58.245750427246094,992095,0.0,0.0,0.0,0.0007213374852730325,0.009842400853155348,862491.1,58.17621822357178,0,23,7,2020,3,FFC.KA
2020-07-24 00:00:00+05:00,58.25098020798726,58.523796193902946,58.10408113989393,58.22475051879883,305148,0.0,0.0,0.0,-0.0003605397525695553,0.006303064724687776,773340.1,58.21661548614502,0,24,7,2020,4,FFC.KA
2020-07-27 00:00:00+05:00,58.235251114817686,59.54685586965592,58.235251114817686,58.73890686035156,1305023,0.0,0.0,0.0,0.008830546064542366,0.0064742671464316495,801719.8,58.292426681518556,0,27,7,2020,0,FFC.KA
2020-07-28 00:00:00+05:00,59.153351066077484,59.27402041702266,58.497548947828285,58.63395690917969,719509,0.0,0.0,0.0,-0.0017867195149100512,0.006284411044054788,748416.75,58.338857078552245,0,28,7,2020,1,FFC.KA
2020-07-29 00:00:00+05:00,58.52379044674154,58.759877639750215,57.84175455162912,57.98340606689453,1427692,0.0,0.0,0.0,-0.011095120926135293,0.00616453768886106,741266.0,58.31603469848633,0,29,7,2020,2,FFC.KA
2020-07-30 00:00:00+05:00,57.78929443943387,58.23523916402393,57.710597369753444,58.09883117675781,865628,0.0,0.0,0.0,0.001990657632808146,0.005957822092483614,770612.4,58.320494651794434,0,30,7,2020,3,FFC.KA
2020-07-31 00:00:00+05:00,58.09883117675782,58.09883117675782,58.09883117675782,58.09883117675781,0,0.0,0.0,0.0,0.0,0.0049490783310413376,743629.55,58.283769607543945,0,31,7,2020,4,FFC.KA
2020-08-03 00:00:00+05:00,57.99914909858048,58.49755717748844,57.930943106960065,58.21949768066406,1773591,0.0,0.0,0.0,0.0020769179252357883,0.004403502366929375,815751.9,58.283769607543945,0,3,8,2020,0,FFC.KA
2020-08-04 00:00:00+05:00,58.235238510443224,58.235238510443224,57.369578759072475,57.511234283447266,1451731,0.0,0.0,0.0,-0.012165398628164792,0.005177111197403626,863190.65,58.24835643768311,0,4,8,2020,1,FFC.KA
2020-08-05 00:00:00+05:00,57.4482779792561,57.68961273062585,56.97609955148946,57.075782775878906,898943,0.0,0.0,0.0,-0.00757159036827848,0.005407120008145479,877471.6,58.19326953887939,0,5,8,2020,2,FFC.KA
2020-08-06 00:00:00+05:00,57.1859598373505,57.65813828792358,56.92888645975498,57.2541618347168,1283027,0.0,0.0,0.0,0.0031253020136112752,0.00547938509806325,908965.65,58.15182323455811,0,6,8,2020,3,FFC.KA
2020-08-07 00:00:00+05:00,57.31711741209299,57.42204417240839,56.92363605686123,56.97085189819336,555024,0.0,0.0,0.0,-0.0049482854598641435,0.005557903964646727,927420.3,58.10119552612305,0,7,8,2020,4,FFC.KA
2020-08-10 00:00:00+05:00,57.17546343525084,57.71059629424622,56.93412469200873,57.30137634277344,866264,0.0,0.0,0.0,0.0058016412528063555,0.005455970207122878,949411.85,58.046107864379884,0,10,8,2020,0,FFC.KA
2020-08-11 00:00:00+05:00,57.2436692891972,58.28770539003674,57.2436692891972,58.03063201904297,992173,0.0,0.0,0.0,0.012726669459162121,0.006171778175407663,971767.9,58.015678596496585,0,11,8,2020,1,FFC.KA
2020-08-12 00:00:00+05:00,59.28453075327382,62.007423313867754,59.28453075327382,60.09247970581055,6862850,0.0,0.0,0.0,0.03553033311942855,0.010029094042150423,1276081.1,58.1048677444458,0,12,8,2020,2,FFC.KA
2020-08-13 00:00:00+05:00,60.20264494570198,60.20264494570198,55.69072638647678,56.29930877685547,9844116,0.0,0.0,0.0,-0.06312222340507445,0.01761430405017092,1732304.7,58.00885829925537,0,13,8,2020,3,FFC.KA
2020-08-14 00:00:00+05:00,56.29930877685547,56.29930877685547,56.29930877685547,56.29930877685547,0,0.0,0.0,0.0,0.0,0.01753771169211048,1677772.0,57.89632244110108,0,14,8,2020,4,FFC.KA
2020-08-17 00:00:00+05:00,56.39899705396597,56.91839134793965,54.819824015699055,56.52490997314453,3196775,0.0,0.0,0.0,0.004007175242297212,0.017581469867387737,1753052.6,57.80451011657715,0,17,8,2020,0,FFC.KA
2020-08-18 00:00:00+05:00,56.671819922891366,57.128259846229234,56.509182204291804,56.66657638549805,696299,0.0,0.0,0.0,0.0025062651567393512,0.017603720353125744,1740400.0,57.72371597290039,0,18,8,2020,1,FFC.KA
2020-08-19 00:00:00+05:00,56.92363605686123,57.180709421523495,54.562747925470674,56.97085189819336,2443078,0.0,0.0,0.0,0.005369576425887201,0.01766580900252569,1823948.3,57.66207027435303,0,19,8,2020,2,FFC.KA
2020-08-20 00:00:00+05:00,56.9236336175065,57.97291718649279,56.67180379976216,57.30137634277344,1913301,0.0,0.0,0.0,0.0058016412528063555,0.017727042647221403,1870008.6,57.614851570129396,0,20,8,2020,3,FFC.KA
2020-08-21 00:00:00+05:00,57.19645019770982,57.71060094917203,56.92363820895605,57.343353271484375,895692,0.0,0.0,0.0,0.0007325640567485969,0.01772971291832723,1899535.8,57.57078170776367,0,21,8,2020,4,FFC.KA
2020-08-24 00:00:00+05:00,57.18595499129165,58.177527652117384,56.61934089862004,56.83444595336914,1826773,0.0,0.0,0.0,-0.008874739426309453,0.017675492181477886,1925623.3,57.47555866241455,0,24,8,2020,0,FFC.KA
2020-08-25 00:00:00+05:00,56.92364271023164,57.31712411145444,56.81871593765215,56.90265655517578,1540556,0.0,0.0,0.0,0.001200163046589875,0.017685511152636328,1966675.65,57.388993644714354,0,25,8,2020,1,FFC.KA
2020-08-26 00:00:00+05:00,57.08103127322027,57.13349465436434,56.54064683960805,56.76624298095703,2917330,0.0,0.0,0.0,-0.002397314685764762,0.017539483364815384,2041157.55,57.32813549041748,0,26,8,2020,2,FFC.KA
2020-08-27 00:00:00+05:00,56.766245547298674,57.00233677716954,56.6613187802669,56.94462585449219,677545,0.0,0.0,0.0,0.0031424111261864063,0.01755139697229391,2031753.4,57.2704252243042,0,27,8,2020,3,FFC.KA
2020-08-28 00:00:00+05:00,56.6613182535529,57.20169870387245,56.6613182535529,57.0338134765625,71807,0.0,0.0,0.0,0.0015662166663139576,0.017558895410791357,2035343.75,57.21717433929443,0,28,8,2020,4,FFC.KA
2020-08-31 00:00:00+05:00,57.028576597951925,57.08104399348754,56.63509514763662,56.66657638549805,511944,0.0,0.0,0.0,-0.006438936284970054,0.017589333400947677,1972261.4,57.13952827453613,0,31,8,2020,0,FFC.KA
2020-09-01 00:00:00+05:00,56.666570117336065,56.871180128651105,56.4514650269947,56.59312057495117,1746071,0.0,0.0,0.0,-0.0012962810748819997,0.0173996068137731,1986978.4,57.09362258911133,0,1,9,2020,1,FFC.KA
2020-09-02 00:00:00+05:00,56.66132311030631,57.605680096558046,56.26784169981808,56.85544204711914,3731770,0.0,0.0,0.0,0.004635218371119132,0.01735833641169776,2128619.75,57.08260555267334,0,2,9,2020,2,FFC.KA
2020-09-03 00:00:00+05:00,56.92364648301194,57.81553611714962,56.92364648301194,57.28040313720703,2880472,0.0,0.0,0.0,0.0074744136143678475,0.01742726874724444,2208492.0,57.08391761779785,0,3,9,2020,3,FFC.KA
2020-09-04 00:00:00+05:00,57.44827179492861,57.44827179492861,56.92887758164796,57.081024169921875,801538,0.0,0.0,0.0,-0.0034807535625678288,0.017407659043543865,2220817.7,57.08942623138428,0,4,9,2020,4,FFC.KA
2020-09-07 00:00:00+05:00,57.31712931340556,58.78612827903972,57.31712931340556,58.0149040222168,3784856,0.0,0.0,0.0,0.016360600845473527,0.017741986883768546,2366747.3,57.12510261535645,0,7,9,2020,0,FFC.KA
2020-09-08 00:00:00+05:00,58.209003448486335,59.284520690409686,58.077843004481004,58.20900344848633,2534610,0.0,0.0,0.0,0.0033456821060189323,0.017532070251631598,2443869.15,57.13402118682861,0,8,9,2020,1,FFC.KA
2020-09-09 00:00:00+05:00,57.815522524962596,58.50280597824188,57.71059577009662,58.44509506225586,1437041,0.0,0.0,0.0,0.004055929491705967,0.015498200524134783,2172578.7,57.05165195465088,0,9,9,2020,2,FFC.KA
2020-09-10 00:00:00+05:00,59.09061777131525,59.17130673766888,58.36442528215521,58.59035110473633,1635222,2.75,0.0,0.0,0.0024853418807129213,0.005316107035138098,1762134.0,57.16620407104492,0,10,9,2020,3,FFC.KA
2020-09-11 00:00:00+05:00,58.757087873486576,59.14438738289542,58.36440390321217,58.90232467651367,1345414,0.0,0.0,0.0,0.005324657830086288,0.0053434205149865,1829404.7,57.29635486602783,0,11,9,2020,4,FFC.KA
2020-09-14 00:00:00+05:00,58.6387538341204,59.70921519158536,58.63337347642165,58.870059967041016,1497826,0.0,0.0,0.0,-0.00054776631737119,0.005362785757702585,1744457.25,57.413612365722656,0,14,9,2020,0,FFC.KA
2020-09-15 00:00:00+05:00,59.03681208174817,59.40259841643786,58.902331871994754,59.00991439819336,575661,0.0,0.0,0.0,0.0023756461473054546,0.005362278121698545,1738425.35,57.53077926635742,0,15,9,2020,1,FFC.KA
2020-09-16 00:00:00+05:00,59.00991487848708,59.76838523759462,58.49889171886891,59.51018142700195,1678253,0.0,0.0,0.0,0.008477677588766497,0.005506887808734569,1700184.1,57.65774574279785,0,16,9,2020,2,FFC.KA
2020-09-17 00:00:00+05:00,59.510187894677784,59.68232241911067,58.913095365298844,59.11750793457031,655244,0.0,0.0,0.0,-0.006598425395716756,0.005771396721569431,1637281.25,57.748552322387695,0,17,9,2020,3,FFC.KA
2020-09-18 00:00:00+05:00,59.17129650507328,60.23638164792926,58.90771642431001,60.064247131347656,2219936,0.0,0.0,0.0,0.016014531563562695,0.0066051024025754615,1703493.45,57.88459701538086,0,18,9,2020,4,FFC.KA
2020-09-21 00:00:00+05:00,60.03194972280288,60.03194972280288,59.30575759348048,59.36492919921875,122772,0.0,0.0,0.0,-0.011642831892983652,0.006875941990629739,1618293.4,58.01112117767334,0,21,9,2020,0,FFC.KA
2020-09-22 00:00:00+05:00,59.171288737615676,59.3003885821022,58.49888772923368,58.7570915222168,506869,0.0,0.0,0.0,-0.010239002811949005,0.007418127315845533,1566609.05,58.10384292602539,0,22,9,2020,1,FFC.KA
2020-09-23 00:00:00+05:00,58.638747371071716,58.983016353658606,58.49888681439266,58.654884338378906,331641,0.0,0.0,0.0,-0.0017394867783617762,0.007400764775536707,1437324.6,58.19827499389648,0,23,9,2020,2,FFC.KA
2020-09-24 00:00:00+05:00,58.6333645797011,59.22507661245575,58.6333645797011,59.1659049987793,330278,0.0,0.0,0.0,0.008712329180504685,0.007562372169462318,1419961.25,58.30933895111084,0,24,9,2020,3,FFC.KA
2020-09-25 00:00:00+05:00,58.68716283330359,59.57473304025849,58.63337157009639,59.41873550415039,523094,0.0,0.0,0.0,0.004273246650690288,0.007579493776191365,1442525.6,58.428585052490234,0,25,9,2020,4,FFC.KA
2020-09-28 00:00:00+05:00,59.23046107853878,59.547832388448896,58.47199076188968,58.649505615234375,572211,0.0,0.0,0.0,-0.012945914826179461,0.008086972061084033,1445538.95,58.52773151397705,0,28,9,2020,0,FFC.KA
2020-09-29 00:00:00+05:00,58.63337663177872,59.063714982607046,58.20303828095039,58.74095916748047,870684,0.0,0.0,0.0,0.0015593234979007775,0.008055463114447613,1401769.6,58.63512344360352,0,29,9,2020,1,FFC.KA
2020-09-30 00:00:00+05:00,59.155157742409315,59.155157742409315,57.831872916794836,58.09007263183594,473182,0.0,0.0,0.0,-0.011080624914359016,0.008526826237798976,1238840.2,58.696854972839354,0,30,9,2020,2,FFC.KA
2020-10-01 00:00:00+05:00,57.85339381058083,58.25683448121526,57.50912476662698,57.82649612426758,449032,0.0,0.0,0.0,-0.004537376106221402,0.008477781984658785,1117268.2,58.72415962219238,0,1,10,2020,3,FFC.KA
2020-10-02 00:00:00+05:00,57.61670730385853,58.07931960117353,57.611326945793735,57.82649612426758,743788,0.0,0.0,0.0,0.0,0.008427151098495681,1114380.7,58.76143321990967,0,2,10,2020,4,FFC.KA
2020-10-05 00:00:00+05:00,57.31546180529624,57.8264849140959,56.804434592486636,57.01960372924805,269757,0.0,0.0,0.0,-0.013953679525827378,0.008181489012506572,938625.75,58.71166820526123,0,5,10,2020,0,FFC.KA
2020-10-06 00:00:00+05:00,57.15408714825987,57.26166967069958,56.158934451656904,56.69147491455078,894217,0.0,0.0,0.0,-0.0057546666977089656,0.008189911677679032,856606.1,58.63579177856445,0,6,10,2020,1,FFC.KA
2020-10-07 00:00:00+05:00,56.777552559867324,56.965824053810714,56.48169442366288,56.557003021240234,318039,0.0,0.0,0.0,-0.002371994969494695,0.00809473273492235,800656.0,58.54138717651367,0,7,10,2020,2,FFC.KA
2020-10-08 00:00:00+05:00,56.75064224532776,57.826483804480894,56.7022313450906,57.52524948120117,485121,0.0,0.0,0.0,0.017119833234397364,0.009085209493513267,743150.95,58.488132095336915,0,8,10,2020,3,FFC.KA
2020-10-09 00:00:00+05:00,57.50373866289754,58.04165950332874,57.342360769164046,57.76731872558594,546664,0.0,0.0,0.0,0.0042080520565821455,0.009048445145916694,703213.45,58.43138179779053,0,9,10,2020,4,FFC.KA
2020-10-12 00:00:00+05:00,57.61131210749841,58.10082196504913,57.22400850680106,57.42842102050781,388874,0.0,0.0,0.0,-0.005866599187128618,0.009114431611401784,647765.85,58.35929985046387,0,12,10,2020,0,FFC.KA
2020-10-13 00:00:00+05:00,57.557542731044386,57.557542731044386,56.88514153091536,57.08955001831055,104516,0.0,0.0,0.0,-0.005900754298577282,0.009131436794296215,624208.6,58.263281631469724,0,13,10,2020,1,FFC.KA
2020-10-14 00:00:00+05:00,57.01960983437039,57.28318990051958,56.74526905302552,57.143333435058594,165413,0.0,0.0,0.0,0.0009420886437325748,0.008844094889884097,548566.6,58.144939231872556,0,14,10,2020,2,FFC.KA
2020-10-15 00:00:00+05:00,57.05188669968036,57.55753363555648,57.04651044581699,57.35850143432617,111735,0.0,0.0,0.0,0.003765408602074416,0.008863470237633833,521391.15,58.056988906860354,0,15,10,2020,3,FFC.KA
2020-10-16 00:00:00+05:00,57.288564124197336,57.692004716621256,56.48168293934948,57.01960372924805,409061,0.0,0.0,0.0,-0.0059084128176910555,0.007889157486507238,430847.4,57.904756736755374,0,16,10,2020,4,FFC.KA
2020-10-19 00:00:00+05:00,56.88513981269087,57.15410028461849,56.69686830314376,56.976585388183594,327948,0.0,0.0,0.0,-0.0007544482642973804,0.007600370557425803,441106.2,57.785339546203616,0,19,10,2020,0,FFC.KA
2020-10-20 00:00:00+05:00,57.15408638609407,57.55752699587826,56.93891724007381,57.28856658935547,341533,0.0,0.0,0.0,0.005475603689591768,0.007518208972317878,432839.4,57.71191329956055,0,20,10,2020,1,FFC.KA
2020-10-21 00:00:00+05:00,57.28856814882984,58.09544939036265,57.28856814882984,58.036277770996094,282553,0.0,0.0,0.0,0.013051665038160687,0.008165869714477244,430385.0,57.680982971191405,0,21,10,2020,2,FFC.KA
2020-10-22 00:00:00+05:00,58.09007804978769,58.87544208763706,57.82649795242989,58.37517547607422,590825,0.0,0.0,0.0,0.005839411452529308,0.008019269834277096,443412.35,57.64144649505615,0,22,10,2020,3,FFC.KA
2020-10-23 00:00:00+05:00,58.09544892214324,58.55268080119141,57.83724512116923,58.116966247558594,197933,0.0,0.0,0.0,-0.004423271132117712,0.007974373810501307,427154.3,57.576358032226565,0,23,10,2020,4,FFC.KA
2020-10-26 00:00:00+05:00,58.10621200295841,58.68716754183154,57.8533926351996,58.041664123535156,200498,0.0,0.0,0.0,-0.0012956994985366954,0.007471377613602789,408568.65,57.5459659576416,0,26,10,2020,0,FFC.KA
2020-10-27 00:00:00+05:00,58.09544787233254,58.49888848255707,57.83724407602439,58.15999984741211,208312,0.0,0.0,0.0,0.002038806530858306,0.007479079440442736,375450.05,57.51691799163818,0,27,10,2020,1,FFC.KA
2020-10-28 00:00:00+05:00,58.35903040000833,59.49404369329059,57.966350487627615,58.16537857055664,1713718,0.0,0.0,0.0,9.24814848459743e-05,0.007049794713350501,437476.85,57.52068328857422,0,28,10,2020,2,FFC.KA
2020-10-29 00:00:00+05:00,57.85338904512994,58.04166052178238,56.487069593978724,56.825958251953125,690008,0.0,0.0,0.0,-0.023027793363001203,0.008706184884816906,449525.65,57.470656394958496,0,29,10,2020,3,FFC.KA
2020-10-30 00:00:00+05:00,56.825958251953125,56.825958251953125,56.825958251953125,56.825958251953125,0,0.0,0.0,0.0,0.0,0.008706184884816906,412336.25,57.42062950134277,0,30,10,2020,4,FFC.KA
2020-11-02 00:00:00+05:00,56.75065031850537,57.07340201136303,55.88997776954813,56.374107360839844,1047310,0.0,0.0,0.0,-0.007951487401406943,0.008325335970173545,451213.9,57.38835468292236,0,2,11,2020,0,FFC.KA
2020-11-03 00:00:00+05:00,56.48168530623531,57.00884950819129,56.07824469690506,56.41713333129883,1372407,0.0,0.0,0.0,0.0007632222038316261,0.00823741040017528,475123.4,57.374637603759766,0,3,11,2020,1,FFC.KA
2020-11-04 00:00:00+05:00,56.557001146967515,56.77217032034826,56.21273211116259,56.29880142211914,204025,0.0,0.0,0.0,-0.002097446328667707,0.0082338461985606,469422.7,57.36172752380371,0,4,11,2020,2,FFC.KA
2020-11-05 00:00:00+05:00,56.37409834856743,57.28318165931758,56.325683345172926,56.84208679199219,642080,0.0,0.0,0.0,0.009650034390600748,0.0075478741614352475,477270.65,57.32756938934326,0,5,11,2020,3,FFC.KA
2020-11-06 00:00:00+05:00,57.01962258423142,57.01962258423142,56.2934300985364,56.34722137451172,424487,0.0,0.0,0.0,-0.008705968506951156,0.0076690231363356455,471161.8,57.25656452178955,0,6,11,2020,4,FFC.KA
2020-11-09 00:00:00+05:00,56.4816808166914,56.75064120153279,56.34182026745114,56.55160903930664,449803,0.0,0.0,0.0,0.0036272891512512118,0.00765980825535325,474208.25,57.212723922729495,0,9,11,2020,0,FFC.KA
2020-11-10 00:00:00+05:00,57.014231233122395,57.01961159088598,56.15893902918414,56.384864807128906,1942798,0.0,0.0,0.0,-0.002948532057891362,0.007583204172229546,566122.35,57.17748966217041,0,10,11,2020,1,FFC.KA
2020-11-11 00:00:00+05:00,56.266509023451704,56.750638514041654,56.20733741326796,56.60002136230469,500831,0.0,0.0,0.0,0.0038158565407888645,0.007640836762105564,582893.25,57.15032405853272,0,11,11,2020,2,FFC.KA
2020-11-12 00:00:00+05:00,56.7398994506681,56.7398994506681,56.22349176500973,56.341835021972656,258610,0.0,0.0,0.0,-0.004561594397276658,0.00762592367983704,590237.0,57.09949073791504,0,12,11,2020,3,FFC.KA
2020-11-13 00:00:00+05:00,56.21271921270782,56.26651046770751,55.949139190402526,56.185821533203125,289895,0.0,0.0,0.0,-0.002769052316252907,0.007548588289953575,584278.7,57.05780162811279,0,13,11,2020,4,FFC.KA
2020-11-16 00:00:00+05:00,56.42251598222275,56.62154816836033,56.21272718516354,56.54085922241211,226721,0.0,0.0,0.0,0.006318990797334445,0.007710321459178896,579217.35,57.036015319824216,0,16,11,2020,0,FFC.KA
2020-11-17 00:00:00+05:00,56.58927743689345,56.58927743689345,56.078254219899165,56.15894317626953,422377,0.0,0.0,0.0,-0.006754691233825327,0.007708518982159836,583259.55,56.97953414916992,0,17,11,2020,1,FFC.KA
2020-11-18 00:00:00+05:00,56.11590676524258,56.45479544659401,56.05135478136154,56.336456298828125,208700,0.0,0.0,0.0,0.0031609056816013226,0.007051060054636382,579566.9,56.89454307556152,0,18,11,2020,2,FFC.KA
2020-11-19 00:00:00+05:00,56.12127626940538,56.36871933707798,55.95451803596633,56.083621978759766,172969,0.0,0.0,0.0,-0.004487934397705784,0.006863926731580934,558674.1,56.7799654006958,0,19,11,2020,3,FFC.KA
2020-11-20 00:00:00+05:00,55.97604137309873,56.20734749877312,55.594118068661544,55.82542419433594,598410,0.0,0.0,0.0,-0.004603800099102218,0.006867429739749728,578697.95,56.66538829803467,0,20,11,2020,4,FFC.KA
2020-11-23 00:00:00+05:00,56.07824561787215,56.07824561787215,55.13688418064168,55.44887924194336,445841,0.0,0.0,0.0,-0.006745044177036141,0.006946216343380666,590965.1,56.53574905395508,0,23,11,2020,0,FFC.KA
2020-11-24 00:00:00+05:00,55.40584072930961,56.34720210092409,55.35204947173362,55.9114875793457,251810,0.0,0.0,0.0,0.008342970024404206,0.007286236634074323,593140.0,56.423323440551755,0,24,11,2020,1,FFC.KA
2020-11-25 00:00:00+05:00,56.05134615837391,56.2396217230598,55.943763639133444,56.11589813232422,257589,0.0,0.0,0.0,0.0036559669904763226,0.007381604666141539,520333.55,56.32084941864014,0,25,11,2020,2,FFC.KA
2020-11-26 00:00:00+05:00,56.21273282368978,56.992716470069716,56.07825260162354,56.481693267822266,279674,0.0,0.0,0.0,0.006518565106727658,0.005657732807291014,499816.85,56.303636169433595,0,26,11,2020,3,FFC.KA
2020-11-27 00:00:00+05:00,56.66996019579201,56.72375145948599,55.94376787589733,56.00831985473633,291420,0.0,0.0,0.0,-0.008381006051665585,0.005938636924852182,514387.85,56.26275424957275,0,27,11,2020,4,FFC.KA
2020-11-30 00:00:00+05:00,55.970669027681254,56.48169222045253,55.19068129175435,55.626399993896484,862685,0.0,0.0,0.0,-0.006818984426427921,0.005870944667012896,505156.6,56.225368881225585,0,30,11,2020,0,FFC.KA
2020-12-01 00:00:00+05:00,55.631768680975746,56.21272413547222,55.631768680975746,55.943763732910156,479061,0.0,0.0,0.0,0.005705271940094958,0.006035303747732118,460489.3,56.201700401306155,0,1,12,2020,1,FFC.KA
2020-12-02 00:00:00+05:00,56.078258882259554,56.266530393436135,55.755507133955255,55.852333068847656,1937627,0.0,0.0,0.0,-0.0016343316566795885,0.006029349636626978,547169.4,56.17937698364258,0,2,12,2020,2,FFC.KA
2020-12-03 00:00:00+05:00,56.24937439787824,56.800838852759405,55.979157993041646,56.37621307373047,789135,2.55,0.0,0.0,0.00937973359567712,0.006005939309420729,554522.15,56.156083297729495,0,3,12,2020,3,FFC.KA
2020-12-04 00:00:00+05:00,56.44239074551897,56.525111262004586,55.697914511828905,55.95158767700195,692691,0.0,0.0,0.0,-0.0075319957403520155,0.005925629958152327,567932.35,56.136301612854005,0,4,12,2020,4,FFC.KA
2020-12-07 00:00:00+05:00,56.13356608343917,56.139081905917,55.56004255859867,55.85783386230469,398549,0.0,0.0,0.0,-0.001675623848933272,0.005857222963772463,565369.65,56.1016128540039,0,7,12,2020,0,FFC.KA
2020-12-08 00:00:00+05:00,55.96813038724903,56.05636672592149,55.28431559189827,55.32291793823242,688870,0.0,0.0,0.0,-0.009576381450646432,0.006175878630500723,502673.25,56.048515510559085,0,8,12,2020,1,FFC.KA
2020-12-09 00:00:00+05:00,55.23467731967261,55.692389582349385,55.118866091125234,55.18504333496094,763677,0.0,0.0,0.0,-0.0024921788005726198,0.006080984755705997,515815.55,55.977766609191896,0,9,12,2020,2,FFC.KA
2020-12-10 00:00:00+05:00,55.28431852592529,56.51959788151659,55.25674361679166,56.29901123046875,2877831,0.0,0.0,0.0,0.020186047308983213,0.007679025113539571,646776.6,55.9756254196167,0,10,12,2020,3,FFC.KA
2020-12-11 00:00:00+05:00,56.24937167169909,56.580249487123496,55.94606455327856,56.39275360107422,721942,0.0,0.0,0.0,0.0016650802306583667,0.007659162711932822,668378.95,55.985972023010255,0,11,12,2020,4,FFC.KA
2020-12-14 00:00:00+05:00,56.46995787052115,58.86882727393976,56.46995787052115,58.54897689819336,2477200,0.0,0.0,0.0,0.038235822147866694,0.011406833459624654,780902.9,56.086377906799314,0,14,12,2020,0,FFC.KA
2020-12-15 00:00:00+05:00,58.72545518636071,59.86147495138726,58.2456837496845,59.144569396972656,1497633,0.0,0.0,0.0,0.010172551773448335,0.01136601642928226,834665.7,56.235659217834474,0,15,12,2020,1,FFC.KA
2020-12-16 00:00:00+05:00,59.00669714844228,60.35778339086783,59.00669714844228,59.54161834716797,1645014,0.0,0.0,0.0,0.006713193692059249,0.011402056539739925,906481.4,56.39591732025146,0,16,12,2020,2,FFC.KA
2020-12-17 00:00:00+05:00,59.696027278480145,60.109625619901486,59.01221253205203,59.784263610839844,1412596,0.0,0.0,0.0,0.004075221171468524,0.011272787665887836,968462.75,56.58094940185547,0,17,12,2020,3,FFC.KA
2020-12-18 00:00:00+05:00,59.613299136831586,60.23094076225725,59.55263771793534,59.65741729736328,1572739,0.0,0.0,0.0,-0.0021217341456650773,0.011195057616870445,1017179.2,56.772549057006835,0,18,12,2020,4,FFC.KA
2020-12-21 00:00:00+05:00,59.6739608924876,60.109618263683096,59.31550819898859,59.97175216674805,1224430,0.0,0.0,0.0,0.00526899895478139,0.010942442829749047,1056108.65,56.99869270324707,0,21,12,2020,0,FFC.KA
2020-12-22 00:00:00+05:00,59.83390085137787,60.743818157406075,59.56368441268503,60.523231506347656,1238573,0.0,0.0,0.0,0.009195651613884026,0.010961962399550093,1105446.8,57.22927989959717,0,22,12,2020,1,FFC.KA
2020-12-23 00:00:00+05:00,60.24196299223987,61.322832587814865,60.10961272942267,60.19233322143555,1766073,0.0,0.0,0.0,-0.005467293742856483,0.011166137501009438,1180871.0,57.433101654052734,0,23,12,2020,2,FFC.KA
2020-12-24 00:00:00+05:00,60.10961981073211,60.60593861394,59.833887609765455,59.99932861328125,801775,0.0,0.0,0.0,-0.003206464973608325,0.011242503207389554,1206976.05,57.60898342132568,0,24,12,2020,3,FFC.KA
2020-12-25 00:00:00+05:00,59.99932861328124,59.99932861328124,59.99932861328124,59.99932861328125,0,0.0,0.0,0.0,0.0,0.010944901756963419,1192405.05,57.80853385925293,0,25,12,2020,4,FFC.KA
2020-12-28 00:00:00+05:00,60.02690540799164,60.27506693847972,59.83389368917197,60.09859848022461,635368,0.0,0.0,0.0,0.0016545162960603932,0.010685207361854321,1181039.2,58.03214378356934,0,28,12,2020,0,FFC.KA
2020-12-29 00:00:00+05:00,60.275072629290676,60.357788939923026,59.2824348282993,59.38169860839844,2124042,0.0,0.0,0.0,-0.011928728621883988,0.011243721476938423,1263288.25,58.20404052734375,0,29,12,2020,1,FFC.KA
2020-12-30 00:00:00+05:00,59.657420775522375,59.82837339837541,59.33757040402864,59.71256637573242,3113983,0.0,0.0,0.0,0.005571881153416447,0.011201240488115436,1322106.05,58.39705219268799,0,30,12,2020,2,FFC.KA
2020-12-31 00:00:00+05:00,59.82838081405632,60.66109336466283,59.5636802173028,59.83389663696289,3864322,0.0,0.0,0.0,0.002031904984070021,0.01111516234257877,1475865.4,58.56993637084961,0,31,12,2020,3,FFC.KA
2021-01-01 00:00:00+05:00,60.07653468135925,61.01953832557771,59.88903459255218,60.203369140625,1058447,0.0,0.0,0.0,0.006174969781825412,0.01084847119947508,1494153.2,58.78252544403076,0,1,1,2021,4,FFC.KA
2021-01-04 00:00:00+05:00,60.35779083256164,61.25668070479595,60.20338143808568,60.903743743896484,799327,0.0,0.0,0.0,0.011633478545619802,0.010907862780981954,1514192.1,59.03482093811035,0,4,1,2021,0,FFC.KA
2021-01-05 00:00:00+05:00,60.655579228344905,61.207043728812216,60.52322892628801,61.04160690307617,332304,0.0,0.0,0.0,0.00226362372335287,0.010420415839575353,1496363.8,59.32075538635254,0,5,1,2021,1,FFC.KA
2021-01-06 00:00:00+05:00,60.66110535348239,61.32286118349309,60.66110535348239,61.02507400512695,643851,0.0,0.0,0.0,-0.0002708463749238055,0.01034815411763149,1490372.5,59.61275691986084,0,6,1,2021,2,FFC.KA
2021-01-07 00:00:00+05:00,61.18497905788982,62.56364018319009,61.15189253723137,62.309967041015625,2934858,0.0,0.0,0.0,0.021055165550159405,0.010416473584489726,1493223.85,59.91330471038818,0,7,1,2021,3,FFC.KA
2021-01-08 00:00:00+05:00,62.039738191475664,62.65737976633507,61.433128259515705,61.73643112182617,1652925,0.0,0.0,0.0,-0.00920456142773951,0.010880327997837887,1539773.0,60.18048858642578,0,8,1,2021,4,FFC.KA
2021-01-11 00:00:00+05:00,62.03975284304934,62.287910171485535,61.626154490762346,61.973575592041016,781814,0.0,0.0,0.0,0.003841240348780195,0.0074649426208400005,1455003.7,60.351718521118165,0,11,1,2021,0,FFC.KA
2021-01-12 00:00:00+05:00,62.039747392425504,62.06732229642466,61.38901920703803,61.637176513671875,796650,0.0,0.0,0.0,-0.005428105045666265,0.00747707577451625,1419954.55,60.476348876953125,0,12,1,2021,1,FFC.KA
2021-01-13 00:00:00+05:00,61.86879808322293,61.86879808322293,61.37799505858525,61.571006774902344,777297,0.0,0.0,0.0,-0.0010735361759287576,0.007426373846117914,1376568.7,60.57781829833984,0,13,1,2021,2,FFC.KA
2021-01-14 00:00:00+05:00,61.57100173276388,61.65372223507992,60.79895072338004,61.36144256591797,564591,0.0,0.0,0.0,-0.0034036183580775647,0.007488682802106138,1334168.45,60.65667724609375,0,14,1,2021,3,FFC.KA
2021-01-15 00:00:00+05:00,61.708880152120486,61.708880152120486,61.15741563638633,61.31734085083008,345412,0.0,0.0,0.0,-0.0007187203110571305,0.007461174185052688,1272802.1,60.73967342376709,0,15,1,2021,4,FFC.KA
2021-01-18 00:00:00+05:00,61.21807183553957,61.764020481382296,61.135351323784,61.22909927368164,346612,0.0,0.0,0.0,-0.001439096606669632,0.007428776436450679,1228911.2,60.80254077911377,0,18,1,2021,0,FFC.KA
2021-01-19 00:00:00+05:00,61.322844680760326,61.76953374278193,60.495648012185285,61.620635986328125,1467498,0.0,0.0,0.0,0.006394618201002622,0.007292561168717257,1240357.45,60.857411003112794,0,19,1,2021,1,FFC.KA
2021-01-20 00:00:00+05:00,61.3504266834291,61.48829281080759,60.79896217391513,61.42763137817383,329586,0.0,0.0,0.0,-0.0031321424237996665,0.007202990712790498,1168533.1,60.919175910949704,0,20,1,2021,2,FFC.KA
2021-01-21 00:00:00+05:00,60.93681672033432,61.62614722622046,60.93681672033432,61.42210388183594,164607,0.0,0.0,0.0,-8.998387556014009e-05,0.007139704955170272,1136674.7,60.990314674377444,0,21,1,2021,3,FFC.KA
2021-01-22 00:00:00+05:00,61.43313234940346,61.5434235417064,61.074679663409945,61.18497085571289,196550,0.0,0.0,0.0,-0.0038607115539259773,0.007225436307778284,1146502.2,61.04959678649902,0,22,1,2021,4,FFC.KA
2021-01-25 00:00:00+05:00,61.35041393995717,62.03974443366455,61.212547841215695,61.77503967285156,652191,0.0,0.0,0.0,0.009644015660809524,0.00747970472871858,1147343.35,61.13341884613037,0,25,1,2021,0,FFC.KA
2021-01-26 00:00:00+05:00,61.84673275888529,62.177610554514594,61.54342565861042,61.901878356933594,259690,0.0,0.0,0.0,0.002053235169960921,0.006789642039192422,1054125.75,61.259427833557126,0,26,1,2021,1,FFC.KA
2021-01-27 00:00:00+05:00,62.01217614913617,62.850404475053075,61.874310035681134,62.69047927856445,576213,0.0,0.0,0.0,0.012739531377120583,0.007161416225267904,927237.25,61.40832347869873,0,27,1,2021,2,FFC.KA
2021-01-28 00:00:00+05:00,62.81179508822654,63.41840507793894,61.21254751001063,61.4607048034668,3344534,0.0,0.0,0.0,-0.01961660668812515,0.00870031701248054,901247.85,61.48966388702392,0,28,1,2021,3,FFC.KA
2021-01-29 00:00:00+05:00,61.74748028042864,62.177621914065476,60.66109455030779,60.72175598144531,2040432,0.0,0.0,0.0,-0.01202311012189694,0.00911401085023192,950347.1,61.515583229064944,0,29,1,2021,4,FFC.KA
2021-02-01 00:00:00+05:00,60.82653295645068,61.10226519250468,60.38535969582825,60.677635192871094,723547,0.0,0.0,0.0,-0.0007266059398496338,0.008727946802729024,946558.1,61.50427780151367,0,1,2,2021,0,FFC.KA
2021-02-02 00:00:00+05:00,60.93682394222338,60.93682394222338,60.38535947215801,60.79895782470703,531602,0.0,0.0,0.0,0.0019994620991787837,0.008724301423375528,956523.0,61.49214534759521,0,2,2,2021,1,FFC.KA
2021-02-03 00:00:00+05:00,60.909243577801504,61.609605748136566,60.57836576687973,60.95887756347656,1058577,0.0,0.0,0.0,0.0026303039474888656,0.00874650445324589,977259.3,61.4888355255127,0,3,2,2021,2,FFC.KA
2021-02-04 00:00:00+05:00,61.20153153690016,61.32285019169499,61.01954724369761,61.218074798583984,423296,0.0,0.0,0.0,0.004252001438798114,0.00730379876974798,851681.2,61.434240913391115,0,4,2,2021,3,FFC.KA
2021-02-05 00:00:00+05:00,61.21807479858399,61.21807479858399,61.21807479858399,61.218074798583984,0,0.0,0.0,0.0,0.0,0.007035253827172815,769034.95,61.408323097229,0,5,2,2021,4,FFC.KA
2021-02-08 00:00:00+05:00,61.20153421928431,61.47175065575727,60.10963261955258,60.33021926879883,1360266,0.0,0.0,0.0,-0.014503159936118948,0.007624626450457288,797957.55,61.326155281066896,0,8,2,2021,0,FFC.KA
2021-02-09 00:00:00+05:00,60.661089357130685,60.90373506090796,60.12065234617399,60.390872955322266,802493,0.0,0.0,0.0,0.0010053616124483522,0.007577536212614878,798249.7,61.26384010314941,0,9,2,2021,1,FFC.KA
2021-02-10 00:00:00+05:00,60.6335194829053,60.74381490620136,60.10962989610469,60.21992111206055,420113,0.0,0.0,0.0,-0.0028307562864373637,0.007588693033654981,780390.5,61.196285820007326,0,10,2,2021,2,FFC.KA
2021-02-11 00:00:00+05:00,60.12617562597762,60.440510232429645,59.69603397581595,59.88904571533203,674941,0.0,0.0,0.0,-0.005494450849791166,0.0076366193254066485,785908.0,61.12266597747803,0,11,2,2021,3,FFC.KA
2021-02-12 00:00:00+05:00,60.10962624551169,60.10962624551169,59.58573669052807,59.78977584838867,191051,0.0,0.0,0.0,-0.001657563011025709,0.007636482342574197,778189.95,61.04628772735596,0,12,2,2021,4,FFC.KA
2021-02-15 00:00:00+05:00,59.94418527749794,60.10962629887117,59.49750041006612,59.54713439941406,484723,0.0,0.0,0.0,-0.004058243161671693,0.00766261963164909,785095.5,60.962189483642575,0,15,2,2021,0,FFC.KA
2021-02-16 00:00:00+05:00,59.55817141273712,60.054490349311386,59.50854162275,59.8835334777832,247280,0.0,0.0,0.0,0.005649290797315798,0.0076246199414717036,724084.6,60.87533435821533,0,16,2,2021,1,FFC.KA
2021-02-17 00:00:00+05:00,60.10962541780557,60.936822097867115,60.10962541780557,60.45704650878906,748140,0.0,0.0,0.0,0.009577140788103788,0.007993445835934513,745012.3,60.826805114746094,0,17,2,2021,2,FFC.KA
2021-02-18 00:00:00+05:00,60.578379500612584,60.578379500612584,60.10963547825941,60.12617874145508,286905,0.0,0.0,0.0,-0.005472774249497658,0.008059846154911045,751127.2,60.762008857727054,0,18,2,2021,3,FFC.KA
2021-02-19 00:00:00+05:00,60.11514356091493,60.3853599754439,59.971761619447705,60.186832427978516,163348,0.0,0.0,0.0,0.0010087733462034176,0.00804351635855439,749467.1,60.71210193634033,0,19,2,2021,4,FFC.KA
2021-02-22 00:00:00+05:00,60.37984546770294,60.605947926761885,59.69603068228444,60.335731506347656,595446,0.0,0.0,0.0,0.002473947745087246,0.007706667696106762,746629.85,60.640136528015134,0,22,2,2021,0,FFC.KA
2021-02-23 00:00:00+05:00,60.275069731718375,60.37984512259598,59.999337489958165,60.2640380859375,212070,0.0,0.0,0.0,-0.0011882415049963013,0.007669759736315378,744248.85,60.55824451446533,0,23,2,2021,1,FFC.KA
2021-02-24 00:00:00+05:00,60.11513398215256,60.38535035362517,59.833885966834075,60.032413482666016,851261,0.0,0.0,0.0,-0.0038434962313873555,0.0069316182729832485,758001.25,60.42534122467041,0,24,2,2021,2,FFC.KA
2021-02-25 00:00:00+05:00,60.10962978137118,60.38536202807472,60.10962978137118,60.280582427978516,557521,0.0,0.0,0.0,0.00413391584504863,0.00570627380563345,618650.6,60.366335105896,0,25,2,2021,3,FFC.KA
2021-02-26 00:00:00+05:00,60.38535123053261,61.196004564062015,60.10961903313292,60.90924072265625,803710,0.0,0.0,0.0,0.010428868955087545,0.005621776772880891,556814.5,60.37570934295654,0,26,2,2021,4,FFC.KA
2021-03-01 00:00:00+05:00,60.93682468546767,61.19601366273412,60.38536020867611,60.99748611450195,460488,0.0,0.0,0.0,0.0014488013772413488,0.00562457693384342,543661.55,60.39170188903809,0,1,3,2021,0,FFC.KA
2021-03-02 00:00:00+05:00,61.12983806848568,61.12983806848568,60.52322796903401,60.837562561035156,305473,0.0,0.0,0.0,-0.0026218056456719374,0.00564501972197643,532355.1,60.393632125854495,0,2,3,2021,1,FFC.KA
2021-03-03 00:00:00+05:00,61.1518974991622,61.1518974991622,60.661094435318205,60.78241729736328,140210,0.0,0.0,0.0,-0.0009064344682867542,0.005615149246829885,486436.75,60.38480911254883,0,3,3,2021,2,FFC.KA
2021-03-04 00:00:00+05:00,60.10962066512868,60.57836457196682,59.83940428239556,60.01035690307617,637959,0.0,0.0,0.0,-0.012702035039343529,0.006171037086515877,497169.9,60.324423217773436,0,4,3,2021,3,FFC.KA
2021-03-05 00:00:00+05:00,60.10962728436181,60.605946149278665,59.833895049112435,60.30263900756836,190060,0.0,0.0,0.0,0.004870527681817727,0.006306268761666737,506672.9,60.27865142822266,0,5,3,2021,4,FFC.KA
2021-03-08 00:00:00+05:00,60.93682237226628,60.93682237226628,59.97175957451545,60.093082427978516,493288,0.0,0.0,0.0,-0.0034750814066950575,0.005464993361243559,463324.0,60.26679458618164,0,8,3,2021,0,FFC.KA
2021-03-09 00:00:00+05:00,60.10962945524496,60.385361700452506,59.28243271962232,59.53059005737305,1644596,0.0,0.0,0.0,-0.009360351439445913,0.005825994509820621,505429.15,60.22378044128418,0,9,3,2021,1,FFC.KA
2021-03-10 00:00:00+05:00,60.12845406316362,60.12845406316362,58.50566992672945,58.82453155517578,985236,3.4,0.0,0.0,-0.01186043177997731,0.006327976156025393,533685.3,60.154010963439944,0,10,3,2021,2,FFC.KA
2021-03-11 00:00:00+05:00,59.16046486849528,59.16046486849528,57.65155899870885,58.112770080566406,798495,0.0,0.0,0.0,-0.012099738931907411,0.006726344945589567,539863.0,60.06519718170166,0,11,3,2021,3,FFC.KA
2021-03-12 00:00:00+05:00,58.36332743394687,59.21742490858999,58.135567238542485,58.89286804199219,1583436,0.0,0.0,0.0,0.013423864674567465,0.0075059086674687,609482.25,60.020351791381835,0,12,3,2021,4,FFC.KA
2021-03-15 00:00:00+05:00,59.21742027495481,59.781123347744696,58.79037157104889,59.17186737060547,612022,0.0,0.0,0.0,0.004737404339254514,0.00755805065492029,615847.2,60.00158843994141,0,15,3,2021,0,FFC.KA
2021-03-16 00:00:00+05:00,59.49642800044323,59.49642800044323,58.084322629005605,59.32561111450195,359253,0.0,0.0,0.0,0.0025982574275298376,0.007462067712505426,621445.85,59.97369232177734,0,16,3,2021,1,FFC.KA
2021-03-17 00:00:00+05:00,59.388242083964194,59.87222975103121,59.30283147350199,59.70710372924805,804483,0.0,0.0,0.0,0.0064304877367347135,0.007270426640130431,624263.0,59.93619518280029,0,17,3,2021,2,FFC.KA
2021-03-18 00:00:00+05:00,59.75833738867703,60.47008511528901,59.5078051429407,60.24802017211914,644180,0.0,0.0,0.0,0.009059498938752242,0.007480817806618212,642126.75,59.94228725433349,0,18,3,2021,3,FFC.KA
2021-03-19 00:00:00+05:00,60.071512213293346,60.356211323308955,59.50211399326213,59.66154479980469,673782,0.0,0.0,0.0,-0.009734350948611858,0.007793404847974927,667648.45,59.916022872924806,0,19,3,2021,4,FFC.KA
2021-03-22 00:00:00+05:00,59.365464358280086,59.84375681594735,59.21741959293183,59.61030578613281,251082,0.0,0.0,0.0,-0.0008588281420437438,0.007764085606274927,650430.25,59.87975158691406,0,22,3,2021,0,FFC.KA
2021-03-23 00:00:00+05:00,59.61030578613281,59.61030578613281,59.61030578613281,59.61030578613281,0,0.0,0.0,0.0,0.0,0.007763700021255195,639826.75,59.84706497192383,0,23,3,2021,1,FFC.KA
2021-03-24 00:00:00+05:00,59.50211099037267,60.05442793099539,59.50211099037267,59.82666778564453,276494,0.0,0.0,0.0,0.003629607274419522,0.007774977925124077,611088.4,59.836777687072754,0,24,3,2021,2,FFC.KA
2021-03-25 00:00:00+05:00,60.21385851746164,60.21385851746164,59.50211078084862,59.530582427978516,276544,0.0,0.0,0.0,-0.004949053133409875,0.0077772896481422445,597039.55,59.79927768707275,0,25,3,2021,3,FFC.KA
2021-03-26 00:00:00+05:00,59.50211652119955,60.05443351316111,59.43948236680202,59.78681564331055,395111,0.0,0.0,0.0,0.0043042282618690475,0.007433263280098301,576609.6,59.74315643310547,0,26,3,2021,4,FFC.KA
2021-03-29 00:00:00+05:00,59.78682334590277,59.78682334590277,59.075075448927734,59.120628356933594,356647,0.0,0.0,0.0,-0.011142712305526326,0.007750046665816206,571417.55,59.64931354522705,0,29,3,2021,0,FFC.KA
2021-03-30 00:00:00+05:00,59.62738813627902,60.21386766528123,59.223115881764535,59.85514831542969,610869,0.0,0.0,0.0,0.012424089170052888,0.008346107010228624,586687.35,59.600192832946775,0,30,3,2021,1,FFC.KA
2021-03-31 00:00:00+05:00,60.071507558606115,60.18538545612297,59.075060750761935,59.49641418457031,584612,0.0,0.0,0.0,-0.005993371346586396,0.0084272625540765,608907.45,59.53589267730713,0,31,3,2021,2,FFC.KA
2021-04-01 00:00:00+05:00,59.473639807234505,60.49855829722943,59.331290258299845,59.53627395629883,534753,0.0,0.0,0.0,0.0006699525051183652,0.007971001038942698,603747.15,59.51218852996826,0,1,4,2021,3,FFC.KA
2021-04-02 00:00:00+05:00,59.9291611781249,59.9291611781249,59.075063869173,59.11492156982422,175733,0.0,0.0,0.0,-0.007077238101663719,0.00800550850703072,603030.8,59.452802658081055,0,2,4,2021,4,FFC.KA
2021-04-05 00:00:00+05:00,59.559055781952566,59.5021168260714,58.64801945536224,58.75620651245117,350122,0.0,0.0,0.0,-0.0060680966471273745,0.00806906655134145,595872.5,59.38595886230469,0,5,4,2021,0,FFC.KA
2021-04-06 00:00:00+05:00,59.15478530026157,59.21741945683558,58.676492843693545,59.16048049926758,211917,0.0,0.0,0.0,0.006880532471590595,0.00801031468343767,524238.55,59.36745338439941,0,6,4,2021,1,FFC.KA
2021-04-07 00:00:00+05:00,59.38823893587895,59.38823893587895,57.793922105643915,57.93627166748047,1116056,0.0,0.0,0.0,-0.020693017052190177,0.008878711816697705,530779.55,59.32304039001465,0,7,4,2021,2,FFC.KA
2021-04-08 00:00:00+05:00,58.36332606603793,59.21742352066288,57.93627733872545,58.34624481201172,1145519,0.0,0.0,0.0,0.007076277653561336,0.008617022938388633,548130.75,59.33471412658692,0,8,4,2021,3,FFC.KA
2021-04-09 00:00:00+05:00,58.47720449355569,58.648025723620314,58.078627415624005,58.277915954589844,324151,0.0,0.0,0.0,-0.0011710926323026394,0.008040078872527633,485166.5,59.3039665222168,0,9,4,2021,4,FFC.KA
2021-04-12 00:00:00+05:00,58.27790551198519,59.21171822223951,58.27790551198519,59.11492156982422,521415,0.0,0.0,0.0,0.014362312061511728,0.008635674150572445,480636.15,59.30111923217773,0,12,4,2021,0,FFC.KA
2021-04-13 00:00:00+05:00,58.932712134430325,59.52488676799861,58.927016936215836,59.29143142700195,1915362,0.0,0.0,0.0,0.0029858765348991234,0.008642274570510474,558441.6,59.29941024780273,0,13,4,2021,1,FFC.KA
2021-04-14 00:00:00+05:00,59.49642670117656,60.23095102392742,59.30283336583789,59.96333312988281,224534,0.0,0.0,0.0,0.011332188930336162,0.008899701538078526,529444.15,59.312221717834475,0,14,4,2021,2,FFC.KA
2021-04-15 00:00:00+05:00,59.95764617177794,60.629536378139505,59.786824934299844,60.41316223144531,599960,0.0,0.0,0.0,0.007501736112436541,0.008825065584438954,527233.15,59.32047882080078,0,15,4,2021,3,FFC.KA
2021-04-16 00:00:00+05:00,60.629530620770204,60.64091667491074,60.35621753559192,60.37899398803711,218804,0.0,0.0,0.0,-0.0005655761451006658,0.008516000362161722,504484.25,59.3563512802124,0,16,4,2021,4,FFC.KA
2021-04-19 00:00:00+05:00,60.77188556849132,60.77188556849132,59.21742621881505,59.593231201171875,257747,0.0,0.0,0.0,-0.013013843639410716,0.00904530043988885,504817.5,59.35549755096436,0,19,4,2021,0,FFC.KA
2021-04-20 00:00:00+05:00,59.872224332078005,60.35621195533997,59.67293582181293,59.97471618652344,210635,0.0,0.0,0.0,0.006401481806948217,0.009156953919984993,515349.25,59.373718070983884,0,20,4,2021,1,FFC.KA
2021-04-21 00:00:00+05:00,60.071514786787226,60.071514786787226,58.93271829793818,59.18894577026367,259808,0.0,0.0,0.0,-0.013101694617711823,0.009594858429823973,514514.95,59.34183197021484,0,21,4,2021,2,FFC.KA
2021-04-22 00:00:00+05:00,59.217424257775384,59.58753402821935,58.79037552514719,58.955501556396484,120657,0.0,0.0,0.0,-0.003944050883644357,0.00957289316986883,506720.6,59.31307792663574,0,22,4,2021,3,FFC.KA
2021-04-23 00:00:00+05:00,58.93271968801299,59.502117945868186,58.53414264517993,58.77898406982422,170079,0.0,0.0,0.0,-0.0029940799740870716,0.00952142840657018,495469.0,59.26268634796143,0,23,4,2021,4,FFC.KA
2021-04-26 00:00:00+05:00,58.67648831188233,60.35051612474282,58.665097914750056,59.66154479980469,437724,0.0,0.0,0.0,0.015014902757285897,0.009818788893102526,499522.85,59.28973217010498,0,26,4,2021,0,FFC.KA
2021-04-27 00:00:00+05:00,59.79251338746791,60.52703767508244,59.075070352840974,59.24589157104492,873710,0.0,0.0,0.0,-0.006966853274659512,0.00953273078988784,512664.9,59.259269332885744,0,27,4,2021,1,FFC.KA
2021-04-28 00:00:00+05:00,59.217404870123566,60.384672761478676,59.217404870123566,59.98039627075195,466420,0.0,0.0,0.0,0.012397563446677973,0.009853331147073964,506755.3,59.28346843719483,0,28,4,2021,2,FFC.KA
2021-04-29 00:00:00+05:00,60.578287703218294,60.578287703218294,59.78682437568289,59.809600830078125,224910,0.0,0.0,0.0,-0.002847521045090451,0.009880578478278668,491263.15,59.29713478088379,0,29,4,2021,3,FFC.KA
2021-04-30 00:00:00+05:00,59.7868137293462,60.49856151183842,59.650159371473535,59.97471618652344,1650519,0.0,0.0,0.0,0.002760683137050357,0.009739137328821083,565002.45,59.34012451171875,0,30,4,2021,4,FFC.KA
2021-05-03 00:00:00+05:00,60.071513965097985,60.5270342920723,59.55905468329283,60.44162368774414,401157,0.0,0.0,0.0,0.007785072292274098,0.009720011081887501,567554.2,59.424395370483396,0,3,5,2021,0,FFC.KA
2021-05-04 00:00:00+05:00,60.44163938311989,61.26726530297363,60.15694019087172,61.19894027709961,561766,0.0,0.0,0.0,0.012529719473916678,0.009964817153658986,585046.65,59.526318359375,0,4,5,2021,1,FFC.KA
2021-05-05 00:00:00+05:00,61.21031125386556,61.551949331566,61.21031125386556,61.49501037597656,390788,0.0,0.0,0.0,0.004837830484259786,0.008461340123285673,548783.25,59.70425529479981,0,5,5,2021,2,FFC.KA
2021-05-06 00:00:00+05:00,61.49500670582867,61.637356258388465,60.92560849558952,61.500701904296875,258103,0.0,0.0,0.0,9.255268493357782e-05,0.008429134560627856,504412.45,59.861978149414064,0,6,5,2021,3,FFC.KA
2021-05-07 00:00:00+05:00,61.50070190429687,61.50070190429687,61.50070190429687,61.500701904296875,0,0.0,0.0,0.0,0.0,0.008405081611116458,488204.9,60.02311744689941,0,7,5,2021,4,FFC.KA
2021-05-10 00:00:00+05:00,61.50070190429687,61.50070190429687,61.50070190429687,61.500701904296875,0,0.0,0.0,0.0,0.0,0.00796057862315404,462134.15,60.14240646362305,0,10,5,2021,0,FFC.KA
2021-05-11 00:00:00+05:00,61.50070190429687,61.50070190429687,61.50070190429687,61.500701904296875,0,0.0,0.0,0.0,0.0,0.007969313542103146,366366.05,60.25286998748779,0,11,5,2021,1,FFC.KA
2021-05-12 00:00:00+05:00,61.50070190429687,61.50070190429687,61.50070190429687,61.500701904296875,0,0.0,0.0,0.0,0.0,0.0076572233206690585,355139.35,60.32973842620849,0,12,5,2021,2,FFC.KA
2021-05-13 00:00:00+05:00,61.50070190429687,61.50070190429687,61.50070190429687,61.500701904296875,0,0.0,0.0,0.0,0.0,0.007519654597786416,325141.35,60.38411540985108,0,13,5,2021,3,FFC.KA
2021-05-14 00:00:00+05:00,61.50070190429687,61.50070190429687,61.50070190429687,61.500701904296875,0,0.0,0.0,0.0,0.0,0.007514838483003273,314201.15,60.44020080566406,0,14,5,2021,4,FFC.KA
2021-05-17 00:00:00+05:00,61.495001262603694,62.747675476584035,61.15336323553298,62.206748962402344,865378,0.0,0.0,0.0,0.011480308943533135,0.007104489337230508,344582.7,60.57087669372559,0,17,5,2021,0,FFC.KA
2021-05-18 00:00:00+05:00,62.058716102854554,62.34911043632116,62.00747234385906,62.292171478271484,390216,0.0,0.0,0.0,0.001373203346806795,0.007035586090055386,353561.75,60.68674945831299,0,18,5,2021,1,FFC.KA
2021-05-19 00:00:00+05:00,62.3491082195257,62.3491082195257,61.80818162104011,62.02455139160156,404572,0.0,0.0,0.0,-0.004296207377571859,0.006281080721796415,360799.95,60.82852973937988,0,19,5,2021,2,FFC.KA
2021-05-20 00:00:00+05:00,61.69999091268815,62.06440542268274,61.694295714173464,62.030242919921875,101229,0.0,0.0,0.0,9.176250682374487e-05,0.006130886634243079,359828.55,60.98226680755615,0,20,5,2021,3,FFC.KA
2021-05-21 00:00:00+05:00,61.95052481462292,62.06440271496666,61.77970361994388,62.053016662597656,70385,0.0,0.0,0.0,0.0003671393437099102,0.006015522819723353,354843.85,61.145968437194824,0,21,5,2021,4,FFC.KA
2021-05-24 00:00:00+05:00,62.292172448204944,62.292172448204944,61.779713129450414,62.087188720703125,397076,0.0,0.0,0.0,0.0005506913272448344,0.005286242403009183,352811.45,61.26725063323975,0,24,5,2021,0,FFC.KA
2021-05-25 00:00:00+05:00,62.06440509587442,62.121344048230576,61.779705989930044,61.95052719116211,269847,0.0,0.0,0.0,-0.0022011228460637744,0.004957598437036813,322618.3,61.402482414245604,0,25,5,2021,1,FFC.KA
2021-05-26 00:00:00+05:00,61.836659543661305,62.064419751030115,61.07366784476509,61.18754577636719,819466,0.0,0.0,0.0,-0.012315979369159735,0.005357930900223282,340270.6,61.462839889526364,0,26,5,2021,2,FFC.KA
2021-05-27 00:00:00+05:00,61.096446487177744,61.7512511335788,60.07152768940818,60.56121063232422,979217,0.0,0.0,0.0,-0.010236317474345946,0.005868365363822028,377985.95,61.50042037963867,0,27,5,2021,3,FFC.KA
2021-05-28 00:00:00+05:00,60.64091082614778,61.49500816172733,60.64091082614778,61.44945526123047,363977,0.0,0.0,0.0,0.014666890236044061,0.006646969910256166,313658.85,61.574157333374025,0,28,5,2021,4,FFC.KA
2021-05-31 00:00:00+05:00,61.63736122302485,61.978999307853165,60.64660947377354,61.14767837524414,1023882,0.0,0.0,0.0,-0.00491097739928581,0.006594672923079695,344795.1,61.609460067749026,0,31,5,2021,0,FFC.KA
2021-06-01 00:00:00+05:00,61.2387851055011,61.665833804021574,61.14767929795134,61.540565490722656,464464,0.0,0.0,0.0,0.006425217210496381,0.006139064793601702,339930.0,61.62654132843018,0,1,6,2021,1,FFC.KA
2021-06-02 00:00:00+05:00,61.329886106590656,61.95053246939401,61.329886106590656,61.45515441894531,403884,0.0,0.0,0.0,-0.00138788246575694,0.00605390949292671,340584.8,61.624548530578615,0,2,6,2021,2,FFC.KA
2021-06-03 00:00:00+05:00,61.66013414323116,61.66013414323116,60.92560991362704,61.00532531738281,617987,0.0,0.0,0.0,-0.0073196317837878055,0.006270000008999246,358579.0,61.59977970123291,0,3,6,2021,3,FFC.KA
2021-06-04 00:00:00+05:00,61.29573109690164,61.43808067940993,61.03949924188802,61.22740173339844,368430,0.0,0.0,0.0,0.0036402791864524886,0.006334292076580886,377000.5,61.586114692687985,0,4,6,2021,4,FFC.KA
2021-06-07 00:00:00+05:00,61.35266480367054,61.66583559601851,61.153376274069174,61.34696960449219,722462,0.0,0.0,0.0,0.0019528490138187582,0.006352621203348206,413123.6,61.57842807769775,0,7,6,2021,0,FFC.KA
2021-06-08 00:00:00+05:00,61.466545248585604,61.63736647764434,61.18754129567636,61.47224044799805,304579,0.0,0.0,0.0,0.002042005404887748,0.006370798030706881,428352.55,61.577005004882814,0,8,6,2021,1,FFC.KA
2021-06-09 00:00:00+05:00,61.409606599871616,61.8366553305302,61.3868301462701,61.55195617675781,466579,0.0,0.0,0.0,0.0012967760436062292,0.00637743520228323,451681.5,61.57956771850586,0,9,6,2021,2,FFC.KA
2021-06-10 00:00:00+05:00,61.787330411475445,62.46404969007717,61.55194920724141,62.187477111816406,714611,3.5,0.0,0.0,0.010324951058152898,0.0067775856730543154,487412.05,61.61390647888184,0,10,6,2021,3,FFC.KA
2021-06-11 00:00:00+05:00,62.346360699995465,63.2290369033339,62.18748095878482,62.858314514160156,361121,0.0,0.0,0.0,0.010787339083358383,0.007148327659550644,505468.1,61.681787109375,0,11,6,2021,4,FFC.KA
2021-06-14 00:00:00+05:00,63.39967673983608,63.39967673983608,61.78732308961157,61.88147735595703,1924800,0.0,0.0,0.0,-0.015540301482042995,0.007624101345078062,558439.2,61.665523529052734,0,14,6,2021,0,FFC.KA
2021-06-15 00:00:00+05:00,61.90501940569073,62.67000720494056,61.88736660085811,62.51112747192383,941163,0.0,0.0,0.0,0.010175098314878506,0.007968068717632722,585986.55,61.67647132873535,0,15,6,2021,1,FFC.KA
2021-06-16 00:00:00+05:00,62.46994425186124,63.02308499675338,62.46405848630772,62.740631103515625,1099885,0.0,0.0,0.0,0.0036714044502696996,0.007930232593153633,620752.2,61.71227531433105,0,16,6,2021,2,FFC.KA
2021-06-17 00:00:00+05:00,62.73474252409357,62.740628289383096,62.37578716333138,62.43463134765625,930373,0.0,0.0,0.0,-0.004877218326900579,0.00802440394182324,662209.4,61.73249473571777,0,17,6,2021,3,FFC.KA
2021-06-18 00:00:00+05:00,62.434634641003555,63.05250983281544,62.381676219174736,62.92304992675781,1046741,0.0,0.0,0.0,0.007822879202759925,0.008196313118071064,711027.2,61.775996398925784,0,18,6,2021,4,FFC.KA
2021-06-21 00:00:00+05:00,62.68178067681469,62.899509100978925,62.3757882194305,62.53466796875,575723,0.0,0.0,0.0,-0.00617233205415002,0.008340577065325693,719959.55,61.798370361328125,0,21,6,2021,0,FFC.KA
2021-06-22 00:00:00+05:00,62.37579447392773,62.72886411078101,62.346370133554956,62.42875289916992,320962,0.0,0.0,0.0,-0.001693701638153855,0.008333041657575486,722515.3,61.82228164672851,0,22,6,2021,1,FFC.KA
2021-06-23 00:00:00+05:00,62.39342692443765,62.9642248210455,62.38754116037871,62.681766510009766,442873,0.0,0.0,0.0,0.0040528378205551,0.007803599548186982,703685.65,61.896992683410645,0,23,6,2021,2,FFC.KA
2021-06-24 00:00:00+05:00,62.67000742487049,63.081921170820955,62.43462621738889,62.99953842163086,801426,0.0,0.0,0.0,0.005069606830087503,0.007357043913595822,694796.1,62.01890907287598,0,24,6,2021,3,FFC.KA
2021-06-25 00:00:00+05:00,62.55819503545358,63.240800030304435,62.55819503545358,63.07603454589844,317049,0.0,0.0,0.0,0.001214233090973238,0.006726027709365599,692449.7,62.10023803710938,0,25,6,2021,4,FFC.KA
2021-06-28 00:00:00+05:00,62.84655296519011,63.552692193755675,62.84655296519011,62.97012710571289,823921,0.0,0.0,0.0,-0.0016790440449847566,0.006605979709182642,682451.65,62.19136047363281,0,28,6,2021,0,FFC.KA
2021-06-29 00:00:00+05:00,62.99953042635401,63.17018166788273,62.493462465826795,62.681766510009766,650151,0.0,0.0,0.0,-0.00457932370406422,0.006631549868698159,691736.0,62.248420524597165,0,29,6,2021,1,FFC.KA
2021-06-30 00:00:00+05:00,62.964237985626966,62.964237985626966,62.37578716333138,62.43463134765625,275336,0.0,0.0,0.0,-0.003942696195616158,0.0067029732671436805,685308.6,62.297394371032716,0,30,6,2021,2,FFC.KA
2021-07-01 00:00:00+05:00,62.78768781545785,62.95833905698657,62.66411370735551,62.681766510009766,123795,0.0,0.0,0.0,0.003958302580139961,0.006452566106109211,660599.0,62.38121643066406,0,1,7,2021,3,FFC.KA
2021-07-02 00:00:00+05:00,62.840655153499675,63.08191762269393,62.72884807609196,62.958343505859375,201296,0.0,0.0,0.0,0.004412399510237863,0.00646911376997661,652242.3,62.46776351928711,0,2,7,2021,4,FFC.KA
2021-07-05 00:00:00+05:00,62.67588474547372,62.964224328791595,62.25808529100668,62.81122589111328,341050,0.0,0.0,0.0,-0.0023367453232374658,0.0065212358324476865,633171.7,62.54097633361816,0,5,7,2021,0,FFC.KA
2021-07-06 00:00:00+05:00,62.67001012610468,62.84654716170584,62.49347309050351,62.540550231933594,283289,0.0,0.0,0.0,-0.004309351638016379,0.006631801073706173,632107.2,62.59439182281494,0,6,7,2021,1,FFC.KA
2021-07-07 00:00:00+05:00,62.55231138987342,62.693538301222674,62.25808603900764,62.37577438354492,234458,0.0,0.0,0.0,-0.0026347041683770778,0.006676995890151471,620501.15,62.635582733154294,0,7,7,2021,2,FFC.KA
2021-07-08 00:00:00+05:00,63.11133175557782,63.6115139065521,62.37576844840326,63.46440124511719,1139485,0.0,0.0,0.0,0.01745271898154499,0.007372544560277146,641744.85,62.699428939819335,0,8,7,2021,3,FFC.KA
2021-07-09 00:00:00+05:00,63.258466766932735,63.34673529288436,62.94070276722111,62.97012710571289,420146,0.0,0.0,0.0,-0.007788210866360723,0.00724933197790638,644696.1,62.705019569396974,0,9,7,2021,4,FFC.KA
2021-07-12 00:00:00+05:00,62.970118928815964,63.14077019295644,62.84654480433972,63.0525016784668,182358,0.0,0.0,0.0,0.001308153191681205,0.0062436737833867694,557574.0,62.76357078552246,0,12,7,2021,0,FFC.KA
2021-07-13 00:00:00+05:00,62.78769450577493,63.31730108944735,62.78769450577493,63.29964828491211,259052,0.0,0.0,0.0,0.003919695489730479,0.005905054443038113,523468.45,62.80299682617188,0,13,7,2021,1,FFC.KA
2021-07-14 00:00:00+05:00,63.0289646834429,63.405572831120175,62.96423473716806,63.02307891845703,260896,0.0,0.0,0.0,-0.004369208580910833,0.005961496097488152,481519.0,62.81711921691895,0,14,7,2021,2,FFC.KA
2021-07-15 00:00:00+05:00,62.96422072234959,62.96422072234959,62.66999539187132,62.72295379638672,435850,0.0,0.0,0.0,-0.004762146299748915,0.005956349267209453,456792.85,62.83153533935547,0,15,7,2021,3,FFC.KA
2021-07-16 00:00:00+05:00,62.96422185885877,62.993646188246615,62.66999652306971,62.87006759643555,126176,0.0,0.0,0.0,0.0023454539549649933,0.005710540258416823,410764.6,62.82888622283936,0,16,7,2021,4,FFC.KA
2021-07-19 00:00:00+05:00,62.81712418968725,63.40557500176863,62.728855669970365,63.27022933959961,317924,0.0,0.0,0.0,0.006364900794010753,0.0056884919233205255,397874.65,62.86566429138183,0,19,7,2021,0,FFC.KA
2021-07-20 00:00:00+05:00,63.27022933959962,63.27022933959962,63.27022933959962,63.27022933959961,0,0.0,0.0,0.0,0.0,0.005665104781574922,381826.55,62.90773811340332,0,20,7,2021,1,FFC.KA
2021-07-21 00:00:00+05:00,63.27022933959962,63.27022933959962,63.27022933959962,63.27022933959961,0,0.0,0.0,0.0,0.0,0.005610512605678235,359682.9,62.93716125488281,0,21,7,2021,2,FFC.KA
2021-07-22 00:00:00+05:00,63.27022933959962,63.27022933959962,63.27022933959962,63.27022933959961,0,0.0,0.0,0.0,0.0,0.005505893345223808,319611.6,62.95069580078125,0,22,7,2021,3,FFC.KA
2021-07-23 00:00:00+05:00,63.27022933959962,63.27022933959962,63.27022933959962,63.27022933959961,0,0.0,0.0,0.0,0.0,0.005501146918632978,303759.15,62.96040554046631,0,23,7,2021,4,FFC.KA
2021-07-26 00:00:00+05:00,63.523255292368496,63.55267962504107,63.34083700046244,63.49383544921875,401660,0.0,0.0,0.0,0.0035341441299183707,0.005532440777002181,282646.1,62.9865909576416,0,26,7,2021,0,FFC.KA
2021-07-27 00:00:00+05:00,63.54679293764791,64.49419897005252,63.54679293764791,64.37651062011719,783441,0.0,0.0,0.0,0.01390174596720306,0.006159786521720849,289310.6,63.07132816314697,0,27,7,2021,1,FFC.KA
2021-07-28 00:00:00+05:00,64.40594628981368,64.50010058451744,64.08230100319824,64.29414367675781,212653,0.0,0.0,0.0,-0.0012794564751329451,0.006067379101948192,286176.45,63.16430377960205,0,28,7,2021,2,FFC.KA
2021-07-29 00:00:00+05:00,64.28823340721988,64.49419023647816,63.86454822159017,64.2764663696289,492363,0.0,0.0,0.0,-0.0002749442813606562,0.006050403825501847,304604.85,63.24403877258301,0,29,7,2021,3,FFC.KA
2021-07-30 00:00:00+05:00,64.28235966182245,64.28235966182245,62.522893149322094,62.71708297729492,719401,0.0,0.0,0.0,-0.024260565031166692,0.008260911766357484,330510.1,63.23197574615479,0,30,7,2021,4,FFC.KA
2021-08-02 00:00:00+05:00,62.670015351882725,62.99366511429817,62.375789927695486,62.69355392456055,421079,0.0,0.0,0.0,-0.00037516178395757827,0.00824533052238417,334511.55,63.226092147827146,0,2,8,2021,0,FFC.KA
2021-08-03 00:00:00+05:00,62.9642372589115,63.258462666663426,62.61705343273548,62.69943618774414,766400,0.0,0.0,0.0,9.38256457860831e-05,0.008184494866545093,358667.1,63.234036445617676,0,3,8,2021,1,FFC.KA
2021-08-04 00:00:00+05:00,62.93482273529032,62.93482273529032,62.37579616920614,62.58763885498047,267819,0.0,0.0,0.0,-0.0017830675929670914,0.008171400922409854,360335.15,63.24462966918945,0,4,8,2021,2,FFC.KA
2021-08-05 00:00:00+05:00,62.67001236861664,62.90539359466637,62.52289966352599,62.569976806640625,90976,0.0,0.0,0.0,-0.0002821970705871868,0.0070917422219427175,307909.7,63.19990844726563,0,5,8,2021,3,FFC.KA
2021-08-06 00:00:00+05:00,62.67000579833985,62.758274310044925,62.37578041900492,62.670005798339844,69110,0.0,0.0,0.0,0.0015986739456264054,0.006905085220367902,290357.9,63.184902381896975,0,6,8,2021,4,FFC.KA
2021-08-09 00:00:00+05:00,62.78770372574815,62.846552402204544,62.670015351882725,62.69355392456055,235487,0.0,0.0,0.0,0.00037574795024708507,0.006897396440380757,293014.35,63.16695499420166,0,9,8,2021,0,FFC.KA
2021-08-10 00:00:00+05:00,62.84065997334002,62.84654573826629,62.316939132981396,62.387550354003906,177932,0.0,0.0,0.0,-0.004880941522709903,0.0068972607284193774,288958.35,63.12135009765625,0,10,8,2021,1,FFC.KA
2021-08-11 00:00:00+05:00,62.728856203116344,62.67589778455015,62.375786610771385,62.51701354980469,125908,0.0,0.0,0.0,0.0020751447214415464,0.006867421331889039,282208.95,63.09604682922363,0,11,8,2021,2,FFC.KA
2021-08-12 00:00:00+05:00,62.41108892418582,62.55232034527726,62.18747924174251,62.387550354003906,320725,0.0,0.0,0.0,-0.0020708474133628307,0.006803110834269765,276452.7,63.079276657104494,0,12,8,2021,3,FFC.KA
2021-08-13 00:00:00+05:00,62.375778511649884,62.67000388198785,62.258090159323835,62.38166427612305,171961,0.0,0.0,0.0,-9.434699467214536e-05,0.006776019465902173,278741.95,63.05485649108887,0,13,8,2021,4,FFC.KA
2021-08-16 00:00:00+05:00,62.38166086493581,62.55231210914294,62.11097407776946,62.15804672241211,112793,0.0,0.0,0.0,-0.003584667967836297,0.006619120237409027,268485.4,62.99924736022949,0,16,8,2021,0,FFC.KA
2021-08-17 00:00:00+05:00,62.081551900020806,62.37577726447588,62.081551900020806,62.093318939208984,131977,0.0,0.0,0.0,-0.0010413419760789688,0.006616049996251094,275084.25,62.94040184020996,0,17,8,2021,1,FFC.KA
2021-08-18 00:00:00+05:00,62.09331893920899,62.09331893920899,62.09331893920899,62.093318939208984,0,0.0,0.0,0.0,0.0,0.006616049996251094,275084.25,62.88155632019043,0,18,8,2021,2,FFC.KA
2021-08-19 00:00:00+05:00,62.09331893920899,62.09331893920899,62.09331893920899,62.093318939208984,0,0.0,0.0,0.0,0.0,0.006616049996251094,275084.25,62.822710800170896,0,19,8,2021,3,FFC.KA
2021-08-20 00:00:00+05:00,62.22866420972398,62.9642276164583,61.83440330119984,62.62881088256836,313386,0.0,0.0,0.0,0.008623986485303492,0.00695151717715032,290753.55,62.790639877319336,0,20,8,2021,4,FFC.KA
2021-08-23 00:00:00+05:00,62.72884728461295,63.25845384259505,62.375777742465814,62.55231475830078,222060,0.0,0.0,0.0,-0.0012214206718855758,0.006887802777197829,281773.55,62.74356384277344,0,23,8,2021,0,FFC.KA
2021-08-24 00:00:00+05:00,62.37577185559204,62.669997194533515,62.08154651665057,62.122737884521484,325833,0.0,0.0,0.0,-0.006867481650186136,0.006085603980679806,258893.15,62.630875205993654,0,24,8,2021,1,FFC.KA
2021-08-25 00:00:00+05:00,62.375781699832594,62.49347005817398,62.19924467279741,62.369895935058594,535232,0.0,0.0,0.0,0.003978544071842727,0.006219664801075907,275022.1,62.53466281890869,0,25,8,2021,2,FFC.KA
2021-08-26 00:00:00+05:00,62.36989131564771,62.434621254798195,62.14039589121336,62.22866439819336,110269,0.0,0.0,0.0,-0.002264418350357511,0.006214955758100779,255917.4,62.43227272033691,0,26,8,2021,3,FFC.KA
2021-08-27 00:00:00+05:00,62.1403996416824,62.43462502302514,61.78733008197572,61.869712829589844,471100,0.0,0.0,0.0,-0.005768267278028483,0.0034076293836512225,243502.35,62.38990421295166,0,27,8,2021,4,FFC.KA
2021-08-30 00:00:00+05:00,62.08155221345705,62.25808922883051,62.05212788105388,62.099205017089844,35031,0.0,0.0,0.0,0.0037092816016797148,0.003546086844623784,224199.95,62.36018676757813,0,30,8,2021,0,FFC.KA
2021-08-31 00:00:00+05:00,62.375781699832594,62.375781699832594,61.96386795611463,62.369895935058594,116998,0.0,0.0,0.0,0.004359007782696267,0.0037064194127051794,191729.85,62.343709754943845,0,31,8,2021,1,FFC.KA
2021-09-01 00:00:00+05:00,62.369898411243234,62.3757841762509,62.1168643901926,62.31105422973633,255956,0.0,0.0,0.0,-0.0009434311928872008,0.0036929541153768813,191136.7,62.32988052368164,0,1,9,2021,2,FFC.KA
2021-09-02 00:00:00+05:00,62.31692768570822,62.31692768570822,62.022702346766756,62.122737884521484,222380,0.0,0.0,0.0,-0.0030221980279860894,0.003746022716315991,197706.9,62.307518577575685,0,2,9,2021,3,FFC.KA
2021-09-03 00:00:00+05:00,62.346352747818194,62.346352747818194,62.11097604856853,62.22866439819336,132101,0.0,0.0,0.0,0.0017051166332813228,0.0037490143282559282,200856.45,62.28545150756836,0,3,9,2021,4,FFC.KA
2021-09-06 00:00:00+05:00,62.31693308948942,62.39343006801954,62.081551900020806,62.093318939208984,209264,0.0,0.0,0.0,-0.0021749696911107508,0.0037664919125624348,199545.3,62.25543975830078,0,6,9,2021,0,FFC.KA
2021-09-07 00:00:00+05:00,62.346354679732244,62.55231603224192,62.0521293070303,62.25220489501953,295472,0.0,0.0,0.0,0.0025588253056032517,0.0036746254620708503,205422.3,62.24867248535156,0,7,9,2021,1,FFC.KA
2021-09-08 00:00:00+05:00,62.11097304432681,62.40519839368029,62.08154871358245,62.10508728027344,380014,0.0,0.0,0.0,-0.002363251470276273,0.0036702312982496684,218127.6,62.228076171875,0,8,9,2021,2,FFC.KA
2021-09-09 00:00:00+05:00,62.081562803301104,62.964239051689276,61.80499019381571,62.53466796875,433651,0.0,0.0,0.0,0.006916996775769846,0.003982095055374173,223773.9,62.2354320526123,0,9,9,2021,3,FFC.KA
2021-09-10 00:00:00+05:00,62.375780439196994,62.670005818627175,62.375780439196994,62.40520477294922,123163,0.0,0.0,0.0,-0.002070262783924526,0.004012228487691409,221334.0,62.236609077453615,0,10,9,2021,4,FFC.KA
2021-09-13 00:00:00+05:00,62.664113970327065,62.6699997344107,62.02270486041051,62.37577438354492,769231,0.0,0.0,0.0,-0.00047160151963887564,0.003924179890123674,254155.9,62.24749546051025,0,13,9,2021,0,FFC.KA
2021-09-14 00:00:00+05:00,62.375783631053466,62.78181611209172,62.287515114802986,62.70531463623047,654687,0.0,0.0,0.0,0.005283144873829082,0.004072421726530763,280291.4,62.27809524536133,0,14,9,2021,1,FFC.KA
2021-09-15 00:00:00+05:00,62.89951082358688,62.89951082358688,62.434634114628196,62.69355392456055,749368,0.0,0.0,0.0,-0.00018755526127489652,0.004073845470171481,317759.8,62.30810699462891,0,15,9,2021,2,FFC.KA
2021-09-16 00:00:00+05:00,62.43463027934473,62.787699868776045,62.40521043244744,62.6464729309082,267156,0.0,0.0,0.0,-0.0007509702466220736,0.004082042395185224,331117.6,62.335764694213864,0,16,9,2021,3,FFC.KA
2021-09-17 00:00:00+05:00,62.37577454551612,64.43535200692467,62.3698887814172,64.16466522216797,1850620,0.0,0.0,0.0,0.024234281999150342,0.006502011403448482,407979.3,62.412557411193845,0,17,9,2021,4,FFC.KA
2021-09-20 00:00:00+05:00,63.899437796565174,64.16468221764985,63.35689448034147,63.87532424926758,292267,2.6,0.0,0.0,-0.004509350619979924,0.006608009479962685,411489.65,62.47870788574219,0,20,9,2021,0,FFC.KA
2021-09-21 00:00:00+05:00,63.87532424926758,63.87532424926758,63.87532424926758,63.87532424926758,0,0.0,0.0,0.0,0.0,0.006347260138864026,395198.0,62.566337203979494,0,21,9,2021,1,FFC.KA
2021-09-22 00:00:00+05:00,63.362908219158086,63.44127377894531,62.69377239584435,62.85653305053711,315685,0.0,0.0,0.0,-0.0159496833981575,0.0073998886906974405,384220.65,62.59066905975342,0,22,9,2021,2,FFC.KA
2021-09-23 00:00:00+05:00,63.71255372427997,63.71255372427997,62.693778354282664,62.8927116394043,300541,0.0,0.0,0.0,0.0005755740431643286,0.007372975426381091,393734.25,62.623871421813966,0,23,9,2021,3,FFC.KA
2021-09-24 00:00:00+05:00,63.53172594006657,63.53172594006657,62.573236404345984,62.6998291015625,349184,0.0,0.0,0.0,-0.0030668503998951824,0.00727510348899029,387638.45,62.6653772354126,0,24,9,2021,4,FFC.KA
2021-09-27 00:00:00+05:00,63.10973203215526,63.38703089813202,63.055475406644376,63.35688781738281,556450,0.0,0.0,0.0,0.010479433919285519,0.007574260278331753,413709.4,62.728261375427245,0,27,9,2021,0,FFC.KA
2021-09-28 00:00:00+05:00,63.61611141107124,63.61611141107124,63.0554840661385,63.26647186279297,498215,0.0,0.0,0.0,-0.0014270895825952978,0.007550884620669996,432770.25,62.77309017181396,0,28,9,2021,1,FFC.KA
2021-09-29 00:00:00+05:00,63.296621299496245,63.52569313039573,62.543090093549864,62.75407791137695,2193396,0.0,0.0,0.0,-0.008098980966209868,0.00780029157605521,529642.25,62.795241355895996,0,29,9,2021,2,FFC.KA
2021-09-30 00:00:00+05:00,62.92888255516817,62.92888255516817,61.216862274976954,61.52429962158203,1461163,0.0,0.0,0.0,-0.01959678686589339,0.008973376102775266,591581.4,62.765319442749025,0,30,9,2021,3,FFC.KA
2021-10-01 00:00:00+05:00,61.48814041574523,61.789552868763586,61.04205127305099,61.168643951416016,452986,0.0,0.0,0.0,-0.005780734967379519,0.00903485297607968,607625.65,62.712318420410156,0,1,10,2021,4,FFC.KA
2021-10-04 00:00:00+05:00,61.168637631096274,61.168637631096274,60.58389679678943,60.77077102661133,954061,0.0,0.0,0.0,-0.006504524199043904,0.00912049020876019,644865.5,62.64619102478027,0,4,10,2021,0,FFC.KA
2021-10-05 00:00:00+05:00,60.88531538722143,60.91545847213824,59.98107802998547,60.071502685546875,1593133,0.0,0.0,0.0,-0.011506655736821969,0.009367610112232324,709748.55,62.53715591430664,0,5,10,2021,1,FFC.KA
2021-10-06 00:00:00+05:00,59.72788193038846,60.28247963926453,59.72788193038846,59.87255859375,458614,0.0,0.0,0.0,-0.0033117881674823435,0.009373332389441947,713678.55,62.42552947998047,0,6,10,2021,2,FFC.KA
2021-10-07 00:00:00+05:00,60.222203990443575,60.282485556162,59.68569023692882,60.17397689819336,840642,0.0,0.0,0.0,0.005034331445371354,0.009290405300386141,734028.1,62.307494926452634,0,7,10,2021,3,FFC.KA
2021-10-08 00:00:00+05:00,60.22221224789009,60.282493821874105,59.31797484056198,59.54704666137695,1230782,0.0,0.0,0.0,-0.010418627272667957,0.009484853342586757,789409.05,62.16458702087402,0,8,10,2021,4,FFC.KA
2021-10-11 00:00:00+05:00,59.67966271456496,59.67966271456496,58.474012962755566,58.64280319213867,1037945,0.0,0.0,0.0,-0.01518536216213029,0.009897338328791081,802844.75,61.97793846130371,0,11,10,2021,0,FFC.KA
2021-10-12 00:00:00+05:00,58.60060727759206,58.77542704840795,57.509495693356946,57.92544174194336,2306128,0.0,0.0,0.0,-0.012232727822456435,0.009897569789534905,885416.8,61.73894481658935,0,12,10,2021,1,FFC.KA
2021-10-13 00:00:00+05:00,58.35344846591735,58.53429316495653,57.87721627316005,58.130401611328125,3052154,0.0,0.0,0.0,0.003538339341421892,0.010005799454275417,1000556.1,61.51078720092774,0,13,10,2021,2,FFC.KA
2021-10-14 00:00:00+05:00,58.02188932285155,61.427850499043636,58.02188932285155,59.96298599243164,880796,0.0,0.0,0.0,0.03152540375269641,0.012739891500656205,1031238.1,61.37661285400391,0,14,10,2021,3,FFC.KA
2021-10-15 00:00:00+05:00,59.981075601845546,61.186725362686666,58.781455377581516,60.57184600830078,448944,0.0,0.0,0.0,0.010153930892400576,0.011539997571083932,961154.3,61.19697189331055,0,15,10,2021,4,FFC.KA
2021-10-18 00:00:00+05:00,60.583890761963275,60.583890761963275,59.31795963602853,59.78816223144531,865481,0.0,0.0,0.0,-0.012938086396575565,0.011757032063798455,989815.0,60.992613792419434,0,18,10,2021,0,FFC.KA
2021-10-19 00:00:00+05:00,59.78816223144531,59.78816223144531,59.78816223144531,59.78816223144531,0,0.0,0.0,0.0,0.0,0.011757032063798455,989815.0,60.78825569152832,0,19,10,2021,1,FFC.KA
2021-10-20 00:00:00+05:00,60.57788020242498,60.614052828226065,59.709815369421236,60.1076774597168,722796,0.0,0.0,0.0,0.005344121918894551,0.011506561709482067,1010170.55,60.6508129119873,0,20,10,2021,2,FFC.KA
2021-10-21 00:00:00+05:00,60.18602205844624,60.66225417255016,59.98106384688118,60.22219467163086,4940251,0.0,0.0,0.0,0.0019052010783615625,0.011527087657952406,1242156.05,60.51728706359863,0,21,10,2021,3,FFC.KA
2021-10-22 00:00:00+05:00,60.764746932395425,60.79488541548777,59.6796603589214,59.81228256225586,1216962,0.0,0.0,0.0,-0.00680666175668454,0.011573761381689581,1285544.95,60.372909736633304,0,22,10,2021,4,FFC.KA
2021-10-25 00:00:00+05:00,60.131778998004144,60.4331914240593,60.131778998004144,59.81228256225586,184163,0.0,0.0,0.0,0.0,0.011196224123498553,1266930.6,60.19567947387695,0,25,10,2021,0,FFC.KA
2021-10-26 00:00:00+05:00,60.16191120176751,60.58388668226739,60.15588166656386,60.348785400390625,320509,0.0,0.0,0.0,0.00896977702826085,0.011501281744654156,1258045.3,60.049795150756836,0,26,10,2021,1,FFC.KA
2021-10-27 00:00:00+05:00,60.553753416272755,62.09095859992694,60.28248407759897,61.56047439575195,1156362,0.0,0.0,0.0,0.02007810078234784,0.012440405097650348,1206193.6,59.99011497497558,0,27,10,2021,2,FFC.KA
2021-10-28 00:00:00+05:00,61.494165790853025,61.78954868704753,61.385657131142366,61.72926712036133,361594,0.0,0.0,0.0,0.0027419009724367616,0.011649837704585036,1151215.15,60.00036334991455,0,28,10,2021,3,FFC.KA
2021-10-29 00:00:00+05:00,61.63884094178451,62.18138422688,61.63884094178451,61.9643669128418,1340401,0.0,0.0,0.0,0.0038085628332840127,0.011586583445798264,1195585.9,60.04014949798584,0,29,10,2021,4,FFC.KA
2021-11-01 00:00:00+05:00,62.090950443642896,62.75405676155295,62.090950443642896,62.68172073364258,1502190,0.0,0.0,0.0,0.011576876462076946,0.011698922145877097,1222992.35,60.135696983337404,0,1,11,2021,0,FFC.KA
2021-11-02 00:00:00+05:00,62.51293582430351,62.78420976943667,62.51293582430351,62.6877555847168,1232905,0.0,0.0,0.0,9.627768675746218e-05,0.011294747686722575,1204980.95,60.2665096282959,0,2,11,2021,1,FFC.KA
2021-11-03 00:00:00+05:00,62.99521015705018,63.29662264583989,62.543091423865604,63.24237060546875,1381543,0.0,0.0,0.0,0.008847262365334618,0.011310022974943807,1251127.4,60.43500022888183,0,3,11,2021,2,FFC.KA
2021-11-04 00:00:00+05:00,63.266472879178984,63.64625551844732,62.99520350757797,63.417179107666016,822730,0.0,0.0,0.0,0.0027641041998218707,0.011297824422551575,1250231.8,60.59716033935547,0,4,11,2021,3,FFC.KA
2021-11-05 00:00:00+05:00,63.754722546677286,64.07352875684131,63.135867360399736,63.6109504699707,667451,3.75,0.0,0.0,0.0030555027049643524,0.01086868596560362,1222065.25,60.80035552978516,0,5,11,2021,4,FFC.KA
2021-11-08 00:00:00+05:00,63.44843205559514,65.01120131804822,63.44843205559514,64.7486572265625,1116785,0.0,0.0,0.0,0.017885391558940533,0.010404125023811644,1226007.25,61.10564823150635,0,8,11,2021,0,FFC.KA
2021-11-09 00:00:00+05:00,64.94244072454663,65.69882049432023,64.88618331889425,65.14872741699219,2145962,0.0,0.0,0.0,0.006178818334869884,0.009579493429844136,1217998.95,61.46681251525879,0,9,11,2021,1,FFC.KA
2021-11-10 00:00:00+05:00,65.58005884278299,65.73008337313036,65.01120847937543,65.54254913330078,764631,0.0,0.0,0.0,0.006044964067953185,0.009562852806285672,1103622.8,61.83741989135742,0,10,11,2021,2,FFC.KA
2021-11-11 00:00:00+05:00,65.3612471246943,66.25515115603865,65.35499948270457,65.99260711669922,780033,0.0,0.0,0.0,0.006866653637213727,0.007466957648885878,1098584.65,62.138900947570804,0,11,11,2021,3,FFC.KA
2021-11-12 00:00:00+05:00,66.19889454206086,66.23014705995439,65.167466067726,65.36750030517578,506321,0.0,0.0,0.0,-0.009472376359036971,0.00800083621817235,1101453.5,62.37868366241455,0,12,11,2021,4,FFC.KA
2021-11-15 00:00:00+05:00,65.32374816934225,66.25515721456463,65.01119435035018,66.0738754272461,777170,0.0,0.0,0.0,0.010806212854591601,0.007088689951027529,1097037.95,62.69296932220459,0,15,11,2021,0,FFC.KA
2021-11-16 00:00:00+05:00,66.10512845849802,66.38642496979335,65.88634175313581,66.2426528930664,962951,0.0,0.0,0.0,0.002554375155520372,0.007015844437452483,1145185.5,63.01569385528565,0,16,11,2021,1,FFC.KA
2021-11-17 00:00:00+05:00,66.2426583407816,66.57396463174668,65.88634717154842,66.30516815185547,746088,0.0,0.0,0.0,0.0009437312072930748,0.007078559437755411,1146350.1,63.32556838989258,0,17,11,2021,2,FFC.KA
2021-11-18 00:00:00+05:00,66.48019981187173,66.57396691629667,65.64255782251314,66.09263610839844,1101426,0.0,0.0,0.0,-0.003205361654015859,0.0072832465336004305,954408.85,63.619090461730956,0,18,11,2021,3,FFC.KA
2021-11-19 00:00:00+05:00,65.69255599985657,66.76149420259155,65.69255599985657,66.44268798828125,1472457,0.0,0.0,0.0,0.005296382479111461,0.006762193469765447,967183.6,63.95061073303223,0,19,11,2021,4,FFC.KA
2021-11-22 00:00:00+05:00,66.26141503587117,66.26141503587117,65.4800304245991,65.65505981445312,387223,0.0,0.0,0.0,-0.011854249093098734,0.00770432896712845,977336.6,64.2427495956421,0,22,11,2021,0,FFC.KA
2021-11-23 00:00:00+05:00,65.9488592735805,65.9488592735805,65.0174501794035,65.0737075805664,470257,0.0,0.0,0.0,-0.008854644798583222,0.008199353132472494,984824.0,64.47899570465088,0,23,11,2021,1,FFC.KA
2021-11-24 00:00:00+05:00,65.31748893890376,65.31748893890376,63.13586484545926,63.15461730957031,1233337,0.0,0.0,0.0,-0.02949102398415071,0.010256204408735564,988672.75,64.5587028503418,0,24,11,2021,2,FFC.KA
2021-11-25 00:00:00+05:00,64.06728393495747,64.06728393495747,62.54202445911316,62.59828186035156,1007375,0.0,0.0,0.0,-0.008809101739809644,0.010494934105295022,1020961.8,64.6021535873413,0,25,11,2021,3,FFC.KA
2021-11-26 00:00:00+05:00,63.073359393123056,63.6046999127572,62.448251777272866,63.02960205078125,715598,0.0,0.0,0.0,0.0068902880017043255,0.010564565533689549,989721.65,64.65541534423828,0,26,11,2021,4,FFC.KA
2021-11-29 00:00:00+05:00,63.02960194059675,64.54236122370347,62.64203350253781,64.15479278564453,741128,0.0,0.0,0.0,0.017851782309473263,0.010983034794631573,951668.55,64.72906894683838,0,29,11,2021,0,FFC.KA
2021-11-30 00:00:00+05:00,64.1673057394164,64.5111121095816,62.573279212126614,63.01710510253906,10728365,0.0,0.0,0.0,-0.017733479194714796,0.01177415029523067,1426441.55,64.74553642272949,0,30,11,2021,1,FFC.KA
2021-12-01 00:00:00+05:00,63.12961723318354,63.77347731896521,62.635781640886755,63.54219055175781,1175149,0.0,0.0,0.0,0.008332427336424697,0.011755092358236453,1416121.85,64.76052742004394,0,1,12,2021,2,FFC.KA
2021-12-02 00:00:00+05:00,63.69846785382114,63.69846785382114,61.29805209713895,61.91691207885742,1680465,0.0,0.0,0.0,-0.025577942132425147,0.01307677142298224,1459008.6,64.68551406860351,0,2,12,2021,3,FFC.KA
2021-12-03 00:00:00+05:00,61.89190507280235,63.292144767343,61.260545058761615,62.123191833496094,1536719,0.0,0.0,0.0,0.00333155752948322,0.013081549494456262,1502472.0,64.61112613677979,0,3,12,2021,4,FFC.KA
2021-12-06 00:00:00+05:00,62.51076401488277,62.69829821460454,61.604359844344096,61.64186477661133,454995,0.0,0.0,0.0,-0.007747944731732903,0.01235924651194881,1469382.5,64.45578651428222,0,6,12,2021,0,FFC.KA
2021-12-07 00:00:00+05:00,62.385749458769276,62.51076908927053,61.88566139837783,62.01693344116211,780006,0.0,0.0,0.0,0.006084641759460441,0.012355830494721094,1401084.7,64.29919681549072,0,7,12,2021,1,FFC.KA
2021-12-08 00:00:00+05:00,62.50450825264109,62.50450825264109,61.26054545079978,61.810638427734375,649092,0.0,0.0,0.0,-0.003326430411517478,0.012195889827017022,1395307.75,64.1126012802124,0,8,12,2021,2,FFC.KA
2021-12-09 00:00:00+05:00,61.88565751101104,62.51076516263742,61.57310368519786,62.360740661621094,211230,0.0,0.0,0.0,0.00889979860877621,0.012289310396012353,1366867.6,63.9310079574585,0,9,12,2021,3,FFC.KA
2021-12-10 00:00:00+05:00,62.51076878951749,63.26089610731443,62.1982149455699,62.85457992553711,429324,0.0,0.0,0.0,0.007919073100745688,0.01240367728315662,1363017.75,63.805361938476565,0,10,12,2021,4,FFC.KA
2021-12-13 00:00:00+05:00,62.979590637998825,63.13586753784497,62.44199772099266,62.7733039855957,473128,0.0,0.0,0.0,-0.0012930790411405102,0.012041920304034618,1347815.65,63.640333366394046,0,13,12,2021,0,FFC.KA
2021-12-14 00:00:00+05:00,62.63578670290877,63.073364933959624,62.54202436764855,62.74830627441406,357369,0.0,0.0,0.0,-0.00039822200831385324,0.011994836958448782,1317536.55,63.46561603546142,0,14,12,2021,1,FFC.KA
2021-12-15 00:00:00+05:00,63.042102893966685,63.26088960841503,62.66703927359914,62.8920783996582,795547,0.0,0.0,0.0,0.0022912510915495954,0.012019768002757876,1320009.5,63.294961547851564,0,15,12,2021,2,FFC.KA
2021-12-16 00:00:00+05:00,62.823311272401995,62.823311272401995,62.03567439271743,62.16694641113281,547028,0.0,0.0,0.0,-0.01152978255731063,0.012185918573799533,1292289.6,63.09867706298828,0,16,12,2021,3,FFC.KA
2021-12-17 00:00:00+05:00,61.891907324348466,62.510762538101716,61.63561090872975,61.91065979003906,1123166,0.0,0.0,0.0,-0.004122554442337112,0.012029995237630512,1274825.05,62.87207565307617,0,17,12,2021,4,FFC.KA
2021-12-20 00:00:00+05:00,62.2919611864848,62.4482380561101,61.72936350199538,61.92314529418945,1097887,0.0,0.0,0.0,0.00020166969941426416,0.011888288982552671,1310358.25,62.685479927062985,0,20,12,2021,0,FFC.KA
2021-12-21 00:00:00+05:00,61.94817118650861,62.35449213924963,61.57310752597583,61.87316131591797,469785,0.0,0.0,0.0,-0.000807193788913918,0.011810436661620918,1310334.65,62.525452613830566,0,21,12,2021,1,FFC.KA
2021-12-22 00:00:00+05:00,61.88566369206504,62.19196513658091,61.823153874497585,62.14196014404297,283791,0.0,0.0,0.0,0.0043443525820918705,0.0100211944285022,1262857.35,62.4748197555542,0,22,12,2021,2,FFC.KA
2021-12-23 00:00:00+05:00,62.041931477723345,62.22946567198295,61.87940216064453,61.87940216064453,985160,0.0,0.0,0.0,-0.004225131984730401,0.009878819367709854,1261746.6,62.43887577056885,0,23,12,2021,3,FFC.KA
2021-12-24 00:00:00+05:00,62.19195597161543,62.19195597161543,61.85439728346373,61.87940216064453,219565,0.0,0.0,0.0,0.0,0.009725350794135761,1236944.95,62.38136577606201,0,24,12,2021,4,FFC.KA
2021-12-27 00:00:00+05:00,62.12945378119948,62.12945378119948,61.26055446169659,61.39807891845703,407004,0.0,0.0,0.0,-0.007778408087039113,0.008769482083035336,1220238.75,62.243530082702634,0,27,12,2021,0,FFC.KA
2021-12-28 00:00:00+05:00,61.38556559765235,61.72312428047357,60.79171527386236,61.004249572753906,704103,0.0,0.0,0.0,-0.006414359417110882,0.008046769783430685,719025.65,62.14288730621338,0,28,12,2021,1,FFC.KA
2021-12-29 00:00:00+05:00,61.01051239254486,61.63562011125781,61.01051239254486,61.29806137084961,480311,0.0,0.0,0.0,0.004816251329266885,0.007854670648467144,684283.75,62.03068084716797,0,29,12,2021,2,FFC.KA
2021-12-30 00:00:00+05:00,61.541843754783635,61.885654856105745,61.2605472312966,61.57310104370117,306942,0.0,0.0,0.0,0.004486922860212239,0.0056155529288122695,615607.6,62.01349029541016,0,30,12,2021,3,FFC.KA
2021-12-31 00:00:00+05:00,61.729376427134675,63.073358741158906,61.729376427134675,62.67329025268555,780087,0.0,0.0,0.0,0.017868016882949034,0.0068993240943287055,577776.0,62.04099521636963,0,31,12,2021,4,FFC.KA
2022-01-03 00:00:00+05:00,62.6795372262804,63.4484216760706,62.51076027199074,63.292144775390625,341757,0.0,0.0,0.0,0.009874294459569333,0.00692068918477551,572114.1,62.12350921630859,0,3,1,2022,0,FFC.KA
2022-01-04 00:00:00+05:00,63.54219711173176,63.604706926371136,62.94834194967481,63.16088104248047,757324,0.0,0.0,0.0,-0.0020739340304548604,0.006866824795034826,570980.0,62.18070659637451,0,4,1,2022,1,FFC.KA
2022-01-05 00:00:00+05:00,63.135876527601404,63.69222198873491,62.885832498405925,63.33591079711914,304109,0.0,0.0,0.0,0.0027711734185744685,0.006802651337359316,553730.85,62.25697021484375,0,5,1,2022,2,FFC.KA
2022-01-06 00:00:00+05:00,63.22964286369272,63.760983438508326,63.13587575773864,63.61720657348633,907855,0.0,0.0,0.0,0.004441331510464108,0.006608769248565203,588562.1,62.31979351043701,0,6,1,2022,3,FFC.KA
2022-01-07 00:00:00+05:00,63.4484272049134,64.99869629319264,63.4484272049134,64.85491943359375,1003110,0.0,0.0,0.0,0.019455630430388338,0.007662259258164762,617251.4,62.41981048583985,0,7,1,2022,4,FFC.KA
2022-01-10 00:00:00+05:00,64.88618007975201,65.56754517211502,64.44860183557277,64.82991790771484,978888,0.0,0.0,0.0,-0.0003854992974666738,0.007646924276356209,642539.4,62.5226411819458,0,10,1,2022,0,FFC.KA
2022-01-11 00:00:00+05:00,64.542365517337,65.3550073782591,64.542365517337,65.00494384765625,646293,0.0,0.0,0.0,0.002699771117874228,0.007634814846842099,656985.6,62.63547306060791,0,11,1,2022,1,FFC.KA
2022-01-12 00:00:00+05:00,64.60488095852817,65.63005722272354,64.60488095852817,65.4425277709961,761744,0.0,0.0,0.0,0.006731548362926887,0.007714132148777065,655295.45,62.7629955291748,0,12,1,2022,2,FFC.KA
2022-01-13 00:00:00+05:00,65.32373410988174,65.44250606167743,64.70487901684602,65.13619995117188,386159,0.0,0.0,0.0,-0.004680867782127174,0.007217084768435784,647252.0,62.91145820617676,0,13,1,2022,3,FFC.KA
2022-01-14 00:00:00+05:00,65.13621055478653,65.79257544792983,65.01119094142236,65.61754608154297,737440,0.0,0.0,0.0,0.007389840530026781,0.00713141858873707,627965.7,63.09680252075195,0,14,1,2022,4,FFC.KA
2022-01-17 00:00:00+05:00,65.63006311298766,65.9801267055116,65.41752876144972,65.86760711669922,509980,0.0,0.0,0.0,0.003810886722973361,0.007104204425780399,598570.35,63.294025611877444,0,17,1,2022,0,FFC.KA
2022-01-18 00:00:00+05:00,65.7300777977068,65.9426121335716,65.63631068574561,65.82384490966797,367877,0.0,0.0,0.0,-0.0006643964908837896,0.0071001243593865225,593474.95,63.49155979156494,0,18,1,2022,1,FFC.KA
2022-01-19 00:00:00+05:00,65.32373410988174,65.82382202031351,65.02368040978432,65.13619995117188,157210,0.0,0.0,0.0,-0.010446745543955527,0.007710355288665077,587145.9,63.64127178192139,0,19,1,2022,2,FFC.KA
2022-01-20 00:00:00+05:00,64.91742697993458,65.19872827736934,64.69864026139162,65.06745147705078,306981,0.0,0.0,0.0,-0.0010554572445526933,0.007599134501885667,553236.95,63.800674247741696,0,20,1,2022,3,FFC.KA
2022-01-21 00:00:00+05:00,65.06744812649912,65.32374453301811,64.82365654279168,65.09245300292969,333382,0.0,0.0,0.0,0.0003842401279190444,0.007592851934498851,558927.8,63.96132678985596,0,21,1,2022,4,FFC.KA
2022-01-24 00:00:00+05:00,65.01118782674234,66.07386879700255,65.01118782674234,65.9738540649414,969123,0.0,0.0,0.0,0.013540756590814773,0.007561262547858006,587033.75,64.19011554718017,0,24,1,2022,0,FFC.KA
2022-01-25 00:00:00+05:00,66.07388491297431,66.88652686669566,65.79258834317494,66.65523529052734,1349241,0.0,0.0,0.0,0.010328049425689434,0.007313740282016749,619290.65,64.47266483306885,0,25,1,2022,1,FFC.KA
2022-01-26 00:00:00+05:00,66.94276975695749,66.94276975695749,65.95510338590505,66.2238998413086,370904,0.0,0.0,0.0,-0.006471141349043474,0.007709943849956272,613820.3,64.7189567565918,0,26,1,2022,2,FFC.KA
2022-01-27 00:00:00+05:00,66.01137182590364,66.26141585845343,65.9551144224064,66.04888153076172,464406,0.0,0.0,0.0,-0.0026428270000146137,0.007845035443631236,621693.5,64.94274578094482,0,27,1,2022,3,FFC.KA
2022-01-28 00:00:00+05:00,66.41143808089952,66.51145759814875,66.0676317210397,66.26141357421875,224451,0.0,0.0,0.0,0.0032177992803412714,0.0070842179572408095,593911.7,65.12215194702148,0,28,1,2022,4,FFC.KA
2022-01-31 00:00:00+05:00,66.57396940604997,66.9802903609584,66.26141555907321,66.69274139404297,1320640,0.0,0.0,0.0,0.006509487144295445,0.0069462629778736995,642855.85,65.2921817779541,0,31,1,2022,0,FFC.KA
2022-02-01 00:00:00+05:00,66.88651729465633,67.81167869773752,66.76149767467989,67.72415924072266,967013,0.0,0.0,0.0,0.015465218929684221,0.007411016608019976,653340.3,65.52034568786621,0,1,2,2022,1,FFC.KA
2022-02-02 00:00:00+05:00,67.82418303423378,67.82418303423378,67.48037190380236,67.7491683959961,763788,0.0,0.0,0.0,0.00036927967144695373,0.007443180313083407,676324.25,65.74100856781006,0,2,2,2022,2,FFC.KA
2022-02-03 00:00:00+05:00,68.13047114774747,68.13047114774747,67.07404262186085,67.20531463623047,881667,0.0,0.0,0.0,-0.008027460301605172,0.007861775648284835,675014.85,65.92041397094727,0,3,2,2022,3,FFC.KA
2022-02-04 00:00:00+05:00,67.48037330124072,69.8870417257137,67.39285860608095,68.1617431640625,4942075,0.0,0.0,0.0,0.014231441858564287,0.007348467504603542,871963.1,66.0857551574707,0,4,2,2022,4,FFC.KA
2022-02-07 00:00:00+05:00,68.60555827222854,68.76183517034295,68.16798486518515,68.3680191040039,707098,0.0,0.0,0.0,0.0030262714884639053,0.007317120058242156,858373.6,66.26266021728516,0,7,2,2022,0,FFC.KA
2022-02-08 00:00:00+05:00,68.44928222902678,69.38694362942441,68.29925774033705,68.56805419921875,2096094,0.0,0.0,0.0,0.0029258577012527542,0.007317317442823598,930863.65,66.44081573486328,0,8,2,2022,1,FFC.KA
2022-02-09 00:00:00+05:00,68.76184282717,69.94954833893243,68.45554140813209,69.19316864013672,5668246,0.0,0.0,0.0,0.009116700892543239,0.007405437770869086,1176188.75,66.62834777832032,0,9,2,2022,2,FFC.KA
2022-02-10 00:00:00+05:00,69.38695733971893,69.51197697679781,68.44304334143509,68.79935455322266,1050429,0.0,0.0,0.0,-0.005691516874479774,0.007462517248797844,1209402.25,66.81150550842285,0,10,2,2022,3,FFC.KA
2022-02-11 00:00:00+05:00,68.45553412564853,69.38694310766583,68.44928171431899,69.37444305419922,487711,0.0,0.0,0.0,0.008358922910122413,0.007497186838871002,1196915.8,66.99935035705566,0,11,2,2022,4,FFC.KA
2022-02-14 00:00:00+05:00,68.76809128108823,69.44320389267459,67.82417743032451,68.18048858642578,1181222,0.0,0.0,0.0,-0.017210292655476245,0.00872336154899322,1230477.9,67.114994430542,0,14,2,2022,0,FFC.KA
2022-02-15 00:00:00+05:00,68.1992444057569,68.54305552468776,67.60539403945043,68.15548706054688,475072,0.0,0.0,0.0,-0.00036669619706841683,0.008719254234694834,1235837.65,67.23157653808593,0,15,2,2022,1,FFC.KA
2022-02-16 00:00:00+05:00,68.04296072901828,68.44928161941034,67.94919363597512,68.35551452636719,359964,0.0,0.0,0.0,0.0029348695819988446,0.00823158400254769,1245975.35,67.39254226684571,0,16,2,2022,2,FFC.KA
2022-02-17 00:00:00+05:00,68.57431156144442,68.76184577578292,67.82418424247678,68.65557861328125,308772,0.0,0.0,0.0,0.004389756832249736,0.00819962515246756,1246064.9,67.57194862365722,0,17,2,2022,3,FFC.KA
2022-02-18 00:00:00+05:00,68.38678662007793,68.83061253610222,68.13674257422373,68.66808319091797,506503,0.0,0.0,0.0,0.00018213491007279536,0.008202778460193735,1254720.95,67.75073013305663,0,18,2,2022,4,FFC.KA
2022-02-21 00:00:00+05:00,68.76184005088966,68.91811696009623,68.14298482580564,68.2179946899414,170671,0.0,0.0,0.0,-0.0065545516936184045,0.008035233504497731,1214798.35,67.86293716430664,0,21,2,2022,0,FFC.KA
2022-02-22 00:00:00+05:00,68.1367371184548,68.21799939994344,67.3741049858012,67.93045043945312,261579,0.0,0.0,0.0,-0.004215079200073246,0.007870120553123822,1160415.25,67.92669792175293,0,22,2,2022,1,FFC.KA
2022-02-23 00:00:00+05:00,67.94920577871935,67.94920577871935,67.19907843870877,67.7366714477539,253751,0.0,0.0,0.0,-0.002852608667330059,0.007730222977847537,1154557.6,68.0023365020752,0,23,2,2022,2,FFC.KA
2022-02-24 00:00:00+05:00,67.19907508706147,67.80543029510399,66.13639394685029,66.26141357421875,543116,0.0,0.0,0.0,-0.021779308637464467,0.00925870012347609,1158493.1,68.01296310424804,0,24,2,2022,3,FFC.KA
2022-02-25 00:00:00+05:00,66.41767955342131,67.6678946979563,66.2489026073537,67.45536041259766,1279826,0.0,0.0,0.0,0.018018734795652636,0.01006857828624447,1211261.85,68.07266044616699,0,25,2,2022,4,FFC.KA
2022-02-28 00:00:00+05:00,67.66789479915303,68.69307083766948,66.89901038566954,68.28050231933594,1035021,0.0,0.0,0.0,0.012232414172739015,0.010313489142260069,1196980.9,68.15204849243165,0,28,2,2022,0,FFC.KA
2022-03-01 00:00:00+05:00,68.76184327344535,68.76184327344535,67.88669158703563,68.05547332763672,228198,0.0,0.0,0.0,-0.003295655187871893,0.009790297432193786,1160040.15,68.16861419677734,0,1,3,2022,1,FFC.KA
2022-03-02 00:00:00+05:00,67.83043402650016,67.98045853064203,67.04279703366764,67.53038024902344,349436,0.0,0.0,0.0,-0.00771566272245805,0.009952410717693308,1139322.55,68.15767478942871,0,2,3,2022,2,FFC.KA
2022-03-03 00:00:00+05:00,67.63665841116887,67.63665841116887,67.04280794081585,67.50538635253906,306805,0.0,0.0,0.0,-0.00037011336811976214,0.009777738072717526,1110579.45,68.17267837524415,0,3,3,2022,3,FFC.KA
2022-03-04 00:00:00+05:00,67.5116301137818,67.8866937716864,67.19907627066245,67.79917907714844,387676,0.0,0.0,0.0,0.004352137517961596,0.00927165194126585,882859.5,68.15455017089843,0,4,3,2022,4,FFC.KA
2022-03-07 00:00:00+05:00,67.51163749038956,67.51163749038956,66.88652973584891,67.1365737915039,92990,0.0,0.0,0.0,-0.009773057648538086,0.009474878271165615,852154.1,68.09297790527344,0,7,3,2022,0,FFC.KA
2022-03-08 00:00:00+05:00,67.07405030368889,67.51162373503519,66.63647210314988,66.86151123046875,361974,0.0,0.0,0.0,-0.004097059851302154,0.009457087144008636,765448.1,68.00765075683594,0,8,3,2022,1,FFC.KA
2022-03-09 00:00:00+05:00,67.41160316554303,67.54287996207553,66.76149544039114,67.4991226196289,511458,0.0,0.0,0.0,0.009536299395960901,0.009481651387436573,507608.7,67.92294845581054,0,9,3,2022,2,FFC.KA
2022-03-10 00:00:00+05:00,67.5116305024311,67.66165501261797,66.88652281259378,67.00529479980469,595788,0.0,0.0,0.0,-0.0073160627969497405,0.009529032321252224,484876.65,67.83324546813965,0,10,3,2022,3,FFC.KA
2022-03-11 00:00:00+05:00,67.3866016758312,67.4116017831229,66.88651368453152,66.9365234375,393418,0.0,0.0,0.0,-0.0010263571335692445,0.009256728692219648,480162.0,67.71134948730469,0,11,3,2022,4,FFC.KA
2022-03-14 00:00:00+05:00,68.7618372830132,69.13690089617293,67.82417586551756,68.45553588867188,1355051,0.0,0.0,0.0,0.022693327546211783,0.010017352073486427,488853.45,67.725101852417,0,14,3,2022,0,FFC.KA
2022-03-15 00:00:00+05:00,68.29301650527937,68.76184728220348,68.14923963524426,68.7243423461914,266648,0.0,0.0,0.0,0.003926730746169227,0.010049418795528585,478432.25,67.75354461669922,0,15,3,2022,1,FFC.KA
2022-03-16 00:00:00+05:00,68.74309481419745,68.76184728220348,68.44929343092073,68.7243423461914,797895,0.0,0.0,0.0,0.0,0.010032846835550311,500328.8,67.77198600769043,0,16,3,2022,2,FFC.KA
2022-03-17 00:00:00+05:00,68.63295368130254,69.18776019634736,68.63295368130254,68.98542022705078,218762,4.65,0.0,0.0,0.00379891421214662,0.010021085625842243,495828.3,67.78847808837891,0,17,3,2022,3,FFC.KA
2022-03-18 00:00:00+05:00,69.18776447132788,71.39393856456579,67.98024316283914,70.31696319580078,1784972,0.0,0.0,0.0,0.019301802676094715,0.010885250106048586,559751.75,67.87092208862305,0,18,3,2022,4,FFC.KA
2022-03-21 00:00:00+05:00,71.13285568145412,72.45133728598898,70.4931930350163,72.07276153564453,1642185,0.0,0.0,0.0,0.024969769171553136,0.011929040371001539,633327.45,68.0636604309082,0,21,3,2022,0,FFC.KA
2022-03-22 00:00:00+05:00,72.07276152193405,72.35342906371281,71.64849593834035,71.83778381347656,2638601,0.0,0.0,0.0,-0.0032602847061959928,0.011901284881839603,752178.55,68.25902709960937,0,22,3,2022,1,FFC.KA
2022-03-23 00:00:00+05:00,71.83778381347656,71.83778381347656,71.83778381347656,71.83778381347656,0,0.0,0.0,0.0,0.0,0.011846093787278435,739491.0,68.46408271789551,0,23,3,2022,2,FFC.KA
2022-03-24 00:00:00+05:00,71.83778940133273,73.65886429362023,71.1459133058454,72.67326354980469,1370683,0.0,0.0,0.0,0.011630087844822778,0.010438458725922969,780869.35,68.7846752166748,0,24,3,2022,3,FFC.KA
2022-03-25 00:00:00+05:00,72.67326637188843,73.9069019750621,72.46439782665955,73.04531860351562,2041721,0.0,0.0,0.0,0.005119558907052069,0.009958404580428041,818964.1,69.06417312622071,0,25,3,2022,4,FFC.KA
2022-03-28 00:00:00+05:00,72.3208103420018,73.03879571052423,71.47227901022664,72.7059097290039,1761070,0.0,0.0,0.0,-0.00464655204468345,0.00994237302096059,855266.55,69.2854434967041,0,28,3,2022,0,FFC.KA
2022-03-29 00:00:00+05:00,73.10404075758343,73.91993406961004,72.8755916261795,73.60010528564453,1269171,0.0,0.0,0.0,0.012298801568862094,0.010018059076199985,907315.2,69.56267509460449,0,29,3,2022,1,FFC.KA
2022-03-30 00:00:00+05:00,73.42388374142237,73.42388374142237,72.51661060137134,72.96045684814453,564909,0.0,0.0,0.0,-0.008690863077131517,0.010080115934792393,918088.85,69.83417892456055,0,30,3,2022,2,FFC.KA
2022-03-31 00:00:00+05:00,72.58842221028571,74.73585479273837,72.58842221028571,74.22673797607422,2160915,0.0,0.0,0.0,0.01735571818807613,0.010455131582766607,1010794.35,70.17024650573731,0,31,3,2022,3,FFC.KA
2022-04-01 00:00:00+05:00,73.2998723061942,75.69533437064023,73.2998723061942,74.82069396972656,841120,0.0,0.0,0.0,0.008001914267656396,0.010478570297281872,1033466.55,70.52132225036621,0,1,4,2022,4,FFC.KA
2022-04-04 00:00:00+05:00,73.43041350180036,74.73584307516569,72.8756069290838,74.44212341308594,428939,0.0,0.0,0.0,-0.005059703894136569,0.010177724574466767,1050264.0,70.88659973144532,0,4,4,2022,0,FFC.KA
2022-04-05 00:00:00+05:00,73.91993367110105,76.472050327674,73.91993367110105,74.64444732666016,1732889,0.0,0.0,0.0,0.0027178686514826023,0.009960906892407634,1118809.75,71.27574653625489,0,5,4,2022,1,FFC.KA
2022-04-06 00:00:00+05:00,74.44211556328318,76.04126463010054,74.44211556328318,74.58570861816406,507183,0.0,0.0,0.0,-0.0007869133016558116,0.010011765239135256,1118596.0,71.63007583618165,0,6,4,2022,2,FFC.KA
2022-04-07 00:00:00+05:00,75.06219945226398,75.06219945226398,74.40948467441821,74.74237060546875,510108,0.0,0.0,0.0,0.0021004290259774017,0.00961302358808198,1114312.0,72.01692962646484,0,7,4,2022,3,FFC.KA
2022-04-08 00:00:00+05:00,74.40948683570474,75.54520918779521,74.08312943730253,75.26454162597656,437230,0.0,0.0,0.0,0.006986278549607761,0.00949194627399697,1116502.6,72.43333053588867,0,8,4,2022,4,FFC.KA
2022-04-11 00:00:00+05:00,75.812818853046,77.20962801311215,75.26453587611086,76.68745422363281,1241790,0.0,0.0,0.0,0.018905484135243178,0.009172115285970327,1110839.55,72.84492645263671,0,11,4,2022,0,FFC.KA
2022-04-12 00:00:00+05:00,76.98770305652788,77.37933589183719,75.96946963628773,77.052978515625,1336867,0.0,0.0,0.0,0.004766415780686373,0.009165329239495612,1164350.5,73.2613582611084,0,12,4,2022,1,FFC.KA
2022-04-13 00:00:00+05:00,76.50468315474137,78.22132088311105,76.50468315474137,77.00074768066406,1492130,0.0,0.0,0.0,-0.0006778561447867704,0.009189033182551518,1199062.25,73.67517852783203,0,13,4,2022,2,FFC.KA
2022-04-14 00:00:00+05:00,77.02034339379514,77.34670078105698,76.36762861927146,77.09867095947266,402667,0.0,0.0,0.0,0.0012717185450548119,0.009234416393389785,1208257.5,74.08084106445312,0,14,4,2022,3,FFC.KA
2022-04-15 00:00:00+05:00,76.75925250833363,77.99941151159462,76.75925250833363,77.82970428466797,226503,0.0,0.0,0.0,0.009481788934851965,0.008714838948586148,1130334.05,74.45647811889648,0,15,4,2022,4,FFC.KA
2022-04-18 00:00:00+05:00,77.15086695813483,79.50064360036627,77.15086695813483,79.21344757080078,1098830,0.0,0.0,0.0,0.01777911529859688,0.007969463715097613,1103166.3,74.81351242065429,0,18,4,2022,0,FFC.KA
2022-04-19 00:00:00+05:00,78.97194798606333,82.50313680622985,78.97194798606333,80.55152130126953,3150366,0.0,0.0,0.0,0.016892002197894218,0.008172811260130234,1128754.55,75.24919929504395,0,19,4,2022,1,FFC.KA
2022-04-20 00:00:00+05:00,81.42616483861403,81.51101596314612,79.3701123858036,79.78784942626953,896780,0.0,0.0,0.0,-0.009480539444361336,0.008777773955115553,1173593.55,75.64670257568359,0,20,4,2022,2,FFC.KA
2022-04-21 00:00:00+05:00,80.15990230710393,80.54500662530748,79.44844557151751,79.63773345947266,561837,0.0,0.0,0.0,-0.001881438939341229,0.00878474862327147,1133151.25,75.99492607116699,0,21,4,2022,3,FFC.KA
2022-04-22 00:00:00+05:00,79.95756027926151,79.95756027926151,79.37011598328691,79.53329467773438,89684,0.0,0.0,0.0,-0.0013114233316475765,0.00888275365211228,1035549.4,76.31932487487794,0,22,4,2022,4,FFC.KA
2022-04-25 00:00:00+05:00,80.60373745203867,82.2485812958254,79.53981427660074,82.05276489257812,721065,0.0,0.0,0.0,0.03167818238955822,0.0105197355706981,983549.15,76.78666763305664,0,25,4,2022,0,FFC.KA
2022-04-26 00:00:00+05:00,81.60892531167985,83.22113155904565,81.43269451832197,82.8229751586914,853478,0.0,0.0,0.0,0.009386767979380428,0.01044959490656923,962764.5,77.24781112670898,0,26,4,2022,1,FFC.KA
2022-04-27 00:00:00+05:00,82.0788847526139,84.12840879258394,78.6521321088666,79.7421646118164,1708789,0.0,0.0,0.0,-0.037197535357454514,0.013922057364296614,1019958.5,77.58689651489257,0,27,4,2022,2,FFC.KA
2022-04-28 00:00:00+05:00,79.63119659978886,79.63119659978886,74.40947878996664,78.5215835571289,3634183,0.0,0.0,0.0,-0.01530659545836599,0.01425218782252974,1093621.9,77.80163879394532,0,28,4,2022,3,FFC.KA
2022-04-29 00:00:00+05:00,78.5215835571289,78.5215835571289,78.5215835571289,78.5215835571289,0,0.0,0.0,0.0,0.0,0.014214085036129342,1051565.9,77.98668327331544,0,29,4,2022,4,FFC.KA
2022-05-02 00:00:00+05:00,78.5215835571289,78.5215835571289,78.5215835571289,78.5215835571289,0,0.0,0.0,0.0,0.0,0.014116901595468571,1030118.95,78.19065628051757,0,2,5,2022,0,FFC.KA
2022-05-03 00:00:00+05:00,78.5215835571289,78.5215835571289,78.5215835571289,78.5215835571289,0,0.0,0.0,0.0,0.0,0.014130466190408801,943474.5,78.38451309204102,0,3,5,2022,1,FFC.KA
2022-05-04 00:00:00+05:00,78.5215835571289,78.5215835571289,78.5215835571289,78.5215835571289,0,0.0,0.0,0.0,0.0,0.014121543078604096,918115.35,78.58130683898926,0,4,5,2022,2,FFC.KA
2022-05-05 00:00:00+05:00,78.5215835571289,78.5215835571289,78.5215835571289,78.5215835571289,0,0.0,0.0,0.0,0.0,0.014133804167690878,892609.95,78.77026748657227,0,5,5,2022,3,FFC.KA
2022-05-06 00:00:00+05:00,78.65212932330789,79.92492112540914,78.61949159307207,79.08944702148438,529409,0.0,0.0,0.0,0.007231941061686786,0.014137955241269477,897218.9,78.96151275634766,0,6,5,2022,4,FFC.KA
2022-05-09 00:00:00+05:00,79.63120857748395,79.6377371200773,76.4067957513782,78.91322326660156,1301128,0.0,0.0,0.0,-0.002228157630624783,0.013634106278710563,900185.8,79.07280120849609,0,9,5,2022,0,FFC.KA
2022-05-10 00:00:00+05:00,80.1251913964697,80.13192604419945,78.84588059046439,79.58653259277344,1390001,3.7,0.0,0.0,0.0085322750522705,0.013707105871136112,902842.5,79.19947891235351,0,10,5,2022,1,FFC.KA
2022-05-11 00:00:00+05:00,79.31721900528503,79.51921223108924,77.53291725700642,78.36109924316406,1719186,0.0,0.0,0.0,-0.015397496406579836,0.014227285985377109,914195.3,79.26749649047852,0,11,5,2022,2,FFC.KA
2022-05-12 00:00:00+05:00,78.36782473222668,78.36782473222668,76.25359736632163,77.69450378417969,1175214,0.0,0.0,0.0,-0.008506713987202374,0.014383622510764084,952822.65,79.29728813171387,0,12,5,2022,3,FFC.KA
2022-05-13 00:00:00+05:00,77.2972407197209,78.7448765328276,76.92691217304711,77.99748992919922,233465,0.0,0.0,0.0,0.0038997114372616437,0.014253398235818804,953170.75,79.30567741394043,0,13,5,2022,4,FFC.KA
2022-05-16 00:00:00+05:00,77.97056339295668,77.97056339295668,76.42865789340114,77.23664093017578,352384,0.0,0.0,0.0,-0.009754788259392466,0.013788711349239985,915848.45,79.20683708190919,0,16,5,2022,0,FFC.KA
2022-05-17 00:00:00+05:00,76.75859396908538,77.92344155891013,76.75859396908538,77.7618408203125,256964,0.0,0.0,0.0,0.0067998800026987105,0.013267667382833994,771178.35,79.06735305786133,0,17,5,2022,1,FFC.KA
2022-05-18 00:00:00+05:00,77.43863776407939,79.04787429615186,77.4319031167441,78.68428039550781,553741,0.0,0.0,0.0,0.011862368038930926,0.013463837622999443,754026.4,79.01217460632324,0,18,5,2022,2,FFC.KA
2022-05-19 00:00:00+05:00,78.11870555938468,79.75487590796041,78.10524139874789,79.17581939697266,243029,0.0,0.0,0.0,0.006246978417977722,0.013545859561578855,738086.0,78.98907890319825,0,19,5,2022,3,FFC.KA
2022-05-20 00:00:00+05:00,79.45188651124371,80.11847293428262,79.28355624321142,79.65388488769531,176740,0.0,0.0,0.0,0.006038023911387969,0.013613732149277276,742438.8,78.99510841369629,0,20,5,2022,4,FFC.KA
2022-05-23 00:00:00+05:00,78.61021543775958,79.41819846667583,78.10522476042922,78.46881866455078,531674,0.0,0.0,0.0,-0.01487769522874327,0.011801202688122054,732969.25,78.81591110229492,0,23,5,2022,0,FFC.KA
2022-05-24 00:00:00+05:00,78.44188762604819,78.83241499475629,76.92691554743352,77.12891387939453,1029910,0.0,0.0,0.0,-0.01707563345491736,0.011920894238580013,741790.85,78.53120803833008,0,24,5,2022,1,FFC.KA
2022-05-25 00:00:00+05:00,76.92691124608554,76.92691124608554,74.73861836599995,76.01792907714844,1438889,0.0,0.0,0.0,-0.014404258356124688,0.009338210620718131,728295.85,78.34499626159668,0,25,5,2022,2,FFC.KA
2022-05-26 00:00:00+05:00,76.01793884335045,76.3545993296921,75.14261952404964,76.06507110595703,432588,0.0,0.0,0.0,0.0006201435553545576,0.008840729328663392,568216.1,78.22217063903808,0,26,5,2022,3,FFC.KA
2022-05-27 00:00:00+05:00,76.69124886696888,78.13888977896727,76.69124886696888,77.2568359375,740796,0.0,0.0,0.0,0.01566770153784347,0.009643119548239534,605255.9,78.15893325805663,0,27,5,2022,4,FFC.KA
2022-05-30 00:00:00+05:00,78.07155358168733,78.07155358168733,76.79224802585817,77.2568359375,141581,0.0,0.0,0.0,0.0,0.009643119548239534,612334.95,78.0956958770752,0,30,5,2022,0,FFC.KA
2022-05-31 00:00:00+05:00,77.43192165132031,77.7685821802391,76.08527953564517,77.53292083740234,1721838,0.0,0.0,0.0,0.0035735983301943275,0.009691073908858849,698426.85,78.04626274108887,0,31,5,2022,1,FFC.KA
2022-06-01 00:00:00+05:00,77.09525579214697,77.63391465598772,76.42193478086183,76.52293395996094,1025865,0.0,0.0,0.0,-0.013026555255921446,0.010079402973217392,749720.1,77.94633026123047,0,1,6,2022,2,FFC.KA
2022-06-02 00:00:00+05:00,76.72492480301685,76.72492480301685,75.41195092651951,75.70821380615234,277076,0.0,0.0,0.0,-0.010646744859977297,0.010289432289602362,763573.9,77.80566177368163,0,2,6,2022,3,FFC.KA
2022-06-03 00:00:00+05:00,76.07853893148831,76.07853893148831,73.46605528090778,73.9373779296875,512855,0.0,0.0,0.0,-0.023390274151745216,0.011123593076690549,762746.2,77.5480583190918,0,3,6,2022,4,FFC.KA
2022-06-06 00:00:00+05:00,73.39197811561893,74.39522481846382,72.381996765404,73.83637237548828,502471,0.0,0.0,0.0,-0.0013660959723953425,0.011129647338577877,722813.35,77.29421577453613,0,6,6,2022,0,FFC.KA
2022-06-07 00:00:00+05:00,74.0652888230552,74.6443451284524,73.66129736597182,73.79595947265625,99858,0.0,0.0,0.0,-0.0005473305571747078,0.010803717069816336,658306.2,77.00468711853027,0,7,6,2022,1,FFC.KA
2022-06-08 00:00:00+05:00,73.72864385770515,73.72864385770515,72.06554029305384,73.14285278320312,1770456,0.0,0.0,0.0,-0.008850168682949633,0.010526712651628243,660869.7,76.74377479553223,0,8,6,2022,2,FFC.KA
2022-06-09 00:00:00+05:00,73.6478419269907,73.95756894025175,73.18998348629371,73.53337860107422,385107,0.0,0.0,0.0,0.005339220484448681,0.010627097666195566,621364.35,76.53571853637695,0,9,6,2022,3,FFC.KA
2022-06-10 00:00:00+05:00,73.53337962502727,75.23688079019982,73.45931391027793,74.04510498046875,283165,0.0,0.0,0.0,0.006959103323277205,0.010748341162477713,623849.35,76.33809928894043,0,10,6,2022,4,FFC.KA
2022-06-13 00:00:00+05:00,74.06529564766801,74.65781616351835,72.7253885556833,72.95431518554688,137349,0.0,0.0,0.0,-0.014731423437235991,0.010979246020702813,613097.6,76.12398300170898,0,13,6,2022,0,FFC.KA
2022-06-14 00:00:00+05:00,73.05531402200174,73.99796426259496,72.55705801911424,73.20344543457031,957157,0.0,0.0,0.0,0.003414880235525608,0.010848943067904774,648107.25,75.89606323242188,0,14,6,2022,1,FFC.KA
2022-06-15 00:00:00+05:00,73.39198210064393,75.41194491075339,73.39198210064393,75.35807800292969,640499,0.0,0.0,0.0,0.029433485754235322,0.012670894137141911,652445.15,75.72975311279296,0,15,6,2022,2,FFC.KA
2022-06-16 00:00:00+05:00,75.4994690210541,76.75858092592443,75.41193915529418,76.7114486694336,983153,0.0,0.0,0.0,0.017959198301889856,0.013329584608470597,689451.35,75.60653457641601,0,16,6,2022,3,FFC.KA
2022-06-17 00:00:00+05:00,76.18625695560554,76.52291738834172,74.42215443873692,74.6308822631836,1071351,0.0,0.0,0.0,-0.02712198038672975,0.014365270944684733,734181.9,75.35538444519042,0,17,6,2022,4,FFC.KA
2022-06-20 00:00:00+05:00,74.9069554810278,75.74187201835771,74.07203894369788,74.19996643066406,527585,0.0,0.0,0.0,-0.00577396138772579,0.014116295356295161,733977.45,75.14194183349609,0,20,6,2022,0,FFC.KA
2022-06-21 00:00:00+05:00,74.52990410841086,75.54661513304275,73.66131939060936,75.4321517944336,929387,0.0,0.0,0.0,0.0166062792618773,0.014318492434299385,728951.3,75.05710372924804,0,21,6,2022,1,FFC.KA
2022-06-22 00:00:00+05:00,76.08527158633208,77.93690430192866,76.08527158633208,77.41844940185547,2897902,0.0,0.0,0.0,0.026332241095745168,0.015184706920209791,801901.95,75.1271297454834,0,22,6,2022,2,FFC.KA
2022-06-23 00:00:00+05:00,77.41844367861306,78.10522877478734,76.48925749686828,76.7787857055664,540654,0.0,0.0,0.0,-0.00826241937459593,0.015326336417517697,807305.25,75.16281547546387,0,23,6,2022,3,FFC.KA
2022-06-24 00:00:00+05:00,76.76532329462472,77.90323221208355,71.03536054587322,74.59722900390625,2320816,0.0,0.0,0.0,-0.02841353482752451,0.016187594325202517,886306.25,75.02983512878419,0,24,6,2022,4,FFC.KA
2022-06-27 00:00:00+05:00,74.90694849130783,77.095241368582,74.07876154207672,76.7114486694336,311683,0.0,0.0,0.0,0.02834179893487243,0.01752286761905733,894811.35,75.00256576538087,0,27,6,2022,0,FFC.KA
2022-06-28 00:00:00+05:00,75.44561547770527,76.69125822390325,75.07528689560505,75.11568450927734,720687,0.0,0.0,0.0,-0.0208021643162124,0.018084670869902647,844753.8,74.8817039489746,0,28,6,2022,1,FFC.KA
2022-06-29 00:00:00+05:00,76.05159897067215,76.05159897067215,74.60396304307005,75.21668243408203,411310,0.0,0.0,0.0,0.0013445650594079428,0.017883932494857722,814026.05,74.81639137268067,0,29,6,2022,2,FFC.KA
2022-06-30 00:00:00+05:00,74.73862180547661,75.54660485126398,73.89697065901854,74.21343231201172,870362,0.0,0.0,0.0,-0.01333813310563825,0.017972553779500976,843690.35,74.74165229797363,0,30,6,2022,3,FFC.KA
2022-07-01 00:00:00+05:00,74.74536074239137,76.42192848397953,74.74536074239137,75.40521240234375,393257,0.0,0.0,0.0,0.016058819181431927,0.017527043697400463,837710.45,74.81504402160644,0,1,7,2022,4,FFC.KA
2022-07-04 00:00:00+05:00,75.07528863466676,75.07528863466676,72.9812599936252,73.99124145507812,467337,0.0,0.0,0.0,-0.01875163403454161,0.018079725997421962,835953.75,74.82278747558594,0,4,7,2022,0,FFC.KA
2022-07-05 00:00:00+05:00,73.93065079446964,74.06531294501151,73.25732976769682,73.2909927368164,156662,0.0,0.0,0.0,-0.00946394065690681,0.018210145345948576,838793.95,74.79753913879395,0,5,7,2022,1,FFC.KA
2022-07-06 00:00:00+05:00,73.5805185229231,73.72864996578399,73.39198946365711,73.57378387451172,518128,0.0,0.0,0.0,0.003858470558732785,0.018113374864054215,776177.55,74.81908569335937,0,6,7,2022,2,FFC.KA
2022-07-07 00:00:00+05:00,73.72191050186507,75.07528707038149,73.29098549825318,74.42216491699219,432991,0.0,0.0,0.0,0.011531023658202466,0.018253719460133433,778571.75,74.86352500915527,0,7,7,2022,3,FFC.KA
2022-07-08 00:00:00+05:00,74.42216491699219,74.42216491699219,74.42216491699219,74.42216491699219,0,0.0,0.0,0.0,0.0,0.01819554749066259,764413.5,74.88237800598145,0,8,7,2022,4,FFC.KA
2022-07-11 00:00:00+05:00,74.42216491699219,74.42216491699219,74.42216491699219,74.42216491699219,0,0.0,0.0,0.0,0.0,0.017845099429381044,757546.05,74.95577049255371,0,11,7,2022,0,FFC.KA
2022-07-12 00:00:00+05:00,74.42216491699219,74.42216491699219,74.42216491699219,74.42216491699219,0,0.0,0.0,0.0,0.0,0.01783860036167958,709688.2,75.0167064666748,0,12,7,2022,1,FFC.KA
2022-07-13 00:00:00+05:00,74.50295900063267,75.34461013001842,74.30096067476777,74.64435577392578,685220,0.0,0.0,0.0,0.002985546808285111,0.016551960625883554,711924.25,74.98102035522462,0,13,7,2022,2,FFC.KA
2022-07-14 00:00:00+05:00,74.73862246498256,75.20994505634575,74.529894622669,74.73188781738281,516725,0.0,0.0,0.0,0.0011726545503605301,0.015991007859343365,688602.85,74.88204231262208,0,14,7,2022,3,FFC.KA
2022-07-15 00:00:00+05:00,74.7722926746712,75.07528504380235,74.46929516850894,74.7386245727539,159514,0.0,0.0,0.0,9.014566027776283e-05,0.014779784359748522,643011.0,74.88742942810059,0,15,7,2022,4,FFC.KA
2022-07-18 00:00:00+05:00,74.40196256390426,74.73188838034385,72.73212440172391,73.01492309570312,366165,0.0,0.0,0.0,-0.023063061260551465,0.015627400753799814,634940.0,74.82817726135254,0,18,7,2022,0,FFC.KA
2022-07-19 00:00:00+05:00,73.08899258248455,73.70844663550639,71.30469100327424,71.61441802978516,524550,0.0,0.0,0.0,-0.019181079792171762,0.01559168947549398,614698.15,74.63729057312011,0,19,7,2022,1,FFC.KA
2022-07-20 00:00:00+05:00,72.04535081626891,72.3887459828275,71.44609550548864,72.01841735839844,461973,0.0,0.0,0.0,0.005641312737405091,0.014204152288763799,492901.7,74.36728897094727,0,20,7,2022,2,FFC.KA
2022-07-21 00:00:00+05:00,72.05879626585184,72.05879626585184,70.69869038726642,71.05554962158203,271277,0.0,0.0,0.0,-0.013369743075923313,0.01433930802709618,479432.85,74.08112716674805,0,21,7,2022,3,FFC.KA
2022-07-22 00:00:00+05:00,71.43933822339302,72.04532799090951,71.03534675739209,71.36527252197266,358569,0.0,0.0,0.0,0.004358884028624166,0.013202149338894987,381320.5,73.91952934265137,0,22,7,2022,4,FFC.KA
2022-07-25 00:00:00+05:00,72.0453357671756,72.0453357671756,70.36203352962477,70.63136291503906,359852,0.0,0.0,0.0,-0.010283847885645403,0.011180452586517401,383728.95,73.61552505493164,0,25,7,2022,0,FFC.KA
2022-07-26 00:00:00+05:00,70.63137691695161,71.64135845970011,69.4193970108407,70.73237609863281,208104,0.0,0.0,0.0,0.0014301463177945895,0.01051365734022616,358099.8,73.39635963439942,0,26,7,2022,1,FFC.KA
2022-07-27 00:00:00+05:00,70.71216875000125,71.25756225002272,70.02538359427436,70.54383850097656,673673,0.0,0.0,0.0,-0.0026655063502085685,0.010465594026971012,371217.95,73.16271743774413,0,27,7,2022,2,FFC.KA
2022-07-28 00:00:00+05:00,71.20370215429485,71.30470134078536,68.78648201265727,70.63811492919922,916457,0.0,0.0,0.0,0.0013364232826846845,0.010225336327357504,373522.7,72.98395156860352,0,28,7,2022,3,FFC.KA
2022-07-29 00:00:00+05:00,70.69869656097917,71.03535702079336,69.21739259260913,69.69544982910156,767837,0.0,0.0,0.0,-0.013344992303977676,0.009518682034384808,392251.7,72.6984634399414,0,29,7,2022,4,FFC.KA
2022-08-01 00:00:00+05:00,69.89071648807308,70.02537862292009,69.35879232247447,69.60791778564453,180268,0.0,0.0,0.0,-0.0012559219241954356,0.008861877787543866,377898.25,72.47929725646972,0,1,8,2022,0,FFC.KA
2022-08-02 00:00:00+05:00,69.35206490022591,70.3620464278991,69.04907249673663,69.8570556640625,1219465,0.0,0.0,0.0,0.003579160048791774,0.008841924264895613,431038.4,72.30760040283204,0,2,8,2022,1,FFC.KA
2022-08-03 00:00:00+05:00,70.09271284584356,70.6987027539984,69.68872128608413,70.16677856445312,1606503,0.0,0.0,0.0,0.004433666684723336,0.008864119659944292,485457.15,72.1372501373291,0,3,8,2022,2,FFC.KA
2022-08-04 00:00:00+05:00,70.77836715599865,71.46553576916368,70.1667875096962,71.01887512207031,721821,2.1,0.0,0.0,0.012143874566429957,0.00891546951376666,499898.65,71.967085647583,0,4,8,2022,3,FFC.KA
2022-08-05 00:00:00+05:00,71.46552434069523,71.80910859233317,70.97763533249088,71.13568115234375,1013506,0.0,0.0,0.0,0.0016447181129335409,0.008945332868025714,550573.95,71.80276145935059,0,5,8,2022,4,FFC.KA
2022-08-08 00:00:00+05:00,71.13568115234375,71.13568115234375,71.13568115234375,71.13568115234375,0,0.0,0.0,0.0,0.0,0.008945332868025714,550573.95,71.63843727111816,0,8,8,2022,0,FFC.KA
2022-08-09 00:00:00+05:00,71.13568115234375,71.13568115234375,71.13568115234375,71.13568115234375,0,0.0,0.0,0.0,0.0,0.008945332868025714,550573.95,71.47411308288574,0,9,8,2022,1,FFC.KA
2022-08-10 00:00:00+05:00,71.46552456807947,72.489404173268,71.46552456807947,71.9259262084961,1556768,0.0,0.0,0.0,0.011108982768576636,0.009368431383144228,594151.35,71.33819160461425,0,10,8,2022,2,FFC.KA
2022-08-11 00:00:00+05:00,72.11834127434878,72.49628609513962,71.60296483291413,71.75414276123047,349279,0.0,0.0,0.0,-0.0023883383408600523,0.009342540584078681,585779.05,71.18930435180664,0,11,8,2022,3,FFC.KA
2022-08-12 00:00:00+05:00,71.67167558993623,72.04961511375397,71.29373082343896,71.84346771240234,181353,0.0,0.0,0.0,0.0012448751770208766,0.009359620034125302,586871.0,71.04454650878907,0,12,8,2022,4,FFC.KA
2022-08-15 00:00:00+05:00,72.08398180038655,72.1526976067141,70.96389371079572,71.43804168701172,1252088,0.0,0.0,0.0,-0.005643185640949233,0.008001674696985537,631167.15,70.9657024383545,0,15,8,2022,0,FFC.KA
2022-08-16 00:00:00+05:00,71.47239743664694,71.80910853503316,70.43477152957799,70.72338104248047,665656,0.0,0.0,0.0,-0.010003922667174425,0.007122714119305674,638222.45,70.92115058898926,0,16,8,2022,1,FFC.KA
2022-08-17 00:00:00+05:00,70.57907331712777,70.77835280365765,70.44164171943514,70.61343383789062,233715,0.0,0.0,0.0,-0.0015546089987383827,0.0069708877954101685,626809.55,70.85090141296386,0,17,8,2022,2,FFC.KA
2022-08-18 00:00:00+05:00,70.62717512177245,70.77147987260545,70.09118454934149,70.256103515625,296747,0.0,0.0,0.0,-0.005060373116621997,0.006418130929889211,628083.05,70.81092910766601,0,18,8,2022,3,FFC.KA
2022-08-19 00:00:00+05:00,70.2698557067112,70.6409273439389,69.89191091619786,70.2080078125,452356,0.0,0.0,0.0,-0.0006845768654719642,0.006313499306544471,632772.4,70.75306587219238,0,19,8,2022,4,FFC.KA
2022-08-22 00:00:00+05:00,70.59281736688177,70.59281736688177,69.23222152541,69.98810577392578,1223717,0.0,0.0,0.0,-0.003132150383208354,0.005939418970376625,675965.65,70.72090301513671,0,22,8,2022,0,FFC.KA
2022-08-23 00:00:00+05:00,70.4278943176705,72.15268862806299,70.4278943176705,71.82284545898438,2466530,0.0,0.0,0.0,0.026215021320695975,0.008418540131808266,788886.95,70.77542648315429,0,23,8,2022,1,FFC.KA
2022-08-24 00:00:00+05:00,71.98090748086693,72.14582646919725,71.13568783564887,71.27312469482422,675542,0.0,0.0,0.0,-0.007653842738298167,0.008598545448775159,788980.4,70.81189079284668,0,24,8,2022,2,FFC.KA
2022-08-25 00:00:00+05:00,71.46552609460716,71.46552609460716,70.95014970450181,71.18378448486328,531886,0.0,0.0,0.0,-0.0012534908542802814,0.008605565804314442,769751.85,70.83917427062988,0,25,8,2022,3,FFC.KA
2022-08-26 00:00:00+05:00,71.43115937547358,71.47239304812756,71.05321986778726,71.17691040039062,1153175,0.0,0.0,0.0,-9.65681232376614e-05,0.007977211124903653,789018.75,70.91324729919434,0,26,8,2022,4,FFC.KA
2022-08-29 00:00:00+05:00,70.44163922020475,71.46551874192251,70.09118184303938,71.383056640625,340377,0.0,0.0,0.0,0.00289625159443907,0.007967183593555737,797024.2,71.00200424194335,0,29,8,2022,0,FFC.KA
2022-08-30 00:00:00+05:00,71.8022226643551,71.8022226643551,71.12192743509983,71.36930847167969,526184,0.0,0.0,0.0,-0.0001925970894539608,0.007954770520219081,762360.15,71.07761688232422,0,30,8,2022,1,FFC.KA
2022-08-31 00:00:00+05:00,71.56860672826811,71.80911467625545,70.81272235915934,71.46553039550781,529041,0.0,0.0,0.0,0.0013482255312353697,0.00791656728829363,708487.05,71.14255447387696,0,31,8,2022,2,FFC.KA
2022-09-01 00:00:00+05:00,71.46552398967873,71.63044296170463,71.12193973972835,71.5273666381836,122115,0.0,0.0,0.0,0.0008652596900011744,0.007465863065244294,678501.75,71.16797904968261,0,1,9,2022,3,FFC.KA
2022-09-02 00:00:00+05:00,71.8022398685934,71.8022398685934,70.67528387311708,70.82646179199219,291355,0.0,0.0,0.0,-0.00979911436886649,0.0077953366737501225,642394.2,71.15251808166504,0,2,9,2022,4,FFC.KA
2022-09-05 00:00:00+05:00,70.77836219761578,70.81272272293909,70.43477791510308,70.66154479980469,570328,0.0,0.0,0.0,-0.0023284657741599046,0.00780973664022761,670910.6,71.12881126403809,0,5,9,2022,0,FFC.KA
2022-09-06 00:00:00+05:00,70.29733711591781,70.77835295152632,69.78196075947466,69.84380340576172,449533,0.0,0.0,0.0,-0.011572650956892638,0.008204632063317065,693387.25,71.06421737670898,0,6,9,2022,1,FFC.KA
2022-09-07 00:00:00+05:00,70.09118879815456,70.42789990384243,69.71324401638674,69.98123931884766,394650,0.0,0.0,0.0,0.0019677610093409292,0.007742982390608078,635281.35,70.96698303222657,0,7,9,2022,2,FFC.KA
2022-09-08 00:00:00+05:00,70.0911887934552,70.59969202851623,69.74760453466376,70.12554931640625,149275,0.0,0.0,0.0,0.0020621240630089854,0.007775192141108033,625281.15,70.88555335998535,0,8,9,2022,3,FFC.KA
2022-09-09 00:00:00+05:00,70.59968986388921,71.15629991108759,70.0911866444192,70.91578674316406,532351,0.0,0.0,0.0,0.011268894639131721,0.008244496227546725,642831.05,70.83916931152343,0,9,9,2022,4,FFC.KA
2022-09-12 00:00:00+05:00,70.77835378169706,70.77835378169706,69.74760105672088,70.02934265136719,407416,0.0,0.0,0.0,-0.012499954276856795,0.008599405440044958,600597.45,70.76873435974122,0,12,9,2022,0,FFC.KA
2022-09-13 00:00:00+05:00,70.41416310566417,70.434777323613,69.27346078081484,69.43838500976562,336574,0.0,0.0,0.0,-0.008438714676268999,0.008519523154176561,584143.35,70.70448455810546,0,13,9,2022,1,FFC.KA
2022-09-14 00:00:00+05:00,69.47275180008765,70.09120465439793,69.4040359813156,69.55521392822266,178436,0.0,0.0,0.0,0.0016824832323014682,0.008536807641827043,581379.4,70.65157356262208,0,14,9,2022,2,FFC.KA
2022-09-15 00:00:00+05:00,69.57580856750526,70.02246912783255,69.23222432766573,69.27345275878906,197589,0.0,0.0,0.0,-0.004050899329047564,0.008512746984411521,576421.5,70.60244102478028,0,15,9,2022,3,FFC.KA
2022-09-16 00:00:00+05:00,69.40401502511675,69.57580714151555,68.73058762205454,68.83366394042969,1118689,0.0,0.0,0.0,-0.0063485909947454955,0.008606956153467002,609738.15,70.53372383117676,0,16,9,2022,4,FFC.KA
2022-09-19 00:00:00+05:00,69.4040196067667,69.74760386224574,68.71685109580861,68.7580795288086,474023,0.0,0.0,0.0,-0.0010980733451368963,0.008591856223397297,572253.45,70.4722225189209,0,19,9,2022,0,FFC.KA
2022-09-20 00:00:00+05:00,69.06044342112766,69.24597663398717,68.71685912550015,68.77870178222656,213426,0.0,0.0,0.0,0.00029992480242735375,0.0057935417377358925,459598.25,70.32001533508301,0,20,9,2022,1,FFC.KA
2022-09-21 00:00:00+05:00,68.77181535452775,69.91938533470204,68.61376431431434,69.6513900756836,155750,0.0,0.0,0.0,0.012688350766204115,0.006516431097507415,433608.65,70.23892860412597,0,21,9,2022,2,FFC.KA
2022-09-22 00:00:00+05:00,69.5757961331456,69.74758822236325,68.72370883857607,69.11539459228516,186073,0.0,0.0,0.0,-0.007695402529885209,0.006680009691161155,416318.0,70.13550910949706,0,22,9,2022,3,FFC.KA
2022-09-23 00:00:00+05:00,69.33530128528771,69.362788653849,69.06043284235439,69.08104705810547,172873,0.0,0.0,0.0,-0.0004969592430500436,0.006676332436751714,367302.9,70.03071594238281,0,23,9,2022,4,FFC.KA
2022-09-26 00:00:00+05:00,69.23222455456482,69.50709299587318,68.9917166344248,69.06043243408203,492391,0.0,0.0,0.0,-0.0002984121535694051,0.006604143786713281,374903.6,69.91458473205566,0,26,9,2022,0,FFC.KA
2022-09-27 00:00:00+05:00,69.26658939378869,69.81632106799604,69.0673098924841,69.19786834716797,222188,0.0,0.0,0.0,0.0019900818492140093,0.00664707408412375,359703.8,69.80601272583007,0,27,9,2022,1,FFC.KA
2022-09-28 00:00:00+05:00,69.2665860101245,69.40401761129287,69.0604333656924,69.06730651855469,148218,0.0,0.0,0.0,-0.0018867897484681206,0.006612807838777631,340662.65,69.68610153198242,0,28,9,2022,2,FFC.KA
2022-09-29 00:00:00+05:00,69.06043243408203,69.19786403339648,68.92986874485769,69.06043243408203,532607,0.0,0.0,0.0,-9.952732803919506e-05,0.006596728567998066,361187.25,69.56275482177735,0,29,9,2022,3,FFC.KA
2022-09-30 00:00:00+05:00,68.73059450301781,69.91939837429354,68.73059450301781,69.6170425415039,191552,0.0,0.0,0.0,0.008059754157391907,0.00665581569748883,356197.1,69.50228385925293,0,30,9,2022,4,FFC.KA
2022-10-03 00:00:00+05:00,69.9193925067837,70.01559567411086,68.88863979169597,69.07417297363281,542953,0.0,0.0,0.0,-0.007797940677348514,0.006830281332075475,354828.35,69.42291526794433,0,3,10,2022,0,FFC.KA
2022-10-04 00:00:00+05:00,69.06043243408203,69.7476009160132,68.71684819311645,69.06043243408203,528900,0.0,0.0,0.0,-0.00019892441645341652,0.006371690828253252,358796.7,69.38374671936035,0,4,10,2022,1,FFC.KA
2022-10-05 00:00:00+05:00,69.0948023312718,69.47274190201188,69.0604418054408,69.1085433959961,449596,0.0,0.0,0.0,0.0006966501688210336,0.006351620369042705,361544.0,69.34011192321778,0,5,10,2022,2,FFC.KA
2022-10-06 00:00:00+05:00,69.27344477292515,70.77147209563962,69.08103845962437,70.43476104736328,880436,0.0,0.0,0.0,0.019190357460840746,0.007734741920163779,398102.05,69.35557250976562,0,6,10,2022,3,FFC.KA
2022-10-07 00:00:00+05:00,70.09118488618942,71.14255182065355,69.74760064655125,69.86441802978516,616991,0.0,0.0,0.0,-0.008097465074022203,0.007490852351470669,402334.05,69.30300407409668,0,7,10,2022,4,FFC.KA
2022-10-10 00:00:00+05:00,70.09118178392616,70.36605021200681,69.41088648750294,69.78882598876953,673887,0.0,0.0,0.0,-0.0010819819751937132,0.006962265860481041,415657.6,69.2909782409668,0,10,10,2022,0,FFC.KA
2022-10-11 00:00:00+05:00,69.88503254162183,70.64092206617408,69.75447409502782,70.0636978149414,211637,0.0,0.0,0.0,0.003938622297731564,0.006732957857670495,409410.75,69.32224388122559,0,11,10,2022,1,FFC.KA
2022-10-12 00:00:00+05:00,70.09117736636854,70.44163472115046,69.7819536809414,70.4210205078125,158446,0.0,0.0,0.0,0.005099969085486933,0.006808299374236788,408411.25,69.36553421020508,0,12,10,2022,2,FFC.KA
2022-10-13 00:00:00+05:00,70.43477346124726,70.62717980845898,69.96749865687033,70.14616394042969,407621,0.0,0.0,0.0,-0.0039030472066550193,0.006803015302791027,418912.85,69.4091697692871,0,13,10,2022,3,FFC.KA
2022-10-14 00:00:00+05:00,70.15302969567229,70.37979655906784,69.95375544409639,70.07744598388672,371398,0.0,0.0,0.0,-0.0009796395509429345,0.00661574935102627,381548.3,69.47135887145996,0,14,10,2022,4,FFC.KA
2022-10-17 00:00:00+05:00,70.08431564032905,70.22175248945348,69.74760453466376,70.12554931640625,114416,0.0,0.0,0.0,0.000686431017057787,0.006599162363101839,363567.95,69.53973236083985,0,17,10,2022,0,FFC.KA
2022-10-18 00:00:00+05:00,70.09119311195849,70.77836167187965,70.09119311195849,70.67528533935547,159357,0.0,0.0,0.0,0.00783931146790473,0.006769855415222818,360864.5,69.63456153869629,0,18,10,2022,1,FFC.KA
2022-10-19 00:00:00+05:00,70.15990400393477,71.25937257424265,70.15990400393477,70.73025512695312,228928,0.0,0.0,0.0,0.0007777794929828552,0.0062249174154326145,364523.4,69.68850479125976,0,19,10,2022,2,FFC.KA
2022-10-20 00:00:00+05:00,70.51037155918945,71.11507804920488,70.51037155918945,70.81959533691406,160723,0.0,0.0,0.0,0.0012631116599337577,0.00589604038437474,363255.9,69.77371482849121,0,20,10,2022,3,FFC.KA
2022-10-21 00:00:00+05:00,70.7714805821431,70.84706953467243,70.13928683615191,70.47599792480469,159613,0.0,0.0,0.0,-0.004851727978319564,0.0060419739180957634,362592.9,69.84346237182618,0,21,10,2022,4,FFC.KA
2022-10-24 00:00:00+05:00,71.11506418778158,71.11506418778158,70.64092150386693,70.81271362304688,325444,0.0,0.0,0.0,0.004777735798809912,0.006090219215645049,354245.55,69.93107643127442,0,24,10,2022,0,FFC.KA
2022-10-25 00:00:00+05:00,70.77835321312998,71.22501377223416,70.47599740524171,70.63404846191406,1420360,0.0,0.0,0.0,-0.0025230661556607803,0.006145538868473427,414154.15,70.00288543701171,0,25,10,2022,1,FFC.KA
2022-10-26 00:00:00+05:00,70.42789429047956,70.77147852190912,70.0911832116288,70.2286148071289,434635,0.0,0.0,0.0,-0.005739918121835608,0.00630073683406279,428475.0,70.06095085144042,0,26,10,2022,2,FFC.KA
2022-10-27 00:00:00+05:00,70.70963730300302,70.91578470041131,70.4278957110618,70.81271362304688,173975,0.0,0.0,0.0,0.008317105748448794,0.006511338080090288,410543.4,70.14856491088867,0,27,10,2022,3,FFC.KA
2022-10-28 00:00:00+05:00,70.50348085002875,71.32808612310482,70.43476505460886,70.96388244628906,526082,0.0,0.0,0.0,0.0021347695280666823,0.006318261181416997,427269.9,70.21590690612793,0,28,10,2022,4,FFC.KA
2022-10-31 00:00:00+05:00,70.46913911456095,71.2593787777558,70.46913911456095,70.88143920898438,261432,0.0,0.0,0.0,-0.0011617633430229812,0.005999365967043252,413193.85,70.3062702178955,0,31,10,2022,0,FFC.KA
2022-11-01 00:00:00+05:00,71.08071550535497,71.29373607524754,70.81272019398048,70.98451232910156,419452,0.0,0.0,0.0,0.0014541623486692412,0.005988872738708102,407721.45,70.40247421264648,0,1,11,2022,1,FFC.KA
2022-11-02 00:00:00+05:00,71.39680801272078,71.46552381400603,70.78522846872683,71.29373168945312,662636,0.0,0.0,0.0,0.004356152493067089,0.0060223241726504355,418373.45,70.51173362731933,0,2,11,2022,2,FFC.KA
2022-11-03 00:00:00+05:00,71.33496105367746,71.45865159467874,70.78522939353371,71.30060577392578,1510869,0.0,0.0,0.0,9.641919857128478e-05,0.004369450875539683,449895.1,70.55502586364746,0,3,11,2022,3,FFC.KA
2022-11-04 00:00:00+05:00,72.19381438672106,72.59079899052142,71.30061119715106,72.2009048461914,1776419,3.18,0.0,0.0,0.012626808180567606,0.004642131160378305,507866.5,70.67185020446777,0,4,11,2022,4,FFC.KA
2022-11-07 00:00:00+05:00,72.34269018188267,72.46320095601034,71.88190764784825,72.01659393310547,1023849,0.0,0.0,0.0,-0.0025527507373843683,0.004699093954551351,525364.6,70.78323860168457,0,7,11,2022,0,FFC.KA
2022-11-08 00:00:00+05:00,72.27178873646734,72.44901235319084,71.95278838973928,72.3214111328125,171509,0.0,0.0,0.0,0.004232596726112536,0.004707303313088915,523358.2,70.89612426757813,0,8,11,2022,1,FFC.KA
2022-11-09 00:00:00+05:00,72.3214111328125,72.3214111328125,72.3214111328125,72.3214111328125,0,0.0,0.0,0.0,0.0,0.004645313663929943,515435.9,70.99114379882812,0,9,11,2022,2,FFC.KA
2022-11-10 00:00:00+05:00,72.30723134392734,72.66167855639758,71.95987459006838,72.41356658935547,199841,0.0,0.0,0.0,0.0012742485952565996,0.00447888773334019,505046.9,71.10451393127441,0,10,11,2022,3,FFC.KA
2022-11-11 00:00:00+05:00,72.52698565964036,72.52698565964036,71.95278291583882,72.33558654785156,91653,0.0,0.0,0.0,-0.001076870608322844,0.004481888491483553,491059.65,71.21742095947266,0,11,11,2022,4,FFC.KA
2022-11-14 00:00:00+05:00,72.66168367534026,72.66168367534026,71.96696471024484,72.27178955078125,107530,0.0,0.0,0.0,-0.0008819586612200947,0.004512268585592,490715.35,71.32473297119141,0,14,11,2022,0,FFC.KA
2022-11-15 00:00:00+05:00,72.30723174498925,72.66167895942547,72.0945612529534,72.23634338378906,406747,0.0,0.0,0.0,-0.00049045647288537,0.004276362462333919,503084.85,71.40278587341308,0,15,11,2022,1,FFC.KA
2022-11-16 00:00:00+05:00,72.5907876672169,73.00194771738592,72.23634046709223,72.57660675048828,442135,0.0,0.0,0.0,0.004710417924830512,0.004350459858242467,513745.2,71.49510345458984,0,16,11,2022,2,FFC.KA
2022-11-17 00:00:00+05:00,72.65459570864508,73.15791015406477,72.30723891839911,73.02322387695312,896574,0.0,0.0,0.0,0.0061537339159472015,0.0044837841792305586,550537.75,71.6052848815918,0,17,11,2022,3,FFC.KA
2022-11-18 00:00:00+05:00,72.66167938430031,73.37057381731788,72.37812052940623,72.97359466552734,739654,0.0,0.0,0.0,-0.0006796359951103392,0.004262203270948492,579539.8,71.73016471862793,0,18,11,2022,4,FFC.KA
2022-11-21 00:00:00+05:00,73.00903481308801,73.05157215603073,72.39230012898813,72.60496520996094,467788,0.0,0.0,0.0,-0.005051545798942847,0.0044571144609412625,586657.0,71.81977729797363,0,21,11,2022,0,FFC.KA
2022-11-22 00:00:00+05:00,73.0019442671183,73.0161197747419,72.7325609463569,72.92396545410156,289379,0.0,0.0,0.0,0.004393642269755693,0.0044162896521925624,530107.95,71.93427314758301,0,22,11,2022,1,FFC.KA
2022-11-23 00:00:00+05:00,72.73258889530777,73.01614783265595,72.66170051307995,72.78221130371094,180106,0.0,0.0,0.0,-0.0019438623435782398,0.004157991782090632,517381.5,72.06195297241212,0,23,11,2022,2,FFC.KA
2022-11-24 00:00:00+05:00,72.86726145020356,73.12246388587896,72.59079304629444,72.69712829589844,357228,0.0,0.0,0.0,-0.001169008282222439,0.003908478085971111,526544.15,72.15617370605469,0,24,11,2022,3,FFC.KA
2022-11-25 00:00:00+05:00,72.93814565407285,73.00194896357068,72.48445366284332,72.95941162109375,301949,0.0,0.0,0.0,0.003607891141555797,0.003938382066750397,515337.5,72.25595016479492,0,25,11,2022,4,FFC.KA
2022-11-28 00:00:00+05:00,72.98068481928479,72.98068481928479,72.48446084484594,72.83181762695312,383201,0.0,0.0,0.0,-0.0017488352949345254,0.003960565730452854,521425.95,72.35346908569336,0,28,11,2022,0,FFC.KA
2022-11-29 00:00:00+05:00,72.45610096383257,73.65413431302039,72.30723377859478,73.48400115966797,436230,0.0,0.0,0.0,0.008954651331858132,0.0043091650544903465,522264.85,72.47844352722169,0,29,11,2022,1,FFC.KA
2022-11-30 00:00:00+05:00,73.68248817420937,73.68957322437724,72.60496562081626,72.7325668334961,416870,0.0,0.0,0.0,-0.010225822142416297,0.005018550232190346,509976.55,72.55038528442383,0,30,11,2022,2,FFC.KA
2022-12-01 00:00:00+05:00,72.87435100004758,73.01612772546072,72.68294647146091,72.76092529296875,356300,0.0,0.0,0.0,0.0003899004353520308,0.005016162292257257,452248.1,72.62340126037597,0,1,12,2022,3,FFC.KA
2022-12-02 00:00:00+05:00,73.1933617798323,73.1933617798323,72.48446723474918,72.75384521484375,215864,0.0,0.0,0.0,-9.730604849367275e-05,0.0042094362123402795,374220.35,72.65104827880859,0,2,12,2022,4,FFC.KA
2022-12-05 00:00:00+05:00,72.76801707218462,72.76801707218462,72.10165455209346,72.21508026123047,127420,0.0,0.0,0.0,-0.007405312420564081,0.004516618359235029,329398.9,72.66097259521484,0,5,12,2022,0,FFC.KA
2022-12-06 00:00:00+05:00,72.29306778027504,72.30724329140459,71.45657200429193,72.01659393310547,833723,0.0,0.0,0.0,-0.0027485440354978463,0.004453601502892324,362509.6,72.64573173522949,0,6,12,2022,1,FFC.KA
2022-12-07 00:00:00+05:00,71.77556759846419,72.30723846956393,71.70467923067137,72.3001480102539,601863,0.0,0.0,0.0,0.003937343626828849,0.004548990002881573,392602.75,72.64466857910156,0,7,12,2022,2,FFC.KA
2022-12-08 00:00:00+05:00,72.44902168957785,72.66169222042677,71.9173507708918,72.51282501220703,145895,0.0,0.0,0.0,0.0029415845998401746,0.004588769637183643,389905.45,72.64963150024414,0,8,12,2022,3,FFC.KA
2022-12-09 00:00:00+05:00,72.3072341834956,73.00195312693099,72.23634581990476,72.69712829589844,1127131,0.0,0.0,0.0,0.0025416646456730696,0.004612094713361075,441679.35,72.66770858764649,0,9,12,2022,4,FFC.KA
2022-12-12 00:00:00+05:00,72.83890779363828,73.01613141357414,72.32141244371388,72.38521575927734,271011,0.0,0.0,0.0,-0.004290575761830895,0.0047182499345346015,449853.4,72.67337989807129,0,12,12,2022,0,FFC.KA
2022-12-13 00:00:00+05:00,72.48445576949598,72.73256773934266,72.3426790462794,72.66876983642578,937728,0.0,0.0,0.0,0.003917292698158326,0.004792123152792446,476402.45,72.69500122070312,0,13,12,2022,1,FFC.KA
2022-12-14 00:00:00+05:00,72.41357769399379,72.66168969908394,72.30724243225913,72.37104034423828,382353,0.0,0.0,0.0,-0.004097076266154964,0.004771040004789073,473413.35,72.68472290039062,0,14,12,2022,2,FFC.KA
2022-12-15 00:00:00+05:00,72.60496436819784,72.66167721917382,71.31477675488748,72.04493713378906,1368797,0.0,0.0,0.0,-0.004505990364351287,0.004625188463838011,497024.5,72.63580856323242,0,15,12,2022,3,FFC.KA
2022-12-16 00:00:00+05:00,71.95988328186931,72.97360264831545,71.66923393648821,72.50572967529297,297564,0.0,0.0,0.0,0.006395904553961884,0.004887112588909931,474920.0,72.6124153137207,0,16,12,2022,4,FFC.KA
2022-12-19 00:00:00+05:00,72.37812173491797,72.66168059453494,71.99531808570038,72.13710021972656,222176,0.0,0.0,0.0,-0.005084142414913506,0.004888782179290827,462639.4,72.58902206420899,0,19,12,2022,0,FFC.KA
2022-12-20 00:00:00+05:00,72.09456511974385,74.43391902386823,71.06667030612181,72.3214111328125,1351420,0.0,0.0,0.0,0.0025550086228103286,0.0048123300978602426,515741.45,72.55889434814453,0,20,12,2022,1,FFC.KA
2022-12-21 00:00:00+05:00,72.30722393307754,72.73255946276164,71.27932928563806,71.64086151123047,456537,0.0,0.0,0.0,-0.009410071110645957,0.005211153949360567,529563.0,72.5018268585205,0,21,12,2022,2,FFC.KA
2022-12-22 00:00:00+05:00,71.56288761369392,72.64750059025053,71.55580256375755,72.25760650634766,315690,0.0,0.0,0.0,0.008608843921014353,0.0056154292640299775,527486.1,72.47985076904297,0,22,12,2022,3,FFC.KA
2022-12-23 00:00:00+05:00,71.60543338578833,72.02367853554794,70.88944844216051,70.98869323730469,765904,0.0,0.0,0.0,-0.01756096458760359,0.006727365893998932,550683.85,72.38131484985351,0,23,12,2022,4,FFC.KA
2022-12-26 00:00:00+05:00,71.8818948028224,71.8818948028224,70.88235108106542,70.95323944091797,422444,0.0,0.0,0.0,-0.0004994287790057728,0.006729235102779697,552646.0,72.28738594055176,0,26,12,2022,0,FFC.KA
2022-12-27 00:00:00+05:00,71.48491968192779,71.48491968192779,70.6696953234358,70.83982849121094,338700,0.0,0.0,0.0,-0.0015983900185624345,0.006283088473747007,547769.5,72.15517730712891,0,27,12,2022,1,FFC.KA
2022-12-28 00:00:00+05:00,70.88944529352345,70.88944529352345,69.8119281047735,70.25852966308594,550063,0.0,0.0,0.0,-0.008205819247531387,0.0061556586029299165,554429.15,72.0314754486084,0,28,12,2022,2,FFC.KA
2022-12-29 00:00:00+05:00,69.8261075945562,70.5987999962539,69.40077198023592,69.71977233886719,511106,0.0,0.0,0.0,-0.0076682123409396175,0.006273509978144047,562169.45,71.87941780090333,0,29,12,2022,3,FFC.KA
2022-12-30 00:00:00+05:00,69.96788512656128,71.0666737671332,69.40077277048856,69.9749755859375,1602951,0.0,0.0,0.0,0.0036604142341416512,0.006392224802864971,631523.8,71.740474319458,0,30,12,2022,4,FFC.KA
2023-01-02 00:00:00+05:00,70.18054162936437,71.77555393912266,70.14509474799584,71.28641510009766,559916,0.0,0.0,0.0,0.01874155014958956,0.007743529847450935,653148.6,71.69404106140136,0,2,1,2023,0,FFC.KA
2023-01-03 00:00:00+05:00,71.52744615065691,71.52744615065691,70.54208336583055,71.02413177490234,303162,0.0,0.0,0.0,-0.0036792890318165794,0.00775978465367728,626620.55,71.64441795349121,0,3,1,2023,1,FFC.KA
2023-01-04 00:00:00+05:00,70.88943405589325,72.66166990729059,70.88943405589325,71.86770629882812,602703,0.0,0.0,0.0,0.011877294418738193,0.008198352277435069,626662.55,71.62279586791992,0,4,1,2023,2,FFC.KA
2023-01-05 00:00:00+05:00,71.95278655508221,72.30014332064138,71.56998290370795,72.26470184326172,351326,0.0,0.0,0.0,0.00552397683018957,0.008271571001685622,636934.1,71.61038970947266,0,5,1,2023,3,FFC.KA
2023-01-06 00:00:00+05:00,72.48445820411963,72.65459135938106,71.60543059209421,72.51990509033203,289156,0.0,0.0,0.0,0.0035315062618515025,0.008291391594341613,595035.35,71.60152854919434,0,6,1,2023,4,FFC.KA
2023-01-09 00:00:00+05:00,72.30723173659665,72.58370013114998,71.77556091500402,71.9315185546875,67408,0.0,0.0,0.0,-0.008113448782256727,0.008436140972662548,584855.2,71.57884368896484,0,9,1,2023,0,FFC.KA
2023-01-10 00:00:00+05:00,72.27179133495436,72.44901495804982,70.88944923818407,71.243896484375,417149,0.0,0.0,0.0,-0.009559398774401262,0.008619424363224592,558826.25,71.50760002136231,0,10,1,2023,1,FFC.KA
2023-01-11 00:00:00+05:00,71.59834478366339,72.4135745435804,71.52745641506971,72.25052642822266,566551,0.0,0.0,0.0,0.014129349930606772,0.00921277011552408,568036.15,71.50157432556152,0,11,1,2023,2,FFC.KA
2023-01-12 00:00:00+05:00,71.91025939820707,72.1229245019257,71.77556771328024,71.98114776611328,304643,0.0,0.0,0.0,-0.003728397223195179,0.009194567244814706,514828.45,71.49838485717774,0,12,1,2023,3,FFC.KA
2023-01-13 00:00:00+05:00,71.81099044794729,71.95276713607335,70.89651620676246,71.59832000732422,364037,0.0,0.0,0.0,-0.005318444768802166,0.009138352280001106,518152.1,71.4530143737793,0,13,1,2023,4,FFC.KA
2023-01-16 00:00:00+05:00,71.59833679497204,71.87480518754514,71.24388958311575,71.51326751708984,228308,0.0,0.0,0.0,-0.0011879118144905165,0.00907883763285127,518458.7,71.42182273864746,0,16,1,2023,0,FFC.KA
2023-01-17 00:00:00+05:00,71.59833635788708,71.59833635788708,70.53499472880955,70.77601623535156,410251,0.0,0.0,0.0,-0.010309293748353765,0.009311550160692923,471400.25,71.34455299377441,0,17,1,2023,1,FFC.KA
2023-01-18 00:00:00+05:00,71.40694061589369,71.59833973845319,70.54917356851475,71.47782897949219,354890,0.0,0.0,0.0,0.009915968451895907,0.009399410051293655,466317.9,71.3364013671875,0,18,1,2023,2,FFC.KA
2023-01-19 00:00:00+05:00,70.75475047845983,72.23634263176531,70.75475047845983,71.35731506347656,238794,0.0,0.0,0.0,-0.0016860321268319378,0.009178286745587707,462473.1,71.29138679504395,0,19,1,2023,3,FFC.KA
2023-01-20 00:00:00+05:00,71.95278922342133,72.11583733240776,71.5274536200439,71.66213989257812,633870,0.0,0.0,0.0,0.004271809117683434,0.008310507224255036,455871.4,71.32505912780762,0,20,1,2023,4,FFC.KA
2023-01-23 00:00:00+05:00,71.88190551398864,71.89608102469738,70.88945210286138,70.91780853271484,347130,0.0,0.0,0.0,-0.01038667504178692,0.008660119513541753,452105.7,71.32328758239746,0,23,1,2023,0,FFC.KA
2023-01-24 00:00:00+05:00,71.59124795931558,71.59124795931558,70.64133200605544,71.10919952392578,499649,0.0,0.0,0.0,0.002698771932901023,0.00867140032858353,460153.15,71.33675613403321,0,24,1,2023,1,FFC.KA
2023-01-25 00:00:00+05:00,71.58415943684818,71.95278214794395,71.06666414119586,71.45655822753906,138870,0.0,0.0,0.0,0.004884863082960322,0.008493736695937112,439593.5,71.39665756225585,0,25,1,2023,2,FFC.KA
2023-01-26 00:00:00+05:00,71.76138929275334,75.14281352150962,71.76138929275334,74.74583435058594,1870634,0.0,0.0,0.0,0.04603182975274067,0.01296182117611031,507569.9,71.6479606628418,0,26,1,2023,3,FFC.KA
2023-01-27 00:00:00+05:00,75.14281537247852,75.80208745953675,73.8030052291724,74.80254364013672,920823,0.0,0.0,0.0,0.0007586949833857659,0.012976927195333304,473463.5,71.88933906555175,0,27,1,2023,4,FFC.KA
2023-01-30 00:00:00+05:00,75.135733810551,77.26950797637076,72.30724599623686,72.90980529785156,689686,0.0,0.0,0.0,-0.025303128077981185,0.013941360694030576,479952.0,71.97050857543945,0,30,1,2023,0,FFC.KA
2023-01-31 00:00:00+05:00,72.30723257738843,73.58324472742237,72.13000896813013,73.40602111816406,709916,0.0,0.0,0.0,0.006805885961227887,0.013944668189724028,500289.7,72.08960304260253,0,31,1,2023,1,FFC.KA
2023-02-01 00:00:00+05:00,73.40602469437403,73.51235453836094,73.01613057163668,73.04448699951172,133364,0.0,0.0,0.0,-0.004925128935545642,0.013807372784151058,476822.75,72.14844207763672,0,1,2,2023,2,FFC.KA
2023-02-02 00:00:00+05:00,73.02321215040766,73.44145724172193,72.48445090317145,72.66167449951172,446220,0.0,0.0,0.0,-0.0052408130404496545,0.013827507228795567,481567.45,72.16829071044921,0,2,2,2023,3,FFC.KA
2023-02-03 00:00:00+05:00,72.83891411706865,73.01613775239,72.44901995598727,72.6262435913086,125970,0.0,0.0,0.0,-0.00048761480446424255,0.013808234835137063,473408.15,72.17360763549804,0,3,2,2023,4,FFC.KA
2023-02-06 00:00:00+05:00,72.8388981109124,74.78835767105848,72.48445091815857,73.89514923095703,618037,0.0,0.0,0.0,0.017471723400551697,0.014181279735230437,500939.6,72.27178916931152,0,6,2,2023,0,FFC.KA
2023-02-07 00:00:00+05:00,73.73209859906616,74.06527978967102,73.51233768552406,73.75336456298828,192571,0.0,0.0,0.0,-0.0019187276762322458,0.013970670289052464,489710.7,72.39726257324219,0,7,2,2023,1,FFC.KA
2023-02-08 00:00:00+05:00,73.72501939544821,73.76046627968549,73.01612497818428,73.07283782958984,331684,0.0,0.0,0.0,-0.009227060181332347,0.013863685047222555,477967.35,72.43837814331054,0,8,2,2023,2,FFC.KA
2023-02-09 00:00:00+05:00,73.6541231479288,74.57568254662274,73.10118642702551,74.46935272216797,505940,0.0,0.0,0.0,0.01911127217797226,0.014413305944554254,488032.2,72.56278839111329,0,9,2,2023,3,FFC.KA
2023-02-10 00:00:00+05:00,73.73213303189236,74.50482559355929,72.30725329091494,72.76803588867188,1102803,0.0,0.0,0.0,-0.022845865732758597,0.015369895669092996,524970.5,72.62127418518067,0,10,2,2023,4,FFC.KA
2023-02-13 00:00:00+05:00,72.81055544864991,73.53363088726223,72.30724098881849,72.44193267822266,409993,0.0,0.0,0.0,-0.004481407344127386,0.015411274827366551,534054.75,72.6677074432373,0,13,2,2023,0,FFC.KA
2023-02-14 00:00:00+05:00,72.66168132030712,72.66168132030712,71.77556325542533,71.79682922363281,554522,0.0,0.0,0.0,-0.008905111041905944,0.015361324505294588,541268.3,72.71874809265137,0,14,2,2023,1,FFC.KA
2023-02-15 00:00:00+05:00,72.26470655064995,72.30723848965029,71.8819028743395,71.99532318115234,710986,0.0,0.0,0.0,0.0027646618891936647,0.01522122129243209,559073.1,72.74462280273437,0,15,2,2023,2,FFC.KA
2023-02-16 00:00:00+05:00,72.02367968475686,73.5265379627471,72.02367968475686,72.28597259521484,993314,0.0,0.0,0.0,0.004037059648043684,0.015232355338697729,596799.1,72.79105567932129,0,16,2,2023,3,FFC.KA
2023-02-17 00:00:00+05:00,72.30722974251685,73.4414597156144,72.28596377558927,72.81763458251953,2901535,0.0,0.0,0.0,0.007354981446841435,0.015285321834598447,710182.35,72.84883041381836,0,17,2,2023,4,FFC.KA
2023-02-20 00:00:00+05:00,73.32803889204445,73.32803889204445,72.30722921942395,72.39938354492188,139470,0.0,0.0,0.0,-0.005743815217228443,0.015139285981726536,699799.35,72.92290916442872,0,20,2,2023,0,FFC.KA
2023-02-21 00:00:00+05:00,72.6616878529885,72.9877786811701,72.3001501356506,72.3143310546875,353216,0.0,0.0,0.0,-0.0011747681550575706,0.015143099342459386,692477.7,72.9831657409668,0,21,2,2023,1,FFC.KA
2023-02-22 00:00:00+05:00,72.62622923550482,72.97359138614664,72.13709577644002,72.56243133544922,399293,0.0,0.0,0.0,0.0034308591000322686,0.01512668743677762,705498.85,73.0384593963623,0,22,2,2023,2,FFC.KA
2023-02-23 00:00:00+05:00,72.32140359652797,72.62622840186539,71.95278089186723,72.3072280883789,527576,0.0,0.0,0.0,-0.003517016207609358,0.010772723694286938,638345.95,72.91652908325196,0,23,2,2023,3,FFC.KA
2023-02-24 00:00:00+05:00,72.62623678822193,72.66168367534026,72.00241159736316,72.27178955078125,274055,0.0,0.0,0.0,-0.0004901105813978068,0.010761935763797746,606007.55,72.78999137878418,0,24,2,2023,4,FFC.KA
2023-02-27 00:00:00+05:00,72.27178689367639,72.37103168383615,72.10874419917197,72.26470184326172,304563,0.0,0.0,0.0,-9.807018151319902e-05,0.009212278339867526,586751.4,72.75773620605469,0,27,2,2023,0,FFC.KA
2023-02-28 00:00:00+05:00,72.30722776440011,72.58369614376566,72.13000416693835,72.16545104980469,347798,0.0,0.0,0.0,-0.0013734339300576215,0.009055583968691895,568645.5,72.69570770263672,0,28,2,2023,1,FFC.KA
2023-03-01 00:00:00+05:00,72.16545137314824,72.3072280883789,71.81100417663657,72.3072280883789,394690,0.0,0.0,0.0,0.0019646109947593082,0.009021901420160372,581711.8,72.65884475708008,0,1,3,2023,2,FFC.KA
2023-03-02 00:00:00+05:00,72.5199018246866,72.65458808767056,71.88898621925225,72.1087417602539,258105,0.0,0.0,0.0,-0.002745041310149521,0.008969525265126052,572306.05,72.63119812011719,0,2,3,2023,3,FFC.KA
2023-03-03 00:00:00+05:00,71.95279129664911,73.00904258063198,71.70467930489954,72.5907974243164,1006487,0.0,0.0,0.0,0.006685121003292993,0.009105827181620792,616331.9,72.62942581176758,0,3,3,2023,4,FFC.KA
2023-03-06 00:00:00+05:00,72.32140928875627,72.94523986511527,72.16545705310196,72.26470184326172,117859,0.0,0.0,0.0,-0.004492244094641329,0.008165597427873955,591323.0,72.54790344238282,0,6,3,2023,0,FFC.KA
2023-03-07 00:00:00+05:00,72.30723052081579,72.6545872707206,71.95278331238042,72.15836334228516,511632,0.0,0.0,0.0,-0.001471513730274654,0.008163801138275929,607276.05,72.46815338134766,0,7,3,2023,1,FFC.KA
2023-03-08 00:00:00+05:00,72.15837136964552,72.55535055655639,72.15837136964552,72.28597259521484,552180,0.0,0.0,0.0,0.0017684610212729268,0.007952418201984631,618300.85,72.4288101196289,0,8,3,2023,2,FFC.KA
2023-03-09 00:00:00+05:00,72.30722850409884,72.62622881941938,72.13709536315689,72.43482971191406,116228,0.0,0.0,0.0,0.002059280816940623,0.006523681842928815,598815.25,72.32708396911622,0,9,3,2023,3,FFC.KA
2023-03-10 00:00:00+05:00,72.3072321612576,72.74674865672549,72.13000855301924,72.66876983642578,343370,0.0,0.0,0.0,0.003229663484295431,0.004194151872446986,560843.6,72.3221206665039,0,10,3,2023,4,FFC.KA
2023-03-13 00:00:00+05:00,72.66168041176381,73.29968649218833,72.66168041176381,73.07992553710938,552989,0.0,0.0,0.0,0.005657942216568124,0.004244071968802954,567993.4,72.35402030944825,0,13,3,2023,0,FFC.KA
2023-03-14 00:00:00+05:00,73.01612904303869,73.0232195019679,72.66168181467442,72.8247299194336,169961,0.0,0.0,0.0,-0.0034920070840274153,0.003761429463266704,548765.35,72.40541534423828,0,14,3,2023,1,FFC.KA
2023-03-15 00:00:00+05:00,72.99485610281562,73.5477928609022,72.84598893013346,73.41310119628906,368360,0.0,0.0,0.0,0.008079278529510292,0.004087264420365588,531634.05,72.47630424499512,0,15,3,2023,2,FFC.KA
2023-03-16 00:00:00+05:00,73.65413063445966,73.68957211006881,73.19334818405942,73.25006103515625,96461,0.0,0.0,0.0,-0.002220859199189573,0.0040807250087162746,486791.4,72.52450866699219,0,16,3,2023,3,FFC.KA
2023-03-17 00:00:00+05:00,73.37058815983774,73.37058815983774,71.24390444505983,71.67633056640625,4809963,0.0,0.0,0.0,-0.02148435709827856,0.0061600061836491775,582212.8,72.46744346618652,0,17,3,2023,4,FFC.KA
2023-03-20 00:00:00+05:00,72.13002071525892,72.30724435337994,71.60544026078281,71.63379669189453,2096680,0.0,0.0,0.0,-0.0005934159041849352,0.006047828197258198,680073.3,72.42916412353516,0,20,3,2023,0,FFC.KA
2023-03-21 00:00:00+05:00,72.1583721134073,72.1583721134073,71.64087674647666,71.9457015991211,950646,0.0,0.0,0.0,0.0043541585345265865,0.006141664774737451,709944.8,72.41073265075684,0,21,3,2023,1,FFC.KA
2023-03-22 00:00:00+05:00,74.57946557659048,74.57946557659048,73.64301646326503,73.76738739013672,696266,3.15,0.0,0.0,0.02532028669573605,0.008374347637070236,724793.45,72.47098045349121,0,22,3,2023,2,FFC.KA
2023-03-23 00:00:00+05:00,73.76738739013672,73.76738739013672,73.76738739013672,73.76738739013672,0,0.0,0.0,0.0,0.0,0.008314375539131683,698414.65,72.5439884185791,0,23,3,2023,3,FFC.KA
2023-03-24 00:00:00+05:00,72.06275138100885,72.06275138100885,71.29456753463197,71.34577941894531,193965,0.0,0.0,0.0,-0.0328276228407568,0.01125161245643262,694410.15,72.4976879119873,0,24,3,2023,4,FFC.KA
2023-03-27 00:00:00+05:00,71.6896301391226,72.4285492243822,71.55062964827242,72.28954315185547,465779,0.0,0.0,0.0,0.013228024707226727,0.011668746417000673,702470.95,72.49892997741699,0,27,3,2023,0,FFC.KA
2023-03-28 00:00:00+05:00,72.42854403052431,73.11625118422323,72.28222597222401,72.99187469482422,243918,0.0,0.0,0.0,0.00971553439607975,0.011857852449601842,697276.95,72.54025115966797,0,28,3,2023,1,FFC.KA
2023-03-29 00:00:00+05:00,73.0138342545256,73.08699329051677,72.39928607251107,72.60413360595703,295826,0.0,0.0,0.0,-0.005312113032968635,0.011926403855751493,692333.75,72.55509643554687,0,29,3,2023,2,FFC.KA
2023-03-30 00:00:00+05:00,72.6114563417784,72.6114563417784,72.1724965129746,72.47245025634766,265738,0.0,0.0,0.0,-0.001813716975455626,0.011915813571471848,692715.4,72.57328186035156,0,30,3,2023,3,FFC.KA
2023-03-31 00:00:00+05:00,72.44318167339546,73.18941836621099,72.28954602056325,73.1382064819336,405197,0.0,0.0,0.0,0.009186335265760182,0.011998974750534127,662650.9,72.60065231323242,0,31,3,2023,4,FFC.KA
2023-04-03 00:00:00+05:00,73.16015394285014,73.16015394285014,72.07738120855818,72.17249298095703,143440,0.0,0.0,0.0,-0.013203953821524284,0.012340876948562642,663929.95,72.59604187011719,0,3,4,2023,0,FFC.KA
2023-04-04 00:00:00+05:00,72.06276347764368,72.31882294219317,71.7042802272744,72.22371673583984,487635,0.0,0.0,0.0,0.0007097406888290081,0.012336742268029097,662730.1,72.59930953979492,0,4,4,2023,1,FFC.KA
2023-04-05 00:00:00+05:00,72.20907154893546,72.7211959885913,72.0773830452156,72.2676010131836,206062,0.0,0.0,0.0,0.0006076158819721122,0.012331298191545086,645424.2,72.59839096069337,0,5,4,2023,2,FFC.KA
2023-04-06 00:00:00+05:00,72.42854564672746,73.16014711790652,72.39928091807914,73.0211410522461,503440,0.0,0.0,0.0,0.010427079749403045,0.012542843959111717,664784.8,72.62770652770996,0,6,4,2023,3,FFC.KA
2023-04-07 00:00:00+05:00,73.08699379690432,73.05041148781694,72.42855130506835,72.75045776367188,213495,0.0,0.0,0.0,-0.0037069167185507235,0.012558656288081392,658291.05,72.63179092407226,0,7,4,2023,4,FFC.KA
2023-04-10 00:00:00+05:00,72.7943573780883,72.7943573780883,71.88717297966313,72.04812622070312,1010331,0.0,0.0,0.0,-0.009653981082156982,0.012670251144855716,681158.15,72.58020095825195,0,10,4,2023,0,FFC.KA
2023-04-11 00:00:00+05:00,72.39929022124133,72.39929022124133,71.91643609068903,72.01885986328125,290473,0.0,0.0,0.0,-0.0004062056705295136,0.012652392885952338,687183.75,72.53990745544434,0,11,4,2023,1,FFC.KA
2023-04-12 00:00:00+05:00,72.01886232280329,72.97725861979372,71.9895975893951,72.61145782470703,469839,0.0,0.0,0.0,0.008228371881348284,0.012657743991785313,692257.7,72.49982528686523,0,12,4,2023,2,FFC.KA
2023-04-13 00:00:00+05:00,72.61146049783487,73.16016171066487,72.4651424070845,72.80899047851562,516931,0.0,0.0,0.0,0.0027204061139423086,0.012670035686165778,713281.2,72.4777717590332,0,13,4,2023,3,FFC.KA
2023-04-14 00:00:00+05:00,72.80899047851562,72.80899047851562,72.80899047851562,72.80899047851562,0,0.0,0.0,0.0,0.0,0.01164177577949986,472783.05,72.53440475463867,0,14,4,2023,4,FFC.KA
2023-04-17 00:00:00+05:00,72.61877153785157,73.88443909573854,72.61877153785157,73.27721405029297,527524,0.0,0.0,0.0,0.006430848288103919,0.011701771427744357,394325.25,72.6165756225586,0,17,4,2023,0,FFC.KA
2023-04-18 00:00:00+05:00,73.66496716884761,74.07466228026097,73.10894838787429,73.1455307006836,305608,0.0,0.0,0.0,-0.0017970572614700586,0.011695347239205334,362073.35,72.67656707763672,0,18,4,2023,1,FFC.KA
2023-04-19 00:00:00+05:00,72.98458432997482,73.51865042456392,72.79436633246745,73.39427947998047,68033,0.0,0.0,0.0,0.003400737911312346,0.010219689004795432,330661.7,72.65791168212891,0,19,4,2023,2,FFC.KA
2023-04-20 00:00:00+05:00,73.70886377804827,74.07466459084256,73.05773877780864,73.84786987304688,160300,0.0,0.0,0.0,0.0061801872881677156,0.010319111564919126,338676.7,72.66193580627441,0,20,4,2023,3,FFC.KA
2023-04-21 00:00:00+05:00,73.84786987304688,73.84786987304688,73.84786987304688,73.84786987304688,0,0.0,0.0,0.0,0.0,0.006823813696147226,328978.45,72.78704032897949,0,21,4,2023,4,FFC.KA
2023-04-24 00:00:00+05:00,73.84786987304688,73.84786987304688,73.84786987304688,73.84786987304688,0,0.0,0.0,0.0,0.0,0.006271130691704193,305689.5,72.86495666503906,0,24,4,2023,0,FFC.KA
2023-04-25 00:00:00+05:00,73.84786987304688,73.84786987304688,73.84786987304688,73.84786987304688,0,0.0,0.0,0.0,0.0,0.00593472647832841,293493.6,72.90775642395019,0,25,4,2023,1,FFC.KA
2023-04-26 00:00:00+05:00,73.89176322861111,74.66725915556671,73.7454451380571,74.4916763305664,413647,0.0,0.0,0.0,0.008718009857648035,0.00602760777015095,299384.65,73.00213356018067,0,26,4,2023,2,FFC.KA
2023-04-27 00:00:00+05:00,74.61604098657291,75.77929036079324,74.25755778770868,75.20132446289062,1423698,0.0,0.0,0.0,0.009526542659277215,0.006248488500090094,357282.65,73.13857727050781,0,27,4,2023,3,FFC.KA
2023-04-28 00:00:00+05:00,75.35495573549564,75.53785611349441,74.8135721794887,75.25984954833984,637672,0.0,0.0,0.0,0.0007782454081390888,0.006008458174152139,368906.4,73.24465942382812,0,28,4,2023,4,FFC.KA
2023-05-01 00:00:00+05:00,75.25984954833984,75.25984954833984,75.25984954833984,75.25984954833984,0,0.0,0.0,0.0,0.0,0.004945119819454642,361734.4,73.39902725219727,0,1,5,2023,0,FFC.KA
2023-05-02 00:00:00+05:00,75.35496329933255,75.71344651332386,74.98916250661735,75.54518127441406,486320,0.0,0.0,0.0,0.003791287489764983,0.004947260829701066,361668.65,73.56510047912597,0,2,5,2023,1,FFC.KA
2023-05-03 00:00:00+05:00,75.36227537488486,75.55980533258892,75.04036891466534,75.4207992553711,738401,0.0,0.0,0.0,-0.0016464586747254595,0.005012188250880115,388285.6,73.72276039123535,0,3,5,2023,2,FFC.KA
2023-05-04 00:00:00+05:00,75.38423433150304,75.72077041912004,75.15743960720579,75.29644012451172,866028,0.0,0.0,0.0,-0.0016488704984191083,0.004678831266686066,406415.0,73.83652534484864,0,4,5,2023,3,FFC.KA
2023-05-05 00:00:00+05:00,75.35495675853124,75.83049886411945,75.14279164737108,75.71343994140625,936593,0.0,0.0,0.0,0.005538107992953956,0.004588386559208904,442569.9,73.98467445373535,0,5,5,2023,4,FFC.KA
2023-05-08 00:00:00+05:00,76.17887472869661,76.68246385270011,75.7134442340435,76.29332733154297,1067823,4.26,0.0,0.0,0.007658975613649144,0.003845414459877735,445444.5,74.19693450927734,0,8,5,2023,0,FFC.KA
2023-05-09 00:00:00+05:00,76.3009630731937,76.3772628720066,75.69055304008755,75.99575805664062,477404,0.0,0.0,0.0,-0.0039003315926858795,0.004074800656805391,454791.05,74.39577941894531,0,9,5,2023,1,FFC.KA
2023-05-10 00:00:00+05:00,75.75922688783488,76.14836342923583,75.61425319526755,75.81263732910156,777927,0.0,0.0,0.0,-0.002409617750014137,0.00400881021226387,470195.45,74.55583839416504,0,10,5,2023,2,FFC.KA
2023-05-11 00:00:00+05:00,76.2933343628844,77.82698541124698,75.81264037218943,76.19414520263672,348438,0.0,0.0,0.0,0.005032246429827136,0.004058626559121437,461770.8,74.7250961303711,0,11,5,2023,3,FFC.KA
2023-05-12 00:00:00+05:00,76.293326794528,76.49171091664523,75.91945372774265,76.339111328125,324991,0.0,0.0,0.0,0.0019025887763783889,0.004024461602615708,478020.35,74.90160217285157,0,12,5,2023,4,FFC.KA
2023-05-15 00:00:00+05:00,76.68246544239025,77.4454750487822,76.30096063919429,77.4378433227539,397048,0.0,0.0,0.0,0.014392779474551087,0.0047710359180223585,471496.55,75.10963363647461,0,15,5,2023,0,FFC.KA
2023-05-16 00:00:00+05:00,77.75067846466176,78.09403045199193,77.44547346408983,77.83460998535156,506638,0.0,0.0,0.0,0.0051236791415274485,0.004671856522098494,481548.05,75.34408760070801,0,16,5,2023,1,FFC.KA
2023-05-17 00:00:00+05:00,78.08640134479963,78.81889569925741,77.90328066683587,78.66629028320312,1113551,0.0,0.0,0.0,0.010685224709265917,0.004969228928827812,533823.95,75.60768814086914,0,17,5,2023,2,FFC.KA
2023-05-18 00:00:00+05:00,78.78074105430123,78.78074105430123,78.30004710285868,78.40686798095703,155388,0.0,0.0,0.0,-0.003297756908482108,0.005147524131061941,533578.35,75.83563804626465,0,18,5,2023,3,FFC.KA
2023-05-19 00:00:00+05:00,78.49842778986834,78.58999104014674,78.05588663344301,78.58235931396484,623447,0.0,0.0,0.0,0.0022382137882415165,0.0051027246010290715,564750.7,76.07236251831054,0,19,5,2023,4,FFC.KA
2023-05-22 00:00:00+05:00,78.58999610111363,78.58999610111363,77.59808120044292,77.78883361816406,518258,0.0,0.0,0.0,-0.01009801312569858,0.005870016696710091,590663.6,76.2694107055664,0,22,5,2023,0,FFC.KA
2023-05-23 00:00:00+05:00,78.09402927570775,78.09402927570775,77.25471990275288,77.85749816894531,250964,0.0,0.0,0.0,0.0008827044652488514,0.0058525792732361396,603211.8,76.46989212036132,0,23,5,2023,1,FFC.KA
2023-05-24 00:00:00+05:00,77.9719548358243,77.9719548358243,77.55229721681393,77.74304962158203,286190,0.0,0.0,0.0,-0.0014699746338487918,0.005740150748569579,596838.95,76.63246078491211,0,24,5,2023,2,FFC.KA
2023-05-25 00:00:00+05:00,77.82697998585263,77.94143259126857,77.36917538549024,77.72779083251953,116352,0.0,0.0,0.0,-0.0001962720672364915,0.005489126109787735,531471.65,76.75878410339355,0,25,5,2023,3,FFC.KA
2023-05-26 00:00:00+05:00,77.44548150371523,77.94143895346737,77.2547290862184,77.46073913574219,205854,0.0,0.0,0.0,-0.0034357299225544757,0.005604728989474053,509880.75,76.86882858276367,0,26,5,2023,4,FFC.KA
2023-05-29 00:00:00+05:00,77.29287386045749,77.96432020455316,77.25472105240495,77.87275695800781,151348,0.0,0.0,0.0,0.005319053585889577,0.005657892792021696,517448.15,76.99947395324708,0,29,5,2023,0,FFC.KA
2023-05-30 00:00:00+05:00,77.78882970965175,78.78074456048353,76.67483634468924,78.41449737548828,611480,0.0,0.0,0.0,0.0069567386418925015,0.005762108019712767,523706.15,77.14293975830078,0,30,5,2023,1,FFC.KA
2023-05-31 00:00:00+05:00,78.5899947363443,79.810809024299,76.83507019526446,77.11738586425781,2002288,0.0,0.0,0.0,-0.016541730861568182,0.0070588031401432015,586900.5,77.22776908874512,0,31,5,2023,2,FFC.KA
2023-06-01 00:00:00+05:00,77.44548259205553,77.71253481604361,77.06397775170056,77.10975646972656,360767,0.0,0.0,0.0,-9.893222450096939e-05,0.0070350809288621035,561637.45,77.31843490600586,0,1,6,2023,3,FFC.KA
2023-06-02 00:00:00+05:00,77.44547456385071,77.86513217325908,77.07922739370328,77.666748046875,279536,0.0,0.0,0.0,0.007223360605050244,0.007099396126083681,528784.6,77.4161003112793,0,2,6,2023,4,FFC.KA
2023-06-05 00:00:00+05:00,77.21657156214775,77.82698158940879,77.21657156214775,77.33102416992188,458521,0.0,0.0,0.0,-0.004322620495845975,0.007039688792434115,498319.5,77.46798515319824,0,5,6,2023,0,FFC.KA
2023-06-06 00:00:00+05:00,77.46074151841934,77.81935700575262,77.36918408083773,77.59808349609375,67129,0.0,0.0,0.0,0.0034534564754380437,0.00697858487961949,477805.75,77.5481014251709,0,6,6,2023,1,FFC.KA
2023-06-07 00:00:00+05:00,77.81172870668195,77.81172870668195,77.36154997431248,77.46073913574219,193458,0.0,0.0,0.0,-0.0017699452636413815,0.006963261707083502,448582.3,77.63050651550293,0,7,6,2023,2,FFC.KA
2023-06-08 00:00:00+05:00,77.51414836463589,77.51414836463589,77.11738590383511,77.30050659179688,271645,0.0,0.0,0.0,-0.0020685646139332325,0.006933118690294782,444742.65,77.68582458496094,0,8,6,2023,3,FFC.KA
2023-06-09 00:00:00+05:00,76.99530260941116,77.51414355623416,76.91137108653065,77.02581787109375,351063,0.0,0.0,0.0,-0.003553517729886102,0.006992219310611156,446046.25,77.72015991210938,0,9,6,2023,4,FFC.KA
2023-06-12 00:00:00+05:00,76.68245882290634,77.20130554331634,76.68245882290634,76.94187927246094,83245,0.0,0.0,0.0,-0.0010897462818673098,0.006179632825679067,430356.1,77.69536170959472,0,12,6,2023,0,FFC.KA
2023-06-13 00:00:00+05:00,77.14027630576842,77.14027630576842,76.60617186644522,76.76640319824219,140563,0.0,0.0,0.0,-0.002280631508847941,0.0060580094370243625,412052.35,77.64195137023925,0,13,6,2023,1,FFC.KA
2023-06-14 00:00:00+05:00,77.06397220487132,77.06397220487132,75.835526241644,76.22466278076172,290620,0.0,0.0,0.0,-0.007056998829051198,0.005587997602037677,370905.8,77.51986999511719,0,14,6,2023,2,FFC.KA
2023-06-15 00:00:00+05:00,76.30096462484825,76.30096462484825,75.080150355111,75.1946029663086,371533,0.0,0.0,0.0,-0.01351347158354499,0.00618967397075008,381713.05,77.35925674438477,0,15,6,2023,3,FFC.KA
2023-06-16 00:00:00+05:00,74.8512497953211,75.75923319373305,74.77494999020374,75.14119720458984,382907,0.0,0.0,0.0,-0.0007102339744073927,0.006116311814163208,369686.05,77.18719863891602,0,16,6,2023,4,FFC.KA
2023-06-19 00:00:00+05:00,75.08015069508342,75.38535571922515,72.48591672183125,74.49263000488281,388555,0.0,0.0,0.0,-0.008631313099006777,0.00602497510407709,363200.9,77.02238845825195,0,19,6,2023,0,FFC.KA
2023-06-20 00:00:00+05:00,74.24083070658119,74.77493505703973,73.66857355053243,74.40106201171875,269324,0.0,0.0,0.0,-0.0012292221815508597,0.005987504072291738,364118.9,76.84956665039063,0,20,6,2023,1,FFC.KA
2023-06-21 00:00:00+05:00,74.24084104317774,74.77494546799994,73.6762097125924,73.83644104003906,348552,0.0,0.0,0.0,-0.007588883228451193,0.006100764000401989,367237.0,76.65423622131348,0,21,6,2023,2,FFC.KA
2023-06-22 00:00:00+05:00,74.20268471000261,74.39343711285609,73.66858031053343,73.86695861816406,167966,0.0,0.0,0.0,0.0004133132325330191,0.006114684476411316,369817.7,76.4611946105957,0,22,6,2023,3,FFC.KA
2023-06-23 00:00:00+05:00,74.202680026682,74.77493719912428,73.66857566092294,73.88221740722656,558972,0.0,0.0,0.0,0.00020657123764067364,0.0061403584008543005,387473.6,76.28226852416992,0,23,6,2023,4,FFC.KA
2023-06-26 00:00:00+05:00,73.79829638346796,76.11021475747468,73.79829638346796,75.8431625366211,696062,0.0,0.0,0.0,0.026541503466065874,0.008794476040243982,414709.3,76.18078880310058,0,26,6,2023,0,FFC.KA
2023-06-27 00:00:00+05:00,75.8889392806482,76.11021277825898,75.04199810132134,75.11067199707031,164896,0.0,0.0,0.0,-0.009657964080771242,0.00875982527537818,392380.1,76.01559753417969,0,27,6,2023,1,FFC.KA
2023-06-28 00:00:00+05:00,75.11067199707031,75.11067199707031,75.11067199707031,75.11067199707031,0,0.0,0.0,0.0,0.0,0.008080441125945814,292265.7,75.9152618408203,0,28,6,2023,2,FFC.KA
2023-06-29 00:00:00+05:00,75.11067199707031,75.11067199707031,75.11067199707031,75.11067199707031,0,0.0,0.0,0.0,0.0,0.008081236749564577,274227.35,75.8153076171875,0,29,6,2023,3,FFC.KA
2023-06-30 00:00:00+05:00,75.11067199707031,75.11067199707031,75.11067199707031,75.11067199707031,0,0.0,0.0,0.0,0.0,0.007838899482858758,260250.55,75.68750381469727,0,30,6,2023,4,FFC.KA
2023-07-03 00:00:00+05:00,76.68246599075758,78.51369022345386,76.68246599075758,77.35391235351562,1022901,0.0,0.0,0.0,0.02986580064857902,0.010499860606525248,288469.55,75.68864822387695,0,3,7,2023,0,FFC.KA
2023-07-04 00:00:00+05:00,77.71253159997572,77.71253159997572,75.9576128997499,76.21703338623047,580921,0.0,0.0,0.0,-0.01469711010982222,0.010965772623666823,314159.15,75.61959571838379,0,4,7,2023,1,FFC.KA
2023-07-05 00:00:00+05:00,76.30096246801207,76.68246728035214,75.88130484591743,75.89656829833984,886747,0.0,0.0,0.0,-0.004204638696269747,0.0109901148263815,348823.6,75.54138717651367,0,5,7,2023,2,FFC.KA
2023-07-06 00:00:00+05:00,76.26281614310983,76.30096895610868,75.53795926654759,75.91946411132812,605561,0.0,0.0,0.0,0.0003016712547303513,0.010990342444091744,365519.4,75.47233505249024,0,6,7,2023,3,FFC.KA
2023-07-07 00:00:00+05:00,76.30095955486725,76.4917119537544,75.5455816852384,76.02627563476562,375410,0.0,0.0,0.0,0.0014069056557204362,0.01098195201255752,366736.75,75.42235794067383,0,7,7,2023,4,FFC.KA
2023-07-10 00:00:00+05:00,76.47646194299674,76.47646194299674,75.72870990348375,75.88130950927734,516440,0.0,0.0,0.0,-0.0019067897812685697,0.010985403648633237,388396.5,75.36932945251465,0,10,7,2023,0,FFC.KA
2023-07-11 00:00:00+05:00,76.29334018736989,77.0639816336712,75.91946705495332,75.9728775024414,1336311,0.0,0.0,0.0,0.0012067265807118588,0.010985619818549761,448183.9,75.32965316772462,0,11,7,2023,1,FFC.KA
2023-07-12 00:00:00+05:00,76.26280972181902,76.3391153413918,75.63714206191192,76.04154205322266,728448,0.0,0.0,0.0,0.0009038034761688074,0.010877806850019413,470075.3,75.32049713134765,0,12,7,2023,2,FFC.KA
2023-07-13 00:00:00+05:00,76.14836349170778,76.68246790481274,75.84315847509002,75.95761108398438,699093,0.0,0.0,0.0,-0.0011037515412238852,0.010414353048354204,486453.3,75.35864753723145,0,13,7,2023,3,FFC.KA
2023-07-14 00:00:00+05:00,75.92709471592144,76.30096782831566,75.84316318560614,76.08732604980469,444557,0.0,0.0,0.0,0.001707728349656712,0.010412916863919675,489535.8,75.40595397949218,0,14,7,2023,4,FFC.KA
2023-07-17 00:00:00+05:00,76.15599997460666,76.27808432673164,75.40062196506575,76.04917907714844,422841,0.0,0.0,0.0,-0.0005013577771320055,0.01018665673363878,491250.1,75.48378143310546,0,17,7,2023,0,FFC.KA
2023-07-18 00:00:00+05:00,76.2246632280023,76.30096302676877,75.61425319526755,75.81263732910156,326459,0.0,0.0,0.0,-0.0031103787169999286,0.010217769503853334,494106.85,75.5543601989746,0,18,7,2023,1,FFC.KA
2023-07-19 00:00:00+05:00,76.20939921738194,76.22466266980436,75.69055243974739,75.89656829833984,229697,0.0,0.0,0.0,0.0011070841510754104,0.01001657466032809,488164.1,75.65736656188965,0,19,7,2023,2,FFC.KA
2023-07-20 00:00:00+05:00,76.1941423149005,76.49171560566731,75.80500577262795,76.28570556640625,481154,0.0,0.0,0.0,0.005127205047489758,0.010046956092438148,503823.5,75.77830390930175,0,20,7,2023,3,FFC.KA
2023-07-21 00:00:00+05:00,76.59854294895244,76.68247448125301,76.00339631722268,76.34674835205078,527643,0.0,0.0,0.0,0.0008001864201334641,0.010043313638558015,502257.05,75.90153045654297,0,21,7,2023,4,FFC.KA
2023-07-24 00:00:00+05:00,76.33910594838343,76.34673185236123,76.14835356552521,76.1865005493164,262019,0.0,0.0,0.0,-0.002098947318560862,0.008182785672034102,480554.9,75.91869735717773,0,24,7,2023,0,FFC.KA
2023-07-25 00:00:00+05:00,76.3009626891969,77.25472472281186,76.28570505803171,76.5527572631836,1248274,0.0,0.0,0.0,0.004807370219480189,0.007894467673333357,534723.8,75.9908016204834,0,25,7,2023,1,FFC.KA
2023-07-26 00:00:00+05:00,76.69009453085236,77.43784065947085,76.59853128556594,76.6443099975586,946895,0.0,0.0,0.0,0.0011959430025525464,0.0078911780128629,582068.55,76.0674835205078,0,26,7,2023,2,FFC.KA
2023-07-27 00:00:00+05:00,76.6443099975586,76.6443099975586,76.6443099975586,76.6443099975586,0,0.0,0.0,0.0,0.0,0.0078911780128629,582068.55,76.14416542053223,0,27,7,2023,3,FFC.KA
2023-07-28 00:00:00+05:00,76.6443099975586,76.6443099975586,76.6443099975586,76.6443099975586,0,0.0,0.0,0.0,0.0,0.0078911780128629,582068.55,76.22084732055664,0,28,7,2023,4,FFC.KA
2023-07-31 00:00:00+05:00,76.7587714715942,77.43784961072018,76.60617186644522,76.76640319824219,1070662,0.0,0.0,0.0,0.0015929845371103202,0.004056025966644578,584456.6,76.19147186279297,0,31,7,2023,0,FFC.KA
2023-08-01 00:00:00+05:00,77.10213525011824,77.24710313977822,76.91138281834783,77.05635070800781,851928,0.0,0.0,0.0,0.003777010484871335,0.002379333144299296,598006.95,76.23343772888184,0,1,8,2023,1,FFC.KA
2023-08-02 00:00:00+05:00,77.06398066705819,77.52178532854266,76.68247581227077,76.98004913330078,1449047,0.0,0.0,0.0,-0.0009902048826081478,0.002137503418059942,626121.95,76.28761177062988,0,2,8,2023,2,FFC.KA
2023-08-03 00:00:00+05:00,78.68125656492509,78.68125656492509,77.03516911887961,77.28720092773438,1052068,3.15,0.0,0.0,0.003990018165638265,0.0022561324040876866,648447.3,76.35599861145019,0,3,8,2023,3,FFC.KA
2023-08-04 00:00:00+05:00,77.57861635490028,77.57861635490028,76.97216687097124,77.01154327392578,290573,0.0,0.0,0.0,-0.0035666662849692665,0.0024615556737573544,644205.45,76.4052619934082,0,4,8,2023,4,FFC.KA
2023-08-07 00:00:00+05:00,77.18481638891402,77.29507993161376,76.36571149392135,76.4759750366211,606980,0.0,0.0,0.0,-0.0069543891024194116,0.0029478824142329003,648732.45,76.43499526977538,0,7,8,2023,0,FFC.KA
2023-08-08 00:00:00+05:00,76.40508932118978,76.77526233900356,75.69624801143061,75.90889739990234,391947,0.0,0.0,0.0,-0.007415108293123418,0.0034160918437421417,601514.25,76.43179626464844,0,8,8,2023,1,FFC.KA
2023-08-09 00:00:00+05:00,75.97978563240207,76.55473036329406,75.60961260924337,75.86952209472656,261639,0.0,0.0,0.0,-0.0005187179174576118,0.0034102860061415983,578173.8,76.42319526672364,0,9,8,2023,2,FFC.KA
2023-08-10 00:00:00+05:00,76.2318301552425,76.2318301552425,72.5379829999668,74.82990264892578,538185,0.0,0.0,0.0,-0.013702728277407261,0.00457031000586656,570128.4,76.3668098449707,0,10,8,2023,3,FFC.KA
2023-08-11 00:00:00+05:00,74.97952840254315,76.40508869405558,74.82201078340604,75.80651092529297,620035,0.0,0.0,0.0,0.013051042989445927,0.005499193917475845,578902.3,76.35276908874512,0,11,8,2023,4,FFC.KA
2023-08-14 00:00:00+05:00,75.80651092529297,75.80651092529297,75.80651092529297,75.80651092529297,0,0.0,0.0,0.0,0.0,0.005498748944455907,557760.25,76.34063568115235,0,14,8,2023,0,FFC.KA
2023-08-15 00:00:00+05:00,76.160927231652,77.49985100638763,76.08216842347034,76.85401916503906,1073640,0.0,0.0,0.0,0.013818182989300265,0.006267505173383366,595119.3,76.39270477294922,0,15,8,2023,1,FFC.KA
2023-08-16 00:00:00+05:00,77.1769431596183,77.1769431596183,75.12130612376785,75.2158203125,737529,0.0,0.0,0.0,-0.021315721290010026,0.0079663218713203,620510.9,76.35866737365723,0,16,8,2023,2,FFC.KA
2023-08-17 00:00:00+05:00,75.885279115264,76.38934276950593,74.82202003237595,76.05067443847656,712712,0.0,0.0,0.0,0.011099448527025046,0.008290539127820436,632088.8,76.34691581726074,0,17,8,2023,3,FFC.KA
2023-08-18 00:00:00+05:00,75.60961256231008,76.79101275859618,75.60961256231008,75.98766326904297,487560,0.0,0.0,0.0,-0.0008285418886662121,0.008289008124057648,630084.65,76.32896156311035,0,18,8,2023,4,FFC.KA
2023-08-21 00:00:00+05:00,75.98766466134,75.98766466134,74.86926788825727,75.23944091796875,283351,0.0,0.0,0.0,-0.009846629293297937,0.008558928409181498,631151.25,76.28160858154297,0,21,8,2023,0,FFC.KA
2023-08-22 00:00:00+05:00,75.31033578779744,75.48360279006393,74.75114034829954,74.822021484375,437287,0.0,0.0,0.0,-0.005547880586311726,0.008528374695095443,590601.9,76.19507179260253,0,22,8,2023,1,FFC.KA
2023-08-23 00:00:00+05:00,74.82201731782192,75.53085868366799,74.43609491099392,75.12918090820312,243904,0.0,0.0,0.0,0.004105200818348198,0.008594297416546746,555452.35,76.11931533813477,0,23,8,2023,2,FFC.KA
2023-08-24 00:00:00+05:00,75.21581268168639,75.21581268168639,74.78263020508564,74.9165267944336,521439,0.0,0.0,0.0,-0.00283051287394398,0.008600914043366794,581524.3,76.03292617797851,0,24,8,2023,3,FFC.KA
2023-08-25 00:00:00+05:00,74.91653263356706,75.59386928127448,74.86140086033099,75.27095031738281,386195,0.0,0.0,0.0,0.004730912364927731,0.00869739390675506,600834.05,75.96425819396973,0,25,8,2023,4,FFC.KA
2023-08-28 00:00:00+05:00,75.19218848359638,75.80651564898818,75.19218848359638,75.71987915039062,595903,0.0,0.0,0.0,0.005964171185761424,0.00881658706883465,577096.1,75.91193199157715,0,28,8,2023,0,FFC.KA
2023-08-29 00:00:00+05:00,75.71987748730761,75.71987748730761,75.13705506228968,75.23944091796875,192012,0.0,0.0,0.0,-0.006344941880687016,0.008839630575978604,544100.3,75.82108650207519,0,29,8,2023,1,FFC.KA
2023-08-30 00:00:00+05:00,74.86139934992974,75.57811238753818,73.9162755306355,74.25494384765625,396486,0.0,0.0,0.0,-0.013084853612693181,0.009232718768821147,491472.25,75.68483123779296,0,30,8,2023,2,FFC.KA
2023-08-31 00:00:00+05:00,74.42821083370758,75.21581094834998,72.53796935678339,74.55422973632812,1529852,0.0,0.0,0.0,0.004030518012186457,0.00923405060259353,515361.45,75.54818267822266,0,31,8,2023,3,FFC.KA
2023-09-01 00:00:00+05:00,74.4282179094559,74.82201800421493,74.12105431625686,74.81414031982422,74007,0.0,0.0,0.0,0.0034861950075173453,0.00929580358176589,504533.15,75.43831253051758,0,1,9,2023,4,FFC.KA
2023-09-04 00:00:00+05:00,74.94016017293325,75.63324618518041,74.34946002339711,75.609619140625,206370,0.0,0.0,0.0,0.010632733563470387,0.009571011446370773,484502.65,75.39499473571777,0,4,9,2023,0,FFC.KA
2023-09-05 00:00:00+05:00,75.60962158684676,75.61749927159099,74.83777072255938,75.05830383300781,485360,0.0,0.0,0.0,-0.0072916027601171995,0.00956637123296672,489173.3,75.35246505737305,0,5,9,2023,1,FFC.KA
2023-09-06 00:00:00+05:00,75.36546452591578,75.36546452591578,74.82201846892106,74.97166442871094,67221,0.0,0.0,0.0,-0.0011542947265319459,0.009567423460735079,479452.4,75.30757217407226,0,6,9,2023,2,FFC.KA
2023-09-07 00:00:00+05:00,74.83777148928247,75.0583046019903,74.58573965510074,74.6251220703125,85963,0.0,0.0,0.0,-0.004622311122997158,0.009115255018566207,456841.3,75.29733314514161,0,7,9,2023,3,FFC.KA
2023-09-08 00:00:00+05:00,75.01891681850151,75.01891681850151,74.113175413661,74.60936737060547,115231,0.0,0.0,0.0,-0.0002111179086874415,0.00857476581545331,431601.1,75.23747596740722,0,8,9,2023,4,FFC.KA
2023-09-11 00:00:00+05:00,74.79839156042348,75.21581870279307,73.24681821319116,74.43609619140625,769241,0.0,0.0,0.0,-0.0023223783461201464,0.008579647753373816,470063.15,75.1689552307129,0,11,9,2023,0,FFC.KA
2023-09-12 00:00:00+05:00,74.94015513190182,74.94015513190182,74.23131379835786,74.40458679199219,368767,0.0,0.0,0.0,-0.00042330805921142467,0.007856350268380064,434819.5,75.04648361206054,0,12,9,2023,1,FFC.KA
2023-09-13 00:00:00+05:00,74.23131327726384,74.25494032006407,74.03441324204563,74.06591796875,67580,0.0,0.0,0.0,-0.004551719696918477,0.006400232784481452,401322.05,74.98898849487304,0,13,9,2023,2,FFC.KA
2023-09-14 00:00:00+05:00,74.81414467012246,74.81414467012246,73.87690447615783,73.9714126586914,94780,0.0,0.0,0.0,-0.0012759621786969655,0.005760540795606436,370425.45,74.8850254058838,0,14,9,2023,3,FFC.KA
2023-09-15 00:00:00+05:00,74.23131172719496,74.73537532611493,72.30956550074251,72.63248443603516,1874930,0.0,0.0,0.0,-0.01810061717807321,0.006864172972194623,439793.95,74.7172664642334,0,15,9,2023,4,FFC.KA
2023-09-18 00:00:00+05:00,72.76637973403686,73.01053386559089,72.73487500594723,72.84513854980469,160802,0.0,0.0,0.0,0.002927809993293229,0.006711050550078772,433666.5,74.5975513458252,0,18,9,2023,0,FFC.KA
2023-09-19 00:00:00+05:00,72.45921034562178,72.93176921131084,71.51409261424368,72.37257385253906,648119,0.0,0.0,0.0,-0.006487250991259019,0.00674338674466357,444208.1,74.4750789642334,0,19,9,2023,1,FFC.KA
2023-09-20 00:00:00+05:00,72.45921456738809,72.49071929479122,71.55347318351328,71.64798736572266,478148,0.0,0.0,0.0,-0.0100118932938984,0.0068482642549804375,455920.3,74.30101928710937,0,20,9,2023,2,FFC.KA
2023-09-21 00:00:00+05:00,71.67161890913165,73.10505104695777,71.2384363912806,72.51435089111328,616395,0.0,0.0,0.0,0.012091945039130358,0.007567909180468375,460668.1,74.18091049194337,0,21,9,2023,3,FFC.KA
2023-09-22 00:00:00+05:00,72.61673258031668,73.24681511389362,72.26231491074988,73.12079620361328,407623,0.0,0.0,0.0,0.008363107509720802,0.007768769060281832,461739.5,74.07340278625489,0,22,9,2023,4,FFC.KA
2023-09-25 00:00:00+05:00,73.2074297875568,73.24681219767956,72.51434383534627,72.73487091064453,215958,0.0,0.0,0.0,-0.005277914259769534,0.007611542382834545,442742.25,73.92415237426758,0,25,9,2023,0,FFC.KA
2023-09-26 00:00:00+05:00,72.69549981044857,73.04991749174917,72.45921735030646,72.5694808959961,390086,0.0,0.0,0.0,-0.0022738751382623823,0.007542833049877203,452645.95,73.79065437316895,0,26,9,2023,1,FFC.KA
2023-09-27 00:00:00+05:00,72.52222834857984,74.03441930066718,72.4592188900147,73.46734619140625,433998,0.0,0.0,0.0,0.01237249163593912,0.007681048996620869,454521.55,73.75127449035645,0,27,9,2023,2,FFC.KA
2023-09-28 00:00:00+05:00,73.46734619140625,73.46734619140625,73.46734619140625,73.46734619140625,0,0.0,0.0,0.0,0.0,0.007608318962973378,378028.95,73.69693031311036,0,28,9,2023,3,FFC.KA
2023-09-29 00:00:00+05:00,73.46734619140625,73.46734619140625,73.46734619140625,73.46734619140625,0,0.0,0.0,0.0,0.0,0.007546894158584523,374328.6,73.62959060668945,0,29,9,2023,4,FFC.KA
2023-10-02 00:00:00+05:00,73.23893916232596,73.64061693720623,72.45921666548634,72.884521484375,840346,0.0,0.0,0.0,-0.007933112290633204,0.007189522515805628,406027.4,73.49333572387695,0,2,10,2023,0,FFC.KA
2023-10-03 00:00:00+05:00,73.22319507811373,73.23894443894984,72.69550436086614,72.83727264404297,582701,0.0,0.0,0.0,-0.0006482698846030921,0.007075452171022868,410894.45,73.38228416442871,0,3,10,2023,1,FFC.KA
2023-10-04 00:00:00+05:00,73.23107517136502,73.3885928205583,72.86090208595637,73.065673828125,584293,0.0,0.0,0.0,0.003135773427407562,0.007150381589489937,436748.05,73.28698463439942,0,4,10,2023,2,FFC.KA
2023-10-05 00:00:00+05:00,73.42009311142535,74.03442031860045,73.00266595828907,73.84539794921875,587366,0.0,0.0,0.0,0.010671551773106414,0.007577206791677481,461818.2,73.24799842834473,0,5,10,2023,3,FFC.KA
2023-10-06 00:00:00+05:00,73.87690447615783,74.23132217848462,73.32558070608923,73.9714126586914,269334,0.0,0.0,0.0,0.001706466658346395,0.007593139906725931,469523.35,73.21610069274902,0,6,10,2023,4,FFC.KA
2023-10-09 00:00:00+05:00,74.03441127757215,76.02703861968088,73.40432877802799,75.90889739990234,648962,0.0,0.0,0.0,0.026192344739319973,0.00962006793681524,463509.4,73.28974075317383,0,9,10,2023,0,FFC.KA
2023-10-10 00:00:00+05:00,75.61749707329655,77.5786198936975,75.60961938878133,77.20056915283203,742707,0.0,0.0,0.0,0.0170160784463107,0.010251618457587673,482206.4,73.42953987121582,0,10,10,2023,1,FFC.KA
2023-10-11 00:00:00+05:00,77.18481764923665,79.15381809947229,77.18481764923665,78.8624038696289,1356403,0.0,0.0,0.0,0.02152619773446207,0.011018153839171351,546647.55,73.66936416625977,0,11,10,2023,2,FFC.KA
2023-10-12 00:00:00+05:00,78.7600158043815,81.4929893142195,78.7600158043815,81.05980682373047,2101321,0.0,0.0,0.0,0.02786375822038334,0.01225264756981493,646974.6,74.02378387451172,0,12,10,2023,3,FFC.KA
2023-10-13 00:00:00+05:00,80.7290202982166,81.12282039723227,79.90203768671859,80.87078857421875,1085609,0.0,0.0,0.0,-0.002331836910526408,0.011170757371128447,607508.55,74.43569908142089,0,13,10,2023,4,FFC.KA
2023-10-16 00:00:00+05:00,81.31971648155539,81.50086716219118,80.1383162421139,80.40609741210938,250939,0.0,0.0,0.0,-0.005746094112621503,0.011438798292442015,612015.4,74.81374702453613,0,16,10,2023,0,FFC.KA
2023-10-17 00:00:00+05:00,80.13832211262121,80.33522216695197,79.74452200395967,80.16194915771484,314718,0.0,0.0,0.0,-0.0030364395518810428,0.011281164684877738,595345.35,75.20321578979492,0,17,10,2023,1,FFC.KA
2023-10-18 00:00:00+05:00,79.94141905240183,80.35884619046126,79.8626602354135,80.31159210205078,133780,0.0,0.0,0.0,0.0018667578060198586,0.010738671703559933,578126.95,75.63639602661132,0,18,10,2023,2,FFC.KA
2023-10-19 00:00:00+05:00,80.3273461318037,80.41398263820133,79.84690950865784,80.34310150146484,220120,0.0,0.0,0.0,0.0003923393695648425,0.010695194390927846,558313.2,76.0278335571289,0,19,10,2023,3,FFC.KA
2023-10-20 00:00:00+05:00,80.3194698939208,82.61926100296827,80.17770161958705,82.25696563720703,1705183,0.0,0.0,0.0,0.02382113834262789,0.011467041884216326,623191.2,76.4846420288086,0,20,10,2023,4,FFC.KA
2023-10-23 00:00:00+05:00,81.51662079327438,84.7851628287969,81.51662079327438,84.22596740722656,2428982,0.0,0.0,0.0,0.02393720403818178,0.011814883736020425,733842.4,77.0591968536377,0,23,10,2023,0,FFC.KA
2023-10-24 00:00:00+05:00,83.80066283359598,84.27322175379736,82.30422124553107,83.45411682128906,517756,0.0,0.0,0.0,-0.00916404536151727,0.01220658790278338,740225.9,77.60342864990234,0,24,10,2023,1,FFC.KA
2023-10-25 00:00:00+05:00,82.74528571000465,84.23384979835782,80.3431083970183,80.65814971923828,1664284,0.0,0.0,0.0,-0.03350304584779373,0.015122228226540536,801740.2,77.96296882629395,0,25,10,2023,2,FFC.KA
2023-10-26 00:00:00+05:00,80.65026117442142,80.72901999214342,79.70513733501947,79.87841033935547,404980,0.0,0.0,0.0,-0.009667211343143856,0.015434608971237029,821989.2,78.28352203369141,0,26,10,2023,3,FFC.KA
2023-10-27 00:00:00+05:00,79.90203218861731,79.94141459937403,79.31133208074017,79.50823211669922,421285,0.0,0.0,0.0,-0.0046342712766013205,0.015537085420882878,843053.45,78.58556632995605,0,27,10,2023,4,FFC.KA
2023-10-30 00:00:00+05:00,79.54762414529309,80.8077833260102,79.54762414529309,80.7447738647461,258814,0.0,0.0,0.0,0.015552373825038934,0.015469252903812602,813976.85,78.97857894897462,0,30,10,2023,0,FFC.KA
2023-10-31 00:00:00+05:00,80.34310118206432,81.8946745973101,80.33522349726505,81.41423797607422,536234,0.0,0.0,0.0,0.008291113830469543,0.015418999025095264,811653.5,79.40742721557618,0,31,10,2023,1,FFC.KA
2023-11-01 00:00:00+05:00,81.50873502968612,81.91829045855101,80.81564908479977,81.10706329345703,408883,0.0,0.0,0.0,-0.003772984802823509,0.015556120531545984,802883.0,79.80949668884277,0,1,11,2023,2,FFC.KA
2023-11-02 00:00:00+05:00,81.13069200123596,82.43023343237401,81.1228143173505,82.18607330322266,725751,0.0,0.0,0.0,0.013303527041308438,0.015614539521528673,809802.25,80.22653045654297,0,2,11,2023,3,FFC.KA
2023-11-03 00:00:00+05:00,83.88924672087235,83.88924672087235,82.58730822357815,83.07860565185547,409646,3.98,0.0,0.0,0.010859897702373944,0.015632229336283186,816817.85,80.68189010620117,0,3,11,2023,4,FFC.KA
2023-11-06 00:00:00+05:00,83.42250404683453,83.63540186629481,83.12772437286955,83.53713989257812,236650,0.0,0.0,0.0,0.005519281855116409,0.014888263508415017,796202.25,81.06330223083496,0,6,11,2023,0,FFC.KA
2023-11-07 00:00:00+05:00,83.53714651885834,83.9301881977166,83.31606486944062,83.56990051269531,2184784,0.0,0.0,0.0,0.00039216832368582644,0.014638461805552809,868306.1,81.38176879882812,0,7,11,2023,1,FFC.KA
2023-11-08 00:00:00+05:00,83.11136316807217,84.33960991439837,83.11136316807217,83.52896881103516,1554408,0.0,0.0,0.0,-0.0004897900010535361,0.014073861759177193,878206.35,81.61509704589844,0,8,11,2023,2,FFC.KA
2023-11-09 00:00:00+05:00,83.52896881103516,83.52896881103516,83.52896881103516,83.52896881103516,0,0.0,0.0,0.0,0.0,0.01280183042779588,773140.3,81.73855514526367,0,9,11,2023,3,FFC.KA
2023-11-10 00:00:00+05:00,84.01206607377416,86.10008778974563,83.97112826880891,85.1748046875,2359039,0.0,0.0,0.0,0.019703773432043326,0.013382554484061619,836811.8,81.95375595092773,0,10,11,2023,4,FFC.KA
2023-11-13 00:00:00+05:00,85.97727238591133,87.61493471707155,85.45322093971494,87.34471893310547,3194930,0.0,0.0,0.0,0.025476010817597095,0.01414697356783643,984011.35,82.30068702697754,0,13,11,2023,0,FFC.KA
2023-11-14 00:00:00+05:00,87.61492737704148,87.6886191771208,86.18197295732351,86.72240447998047,1696846,0.0,0.0,0.0,-0.007124809155337863,0.014286534844514507,1053117.75,82.62870979309082,0,14,11,2023,1,FFC.KA
2023-11-15 00:00:00+05:00,86.98443301214786,87.32834058474857,86.1983496359381,86.6077651977539,1503877,0.0,0.0,0.0,-0.0013219107901122351,0.014329767081971237,1121622.6,82.94351844787597,0,15,11,2023,2,FFC.KA
2023-11-16 00:00:00+05:00,86.79609450853825,87.81963335887478,85.97726342826901,86.98442840576172,2937260,0.0,0.0,0.0,0.004349069706945707,0.01430639772471299,1257479.6,83.27558479309081,0,16,11,2023,3,FFC.KA
2023-11-17 00:00:00+05:00,87.45116503083361,87.61492875392932,85.97726653422971,86.24748229980469,686877,0.0,0.0,0.0,-0.008472161276031565,0.013773075361375146,1206564.3,83.4751106262207,0,17,11,2023,4,FFC.KA
2023-11-20 00:00:00+05:00,86.08371389485647,87.20551478473618,85.97726809762722,86.94348907470703,851699,0.0,0.0,0.0,0.008069879332627483,0.012900266414994015,1127700.15,83.61098670959473,0,20,11,2023,0,FFC.KA
2023-11-21 00:00:00+05:00,87.20551169879064,88.02434279455393,86.14102877542416,86.38668060302734,904403,0.0,0.0,0.0,-0.00640425726647853,0.012792608911008698,1147032.5,83.75761489868164,0,21,11,2023,1,FFC.KA
2023-11-22 00:00:00+05:00,86.79610733425875,88.43376973679194,86.79610733425875,87.67225646972656,2850518,0.0,0.0,0.0,0.014881644458673238,0.010043389192795049,1206344.2,84.10832023620605,0,22,11,2023,2,FFC.KA
2023-11-23 00:00:00+05:00,87.70500184433969,89.17071030016172,87.49210400373019,88.85955047607422,2699952,0.0,0.0,0.0,0.013542414147372117,0.009688255689346508,1321092.8,84.557377243042,0,23,11,2023,3,FFC.KA
2023-11-24 00:00:00+05:00,88.96600375126663,90.88206560171346,88.76129596824354,90.65279388427734,5505692,0.0,0.0,0.0,0.020180649109697635,0.009923571229688564,1575313.15,85.1146053314209,0,24,11,2023,4,FFC.KA
2023-11-27 00:00:00+05:00,91.30785854615529,92.21676157525134,90.84930887787102,91.6026382446289,1663813,0.0,0.0,0.0,0.010477827760764669,0.009746645828481084,1645563.1,85.65749855041504,0,27,11,2023,0,FFC.KA
2023-11-28 00:00:00+05:00,91.70909519907956,92.09394686598264,90.97214586322112,91.39794158935547,1056047,0.0,0.0,0.0,-0.0022346152817868115,0.009920257688751002,1671553.75,86.1566837310791,0,28,11,2023,1,FFC.KA
2023-11-29 00:00:00+05:00,90.98032144578421,91.98748017185498,90.84930547484326,91.48799896240234,953727,0.0,0.0,0.0,0.0009853326177902133,0.009732691651758097,1698795.95,86.67573051452636,0,29,11,2023,2,FFC.KA
2023-11-30 00:00:00+05:00,91.70089543391033,94.49311255341352,91.29966993408463,91.96292114257812,2838100,0.0,0.0,0.0,0.0051910871979061746,0.009583914402522032,1804413.4,87.16457290649414,0,30,11,2023,3,FFC.KA
2023-12-01 00:00:00+05:00,92.1267010627221,92.93734221032244,91.91380319919554,92.4296646118164,1007777,0.0,0.0,0.0,0.005075344099984003,0.00950630649428467,1834319.95,87.63212585449219,0,1,12,2023,4,FFC.KA
2023-12-04 00:00:00+05:00,92.81451306027087,93.87899609379569,92.6098052651458,93.16661071777344,1059661,0.0,0.0,0.0,0.00797304749565031,0.009523882786955875,1875470.5,88.11359939575195,0,4,12,2023,0,FFC.KA
2023-12-05 00:00:00+05:00,93.34674599228101,93.51050971444587,92.28226305665271,92.88001251220703,1091872,0.0,0.0,0.0,-0.003076190100277376,0.009652730983985548,1820824.9,88.57910499572753,0,5,12,2023,1,FFC.KA
2023-12-06 00:00:00+05:00,91.73364962823867,93.87898941757011,91.73364962823867,93.13385009765625,791006,0.0,0.0,0.0,0.0027329624381333684,0.009576906625099533,1782654.8,89.0593490600586,0,6,12,2023,2,FFC.KA
2023-12-07 00:00:00+05:00,93.83804693313036,94.5749962049437,92.93733393299662,93.8298568725586,1350589,0.0,0.0,0.0,0.007473188042505852,0.009496461677074228,1850184.25,89.57439346313477,0,7,12,2023,3,FFC.KA
2023-12-08 00:00:00+05:00,94.16557875694637,97.03148767563604,94.16557875694637,95.38563537597656,4249105,0.0,0.0,0.0,0.01658084702751972,0.009280309304332988,1944687.55,90.08493499755859,0,8,12,2023,4,FFC.KA
2023-12-11 00:00:00+05:00,95.39382225601273,99.68449543059056,95.06628856964511,98.89022827148438,3804972,0.0,0.0,0.0,0.03674130681935428,0.010765649884806798,1975189.65,90.66221046447754,0,11,12,2023,0,FFC.KA
2023-12-12 00:00:00+05:00,99.0785617643385,99.89739285329998,97.64560735865592,98.17784881591797,1339699,0.0,0.0,0.0,-0.007203739621377991,0.010770836131912062,1957332.3,91.23498268127442,0,12,12,2023,1,FFC.KA
2023-12-13 00:00:00+05:00,98.17785152857941,98.6691489460938,94.82064522051459,95.09904479980469,1688346,0.0,0.0,0.0,-0.03135945687591901,0.013607001342382252,1966555.75,91.65954666137695,0,13,12,2023,2,FFC.KA
2023-12-14 00:00:00+05:00,94.98440844993533,97.35901991062083,94.57499289627181,97.15431213378906,1070692,0.0,0.0,0.0,0.02161186096359824,0.014116526861385531,1873227.35,92.16804084777831,0,14,12,2023,3,FFC.KA
2023-12-15 00:00:00+05:00,97.35902076532427,99.0785648563696,97.11336893209538,98.73465728759766,1164771,0.0,0.0,0.0,0.016266340825225933,0.013897175668487614,1897122.05,92.79239959716797,0,15,12,2023,4,FFC.KA
2023-12-18 00:00:00+05:00,99.2013988154913,99.2013988154913,96.50744348066745,96.8022232055664,527324,0.0,0.0,0.0,-0.01957199361519424,0.015095007097572659,1880903.3,93.28533630371093,0,18,12,2023,0,FFC.KA
2023-12-19 00:00:00+05:00,97.031488499427,97.031488499427,93.55145621147287,94.18195343017578,1106095,0.0,0.0,0.0,-0.02706828096113345,0.016585782083955936,1890987.9,93.67509994506835,0,19,12,2023,1,FFC.KA
2023-12-20 00:00:00+05:00,94.16557898937026,94.98441011101696,91.58625970674602,93.45319366455078,1436987,0.0,0.0,0.0,-0.007737785627533023,0.01660891896049708,1820311.35,93.96414680480957,0,20,12,2023,2,FFC.KA
2023-12-21 00:00:00+05:00,93.83804042339864,93.87898447623127,91.95473268961979,92.65892791748047,555717,0.0,0.0,0.0,-0.008499075482870322,0.016626811088280923,1713099.6,94.15411567687988,0,21,12,2023,3,FFC.KA
2023-12-22 00:00:00+05:00,92.71624970051751,93.34674690894785,91.70908468247508,92.01205444335938,397211,0.0,0.0,0.0,-0.0069812320157338625,0.01618662878205542,1457675.55,94.22207870483399,0,22,12,2023,4,FFC.KA
2023-12-25 00:00:00+05:00,92.01205444335938,92.01205444335938,92.01205444335938,92.01205444335938,0,0.0,0.0,0.0,0.0,0.016028042930092534,1374484.9,94.2425495147705,0,25,12,2023,0,FFC.KA
2023-12-26 00:00:00+05:00,92.51972851973595,92.51972851973595,89.25259402881076,89.90766143798828,2907638,0.0,0.0,0.0,-0.022870840327410713,0.016846194338415176,1467064.45,94.16803550720215,0,26,12,2023,1,FFC.KA
2023-12-27 00:00:00+05:00,89.25258903477848,90.97213307867197,88.84317348874738,90.57090759277344,3281503,0.0,0.0,0.0,0.007376970373571767,0.016939952059565944,1583453.25,94.1221809387207,0,27,12,2023,2,FFC.KA
2023-12-28 00:00:00+05:00,90.89025380781567,92.85544973417853,90.57091017259009,91.23416137695312,2564222,0.0,0.0,0.0,0.007323033431019921,0.016983421890709692,1569759.35,94.08574295043945,0,28,12,2023,3,FFC.KA
2023-12-29 00:00:00+05:00,91.46343172616157,93.26486390146555,91.46343172616157,92.6834945678711,2292219,0.0,0.0,0.0,0.015885860833747767,0.017330669692764346,1633981.45,94.09843444824219,0,29,12,2023,4,FFC.KA
2024-01-01 00:00:00+05:00,92.92096257103469,95.18912213023634,92.92096257103469,94.9680404663086,1015897,0.0,0.0,0.0,0.024648896862262237,0.01810415971651601,1631793.25,94.18850593566894,0,1,1,2024,0,FFC.KA
2024-01-02 00:00:00+05:00,95.80324249268429,95.80324249268429,94.17377028838825,95.2464370727539,1493329,0.0,0.0,0.0,0.002931476790279497,0.018080807954319225,1651866.1,94.30682716369628,0,2,1,2024,1,FFC.KA
2024-01-03 00:00:00+05:00,95.72135883892207,98.25973405250808,95.1236093746743,97.63742065429688,1731439,0.0,0.0,0.0,0.025103128841623912,0.018842574825640043,1698887.75,94.53200569152833,0,3,1,2024,2,FFC.KA
2024-01-04 00:00:00+05:00,98.9966875146434,100.10210832027676,98.25973822849252,98.49720001220703,1555011,0.0,0.0,0.0,0.008805838500735907,0.01886331082093435,1709108.85,94.76537284851074,0,4,1,2024,3,FFC.KA
2024-01-05 00:00:00+05:00,98.50538878454645,99.16044994919038,96.21265909032813,97.02330017089844,983207,0.0,0.0,0.0,-0.01496387553276568,0.018951301080010464,1545813.95,94.84725608825684,0,5,1,2024,4,FFC.KA
2024-01-08 00:00:00+05:00,97.56372548335969,98.95573583549405,96.62206848176976,97.20343780517578,1460218,0.0,0.0,0.0,0.0018566430327564554,0.01699513821893812,1428576.25,94.7629165649414,0,8,1,2024,0,FFC.KA
2024-01-09 00:00:00+05:00,97.93220930515547,98.64459469111989,96.66302470597874,97.30171203613281,656869,0.0,0.0,0.0,0.001011016000833198,0.01692939073335101,1394434.75,94.71910972595215,0,9,1,2024,1,FFC.KA
2024-01-10 00:00:00+05:00,97.1952527323949,97.76843827229766,96.61388337915744,96.85953521728516,830443,0.0,0.0,0.0,-0.0045443888868414994,0.015327090606158772,1351539.6,94.80713424682617,0,10,1,2024,2,FFC.KA
2024-01-11 00:00:00+05:00,96.86772249566172,97.62104561507805,96.25359916516645,97.15431213378906,524471,0.0,0.0,0.0,0.0030433443216781875,0.014557770620170246,1324228.55,94.80713424682617,0,11,1,2024,3,FFC.KA
2024-01-12 00:00:00+05:00,97.43270760577296,97.85031320212362,96.54018473504689,96.63025665283203,1048863,0.0,0.0,0.0,-0.005394052713124764,0.014090035838081662,1318433.15,94.7019142150879,0,12,1,2024,4,FFC.KA
2024-01-15 00:00:00+05:00,97.43271188159433,97.89126155058355,96.54837903199953,96.69576263427734,1444701,0.0,0.0,0.0,0.0006779034198434175,0.013394280699929673,1364302.0,94.69659118652343,0,15,1,2024,0,FFC.KA
2024-01-16 00:00:00+05:00,97.40814892244146,97.40814892244146,95.7622966281645,96.48287200927734,629325,0.0,0.0,0.0,-0.002201654128373698,0.011806472255869884,1340463.5,94.81163711547852,0,16,1,2024,1,FFC.KA
2024-01-17 00:00:00+05:00,95.80323591106685,96.62206698722981,95.76229185838457,95.86874389648438,698466,0.0,0.0,0.0,-0.006365151658564994,0.011755210074397287,1303537.45,94.93241462707519,0,17,1,2024,2,FFC.KA
2024-01-18 00:00:00+05:00,96.27816889866625,96.27816889866625,94.9025323056006,95.60672760009766,474281,0.0,0.0,0.0,-0.0027330732179993156,0.011570400563584271,1299465.65,95.07980461120606,0,18,1,2024,3,FFC.KA
2024-01-19 00:00:00+05:00,95.80324267733629,96.66301786690464,95.80324267733629,96.41736602783203,409948,0.0,0.0,0.0,0.008478884782304297,0.011480869995846674,1300102.5,95.3000701904297,0,19,1,2024,4,FFC.KA
2024-01-22 00:00:00+05:00,96.69576927114146,97.52279049696027,96.4337435482426,97.38359069824219,317007,0.0,0.0,0.0,0.010021272206619303,0.011588627653725345,1315952.85,95.56864700317382,0,22,1,2024,0,FFC.KA
2024-01-23 00:00:00+05:00,97.5637229437497,98.12871213224848,96.62206596667136,97.69473266601562,2605017,0.0,0.0,0.0,0.003195014329853141,0.00987653013841467,1300821.8,95.9580005645752,0,23,1,2024,1,FFC.KA
2024-01-24 00:00:00+05:00,97.69474538690908,98.29249489278926,96.21266296082484,96.37642669677734,1769486,0.0,0.0,0.0,-0.013494135592193146,0.01060016907384142,1225220.95,96.24827651977539,0,24,1,2024,2,FFC.KA
2024-01-25 00:00:00+05:00,96.62207321762678,97.35902248313056,96.45830949070847,96.66301727294922,2291175,0.0,0.0,0.0,0.002973658455646566,0.010554877951395503,1211568.6,96.5197193145752,0,25,1,2024,3,FFC.KA
2024-01-26 00:00:00+05:00,97.34264704029215,97.51460083597597,93.96906662503369,94.29660034179688,2000174,0.0,0.0,0.0,-0.02448109936885423,0.011743087028885844,1196966.35,96.60037460327149,0,26,1,2024,4,FFC.KA
2024-01-29 00:00:00+05:00,94.57499605843624,94.6159401140458,93.06834976922806,93.31399536132812,1410951,0.0,0.0,0.0,-0.010420364858405362,0.01057491415143077,1216719.05,96.51767234802246,0,29,1,2024,0,FFC.KA
2024-01-30 00:00:00+05:00,93.34674341677348,93.91992267572161,91.74183524453329,92.39689636230469,2273164,0.0,0.0,0.0,-0.00982809701237497,0.0107202517879462,1255710.8,96.3751953125,0,30,1,2024,1,FFC.KA
2024-01-31 00:00:00+05:00,92.1185059040903,93.55146044037615,92.1185059040903,92.91277313232422,2834118,0.0,0.0,0.0,0.005583269463907969,0.00891005705774564,1310844.75,96.13896293640137,0,31,1,2024,2,FFC.KA
2024-02-01 00:00:00+05:00,93.10109109452374,93.75615845597235,92.73261960819974,93.29761505126953,986980,0.0,0.0,0.0,0.0041419700001552595,0.00865772807267429,1282443.2,95.8789836883545,0,1,2,2024,3,FFC.KA
2024-02-02 00:00:00+05:00,93.34673728468871,93.55144504189198,92.54428012769053,93.23210144042969,596889,0.0,0.0,0.0,-0.0007022002738638067,0.008165373456774714,1263127.3,95.68942375183106,0,2,2,2024,4,FFC.KA
2024-02-06 00:00:00+05:00,92.62617444735181,94.00181091800702,92.59342045433795,92.73262023925781,3839057,0.0,0.0,0.0,-0.005357395075890392,0.008147263326015276,1382069.25,95.46588287353515,0,6,2,2024,1,FFC.KA
2024-02-07 00:00:00+05:00,93.10109468363302,93.22392059953783,92.74899705653823,92.95370483398438,670013,0.0,0.0,0.0,0.00238410813968315,0.008182517123110704,1382726.45,95.24848251342773,0,7,2,2024,2,FFC.KA
2024-02-08 00:00:00+05:00,92.95370483398438,92.95370483398438,92.95370483398438,92.95370483398438,0,0.0,0.0,0.0,0.0,0.008178578991187683,1341204.3,95.05319099426269,0,8,2,2024,3,FFC.KA
2024-02-09 00:00:00+05:00,92.05298857358638,93.01920949849634,90.07141885803411,92.20037841796875,1663532,0.0,0.0,0.0,-0.008104318352464501,0.00819491228388475,1398157.35,94.80549430847168,0,9,2,2024,4,FFC.KA
2024-02-12 00:00:00+05:00,91.91378907766486,92.69167610773309,91.3242296982852,92.07755279541016,904332,0.0,0.0,0.0,-0.001332159636067809,0.008171834702756368,1390930.8,94.57785911560059,0,12,2,2024,0,FFC.KA
2024-02-13 00:00:00+05:00,91.70908138451986,92.85544615126345,91.01307621273514,92.73262023925781,311896,0.0,0.0,0.0,0.007114301194593775,0.00842144798765075,1334290.55,94.37970199584962,0,13,2,2024,1,FFC.KA
2024-02-14 00:00:00+05:00,92.89638382246751,93.34674341677348,91.70908125156691,92.39689636230469,424317,0.0,0.0,0.0,-0.0036203428317557185,0.008428707961698775,1324040.15,94.17540321350097,0,14,2,2024,2,FFC.KA
2024-02-15 00:00:00+05:00,92.51972148236992,92.52791154233776,90.76742348036949,91.15227508544922,828170,0.0,0.0,0.0,-0.013470379697334112,0.008759960337572243,1330525.35,93.93957977294922,0,15,2,2024,3,FFC.KA
2024-02-16 00:00:00+05:00,91.17684235097788,91.61901189762465,88.85954882301235,89.4572982788086,1358006,0.0,0.0,0.0,-0.01859500275831505,0.009472868154073904,1374711.6,93.63210830688476,0,16,2,2024,4,FFC.KA
2024-02-19 00:00:00+05:00,88.84318382909709,89.86672281330327,88.4337682354146,89.30172729492188,309586,0.0,0.0,0.0,-0.0017390530105420021,0.009072634105678318,1369693.5,93.27632637023926,0,19,2,2024,0,FFC.KA
2024-02-20 00:00:00+05:00,89.25258588801772,90.47264242296315,88.63846259062309,89.3590316772461,798244,0.0,0.0,0.0,0.0006416939969702273,0.008548609341022348,1393755.35,92.87509841918946,0,20,2,2024,1,FFC.KA
2024-02-21 00:00:00+05:00,90.07143202228944,90.38258562937939,89.00694896315152,89.48187255859375,602733,0.0,0.0,0.0,0.0013746890386114874,0.0084744780937357,1293641.15,92.46445541381836,0,21,2,2024,2,FFC.KA
2024-02-22 00:00:00+05:00,89.9076665622354,90.48903595360208,89.17890730776266,90.07962036132812,1458865,0.0,0.0,0.0,0.00668009939491343,0.008528827898106802,1278110.1,92.1496150970459,0,22,2,2024,3,FFC.KA
2024-02-23 00:00:00+05:00,90.07142037517916,93.73978642649351,90.07142037517916,92.71624755859375,1496539,0.0,0.0,0.0,0.029269963468868676,0.011170769627858335,1238378.3,91.95227661132813,0,23,2,2024,4,FFC.KA
2024-02-26 00:00:00+05:00,93.26487218906045,93.34675405721728,92.11850729330652,92.43785095214844,360446,0.0,0.0,0.0,-0.003002673358511121,0.009852768417598051,1156391.9,91.85933914184571,0,26,2,2024,0,FFC.KA
2024-02-27 00:00:00+05:00,92.52791051870153,92.93732605197013,92.3641468042682,92.4787826538086,221420,0.0,0.0,0.0,0.00044280239359251183,0.009599330736823642,1096915.35,91.81757850646973,0,27,2,2024,1,FFC.KA
2024-02-28 00:00:00+05:00,93.00284011411689,96.6220721653944,92.33139884556684,96.04070281982422,2079428,0.0,0.0,0.0,0.038516079729872255,0.012690825745930298,1087228.55,91.9997688293457,0,28,2,2024,2,FFC.KA
2024-02-29 00:00:00+05:00,96.62207369919561,99.52892672037622,96.04889440493909,97.71112060546875,3414841,0.0,0.0,0.0,0.017392810929115043,0.013132810258954094,1116264.7,92.23968620300293,0,29,2,2024,3,FFC.KA
2024-03-01 00:00:00+05:00,97.76844108460568,98.66915410500674,96.86772806420464,98.37437438964844,637892,0.0,0.0,0.0,0.006787904795992672,0.013162436520986615,1098810.3,92.49352416992187,0,1,3,2024,4,FFC.KA
2024-03-04 00:00:00+05:00,98.751028431183,99.03761806390361,97.44089993361354,97.73567962646484,388961,0.0,0.0,0.0,-0.006492491232054087,0.013304905704416213,1088413.9,92.71870307922363,0,4,3,2024,0,FFC.KA
2024-03-05 00:00:00+05:00,98.2597413059691,98.2597413059691,96.62207895086962,97.24439239501953,409390,0.0,0.0,0.0,-0.005026692742332806,0.013294901011509586,916930.55,92.94429168701171,0,5,3,2024,1,FFC.KA
2024-03-06 00:00:00+05:00,97.44090528177693,97.44090528177693,96.62207414495528,96.9496078491211,118534,0.0,0.0,0.0,-0.0030313783513704617,0.013351578111919171,889356.6,93.14408683776855,0,6,3,2024,2,FFC.KA
2024-03-07 00:00:00+05:00,96.50743765546932,96.98236121104965,96.13077608465291,96.54019165039062,470451,0.0,0.0,0.0,-0.004222979420067663,0.013421250083897664,912879.15,93.32341117858887,0,7,3,2024,3,FFC.KA
2024-03-08 00:00:00+05:00,96.2290345073449,96.82678399876293,95.80324505585845,95.9096908569336,287027,0.0,0.0,0.0,-0.006530966871707844,0.01336352286869701,844053.9,93.50887680053711,0,8,3,2024,4,FFC.KA
2024-03-11 00:00:00+05:00,96.2126559481372,96.90866114598447,96.2126559481372,96.60569763183594,453500,0.0,0.0,0.0,0.007256897282054142,0.01338683784794613,821512.3,93.7352840423584,0,11,3,2024,0,FFC.KA
2024-03-12 00:00:00+05:00,96.5074368301101,96.86772452397744,96.00794934440698,96.11439514160156,124947,0.0,0.0,0.0,-0.005085647143781569,0.013442741534247503,812164.85,93.90437278747558,0,12,3,2024,1,FFC.KA
2024-03-13 00:00:00+05:00,96.11439190286055,97.03148498035362,95.76229428131447,96.0161361694336,222341,0.0,0.0,0.0,-0.0010223127557865697,0.013399302931042049,802066.05,94.08533477783203,0,13,3,2024,2,FFC.KA
2024-03-14 00:00:00+05:00,96.94960985930437,97.3180813796398,96.21266057144759,96.88410186767578,267056,0.0,0.0,0.0,0.009039789902715256,0.012969301719523737,774010.35,94.37192611694336,0,14,3,2024,3,FFC.KA
2024-03-15 00:00:00+05:00,96.21265182076696,96.99053884725222,95.72135442260864,96.40098571777344,991183,0.0,0.0,0.0,-0.004986536909452721,0.012097026632437282,755669.2,94.7191104888916,0,15,3,2024,4,FFC.KA
2024-03-18 00:00:00+05:00,96.45831365761313,98.71828317320558,96.25360586652921,98.35800170898438,855092,0.0,0.0,0.0,0.020300788178041707,0.012559652911515022,782944.5,95.17192420959472,0,18,3,2024,0,FFC.KA
2024-03-19 00:00:00+05:00,98.34161055759301,100.50332408921335,98.34161055759301,99.71724700927734,2268635,0.0,0.0,0.0,0.013819366769107555,0.012668847762907172,856464.05,95.6898349761963,0,19,3,2024,1,FFC.KA
2024-03-20 00:00:00+05:00,99.97927671820047,101.7643287778295,99.97927671820047,101.5350570678711,3207061,0.0,0.0,0.0,0.018229645453655907,0.01293266338290824,986680.45,96.29249420166016,0,20,3,2024,2,FFC.KA
2024-03-21 00:00:00+05:00,102.44963359523199,104.58364521351297,102.08549594860683,103.00006866455078,1112002,4.1,0.0,0.0,0.014428628288458034,0.013056438476638635,969337.3,96.93851661682129,0,21,3,2024,3,FFC.KA
2024-03-22 00:00:00+05:00,103.31340411695079,103.31340411695079,102.04315734502107,102.58512878417969,226320,0.0,0.0,0.0,-0.004028539842264256,0.01213116040170702,905826.35,97.43196067810058,0,22,3,2024,4,FFC.KA
2024-03-26 00:00:00+05:00,103.31340926520363,108.18268880024397,103.31340926520363,107.77620697021484,3355357,0.0,0.0,0.0,0.050602638487262874,0.01564926601871936,1055571.9,98.19887847900391,0,26,3,2024,1,FFC.KA
2024-03-27 00:00:00+05:00,108.39438153924836,109.83399183474306,108.18267376280451,108.94481658935547,4035570,0.0,0.0,0.0,0.010842927692413351,0.015563805057476158,1246279.4,99.02218017578124,0,27,3,2024,2,FFC.KA
2024-03-28 00:00:00+05:00,109.24122266445374,110.46912529612587,108.39439148100837,108.83474731445312,14651169,0.0,0.0,0.0,-0.0010103213567032032,0.013956859542910241,1874866.45,99.6618824005127,0,28,3,2024,3,FFC.KA
2024-03-29 00:00:00+05:00,108.86015952323555,108.90250366996274,106.70073725634282,106.91244506835938,688287,0.0,0.0,0.0,-0.017662578299003084,0.014681217295145035,1738538.75,100.12194862365723,0,29,3,2024,4,FFC.KA
2024-04-01 00:00:00+05:00,106.91243441060894,107.12414220152104,105.76921363184542,106.42974090576172,578543,0.0,0.0,0.0,-0.004514948304559119,0.01480996743773084,1735571.3,100.52471694946288,0,1,4,2024,0,FFC.KA
2024-04-02 00:00:00+05:00,106.6922554236527,107.88629045355025,105.7692125657679,107.42900085449219,1102039,0.0,0.0,0.0,0.009388916483553889,0.014640008163634479,1771225.2,101.00938301086425,0,2,4,2024,1,FFC.KA
2024-04-03 00:00:00+05:00,107.54755819375632,108.01331791986392,107.03946078579014,107.4205322265625,1134308,0.0,0.0,0.0,-7.882999806685387e-05,0.014505702543909321,1807471.1,101.5181900024414,0,3,4,2024,2,FFC.KA
2024-04-04 00:00:00+05:00,107.5560292333425,108.39439028668956,106.81081366520367,107.09873962402344,694820,0.0,0.0,0.0,-0.0029956340363345157,0.014504651850951934,1836285.4,102.02564659118653,0,4,4,2024,3,FFC.KA
2024-04-08 00:00:00+05:00,107.12413903326038,114.0681517854802,107.12413903326038,112.34062194824219,3250425,0.0,0.0,0.0,0.04894438853921801,0.017309274706837293,1975284.1,102.8156681060791,0,8,4,2024,0,FFC.KA
2024-04-09 00:00:00+05:00,111.79865492449797,120.76659393310547,111.79865492449797,120.76659393310547,3786880,0.0,0.0,0.0,0.07500378615266445,0.02257134531774444,2150276.75,104.05851325988769,0,9,4,2024,1,FFC.KA
2024-04-15 00:00:00+05:00,122.26549185425574,123.55266596482942,118.81041903413042,121.52873992919922,4881164,0.0,0.0,0.0,0.006310900815136966,0.02258240737352485,2371659.95,105.30466537475586,0,15,4,2024,0,FFC.KA
2024-04-16 00:00:00+05:00,122.11304986671809,124.48417968310075,118.47167331887523,118.75112915039062,3382388,0.0,0.0,0.0,-0.022855587743498273,0.02360708183375394,2534532.0,106.4365020751953,0,16,4,2024,1,FFC.KA
2024-04-17 00:00:00+05:00,118.55635420933551,119.82660086157838,117.28610755709263,117.50627899169922,898888,0.0,0.0,0.0,-0.010482849027185992,0.023950575390608107,2568359.35,107.5110092163086,0,17,4,2024,2,FFC.KA
2024-04-18 00:00:00+05:00,118.03132166229432,118.55635280408067,115.50775570618609,117.90428924560547,1564517,0.0,0.0,0.0,0.0033871403070671047,0.024000954879406608,2633232.4,108.56201858520508,0,18,4,2024,3,FFC.KA
2024-04-19 00:00:00+05:00,117.90430466925248,120.03832291694022,117.37080979854457,119.57256317138672,1457153,0.0,0.0,0.0,0.014149391310998682,0.023746606002975415,2656530.9,109.72059745788575,0,19,4,2024,4,FFC.KA
2024-04-22 00:00:00+05:00,119.99596887464098,121.94368306345017,119.22534944298233,120.68190002441406,2153745,0.0,0.0,0.0,0.009277520056480748,0.023649271251440618,2721463.55,110.83679237365723,0,22,4,2024,0,FFC.KA
2024-04-23 00:00:00+05:00,121.1815356225926,121.51179923484769,119.46246952269857,120.31776428222656,903225,0.0,0.0,0.0,-0.003017318604644381,0.023825319769836432,2653193.05,111.86681823730468,0,23,4,2024,1,FFC.KA
2024-04-24 00:00:00+05:00,120.66497111013359,122.70582429177202,119.7842595079903,120.41091918945312,3602518,0.0,0.0,0.0,0.0007742406766140242,0.02381597235420191,2672965.9,112.81061134338378,0,24,4,2024,2,FFC.KA
2024-04-25 00:00:00+05:00,120.63109222392978,121.09685193106509,120.03831301558375,120.68190002441406,935937,0.0,0.0,0.0,0.002250467289719671,0.0238207944282807,2664162.65,113.69470291137695,0,25,4,2024,3,FFC.KA
2024-04-26 00:00:00+05:00,120.28388688938044,128.29491498941255,120.12299983035108,124.67047882080078,3468073,0.0,0.0,0.0,0.03305034802716755,0.024256714455875506,2826250.3,114.79897041320801,0,26,4,2024,4,FFC.KA
2024-04-29 00:00:00+05:00,125.07695119858465,127.36339258998127,120.92748396685069,122.55339813232422,4646319,0.0,0.0,0.0,-0.016981411385446066,0.02298699902020246,2890798.4,115.53782997131347,0,29,4,2024,0,FFC.KA
2024-04-30 00:00:00+05:00,122.79051759082537,125.11930326927205,122.6211539439892,123.33248901367188,2832211,0.0,0.0,0.0,0.006357154458552339,0.022966210304595003,2830630.45,116.2572135925293,0,30,4,2024,1,FFC.KA
2024-05-02 00:00:00+05:00,123.33249994161203,123.42565189386839,120.88515820137025,121.40172576904297,3072687,0.0,0.0,0.0,-0.01565494428977976,0.023445536108642428,2251706.35,116.88556251525878,0,2,5,2024,3,FFC.KA
2024-05-03 00:00:00+05:00,121.94367817965069,124.27246370044263,121.52026263041579,123.69662475585938,2823345,0.0,0.0,0.0,0.01890334731470178,0.02294553933512239,2358459.25,117.72477149963379,0,3,5,2024,4,FFC.KA
2024-05-06 00:00:00+05:00,124.48419039648537,128.1255672577132,124.48419039648537,127.00774383544922,3430657,0.0,0.0,0.0,0.02676806328487147,0.0231444223281225,2501064.95,118.75367164611816,0,6,5,2024,0,FFC.KA
2024-05-07 00:00:00+05:00,127.02468156402337,127.87151277445018,126.22019449844164,126.55892181396484,1106218,0.0,0.0,0.0,-0.0035338161904983068,0.023316412066169852,2501273.9,119.7101676940918,0,7,5,2024,1,FFC.KA
2024-05-08 00:00:00+05:00,126.26252317386609,129.0570554885993,125.33946744716143,127.9138412475586,9933330,0.0,0.0,0.0,0.010705838941844181,0.023232641729890553,2941225.0,120.73483314514161,0,8,5,2024,2,FFC.KA
2024-05-09 00:00:00+05:00,128.0456766206192,128.0456766206192,124.4424774933203,125.19827270507812,3508992,5.5,0.0,0.0,-0.021229669252328054,0.02407152626115861,3081933.6,121.63980979919434,0,9,5,2024,3,FFC.KA
2024-05-10 00:00:00+05:00,125.23340998631636,126.45498446662916,125.23340998631636,125.74313354492188,542503,0.0,0.0,0.0,0.004351983682133076,0.02207195751091578,2946537.5,122.30993537902832,0,10,5,2024,4,FFC.KA
2024-05-13 00:00:00+05:00,126.99106958171585,126.99106958171585,123.92394480370223,124.73246765136719,1356545,0.0,0.0,0.0,-0.008037543403462521,0.015090113062401819,2825020.75,122.5082290649414,0,13,5,2024,0,FFC.KA
2024-05-14 00:00:00+05:00,124.7939938097014,128.2214291207982,124.7939938097014,125.16310119628906,2246006,0.0,0.0,0.0,0.003452457511908813,0.015057891606608751,2693262.85,122.6899471282959,0,14,5,2024,1,FFC.KA
2024-05-15 00:00:00+05:00,125.78707560567754,126.60438193580029,123.93274180250593,125.65524291992188,1586598,0.0,0.0,0.0,0.00393200327356058,0.013918038006292661,2603473.35,123.03515281677247,0,15,5,2024,2,FFC.KA
2024-05-16 00:00:00+05:00,125.68159823508024,126.5340652541047,124.79398388151333,125.91010284423828,997743,0.0,0.0,0.0,0.002028247436351105,0.013560446179125892,2608416.1,123.45534400939941,0,16,5,2024,3,FFC.KA
2024-05-17 00:00:00+05:00,125.71678320953836,127.25473753266473,125.67283897546955,126.9647216796875,1136130,0.0,0.0,0.0,0.008375966754263331,0.013603173969419506,2586996.75,123.90836563110352,0,17,5,2024,4,FFC.KA
2024-05-20 00:00:00+05:00,126.99106778627205,127.78201024935633,125.68160488949478,126.7889404296875,633851,0.0,0.0,0.0,-0.001384488916877813,0.013423200252594516,2545831.65,124.26918449401856,0,20,5,2024,0,FFC.KA
2024-05-21 00:00:00+05:00,126.99106489996679,127.42169686802033,124.9697511503758,125.49705505371094,652521,0.0,0.0,0.0,-0.010189259186158983,0.0136494100529303,2470770.45,124.5099422454834,0,21,5,2024,1,FFC.KA
2024-05-22 00:00:00+05:00,124.88187434674148,127.12288237960017,124.88187434674148,126.52528381347656,1271233,0.0,0.0,0.0,0.008193250107148442,0.013660714472025295,2489170.85,124.8203182220459,0,22,5,2024,2,FFC.KA
2024-05-23 00:00:00+05:00,126.55165455758446,129.45179932317492,126.37589105267809,127.59746551513672,1195328,0.0,0.0,0.0,0.008474050951276846,0.013714748461882108,2368811.35,125.17964553833008,0,23,5,2024,3,FFC.KA
2024-05-24 00:00:00+05:00,128.04566617469337,129.97909157428367,127.86990266743896,129.6715087890625,1991344,0.0,0.0,0.0,0.016254580493056503,0.014028811953345,2421581.7,125.6291259765625,0,24,5,2024,4,FFC.KA
2024-05-27 00:00:00+05:00,130.0669795046661,130.0669795046661,126.55165573426973,126.7098388671875,1245160,0.0,0.0,0.0,-0.022839789168280333,0.013426525461590165,2310436.05,125.73109397888183,0,27,5,2024,0,FFC.KA
2024-05-28 00:00:00+05:00,126.7098388671875,126.7098388671875,126.7098388671875,126.7098388671875,0,0.0,0.0,0.0,0.0,0.012756625740190927,2078120.1,125.938916015625,0,28,5,2024,1,FFC.KA
2024-05-29 00:00:00+05:00,126.82408330341633,127.52715069580489,123.91515520968011,124.44245910644531,1218053,0.0,0.0,0.0,-0.017894267572376665,0.013430106251502314,1997412.2,125.99441452026367,0,29,5,2024,2,FFC.KA
2024-05-30 00:00:00+05:00,124.79399122025295,125.18946245411264,122.06960999162717,122.412353515625,1080693,0.0,0.0,0.0,-0.016313608758597442,0.013472633809703188,1897812.5,126.04494590759278,0,30,5,2024,3,FFC.KA
2024-05-31 00:00:00+05:00,124.35457334308042,125.0136965233441,122.8166192557985,124.60942840576172,450893,0.0,0.0,0.0,0.01794814679268697,0.013405489928744596,1779189.9,126.0905860900879,0,31,5,2024,4,FFC.KA
2024-06-03 00:00:00+05:00,124.79399946163434,125.18068723935244,122.64086623740941,122.7990493774414,656697,0.0,0.0,0.0,-0.014528427354832507,0.012271351988221074,1640491.9,125.8801513671875,0,3,6,2024,0,FFC.KA
2024-06-04 00:00:00+05:00,122.79903818138062,123.03632627969073,120.88319325177521,121.12926483154297,664562,0.0,0.0,0.0,-0.013597699284838116,0.012557322727902432,1618409.1,125.60866851806641,0,4,6,2024,1,FFC.KA
2024-06-05 00:00:00+05:00,121.26108896104623,122.3332637772304,120.39983839735426,121.38412475585938,471045,0.0,0.0,0.0,0.0021040326189616376,0.012238354344926788,1145294.85,125.28218269348145,0,5,6,2024,2,FFC.KA
2024-06-06 00:00:00+05:00,121.2786664811567,122.15749739768683,119.34524114676955,120.09223937988281,501062,0.0,0.0,0.0,-0.010642951692199754,0.011599966167604885,994898.35,125.02688102722168,0,6,6,2024,3,FFC.KA
2024-06-07 00:00:00+05:00,119.52100270477341,123.25603403929757,117.9830486258517,122.7814712524414,1066634,0.0,0.0,0.0,0.022393052927024426,0.012764238009258213,1021104.9,124.87879791259766,0,7,6,2024,4,FFC.KA
2024-06-10 00:00:00+05:00,120.97107090285213,121.76202677763172,119.96042070773424,120.57559967041016,393719,0.0,0.0,0.0,-0.017965834417278836,0.013232173085954868,972963.6,124.6709545135498,0,10,6,2024,0,FFC.KA
2024-06-11 00:00:00+05:00,121.71808778300982,121.71808778300982,118.6421794274825,119.57373809814453,367301,0.0,0.0,0.0,-0.008308990998213472,0.013256673543972398,879028.35,124.39148635864258,0,11,6,2024,1,FFC.KA
2024-06-12 00:00:00+05:00,119.87253752218149,120.15376986599594,119.52101050230966,119.67041015625,907812,0.0,0.0,0.0,0.000808472325471099,0.013198927326185673,845089.05,124.09224472045898,0,12,6,2024,2,FFC.KA
2024-06-13 00:00:00+05:00,122.42114668439827,128.52901873907976,121.37533577095516,127.57987976074219,2288206,0.0,0.0,0.0,0.06609377868902633,0.020223399700401642,909612.2,124.17573356628418,0,13,6,2024,3,FFC.KA
2024-06-14 00:00:00+05:00,128.39720367802568,129.18814614762425,126.55165336910132,126.63074493408203,798796,0.0,0.0,0.0,-0.007439533792006459,0.02022279862075645,892745.5,124.1590347290039,0,14,6,2024,4,FFC.KA
2024-06-20 00:00:00+05:00,127.56230891607841,131.91253291086545,127.12289343457638,131.39401245117188,3261132,0.0,0.0,0.0,0.03761541100914623,0.021888090045730158,1024109.55,124.38928833007813,0,20,6,2024,3,FFC.KA
2024-06-21 00:00:00+05:00,131.82463468064344,134.54901582800153,129.62755743596605,133.784423828125,1882011,0.0,0.0,0.0,0.018192696397344887,0.021975540469875963,1085584.05,124.80365676879883,0,21,6,2024,4,FFC.KA
2024-06-24 00:00:00+05:00,135.10267909061125,138.2401120398054,133.09894558402695,133.925048828125,1988571,0.0,0.0,0.0,0.0010511313348455786,0.02195203487478569,1121450.95,125.17364501953125,0,24,6,2024,0,FFC.KA
2024-06-25 00:00:00+05:00,134.37326354560952,135.33998307438566,133.1429054270742,133.38897705078125,389437,0.0,0.0,0.0,-0.004002774552143151,0.021967664017652228,1081156.4,125.46322059631348,0,25,6,2024,1,FFC.KA
2024-06-26 00:00:00+05:00,132.7474124009715,142.89791215183087,132.70346817323966,142.11575317382812,4716580,0.0,0.0,0.0,0.06542351786478262,0.025979305649526534,1217418.2,126.08543281555175,0,26,6,2024,2,FFC.KA
2024-06-27 00:00:00+05:00,142.41455243858613,145.1828644565058,141.5972327146003,144.3919219970703,1390547,0.0,0.0,0.0,0.016016302010221972,0.02523758075850521,1224687.55,126.9695369720459,0,27,6,2024,3,FFC.KA
2024-06-28 00:00:00+05:00,144.42707474135176,145.8859373330574,143.24944448968887,143.58340454101562,805447,0.0,0.0,0.0,-0.00559946460212013,0.025348358727641997,1264959.9,127.8132152557373,0,28,6,2024,4,FFC.KA
2024-07-01 00:00:00+05:00,144.12828235043153,146.7647753202565,141.05237388563575,143.82948303222656,1378804,0.0,0.0,0.0,0.001713836581585193,0.024723946139164257,1272997.45,128.78256645202637,0,1,7,2024,0,FFC.KA
2024-07-02 00:00:00+05:00,143.55704198308746,151.59833986409396,143.55704198308746,150.1131134033203,2771716,0.0,0.0,0.0,0.043688055040049356,0.025309564870968682,1357548.6,130.16760444641113,0,2,7,2024,1,FFC.KA
2024-07-03 00:00:00+05:00,150.23614627387406,152.91658331862217,147.66117806048868,147.89845275878906,2225488,0.0,0.0,0.0,-0.014753279006218145,0.02585673057545196,1446278.35,131.3320556640625,0,3,7,2024,2,FFC.KA
2024-07-04 00:00:00+05:00,148.25876891216396,149.40125175461952,146.63293980665375,147.1778106689453,1050132,0.0,0.0,0.0,-0.004872546510131914,0.025483449215120146,1465950.1,132.5509937286377,0,4,7,2024,3,FFC.KA
2024-07-05 00:00:00+05:00,147.643597878795,148.5224288185497,145.9650275654884,146.54505920410156,1247733,0.0,0.0,0.0,-0.0042992313988623465,0.025124161329363286,1495108.65,133.82178344726563,0,5,7,2024,4,FFC.KA
2024-07-08 00:00:00+05:00,146.45716833925087,146.76476452706828,145.71017009867327,146.26382446289062,517428,0.0,0.0,0.0,-0.0019191008058432324,0.025205508359367676,1497427.8,135.06576843261718,0,8,7,2024,0,FFC.KA
2024-07-09 00:00:00+05:00,146.72081054195598,149.4100308489948,146.14957584244846,148.75970458984375,934423,0.0,0.0,0.0,0.01706423400398882,0.024788881697090176,1519095.85,136.49914169311523,0,9,7,2024,1,FFC.KA
2024-07-10 00:00:00+05:00,149.39247129539552,149.5770182770491,147.37994100091765,147.74026489257812,514035,0.0,0.0,0.0,-0.006852929024539267,0.024946336996877445,1491465.9,137.74708137512206,0,10,7,2024,2,FFC.KA
2024-07-11 00:00:00+05:00,147.6435916911806,151.33467880148106,147.6435916911806,150.80738830566406,644230,0.0,0.0,0.0,0.020760240380752304,0.024186888625438992,1503991.45,139.25867080688477,0,11,7,2024,3,FFC.KA
2024-07-12 00:00:00+05:00,151.0270903415895,151.91470469254006,146.86142719110637,149.77035522460938,1901378,0.0,0.0,0.0,-0.006876540285630894,0.02412713055866963,1580695.3,140.768501663208,0,12,7,2024,4,FFC.KA
2024-07-15 00:00:00+05:00,150.28009520354976,155.02577705654545,150.28009520354976,153.83056640625,2015734,0.0,0.0,0.0,0.027109578364500564,0.02422509185169197,1636091.4,142.476509475708,0,15,7,2024,0,FFC.KA
2024-07-16 00:00:00+05:00,153.83056640625,153.83056640625,153.83056640625,153.83056640625,0,0.0,0.0,0.0,0.0,0.02086221507823348,1521681.1,143.7890438079834,0,16,7,2024,1,FFC.KA
2024-07-17 00:00:00+05:00,153.83056640625,153.83056640625,153.83056640625,153.83056640625,0,0.0,0.0,0.0,0.0,0.020607153475269084,1481741.3,145.1490348815918,0,17,7,2024,2,FFC.KA
2024-07-18 00:00:00+05:00,153.79542253735536,155.6409729717623,152.38928759591232,154.15574645996094,706243,0.0,0.0,0.0,0.002113884524433063,0.019605426932289432,1353996.85,146.28712158203126,0,18,7,2024,3,FFC.KA
2024-07-19 00:00:00+05:00,154.4545335157826,155.5530721609873,145.09498962259667,146.86143493652344,1744824,0.0,0.0,0.0,-0.04731780482365644,0.0230224103914886,1347137.5,146.94097213745118,0,19,7,2024,4,FFC.KA
2024-07-22 00:00:00+05:00,146.86143743373057,148.52242735712747,140.6129489771621,143.21429443359375,1705663,0.0,0.0,0.0,-0.0248338885188345,0.023959990983917368,1332992.1,147.40543441772462,0,22,7,2024,0,FFC.KA
2024-07-23 00:00:00+05:00,142.37061270171247,145.4904652299329,142.37061270171247,143.73280334472656,523748,0.0,0.0,0.0,0.0036205108797517926,0.023892749627110563,1339707.65,147.92262573242186,0,23,7,2024,1,FFC.KA
2024-07-24 00:00:00+05:00,144.17222070903168,149.68249454627514,143.68886100227417,146.8262939453125,1380009,0.0,0.0,0.0,0.021522509327022377,0.01958120054696171,1172879.1,148.15815277099608,0,24,7,2024,2,FFC.KA
2024-07-25 00:00:00+05:00,148.0830063636492,148.0830063636492,145.88592911789772,146.29898071289062,1436087,0.0,0.0,0.0,-0.003591408720145739,0.019321849356265873,1175156.1,148.2535057067871,0,25,7,2024,3,FFC.KA
2024-07-26 00:00:00+05:00,146.0617073475625,146.80871905042073,143.90857411153715,144.98953247070312,690924,0.0,0.0,0.0,-0.008950494636440931,0.019394963624589992,1169429.95,148.32381210327148,0,26,7,2024,4,FFC.KA
2024-07-29 00:00:00+05:00,145.49048366679477,151.86200880808084,145.00712390513146,149.62098693847656,2142547,0.0,0.0,0.0,0.03194337128240132,0.02062011717661733,1207617.1,148.61338729858397,0,29,7,2024,0,FFC.KA
2024-07-30 00:00:00+05:00,152.47717026869188,159.94723336542896,148.2587790144376,157.15255737304688,7815600,0.0,0.0,0.0,0.05033766043574661,0.02136482105409246,1459811.3,148.96535949707032,0,30,7,2024,1,FFC.KA
2024-07-31 00:00:00+05:00,164.34139280953838,164.34139280953838,158.18957596640058,158.6641387939453,5092509,0.0,0.0,0.0,0.009618560755013661,0.021020611295840243,1603162.35,149.50364379882814,0,31,7,2024,2,FFC.KA
2024-08-01 00:00:00+05:00,158.54110304170118,165.21144035516798,158.45322798985325,164.63140869140625,5628254,0.0,0.0,0.0,0.03760944308411451,0.022217977733359838,1832068.45,150.37632369995117,0,1,8,2024,3,FFC.KA
2024-08-02 00:00:00+05:00,165.22022205782216,168.2082419863987,163.48014049517565,164.00743103027344,3997309,0.0,0.0,0.0,-0.0037901495595074053,0.022206023129122555,1969547.25,151.24944229125975,0,2,8,2024,4,FFC.KA
2024-08-05 00:00:00+05:00,162.9000919363749,167.6721371628854,162.68038421707197,165.03564453125,3661164,0.0,0.0,0.0,0.006269310448419718,0.022130047867799717,2126734.05,152.18803329467772,0,5,8,2024,0,FFC.KA
2024-08-06 00:00:00+05:00,166.71421741873885,166.71421741873885,163.24283807964338,165.51022338867188,1873055,0.0,0.0,0.0,0.0028756142878698654,0.021993404649854966,2173665.65,153.02555923461915,0,6,8,2024,1,FFC.KA
2024-08-07 00:00:00+05:00,165.92328204620227,166.17813711521055,162.18825059864957,163.37466430664062,2933307,0.0,0.0,0.0,-0.012902883207499882,0.022213884447174325,2294629.25,153.80727920532226,0,7,8,2024,2,FFC.KA
2024-08-08 00:00:00+05:00,162.53876677839042,162.53876677839042,155.90718566072232,156.34371948242188,6905115,10.0,0.0,0.0,-0.043035710916732195,0.024350969141304593,2607673.5,154.08409576416017,0,8,8,2024,3,FFC.KA
2024-08-09 00:00:00+05:00,155.5820985816581,157.51398957647257,153.25083342967915,154.20748901367188,1410166,0.0,0.0,0.0,-0.01366367946101077,0.024529088356886233,2583112.9,154.3059524536133,0,9,8,2024,4,FFC.KA
2024-08-12 00:00:00+05:00,154.17963120552793,155.10842416459735,153.25083824645847,154.36538696289062,683624,0.0,0.0,0.0,0.0010239317832660966,0.02379194046278454,2516507.4,154.33269348144532,0,12,8,2024,0,FFC.KA
2024-08-13 00:00:00+05:00,154.36537806916874,154.59757629555807,152.3406163377363,152.96290588378906,636205,0.0,0.0,0.0,-0.00908546343642902,0.023887378385189884,2548317.65,154.28931045532227,0,13,8,2024,1,FFC.KA
2024-08-15 00:00:00+05:00,153.72451528604088,161.5913926670983,153.72451528604088,157.54185485839844,2105338,0.0,0.0,0.0,0.029935028680013076,0.024808253341039175,2653584.55,154.4748748779297,0,15,8,2024,3,FFC.KA
2024-08-16 00:00:00+05:00,157.8947851201632,159.1950894463687,157.5232736476057,158.2105712890625,987930,0.0,0.0,0.0,0.00424469060152366,0.02481567095693871,2667668.9,154.67761611938477,0,16,8,2024,4,FFC.KA
2024-08-19 00:00:00+05:00,158.91647763608574,159.89169888487126,153.71523150537038,159.5201873779297,4635076,0.0,0.0,0.0,0.008277677516721926,0.022003085548679954,2812181.5,155.31055374145507,0,19,8,2024,0,FFC.KA
2024-08-20 00:00:00+05:00,159.52018370254524,159.52018370254524,157.3839571562115,157.60687255859375,294428,0.0,0.0,0.0,-0.011994186132711748,0.021281601468102315,2741619.75,156.0301826477051,0,20,8,2024,1,FFC.KA
2024-08-21 00:00:00+05:00,158.5542485993644,160.68117819048652,156.96600644041746,160.1889190673828,922356,0.0,0.0,0.0,0.016382829421535128,0.021428472556962126,2761550.15,156.85298843383788,0,21,8,2024,2,FFC.KA
2024-08-22 00:00:00+05:00,160.44898046718203,170.61926033094014,160.4025379857071,166.36538696289062,2382176,0.0,0.0,0.0,0.038557397924070536,0.022408662328923044,2811658.5,157.8299430847168,0,22,8,2024,3,FFC.KA
2024-08-23 00:00:00+05:00,166.25393012942052,169.78334600572515,166.25393012942052,168.0186309814453,1283839,0.0,0.0,0.0,0.009937427783120789,0.022291796287033795,2804046.1,158.91592559814453,0,23,8,2024,4,FFC.KA
2024-08-26 00:00:00+05:00,168.66879379567445,169.14247306560466,165.32513373659424,166.63473510742188,1609597,0.0,0.0,0.0,-0.008236562016603166,0.02226516299607977,2849979.75,159.99818572998046,0,26,8,2024,0,FFC.KA
2024-08-27 00:00:00+05:00,166.71832511950353,166.81121007816566,163.20748910034953,163.7647705078125,1554638,0.0,0.0,0.0,-0.017223087357862377,0.02210488646078276,2820584.3,160.70537490844725,0,27,8,2024,1,FFC.KA
2024-08-28 00:00:00+05:00,164.48921611007964,165.88240535718165,163.4675383266366,165.4551544189453,680635,0.0,0.0,0.0,0.010322024119663542,0.019408619670561744,2463836.05,161.1205047607422,0,28,8,2024,2,FFC.KA
2024-08-29 00:00:00+05:00,165.7988178256498,167.08983940804785,165.60377925034967,165.92884826660156,539059,0.0,0.0,0.0,0.0028629742561951943,0.019341572535321393,2236163.55,161.483740234375,0,29,8,2024,3,FFC.KA
2024-08-30 00:00:00+05:00,166.25392021945947,170.52637300014615,166.25392021945947,168.9567108154297,4745944,0.0,0.0,0.0,0.018247957365214784,0.01791977956640654,2192048.05,161.70000534057618,0,30,8,2024,4,FFC.KA
2024-09-02 00:00:00+05:00,168.84525614170062,171.13009292619537,167.60067704903315,168.29727172851562,867534,0.0,0.0,0.0,-0.003903006182657265,0.017921534273267474,2035559.3,161.91449737548828,0,2,9,2024,0,FFC.KA
2024-09-03 00:00:00+05:00,168.90099089598723,169.45825812063143,166.34681047600105,168.39015197753906,420702,0.0,0.0,0.0,0.0005518820838239513,0.017886088760293115,1873536.2,162.08222274780275,0,3,9,2024,1,FFC.KA
2024-09-04 00:00:00+05:00,168.85455817922056,169.78335111291017,167.18272806412818,168.98458862304688,443877,0.0,0.0,0.0,0.003530115262245781,0.017889993664028186,1802077.3,162.25594100952148,0,4,9,2024,2,FFC.KA
2024-09-05 00:00:00+05:00,169.04029822586358,171.02791435239843,168.11150537846873,169.9876708984375,788061,0.0,0.0,0.0,0.0059359393869236055,0.017602481594231837,1694815.0,162.58659133911132,0,5,9,2024,3,FFC.KA
2024-09-06 00:00:00+05:00,169.98768201829077,171.6316352616969,168.2136841623784,168.77096557617188,1226281,0.0,0.0,0.0,-0.007157609230333928,0.014269606127162285,1410873.3,163.20795364379882,0,6,9,2024,4,FFC.KA
2024-09-09 00:00:00+05:00,168.96599746513488,171.54804051385747,168.57590615981576,171.14866638183594,808073,0.0,0.0,0.0,0.01408832850808639,0.013810952904482586,1380768.65,164.05501251220704,0,9,9,2024,0,FFC.KA
2024-09-10 00:00:00+05:00,171.82669919326955,174.52019313334273,166.7183378659021,167.6099853515625,3385059,0.0,0.0,0.0,-0.02067606546450429,0.014969583188670277,1515840.4,164.7172424316406,0,10,9,2024,1,FFC.KA
2024-09-11 00:00:00+05:00,168.11150757953243,169.4118119140083,164.78642744165347,165.2786865234375,1492568,0.0,0.0,0.0,-0.013909068861470808,0.015231960973437906,1558658.55,165.33303146362306,0,11,9,2024,2,FFC.KA
2024-09-12 00:00:00+05:00,166.0124495135172,168.1115163840353,165.32513765943804,167.32203674316406,298847,0.0,0.0,0.0,0.012363059404134402,0.014122994489086152,1468334.0,165.82204055786133,0,12,9,2024,3,FFC.KA
2024-09-13 00:00:00+05:00,169.96910605218207,172.70904235900935,168.85455737153688,169.4861297607422,2337619,0.0,0.0,0.0,0.012933699945931076,0.014292362231781135,1535818.45,166.3858184814453,0,13,9,2024,4,FFC.KA
2024-09-16 00:00:00+05:00,169.08674523116272,170.0619805814969,168.57590631696345,169.64401245117188,352237,0.0,0.0,0.0,0.0009315375284841831,0.014258678482311276,1321676.5,166.89200973510742,0,16,9,2024,0,FFC.KA
2024-09-17 00:00:00+05:00,169.64401245117188,169.64401245117188,169.64401245117188,169.64401245117188,0,0.0,0.0,0.0,0.0,0.013832869022369586,1306955.1,167.49386672973634,0,17,9,2024,1,FFC.KA
2024-09-18 00:00:00+05:00,169.87620979498587,174.38086087121326,169.22605762219388,172.5139923095703,1722155,0.0,0.0,0.0,0.016917660794096623,0.013859013375256524,1346945.05,168.1101203918457,0,18,9,2024,2,FFC.KA
2024-09-19 00:00:00+05:00,172.75547804960578,185.51709749786258,172.75547804960578,181.439697265625,3220277,0.0,0.0,0.0,0.05173902033429156,0.015779166215789543,1388850.1,168.86383590698242,0,19,9,2024,3,FFC.KA
2024-09-20 00:00:00+05:00,181.4489837039937,190.17963140061568,177.67808675197713,182.7957305908203,10713110,0.0,0.0,0.0,0.0074737411141625465,0.015743754698897112,1860313.65,169.60269088745116,0,20,9,2024,4,FFC.KA
2024-09-23 00:00:00+05:00,182.7400121886261,197.6657216386848,181.81121924230527,195.58522033691406,5873555,0.0,0.0,0.0,0.06996602002003227,0.021216095130819613,2073511.55,171.0502151489258,0,23,9,2024,0,FFC.KA
2024-09-24 00:00:00+05:00,196.90409452759846,206.19202351474934,196.90409452759846,203.47994995117188,5960361,0.0,0.0,0.0,0.04036465332430739,0.02148318146284358,2293797.7,173.03597412109374,0,24,9,2024,1,FFC.KA
2024-09-25 00:00:00+05:00,203.87004318586298,208.02174861595685,198.76168219487326,200.94435119628906,2353746,0.0,0.0,0.0,-0.012461172491399108,0.02212275855990735,2377453.25,174.81043395996093,0,25,9,2024,2,FFC.KA
2024-09-26 00:00:00+05:00,202.47684120486812,202.47684120486812,193.74619408787183,195.78953552246094,1987864,0.0,0.0,0.0,-0.025652951392461598,0.023483341371715028,2449893.5,176.3034683227539,0,26,9,2024,3,FFC.KA
2024-09-27 00:00:00+05:00,195.04650042831565,203.40563616095776,192.72451828035952,201.4087371826172,2911252,0.0,0.0,0.0,0.028700214468365237,0.02382402682157585,2358158.9,177.9260696411133,0,27,9,2024,4,FFC.KA
2024-09-30 00:00:00+05:00,201.40875342406986,208.96912734058782,201.17655519054995,206.6099853515625,4588796,0.0,0.0,0.0,0.02582434228873276,0.023898166990994407,2544222.0,179.84170532226562,0,30,9,2024,0,FFC.KA
2024-10-01 00:00:00+05:00,206.24775172322583,209.90719806321619,203.9722119238057,206.47994995117188,1967188,0.0,0.0,0.0,-0.0006293761657713004,0.023925681400786047,2621546.3,181.74619522094727,0,1,10,2024,1,FFC.KA
2024-10-02 00:00:00+05:00,205.54187771061706,211.2075060655766,204.7988405340922,209.0062713623047,2159363,0.0,0.0,0.0,0.012235189962658488,0.02387106097969889,2707320.6,183.74727935791014,0,2,10,2024,2,FFC.KA
2024-10-03 00:00:00+05:00,207.95672512189716,229.8762432814774,207.95672512189716,226.18893432617188,4978307,0.0,0.0,0.0,0.08221123151889387,0.028643863776489364,2916832.9,186.55734252929688,0,3,10,2024,3,FFC.KA
2024-10-04 00:00:00+05:00,229.52328957452846,233.96291836080366,218.96291917428763,221.8328857421875,3016956,0.0,0.0,0.0,-0.01925845133388715,0.029252597908220174,3006366.65,189.21043853759767,0,4,10,2024,4,FFC.KA
2024-10-07 00:00:00+05:00,221.79574752166576,232.94126233006853,220.57903108930924,227.44281005859375,2441217,0.0,0.0,0.0,0.025288966050444284,0.029358217923316464,3088023.85,192.02514572143554,0,7,10,2024,0,FFC.KA
2024-10-08 00:00:00+05:00,227.56355619695336,233.0991684298147,227.55427336944012,230.11773681640625,2678460,0.0,0.0,0.0,0.011760876314900415,0.028172012877758765,3052693.9,195.15053329467773,0,8,10,2024,1,FFC.KA
2024-10-09 00:00:00+05:00,230.11773681640625,230.11773681640625,230.11773681640625,230.11773681640625,0,0.0,0.0,0.0,0.0,0.0275508155653454,2978065.5,198.39248580932616,0,9,10,2024,2,FFC.KA
2024-10-10 00:00:00+05:00,227.55426317208247,229.31896403390272,222.91029861755018,223.5976104736328,972933,0.0,0.0,0.0,-0.028333871317252513,0.02935771251458095,3011769.8,201.2062644958496,0,10,10,2024,3,FFC.KA
2024-10-11 00:00:00+05:00,223.83909943409455,228.390179189371,221.06200343038984,226.39328002929688,1530637,0.0,0.0,0.0,0.01250312805106546,0.02935946578243948,2971420.7,204.05162200927734,0,11,10,2024,4,FFC.KA
2024-10-14 00:00:00+05:00,226.43971172793346,239.5821397589434,225.6966745738976,235.0681915283203,3619974,0.0,0.0,0.0,0.038317884249483125,0.029607137227858175,3134807.55,207.32283096313478,0,14,10,2024,0,FFC.KA
2024-10-15 00:00:00+05:00,235.17036854608742,240.55737040900266,234.9846127933501,236.94436645507812,2202073,0.0,0.0,0.0,0.007981407074090674,0.029421295074633275,3244911.2,210.68784866333007,0,15,10,2024,1,FFC.KA
2024-10-16 00:00:00+05:00,240.53879996385686,240.53879996385686,235.9134010309584,236.1734619140625,1135200,0.0,0.0,0.0,-0.0032535255112797756,0.029776779975997224,3215563.45,213.87082214355468,0,16,10,2024,2,FFC.KA
2024-10-17 00:00:00+05:00,236.84218932452137,238.23537867348915,234.14869558541898,234.78955078125,631253,0.0,0.0,0.0,-0.005859723279646345,0.028936120074105516,3086112.25,216.53831481933594,0,17,10,2024,3,FFC.KA
2024-10-18 00:00:00+05:00,234.78955478529147,234.98460753326552,228.01866066963115,229.1053466796875,652093,0.0,0.0,0.0,-0.024209783112785876,0.030118417403764215,2583061.4,218.8537956237793,0,18,10,2024,4,FFC.KA
2024-10-21 00:00:00+05:00,231.074382990354,232.17964882630227,227.6471490401326,229.71835327148438,850268,0.0,0.0,0.0,0.0026756538015411113,0.026857746743040176,2331897.05,220.56045227050782,0,21,10,2024,0,FFC.KA
2024-10-22 00:00:00+05:00,229.73693031278125,231.66880708016703,224.30348615927568,225.24156188964844,955940,0.0,0.0,0.0,-0.019488174619401,0.02644114711607737,2081676.0,221.64853286743164,0,22,10,2024,1,FFC.KA
2024-10-23 00:00:00+05:00,225.6966632945102,239.60069343865604,220.4304095183088,237.6502227783203,4372606,0.0,0.0,0.0,0.05509045837087201,0.028287186127976656,2182619.0,223.48382644653321,0,23,10,2024,2,FFC.KA
2024-10-24 00:00:00+05:00,240.0929771227697,261.4180552781394,239.62858064864443,253.57904052734375,6772870,0.0,0.0,0.0,0.06702631103309264,0.02989266115864335,2421869.3,226.37330169677733,0,24,10,2024,3,FFC.KA
2024-10-25 00:00:00+05:00,255.40873729623323,268.2818209638454,250.77407003508674,264.20440673828125,4236762,0.0,0.0,0.0,0.04190159481967015,0.030389241372994442,2488144.8,229.51308517456056,0,25,10,2024,4,FFC.KA
2024-10-28 00:00:00+05:00,265.123923610344,266.0434194381566,244.31894162520936,258.4830322265625,5869262,0.0,0.0,0.0,-0.02165510629573375,0.031266125486297085,2552168.1,232.10673751831055,0,28,10,2024,0,FFC.KA
2024-10-29 00:00:00+05:00,260.0620067721643,271.81123105207627,258.20442100950595,266.6378479003906,3683312,0.0,0.0,0.0,0.031548746560201124,0.031424972190138685,2637974.3,235.1146324157715,0,29,10,2024,1,FFC.KA
2024-10-30 00:00:00+05:00,268.42114764577224,276.78028373162675,260.0620115599178,261.8453063964844,4549801,0.0,0.0,0.0,-0.017973973093634577,0.03219660418310541,2757496.2,237.75658416748047,0,30,10,2024,2,FFC.KA
2024-10-31 00:00:00+05:00,261.8545746512496,267.02795789027573,259.2261032242966,261.3716125488281,2355333,0.0,0.0,0.0,-0.0018090599147077002,0.02769438364675947,2626347.5,239.51571807861328,0,31,10,2024,3,FFC.KA
2024-11-01 00:00:00+05:00,262.85766563737207,265.5975874557021,262.3839722278864,263.55426025390625,943166,0.0,0.0,0.0,0.008350745070566434,0.026962911318922346,2522658.0,241.6017868041992,0,1,11,2024,4,FFC.KA
2024-11-04 00:00:00+05:00,264.69668740599803,267.0279667248655,262.8483985500415,263.693603515625,1755726,0.0,0.0,0.0,0.0005287080602851546,0.026742841327588023,2488383.45,243.4143264770508,0,4,11,2024,0,FFC.KA
2024-11-05 00:00:00+05:00,264.70598489605845,265.35615128448467,262.5790411511324,264.1394348144531,1134129,0.0,0.0,0.0,0.001690717153864263,0.026758247200542404,2411166.9,245.11541137695312,0,5,11,2024,1,FFC.KA
2024-11-06 00:00:00+05:00,264.7059646749806,268.42113610901544,263.1363024765402,263.702880859375,1581226,0.0,0.0,0.0,-0.0016527405511592708,0.026784360219356845,2490228.2,246.79466857910157,0,6,11,2024,2,FFC.KA
2024-11-07 00:00:00+05:00,263.9629513764719,265.63476724510576,261.9195956752441,262.8762512207031,1244433,0.0,0.0,0.0,-0.003134700826847192,0.025592557599078365,2503803.2,248.75860061645508,0,7,11,2024,3,FFC.KA
2024-11-08 00:00:00+05:00,262.85770409948896,266.32208369215255,262.1982406912965,264.8731689453125,1321904,0.0,0.0,0.0,0.007596417383983534,0.02557495821432609,2493366.55,250.68259506225587,0,8,11,2024,4,FFC.KA
2024-11-11 00:00:00+05:00,264.8731407742729,265.6347577214711,258.6688112777262,261.8917236328125,2022329,0.0,0.0,0.0,-0.011256124296665004,0.024893921505947984,2413484.3,252.02377166748047,0,11,11,2024,0,FFC.KA
2024-11-12 00:00:00+05:00,260.99078212386985,266.0991426280737,259.4118229938584,262.60687255859375,1015736,0.0,0.0,0.0,0.0027307045669908714,0.024896336669028084,2354167.45,253.30689697265626,0,12,11,2024,1,FFC.KA
2024-11-13 00:00:00+05:00,262.60688599779655,263.67502046985356,258.67811031307957,259.57904052734375,881551,0.0,0.0,0.0,-0.0115299040034621,0.02511629620332395,2341485.0,254.4771759033203,0,13,11,2024,2,FFC.KA
2024-11-14 00:00:00+05:00,259.5976370490591,260.99082651443865,257.27565460675976,258.3530578613281,765121,0.0,0.0,0.0,-0.004722964779918293,0.025091633461429147,2348178.4,255.6553512573242,0,14,11,2024,3,FFC.KA
2024-11-15 00:00:00+05:00,257.2756525295639,261.9103203767299,257.2756525295639,259.46759033203125,686633,0.0,0.0,0.0,0.004313989855313949,0.024131132673725148,2349905.4,257.17346343994143,0,15,11,2024,4,FFC.KA
2024-11-18 00:00:00+05:00,260.8886488328525,265.06821684354594,258.20442377173134,264.130126953125,1684034,0.0,0.0,0.0,0.017969630099571532,0.024245235534541793,2391593.7,258.89405212402346,0,18,11,2024,0,FFC.KA
2024-11-19 00:00:00+05:00,264.1301263043338,266.9722302770635,264.1301263043338,265.46759033203125,3203575,0.0,0.0,0.0,0.005063653261877299,0.02342650135469543,2503975.45,260.9053535461426,0,19,11,2024,1,FFC.KA
2024-11-20 00:00:00+05:00,265.77408261611066,277.47687882281156,265.71835730968195,275.0898742675781,4315488,0.0,0.0,0.0,0.03624654867854815,0.021774936274792087,2501119.55,262.77733612060547,0,20,11,2024,2,FFC.KA
2024-11-21 00:00:00+05:00,278.08058172237344,302.6007080078125,277.4768720211873,302.6007080078125,8039216,0.0,0.0,0.0,0.10000671167370845,0.02711036574391312,2564436.85,265.2284194946289,0,21,11,2024,3,FFC.KA
2024-11-22 00:00:00+05:00,306.48306484585606,319.04033356406376,297.3065872521819,299.3777770996094,5795649,0.0,0.0,0.0,-0.010650771207448395,0.02631005453554728,2642381.2,266.9870880126953,0,22,11,2024,4,FFC.KA
2024-11-25 00:00:00+05:00,302.5171075541026,302.5171075541026,287.9257799947042,290.6285705566406,2548796,0.0,0.0,0.0,-0.029224635935678367,0.026787755065829817,2476357.9,268.59436492919923,0,25,11,2024,0,FFC.KA
2024-11-26 00:00:00+05:00,288.85458979823204,288.85458979823204,275.6285880687104,278.5171203613281,3203674,0.0,0.0,0.0,-0.04167329513445783,0.028112540845416166,2452376.0,269.1883285522461,0,26,11,2024,1,FFC.KA
2024-11-27 00:00:00+05:00,306.37162640121255,306.37162640121255,289.8484203625347,303.8731994628906,5071638,0.0,0.0,0.0,0.09103957081226222,0.03389797235174778,2478467.85,271.2897232055664,0,27,11,2024,2,FFC.KA
2024-11-28 00:00:00+05:00,306.50167196814334,311.8793910582294,298.14253545992125,302.4800109863281,3183787,0.0,0.0,0.0,-0.004584769170249414,0.03394586958201828,2519890.55,273.3451431274414,0,28,11,2024,3,FFC.KA
2024-11-29 00:00:00+05:00,302.786470143329,306.5016415561306,298.3282757857705,301.7555236816406,2314462,0.0,0.0,0.0,-0.002395157624879407,0.03402257259083694,2588455.35,275.2552062988281,0,29,11,2024,4,FFC.KA
2024-12-02 00:00:00+05:00,302.78650434436537,310.5883595236001,302.78650434436537,308.8143615722656,3626862,0.0,0.0,0.0,0.02339257225353153,0.03416625713929353,2682012.15,277.51124420166013,0,2,12,2024,0,FFC.KA
2024-12-03 00:00:00+05:00,309.38091825364063,315.78958354491493,305.2477785429695,312.8638916015625,3372629,0.0,0.0,0.0,0.013113153185880133,0.03414258444624496,2793937.15,279.9474670410156,0,3,12,2024,1,FFC.KA
2024-12-04 00:00:00+05:00,313.9413242722693,315.5109866761914,309.2973593717926,312.58526611328125,1061778,0.0,0.0,0.0,-0.0008905645418362251,0.034130453557147514,2767964.75,282.39158630371094,0,4,12,2024,2,FFC.KA
2024-12-05 00:00:00+05:00,316.244705110675,325.5419316878969,315.7896056316261,324.26019287109375,4797836,0.0,0.0,0.0,0.03734957473517486,0.03456622887372795,2945634.9,285.46078338623045,0,5,12,2024,3,FFC.KA
2024-12-06 00:00:00+05:00,326.93512183159635,328.78341075125286,320.4521367685252,322.3654479980469,2473577,0.0,0.0,0.0,-0.00584328546859314,0.03476786624320309,3003218.55,288.3353973388672,0,6,12,2024,4,FFC.KA
2024-12-09 00:00:00+05:00,322.30045381377766,331.5790864051226,313.97844849203204,323.5635986328125,2973076,0.0,0.0,0.0,0.0037167464509808568,0.034436114788251565,3050755.9,291.4189910888672,0,9,12,2024,0,FFC.KA
2024-12-10 00:00:00+05:00,325.068217476936,334.7369549516968,316.81126334838655,323.96295166015625,4695198,0.0,0.0,0.0,0.0012342334830963697,0.03445703955768655,3234729.0,294.48679504394534,0,10,12,2024,1,FFC.KA
2024-12-11 00:00:00+05:00,323.9629525405566,330.0001063972348,323.9629525405566,325.4676208496094,1862609,0.0,0.0,0.0,0.004644571799776509,0.03408584733768623,3283781.9,297.7812240600586,0,11,12,2024,2,FFC.KA
2024-12-12 00:00:00+05:00,325.7741087524872,358.01250228373317,325.7741087524872,357.75244140625,7953893,0.0,0.0,0.0,0.09919518406274475,0.038985918807312524,3643220.5,302.7511932373047,0,12,12,2024,3,FFC.KA
2024-12-13 00:00:00+05:00,360.37164680845245,376.0125159129214,360.37164680845245,370.96917724609375,4595243,0.0,0.0,0.0,0.0369438033403533,0.03910520053762106,3838651.0,308.32627258300784,0,13,12,2024,4,FFC.KA
2024-12-16 00:00:00+05:00,376.0682282632234,404.0248993837354,372.4552387297181,390.1951599121094,3823082,0.0,0.0,0.0,0.051826361447979474,0.039797125980900926,3945603.4,314.62952423095703,0,16,12,2024,0,FFC.KA
2024-12-17 00:00:00+05:00,391.02181322014457,393.7988949373793,365.01561186583564,370.2447204589844,3239947,0.0,0.0,0.0,-0.051129387298445184,0.04280841488805267,3947422.0,319.8683807373047,0,17,12,2024,1,FFC.KA
2024-12-18 00:00:00+05:00,371.5171432589297,382.68122320983747,345.5109432308046,348.9010314941406,3010980,0.0,0.0,0.0,-0.05764751739980101,0.04570806426058236,3882196.6,323.55893859863284,0,18,12,2024,2,FFC.KA
2024-12-19 00:00:00+05:00,347.83293859518017,374.3035360583648,332.7028944244972,344.20135498046875,7411503,0.0,0.0,0.0,-0.013469941586431777,0.041144203326815496,3850810.95,325.63897094726565,0,19,12,2024,3,FFC.KA
2024-12-20 00:00:00+05:00,348.2973365137069,361.3004370768853,339.0187045392249,357.75244140625,3876964,0.0,0.0,0.0,0.039369648694585146,0.041517570066931186,3754876.7,328.55770416259764,0,20,12,2024,4,FFC.KA
2024-12-23 00:00:00+05:00,363.1580244158985,373.3747463304123,360.37164571194023,370.6905212402344,3292625,0.0,0.0,0.0,0.03616489599100281,0.04085636938141867,3792068.15,332.56080169677733,0,23,12,2024,0,FFC.KA
2024-12-24 00:00:00+05:00,374.3035605348219,376.0682614788629,347.3685648635816,357.1580505371094,7635691,0.0,0.0,0.0,-0.03650611474458221,0.040507167990031595,4013669.0,336.4928482055664,0,24,12,2024,1,FFC.KA
2024-12-26 00:00:00+05:00,355.72768640125884,355.72768640125884,344.7679413434106,346.7183837890625,2532108,0.0,0.0,0.0,-0.02922982341388436,0.03714279789194371,3886692.5,338.635107421875,0,26,12,2024,3,FFC.KA
2024-12-27 00:00:00+05:00,348.2880470760323,350.85152459867095,346.2447196641626,347.61004638671875,1885688,0.0,0.0,0.0,0.0025717199875929797,0.03705702798508303,3821787.55,340.89160919189453,0,27,12,2024,4,FFC.KA
2024-12-30 00:00:00+05:00,348.29733469645294,350.9908284158702,339.70600044060706,345.4552307128906,3713151,0.0,0.0,0.0,-0.006198945330339711,0.03712084364564285,3891722.0,343.076594543457,0,30,12,2024,0,FFC.KA
2024-12-31 00:00:00+05:00,348.27876229235966,348.27876229235966,339.0093992006048,340.23541259765625,3274817,0.0,0.0,0.0,-0.015109969834477877,0.037247631063950494,3874119.75,344.64764709472655,0,31,12,2024,1,FFC.KA
2025-01-01 00:00:00+05:00,340.23541259765625,340.23541259765625,340.23541259765625,340.23541259765625,0,0.0,0.0,0.0,0.0,0.037222067142038046,3705488.3,346.01622314453124,0,1,1,2025,2,FFC.KA
2025-01-02 00:00:00+05:00,352.94131456647233,360.35309237639217,348.2694872469124,351.8267517089844,3606962,0.0,0.0,0.0,0.03406858510943844,0.03775534726103333,3832747.5,347.9782974243164,0,2,1,2025,3,FFC.KA
2025-01-03 00:00:00+05:00,352.9412999969765,363.39022006267646,352.9412999969765,360.9289245605469,5494609,0.0,0.0,0.0,0.02587117894631108,0.03734832906896626,3867586.15,349.8117340087891,0,3,1,2025,4,FFC.KA
2025-01-06 00:00:00+05:00,362.50784665640106,369.1951666735751,354.8081741544502,356.266357421875,5516192,0.0,0.0,0.0,-0.012918241851491485,0.037499841131446894,4019716.9,351.5067794799805,0,6,1,2025,0,FFC.KA
2025-01-07 00:00:00+05:00,357.1208722840213,357.1208722840213,343.83914506873947,353.9908447265625,4914860,0.0,0.0,0.0,-0.0063871107891838586,0.03759547487745236,4116806.1,353.028141784668,0,7,1,2025,1,FFC.KA
2025-01-08 00:00:00+05:00,357.5945645332222,370.1239717202076,352.0125101178386,355.4676208496094,7099700,0.0,0.0,0.0,0.004171791855768436,0.03758504810946961,4237031.2,354.60337524414064,0,8,1,2025,2,FFC.KA
2025-01-09 00:00:00+05:00,357.57597160917834,359.44285441942947,349.7834138713752,354.6038513183594,1699265,0.0,0.0,0.0,-0.002429952773716715,0.03762492477823124,4228864.0,356.0601867675781,0,9,1,2025,3,FFC.KA
2025-01-10 00:00:00+05:00,352.94129305041764,359.31279857748973,350.1734800745779,356.40570068359375,2363368,0.0,0.0,0.0,0.0050813022998350554,0.030412536745772965,3949337.75,355.9928497314453,0,10,1,2025,4,FFC.KA
2025-01-13 00:00:00+05:00,358.51406849841703,360.83605080734463,355.72768972770393,358.54193115234375,1975797,0.0,0.0,0.0,0.005993816778611105,0.0292109545456481,3818365.45,355.3714874267578,0,13,1,2025,0,FFC.KA
2025-01-14 00:00:00+05:00,360.74316665780606,361.7555475454352,356.61932380031067,357.1766052246094,1630106,0.0,0.0,0.0,-0.0038079951300151738,0.026399712522876834,3708716.65,353.72055969238284,0,14,1,2025,1,FFC.KA
2025-01-15 00:00:00+05:00,357.4923797187598,363.1580220487809,356.88867000573924,360.8731994628906,2795920,0.0,0.0,0.0,0.010349485896358424,0.02411286839727923,3686515.3,353.2519836425781,0,15,1,2025,2,FFC.KA
2025-01-16 00:00:00+05:00,360.8732114493165,365.89798458094174,356.8886818598187,357.7060241699219,3177510,0.0,0.0,0.0,-0.008776421462393547,0.020234934785990213,3694841.8,353.6922332763672,0,16,1,2025,3,FFC.KA
2025-01-17 00:00:00+05:00,357.7710442082695,365.0063206487705,355.7276884459714,359.46142578125,3573120,0.0,0.0,0.0,0.0049073862130268875,0.019937289442922935,3502922.65,354.4552368164062,0,17,1,2025,4,FFC.KA
2025-01-20 00:00:00+05:00,362.229238382335,368.2663923553739,360.93820261965857,363.0558776855469,3858034,0.0,0.0,0.0,0.009999548342314313,0.01806113856382635,3501976.15,354.7204086303711,0,20,1,2025,0,FFC.KA
2025-01-21 00:00:00+05:00,364.086820005898,373.27259547314634,362.74005895123537,367.0682373046875,5473618,0.0,0.0,0.0,0.011051631073208723,0.016263188114051638,3611025.8,354.53929443359374,0,21,1,2025,1,FFC.KA
2025-01-22 00:00:00+05:00,368.7307845712438,369.6502804801581,364.0961170293699,366.48309326171875,2914788,0.0,0.0,0.0,-0.0015941015416244264,0.013878639427310184,3374980.65,355.0055465698242,0,22,1,2025,2,FFC.KA
2025-01-23 00:00:00+05:00,366.9660953731433,369.4738192983563,364.82985460961623,365.71221923828125,2792304,0.0,0.0,0.0,-0.0021034367958878697,0.011916506356959043,3387990.45,355.95523834228516,0,23,1,2025,3,FFC.KA
2025-01-24 00:00:00+05:00,366.87320165339077,386.28496792007314,366.87320165339077,379.00323486328125,8399194,0.0,0.0,0.0,0.036342826205487455,0.014086870133289109,3713665.75,357.52489776611327,0,24,1,2025,4,FFC.KA
2025-01-27 00:00:00+05:00,385.33761912372483,388.2354485587063,379.4862066004635,380.48931884765625,3659868,0.0,0.0,0.0,0.003921032454804907,0.01386516242159005,3711001.6,359.27660217285154,0,27,1,2025,0,FFC.KA
2025-01-28 00:00:00+05:00,381.269498788965,383.8236793533247,362.3313972900383,370.2818908691406,5986835,0.0,0.0,0.0,-0.026827107813248707,0.014960821693626305,3846602.5,360.77892608642577,0,28,1,2025,1,FFC.KA
2025-01-29 00:00:00+05:00,371.51714681857055,374.30352541970984,356.65646094582775,361.4768981933594,9273783,0.0,0.0,0.0,-0.023779160939018107,0.016216541773710864,4310291.65,361.84100036621095,0,29,1,2025,2,FFC.KA
2025-01-30 00:00:00+05:00,362.2292373817533,366.8732019635707,357.59456979934293,364.4769287109375,2914119,0.0,0.0,0.0,0.00829936998068792,0.014571512993358798,4275649.5,362.47350921630857,0,30,1,2025,3,FFC.KA
2025-01-31 00:00:00+05:00,364.4490561464824,367.7648252259038,362.27565583812566,363.6317138671875,1477425,0.0,0.0,0.0,-0.0023189803720616853,0.013447580968367387,4074790.3,362.6086486816406,0,31,1,2025,4,FFC.KA
2025-02-03 00:00:00+05:00,364.08680545271557,364.08680545271557,355.7276696132399,356.96295166015625,1946531,0.0,0.0,0.0,-0.018339330571884416,0.013781883848161479,3896307.25,362.6434783935547,0,3,2,2025,0,FFC.KA
2025-02-04 00:00:00+05:00,360.36233992534125,360.37163692437093,353.405690334338,353.84222412109375,1348815,0.0,0.0,0.0,-0.008742440985958555,0.013850913265403613,3718005.0,362.63604736328125,0,4,2,2025,1,FFC.KA
2025-02-06 00:00:00+05:00,353.67506195756835,353.67506195756835,346.07751437279654,349.6162414550781,2573724,0.0,0.0,0.0,-0.011943127128234976,0.014066782401659362,3491706.2,362.3434783935547,0,6,2,2025,3,FFC.KA
2025-02-07 00:00:00+05:00,350.52643549565283,356.65647431687614,349.22613110194123,355.55120849609375,1067512,0.0,0.0,0.0,0.016975661703571676,0.014602828019079807,3460118.55,362.3908462524414,0,7,2,2025,4,FFC.KA
2025-02-10 00:00:00+05:00,356.65647429651744,358.50476310088385,352.95986834327476,356.1363525390625,927817,0.0,0.0,0.0,0.001645737741811537,0.01456296504443301,3388341.0,362.3773788452148,0,10,2,2025,0,FFC.KA
2025-02-11 00:00:00+05:00,356.656469929933,363.04656955129917,356.42427170732236,361.3747253417969,1300398,0.0,0.0,0.0,0.014708896649801684,0.014876781667662221,3354571.05,362.5190185546875,0,11,2,2025,1,FFC.KA
2025-02-12 00:00:00+05:00,363.15803181713306,365.94441057787833,359.4428601361394,361.1889953613281,1429695,0.0,0.0,0.0,-0.0005139539858330933,0.014844794983247873,3344550.5,362.7196380615234,0,12,2,2025,2,FFC.KA
2025-02-13 00:00:00+05:00,361.18899612989003,364.45833701209745,360.1394555926544,360.4088134765625,900614,0.0,0.0,0.0,-0.0021600378050974367,0.014677789064727016,3249785.2,362.69641876220703,0,13,2,2025,3,FFC.KA
2025-02-14 00:00:00+05:00,360.8360390366245,364.2725840795391,360.3809395891638,362.82366943359375,951558,0.0,0.0,0.0,0.0067003243725844985,0.014596390509162996,3138487.6,362.9523010253906,0,14,2,2025,4,FFC.KA
2025-02-17 00:00:00+05:00,363.158050066428,365.0156360002716,360.8360676491235,362.71221923828125,1050356,0.0,0.0,0.0,-0.0003071745442806417,0.01456591849941986,3012349.4,363.1148406982422,0,17,2,2025,0,FFC.KA
2025-02-18 00:00:00+05:00,363.2044683169881,364.78342765482614,361.3004541253402,364.20758056640625,1357158,0.0,0.0,0.0,0.004122721123830164,0.014423859394347292,2887305.6,363.1724258422852,0,18,2,2025,1,FFC.KA
2025-02-19 00:00:00+05:00,365.01560322288265,369.6502706413984,365.01560322288265,368.50787353515625,3874273,0.0,0.0,0.0,0.011807258273049293,0.014454579648495029,2807338.35,363.2444076538086,0,19,2,2025,2,FFC.KA
2025-02-20 00:00:00+05:00,369.6595563396718,370.5883491947966,368.3127953619374,369.1951599121094,4448109,0.0,0.0,0.0,0.0018650520824965433,0.014451483976007928,2884004.4,363.3800109863281,0,20,2,2025,3,FFC.KA
2025-02-21 00:00:00+05:00,370.48620733011853,370.48620733011853,367.80198228835667,368.39642333984375,2255486,0.0,0.0,0.0,-0.002163453530798609,0.014452052191233501,2857163.5,363.51422119140625,0,21,2,2025,4,FFC.KA
2025-02-24 00:00:00+05:00,367.8019663870446,378.85459556664256,367.8019663870446,376.24468994140625,2649788,0.0,0.0,0.0,0.021303862101621274,0.01278176501906033,2569693.2,363.3762939453125,0,24,2,2025,0,FFC.KA
2025-02-25 00:00:00+05:00,376.2540295301928,382.56981024930445,372.39954445847707,374.219970703125,2365345,0.0,0.0,0.0,-0.005381389538272496,0.012789820839746483,2504967.05,363.0628265380859,0,25,2,2025,1,FFC.KA
2025-02-26 00:00:00+05:00,374.3035379998747,375.20446824497,371.98155575421794,373.33758544921875,417315,0.0,0.0,0.0,-0.0023579320265787462,0.011240807622337829,2226491.05,363.21561126708986,0,26,2,2025,2,FFC.KA
2025-02-27 00:00:00+05:00,373.839153586294,375.1301893618081,371.7493694979234,373.0404052734375,465521,0.0,0.0,0.0,-0.0007960092617614878,0.00970045776217244,1786077.95,363.7937866210938,0,27,2,2025,3,FFC.KA
2025-02-28 00:00:00+05:00,370.1239944632999,374.3035627822079,367.80201206390655,369.1487731933594,873235,0.0,0.0,0.0,-0.010432199903990469,0.00992335404950627,1684033.75,364.02737884521486,0,28,2,2025,4,FFC.KA
2025-03-03 00:00:00+05:00,371.0527676122266,371.0527676122266,367.80199242663764,368.015625,758785,0.0,0.0,0.0,-0.0030696247032245827,0.009936718989122595,1648101.75,364.24657440185547,0,3,3,2025,0,FFC.KA
2025-03-04 00:00:00+05:00,368.015625,368.015625,368.015625,368.015625,0,0.0,0.0,0.0,0.0,0.008882810364337591,1550775.2,364.79920806884763,0,4,3,2025,1,FFC.KA
2025-03-05 00:00:00+05:00,370.58835979299676,373.57907400580837,367.8112781469965,368.7029113769531,1159512,0.0,0.0,0.0,0.0018675467297160075,0.00854536445342479,1541310.05,365.5422424316406,0,5,3,2025,2,FFC.KA
2025-03-06 00:00:00+05:00,369.65959564801585,371.50788455601224,366.40882030940264,369.7617492675781,2749521,0.0,0.0,0.0,0.0028717915100553437,0.007880834071010688,1550099.9,366.5495178222656,0,6,3,2025,3,FFC.KA
2025-03-07 00:00:00+05:00,369.79889006665894,370.4954847465576,365.01561226692314,367.820556640625,1509104,0.0,0.0,0.0,-0.005249847045558975,0.0073295451922107185,1572179.5,367.16298522949216,0,7,3,2025,4,FFC.KA
2025-03-10 00:00:00+05:00,368.7307747922817,371.5078564440259,365.01560325785067,366.16729736328125,1613423,0.0,0.0,0.0,-0.004494744101426251,0.007460395365331413,1606459.8,367.66453247070314,0,10,3,2025,0,FFC.KA
2025-03-11 00:00:00+05:00,365.0156147667135,367.6162235850081,364.0868218538211,364.8391418457031,480872,0.0,0.0,0.0,-0.003627182239216875,0.006841885202899407,1565483.5,367.83775329589844,0,11,3,2025,1,FFC.KA
2025-03-12 00:00:00+05:00,364.272583508381,365.9443993758475,359.4428491331294,360.6502685546875,1033336,0.0,0.0,0.0,-0.011481425128412326,0.007348154801500678,1545665.55,367.8108169555664,0,12,3,2025,2,FFC.KA
2025-03-13 00:00:00+05:00,363.9475194815926,367.2911797370093,362.27567518162874,365.4057312011719,673213,0.0,0.0,0.0,0.013185800929920166,0.007896850531834254,1534295.5,368.0606628417969,0,13,3,2025,3,FFC.KA
2025-03-14 00:00:00+05:00,367.80199021078926,370.58836892450734,366.8731973062166,369.1858825683594,960831,0.0,0.0,0.0,0.01034507957705344,0.008082052020040992,1534759.15,368.37877349853517,0,14,3,2025,4,FFC.KA
2025-03-17 00:00:00+05:00,370.9598730868206,373.36544326078575,362.22922562526736,366.47381591796875,1859547,0.0,0.0,0.0,-0.007346073559268529,0.00828804023840412,1575218.7,368.56685333251954,0,17,3,2025,0,FFC.KA
2025-03-18 00:00:00+05:00,367.74628353881434,374.28499385480376,365.9444229450771,371.71221923828125,2116605,0.0,0.0,0.0,0.014294072571572336,0.008814265589976111,1613191.05,368.9420852661133,0,18,3,2025,1,FFC.KA
2025-03-19 00:00:00+05:00,373.38403363713434,373.6069348574216,370.1239615678869,370.9320068359375,2459057,0.0,0.0,0.0,-0.0020989689387735933,0.00846310263976042,1542430.25,369.0632919311523,0,19,3,2025,2,FFC.KA
2025-03-20 00:00:00+05:00,372.5299708822819,381.3530491400201,372.5299708822819,374.8631896972656,1798871,21.0,0.0,0.0,0.010598122536960908,0.008764667892173303,1409968.35,369.34669342041013,0,20,3,2025,3,FFC.KA
2025-03-21 00:00:00+05:00,374.86320350983294,376.3435296012738,369.58895841459656,370.765380859375,846847,0.0,0.0,0.0,-0.010931478338003675,0.009132192090490586,1339536.4,369.4651412963867,0,21,3,2025,4,FFC.KA
2025-03-24 00:00:00+05:00,371.5496158472338,372.38291252593837,364.6872218869947,365.4617004394531,905239,0.0,0.0,0.0,-0.014304680786617063,0.008263899517105275,1252308.95,368.9259918212891,0,24,3,2025,0,FFC.KA
2025-03-25 00:00:00+05:00,365.236226400635,367.6282633609837,360.87369237501883,366.38323974609375,1273893,0.0,0.0,0.0,0.002521575600213488,0.00825347283286142,1197736.35,368.5341552734375,0,25,3,2025,1,FFC.KA
2025-03-26 00:00:00+05:00,367.62825985356227,370.56928593239076,365.59894467893116,366.73614501953125,725327,0.0,0.0,0.0,0.0009632134747268317,0.00825865828992636,1213136.95,368.20408325195314,0,26,3,2025,2,FFC.KA
2025-03-27 00:00:00+05:00,366.64791253036407,367.62825454247735,360.77567345145803,362.49127197265625,1526604,0.0,0.0,0.0,-0.011574733236749624,0.008598995662986823,1266191.1,367.67662658691404,0,27,3,2025,3,FFC.KA
2025-03-28 00:00:00+05:00,362.49127197265625,362.49127197265625,362.49127197265625,362.49127197265625,0,0.0,0.0,0.0,0.0,0.008334493371798306,1222529.35,367.34375152587893,0,28,3,2025,4,FFC.KA
2025-03-31 00:00:00+05:00,362.49127197265625,362.49127197265625,362.49127197265625,362.49127197265625,0,0.0,0.0,0.0,0.0,0.008320234116750994,1184590.1,367.0675338745117,0,31,3,2025,0,FFC.KA
2025-04-03 00:00:00+05:00,363.70688937713476,364.6872313970192,357.83465025167936,360.62860107421875,1415857,0.0,0.0,0.0,-0.005138526200371585,0.00837588187809549,1255382.95,366.6981826782227,0,3,4,2025,3,FFC.KA
2025-04-04 00:00:00+05:00,360.2757007062597,366.8047823010154,360.2757007062597,363.0990905761719,1747673,0.0,0.0,0.0,0.006850509068316191,0.008537593736041191,1284791.0,366.4179916381836,0,4,4,2025,4,FFC.KA
2025-04-07 00:00:00+05:00,361.7462188413424,362.2363898695827,337.2376674293273,357.70721435546875,2699575,0.0,0.0,0.0,-0.0148495999043875,0.009048339308471308,1282293.7,365.8152648925781,0,7,4,2025,0,FFC.KA
2025-04-08 00:00:00+05:00,358.8051842280342,361.9912958366164,354.88381609439443,355.6582946777344,1957241,0.0,0.0,0.0,-0.005727923831299275,0.009059066941247656,1304700.55,365.20715179443357,0,8,4,2025,1,FFC.KA
2025-04-09 00:00:00+05:00,354.88382775443114,357.72681376119596,348.1194734851864,354.00152587890625,1810470,0.0,0.0,0.0,-0.004658316208621893,0.00906185247900498,1314552.9,364.59886322021487,0,9,4,2025,2,FFC.KA
2025-04-10 00:00:00+05:00,362.7265544270988,365.66758054407524,354.8838181151615,355.3935852050781,951478,0.0,0.0,0.0,0.003932354027897711,0.009132382000911331,1338083.2,364.12658538818357,0,10,4,2025,3,FFC.KA
2025-04-11 00:00:00+05:00,355.8641661613567,355.8641661613567,348.02142971702926,348.8253173828125,1293884,0.0,0.0,0.0,-0.01848167242094545,0.009663036493186384,1351110.6,363.5353378295898,0,11,4,2025,4,FFC.KA
2025-04-14 00:00:00+05:00,349.1095933731388,351.5506654238055,341.0609935124815,344.8941345214844,2034307,0.0,0.0,0.0,-0.01126977505768001,0.00922828007957674,1419165.3,362.50975799560547,0,14,4,2025,0,FFC.KA
2025-04-15 00:00:00+05:00,345.5705746482441,350.80559763577423,344.10006156463453,345.80584716796875,1260194,0.0,0.0,0.0,0.0026434565138351296,0.008799697866194944,1434133.45,361.34075622558595,0,15,4,2025,1,FFC.KA
2025-04-16 00:00:00+05:00,346.55092104971146,349.9821182878274,345.08040794766174,346.452880859375,851256,0.0,0.0,0.0,0.0018710895050075838,0.008814074713815335,1383718.9,360.33970947265624,0,16,4,2025,2,FFC.KA
2025-04-17 00:00:00+05:00,345.08040306157034,349.0017712781791,343.1687240889075,345.13922119140625,868913,0.0,0.0,0.0,-0.003791741216612854,0.007846041317802583,1321334.3,359.0110595703125,0,17,4,2025,3,FFC.KA
2025-04-18 00:00:00+05:00,345.13920593834104,345.13920593834104,333.3162836811805,337.845458984375,2144220,0.0,0.0,0.0,-0.02113281180230253,0.00874770520561641,1305592.45,357.3567321777344,0,18,4,2025,4,FFC.KA
2025-04-21 00:00:00+05:00,338.2866327251708,340.1688726758495,332.6300400438166,336.6298522949219,1781417,0.0,0.0,0.0,-0.003598114632375027,0.007990738117846483,1304719.75,355.4450653076172,0,21,4,2025,0,FFC.KA
2025-04-22 00:00:00+05:00,335.7769652472077,357.81503539230664,335.7769652472077,353.1094055175781,3244836,0.0,0.0,0.0,0.04895452114632559,0.014418124960885965,1424619.2,354.56226654052733,0,22,4,2025,1,FFC.KA
2025-04-23 00:00:00+05:00,350.00170518432265,361.726617551376,348.02142502916394,351.5310363769531,1729427,0.0,0.0,0.0,-0.004469915317920958,0.014153858251145028,1465828.6,353.86573333740233,0,23,4,2025,2,FFC.KA
2025-04-24 00:00:00+05:00,343.1197214810376,352.87413695877893,343.1197214810376,347.4724426269531,1424330,0.0,0.0,0.0,-0.01154547772461234,0.014274307426625554,1473350.45,352.9201934814453,0,24,4,2025,3,FFC.KA
2025-04-25 00:00:00+05:00,347.0410741125847,354.3936392420886,343.1197060435159,351.8349609375,1460600,0.0,0.0,0.0,0.01255500516117336,0.014654779042185451,1510114.1,352.1751342773438,0,25,4,2025,4,FFC.KA
2025-04-28 00:00:00+05:00,352.82507696383146,357.2268328522539,347.53123619016554,351.2957458496094,1293660,0.0,0.0,0.0,-0.0015325796119118884,0.01447941992503892,1498466.9,351.61535797119143,0,28,4,2025,0,FFC.KA
2025-04-29 00:00:00+05:00,350.972244644735,352.8250754445914,344.1000377362366,349.6291809082031,1015748,0.0,0.0,0.0,-0.0047440510199623365,0.014492932229371565,1549254.3,350.9722534179688,0,29,4,2025,1,FFC.KA
2025-04-30 00:00:00+05:00,346.05093420083233,348.2175116942459,341.15903689487203,343.7863464355469,2490268,0.0,0.0,0.0,-0.016711518350610244,0.014866290609879295,1673767.7,350.0370071411133,0,30,4,2025,2,FFC.KA
2025-05-02 00:00:00+05:00,347.03127914401887,352.8251043571265,343.6294909707018,344.9431457519531,1181451,0.0,0.0,0.0,0.0033648785892754773,0.014909664000567464,1662047.4,349.252734375,0,2,5,2025,4,FFC.KA
2025-05-05 00:00:00+05:00,346.5411050633021,349.9723022717927,343.1197208490601,349.4037170410156,520825,0.0,0.0,0.0,0.012931323158599906,0.015162022415849944,1600705.0,348.5679656982422,0,5,5,2025,0,FFC.KA
2025-05-06 00:00:00+05:00,349.00176449668373,354.8348115726127,348.5115934791322,349.619384765625,822914,0.0,0.0,0.0,0.0006172450780883576,0.014853397421903662,1506871.95,348.16357421875,0,6,5,2025,1,FFC.KA
2025-05-07 00:00:00+05:00,323.52268888574446,360.2658897033405,323.52268888574446,349.0899963378906,4727615,0.0,0.0,0.0,-0.0015141849988932199,0.014813228100125924,1645390.65,347.8351593017578,0,7,5,2025,2,FFC.KA
2025-05-08 00:00:00+05:00,350.0,354.0,314.17999267578125,331.29998779296875,5731517,7.0,0.0,0.0,-0.0509610952234294,0.01858206185000168,1841443.0,346.70008239746096,0,8,5,2025,3,FFC.KA
2025-05-09 00:00:00+05:00,329.8999938964844,339.5,325.0,337.6600036621094,3507282,0.0,0.0,0.0,0.019197150931122398,0.01919151902075669,1969233.2,345.8134033203125,0,9,5,2025,4,FFC.KA
2025-05-12 00:00:00+05:00,371.42999267578125,371.42999267578125,366.0,371.42999267578125,3064636,0.0,0.0,0.0,0.10001181261451664,0.0294877086218991,2057770.8,346.9436370849609,0,12,5,2025,0,FFC.KA
2025-05-13 00:00:00+05:00,380.0,380.0,366.04998779296875,368.7900085449219,1503139,0.0,0.0,0.0,-0.007107622386229306,0.02939219300062664,2031212.4,348.1384307861328,0,13,5,2025,1,FFC.KA
2025-05-14 00:00:00+05:00,369.8999938964844,378.6000061035156,365.010009765625,372.3599853515625,10549653,0.0,0.0,0.0,0.009680242750409906,0.029420329888432625,2495685.35,349.4661376953125,0,14,5,2025,2,FFC.KA
2025-05-15 00:00:00+05:00,373.989990234375,374.9800109863281,370.5,373.55999755859375,874562,0.0,0.0,0.0,0.0032227206312145373,0.029416483575188525,2496850.65,350.8214935302734,0,15,5,2025,3,FFC.KA
2025-05-16 00:00:00+05:00,372.8999938964844,372.8999938964844,368.0,368.3599853515625,825762,0.0,0.0,0.0,-0.01392015269572755,0.02964706588568945,2494693.1,351.98253173828124,0,16,5,2025,4,FFC.KA
