Date,Open,High,Low,Close,Volume,Dividends,Stock Splits,Capital Gains,Returns,Volatility,Volume_MA,Price_MA,Hour,Day,Month,Year,DayOfWeek,Ticker
2020-05-18 00:00:00+05:00,449.0408966703543,449.06980556732015,432.68743068610894,434.3352966308594,430142,0.0,0.0,0.0,,,,,0,18,5,2020,0,LUCK.KA
2020-05-19 00:00:00+05:00,435.4820823329135,443.26854552188337,428.97731558042597,439.3464050292969,931273,0.0,0.0,0.0,0.011537419218075717,,,,0,19,5,2020,1,LUCK.KA
2020-05-20 00:00:00+05:00,439.43315064347496,448.10617335354357,435.7230183801757,440.59918212890625,1147029,0.0,0.0,0.0,0.002851456357144455,,,,0,20,5,2020,2,LUCK.KA
2020-05-21 00:00:00+05:00,439.4331246501136,442.1795875609464,434.80752457523056,436.12774658203125,540727,0.0,0.0,0.0,-0.010148533470420218,,,,0,21,5,2020,3,LUCK.KA
2020-05-22 00:00:00+05:00,436.12774658203125,436.12774658203125,436.12774658203125,436.12774658203125,0,0.0,0.0,0.0,0.0,,,,0,22,5,2020,4,LUCK.KA
2020-05-25 00:00:00+05:00,436.12774658203125,436.12774658203125,436.12774658203125,436.12774658203125,0,0.0,0.0,0.0,0.0,,,,0,25,5,2020,0,LUCK.KA
2020-05-26 00:00:00+05:00,436.12774658203125,436.12774658203125,436.12774658203125,436.12774658203125,0,0.0,0.0,0.0,0.0,,,,0,26,5,2020,1,LUCK.KA
2020-05-27 00:00:00+05:00,436.12774658203125,436.12774658203125,436.12774658203125,436.12774658203125,0,0.0,0.0,0.0,0.0,,,,0,27,5,2020,2,LUCK.KA
2020-05-28 00:00:00+05:00,436.1277637186944,437.21671458719317,429.80609631049606,433.1307373046875,380605,0.0,0.0,0.0,-0.006871861056379824,,,,0,28,5,2020,3,LUCK.KA
2020-05-29 00:00:00+05:00,431.82014962524835,445.2151448549144,431.82014962524835,443.6058044433594,930336,0.0,0.0,0.0,0.02418453883891214,,,,0,29,5,2020,4,LUCK.KA
2020-06-01 00:00:00+05:00,444.2514583858252,447.142465707208,436.55175163070675,437.5828552246094,222059,0.0,0.0,0.0,-0.013577255208163108,,,,0,1,6,2020,0,LUCK.KA
2020-06-02 00:00:00+05:00,437.6021850551971,440.3968198243915,435.5784738744529,436.4457702636719,406554,0.0,0.0,0.0,-0.0025985592153829895,,,,0,2,6,2020,1,LUCK.KA
2020-06-03 00:00:00+05:00,436.55176759995913,438.95129435365146,432.6874449281877,433.88238525390625,155505,0.0,0.0,0.0,-0.005873318484028389,,,,0,3,6,2020,2,LUCK.KA
2020-06-04 00:00:00+05:00,433.6511392688709,434.6148084672462,428.84243937981034,429.9506530761719,185296,0.0,0.0,0.0,-0.009061746480981347,,,,0,4,6,2020,3,LUCK.KA
2020-06-05 00:00:00+05:00,430.7504459922706,436.5421067531826,428.9291266672917,435.0484313964844,137300,0.0,0.0,0.0,0.0118566590929432,,,,0,5,6,2020,4,LUCK.KA
2020-06-08 00:00:00+05:00,437.0046962367906,442.13139375828916,435.67482810587325,441.167724609375,370234,0.0,0.0,0.0,0.014065774684551835,,,,0,8,6,2020,0,LUCK.KA
2020-06-09 00:00:00+05:00,441.3604956846768,452.8281533370719,437.98765346874586,450.3033447265625,1548360,0.0,0.0,0.0,0.020707816115234756,,,,0,9,6,2020,1,LUCK.KA
2020-06-10 00:00:00+05:00,452.92448836978053,456.7791648665446,449.0794579750896,450.4285888671875,521415,0.0,0.0,0.0,0.00027813282333277733,,,,0,10,6,2020,2,LUCK.KA
2020-06-11 00:00:00+05:00,450.56350501914073,461.1060480062247,449.0794756837369,458.6776123046875,758331,0.0,0.0,0.0,0.018313720845841486,,,,0,11,6,2020,3,LUCK.KA
2020-06-12 00:00:00+05:00,454.36999317833977,458.70650424791035,451.96082036191166,454.4759826660156,736409,0.0,0.0,0.0,-0.00916031113347826,,470078.75,439.98097534179686,0,12,6,2020,4,LUCK.KA
2020-06-15 00:00:00+05:00,454.813278453754,454.813278453754,434.6629532350343,439.4620361328125,693851,0.0,0.0,0.0,-0.03303573149262884,0.013480915264836996,483264.2,440.23731231689453,0,15,6,2020,0,LUCK.KA
2020-06-16 00:00:00+05:00,441.2544921682883,444.2418430804002,435.5784666175771,436.7734069824219,346356,0.0,0.0,0.0,-0.006118000940536494,0.013309033985532919,454018.35,440.1086624145508,0,16,6,2020,1,LUCK.KA
2020-06-17 00:00:00+05:00,442.2663076419062,442.32412543631426,430.27826145384387,431.99359130859375,316998,0.0,0.0,0.0,-0.010943467705259113,0.013498176828284764,412516.8,439.67838287353516,0,17,6,2020,2,LUCK.KA
2020-06-18 00:00:00+05:00,433.6414798525683,436.5421334614552,427.20417686318103,429.0833435058594,373705,0.0,0.0,0.0,-0.006736784668306406,0.013396306179903695,404165.7,439.32616271972654,0,18,6,2020,3,LUCK.KA
2020-06-19 00:00:00+05:00,429.3145899518048,432.4946862619829,420.1597333759526,423.59039306640625,273630,0.0,0.0,0.0,-0.012801593262913746,0.01366284568276054,417847.2,438.6992950439453,0,19,6,2020,4,LUCK.KA
2020-06-22 00:00:00+05:00,424.0144184098241,427.7727221457779,412.9322233832037,426.095947265625,574274,0.0,0.0,0.0,0.00591504019031408,0.013757720601373421,446560.9,438.197705078125,0,22,6,2020,0,LUCK.KA
2020-06-23 00:00:00+05:00,428.8327478093881,433.6510932903924,428.023269297641,431.5213928222656,310687,0.0,0.0,0.0,0.012732919877453064,0.01410032566198768,462095.25,437.9673873901367,0,23,6,2020,1,LUCK.KA
2020-06-24 00:00:00+05:00,431.5214216492863,433.1692876793954,426.9536098301337,429.09295654296875,307778,0.0,0.0,0.0,-0.005627615037609779,0.014147236095165354,477484.15,437.6156478881836,0,24,6,2020,2,LUCK.KA
2020-06-25 00:00:00+05:00,429.7964273930904,430.66372371906476,424.0144126747977,425.7104797363281,401288,0.0,0.0,0.0,-0.00788285324907656,0.014172167589288777,478518.3,437.2446350097656,0,25,6,2020,3,LUCK.KA
2020-06-26 00:00:00+05:00,438.46945184135467,438.46945184135467,430.7600988419463,436.1373596191406,931211,0.0,0.0,0.0,0.02449288983740927,0.014200880323869736,478562.05,436.8712127685547,0,26,6,2020,4,LUCK.KA
2020-06-29 00:00:00+05:00,436.53247585306366,444.97422695998495,428.83276880821506,443.50946044921875,695486,0.0,0.0,0.0,0.016903162885463008,0.014386476443848814,502233.4,437.1675430297852,0,29,6,2020,0,LUCK.KA
2020-06-30 00:00:00+05:00,446.1691713206343,447.14248657508836,444.2514791187839,444.8103942871094,564207,0.0,0.0,0.0,0.0029332719003849483,0.014371447247941253,510116.05,437.58577423095704,0,30,6,2020,1,LUCK.KA
2020-07-01 00:00:00+05:00,445.77405720232855,478.1629922439029,445.77405720232855,476.4476623535156,1923929,0.0,0.0,0.0,0.0711252895002843,0.021139548443680288,598537.25,439.7140380859375,0,1,7,2020,2,LUCK.KA
2020-07-02 00:00:00+05:00,477.01624474679267,483.7619290159392,471.2438757615976,477.39208984375,1339621,0.0,0.0,0.0,0.001982227146564597,0.020898579888044177,656253.5,442.0861099243164,0,2,7,2020,3,LUCK.KA
2020-07-03 00:00:00+05:00,473.3060679953687,475.9079863036865,467.38915507132316,471.9665832519531,506230,0.0,0.0,0.0,-0.01136488581864148,0.021167249471430307,674700.0,443.93201751708983,0,3,7,2020,4,LUCK.KA
2020-07-06 00:00:00+05:00,474.02883783752685,477.49805257757953,470.51145140464826,473.5277404785156,541663,0.0,0.0,0.0,0.003307770681148181,0.021042045922708065,683271.45,445.5500183105469,0,6,7,2020,0,LUCK.KA
2020-07-07 00:00:00+05:00,477.0162304344112,485.4483355178478,475.1852649266347,476.5247497558594,1093917,0.0,0.0,0.0,0.0063291102530027565,0.02067462639127518,660549.3,446.86108856201173,0,7,7,2020,1,LUCK.KA
2020-07-08 00:00:00+05:00,479.9168890343906,481.8056723584401,468.34321298176667,471.3402099609375,1098664,0.0,0.0,0.0,-0.010879896159807223,0.020902150355102348,689411.75,447.9066696166992,0,8,7,2020,2,LUCK.KA
2020-07-09 00:00:00+05:00,474.1252193804007,476.6596739373824,469.43215534926657,471.166748046875,674664,0.0,0.0,0.0,-0.00036801849364154204,0.020571871199751908,685228.4,448.53112640380857,0,9,7,2020,3,LUCK.KA
2020-07-10 00:00:00+05:00,470.51145631017823,481.35273410534364,468.34320075114516,478.375,587912,0.0,0.0,0.0,0.01529872806815269,0.020629211970651328,677803.55,449.7260772705078,0,10,7,2020,4,LUCK.KA
2020-07-13 00:00:00+05:00,491.4712644031472,505.8203121016746,487.13475324664887,497.51348876953125,1856608,0.0,0.0,0.0,0.04000729295956362,0.0204225571034486,735941.4,452.62864990234374,0,13,7,2020,0,LUCK.KA
2020-07-14 00:00:00+05:00,497.2532760579574,500.144283476899,491.47126122007415,493.7744445800781,887270,0.0,0.0,0.0,-0.007515462944935769,0.020470030231203532,762987.1,455.47870178222655,0,14,7,2020,1,LUCK.KA
2020-07-15 00:00:00+05:00,495.3163117920344,497.2532962522208,490.03542351396516,493.7070007324219,896411,0.0,0.0,0.0,-0.0001365883722751482,0.02012944080446505,791957.75,458.56437225341796,0,15,7,2020,2,LUCK.KA
2020-07-16 00:00:00+05:00,495.30664244226466,511.60232042856745,494.62247500076705,506.4466552734375,1402086,0.0,0.0,0.0,0.025804079184852835,0.020284919118340322,843376.8,462.4325378417969,0,16,7,2020,3,LUCK.KA
2020-07-17 00:00:00+05:00,506.45630763066373,510.74464709148066,502.32218817103,506.7358093261719,421958,0.0,0.0,0.0,0.0005709467122025913,0.019758956494878417,850793.2,466.58980865478514,0,17,7,2020,4,LUCK.KA
2020-07-20 00:00:00+05:00,508.80763461498606,517.4421308560641,506.88994253220665,511.2842712402344,972392,0.0,0.0,0.0,0.008976002544818673,0.019744173906311592,870699.1,470.84922485351564,0,20,7,2020,0,LUCK.KA
2020-07-21 00:00:00+05:00,511.7083282349901,524.2167352146264,508.8173207308376,515.3027954101562,1153843,0.0,0.0,0.0,0.007859667108816026,0.019730090981671534,912856.9,475.03829498291014,0,21,7,2020,1,LUCK.KA
2020-07-22 00:00:00+05:00,520.3813349298513,543.4034047710505,514.5993200972973,538.864501953125,1981192,0.0,0.0,0.0,0.04572400296065693,0.021013489680785195,996527.6,480.526872253418,0,22,7,2020,2,LUCK.KA
2020-07-23 00:00:00+05:00,538.6814279999529,538.6814279999529,518.454021229364,520.74755859375,920867,0.0,0.0,0.0,-0.03362059162128839,0.022970197987552003,1022506.55,485.2787261962891,0,23,7,2020,3,LUCK.KA
2020-07-24 00:00:00+05:00,520.3716579628008,520.3716579628008,505.97443953097667,512.2190551757812,898199,0.0,0.0,0.0,-0.01637742371946882,0.02346053569295948,1020855.95,489.0828109741211,0,24,7,2020,4,LUCK.KA
2020-07-27 00:00:00+05:00,512.6719259677216,529.0542995418781,506.88991176507807,525.2767333984375,1089358,0.0,0.0,0.0,0.02549237106802904,0.023703133909468693,1040549.55,493.17117462158205,0,27,7,2020,0,LUCK.KA
2020-07-28 00:00:00+05:00,530.9817210997765,543.0372320186995,530.9817210997765,538.9801635742188,1592868,0.0,0.0,0.0,0.026088020474698714,0.02396769278596581,1091982.6,497.8796630859375,0,28,7,2020,1,LUCK.KA
2020-07-29 00:00:00+05:00,541.4857375537151,561.7227904004126,534.8363966627205,548.1061401367188,1954914,0.0,0.0,0.0,0.01693193401030113,0.019290387298984565,1093531.85,501.4625869750977,0,29,7,2020,2,LUCK.KA
2020-07-30 00:00:00+05:00,547.470064613496,563.6501072239453,545.5042007293242,560.3350830078125,1413292,0.0,0.0,0.0,0.022311267792116674,0.019534721313017256,1097215.4,505.60973663330077,0,30,7,2020,3,LUCK.KA
2020-07-31 00:00:00+05:00,560.3350830078125,560.3350830078125,560.3350830078125,560.3350830078125,0,0.0,0.0,0.0,0.0,0.01909532935027136,1071903.9,510.0281616210938,0,31,7,2020,4,LUCK.KA
2020-08-03 00:00:00+05:00,564.6908145608371,583.9641970442837,564.6908145608371,578.2111206054688,3541142,0.0,0.0,0.0,0.03190240650594256,0.01972339928420392,1221877.85,515.2623306274414,0,3,8,2020,0,LUCK.KA
2020-08-04 00:00:00+05:00,573.3831690478951,580.9961791892243,554.2061286064402,562.0697021484375,2642222,0.0,0.0,0.0,-0.027916132848031183,0.021486615797974104,1299293.1,519.5395782470703,0,4,8,2020,1,LUCK.KA
2020-08-05 00:00:00+05:00,564.7101288368506,583.9835120736032,555.218011119829,578.134033203125,4073775,0.0,0.0,0.0,0.02858067423539068,0.021424300754280756,1448048.65,524.8792694091796,0,5,8,2020,2,LUCK.KA
2020-08-06 00:00:00+05:00,583.0198637965444,588.7055355821361,578.1340539128857,581.3045043945312,2265063,0.0,0.0,0.0,0.005483972589955366,0.021307983897423714,1527568.6,530.3861572265625,0,6,8,2020,3,LUCK.KA
2020-08-07 00:00:00+05:00,582.056208807149,594.4875652706737,570.6945698791436,580.0421142578125,2422251,0.0,0.0,0.0,-0.0021716503608270044,0.021470179388381215,1619285.55,535.4695129394531,0,7,8,2020,4,LUCK.KA
2020-08-10 00:00:00+05:00,576.2741456219949,585.9011909181262,573.5372993850739,579.5988159179688,1579910,0.0,0.0,0.0,-0.0007642519895489919,0.020368375183495855,1605450.65,539.573779296875,0,10,8,2020,0,LUCK.KA
2020-08-11 00:00:00+05:00,583.0198732202905,602.2932574589778,583.0198732202905,594.2466430664062,2910054,0.0,0.0,0.0,0.025272355198376673,0.02038510864737248,1706589.85,544.5973892211914,0,11,8,2020,1,LUCK.KA
2020-08-12 00:00:00+05:00,598.4192328221008,605.1745627811346,586.0168159219007,588.753662109375,1726336,0.0,0.0,0.0,-0.009243604521998794,0.020710819062184273,1748086.1,549.349722290039,0,12,8,2020,2,LUCK.KA
2020-08-13 00:00:00+05:00,587.8381697699643,591.692846293046,574.1540563494849,587.7225341796875,1879580,0.0,0.0,0.0,-0.0017513741247794368,0.02045220803179895,1771960.8,553.4135162353516,0,13,8,2020,3,LUCK.KA
2020-08-14 00:00:00+05:00,587.7225341796875,587.7225341796875,587.7225341796875,587.7225341796875,0,0.0,0.0,0.0,0.0,0.020463030287545737,1750862.9,557.4628524780273,0,14,8,2020,4,LUCK.KA
2020-08-17 00:00:00+05:00,589.2837107179564,590.6328711134012,574.3468382467735,578.683349609375,2129045,0.0,0.0,0.0,-0.015380020408659156,0.021094271808379562,1808695.55,560.8328063964843,0,17,8,2020,0,LUCK.KA
2020-08-18 00:00:00+05:00,581.9983359826803,593.4274377336576,579.6469809557711,589.5535278320312,2171697,0.0,0.0,0.0,0.01878432864880919,0.021274163608728892,1859588.25,564.5453430175781,0,18,8,2020,1,LUCK.KA
2020-08-19 00:00:00+05:00,587.8092348780057,593.5430780029355,584.0798400256765,589.93896484375,963257,0.0,0.0,0.0,0.0006537778056152632,0.019242803529204277,1808691.5,567.0990661621094,0,19,8,2020,2,LUCK.KA
2020-08-20 00:00:00+05:00,586.8745066009061,589.2836794523056,578.2014843358681,580.2059326171875,997489,0.0,0.0,0.0,-0.016498371537707057,0.017772237788756695,1812522.6,570.0719848632813,0,20,8,2020,3,LUCK.KA
2020-08-21 00:00:00+05:00,582.056163860808,584.4653367244704,571.455803260694,576.1392211914062,1170621,0.0,0.0,0.0,-0.007009082805198408,0.017279975515588963,1826143.7,573.2679931640625,0,21,8,2020,4,LUCK.KA
2020-08-24 00:00:00+05:00,575.31048188711,596.5112031626819,569.036986317007,588.898193359375,1816754,0.0,0.0,0.0,0.022145640669253952,0.017096905294099674,1862513.5,576.4490661621094,0,24,8,2020,0,LUCK.KA
2020-08-25 00:00:00+05:00,596.5111492894804,596.9929838204089,581.1984337803267,585.428955078125,1592437,0.0,0.0,0.0,-0.005891066266411338,0.0165946473214034,1862491.95,578.7715057373047,0,25,8,2020,1,LUCK.KA
2020-08-26 00:00:00+05:00,587.8382301663371,587.8382301663371,581.1407172558196,585.4965209960938,578509,0.0,0.0,0.0,0.0001154126685785073,0.016343562943366294,1793671.7,580.6410247802735,0,26,8,2020,2,LUCK.KA
2020-08-27 00:00:00+05:00,583.2125395616553,596.0293265749094,583.2125395616553,587.2117309570312,1506793,0.0,0.0,0.0,0.0029294964178769867,0.01572818720553542,1798346.75,581.9848571777344,0,27,8,2020,3,LUCK.KA
2020-08-28 00:00:00+05:00,587.8381357172844,588.8018047922308,582.0561212676062,582.9716186523438,419742,0.0,0.0,0.0,-0.0072207554467227375,0.015869916489972803,1819333.85,583.1166839599609,0,28,8,2020,4,LUCK.KA
2020-08-31 00:00:00+05:00,585.9108522186383,593.8129511338109,584.947183053805,591.9048461914062,1046493,0.0,0.0,0.0,0.015323606249843635,0.014614708349394207,1694601.4,583.8013702392578,0,31,8,2020,0,LUCK.KA
2020-09-01 00:00:00+05:00,591.6928553381688,594.5356910809388,586.8745096106593,593.1672973632812,1097990,0.0,0.0,0.0,0.002132861692209831,0.012900106702289714,1617389.8,585.35625,0,1,9,2020,1,LUCK.KA
2020-09-02 00:00:00+05:00,595.3547704263393,600.3658616126485,591.3073483597937,593.0130615234375,1523737,0.0,0.0,0.0,-0.00026002080783849024,0.011386761309434282,1489887.9,586.1002014160156,0,2,9,2020,2,LUCK.KA
2020-09-03 00:00:00+05:00,592.6564661997085,602.2160467140087,590.729128098246,599.2383422851562,1238129,0.0,0.0,0.0,0.010497712724448549,0.011537164708698257,1438541.2,586.9968933105469,0,3,9,2020,3,LUCK.KA
2020-09-04 00:00:00+05:00,597.4170627158653,599.4022188371196,589.8618706050767,592.1168823242188,931236,0.0,0.0,0.0,-0.0118841860715726,0.011902173850329644,1363990.45,587.6006317138672,0,4,9,2020,4,LUCK.KA
2020-09-07 00:00:00+05:00,593.6201643071865,609.0388698736069,593.6201643071865,605.6275024414062,1963396,0.0,0.0,0.0,0.022817488439367928,0.012839196075718103,1383164.75,588.902066040039,0,7,9,2020,0,LUCK.KA
2020-09-08 00:00:00+05:00,607.2272438983239,627.3486619073109,605.6661044681181,616.1123046875,2608425,0.0,0.0,0.0,0.017312295435440772,0.012196106289981495,1368083.3,589.9953491210938,0,8,9,2020,1,LUCK.KA
2020-09-09 00:00:00+05:00,616.25676940747,630.1336285613505,610.4844006652081,621.344970703125,1561632,0.0,0.0,0.0,0.008493039297890803,0.011987865175267003,1359848.1,591.6249145507812,0,9,9,2020,2,LUCK.KA
2020-09-10 00:00:00+05:00,627.348646504393,650.4670611022251,623.4939697209559,642.0927734375,1989820,0.0,0.0,0.0,0.03339176095832297,0.013738689661660471,1365360.1,594.3434265136718,0,10,9,2020,3,LUCK.KA
2020-09-11 00:00:00+05:00,641.8036520633034,647.5567286398448,631.2996348312847,633.4871826171875,579702,0.0,0.0,0.0,-0.013402410331207593,0.014286824448052389,1394345.2,596.6316589355469,0,11,9,2020,4,LUCK.KA
2020-09-14 00:00:00+05:00,635.0579495968199,637.9489569546203,629.2759348812191,633.3425903320312,336534,0.0,0.0,0.0,-0.00022824816211575172,0.013598442777888815,1304719.65,599.3646209716796,0,14,9,2020,0,LUCK.KA
2020-09-15 00:00:00+05:00,633.1306473307169,641.3218353098814,630.2396398086588,631.4057006835938,748773,0.0,0.0,0.0,-0.003058202113680797,0.013273395156484168,1233573.45,601.4572296142578,0,15,9,2020,1,LUCK.KA
2020-09-16 00:00:00+05:00,632.7547714904302,639.8763004566389,626.3849326759266,637.9874877929688,740416,0.0,0.0,0.0,0.010424022308080483,0.013342044979510696,1222431.4,603.8596557617187,0,16,9,2020,2,LUCK.KA
2020-09-17 00:00:00+05:00,643.7406772499255,650.3803722113876,637.4864734988653,639.6354370117188,962428,0.0,0.0,0.0,0.002583043163512322,0.012451088894075034,1220678.35,606.8311309814453,0,17,9,2020,3,LUCK.KA
2020-09-18 00:00:00+05:00,638.9126407685458,639.8281382164442,635.2988814881807,637.3515014648438,428269,0.0,0.0,0.0,-0.0035706832591158033,0.01229993773206252,1183560.75,609.8917449951172,0,18,9,2020,4,LUCK.KA
2020-09-21 00:00:00+05:00,636.0216486497534,641.8036636374784,631.2033028266492,638.9223022460938,382915,0.0,0.0,0.0,0.0024645753209018295,0.011636571514015502,1111868.8,612.3929504394531,0,21,9,2020,0,LUCK.KA
2020-09-22 00:00:00+05:00,639.4426855156875,641.8036868178216,635.2507480252636,638.4404907226562,532098,0.0,0.0,0.0,-0.0007541003369951893,0.011458642902413555,1058851.85,615.0435272216797,0,22,9,2020,1,LUCK.KA
2020-09-23 00:00:00+05:00,641.80363781322,642.1891289906366,633.130615680609,634.7495727539062,316777,0.0,0.0,0.0,-0.0057811464378961785,0.011649106473414139,1045765.25,617.5061798095703,0,23,9,2020,2,LUCK.KA
2020-09-24 00:00:00+05:00,635.4434587668442,642.7576746513025,634.0942984345854,639.5679321289062,1068308,0.0,0.0,0.0,0.007590961194499535,0.011670845951946535,1023841.0,620.123989868164,0,24,9,2020,3,LUCK.KA
2020-09-25 00:00:00+05:00,637.4671357429544,637.4671357429544,625.4212714998903,626.818603515625,1413424,0.0,0.0,0.0,-0.01993428371376127,0.012639877162843802,1073525.1,622.3163391113281,0,25,9,2020,4,LUCK.KA
2020-09-28 00:00:00+05:00,626.8667726030765,630.0854533952291,617.278252941919,620.140380859375,1122045,0.0,0.0,0.0,-0.010654155155564893,0.012717922317926527,1077302.7,623.7281158447265,0,28,9,2020,0,LUCK.KA
2020-09-29 00:00:00+05:00,619.6392946808633,640.8400170494153,611.9395871951166,632.5620727539062,981022,0.0,0.0,0.0,0.02003045161696715,0.013313206644330972,1071454.3,625.6978546142578,0,29,9,2020,1,LUCK.KA
2020-09-30 00:00:00+05:00,637.9489746590018,639.153561091515,621.5762452791136,623.5614013671875,584111,0.0,0.0,0.0,-0.01422891408511684,0.013865005876500539,1024473.0,627.2252716064453,0,30,9,2020,2,LUCK.KA
2020-10-01 00:00:00+05:00,622.5302657642056,631.2032880426543,612.9995638330854,624.5828857421875,764747,0.0,0.0,0.0,0.0016381456144660689,0.013740552084149742,1000803.9,628.4924987792969,0,1,10,2020,3,LUCK.KA
2020-10-02 00:00:00+05:00,625.4213017487228,628.3123093068833,612.9032484327197,616.382080078125,720755,0.0,0.0,0.0,-0.013130051833420864,0.013810232161647189,990279.85,629.7057586669922,0,2,10,2020,4,LUCK.KA
2020-10-05 00:00:00+05:00,616.7482604059468,616.7482604059468,604.3169047550604,606.9188232421875,1020132,0.0,0.0,0.0,-0.015352907136330196,0.0134287243494208,943116.65,629.7703247070312,0,5,10,2020,0,LUCK.KA
2020-10-06 00:00:00+05:00,610.9662661247656,611.9299353142369,597.4748974721683,606.4466552734375,986077,0.0,0.0,0.0,-0.0007779754897494495,0.012809830192629124,861999.25,629.2870422363281,0,6,10,2020,1,LUCK.KA
2020-10-07 00:00:00+05:00,610.966254498968,624.4576228948443,603.35324451993,621.6822509765625,908292,0.0,0.0,0.0,0.025122730203294585,0.013929606576391387,829332.25,629.30390625,0,7,10,2020,2,LUCK.KA
2020-10-08 00:00:00+05:00,621.5665528277367,632.1669126434035,621.5665528277367,629.9986572265625,747758,0.0,0.0,0.0,0.013377261835827436,0.01199847783852079,767229.15,628.6992004394531,0,8,10,2020,3,LUCK.KA
2020-10-09 00:00:00+05:00,629.9602109755788,636.0023768354324,624.5539820872783,631.1551513671875,451269,0.0,0.0,0.0,0.0018357088977241087,0.011640048983487096,760807.5,628.5825988769532,0,9,10,2020,4,LUCK.KA
2020-10-12 00:00:00+05:00,632.1669740552695,634.0461406959552,621.0847786259469,623.3108520507812,509093,0.0,0.0,0.0,-0.012428480222991478,0.011961262375111368,769435.45,628.0810119628907,0,12,10,2020,0,LUCK.KA
2020-10-13 00:00:00+05:00,623.4939518775636,631.2033052238086,613.5681712078128,625.941650390625,599539,0.0,0.0,0.0,0.004220684320171975,0.011997382843054663,761973.75,627.8078094482422,0,13,10,2020,1,LUCK.KA
2020-10-14 00:00:00+05:00,626.3559753626303,630.2395900598653,621.5665681783075,624.4768676757812,363073,0.0,0.0,0.0,-0.002340126613925797,0.011729689275752868,743106.6,627.1322784423828,0,14,10,2020,2,LUCK.KA
2020-10-15 00:00:00+05:00,630.2396218855278,631.193644929844,618.8875711059208,620.5161743164062,144878,0.0,0.0,0.0,-0.0063424180532357655,0.011755775665601677,702229.1,626.1763153076172,0,15,10,2020,3,LUCK.KA
2020-10-16 00:00:00+05:00,617.7119196361866,621.5665962017791,612.411739358497,615.2642211914062,437043,0.0,0.0,0.0,-0.008463845653638002,0.011852735295212519,702667.8,625.0719512939453,0,16,10,2020,4,LUCK.KA
2020-10-19 00:00:00+05:00,616.7385584679075,619.6295656768268,610.9661901515963,614.1944580078125,335978,0.0,0.0,0.0,-0.0017387053346320513,0.01181228730443675,700320.95,623.8355590820313,0,19,10,2020,0,LUCK.KA
2020-10-20 00:00:00+05:00,616.2664301324108,632.0706279427919,616.2664301324108,630.0083618164062,689210,0.0,0.0,0.0,0.0257473892875677,0.013336368368865056,708176.55,623.4139526367187,0,20,10,2020,1,LUCK.KA
2020-10-21 00:00:00+05:00,633.1306716793825,636.0216793126217,626.3946333047674,631.1165771484375,560922,0.0,0.0,0.0,0.0017590486082377232,0.013288102113215067,720383.8,623.2323028564454,0,21,10,2020,2,LUCK.KA
2020-10-22 00:00:00+05:00,634.0653631795484,636.985308940165,624.4769021793118,626.7896728515625,455552,0.0,0.0,0.0,-0.006855950950338197,0.013234655586207712,689746.0,622.5933898925781,0,22,10,2020,3,LUCK.KA
2020-10-23 00:00:00+05:00,629.2759548321006,640.8303385276043,628.3122856822812,636.927490234375,1407496,0.0,0.0,0.0,0.016174193388813762,0.012965264724713094,689449.6,623.0988342285157,0,23,10,2020,4,LUCK.KA
2020-10-26 00:00:00+05:00,641.8036588060601,682.1524817195778,639.8763204913272,676.6306762695312,2531120,0.0,0.0,0.0,0.06233548817393064,0.018597237163579163,759903.35,625.9233489990235,0,26,10,2020,0,LUCK.KA
2020-10-27 00:00:00+05:00,677.4594194098441,685.1687726890458,666.859058650942,669.7307739257812,1329996,0.0,0.0,0.0,-0.010197442394706768,0.018499188340474537,777352.05,627.7817840576172,0,27,10,2020,1,LUCK.KA
2020-10-28 00:00:00+05:00,671.6677402295999,671.6677402295999,650.4670192836903,653.7820434570312,1148473,0.0,0.0,0.0,-0.023813644362290276,0.019084384972162482,805570.15,629.2928161621094,0,28,10,2020,2,LUCK.KA
2020-10-29 00:00:00+05:00,655.2950670517891,655.2950670517891,632.1670058617259,648.5300903320312,2066962,0.0,0.0,0.0,-0.008033186560507222,0.019230367381265323,870680.9,630.4901763916016,0,29,10,2020,3,LUCK.KA
2020-10-30 00:00:00+05:00,648.5300903320312,648.5300903320312,648.5300903320312,648.5300903320312,0,0.0,0.0,0.0,0.0,0.018906075051723353,834643.15,632.0975769042968,0,30,10,2020,4,LUCK.KA
2020-11-02 00:00:00+05:00,641.8036641693985,641.8036641693985,628.794130436235,633.8533935546875,2225690,0.0,0.0,0.0,-0.02263071058095334,0.019337186331294665,894921.05,633.4443054199219,0,2,11,2020,0,LUCK.KA
2020-11-03 00:00:00+05:00,643.7309814418913,655.2950110486319,642.7673123079963,654.7938842773438,812348,0.0,0.0,0.0,0.03303680462325964,0.020493261434173158,886234.6,635.8616668701172,0,3,11,2020,1,LUCK.KA
2020-11-04 00:00:00+05:00,660.1230399965795,663.9680706465308,650.46705590949,651.4307250976562,736943,0.0,0.0,0.0,-0.0051362104326909686,0.01996488516708821,877667.15,637.3490905761719,0,4,11,2020,2,LUCK.KA
2020-11-05 00:00:00+05:00,655.2854068732901,664.2089930349433,654.813218378301,662.3587646484375,578077,0.0,0.0,0.0,0.016775443849601945,0.020076249840133807,869183.1,638.9670959472656,0,5,11,2020,3,LUCK.KA
2020-11-06 00:00:00+05:00,662.0213985264944,667.8227054969182,656.258675964504,658.0510864257812,462644,0.0,0.0,0.0,-0.006503542268279094,0.020181363677043852,869751.85,640.3118927001954,0,6,11,2020,4,LUCK.KA
2020-11-09 00:00:00+05:00,657.2223665603523,660.0170306490517,650.4766824460964,651.0934448242188,369688,0.0,0.0,0.0,-0.010573102522105193,0.020114355469471826,862781.6,641.7010223388672,0,9,11,2020,0,LUCK.KA
2020-11-10 00:00:00+05:00,655.4395634193172,663.0043423448662,648.5589519130381,650.0044555664062,729467,0.0,0.0,0.0,-0.0016725544796515335,0.020128993502170366,869278.0,642.9041625976563,0,10,11,2020,1,LUCK.KA
2020-11-11 00:00:00+05:00,651.3246919236274,651.4403275130366,639.8762980305567,641.6494750976562,415107,0.0,0.0,0.0,-0.012853727997094389,0.020386045672967545,871879.7,643.76279296875,0,11,11,2020,2,LUCK.KA
2020-11-12 00:00:00+05:00,641.6494808977067,644.5983060896865,630.3841863889861,632.5042114257812,942501,0.0,0.0,0.0,-0.014252740829380661,0.020622604539251216,911760.85,644.3621948242187,0,12,11,2020,3,LUCK.KA
2020-11-13 00:00:00+05:00,629.2856381276988,643.7117379206408,627.8497804204344,635.7904052734375,512156,0.0,0.0,0.0,0.0051955288016953816,0.02051317316769079,915516.5,645.3885040283203,0,13,11,2020,4,LUCK.KA
2020-11-16 00:00:00+05:00,635.7903698766104,637.8526359805454,629.0350397023723,629.6228637695312,267228,0.0,0.0,0.0,-0.009700589145024474,0.020662951497043634,912079.0,646.1599243164062,0,16,11,2020,0,LUCK.KA
2020-11-17 00:00:00+05:00,635.0580026570112,640.6376261493829,631.2611436571581,633.7763061523438,288255,0.0,0.0,0.0,0.006596714671297077,0.019907152626989607,892031.25,646.3483215332031,0,17,11,2020,1,LUCK.KA
2020-11-18 00:00:00+05:00,633.6124857957558,633.6124857957558,627.5895534212715,629.5650634765625,259089,0.0,0.0,0.0,-0.006644683044949584,0.019967388759364726,876939.6,646.2707458496094,0,18,11,2020,2,LUCK.KA
2020-11-19 00:00:00+05:00,631.2128930447969,639.5390080062173,627.5894878957885,635.2603149414062,612059,0.0,0.0,0.0,0.009046327052193215,0.01999400166262774,884764.95,646.6942779541016,0,19,11,2020,3,LUCK.KA
2020-11-20 00:00:00+05:00,636.0119785120008,636.9756476402041,624.9876013326484,626.8378295898438,680031,0.0,0.0,0.0,-0.013258321279425944,0.019890197011300785,848391.7,646.189794921875,0,20,11,2020,4,LUCK.KA
2020-11-23 00:00:00+05:00,620.6222204929447,624.4576048616357,614.9172568158375,622.144775390625,539629,0.0,0.0,0.0,-0.00748687136877102,0.013293429408482245,748817.15,643.4654998779297,0,23,11,2020,0,LUCK.KA
2020-11-24 00:00:00+05:00,625.4212510622361,630.2395966020068,619.6392364145114,627.290771484375,259511,0.0,0.0,0.0,0.008271380388140459,0.013488014425606595,695292.9,641.3434997558594,0,24,11,2020,1,LUCK.KA
2020-11-25 00:00:00+05:00,628.3122970043927,631.1069611163074,618.6756053325462,621.69189453125,372032,0.0,0.0,0.0,-0.0089254891154803,0.012675796961700925,656470.85,639.7389923095703,0,25,11,2020,2,LUCK.KA
2020-11-26 00:00:00+05:00,626.3849065275732,638.9126046581247,624.4575683536422,634.2291870117188,1106591,0.0,0.0,0.0,0.020166408136818026,0.01355826319587007,608452.3,639.0239471435547,0,26,11,2020,3,LUCK.KA
2020-11-27 00:00:00+05:00,630.625086831891,634.0942720882749,622.6748167031247,625.064697265625,533676,0.0,0.0,0.0,-0.014449807630698697,0.013881768332825343,635136.1,637.8506774902344,0,27,11,2020,4,LUCK.KA
2020-11-30 00:00:00+05:00,623.4939319601866,633.516114517228,621.5665936851938,631.6851196289062,365934,0.0,0.0,0.0,0.01059157938728994,0.013223762454297083,542148.3,637.7422637939453,0,30,11,2020,0,LUCK.KA
2020-12-01 00:00:00+05:00,631.2996271813297,643.5285908643531,631.2996271813297,637.5634765625,612730,0.0,0.0,0.0,0.00930583411090491,0.010967132828933267,532167.4,636.8807434082031,0,1,12,2020,1,LUCK.KA
2020-12-02 00:00:00+05:00,637.9489872903065,649.7539345626724,637.9489872903065,645.2054443359375,827309,0.0,0.0,0.0,0.011986206949369249,0.011312750783722143,536685.7,636.5694793701172,0,2,12,2020,2,LUCK.KA
2020-12-03 00:00:00+05:00,647.5856715579553,654.57227292521,647.5856715579553,650.9006958007812,645522,0.0,0.0,0.0,0.008827035659479732,0.010805127725200054,540057.95,635.9965759277344,0,3,12,2020,3,LUCK.KA
2020-12-04 00:00:00+05:00,650.9584536557708,653.3676263191896,646.7761040322912,649.0696411132812,197318,0.0,0.0,0.0,-0.0028131091260354957,0.010734179498348168,526791.65,635.5475036621094,0,4,12,2020,4,LUCK.KA
2020-12-07 00:00:00+05:00,650.0044682763455,652.8858295375694,644.0297079620568,645.9088745117188,222711,0.0,0.0,0.0,-0.00486968793693876,0.010530001959560602,519442.8,635.2882751464844,0,7,12,2020,0,LUCK.KA
2020-12-08 00:00:00+05:00,646.968871340879,651.3439666879318,641.8999624759481,648.3951416015625,271135,0.0,0.0,0.0,0.0038492536454515225,0.010565746863288168,496526.2,635.2078094482422,0,8,12,2020,1,LUCK.KA
2020-12-09 00:00:00+05:00,648.5493138589643,654.3313285441853,646.6219756305572,648.5589599609375,476800,0.0,0.0,0.0,0.00025265204635926963,0.01012859749624294,499610.85,635.5532836914062,0,9,12,2020,2,LUCK.KA
2020-12-10 00:00:00+05:00,649.9948401573994,650.9585093051494,644.6946598447742,649.4937133789062,352073,0.0,0.0,0.0,0.001441277471557978,0.00950750460449387,470089.45,636.4027587890625,0,10,12,2020,3,LUCK.KA
2020-12-11 00:00:00+05:00,649.9948147566478,661.7034179713362,646.6219728713279,654.6493530273438,854360,0.0,0.0,0.0,0.007937936183578964,0.009585055095855409,487199.65,637.3457061767579,0,11,12,2020,4,LUCK.KA
2020-12-14 00:00:00+05:00,657.3187458683977,677.3631125288126,657.2224024742942,672.4483642578125,1084914,0.0,0.0,0.0,0.02718861807188766,0.010788751363443969,528083.95,639.4869812011718,0,14,12,2020,0,LUCK.KA
2020-12-15 00:00:00+05:00,677.4401418202202,679.7722635862348,656.2683581529432,660.7686767578125,799186,0.0,0.0,0.0,-0.017368898670593103,0.011701533419893405,553630.5,640.8365997314453,0,15,12,2020,1,LUCK.KA
2020-12-16 00:00:00+05:00,663.004354265172,663.004354265172,653.3773091714842,656.451416015625,199773,0.0,0.0,0.0,-0.006533694610602603,0.011697167359999679,550664.7,642.1809173583985,0,16,12,2020,2,LUCK.KA
2020-12-17 00:00:00+05:00,657.2223438781172,660.11335125588,655.2950056262752,658.8702392578125,235239,0.0,0.0,0.0,0.0036846949875875,0.011591953695087497,531823.7,643.3614135742188,0,17,12,2020,3,LUCK.KA
2020-12-18 00:00:00+05:00,660.1133935219458,667.4661941289274,656.8465408596551,659.1304321289062,350153,0.0,0.0,0.0,0.00039490760940563696,0.011041885921307882,515329.8,644.9760437011719,0,18,12,2020,4,LUCK.KA
2020-12-21 00:00:00+05:00,657.2223678175329,658.1860369785556,647.5856762073051,650.2742919921875,405146,0.0,0.0,0.0,-0.013436096567586153,0.011401422652585013,508605.65,646.38251953125,0,21,12,2020,0,LUCK.KA
2020-12-22 00:00:00+05:00,652.4039824196863,652.4039824196863,643.2587720474112,644.935546875,384381,0.0,0.0,0.0,-0.008209989512012905,0.011539986844245054,514849.15,647.2647583007813,0,22,12,2020,1,LUCK.KA
2020-12-23 00:00:00+05:00,642.4107754203241,655.6227007491758,640.8399899875703,650.8910522460938,412095,0.0,0.0,0.0,0.009234264415957316,0.011394075438952943,516852.3,648.7247161865234,0,23,12,2020,2,LUCK.KA
2020-12-24 00:00:00+05:00,654.8131663603322,679.3867288948259,654.8131663603322,674.2889404296875,1267715,0.0,0.0,0.0,0.03594747247308505,0.01310946768588992,524908.5,650.7277038574218,0,24,12,2020,3,LUCK.KA
2020-12-25 00:00:00+05:00,674.2889404296875,674.2889404296875,674.2889404296875,674.2889404296875,0,0.0,0.0,0.0,0.0,0.012471211674493183,498224.7,653.188916015625,0,25,12,2020,4,LUCK.KA
2020-12-28 00:00:00+05:00,676.0138675256592,679.386709345103,668.7863493411369,670.9064331054688,361789,0.0,0.0,0.0,-0.005016406352539748,0.012516758088550345,498017.45,655.1499816894532,0,28,12,2020,0,LUCK.KA
2020-12-29 00:00:00+05:00,669.7500546193785,672.1592274777215,656.4032605112365,662.27197265625,384165,0.0,0.0,0.0,-0.012869842981310886,0.012913094996180624,486589.2,656.3854064941406,0,29,12,2020,1,LUCK.KA
2020-12-30 00:00:00+05:00,662.512912942037,674.0865891661431,661.0770552794485,665.4425048828125,541803,0.0,0.0,0.0,0.0047873567921741245,0.012718402481898173,472313.9,657.3972595214843,0,30,12,2020,2,LUCK.KA
2020-12-31 00:00:00+05:00,666.7627000337483,676.9582771638919,661.0770285931138,670.8004760742188,378754,0.0,0.0,0.0,0.008051741738904772,0.012696446887654637,458975.5,658.3922485351562,0,31,12,2020,3,LUCK.KA
2021-01-01 00:00:00+05:00,679.3867430350336,688.4934281626596,674.5683973397497,677.0739135742188,829354,0.0,0.0,0.0,0.009352166141435303,0.012765989280717236,490577.3,659.7924621582031,0,1,1,2021,4,LUCK.KA
2021-01-04 00:00:00+05:00,682.2777408279271,683.2414099533903,663.9776735462127,666.9746704101562,636632,0.0,0.0,0.0,-0.014916012803904088,0.013247019563824194,511273.35,660.845751953125,0,4,1,2021,0,LUCK.KA
2021-01-05 00:00:00+05:00,667.0614620416995,672.6410854009548,664.0644062004247,665.4425048828125,213237,0.0,0.0,0.0,-0.0022971869777326237,0.013265538629459655,508378.45,661.6981201171875,0,5,1,2021,1,LUCK.KA
2021-01-06 00:00:00+05:00,665.9435116136675,684.1954064962418,665.8953399227979,677.6039428710938,691968,0.0,0.0,0.0,0.01827571563139463,0.013786766261656173,519136.85,663.1503692626953,0,6,1,2021,2,LUCK.KA
2021-01-07 00:00:00+05:00,680.3504671100688,682.1814621492019,669.8175696278063,671.6292724609375,490574,0.0,0.0,0.0,-0.008817348944046621,0.01400875393134428,526061.9,664.2571472167969,0,7,1,2021,3,LUCK.KA
2021-01-08 00:00:00+05:00,674.5683733891483,678.3267064251085,669.7596739668196,672.2941284179688,220273,0.0,0.0,0.0,0.0009899150979455484,0.013933682261760456,494357.55,665.1393859863281,0,8,1,2021,4,LUCK.KA
2021-01-11 00:00:00+05:00,672.6410949017342,682.2777868057705,670.8679177116036,672.4965209960938,512156,0.0,0.0,0.0,0.00030104766585026255,0.012544650945846805,465719.65,665.1417938232422,0,11,1,2021,0,LUCK.KA
2021-01-12 00:00:00+05:00,672.1592478936977,677.9412629293424,670.8100875249679,675.175537109375,587390,0.0,0.0,0.0,0.003983687691518689,0.011872289237982786,455129.85,665.8621368408203,0,12,1,2021,1,LUCK.KA
2021-01-13 00:00:00+05:00,679.3770576496397,685.0723748700588,677.4593655846336,678.4230346679688,589535,0.0,0.0,0.0,0.004809856667048695,0.011756524613386464,474617.95,666.9607177734375,0,13,1,2021,2,LUCK.KA
2021-01-14 00:00:00+05:00,680.1095018028825,682.2777573878014,675.5320733458316,676.4475708007812,285816,0.0,0.0,0.0,-0.002911846688923747,0.011790765392088034,477146.8,667.8395843505859,0,14,1,2021,3,LUCK.KA
2021-01-15 00:00:00+05:00,678.1821195881678,678.1821195881678,672.4675689636512,672.7373657226562,463807,0.0,0.0,0.0,-0.005484837610892468,0.011889578007631149,482829.5,668.5199310302735,0,15,1,2021,4,LUCK.KA
2021-01-18 00:00:00+05:00,671.6774123002341,672.814534864082,664.9317281020969,665.6544799804688,315784,0.0,0.0,0.0,-0.010528455981598461,0.011719181797226213,478361.4,669.2889404296875,0,18,1,2021,0,LUCK.KA
2021-01-19 00:00:00+05:00,668.2082041267468,669.6537078344184,663.0525389454334,665.7315673828125,227616,0.0,0.0,0.0,0.00011580693086599148,0.01151209801181851,470523.15,670.3287414550781,0,19,1,2021,1,LUCK.KA
2021-01-20 00:00:00+05:00,663.0043269316864,667.5239372688557,657.222312452631,660.1904296875,587984,0.0,0.0,0.0,-0.008323381324842893,0.011572621473555884,479317.6,670.7937103271485,0,20,1,2021,2,LUCK.KA
2021-01-21 00:00:00+05:00,661.5588568213445,681.3140739587627,661.5588568213445,674.0576171875,683092,0.0,0.0,0.0,0.021004829631601885,0.009474312380649894,450086.45,670.7821441650391,0,21,1,2021,3,LUCK.KA
2021-01-22 00:00:00+05:00,674.5780430415672,678.4230734932901,667.0999611160938,673.4312744140625,268685,0.0,0.0,0.0,-0.000929212514578337,0.009476721239661843,463520.7,670.7392608642579,0,22,1,2021,4,LUCK.KA
2021-01-25 00:00:00+05:00,674.5587550868946,679.9649248716063,672.6410629000598,677.873779296875,558027,0.0,0.0,0.0,0.00659681997495265,0.009510264719392614,473332.6,671.0876281738281,0,25,1,2021,0,LUCK.KA
2021-01-26 00:00:00+05:00,675.5416966466364,689.5052527313713,675.532050544642,684.6290893554688,1074142,0.0,0.0,0.0,0.009965439385486663,0.009178084980179134,507831.45,672.2054840087891,0,26,1,2021,1,LUCK.KA
2021-01-27 00:00:00+05:00,687.0768307282801,696.7328146997241,685.1687845802267,691.779541015625,732244,0.0,0.0,0.0,0.010444270877955075,0.009363488263379498,517353.5,673.5223358154296,0,27,1,2021,2,LUCK.KA
2021-01-28 00:00:00+05:00,689.0234081435269,708.1522162970772,689.0137620416729,701.483642578125,1383618,0.0,0.0,0.0,0.014027737143329055,0.009658021001676525,567596.7,675.056494140625,0,28,1,2021,3,LUCK.KA
2021-01-29 00:00:00+05:00,702.5147776684282,717.837139967698,694.901768210513,700.8668823242188,1758452,0.0,0.0,0.0,-0.0008792225740852366,0.00953404284576652,614051.6,676.246142578125,0,29,1,2021,4,LUCK.KA
2021-02-01 00:00:00+05:00,705.4058045579882,715.9965189068457,684.2340219624235,685.8047485351562,1901245,0.0,0.0,0.0,-0.02149071980561179,0.010227816484750876,677282.25,677.187646484375,0,1,2,2021,0,LUCK.KA
2021-02-02 00:00:00+05:00,688.0308441063861,693.7454540028142,684.6965864455789,688.7728881835938,398648,0.0,0.0,0.0,0.004327966020616358,0.010207583514666739,686552.8,678.3541656494141,0,2,2,2021,1,LUCK.KA
2021-02-03 00:00:00+05:00,691.9144419611061,708.5377346126786,691.9144419611061,704.8372192382812,1459068,0.0,0.0,0.0,0.02332311757661043,0.010688127881771365,724907.8,679.7158294677735,0,3,2,2021,2,LUCK.KA
2021-02-04 00:00:00+05:00,705.3961996913014,727.4546015264359,703.4881535202437,714.24267578125,1869060,0.0,0.0,0.0,0.013344154205042091,0.010653487546853812,793832.1,681.8464996337891,0,4,2,2021,3,LUCK.KA
2021-02-05 00:00:00+05:00,714.24267578125,714.24267578125,714.24267578125,714.24267578125,0,0.0,0.0,0.0,0.0,0.010666266773661533,782818.45,683.9439270019532,0,5,2,2021,4,LUCK.KA
2021-02-08 00:00:00+05:00,718.8971826867817,720.8245209781671,710.7059949483935,712.52734375,468784,0.0,0.0,0.0,-0.002401609550106709,0.010720374530691319,780649.85,685.9454681396485,0,8,2,2021,0,LUCK.KA
2021-02-09 00:00:00+05:00,713.1151656649718,721.4990989707884,710.4650755222979,715.1677856445312,601594,0.0,0.0,0.0,0.003705741144802488,0.010719143690168886,781360.05,687.9450805664062,0,9,2,2021,1,LUCK.KA
2021-02-10 00:00:00+05:00,715.2063459115775,748.7709602512557,715.0425386183163,739.3655395507812,2044488,0.0,0.0,0.0,0.03383507254097329,0.012757308057462785,854107.7,690.9922058105469,0,10,2,2021,2,LUCK.KA
2021-02-11 00:00:00+05:00,742.005932375565,762.26227615913,736.2528559447592,742.3721313476562,2313025,0.0,0.0,0.0,0.0040664483750509905,0.012642082739592204,955468.15,694.2884338378906,0,11,2,2021,3,LUCK.KA
2021-02-12 00:00:00+05:00,744.9162607740975,770.9353280973843,742.5552595682598,761.1251831054688,1054215,0.0,0.0,0.0,0.02526098565118473,0.013191239527816192,984988.55,698.7078247070312,0,12,2,2021,4,LUCK.KA
2021-02-15 00:00:00+05:00,775.7536517583904,778.5483157700643,761.4046042574447,763.4283447265625,800181,0.0,0.0,0.0,0.0030259958180554047,0.0126183394421734,1009208.4,703.5965179443359,0,15,2,2021,0,LUCK.KA
2021-02-16 00:00:00+05:00,769.0079825430023,804.5673977440621,769.0079825430023,800.8668823242188,1516616,0.0,0.0,0.0,0.0490400151582866,0.015610914819745927,1073658.4,710.3532836914062,0,16,2,2021,1,LUCK.KA
2021-02-17 00:00:00+05:00,811.409392049813,828.6590926762873,803.7000391562282,818.8103637695312,1175311,0.0,0.0,0.0,0.022405073603790626,0.015283780651301804,1103024.75,718.2842803955078,0,17,2,2021,2,LUCK.KA
2021-02-18 00:00:00+05:00,820.0824436164662,828.7554659343841,802.9773162672391,804.731201171875,612541,0.0,0.0,0.0,-0.017194656077434645,0.016311277347309482,1099497.2,724.8179595947265,0,18,2,2021,3,LUCK.KA
2021-02-19 00:00:00+05:00,808.2775318564592,814.782298878851,795.0560188227008,800.9632568359375,482290,0.0,0.0,0.0,-0.004682239647786135,0.016452780024201204,1110177.45,731.1945587158203,0,19,2,2021,4,LUCK.KA
2021-02-22 00:00:00+05:00,807.0729282398689,807.5547628238927,796.0100250123459,799.6044921875,273128,0.0,0.0,0.0,-0.0016964132085223183,0.016615884407519235,1095932.5,737.2810943603515,0,22,2,2021,0,LUCK.KA
2021-02-23 00:00:00+05:00,800.8090628082228,807.554746851132,797.9180553612617,798.4384155273438,196221,0.0,0.0,0.0,-0.001458316794802128,0.016755774104309618,1052036.45,742.9715606689454,0,23,2,2021,1,LUCK.KA
2021-02-24 00:00:00+05:00,798.8816872421229,814.300392906627,793.292418202279,806.2633666992188,546902,0.0,0.0,0.0,0.009800318997310375,0.01675114503381364,1042769.35,748.695751953125,0,24,2,2021,2,LUCK.KA
2021-02-25 00:00:00+05:00,819.6006496253618,842.0541300855384,813.3367998633807,834.1809692382812,708009,0.0,0.0,0.0,0.03462590971155621,0.017756105587153508,1008988.9,755.3306182861328,0,25,2,2021,3,LUCK.KA
2021-02-26 00:00:00+05:00,836.4648092886744,864.4112142073052,836.4648092886744,852.5869750976562,1142025,0.0,0.0,0.0,0.02206476356824849,0.01783558616048075,978167.55,762.9166229248046,0,26,2,2021,4,LUCK.KA
2021-03-01 00:00:00+05:00,852.8375363646776,871.1568959887232,844.8487404287092,855.2274169921875,793258,0.0,0.0,0.0,0.0030969765802824067,0.016335391063681693,922768.2,771.3877563476562,0,1,3,2021,0,LUCK.KA
2021-03-02 00:00:00+05:00,859.602539325794,862.4839007117537,843.3550913571253,846.226806640625,665484,0.0,0.0,0.0,-0.010524230365786647,0.01698988815889958,936110.0,779.2604522705078,0,2,3,2021,1,LUCK.KA
2021-03-03 00:00:00+05:00,849.8502295675728,853.6181501917875,842.2468656005375,848.1926879882812,575797,0.0,0.0,0.0,0.0023231140070596457,0.016802391326081766,891946.45,786.4282257080079,0,3,3,2021,2,LUCK.KA
2021-03-04 00:00:00+05:00,826.1053245553385,840.2905052787565,814.7918588885611,826.78955078125,1162982,0.0,0.0,0.0,-0.025233814804268784,0.018462018391717003,856642.55,792.0555694580078,0,4,3,2021,3,LUCK.KA
2021-03-05 00:00:00+05:00,828.7554784409156,847.5470270799829,821.0557712555345,838.122314453125,540954,0.0,0.0,0.0,0.013706950772619741,0.018423208326930878,883690.25,798.2495513916016,0,5,3,2021,4,LUCK.KA
2021-03-08 00:00:00+05:00,854.7745297284781,854.7745297284781,800.0477802790831,810.8215942382812,1124583,0.0,0.0,0.0,-0.03257367062545935,0.020458883227636643,916480.2,803.1642639160157,0,8,3,2021,0,LUCK.KA
2021-03-09 00:00:00+05:00,808.2774450464764,808.2774450464764,780.5816049543139,796.9928588867188,1051418,0.0,0.0,0.0,-0.017055213440083317,0.02113329006338337,938971.4,807.255517578125,0,9,3,2021,1,LUCK.KA
2021-03-10 00:00:00+05:00,797.1953413771442,804.663777636646,782.017551559447,783.3184814453125,579512,0.0,0.0,0.0,-0.017157465451456244,0.020622703418473016,865722.6,809.4531646728516,0,10,3,2021,2,LUCK.KA
2021-03-11 00:00:00+05:00,787.3177245587526,789.2450629297655,763.2356410237788,770.3764038085938,1105682,0.0,0.0,0.0,-0.016522114495293283,0.021080288393291298,805355.45,810.8533782958984,0,11,3,2021,3,LUCK.KA
2021-03-12 00:00:00+05:00,775.7439930702762,805.6273817987874,770.3763490305508,794.6801147460938,1221430,0.0,0.0,0.0,0.03154783923462223,0.021487365498383246,813716.2,812.5311248779296,0,12,3,2021,4,LUCK.KA
2021-03-15 00:00:00+05:00,809.4821016999416,818.1551242181553,793.0997258322046,813.1826171875,1114962,0.0,0.0,0.0,0.023282956372096875,0.021991091047885065,829455.25,815.0188385009766,0,15,3,2021,0,LUCK.KA
2021-03-16 00:00:00+05:00,814.3004102650657,818.1550867633619,806.7163389600836,811.2744750976562,413832,0.0,0.0,0.0,-0.0023465111642982928,0.019201818549913444,774316.05,815.5392181396485,0,16,3,2021,1,LUCK.KA
2021-03-17 00:00:00+05:00,819.118821440279,824.4190020495985,816.333803331134,818.3575439453125,494442,0.0,0.0,0.0,0.008730792185719372,0.01862767531719351,740272.6,815.5165771484375,0,17,3,2021,2,LUCK.KA
2021-03-18 00:00:00+05:00,819.022432767102,823.6865585075324,806.6007233277533,810.1951904296875,463917,0.0,0.0,0.0,-0.009974067662740893,0.018341869899601137,732841.4,815.7897766113281,0,18,3,2021,3,LUCK.KA
2021-03-19 00:00:00+05:00,809.4821346833111,818.9068477696203,790.2087505241847,809.0195922851562,370079,0.0,0.0,0.0,-0.0014510060765823285,0.01830804075388492,727230.85,816.192593383789,0,19,3,2021,4,LUCK.KA
2021-03-22 00:00:00+05:00,807.1211005588982,813.3367784611517,796.9736947967128,808.5184326171875,181013,0.0,0.0,0.0,-0.0006194654279672029,0.018302330234549784,722625.1,816.6382904052734,0,22,3,2021,0,LUCK.KA
2021-03-23 00:00:00+05:00,808.5184326171875,808.5184326171875,808.5184326171875,808.5184326171875,0,0.0,0.0,0.0,0.0,0.01829612760308851,712814.05,817.1422912597657,0,23,3,2021,1,LUCK.KA
2021-03-24 00:00:00+05:00,811.4094195669055,820.5546303362283,806.1092392728224,807.978759765625,351561,0.0,0.0,0.0,-0.0006674836711088039,0.018174006165017298,703047.0,817.228060913086,0,24,3,2021,2,LUCK.KA
2021-03-25 00:00:00+05:00,809.4339236016641,824.0817066134202,809.4339236016641,813.4042358398438,459233,0.0,0.0,0.0,0.006714874628378276,0.016379456496036164,690608.2,816.1892242431641,0,25,3,2021,3,LUCK.KA
2021-03-26 00:00:00+05:00,814.3004291535564,819.0224315005788,801.7823763458025,806.3501586914062,273669,0.0,0.0,0.0,-0.008672289665610289,0.01550708080905699,647190.4,813.8773834228516,0,26,3,2021,4,LUCK.KA
2021-03-29 00:00:00+05:00,807.0729469015264,807.0729469015264,779.4927393796926,787.7899169921875,396905,0.0,0.0,0.0,-0.02301759539470971,0.016084653915867116,627372.75,810.5055084228516,0,29,3,2021,0,LUCK.KA
2021-03-30 00:00:00+05:00,790.2087018420478,799.8453933279264,784.4266869505207,788.10791015625,496538,0.0,0.0,0.0,0.00040365223926275284,0.016036018942518035,618925.45,807.5995635986328,0,30,3,2021,1,LUCK.KA
2021-03-31 00:00:00+05:00,795.0269924851041,798.8720227106556,781.5645636448489,787.88623046875,407884,0.0,0.0,0.0,-0.0002812808812641121,0.015997378417485643,610529.8,804.5842407226562,0,31,3,2021,2,LUCK.KA
2021-04-01 00:00:00+05:00,791.1724228355837,791.1724228355837,780.5720615064832,781.448974609375,322565,0.0,0.0,0.0,-0.0081702860266325,0.015216547007135454,568508.95,802.3172119140625,0,1,4,2021,3,LUCK.KA
2021-04-02 00:00:00+05:00,785.3710379411433,789.2450066121106,775.7632850797141,786.9804077148438,105787,0.0,0.0,0.0,0.007078431586955203,0.014909331449095136,546750.6,799.7601165771484,0,2,4,2021,4,LUCK.KA
2021-04-05 00:00:00+05:00,788.2813622749371,794.0633771571494,771.9182789799395,773.9226684570312,228066,0.0,0.0,0.0,-0.01659220373189252,0.013615102336272864,501924.75,797.915170288086,0,5,4,2021,0,LUCK.KA
2021-04-06 00:00:00+05:00,776.71730786032,802.74602010652,776.5245622734906,795.0848388671875,328877,0.0,0.0,0.0,0.027344037424756218,0.014652230169873994,465797.7,797.8197692871094,0,6,4,2021,1,LUCK.KA
2021-04-07 00:00:00+05:00,799.5562915387072,823.9371088438818,792.1360274499074,807.6029052734375,1041871,0.0,0.0,0.0,0.01574431531619358,0.01447259170558053,488915.65,799.0339904785156,0,7,4,2021,2,LUCK.KA
2021-04-08 00:00:00+05:00,819.1187735578076,824.9007884299804,812.3730895402726,823.58056640625,304831,0.0,0.0,0.0,0.019784056036057374,0.014352829565766983,448873.1,801.6941986083984,0,8,4,2021,3,LUCK.KA
2021-04-09 00:00:00+05:00,825.845184557966,831.6464917694932,823.455303843606,826.9630737304688,448335,0.0,0.0,0.0,0.004107075205742827,0.012746354640289802,410218.35,803.3083465576171,0,9,4,2021,4,LUCK.KA
2021-04-12 00:00:00+05:00,823.9274256258118,840.319446253117,823.9177795240835,828.8035888671875,571915,0.0,0.0,0.0,0.002225631585236476,0.011731158518972546,383066.0,804.0893951416016,0,12,4,2021,0,LUCK.KA
2021-04-13 00:00:00+05:00,824.7177284350789,832.5138380741979,822.9734895511504,828.5145874023438,284451,0.0,0.0,0.0,-0.0003486971686967877,0.011709496251830329,376596.95,804.9514007568359,0,13,4,2021,1,LUCK.KA
2021-04-14 00:00:00+05:00,825.8644364387294,842.2468114906062,825.8644364387294,834.1905517578125,281632,0.0,0.0,0.0,0.006850771780934739,0.011652564765624663,365956.45,805.743051147461,0,14,4,2021,2,LUCK.KA
2021-04-15 00:00:00+05:00,838.392177212653,838.392177212653,827.7436446564227,828.784423828125,87892,0.0,0.0,0.0,-0.006480687078384784,0.011504285742311115,347155.2,806.6725128173828,0,15,4,2021,3,LUCK.KA
2021-04-16 00:00:00+05:00,836.4648151594325,836.4648151594325,827.3099583114895,829.6709594726562,43149,0.0,0.0,0.0,0.001069681836485703,0.011487537438327974,330808.7,807.7050811767579,0,16,4,2021,4,LUCK.KA
2021-04-19 00:00:00+05:00,819.1284026952516,831.4537096347948,809.5784087245911,824.2454833984375,246943,0.0,0.0,0.0,-0.006539310569177004,0.011615789529362767,334105.2,808.4914337158203,0,19,4,2021,0,LUCK.KA
2021-04-20 00:00:00+05:00,828.7554229317715,841.8131274248902,822.0193853585407,832.0319213867188,243515,0.0,0.0,0.0,0.009446746321468469,0.01176293938952424,346280.95,809.6671081542969,0,20,4,2021,1,LUCK.KA
2021-04-21 00:00:00+05:00,838.3825251961509,838.3825251961509,819.6969660207311,821.9134521484375,125228,0.0,0.0,0.0,-0.01216115509296467,0.012148838851852353,334964.3,810.3638427734375,0,21,4,2021,2,LUCK.KA
2021-04-22 00:00:00+05:00,821.0461110069047,822.9734492956532,813.3367578519102,814.6666259765625,210183,0.0,0.0,0.0,-0.008817018571641855,0.012255230194276105,322511.8,810.4269622802734,0,22,4,2021,3,LUCK.KA
2021-04-23 00:00:00+05:00,811.8045409384335,818.1551468152919,805.145612678653,815.1292114257812,163155,0.0,0.0,0.0,0.0005678217745377356,0.012078078472021426,316986.1,810.8659149169922,0,23,4,2021,4,LUCK.KA
2021-04-26 00:00:00+05:00,815.0713230886689,846.2460541495258,810.4457231150471,836.2431640625,934830,0.0,0.0,0.0,0.025902583714043637,0.011994392373728409,343882.35,813.2885772705079,0,26,4,2021,0,LUCK.KA
2021-04-27 00:00:00+05:00,834.5374579268823,841.1867983820152,825.8644358468108,828.9192504882812,396890,0.0,0.0,0.0,-0.008758114731412414,0.012272772512463993,338899.95,815.3291442871093,0,27,4,2021,1,LUCK.KA
2021-04-28 00:00:00+05:00,830.6827675368885,839.3557894717285,820.564241946242,823.0890502929688,374218,0.0,0.0,0.0,-0.007033495954977709,0.012447790260710176,337216.65,817.0892852783203,0,28,4,2021,2,LUCK.KA
2021-04-29 00:00:00+05:00,823.9371305278831,828.6591329316717,814.3004389427616,815.0328369140625,197774,0.0,0.0,0.0,-0.00978777858366442,0.012524150812487015,330977.1,818.7684783935547,0,29,4,2021,3,LUCK.KA
2021-04-30 00:00:00+05:00,823.9370883902848,823.9370883902848,804.6637062057167,807.6703491210938,140836,0.0,0.0,0.0,-0.00903336339287275,0.012709305425230145,332729.55,819.8029754638671,0,30,4,2021,4,LUCK.KA
2021-05-03 00:00:00+05:00,807.6993066156439,811.4094092472375,794.0730109711831,802.34130859375,271327,0.0,0.0,0.0,-0.006598039080105922,0.012149867484412533,334892.6,821.2239074707031,0,3,5,2021,0,LUCK.KA
2021-05-04 00:00:00+05:00,804.673424973846,820.0824860110955,804.6637788710514,816.3434448242188,155996,0.0,0.0,0.0,0.01745159582398914,0.011224543102696348,326248.55,822.2868377685547,0,4,5,2021,1,LUCK.KA
2021-05-05 00:00:00+05:00,817.1914530513545,825.8644755483618,817.1914530513545,824.1298828125,157005,0.0,0.0,0.0,0.009538188905231948,0.010887242897428505,282005.25,823.1131866455078,0,5,5,2021,2,LUCK.KA
2021-05-06 00:00:00+05:00,827.7917899336077,852.2690095774658,827.7917899336077,846.49658203125,897774,0.0,0.0,0.0,0.02713977454915173,0.011650233694902317,311652.4,824.2589874267578,0,6,5,2021,3,LUCK.KA
2021-05-07 00:00:00+05:00,846.49658203125,846.49658203125,846.49658203125,846.49658203125,0,0.0,0.0,0.0,0.0,0.01163688358086098,289235.65,825.2356628417969,0,7,5,2021,4,LUCK.KA
2021-05-10 00:00:00+05:00,846.49658203125,846.49658203125,846.49658203125,846.49658203125,0,0.0,0.0,0.0,0.0,0.011637520752332979,260639.9,826.1203125,0,10,5,2021,0,LUCK.KA
2021-05-11 00:00:00+05:00,846.49658203125,846.49658203125,846.49658203125,846.49658203125,0,0.0,0.0,0.0,0.0,0.011635464873622887,246417.35,827.0194122314454,0,11,5,2021,1,LUCK.KA
2021-05-12 00:00:00+05:00,846.49658203125,846.49658203125,846.49658203125,846.49658203125,0,0.0,0.0,0.0,0.0,0.011559020652724362,232335.75,827.6347137451172,0,12,5,2021,2,LUCK.KA
2021-05-13 00:00:00+05:00,846.49658203125,846.49658203125,846.49658203125,846.49658203125,0,0.0,0.0,0.0,0.0,0.01143448116967416,227941.15,828.5203216552734,0,13,5,2021,3,LUCK.KA
2021-05-14 00:00:00+05:00,846.49658203125,846.49658203125,846.49658203125,846.49658203125,0,0.0,0.0,0.0,0.0,0.011437227347996454,225783.7,829.3616027832031,0,14,5,2021,4,LUCK.KA
2021-05-17 00:00:00+05:00,886.5756265171299,886.5756265171299,873.0842582875214,880.6876220703125,2327403,0.0,0.0,0.0,0.040391232244574304,0.014260563790227825,329806.7,832.1837097167969,0,17,5,2021,0,LUCK.KA
2021-05-18 00:00:00+05:00,879.8299621714392,881.7573005332605,872.1687804196596,875.348876953125,577355,0.0,0.0,0.0,-0.00606201902172443,0.01433662336277959,346498.7,834.3495574951172,0,18,5,2021,1,LUCK.KA
2021-05-19 00:00:00+05:00,867.3022431223983,875.9752655536223,858.6292206911744,866.7047729492188,396210,0.0,0.0,0.0,-0.009875038663434643,0.014221075856522498,360047.8,836.5891235351562,0,19,5,2021,2,LUCK.KA
2021-05-20 00:00:00+05:00,867.3022320005349,869.2199241915713,858.7255530681175,862.8886108398438,280283,0.0,0.0,0.0,-0.004403070374689899,0.014065496605724488,363552.8,839.0002227783203,0,20,5,2021,3,LUCK.KA
2021-05-21 00:00:00+05:00,867.3022115396785,872.9878828979613,860.5758198762888,869.0368041992188,464808,0.0,0.0,0.0,0.007125129804866681,0.014082919887466334,378635.45,841.6956024169922,0,21,5,2021,4,LUCK.KA
2021-05-24 00:00:00+05:00,872.1494909673785,881.0344920117216,869.2295453044276,875.3392333984375,1080522,0.0,0.0,0.0,0.007252200561317146,0.013089953508213481,385920.05,843.6504058837891,0,24,5,2021,0,LUCK.KA
2021-05-25 00:00:00+05:00,880.7935815279441,886.5755962863332,872.6505656463403,874.0960693359375,901211,0.0,0.0,0.0,-0.0014202083204628568,0.012862569144254503,411136.1,845.9092468261719,0,25,5,2021,1,LUCK.KA
2021-05-26 00:00:00+05:00,875.0115607719292,880.7935754906865,870.1932151729649,872.901123046875,589475,0.0,0.0,0.0,-0.0013670651670706357,0.012697439560605992,421898.95,848.3998504638672,0,26,5,2021,2,LUCK.KA
2021-05-27 00:00:00+05:00,874.0960345188976,891.3939064122744,873.0841937400223,883.9447631835938,6897768,0.0,0.0,0.0,0.012651650736993814,0.012496181108953772,756898.65,851.8454467773438,0,27,5,2021,3,LUCK.KA
2021-05-28 00:00:00+05:00,882.2391272210112,887.5393076685433,876.9389467734793,882.065673828125,689178,0.0,0.0,0.0,-0.0021257995224736037,0.012205002341544246,784315.75,855.5652130126953,0,28,5,2021,4,LUCK.KA
2021-05-31 00:00:00+05:00,882.0656264341736,904.88530414949,881.7572452574902,898.6407470703125,1026625,0.0,0.0,0.0,0.018791200852712464,0.012311497064223034,822080.65,860.3801849365234,0,31,5,2021,0,LUCK.KA
2021-06-01 00:00:00+05:00,899.9706089530706,910.6673125897452,897.2241166879766,906.5620727539062,385663,0.0,0.0,0.0,0.008814785785552504,0.01202781401443009,833564.0,864.8911163330079,0,1,6,2021,1,LUCK.KA
2021-06-02 00:00:00+05:00,906.812645863752,906.812645863752,882.0463376085037,900.857177734375,528201,0.0,0.0,0.0,-0.0062928895780971494,0.012254566286841097,852123.8,868.7274810791016,0,2,6,2021,2,LUCK.KA
2021-06-03 00:00:00+05:00,899.1033589946791,902.9483896721523,877.2858743021828,883.2124633789062,710856,0.0,0.0,0.0,-0.019586583524643264,0.012171248436705378,842777.9,870.5632751464843,0,3,6,2021,3,LUCK.KA
2021-06-04 00:00:00+05:00,888.4933237950078,888.4933237950078,878.8662782500087,882.6920166015625,332788,0.0,0.0,0.0,-0.0005892656624801873,0.012177552361293153,859417.3,872.373046875,0,4,6,2021,4,LUCK.KA
2021-06-07 00:00:00+05:00,886.5659653432842,887.5489266906803,878.0471630581742,881.7476196289062,291240,0.0,0.0,0.0,-0.0010699054198907154,0.01218990837520035,873979.3,874.1355987548828,0,7,6,2021,0,LUCK.KA
2021-06-08 00:00:00+05:00,880.812863688981,885.6119170620619,879.3673600158656,882.84619140625,236766,0.0,0.0,0.0,0.001245902742335936,0.012181729476735544,885817.6,875.9530792236328,0,8,6,2021,1,LUCK.KA
2021-06-09 00:00:00+05:00,886.5562823590665,886.5659284609254,876.938883534928,881.0634155273438,385439,0.0,0.0,0.0,-0.002019350478328019,0.01220903505659956,905089.55,877.6814208984375,0,9,6,2021,2,LUCK.KA
2021-06-10 00:00:00+05:00,879.8298963852036,885.1300764839096,879.0686189635777,881.6512451171875,345141,0.0,0.0,0.0,0.000667181929795424,0.012203983132350755,922346.6,879.4391540527344,0,10,6,2021,3,LUCK.KA
2021-06-11 00:00:00+05:00,885.6023030630648,885.6023030630648,874.1442627492369,878.4807739257812,373422,0.0,0.0,0.0,-0.003596060470583029,0.012262998400173301,941017.7,881.038363647461,0,11,6,2021,4,LUCK.KA
2021-06-14 00:00:00+05:00,886.5659653985324,889.4666189296003,880.3117620717115,885.3999633789062,221515,0.0,0.0,0.0,0.007876312901196725,0.00846121712319227,835723.3,881.2739807128906,0,14,6,2021,0,LUCK.KA
2021-06-15 00:00:00+05:00,886.5852485482046,896.0195481868196,876.9870828082225,877.9315185546875,362990,0.0,0.0,0.0,-0.008435108575922334,0.008571068308879925,825005.05,881.4031127929687,0,15,6,2021,1,LUCK.KA
2021-06-16 00:00:00+05:00,880.7936381108658,883.6749995730662,875.9752921693403,877.758056640625,373462,0.0,0.0,0.0,-0.00019758023307792083,0.008240192037992509,823867.65,881.955776977539,0,16,6,2021,2,LUCK.KA
2021-06-17 00:00:00+05:00,881.7476418520706,891.2976362365716,878.8662804530836,880.0515747070312,521048,0.0,0.0,0.0,0.0026129273881962956,0.008162002254485922,835905.9,882.8139251708984,0,17,6,2021,3,LUCK.KA
2021-06-18 00:00:00+05:00,885.1301174800585,899.1033202056556,882.5763706962325,891.442138671875,523260,0.0,0.0,0.0,0.012943064125117587,0.008488314387408132,838828.5,883.9341918945313,0,18,6,2021,4,LUCK.KA
2021-06-21 00:00:00+05:00,889.4665977375633,890.3339234726196,878.8662374178307,879.5889892578125,266463,0.0,0.0,0.0,-0.013296599857532065,0.008961369921847687,798125.55,884.1466796875,0,21,6,2021,0,LUCK.KA
2021-06-22 00:00:00+05:00,884.5519211324629,885.5059441637595,875.011573184104,876.9099731445312,202712,0.0,0.0,0.0,-0.0030457590374588506,0.0089849458457369,763200.6,884.2873748779297,0,22,6,2021,1,LUCK.KA
2021-06-23 00:00:00+05:00,875.9752633465522,883.6846165993271,868.2659100937773,869.34521484375,236751,0.0,0.0,0.0,-0.008626607670630837,0.009195709230207355,745564.4,884.1095794677734,0,23,6,2021,2,LUCK.KA
2021-06-24 00:00:00+05:00,869.2295566434715,875.0115714326741,867.3118644825506,872.4578247070312,296881,0.0,0.0,0.0,0.003580407196283497,0.008742897811623757,415520.05,883.5352325439453,0,24,6,2021,3,LUCK.KA
2021-06-25 00:00:00+05:00,878.8662808629033,880.7839730956211,843.2105216612285,848.6456298828125,820508,0.0,0.0,0.0,-0.02729323315108645,0.010587921254816338,422086.55,881.8642303466797,0,25,6,2021,4,LUCK.KA
2021-06-28 00:00:00+05:00,848.0288239204758,848.0288239204758,826.837749424476,830.1431274414062,779280,0.0,0.0,0.0,-0.021802389348262174,0.010304635651132436,409719.3,878.4393493652344,0,28,6,2021,0,LUCK.KA
2021-06-29 00:00:00+05:00,834.5375076359194,841.2831918777802,831.6465001036933,833.8244018554688,290286,0.0,0.0,0.0,0.00443450568025372,0.010063783830639949,404950.45,874.8024658203125,0,29,6,2021,1,LUCK.KA
2021-06-30 00:00:00+05:00,837.3321503538693,843.692343234958,828.7554713672916,832.0704956054688,252524,0.0,0.0,0.0,-0.0021034479754935553,0.010059875361877359,391166.6,871.3631317138672,0,30,6,2021,2,LUCK.KA
2021-07-01 00:00:00+05:00,834.5374985428543,862.4742582807032,834.0556639594,855.7382202148438,468976,0.0,0.0,0.0,0.02844437428604274,0.011718205171712289,379072.6,869.9894195556641,0,1,7,2021,3,LUCK.KA
2021-07-02 00:00:00+05:00,859.5832072399611,879.5408158501075,857.800442898561,863.3800659179688,638686,0.0,0.0,0.0,0.008930120827379318,0.011948783220750448,394367.5,869.0238220214844,0,2,7,2021,4,LUCK.KA
2021-07-05 00:00:00+05:00,862.4357263168812,867.2059004213772,846.6797002637092,849.27197265625,123584,0.0,0.0,0.0,-0.016340536246593373,0.012429200226682738,385984.7,867.4000396728516,0,5,7,2021,0,LUCK.KA
2021-07-06 00:00:00+05:00,856.5862307113509,865.3748885713818,843.5092334105618,848.5203247070312,545211,0.0,0.0,0.0,-0.0008850497525166867,0.012410825597187598,401406.95,865.6837463378906,0,6,7,2021,1,LUCK.KA
2021-07-07 00:00:00+05:00,852.8375406476279,852.8375406476279,839.355818823849,846.9110107421875,301338,0.0,0.0,0.0,-0.0018966121588182006,0.012410797797777892,397201.9,863.9761260986328,0,7,7,2021,2,LUCK.KA
2021-07-08 00:00:00+05:00,852.6544633127527,877.3244291661574,852.6544633127527,875.6090698242188,861871,0.0,0.0,0.0,0.03388556615515226,0.014771012440127627,423038.4,863.6740173339844,0,8,7,2021,3,LUCK.KA
2021-07-09 00:00:00+05:00,876.9389480078655,885.6119705705806,853.8108878406251,855.9213256835938,339184,0.0,0.0,0.0,-0.022484627922569778,0.015578616723490273,421326.5,862.546044921875,0,9,7,2021,4,LUCK.KA
2021-07-12 00:00:00+05:00,857.6655349762913,859.5928732571368,848.0288435720632,849.9368896484375,250163,0.0,0.0,0.0,-0.006991806204123652,0.015477880368606308,422758.9,860.7728912353516,0,12,7,2021,0,LUCK.KA
2021-07-13 00:00:00+05:00,855.9983855401832,856.701845174063,838.3921319476207,849.397216796875,154716,0.0,0.0,0.0,-0.0006349563810387204,0.015403391220459682,412345.2,859.3461761474609,0,13,7,2021,1,LUCK.KA
2021-07-14 00:00:00+05:00,852.8471803729689,859.4868747974302,848.0384808232791,853.8204956054688,162112,0.0,0.0,0.0,0.005207550391175264,0.015475403519566172,401777.7,858.1492980957031,0,14,7,2021,2,LUCK.KA
2021-07-15 00:00:00+05:00,857.655906845933,861.5105834883976,851.883537984674,857.174072265625,127840,0.0,0.0,0.0,0.003927730333737278,0.015495537825625396,382117.3,857.0054229736328,0,15,7,2021,3,LUCK.KA
2021-07-16 00:00:00+05:00,860.5469269696637,890.4303174902045,856.7982397635492,878.4133911132812,1052004,0.0,0.0,0.0,0.024778302954868714,0.01627077076977448,408554.5,856.3539855957031,0,16,7,2021,4,LUCK.KA
2021-07-19 00:00:00+05:00,878.4133911132812,878.4133911132812,878.4133911132812,878.4133911132812,0,0.0,0.0,0.0,0.0,0.015994442009834936,395231.35,856.2952056884766,0,19,7,2021,0,LUCK.KA
2021-07-20 00:00:00+05:00,878.4133911132812,878.4133911132812,878.4133911132812,878.4133911132812,0,0.0,0.0,0.0,0.0,0.0159778643435924,385095.75,856.3703765869141,0,20,7,2021,1,LUCK.KA
2021-07-21 00:00:00+05:00,878.4133911132812,878.4133911132812,878.4133911132812,878.4133911132812,0,0.0,0.0,0.0,0.0,0.015842729322628014,373258.2,856.8237854003906,0,21,7,2021,2,LUCK.KA
2021-07-22 00:00:00+05:00,878.4133911132812,878.4133911132812,878.4133911132812,878.4133911132812,0,0.0,0.0,0.0,0.0,0.01582795033623448,358414.15,857.1215637207031,0,22,7,2021,3,LUCK.KA
2021-07-23 00:00:00+05:00,878.4133911132812,878.4133911132812,878.4133911132812,878.4133911132812,0,0.0,0.0,0.0,0.0,0.014423567588466538,317388.75,858.6099517822265,0,23,7,2021,4,LUCK.KA
2021-07-26 00:00:00+05:00,872.1205807472592,874.0479190472531,864.9027082246134,868.1502685546875,196456,0.0,0.0,0.0,-0.011683704577393206,0.013711099167087026,288247.55,860.5103088378906,0,26,7,2021,0,LUCK.KA
2021-07-27 00:00:00+05:00,872.0723982823631,872.0723982823631,862.4838785947812,865.9530639648438,143699,0.0,0.0,0.0,-0.0025309035421963166,0.013743238318245194,280918.2,862.1167419433593,0,27,7,2021,1,LUCK.KA
2021-07-28 00:00:00+05:00,872.1206002493619,874.4816014831899,858.6292318477143,860.1807250976562,194319,0.0,0.0,0.0,-0.006665879604095815,0.013852040178533516,278007.95,863.5222534179687,0,28,7,2021,2,LUCK.KA
2021-07-29 00:00:00+05:00,867.0613031297603,875.8499609245317,848.0288377373594,864.141357421875,456785,0.0,0.0,0.0,0.004604418825786993,0.012382041857630395,277398.4,863.9424102783203,0,29,7,2021,3,LUCK.KA
2021-07-30 00:00:00+05:00,863.9294232341065,864.3823195179746,849.9562200696954,855.6900634765625,549352,0.0,0.0,0.0,-0.009779990128613414,0.01242318292895461,272931.7,863.55791015625,0,30,7,2021,4,LUCK.KA
2021-08-02 00:00:00+05:00,857.376494500757,857.376494500757,849.9562299361868,853.0206909179688,144702,0.0,0.0,0.0,-0.0031195554004079806,0.011868259227767396,273987.6,863.7453460693359,0,2,8,2021,0,LUCK.KA
2021-08-03 00:00:00+05:00,852.9435083834971,860.5275795973406,849.956157660295,854.2733764648438,286933,0.0,0.0,0.0,0.001468528911680922,0.011867699524507652,261073.7,864.0329986572266,0,3,8,2021,1,LUCK.KA
2021-08-04 00:00:00+05:00,854.6782009444036,856.2200480722661,849.9658446389908,851.3053588867188,186017,0.0,0.0,0.0,-0.0034743182450649446,0.011889022506774996,255307.65,864.2527160644531,0,4,8,2021,2,LUCK.KA
2021-08-05 00:00:00+05:00,854.7648487640472,854.7648487640472,847.06514203736,848.0191650390625,48113,0.0,0.0,0.0,-0.0038601822640395023,0.008901860628900473,214619.75,862.8732208251953,0,5,8,2021,3,LUCK.KA
2021-08-06 00:00:00+05:00,851.8835521227312,853.3290558876453,819.1284462206087,840.9169921875,197387,0.0,0.0,0.0,-0.008375014556699756,0.007623803521332824,207529.9,862.1230041503907,0,6,8,2021,4,LUCK.KA
2021-08-09 00:00:00+05:00,838.3729219088674,838.3729219088674,814.30048382411,825.8259887695312,338920,0.0,0.0,0.0,-0.017945889497026468,0.00843779441804172,211967.75,860.9174591064453,0,9,8,2021,0,LUCK.KA
2021-08-10 00:00:00+05:00,819.1187861049673,837.4285001473136,819.1187861049673,833.87255859375,160459,0.0,0.0,0.0,0.009743662628258987,0.00879900800201719,212254.9,860.141226196289,0,10,8,2021,1,LUCK.KA
2021-08-11 00:00:00+05:00,829.2372893585208,843.0659178968633,829.2372893585208,836.3780517578125,108991,0.0,0.0,0.0,0.003004647578627395,0.008732259273572452,209598.85,859.2691040039062,0,11,8,2021,2,LUCK.KA
2021-08-12 00:00:00+05:00,848.0288596155326,848.0288596155326,830.6828147597604,832.0512084960938,76923,0.0,0.0,0.0,-0.005173310385925389,0.008699276530089518,207053.0,858.0129608154297,0,12,8,2021,3,LUCK.KA
2021-08-13 00:00:00+05:00,841.2831551730957,841.2831551730957,823.0794310898156,825.4307861328125,71845,0.0,0.0,0.0,-0.007956748690080562,0.006235195005706873,158045.05,855.3638305664062,0,13,8,2021,4,LUCK.KA
2021-08-16 00:00:00+05:00,835.2024274855139,835.2024274855139,810.9275989676311,815.4279174804688,297132,0.0,0.0,0.0,-0.01211836149122536,0.006502483447190719,172901.65,852.2145568847657,0,16,8,2021,0,LUCK.KA
2021-08-17 00:00:00+05:00,816.6614243531677,823.9371145957074,811.4094157772931,817.5191040039062,171199,0.0,0.0,0.0,0.0025645265247955518,0.00660364231602461,181461.6,849.1698425292968,0,17,8,2021,1,LUCK.KA
2021-08-18 00:00:00+05:00,817.5191040039062,817.5191040039062,817.5191040039062,817.5191040039062,0,0.0,0.0,0.0,0.0,0.00660364231602461,181461.6,846.1251281738281,0,18,8,2021,2,LUCK.KA
2021-08-19 00:00:00+05:00,817.5191040039062,817.5191040039062,817.5191040039062,817.5191040039062,0,0.0,0.0,0.0,0.0,0.00660364231602461,181461.6,843.0804138183594,0,19,8,2021,3,LUCK.KA
2021-08-20 00:00:00+05:00,826.8184776533925,830.673154221018,820.0824397622987,828.6591186523438,924995,0.0,0.0,0.0,0.013626610795855143,0.007616150260383164,227711.35,840.5927001953125,0,20,8,2021,4,LUCK.KA
2021-08-23 00:00:00+05:00,828.7554645509077,832.6004950279345,828.0327126922878,830.6731567382812,333353,0.0,0.0,0.0,0.002430478396488134,0.007408904577745047,234556.2,838.7188446044922,0,23,8,2021,0,LUCK.KA
2021-08-24 00:00:00+05:00,832.8992370323086,837.8139850023888,815.2641032989558,820.7184448242188,295563,0.0,0.0,0.0,-0.01198390947547967,0.007727297473225319,242149.4,836.4571136474609,0,24,8,2021,1,LUCK.KA
2021-08-25 00:00:00+05:00,823.9370968013848,823.9370968013848,811.4093982535275,812.9127197265625,244204,0.0,0.0,0.0,-0.009510844001231256,0.007830600139990047,244643.65,834.0937133789063,0,25,8,2021,2,LUCK.KA
2021-08-26 00:00:00+05:00,808.614736647731,812.083980777139,780.7165626232785,785.7468872070312,984054,0.0,0.0,0.0,-0.03341789574736753,0.010197892829996735,271007.1,830.1739898681641,0,26,8,2021,3,LUCK.KA
2021-08-27 00:00:00+05:00,788.2813784221399,794.0633934227914,778.6446867543876,790.0834350585938,413540,0.0,0.0,0.0,0.005519013720788557,0.010368664832507058,264216.5,826.8936584472656,0,27,8,2021,4,LUCK.KA
2021-08-30 00:00:00+05:00,793.1960496685983,799.7972186020185,790.0834171521225,794.1983032226562,174687,0.0,0.0,0.0,0.005208143825667477,0.010568170851015062,265715.75,823.9525390625,0,30,8,2021,0,LUCK.KA
2021-08-31 00:00:00+05:00,796.9543675302671,802.7363822886487,794.0730062531715,800.3272094726562,443204,0.0,0.0,0.0,0.007717098141774459,0.010812711818998242,273529.3,821.2552307128906,0,31,8,2021,1,LUCK.KA
2021-09-01 00:00:00+05:00,801.7727115123848,808.5183953832823,800.8090423879709,804.5866088867188,263417,0.0,0.0,0.0,0.0053220724769174055,0.010978600384945764,277399.3,818.9192932128906,0,1,9,2021,2,LUCK.KA
2021-09-02 00:00:00+05:00,803.7000529758169,803.7000529758169,788.7631814876572,791.4036254882812,557154,0.0,0.0,0.0,-0.016384790963248075,0.01139399081328214,302851.35,816.0885162353516,0,2,9,2021,3,LUCK.KA
2021-09-03 00:00:00+05:00,790.2086482545544,798.8720239020265,780.581603523845,794.15966796875,289671,0.0,0.0,0.0,0.0034824739130658866,0.01142919998924739,307465.55,813.7506500244141,0,3,9,2021,4,LUCK.KA
2021-09-06 00:00:00+05:00,798.3035384508236,798.3035384508236,781.9211630842088,790.1605224609375,74155,0.0,0.0,0.0,-0.005035694544953784,0.010879745569528095,294227.3,811.9673767089844,0,6,9,2021,0,LUCK.KA
2021-09-07 00:00:00+05:00,790.112373263927,790.112373263927,774.7900099871027,776.1005859375,334345,0.0,0.0,0.0,-0.017793772434553046,0.0110369324074403,302921.6,809.0787780761718,0,7,9,2021,1,LUCK.KA
2021-09-08 00:00:00+05:00,771.0412896029993,789.245013493223,743.191287176945,745.8124389648438,848450,0.0,0.0,0.0,-0.03902605863397113,0.013463053561973623,339894.55,804.5504974365234,0,8,9,2021,2,LUCK.KA
2021-09-09 00:00:00+05:00,742.0252560148931,761.288993185539,728.6784616253408,730.721435546875,577341,0.0,0.0,0.0,-0.0202343144596977,0.013851965706122474,364915.45,799.4840087890625,0,9,9,2021,3,LUCK.KA
2021-09-10 00:00:00+05:00,734.3158946687762,767.0806458744696,730.7214275493441,756.885009765625,451077,0.0,0.0,0.0,0.03580512757117771,0.016744159636017945,383877.05,796.0567199707032,0,10,9,2021,4,LUCK.KA
2021-09-13 00:00:00+05:00,761.269686673869,761.269686673869,751.6619335252776,754.67822265625,82513,0.0,0.0,0.0,-0.002915617406742288,0.016640991024812497,373146.1,793.0192352294922,0,13,9,2021,0,LUCK.KA
2021-09-14 00:00:00+05:00,758.417278151113,758.8894666306293,730.4612262933549,739.0282592773438,155513,0.0,0.0,0.0,-0.020737266438963675,0.016989071870645696,372361.8,789.094692993164,0,14,9,2021,1,LUCK.KA
2021-09-15 00:00:00+05:00,739.0282679661461,739.0282679661461,728.5338965308235,733.5256958007812,61202,0.0,0.0,0.0,-0.007445673974555644,0.01695767797932209,375421.9,784.8950225830079,0,15,9,2021,2,LUCK.KA
2021-09-16 00:00:00+05:00,733.3328736476703,733.3328736476703,720.8244678796556,730.9429931640625,287094,0.0,0.0,0.0,-0.003520943644515717,0.016918332191175934,389776.6,780.5662170410156,0,16,9,2021,3,LUCK.KA
2021-09-17 00:00:00+05:00,732.3885903117861,741.0134413954452,703.4785143784261,709.9639892578125,433997,0.0,0.0,0.0,-0.028701286013341987,0.01705399044471891,365226.7,774.631460571289,0,17,9,2021,4,LUCK.KA
2021-09-20 00:00:00+05:00,711.1878303619326,720.8245218302515,698.9106948421258,714.75341796875,368027,0.0,0.0,0.0,0.006746016394358678,0.01721361865254159,366960.4,768.8354736328125,0,20,9,2021,0,LUCK.KA
2021-09-21 00:00:00+05:00,721.7785207766868,721.7785207766868,699.7683511358127,703.2760620117188,268200,0.0,0.0,0.0,-0.01605778394127677,0.017295306127353277,365592.25,762.9633544921875,0,21,9,2021,1,LUCK.KA
2021-09-22 00:00:00+05:00,710.2241754712401,711.178198534922,682.4223435541602,702.1389770507812,626791,0.0,0.0,0.0,-0.0016168401320029169,0.017338202672693245,384721.6,757.4246673583984,0,22,9,2021,2,LUCK.KA
2021-09-23 00:00:00+05:00,703.4785050093249,725.1514155678899,698.6601590846035,701.2813110351562,399577,0.0,0.0,0.0,-0.0012215046360586346,0.016230656179210993,355497.75,753.2013885498047,0,23,9,2021,3,LUCK.KA
2021-09-24 00:00:00+05:00,703.4784699242949,706.3598312327425,690.9507711448211,698.3613891601562,238840,0.0,0.0,0.0,-0.004163695551347213,0.01602640221618554,346762.75,748.6152862548828,0,24,9,2021,4,LUCK.KA
2021-09-27 00:00:00+05:00,700.5874848507036,708.2004948018828,688.0790778768209,695.6535034179688,192947,0.0,0.0,0.0,-0.003877484901397499,0.015818541992512068,347675.75,743.6880462646484,0,27,9,2021,0,LUCK.KA
2021-09-28 00:00:00+05:00,695.6535034179688,695.6535034179688,695.6535034179688,695.6535034179688,0,0.0,0.0,0.0,0.0,0.01554570174665294,325515.55,738.4543609619141,0,28,9,2021,1,LUCK.KA
2021-09-29 00:00:00+05:00,698.6601180403542,698.6601180403542,670.7618850116174,684.8025512695312,402667,0.0,0.0,0.0,-0.015598213902644487,0.015385242791374865,332478.05,732.4651580810547,0,29,9,2021,2,LUCK.KA
2021-09-30 00:00:00+05:00,684.8025288335241,703.4784406341306,667.340849505665,696.6364135742188,492634,0.0,0.0,0.0,0.017280692489753502,0.016228332163909304,329252.05,727.7267974853515,0,30,9,2021,3,LUCK.KA
2021-10-01 00:00:00+05:00,701.4547798881453,721.277402037554,684.2050790168397,686.43115234375,160753,0.0,0.0,0.0,-0.01464933648545419,0.016163431353740973,322806.15,722.3403717041016,0,1,10,2021,4,LUCK.KA
2021-10-04 00:00:00+05:00,683.2413972714938,692.8780883472554,670.7136988730038,678.7699584960938,200896,0.0,0.0,0.0,-0.011160906409182991,0.016179518713237993,329143.2,716.7708435058594,0,4,10,2021,0,LUCK.KA
2021-10-05 00:00:00+05:00,681.3140785850196,681.3140785850196,650.5730096451234,654.9962768554688,1122578,0.0,0.0,0.0,-0.035024652082862984,0.017187011372360735,368554.85,710.7156280517578,0,5,10,2021,1,LUCK.KA
2021-10-06 00:00:00+05:00,654.3314017691087,655.1987275960305,641.4182106666141,648.318115234375,266703,0.0,0.0,0.0,-0.010195724551526508,0.015611673674116984,339467.5,705.8409118652344,0,6,10,2021,2,LUCK.KA
2021-10-07 00:00:00+05:00,664.9413964256399,672.5447605564484,640.8400202386157,644.7139892578125,924076,0.0,0.0,0.0,-0.005559193691910935,0.015291803449412406,356804.25,701.5405395507812,0,7,10,2021,3,LUCK.KA
2021-10-08 00:00:00+05:00,644.6946720099537,649.0311832566574,629.2759653550071,636.4841918945312,578612,0.0,0.0,0.0,-0.012765036125174323,0.01172130796585842,363181.0,695.5204986572265,0,8,10,2021,4,LUCK.KA
2021-10-11 00:00:00+05:00,636.0216229297606,640.7436251725295,619.6874194864345,627.0498657226562,882525,0.0,0.0,0.0,-0.014822561647278576,0.011721959867905118,403181.6,689.1390808105468,0,11,10,2021,0,LUCK.KA
2021-10-12 00:00:00+05:00,619.6488741190901,645.6582935794679,613.8572134479418,628.129150390625,1238174,0.0,0.0,0.0,0.0017212102688595188,0.01162933470950935,457314.65,683.594125366211,0,12,10,2021,1,LUCK.KA
2021-10-13 00:00:00+05:00,627.348617530597,635.0579707414184,615.3509248327167,618.078125,164529,0.0,0.0,0.0,-0.016001526731205473,0.011763240235708388,462481.0,677.8217468261719,0,13,10,2021,2,LUCK.KA
2021-10-14 00:00:00+05:00,623.3686389326723,655.2950015828525,611.9491833880493,649.3588256835938,918101,0.0,0.0,0.0,0.05060962266476232,0.017692344386653503,494031.35,673.7425384521484,0,14,10,2021,3,LUCK.KA
2021-10-15 00:00:00+05:00,638.0452885095665,660.1133344586939,638.0452885095665,657.5017700195312,352699,0.0,0.0,0.0,0.01253997637956994,0.017275357583075874,489966.45,671.1194274902343,0,15,10,2021,4,LUCK.KA
2021-10-18 00:00:00+05:00,650.2839499055102,662.0407256470619,645.6583496121273,655.3046875,202071,0.0,0.0,0.0,-0.003341561376277391,0.01710098109203924,481668.65,668.1469909667969,0,18,10,2021,0,LUCK.KA
2021-10-19 00:00:00+05:00,655.3046875,655.3046875,655.3046875,655.3046875,0,0.0,0.0,0.0,0.0,0.01689038117968085,468258.65,665.748422241211,0,19,10,2021,1,LUCK.KA
2021-10-20 00:00:00+05:00,657.2223989507443,683.9642194359102,657.2223989507443,675.907958984375,343774,0.0,0.0,0.0,0.03144075096269616,0.01860385635053121,454107.8,664.4368713378906,0,20,10,2021,2,LUCK.KA
2021-10-21 00:00:00+05:00,682.2681090743525,693.8321388231092,674.5684020108035,681.1116943359375,307469,0.0,0.0,0.0,0.007698881604207841,0.018723474222549455,449502.4,663.4283905029297,0,21,10,2021,3,LUCK.KA
2021-10-22 00:00:00+05:00,683.2414465578152,717.9335369331061,680.3504390265408,683.0679931640625,732945,0.0,0.0,0.0,0.002872214417096952,0.018732803105836915,474207.65,662.663720703125,0,22,10,2021,4,LUCK.KA
2021-10-25 00:00:00+05:00,683.2414465578152,686.0842823937745,671.2245201519805,683.0679931640625,191304,0.0,0.0,0.0,0.0,0.018720880696544696,474125.5,662.0344451904297,0,25,10,2021,0,LUCK.KA
2021-10-26 00:00:00+05:00,674.5587444025542,674.5683905046785,669.7500448582165,672.6410522460938,240836,0.0,0.0,0.0,-0.015264865316950038,0.01899791159224051,486167.3,660.883822631836,0,26,10,2021,1,LUCK.KA
2021-10-27 00:00:00+05:00,680.3407766542656,698.5445010904461,679.3867536025914,688.9945068359375,297062,0.0,0.0,0.0,0.024312305255880684,0.01952898546206008,480887.05,661.0934204101562,0,27,10,2021,2,LUCK.KA
2021-10-28 00:00:00+05:00,693.841791178013,711.1878359574632,693.841791178013,707.6415405273438,750317,0.0,0.0,0.0,0.02706412533974878,0.020086421873794683,493771.2,661.6436767578125,0,28,10,2021,3,LUCK.KA
2021-10-29 00:00:00+05:00,712.1514537136525,751.5655428116206,703.4784319498867,744.7042236328125,828696,0.0,0.0,0.0,0.052374939828785605,0.02275639863328028,527168.35,664.5573303222657,0,29,10,2021,4,LUCK.KA
2021-11-01 00:00:00+05:00,780.5623525765865,788.7053685238733,758.4076085928195,761.5973510742188,991896,0.0,0.0,0.0,0.02268434487855897,0.02280258972462966,566718.35,668.6986999511719,0,1,11,2021,0,LUCK.KA
2021-11-02 00:00:00+05:00,773.82634844198,781.3429562523473,748.3951047673464,751.75830078125,367916,0.0,0.0,0.0,-0.012918966011490118,0.02118703329321849,528985.25,673.5368011474609,0,2,11,2021,1,LUCK.KA
2021-11-03 00:00:00+05:00,746.8435943009093,755.5166166863393,738.295853610907,741.0808715820312,476503,0.0,0.0,0.0,-0.014203274095041518,0.02137753555994269,539475.25,678.1749389648437,0,3,11,2021,2,LUCK.KA
2021-11-04 00:00:00+05:00,735.7614329798947,744.9162903647133,729.4975831902821,732.4560546875,634670,0.0,0.0,0.0,-0.011638158836996149,0.02160632699471163,525004.95,682.5620422363281,0,4,11,2021,3,LUCK.KA
2021-11-05 00:00:00+05:00,732.3885718813506,755.5166320460248,728.5338951872383,736.3685302734375,408144,0.0,0.0,0.0,0.005341584059410653,0.021125395339681153,516481.55,687.5562591552734,0,5,11,2021,4,LUCK.KA
2021-11-08 00:00:00+05:00,745.870302024714,748.0482037905431,734.3159179238568,744.6464233398438,591594,0.0,0.0,0.0,0.01124150846496974,0.020468045780042424,501935.0,693.4360870361328,0,8,11,2021,0,LUCK.KA
2021-11-09 00:00:00+05:00,740.0979114625118,746.8435955513628,720.8245283515089,740.26171875,1144595,0.0,0.0,0.0,-0.00588830410301,0.020676740699455295,497256.05,699.0427154541015,0,9,11,2021,1,LUCK.KA
2021-11-10 00:00:00+05:00,742.9888556381642,746.6893707600377,730.4611576831757,735.8095092773438,411958,0.0,0.0,0.0,-0.006014372160395132,0.020169615706561467,509627.5,704.9292846679688,0,10,11,2021,2,LUCK.KA
2021-11-11 00:00:00+05:00,739.1246235837398,741.0519619662339,725.6429010090255,729.2277221679688,128188,0.0,0.0,0.0,-0.008944960654068135,0.017971162690870943,470131.85,708.9227294921875,0,11,11,2021,3,LUCK.KA
2021-11-12 00:00:00+05:00,738.1609142076862,738.1609142076862,709.7423207157251,713.5584716796875,220799,0.0,0.0,0.0,-0.021487458597565512,0.018902792971493262,463536.85,711.7255645751953,0,12,11,2021,4,LUCK.KA
2021-11-15 00:00:00+05:00,721.7784893756765,721.7784893756765,699.7297362861234,704.7986450195312,206390,0.0,0.0,0.0,-0.012276256267458985,0.019195371806879368,463752.8,714.2002624511719,0,15,11,2021,0,LUCK.KA
2021-11-16 00:00:00+05:00,712.9224208675026,741.9867151843696,706.3694824527627,733.8051147460938,460039,0.0,0.0,0.0,0.04115568316076801,0.020895075641729318,486754.75,718.1252838134766,0,16,11,2021,1,LUCK.KA
2021-11-17 00:00:00+05:00,737.2069287842351,737.2069287842351,704.451822496536,710.6000366210938,368455,0.0,0.0,0.0,-0.031622944101485695,0.021581461108590067,487988.8,719.8598876953125,0,17,11,2021,2,LUCK.KA
2021-11-18 00:00:00+05:00,713.1151594024846,732.3885420890381,705.405806327863,726.741455078125,699150,0.0,0.0,0.0,0.0227151950818687,0.022020378968275873,507572.85,722.1413757324219,0,18,11,2021,3,LUCK.KA
2021-11-19 00:00:00+05:00,734.3158542296309,744.9162143300587,721.7978020309569,740.40625,491952,0.0,0.0,0.0,0.01880282847000392,0.022283969612180977,495523.2,725.0082885742188,0,19,11,2021,4,LUCK.KA
2021-11-22 00:00:00+05:00,743.6731470381743,743.952589919602,703.4784852866703,706.6200561523438,771181,0.0,0.0,0.0,-0.04563196737960584,0.024924032721825858,524517.05,726.1858917236328,0,22,11,2021,0,LUCK.KA
2021-11-23 00:00:00+05:00,708.2968016268804,712.6333126572491,686.1324119161073,693.5430297851562,507054,0.0,0.0,0.0,-0.018506446644599883,0.025052355294964072,537827.95,727.230990600586,0,23,11,2021,1,LUCK.KA
2021-11-24 00:00:00+05:00,701.5414629012904,701.5414629012904,664.9316829837825,666.8204956054688,913166,0.0,0.0,0.0,-0.03853046318981179,0.026006665913473642,568633.15,726.1222900390625,0,24,11,2021,2,LUCK.KA
2021-11-25 00:00:00+05:00,673.6047429990585,673.6047429990585,643.8755729331177,656.3550415039062,926557,0.0,0.0,0.0,-0.01569455973613998,0.025298886631537478,577445.15,723.5579650878906,0,25,11,2021,3,LUCK.KA
2021-11-26 00:00:00+05:00,656.2586350559648,683.2413689496021,646.6219443796657,668.1213989257812,953392,0.0,0.0,0.0,0.017926818075343354,0.022291968784798298,583679.95,719.7288238525391,0,26,11,2021,4,LUCK.KA
2021-11-29 00:00:00+05:00,670.7137119317642,708.2968078589752,666.4735442487955,699.4021606445312,783437,0.0,0.0,0.0,0.046818978959578095,0.024430124384368555,573257.0,716.6190643310547,0,29,11,2021,0,LUCK.KA
2021-11-30 00:00:00+05:00,701.5511529058016,717.4035224513473,678.5194363094247,687.144287109375,8322412,0.0,0.0,0.0,-0.01752621628143103,0.024540444304545637,970981.8,713.3883636474609,0,30,11,2021,1,LUCK.KA
2021-12-01 00:00:00+05:00,698.7564867500945,709.0195868658537,687.1924567910183,702.7557373046875,2228427,0.0,0.0,0.0,0.022719318908966724,0.02512989168537495,1058578.0,711.4721069335938,0,1,12,2021,2,LUCK.KA
2021-12-02 00:00:00+05:00,689.0233922557484,689.0233922557484,650.0526123046875,650.0526123046875,2988066,0.0,0.0,0.0,-0.07499494091949332,0.029902276337051396,1176247.8,707.3519348144531,0,2,12,2021,3,LUCK.KA
2021-12-03 00:00:00+05:00,630.2396128656314,650.4766646548948,610.96623020919,624.3997802734375,1516241,0.0,0.0,0.0,-0.039462701242443776,0.030713062356391013,1231652.65,701.7534973144532,0,3,12,2021,4,LUCK.KA
2021-12-06 00:00:00+05:00,630.9623540104702,634.0942786390063,617.7119036589712,627.8786010742188,286359,0.0,0.0,0.0,0.005571463845259306,0.03055419189635229,1216390.9,695.9151062011719,0,6,12,2021,0,LUCK.KA
2021-12-07 00:00:00+05:00,628.3122504715901,646.4003382217057,627.8304159236824,639.481201171875,402869,0.0,0.0,0.0,0.01847905005490813,0.03112515464376237,1179304.6,690.8760803222656,0,7,12,2021,1,LUCK.KA
2021-12-08 00:00:00+05:00,638.9126181089079,641.8036254306676,625.4212506073623,626.6836547851562,459787,0.0,0.0,0.0,-0.020012388735222708,0.03126304117866659,1181696.05,685.4197875976563,0,8,12,2021,2,LUCK.KA
2021-12-09 00:00:00+05:00,631.2032742658354,631.2032742658354,599.411839374331,608.0077514648438,715850,0.0,0.0,0.0,-0.029801165512630234,0.03165823683112442,1211079.15,679.3587890625,0,9,12,2021,3,LUCK.KA
2021-12-10 00:00:00+05:00,609.0388667317169,614.522146223196,586.4408147389713,611.1107788085938,785161,0.0,0.0,0.0,0.005103598327939052,0.03164546724015948,1239297.25,674.2364044189453,0,10,12,2021,4,LUCK.KA
2021-12-13 00:00:00+05:00,616.7386459052681,624.4576456582648,601.3295847079587,608.6438598632812,522438,0.0,0.0,0.0,-0.0040367786510360215,0.031630058609312985,1255099.65,669.4286651611328,0,13,12,2021,0,LUCK.KA
2021-12-14 00:00:00+05:00,614.8209546706655,624.4672928530546,603.8833326875388,617.1433715820312,686619,0.0,0.0,0.0,0.01396467175510363,0.030001555517398852,1266428.65,663.5955780029296,0,14,12,2021,1,LUCK.KA
2021-12-15 00:00:00+05:00,647.585700268204,663.4284242167591,640.8400158904102,660.9324951171875,1379800,0.0,0.0,0.0,0.07095453917442862,0.03425107533076359,1316995.9,661.1122009277344,0,15,12,2021,2,LUCK.KA
2021-12-16 00:00:00+05:00,658.1860156972474,658.1860156972474,636.985294840235,640.4159545898438,749294,0.0,0.0,0.0,-0.031041809381313623,0.03423143641308678,1319503.1,656.7959259033203,0,16,12,2021,3,LUCK.KA
2021-12-17 00:00:00+05:00,638.9126550726594,661.5588804032892,630.2396326056098,650.0719604492188,1022767,0.0,0.0,0.0,0.015077709713773757,0.03410072522192505,1346043.85,652.2792114257812,0,17,12,2021,4,LUCK.KA
2021-12-20 00:00:00+05:00,650.0719525769157,675.5320750862467,641.8133008918461,668.5358276367188,678082,0.0,0.0,0.0,0.028402805090594674,0.03357861168091717,1341388.9,650.375,0,20,12,2021,0,LUCK.KA
2021-12-21 00:00:00+05:00,668.786367953069,679.2903848673062,661.077015008365,665.9821166992188,404701,0.0,0.0,0.0,-0.0038198565161831066,0.03336381853091784,1336271.25,648.9969543457031,0,21,12,2021,1,LUCK.KA
2021-12-22 00:00:00+05:00,668.7863928193093,671.6774002810643,653.8495209335754,659.6122436523438,235255,0.0,0.0,0.0,-0.009564630771837779,0.032282707907203674,1302375.7,648.6365417480469,0,22,12,2021,2,LUCK.KA
2021-12-23 00:00:00+05:00,661.0770331624124,669.7404093611,655.5455816835175,658.822021484375,291007,0.0,0.0,0.0,-0.0011980101575937985,0.0320749590025056,1270598.2,648.7598907470704,0,23,12,2021,3,LUCK.KA
2021-12-24 00:00:00+05:00,661.0769869875039,661.9443126840981,651.4402962150914,653.7048950195312,134561,0.0,0.0,0.0,-0.007767084733012575,0.03186158136564818,1229656.65,648.0390655517579,0,24,12,2021,4,LUCK.KA
2021-12-27 00:00:00+05:00,653.4640221819835,655.1986736931183,648.1831341012934,651.9414672851562,110570,0.0,0.0,0.0,-0.0026975899183412366,0.029842244852936444,1196013.3,645.6660308837891,0,27,12,2021,0,LUCK.KA
2021-12-28 00:00:00+05:00,650.7176000911968,659.1497052386208,650.5345005981449,653.7242431640625,272782,0.0,0.0,0.0,0.002734564325736377,0.02966951682816218,793531.8,643.9950286865235,0,28,12,2021,1,LUCK.KA
2021-12-29 00:00:00+05:00,651.6812204315429,659.1496558597786,649.7924078456452,656.1140747070312,246866,0.0,0.0,0.0,0.0036557180920839816,0.029132589221950493,694453.75,641.6629455566406,0,29,12,2021,2,LUCK.KA
2021-12-30 00:00:00+05:00,661.0673634023038,670.7137006048805,646.766546746856,653.6375122070312,812890,0.0,0.0,0.0,-0.003774591333230992,0.02372250099938747,585694.95,641.8421905517578,0,30,12,2021,3,LUCK.KA
2021-12-31 00:00:00+05:00,647.5856567748409,664.8835294596724,647.5856567748409,654.6011962890625,361081,0.0,0.0,0.0,0.0014743402329790989,0.02177562836946059,527936.95,643.352261352539,0,31,12,2021,4,LUCK.KA
2022-01-03 00:00:00+05:00,655.2950309967598,665.4135572106804,655.2853848942959,664.0548095703125,157080,0.0,0.0,0.0,0.01444179041352589,0.021929442074652146,521473.0,645.1610717773438,0,3,1,2022,0,LUCK.KA
2022-01-04 00:00:00+05:00,663.9680578310417,677.4594262049671,661.0770503223434,675.7922973632812,490093,0.0,0.0,0.0,0.017675480432953528,0.02190036145972114,525834.2,646.9766265869141,0,4,1,2022,1,LUCK.KA
2022-01-05 00:00:00+05:00,673.6047217155191,673.6047217155191,666.4735466280762,668.583984375,198156,0.0,0.0,0.0,-0.010666462190240589,0.021479414105353308,512752.65,649.0716430664063,0,5,1,2022,2,LUCK.KA
2022-01-06 00:00:00+05:00,666.6663063698285,673.5950899127342,660.113367911762,663.2742309570312,772137,0.0,0.0,0.0,-0.007941789725837367,0.020217142738651623,515567.0,651.8349670410156,0,6,1,2022,3,LUCK.KA
2022-01-07 00:00:00+05:00,664.9317457344574,670.7137609147571,652.4233383827399,663.572998046875,205522,0.0,0.0,0.0,0.00045044278203398846,0.020237186684870442,486585.05,654.4580780029297,0,7,1,2022,4,LUCK.KA
2022-01-10 00:00:00+05:00,660.1615512944963,672.6410787745554,660.1615512944963,671.3401489257812,176422,0.0,0.0,0.0,0.011705043607512122,0.02020130810611568,469284.25,657.5928924560546,0,10,1,2022,0,LUCK.KA
2022-01-11 00:00:00+05:00,672.6410469921946,676.4860773772069,663.0043557745413,664.9606323242188,226747,0.0,0.0,0.0,-0.009502659138992953,0.020340569778332873,446290.65,659.983755493164,0,11,1,2022,1,LUCK.KA
2022-01-12 00:00:00+05:00,666.8590735083234,670.7137502338051,659.1497200573601,660.3639526367188,246499,0.0,0.0,0.0,-0.006912709510987658,0.012943461900750053,389625.6,659.9553283691406,0,12,1,2022,2,LUCK.KA
2022-01-13 00:00:00+05:00,658.1860077663318,669.7210988793183,654.8131658524487,655.2371826171875,127106,0.0,0.0,0.0,-0.007763552203388646,0.010884597805891084,358516.2,660.6963897705078,0,13,1,2022,3,LUCK.KA
2022-01-14 00:00:00+05:00,655.2950531516458,660.0941069251219,649.994872574684,650.3995971679688,58716,0.0,0.0,0.0,-0.007382953192454966,0.010530375185960573,310313.65,660.7127716064454,0,14,1,2022,4,LUCK.KA
2022-01-17 00:00:00+05:00,645.6583121891233,660.0170056439895,642.7673048211124,657.8583374023438,43978,0.0,0.0,0.0,0.01146793489241471,0.008644937521652588,278608.45,660.1788970947266,0,17,1,2022,0,LUCK.KA
2022-01-18 00:00:00+05:00,653.3773360595133,664.8257303765665,648.1156812757531,650.0816040039062,146842,0.0,0.0,0.0,-0.01182128880382538,0.008972481045333287,265715.5,659.3838714599609,0,18,1,2022,1,LUCK.KA
2022-01-19 00:00:00+05:00,657.2223407393875,657.2223407393875,631.2032744637812,636.17578125,168137,0.0,0.0,0.0,-0.021390887956618254,0.009896938802172326,262359.6,658.2120483398437,0,19,1,2022,2,LUCK.KA
2022-01-20 00:00:00+05:00,640.8399978646057,649.5033742895677,623.3012072121401,640.1268920898438,474853,0.0,0.0,0.0,0.006210721873253888,0.010056475348817345,271551.9,657.2772918701172,0,20,1,2022,3,LUCK.KA
2022-01-21 00:00:00+05:00,634.0942921389152,649.5129983307429,634.0942921389152,643.44189453125,91261,0.0,0.0,0.0,0.005178664546623857,0.010041044496566431,269386.9,656.7641418457031,0,21,1,2022,4,LUCK.KA
2022-01-24 00:00:00+05:00,650.3320792076406,650.3320792076406,637.0816288666724,641.0519409179688,63821,0.0,0.0,0.0,-0.0037143270178612298,0.01005402672388248,267049.45,656.2196655273438,0,24,1,2022,0,LUCK.KA
2022-01-25 00:00:00+05:00,646.6219943462302,663.0043697618574,645.6583252041345,660.0458984375,319971,0.0,0.0,0.0,0.0296293581021414,0.012134205045409048,269408.9,656.5357482910156,0,25,1,2022,1,LUCK.KA
2022-01-26 00:00:00+05:00,664.6907839365902,669.7500468806526,651.9221679349085,664.3245849609375,162324,0.0,0.0,0.0,0.006482407562210746,0.012188612049304506,265181.8,656.9462738037109,0,26,1,2022,2,LUCK.KA
2022-01-27 00:00:00+05:00,663.968052043579,672.6410744940756,662.0407137212463,669.9331665039062,304176,0.0,0.0,0.0,0.008442531963947397,0.012258905138651558,239746.1,657.7610565185547,0,27,1,2022,3,LUCK.KA
2022-01-28 00:00:00+05:00,669.7500336872761,673.4987206539452,646.727964456225,656.0562744140625,284802,0.0,0.0,0.0,-0.020713845475454407,0.013209715975022424,235932.15,657.8338104248047,0,28,1,2022,4,LUCK.KA
2022-01-31 00:00:00+05:00,660.1133383689661,664.931683904506,656.2586619405341,658.3016357421875,129657,0.0,0.0,0.0,0.0034225133051739576,0.012807853571495952,234561.0,657.5461517333985,0,31,1,2022,0,LUCK.KA
2022-02-01 00:00:00+05:00,651.9221518606902,667.8226921499753,651.9221518606902,659.515869140625,165037,0.0,0.0,0.0,0.0018444939713213593,0.012104626902706037,218308.2,656.7323303222656,0,1,2,2022,1,LUCK.KA
2022-02-02 00:00:00+05:00,659.1496742781286,669.7500345369874,659.1496742781286,668.0154418945312,257069,0.0,0.0,0.0,0.012887593993729851,0.012274521097648448,221253.85,656.7039031982422,0,2,2,2022,2,LUCK.KA
2022-02-03 00:00:00+05:00,673.6047817208888,679.1458797107244,656.2683819426526,660.4892578125,333203,0.0,0.0,0.0,-0.01126648219491233,0.012409916405634073,199307.15,656.5646545410157,0,3,2,2022,3,LUCK.KA
2022-02-04 00:00:00+05:00,668.7863798715224,671.4364699934918,656.2683272153062,663.7078247070312,271982,0.0,0.0,0.0,0.004873004150273363,0.012460241347067776,202630.15,656.5713958740234,0,4,2,2022,4,LUCK.KA
2022-02-07 00:00:00+05:00,668.7670842220556,668.7670842220556,657.723473632174,658.4558715820312,152788,0.0,0.0,0.0,-0.007913049883536138,0.012267944196236488,201448.45,655.9271820068359,0,7,2,2022,0,LUCK.KA
2022-02-08 00:00:00+05:00,663.0043903685304,663.9680595405777,656.5767334599306,659.57373046875,169934,0.0,0.0,0.0,0.0016976974995042138,0.012109048731647016,198607.8,655.6578369140625,0,8,2,2022,1,LUCK.KA
2022-02-09 00:00:00+05:00,663.0044230997462,668.3046038076657,660.1230615439094,663.1104125976562,248846,0.0,0.0,0.0,0.005362072450024291,0.012069231844769107,198725.15,655.7951599121094,0,9,2,2022,2,LUCK.KA
2022-02-10 00:00:00+05:00,664.9317287598751,667.3409016901645,656.7405407968911,658.5618896484375,174765,0.0,0.0,0.0,-0.0068593749439108676,0.012039185906026316,201108.1,655.9613952636719,0,10,2,2022,3,LUCK.KA
2022-02-11 00:00:00+05:00,663.958370312425,668.7863619616246,657.3186760320348,666.8108520507812,151653,0.0,0.0,0.0,0.012525720865425916,0.012190701986170335,205754.95,656.7819580078125,0,11,2,2022,4,LUCK.KA
2022-02-14 00:00:00+05:00,664.9124366021633,672.5254465894999,653.3676987410571,657.550048828125,216344,0.0,0.0,0.0,-0.013888201120564547,0.012396253477539879,214373.25,656.7665435791016,0,14,2,2022,0,LUCK.KA
2022-02-15 00:00:00+05:00,650.5730278685211,661.9443710365412,650.5730278685211,656.1527099609375,44762,0.0,0.0,0.0,-0.0021250684562761357,0.012093468982422095,209269.25,657.0700988769531,0,15,2,2022,1,LUCK.KA
2022-02-16 00:00:00+05:00,661.8479702053506,661.8479702053506,650.486331933867,652.2980346679688,156345,0.0,0.0,0.0,-0.005874661849980312,0.011067048811929167,208679.65,657.8762115478515,0,16,2,2022,2,LUCK.KA
2022-02-17 00:00:00+05:00,658.9569329369051,658.9569329369051,647.5856490767746,650.977783203125,25838,0.0,0.0,0.0,-0.0020240003720320976,0.01102824418622471,186228.9,658.4187561035156,0,17,2,2022,3,LUCK.KA
2022-02-18 00:00:00+05:00,656.1623091221519,659.1014880930309,651.054815873763,656.9139404296875,35630,0.0,0.0,0.0,0.0091188322854181,0.011143325116831554,183447.35,659.0923583984375,0,18,2,2022,4,LUCK.KA
2022-02-21 00:00:00+05:00,660.7879320630619,660.7879320630619,646.1401495709931,648.732421875,39623,0.0,0.0,0.0,-0.012454475466506243,0.011507310385162393,182237.45,659.4763824462891,0,21,2,2022,0,LUCK.KA
2022-02-22 00:00:00+05:00,651.1513046809152,651.1513046809152,626.3849939267333,637.7852172851562,217890,0.0,0.0,0.0,-0.01687476102736407,0.009936389737975799,177133.4,658.3633483886719,0,22,2,2022,1,LUCK.KA
2022-02-23 00:00:00+05:00,643.7309903132281,645.658328607579,631.2032913999467,641.1868896484375,154698,0.0,0.0,0.0,0.005333570410680055,0.009890012157902363,176752.1,657.2064636230468,0,23,2,2022,2,LUCK.KA
2022-02-24 00:00:00+05:00,626.3849781138064,629.7578203036499,607.2175836672758,612.1033935546875,623015,0.0,0.0,0.0,-0.04535884398649581,0.013600144379233174,192694.05,654.314974975586,0,24,2,2022,3,LUCK.KA
2022-02-25 00:00:00+05:00,621.5666292015321,622.5302983940926,607.1115913131243,610.4940795898438,256634,0.0,0.0,0.0,-0.002629153802755302,0.013049451824382252,191285.65,652.036865234375,0,25,2,2022,4,LUCK.KA
2022-02-28 00:00:00+05:00,616.7482475128112,638.9126376578029,599.5467769491028,625.4019775390625,279974,0.0,0.0,0.0,0.02441939807055049,0.014410210465875723,198801.5,650.3918823242187,0,28,2,2022,0,LUCK.KA
2022-03-01 00:00:00+05:00,640.8303276014358,640.8303276014358,616.7482453688792,618.3190307617188,233330,0.0,0.0,0.0,-0.01132543073370973,0.014503749973799678,202216.15,648.3320404052735,0,1,3,2022,1,LUCK.KA
2022-03-02 00:00:00+05:00,614.8208877432513,614.8208877432513,593.6298135781042,602.1679077148438,465956,0.0,0.0,0.0,-0.026121018832265475,0.01485656303108555,212660.5,645.039663696289,0,2,3,2022,2,LUCK.KA
2022-03-03 00:00:00+05:00,600.3659090717891,601.329578267731,590.9797805141473,594.2755126953125,172958,0.0,0.0,0.0,-0.013106635073732109,0.01490258992486631,204648.25,641.7289764404297,0,3,3,2022,3,LUCK.KA
2022-03-04 00:00:00+05:00,597.4652369069726,603.6423891998685,594.5838755110328,596.7714233398438,124666,0.0,0.0,0.0,0.004199921738675005,0.01487947935673272,197282.45,638.3821563720703,0,4,3,2022,4,LUCK.KA
2022-03-07 00:00:00+05:00,593.2443362655955,593.2443362655955,552.182408942018,554.2928466796875,1000914,0.0,0.0,0.0,-0.07118064806525759,0.020967611332629765,239688.75,633.1740051269531,0,7,3,2022,0,LUCK.KA
2022-03-08 00:00:00+05:00,553.0497134895535,558.9087791996604,538.6910205419483,541.3892822265625,343539,0.0,0.0,0.0,-0.02327932703880209,0.02108066898991679,248369.0,627.2647827148437,0,8,3,2022,1,LUCK.KA
2022-03-09 00:00:00+05:00,539.6450888495889,552.1824341563618,525.6815319935346,532.5235595703125,834109,0.0,0.0,0.0,-0.016375873973323074,0.02082712120119124,277632.15,620.7354400634765,0,9,3,2022,2,LUCK.KA
2022-03-10 00:00:00+05:00,540.628026623876,571.4557926014429,540.628026623876,568.8828125,689365,0.0,0.0,0.0,0.06827726637864706,0.027319832423619295,303362.15,616.2514862060547,0,10,3,2022,3,LUCK.KA
2022-03-11 00:00:00+05:00,565.6737475285528,571.4557619836999,550.7368768527563,554.1868286132812,249060,0.0,0.0,0.0,-0.025833060102723238,0.027227861509928442,308232.5,610.6202850341797,0,11,3,2022,4,LUCK.KA
2022-03-14 00:00:00+05:00,554.1097707394147,554.1097707394147,543.5094099078781,549.7539672851562,114283,0.0,0.0,0.0,-0.007998857243174062,0.027202398629334112,303129.45,605.2304809570312,0,14,3,2022,0,LUCK.KA
2022-03-15 00:00:00+05:00,552.9051923921799,563.168292693075,552.6642750970199,562.2913208007812,110835,0.0,0.0,0.0,0.022805389795617304,0.028070188585110595,306433.1,600.5374114990234,0,15,3,2022,1,LUCK.KA
2022-03-16 00:00:00+05:00,562.7827937179782,580.1288387298337,562.7827937179782,565.3557739257812,331888,0.0,0.0,0.0,0.005449938513430785,0.02821460152300426,315210.25,596.190298461914,0,16,3,2022,2,LUCK.KA
2022-03-17 00:00:00+05:00,572.4001906824598,573.3831520504954,561.8191220931744,563.3417358398438,115120,0.0,0.0,0.0,-0.0035624259604747355,0.02820313976366151,319674.35,591.80849609375,0,17,3,2022,3,LUCK.KA
2022-03-18 00:00:00+05:00,555.2661587412434,563.7464352342191,545.4367219531077,547.0075073242188,236748,0.0,0.0,0.0,-0.028995239437165976,0.028356396168300695,329730.25,586.3131744384766,0,18,3,2022,4,LUCK.KA
2022-03-21 00:00:00+05:00,553.1460564968814,561.7130888052137,544.4730347051185,556.5960083007812,189401,0.0,0.0,0.0,0.017529011664696004,0.028935830230150776,337219.15,581.7063537597656,0,21,3,2022,0,LUCK.KA
2022-03-22 00:00:00+05:00,556.59604286136,558.9184596277967,549.3010603543107,551.2091064453125,138961,0.0,0.0,0.0,-0.009678297679342474,0.028854230479088333,333272.7,577.3775482177734,0,22,3,2022,1,LUCK.KA
2022-03-23 00:00:00+05:00,551.2091064453125,551.2091064453125,551.2091064453125,551.2091064453125,0,0.0,0.0,0.0,0.0,0.02875998404757891,325537.8,572.8786590576171,0,23,3,2022,2,LUCK.KA
2022-03-24 00:00:00+05:00,555.0734753390666,566.6375060752971,545.2151579580946,563.8236083984375,154423,0.0,0.0,0.0,0.02288514795133656,0.028025662920033462,302108.2,570.4646697998047,0,24,3,2022,3,LUCK.KA
2022-03-25 00:00:00+05:00,563.7464442453069,578.1918351750518,561.8191059743828,575.9561157226562,237374,0.0,0.0,0.0,0.021518267670063596,0.028589870016911323,301145.2,568.7377716064453,0,25,3,2022,4,LUCK.KA
2022-03-28 00:00:00+05:00,575.3104579874574,597.9566820455902,565.6737668988903,595.26806640625,486774,0.0,0.0,0.0,0.03353024676083671,0.02910954478028735,311485.2,567.2310760498046,0,28,3,2022,0,LUCK.KA
2022-03-29 00:00:00+05:00,601.1850155393333,611.9299508009501,597.4749125930537,607.005615234375,293816,0.0,0.0,0.0,0.01971808919464957,0.029415704368459715,314509.5,566.6654052734375,0,29,3,2022,1,LUCK.KA
2022-03-30 00:00:00+05:00,605.1649395859442,620.6029383332259,589.8618686371562,608.7401733398438,428413,0.0,0.0,0.0,0.0028575651722744233,0.02879498344599497,312632.35,566.9940185546875,0,30,3,2022,2,LUCK.KA
2022-03-31 00:00:00+05:00,604.2205520106642,615.7845817142176,604.2205520106642,613.2308349609375,237486,0.0,0.0,0.0,0.0073769759542168245,0.028632976111135394,315858.75,567.9417846679687,0,31,3,2022,3,LUCK.KA
2022-04-01 00:00:00+05:00,613.2307962011114,626.3849026845644,608.1715335255822,620.2559814453125,640614,0.0,0.0,0.0,0.011455957665309713,0.028708691665318496,341656.15,569.1160125732422,0,1,4,2022,4,LUCK.KA
2022-04-04 00:00:00+05:00,602.293200282519,602.293200282519,573.7396795381097,576.1873779296875,773433,0.0,0.0,0.0,-0.07104905850796783,0.028690968561116685,330282.1,570.2107391357422,0,4,4,2022,0,LUCK.KA
2022-04-05 00:00:00+05:00,573.8649887170775,580.1288383000515,561.3854612459205,564.7486572265625,586557,0.0,0.0,0.0,-0.019852431936683068,0.028539802739941608,342433.0,571.3787078857422,0,5,4,2022,1,LUCK.KA
2022-04-06 00:00:00+05:00,568.5647876761263,575.3104715977074,560.8554346228907,563.1971435546875,437823,0.0,0.0,0.0,-0.002747264029797525,0.02822629867368692,322618.7,572.912387084961,0,6,4,2022,2,LUCK.KA
2022-04-07 00:00:00+05:00,566.3483699471947,566.6374589280063,545.5523732679226,555.873291015625,615200,0.0,0.0,0.0,-0.0130040654908814,0.023877319000547306,318910.45,572.2619110107422,0,7,4,2022,3,LUCK.KA
2022-04-08 00:00:00+05:00,563.7464290712301,577.2377966045586,559.9013987350626,570.3379516601562,355743,0.0,0.0,0.0,0.026021506840350428,0.023840436021787724,324244.6,573.069467163086,0,8,4,2022,4,LUCK.KA
2022-04-11 00:00:00+05:00,597.4652320358446,610.9662463542842,591.7025092909485,603.4688720703125,1326877,0.0,0.0,0.0,0.05808998035939528,0.026817723327992118,384874.3,575.7552124023438,0,11,4,2022,0,LUCK.KA
2022-04-12 00:00:00+05:00,602.2932099049037,607.1115555841429,595.5475259539688,601.6957397460938,410932,0.0,0.0,0.0,-0.0029382332814212875,0.026535340438378657,399879.15,577.7254333496094,0,12,4,2022,1,LUCK.KA
2022-04-13 00:00:00+05:00,599.4022084562039,600.3658776016318,586.8745095656401,589.5149536132812,255441,0.0,0.0,0.0,-0.020244095691873465,0.027064412474951192,396056.8,578.9333923339843,0,13,4,2022,2,LUCK.KA
2022-04-14 00:00:00+05:00,584.9568317606419,593.6202081802328,584.128090391443,589.8715209960938,163772,0.0,0.0,0.0,0.0006048487500223132,0.027031745334883502,398489.4,580.2598815917969,0,14,4,2022,3,LUCK.KA
2022-04-15 00:00:00+05:00,592.6565321866067,599.4022162927957,585.9108480804177,587.4623413085938,134713,0.0,0.0,0.0,-0.004084244791868752,0.02605287566192488,393387.65,582.2826232910156,0,15,4,2022,4,LUCK.KA
2022-04-18 00:00:00+05:00,578.2977903013618,587.8381377026292,578.2014469206189,580.3311767578125,135633,0.0,0.0,0.0,-0.012138930531098047,0.026080596057582547,390699.25,583.4693817138672,0,18,4,2022,0,LUCK.KA
2022-04-19 00:00:00+05:00,582.538013602097,588.8018632107216,571.455818140684,575.0792236328125,183573,0.0,0.0,0.0,-0.00904992413873329,0.02606563359306862,392929.85,584.6628875732422,0,19,4,2022,1,LUCK.KA
2022-04-20 00:00:00+05:00,584.9375204328494,584.9375204328494,566.1652644536838,569.06591796875,111763,0.0,0.0,0.0,-0.010456482197489403,0.026221710360333633,398518.0,585.5557281494141,0,20,4,2022,2,LUCK.KA
2022-04-21 00:00:00+05:00,565.7701044854288,568.5647683995551,558.928077409732,565.4906616210938,131919,0.0,0.0,0.0,-0.00628267523104864,0.025802351895835973,397392.8,585.6390808105468,0,21,4,2022,3,LUCK.KA
2022-04-22 00:00:00+05:00,570.4921419810954,570.4921419810954,561.0000242944689,563.3513793945312,122829,0.0,0.0,0.0,-0.0037830549145229098,0.025331829171474182,391665.55,585.0088439941406,0,22,4,2022,4,LUCK.KA
2022-04-25 00:00:00+05:00,568.5744617660835,580.1288458125481,562.0118770091843,564.7294311523438,248219,0.0,0.0,0.0,0.002446167362354812,0.024035135884980817,379737.8,583.4819122314453,0,25,4,2022,0,LUCK.KA
2022-04-26 00:00:00+05:00,566.6278162930898,566.6374623954588,556.0371017043873,557.077880859375,162541,0.0,0.0,0.0,-0.013549055301324664,0.023574018941225322,373174.05,580.9855255126953,0,26,4,2022,1,LUCK.KA
2022-04-27 00:00:00+05:00,557.4825488419116,562.7827286493973,549.1757262854128,550.3706665039062,147723,0.0,0.0,0.0,-0.012039994022239542,0.02358075154598459,359139.55,578.0670501708985,0,27,4,2022,2,LUCK.KA
2022-04-28 00:00:00+05:00,549.2914044428363,553.1460809652422,537.7370209777561,546.1787719726562,375946,0.0,0.0,0.0,-0.0076164933677842495,0.023412279835641748,366062.55,574.7144470214844,0,28,4,2022,3,LUCK.KA
2022-04-29 00:00:00+05:00,546.1787719726562,546.1787719726562,546.1787719726562,546.1787719726562,0,0.0,0.0,0.0,0.0,0.023113559964682135,334031.85,571.0105865478515,0,29,4,2022,4,LUCK.KA
2022-05-02 00:00:00+05:00,546.1787719726562,546.1787719726562,546.1787719726562,546.1787719726562,0,0.0,0.0,0.0,0.0,0.017342688498667058,295360.2,569.51015625,0,2,5,2022,0,LUCK.KA
2022-05-03 00:00:00+05:00,546.1787719726562,546.1787719726562,546.1787719726562,546.1787719726562,0,0.0,0.0,0.0,0.0,0.016860550132331228,266032.35,568.5816619873046,0,3,5,2022,1,LUCK.KA
2022-05-04 00:00:00+05:00,546.1787719726562,546.1787719726562,546.1787719726562,546.1787719726562,0,0.0,0.0,0.0,0.0,0.01686137584982415,244141.2,567.7307434082031,0,4,5,2022,2,LUCK.KA
2022-05-05 00:00:00+05:00,546.1787719726562,546.1787719726562,546.1787719726562,546.1787719726562,0,0.0,0.0,0.0,0.0,0.01663967432777416,213381.2,567.2460174560547,0,5,5,2022,3,LUCK.KA
2022-05-06 00:00:00+05:00,546.1787826315456,546.1787826315456,537.7273853695757,540.0594482421875,172193,0.0,0.0,0.0,-0.011203884230738814,0.015532483991954449,204203.7,565.7320922851562,0,6,5,2022,4,LUCK.KA
2022-05-09 00:00:00+05:00,539.6546940302283,539.6546940302283,499.5564370418358,500.02862548828125,749730,0.0,0.0,0.0,-0.07412299309677961,0.016445925823036656,175346.35,560.5600799560547,0,9,5,2022,0,LUCK.KA
2022-05-10 00:00:00+05:00,503.998986672309,503.998986672309,492.9167909806617,497.03167724609375,407950,0.0,0.0,0.0,-0.005993553347592773,0.01639859689629694,175197.25,555.3268768310547,0,10,5,2022,1,LUCK.KA
2022-05-11 00:00:00+05:00,499.13244217283756,499.13244217283756,467.95773965289663,490.8352355957031,858962,0.0,0.0,0.0,-0.012466894836005826,0.01621853248730389,205373.3,550.3928909301758,0,11,5,2022,2,LUCK.KA
2022-05-12 00:00:00+05:00,498.21696080874733,501.1079683182758,477.02588517473504,495.8463134765625,386732,0.0,0.0,0.0,0.01020928718529679,0.016653834738182844,216521.3,545.6916305541993,0,12,5,2022,3,LUCK.KA
2022-05-13 00:00:00+05:00,491.8567217881729,506.88996621157867,489.5535678426643,504.3169860839844,347756,0.0,0.0,0.0,0.017083262247188813,0.01759565767364697,227173.45,541.5343627929688,0,13,5,2022,4,LUCK.KA
2022-05-16 00:00:00+05:00,493.4949178184878,504.31696170303866,477.0161998946588,483.92572021484375,470411,0.0,0.0,0.0,-0.04043343062362137,0.019068472619178906,243912.35,536.7140899658203,0,16,5,2022,0,LUCK.KA
2022-05-17 00:00:00+05:00,486.6432741324035,486.65292023472483,475.088890446969,477.7486267089844,371167,0.0,0.0,0.0,-0.012764548871502357,0.019088469429721446,253292.05,531.847560119629,0,17,5,2022,1,LUCK.KA
2022-05-18 00:00:00+05:00,479.90721487451464,489.9293676969519,469.30685470660364,487.24072265625,393915,0.0,0.0,0.0,0.01986838981129635,0.020145864167992487,267399.65,527.7563003540039,0,18,5,2022,2,LUCK.KA
2022-05-19 00:00:00+05:00,481.8345706086052,492.4349311619945,481.8345706086052,483.6366271972656,319048,0.0,0.0,0.0,-0.007396950401305169,0.02014376658009081,276756.1,523.6635986328125,0,19,5,2022,3,LUCK.KA
2022-05-20 00:00:00+05:00,487.3274739598053,487.6069168234757,479.03991384649964,484.523193359375,151704,0.0,0.0,0.0,0.001833124524184937,0.020238525429048162,278199.85,519.7221893310547,0,20,5,2022,4,LUCK.KA
2022-05-23 00:00:00+05:00,481.84422089774347,481.84422089774347,458.70651520523603,461.83843994140625,806613,0.0,0.0,0.0,-0.04681871524185899,0.02191733629557807,306119.55,514.5776397705079,0,23,5,2022,0,LUCK.KA
2022-05-24 00:00:00+05:00,461.8384192648476,465.4521784140248,450.0431188127643,451.0646057128906,538131,0.0,0.0,0.0,-0.02332814529228555,0.022114262265941743,324899.05,509.27697601318357,0,24,5,2022,1,LUCK.KA
2022-05-25 00:00:00+05:00,452.92451980065994,461.59754252024703,437.9972934418914,452.6546936035156,721180,0.0,0.0,0.0,0.0035251887877834065,0.022321228333898577,353571.9,504.39117736816405,0,25,5,2022,2,LUCK.KA
2022-05-26 00:00:00+05:00,450.41896996579624,467.4759262575815,445.2151622626777,464.016357421875,393385,0.0,0.0,0.0,0.025100068504561035,0.023625792654324535,354443.85,500.283056640625,0,26,5,2022,3,LUCK.KA
2022-05-27 00:00:00+05:00,472.19785980607315,484.7255581274588,465.45217609455784,468.1986389160156,711969,0.0,0.0,0.0,0.009013219959265628,0.02386804290390779,390042.3,496.384049987793,0,27,5,2022,4,LUCK.KA
2022-05-30 00:00:00+05:00,470.27056670111637,478.82795384978215,467.3892052217099,470.8873291015625,129320,0.0,0.0,0.0,0.005742627086169572,0.02399588378567972,396508.3,492.6194778442383,0,30,5,2022,0,LUCK.KA
2022-05-31 00:00:00+05:00,476.0525489907175,476.0525489907175,451.9608208029282,455.0830993652344,319595,0.0,0.0,0.0,-0.03356265662633584,0.02463765757444653,412488.05,488.0646942138672,0,31,5,2022,1,LUCK.KA
2022-06-01 00:00:00+05:00,457.7042920125832,457.7042920125832,446.17881719384616,447.3448486328125,269688,0.0,0.0,0.0,-0.017004038917761255,0.024611893272649517,425972.45,483.122998046875,0,1,6,2022,2,LUCK.KA
2022-06-02 00:00:00+05:00,450.9971646286957,450.9971646286957,433.65111983528436,435.5881042480469,501793,0.0,0.0,0.0,-0.026281166354540364,0.02477141063240604,451062.1,477.59346466064454,0,2,6,2022,3,LUCK.KA
2022-06-03 00:00:00+05:00,432.6874398938346,436.5421164185013,418.2324029263346,420.3235778808594,401893,0.0,0.0,0.0,-0.03504348768554766,0.025351055155386708,462547.1,471.60667114257814,0,3,6,2022,4,LUCK.KA
2022-06-06 00:00:00+05:00,422.0871055945509,434.6148050756677,415.3317751558244,428.7460632324219,320121,0.0,0.0,0.0,0.020038098728665243,0.02171763405176215,441066.65,468.0425430297852,0,6,6,2022,0,LUCK.KA
2022-06-07 00:00:00+05:00,431.72376767753576,437.12032065527455,426.5199602881922,431.98394775390625,304631,0.0,0.0,0.0,0.0075519865933535435,0.021974612394194792,435900.7,464.79015655517577,0,7,6,2022,1,LUCK.KA
2022-06-08 00:00:00+05:00,428.8424187600712,458.70651637095364,424.5155242693953,448.1543273925781,1183064,0.0,0.0,0.0,0.037432825276840775,0.02402893083311094,452105.8,462.6561111450195,0,8,6,2022,2,LUCK.KA
2022-06-09 00:00:00+05:00,453.8881576523986,454.85182677692603,445.21513553165215,447.8941345214844,415877,0.0,0.0,0.0,-0.0005805876573982127,0.023807030944584383,453563.05,460.2585021972656,0,9,6,2022,3,LUCK.KA
2022-06-10 00:00:00+05:00,451.76807899147263,455.815501124404,445.21514063313884,450.2069396972656,420217,0.0,0.0,0.0,0.005163731778385916,0.02337563399292289,457186.1,457.55299987792966,0,10,6,2022,4,LUCK.KA
2022-06-13 00:00:00+05:00,449.166179911,449.166179911,427.869086610123,434.634033203125,716623,0.0,0.0,0.0,-0.03459055185735782,0.02294729966252671,469496.7,455.0884155273437,0,13,6,2022,0,LUCK.KA
2022-06-14 00:00:00+05:00,431.2419542402478,435.19300372511265,426.90544296855813,431.9165344238281,441663,0.0,0.0,0.0,-0.006252383779681736,0.02287899645179717,473021.5,452.79681091308595,0,14,6,2022,1,LUCK.KA
2022-06-15 00:00:00+05:00,435.56878457304623,442.79630278114615,434.6051154786329,437.1973876953125,533921,0.0,0.0,0.0,0.012226559648912172,0.02250647772194637,480021.8,450.2946441650391,0,15,6,2022,2,LUCK.KA
2022-06-16 00:00:00+05:00,433.6703735427954,442.80596752972343,431.7719441705034,441.69775390625,452041,0.0,0.0,0.0,0.01029367132009007,0.022760201464302326,486671.45,448.1977005004883,0,16,6,2022,3,LUCK.KA
2022-06-17 00:00:00+05:00,443.2685473930791,451.9608325622072,441.2640990867477,446.94012451171875,677307,0.0,0.0,0.0,0.011868682960478605,0.023011236513321983,512951.6,446.3185470581055,0,17,6,2022,4,LUCK.KA
2022-06-20 00:00:00+05:00,449.0698164325976,451.4789892675364,433.6607563911602,436.73486328125,404493,0.0,0.0,0.0,-0.02283362059206029,0.02120394779210177,492845.6,445.06336822509763,0,20,6,2022,0,LUCK.KA
2022-06-21 00:00:00+05:00,437.5057885953194,450.0334873876964,434.7207706706131,447.8748779296875,907649,0.0,0.0,0.0,0.025507500282301754,0.02149825693119408,511321.5,444.9038818359375,0,21,6,2022,1,LUCK.KA
2022-06-22 00:00:00+05:00,450.0334912652812,451.96082955763785,440.9268060703566,442.99871826171875,579775,0.0,0.0,0.0,-0.010887325697991668,0.0216103996023847,504251.25,444.4210830688477,0,22,6,2022,2,LUCK.KA
2022-06-23 00:00:00+05:00,444.25147806100597,450.99716210965465,443.7792895884321,445.1187744140625,403926,0.0,0.0,0.0,0.004785693648646783,0.02078803123010739,504778.3,443.47620391845703,0,23,6,2022,3,LUCK.KA
2022-06-24 00:00:00+05:00,445.11876580411507,446.178807730168,411.7372823931026,420.3235778808594,874681,0.0,0.0,0.0,-0.05570467470360596,0.023820532286305224,512913.9,441.0824508666992,0,24,6,2022,4,LUCK.KA
2022-06-27 00:00:00+05:00,422.0774397153308,433.6511155660472,420.1597475262147,430.8371887207031,621735,0.0,0.0,0.0,0.0250131360530621,0.024657503393964518,537534.65,439.07994384765624,0,27,6,2022,0,LUCK.KA
2022-06-28 00:00:00+05:00,431.7237675049264,457.74283385008937,430.76009838103147,443.74072265625,1000421,0.0,0.0,0.0,0.029949907467045067,0.02475880067762893,571575.95,438.51282501220703,0,28,6,2022,1,LUCK.KA
2022-06-29 00:00:00+05:00,436.4553912459086,448.09650145105417,432.6970875030382,440.8882751464844,899482,0.0,0.0,0.0,-0.006428185118306784,0.024509952749496633,603065.65,438.18999633789065,0,29,6,2022,2,LUCK.KA
2022-06-30 00:00:00+05:00,440.87864266851165,449.0698305650851,433.74749673444103,442.3627014160156,1584750,0.0,0.0,0.0,0.003344217464257504,0.023749349944134676,657213.5,438.5287261962891,0,30,6,2022,3,LUCK.KA
2022-07-01 00:00:00+05:00,441.36045837646134,441.8422929380077,434.64368341215123,436.2433776855469,159303,0.0,0.0,0.0,-0.013833272359718873,0.02249349174889781,645084.0,439.32471618652346,0,1,7,2022,4,LUCK.KA
2022-07-04 00:00:00+05:00,434.1329600095811,441.2641059681462,423.43622636730885,424.32281494140625,436179,0.0,0.0,0.0,-0.02732548699623638,0.02299360836711451,650886.9,439.10355377197266,0,4,7,2022,0,LUCK.KA
2022-07-05 00:00:00+05:00,425.45992635568757,427.8690992116088,418.03966219591086,419.49481201171875,146781,0.0,0.0,0.0,-0.011378136550008966,0.023044461588161924,642994.4,438.4790969848633,0,5,7,2022,1,LUCK.KA
2022-07-06 00:00:00+05:00,423.9180431867992,427.8209207973903,419.77427770324846,421.2390441894531,324177,0.0,0.0,0.0,0.004157935039458049,0.021237985689857297,600050.05,437.13333282470705,0,6,7,2022,2,LUCK.KA
2022-07-07 00:00:00+05:00,423.53259237437624,424.033689746314,418.2324120374955,419.58154296875,133871,0.0,0.0,0.0,-0.003934823335031701,0.02123215531843887,585949.75,435.7177032470703,0,7,7,2022,3,LUCK.KA
2022-07-08 00:00:00+05:00,419.58154296875,419.58154296875,419.58154296875,419.58154296875,0,0.0,0.0,0.0,0.0,0.021158377083787948,564938.9,434.18643341064455,0,8,7,2022,4,LUCK.KA
2022-07-11 00:00:00+05:00,419.58154296875,419.58154296875,419.58154296875,419.58154296875,0,0.0,0.0,0.0,0.0,0.019838692563223678,529107.75,433.4338088989258,0,11,7,2022,0,LUCK.KA
2022-07-12 00:00:00+05:00,419.58154296875,419.58154296875,419.58154296875,419.58154296875,0,0.0,0.0,0.0,0.0,0.019810291626633756,507024.6,432.8170593261719,0,12,7,2022,1,LUCK.KA
2022-07-13 00:00:00+05:00,419.1864143361442,430.76008969148245,414.48370440098716,428.6689147949219,484102,0.0,0.0,0.0,0.021658178197911493,0.020255464137334624,504533.65,432.39063568115233,0,13,7,2022,2,LUCK.KA
2022-07-14 00:00:00+05:00,434.61478471147166,442.2277650807455,426.905431545858,439.8571472167969,750348,0.0,0.0,0.0,0.026099938753962437,0.021005058854144634,519449.0,432.29860534667966,0,14,7,2022,3,LUCK.KA
2022-07-15 00:00:00+05:00,441.8423054796865,446.17881665669546,429.4109793206973,434.8846130371094,586724,0.0,0.0,0.0,-0.011304884349728761,0.020955164894890996,514919.85,431.6958297729492,0,15,7,2022,4,LUCK.KA
2022-07-18 00:00:00+05:00,424.0144008934432,428.83274635814143,417.2687172428657,420.2753601074219,328980,0.0,0.0,0.0,-0.033593400391107586,0.021667029775626807,511144.2,430.8728546142578,0,18,7,2022,0,LUCK.KA
2022-07-19 00:00:00+05:00,420.15975826825127,423.9951721533903,408.11389363900093,412.16131591796875,318493,0.0,0.0,0.0,-0.019306495121149125,0.021013323311224467,481686.4,429.08717651367186,0,19,7,2022,1,LUCK.KA
2022-07-20 00:00:00+05:00,415.23541365133093,417.75057601350403,409.55938824853337,412.5949401855469,226004,0.0,0.0,0.0,0.0010520741535686717,0.020974959100255177,463997.85,427.5669876098633,0,20,7,2022,2,LUCK.KA
2022-07-21 00:00:00+05:00,414.37773708126485,415.29323454300715,406.66838383324136,407.8247985839844,223965,0.0,0.0,0.0,-0.011561318709864321,0.020960257844276152,454999.8,425.70228881835936,0,21,7,2022,3,LUCK.KA
2022-07-22 00:00:00+05:00,410.51339268150525,411.4867078885129,392.5120608558875,403.7388000488281,560455,0.0,0.0,0.0,-0.010019004605270054,0.017198458956021793,439288.5,424.8730499267578,0,22,7,2022,4,LUCK.KA
2022-07-25 00:00:00+05:00,399.9226992020727,402.8040605638054,396.559503262988,399.7203369140625,150708,0.0,0.0,0.0,-0.009953125967282928,0.01606142998022111,415737.15,423.3172073364258,0,25,7,2022,0,LUCK.KA
2022-07-26 00:00:00+05:00,401.8403793813874,406.552735523088,394.1406724766,399.3541259765625,358293,0.0,0.0,0.0,-0.0009161678895981407,0.014019219625029722,383630.75,421.0978775024414,0,26,7,2022,1,LUCK.KA
2022-07-27 00:00:00+05:00,399.35415364224747,402.8040764119291,396.06803816635517,400.5780029296875,282249,0.0,0.0,0.0,0.0030646408125425406,0.014134322586469137,352769.1,419.0823638916016,0,27,7,2022,2,LUCK.KA
2022-07-28 00:00:00+05:00,402.7847728678536,408.4993235438514,399.9226744789635,401.11761474609375,509039,0.0,0.0,0.0,0.0013470829962196618,0.014081549849617639,298983.55,417.02010955810545,0,28,7,2022,3,LUCK.KA
2022-07-29 00:00:00+05:00,402.8136813402635,402.8136813402635,395.13323748380935,396.9642028808594,187844,0.0,0.0,0.0,-0.010354598533059867,0.013985088126599569,300410.6,415.05615081787107,0,29,7,2022,4,LUCK.KA
2022-08-01 00:00:00+05:00,397.0316732350507,400.7899768814771,394.15031200759836,398.7662658691406,109858,0.0,0.0,0.0,0.004539610814283224,0.013044941140987507,284094.55,413.7783233642578,0,1,8,2022,0,LUCK.KA
2022-08-02 00:00:00+05:00,398.7662791156906,405.7047087002315,394.2563145901632,401.9656677246094,254715,0.0,0.0,0.0,0.008023251035278456,0.013111903777877439,289491.25,412.90186614990233,0,2,8,2022,1,LUCK.KA
2022-08-03 00:00:00+05:00,404.7313833332351,432.0610548038918,400.9441707587859,425.5080871582031,1174910,0.0,0.0,0.0,0.05856823436404257,0.018854752664869145,332027.9,413.11531829833984,0,3,8,2022,2,LUCK.KA
2022-08-04 00:00:00+05:00,426.03815379142355,438.4213087359373,426.03815379142355,435.7423095703125,794586,0.0,0.0,0.0,0.024051769451574057,0.01952171100818692,365063.65,413.923356628418,0,4,8,2022,3,LUCK.KA
2022-08-05 00:00:00+05:00,438.4598343220136,457.64649137911124,438.4598343220136,449.2143859863281,1830646,0.0,0.0,0.0,0.030917531119024177,0.02054643048765368,456595.95,415.4049987792969,0,5,8,2022,4,LUCK.KA
2022-08-08 00:00:00+05:00,449.2143859863281,449.2143859863281,449.2143859863281,449.2143859863281,0,0.0,0.0,0.0,0.0,0.02054643048765368,456595.95,416.88664093017576,0,8,8,2022,0,LUCK.KA
2022-08-09 00:00:00+05:00,449.2143859863281,449.2143859863281,449.2143859863281,449.2143859863281,0,0.0,0.0,0.0,0.0,0.02054643048765368,456595.95,418.3682830810547,0,9,8,2022,1,LUCK.KA
2022-08-10 00:00:00+05:00,453.8881662895587,459.56419165728255,441.3604674323097,444.7236633300781,1213367,0.0,0.0,0.0,-0.0099968362464391,0.020301187768820717,493059.2,419.1710205078125,0,10,8,2022,2,LUCK.KA
2022-08-11 00:00:00+05:00,445.21512787305045,450.6791446550216,442.3241205491995,447.6146545410156,572770,0.0,0.0,0.0,0.00650064624240998,0.01953695371895168,484180.3,419.55889587402345,0,11,8,2022,3,LUCK.KA
2022-08-12 00:00:00+05:00,447.14247566135805,448.1061447899385,443.28779914703597,446.4678955078125,504503,0.0,0.0,0.0,-0.0025619336220772393,0.019342736972426753,480069.25,420.13805999755857,0,12,8,2022,4,LUCK.KA
2022-08-15 00:00:00+05:00,448.10616108416116,463.04303312029987,445.745159869748,456.7502746582031,2317379,0.0,0.0,0.0,0.023030500633635542,0.018037259356167245,579489.2,421.96180572509763,0,15,8,2022,0,LUCK.KA
2022-08-16 00:00:00+05:00,457.7428299780405,471.6678604640694,456.05640902548987,462.3973388671875,2561946,0.0,0.0,0.0,0.012363570472311514,0.017225696802530947,691661.85,424.4736068725586,0,16,8,2022,1,LUCK.KA
2022-08-17 00:00:00+05:00,464.48852793492296,487.067288946333,460.82659694710816,480.18670654296875,1947928,0.0,0.0,0.0,0.0384720373161378,0.018644643039573784,777758.05,427.8531951904297,0,17,8,2022,2,LUCK.KA
2022-08-18 00:00:00+05:00,484.7159415718468,492.4349409573723,477.01623439119237,482.4898681640625,1220122,0.0,0.0,0.0,0.0047963877169256985,0.018102639757224714,827565.9,431.5864486694336,0,18,8,2022,3,LUCK.KA
2022-08-19 00:00:00+05:00,477.1222274759243,480.3023533744586,472.48698113226504,474.98291015625,330146,0.0,0.0,0.0,-0.01555878890551099,0.0184416305660723,816050.45,435.1486541748047,0,19,8,2022,4,LUCK.KA
2022-08-22 00:00:00+05:00,474.8961277155296,475.94655292979627,467.3795203882879,472.7375183105469,512742,0.0,0.0,0.0,-0.004727310809907848,0.018204648537421746,834152.15,438.7995132446289,0,22,8,2022,0,LUCK.KA
2022-08-23 00:00:00+05:00,478.94356159635555,502.91000835351804,477.9702463561231,499.2480773925781,2185086,0.0,0.0,0.0,0.056078813411666095,0.020901453136745532,925491.8,443.79421081542966,0,23,8,2022,1,LUCK.KA
2022-08-24 00:00:00+05:00,503.03528122699373,507.85362683261627,488.5802444101261,491.0664978027344,1021093,0.0,0.0,0.0,-0.016387803900164588,0.02174661125753178,962434.0,448.31863555908205,0,24,8,2022,2,LUCK.KA
2022-08-25 00:00:00+05:00,488.5802806086663,507.75732106693454,482.79826545353416,501.8885498046875,1970583,0.0,0.0,0.0,0.02203785444614148,0.021782640855055175,1035511.2,453.35718231201173,0,25,8,2022,3,LUCK.KA
2022-08-26 00:00:00+05:00,520.3813432298488,520.3813432298488,498.22659878724664,499.93231201171875,2097136,0.0,0.0,0.0,-0.003897753383156566,0.021487697702086604,1130975.8,458.5055877685547,0,26,8,2022,4,LUCK.KA
2022-08-29 00:00:00+05:00,498.2169387141754,498.2169387141754,479.145918454256,492.9842224121094,1300134,0.0,0.0,0.0,-0.013898060662753342,0.022199860263736042,1190489.6,463.21648559570315,0,29,8,2022,0,LUCK.KA
2022-08-30 00:00:00+05:00,500.0479641876322,502.55348054437866,488.58027734611693,491.36529541015625,1033635,0.0,0.0,0.0,-0.003283932686591662,0.022419617007334847,1229435.6,467.6864669799805,0,30,8,2022,1,LUCK.KA
2022-08-31 00:00:00+05:00,490.4979389977329,500.6261109221185,488.6766196423207,497.94708251953125,572071,0.0,0.0,0.0,0.01339489616148204,0.0193719148747168,1199293.65,471.30841674804685,0,31,8,2022,2,LUCK.KA
2022-09-01 00:00:00+05:00,500.1250080043241,510.27247261679094,497.9471062650274,504.35552978515625,1142761,0.0,0.0,0.0,0.012869735541373828,0.01904488154026907,1216702.4,474.73907775878905,0,1,9,2022,3,LUCK.KA
2022-09-02 00:00:00+05:00,503.0352774161244,507.32361673618016,499.18060096082843,501.821044921875,391581,0.0,0.0,0.0,-0.005025194953966028,0.018404641928076608,1144749.15,477.3694107055664,0,2,9,2022,4,LUCK.KA
2022-09-05 00:00:00+05:00,501.0597832608724,505.4444661031853,494.9404489049441,498.32293701171875,485020,0.0,0.0,0.0,-0.006970827440488936,0.018583609738229315,1169000.15,479.82483825683596,0,5,9,2022,0,LUCK.KA
2022-09-06 00:00:00+05:00,497.2532780123329,497.2532780123329,490.5075940082896,493.66845703125,201540,0.0,0.0,0.0,-0.009340288465106927,0.018841025956943057,1179077.15,482.047541809082,0,6,9,2022,1,LUCK.KA
2022-09-07 00:00:00+05:00,501.01160066696724,501.10794405220673,488.59950824617994,489.74627685546875,137412,0.0,0.0,0.0,-0.007944968166222033,0.018761086954757512,1125279.4,484.2986724853516,0,7,9,2022,2,LUCK.KA
2022-09-08 00:00:00+05:00,492.4445539951279,499.0746020788333,491.9530733454992,495.8752136230469,413770,0.0,0.0,0.0,0.01251451426426442,0.0188344986815756,1117329.4,486.7117004394531,0,8,9,2022,3,LUCK.KA
2022-09-09 00:00:00+05:00,497.2532916389045,501.1079683182758,494.8441187142974,495.8463134765625,346278,0.0,0.0,0.0,-5.828108703642698e-05,0.018787770218118727,1109418.15,489.1806213378906,0,9,9,2022,4,LUCK.KA
2022-09-12 00:00:00+05:00,497.2532780123329,500.1346393403713,491.4712631517244,493.66845703125,155566,0.0,0.0,0.0,-0.004392200538999136,0.01843245667994031,1001327.5,491.02653045654296,0,12,9,2022,0,LUCK.KA
2022-09-13 00:00:00+05:00,494.7477722167969,497.9278686937638,493.9093847497155,494.7477722167969,191115,0.0,0.0,0.0,0.0021863158769297453,0.018331129569694262,882785.95,492.64405212402346,0,13,9,2022,1,LUCK.KA
2022-09-14 00:00:00+05:00,494.747759372834,497.01235832187064,491.47126077392926,494.1791687011719,157459,0.0,0.0,0.0,-0.0011492795876114625,0.016396539585357615,793262.5,493.3436752319336,0,14,9,2022,2,LUCK.KA
2022-09-15 00:00:00+05:00,495.325952782175,504.3362359837208,490.98944152240887,492.4060363769531,922911,0.0,0.0,0.0,-0.003588035345316154,0.016416669285784034,778401.95,493.8394836425781,0,15,9,2022,3,LUCK.KA
2022-09-16 00:00:00+05:00,492.5120150115819,496.48235660309496,488.3875122362408,489.707763671875,411958,0.0,0.0,0.0,-0.005479771785357412,0.01602705968937792,782492.55,494.5757263183594,0,16,9,2022,4,LUCK.KA
2022-09-19 00:00:00+05:00,493.0998606474051,493.0998606474051,481.8345661383819,483.75225830078125,174812,0.0,0.0,0.0,-0.012161345628745601,0.016267080669336773,765596.05,495.12646331787107,0,19,9,2022,0,LUCK.KA
2022-09-20 00:00:00+05:00,485.59288854746234,485.6699985499649,473.64339672944556,474.87689208984375,427623,0.0,0.0,0.0,-0.018346924605815662,0.0105938796556437,677722.9,493.90790405273435,0,20,9,2022,1,LUCK.KA
2022-09-21 00:00:00+05:00,477.00659033764435,477.9702595021698,463.5248681367643,465.8665771484375,428667,0.0,0.0,0.0,-0.018974001665470697,0.010787033174593405,648101.6,492.64790802001954,0,21,9,2022,2,LUCK.KA
2022-09-22 00:00:00+05:00,462.5611800138277,471.94730788077703,455.8636678313384,470.4921875,512537,0.0,0.0,0.0,0.009929045307083051,0.009608274531003335,575199.3,491.07808990478514,0,22,9,2022,3,LUCK.KA
2022-09-23 00:00:00+05:00,475.9561930232367,476.1007375157041,459.7183617688219,462.2239074707031,338713,0.0,0.0,0.0,-0.017573681878186087,0.010134227658968932,487278.15,489.1926696777344,0,23,9,2022,4,LUCK.KA
2022-09-26 00:00:00+05:00,463.52487484420294,475.0889049858462,452.9245138810299,468.2757568359375,1740483,0.0,0.0,0.0,0.01309289560193938,0.010517680223576492,509295.6,487.9572463989258,0,26,9,2022,0,LUCK.KA
2022-09-27 00:00:00+05:00,472.19788640083095,480.53361871776974,468.3432097771507,475.6092834472656,1112140,0.0,0.0,0.0,0.015660700995668853,0.011270905166210066,513220.85,487.16944580078126,0,27,9,2022,1,LUCK.KA
2022-09-28 00:00:00+05:00,477.88351866814855,485.2074099836334,476.1007248847509,477.9702453613281,780047,0.0,0.0,0.0,0.004964078701218844,0.010830904620035088,523619.65,486.1706039428711,0,28,9,2022,2,LUCK.KA
2022-09-29 00:00:00+05:00,479.70488038572944,487.6069498688081,474.12522770328025,484.7159423828125,996340,0.0,0.0,0.0,0.014113215387256739,0.010923861722510553,516298.6,485.1886245727539,0,29,9,2022,3,LUCK.KA
2022-09-30 00:00:00+05:00,482.7982244541578,489.44753543612825,473.2675228332172,478.51953125,836928,0.0,0.0,0.0,-0.012783592597246929,0.011174544303305157,538565.95,484.02354888916017,0,30,9,2022,4,LUCK.KA
2022-10-03 00:00:00+05:00,480.7649020740762,480.7649020740762,474.173379404153,476.2742004394531,170261,0.0,0.0,0.0,-0.004692244859225592,0.01113612870625021,522828.0,482.9211120605469,0,3,10,2022,0,LUCK.KA
2022-10-04 00:00:00+05:00,478.17265115256316,492.43494302255345,477.3342342760779,487.54913330078125,1611597,0.0,0.0,0.0,0.023673196765486848,0.012397530966500562,593330.85,482.6151458740234,0,4,10,2022,1,LUCK.KA
2022-10-05 00:00:00+05:00,491.4712742878011,500.03830728330075,489.3511903606671,497.9856872558594,1329524,0.0,0.0,0.0,0.021406158358689087,0.013188152644880349,652936.45,483.027116394043,0,5,10,2022,2,LUCK.KA
2022-10-06 00:00:00+05:00,501.08865344235227,503.99895302526977,493.5238743284203,494.4007873535156,661341,0.0,0.0,0.0,-0.007198801078196149,0.0130112394429079,665315.0,482.9533950805664,0,6,10,2022,3,LUCK.KA
2022-10-07 00:00:00+05:00,492.3385881954372,501.9753096003179,491.6158362957349,493.2637023925781,823970,0.0,0.0,0.0,-0.002299925465378383,0.013020797168655262,689199.6,482.8242645263672,0,7,10,2022,4,LUCK.KA
2022-10-10 00:00:00+05:00,495.32594057461216,498.69878258241596,491.9530985668084,495.89453125,508375,0.0,0.0,0.0,0.00533351398990245,0.013036835575901665,706840.05,482.93556823730466,0,10,10,2022,0,LUCK.KA
2022-10-11 00:00:00+05:00,497.25327604511585,498.3132885716218,491.6640067988457,494.7862854003906,333876,0.0,0.0,0.0,-0.0022348418459381403,0.01304074941712101,713978.1,482.9374938964844,0,11,10,2022,1,LUCK.KA
2022-10-12 00:00:00+05:00,496.7714239044338,501.10793487935126,493.39858203505355,494.8440856933594,363242,0.0,0.0,0.0,0.00011681870471003108,0.013037517520002618,724267.25,482.9707397460937,0,12,10,2022,2,LUCK.KA
2022-10-13 00:00:00+05:00,495.33559243189615,498.3037099022033,492.3385660632544,493.9479064941406,186571,0.0,0.0,0.0,-0.0018110334651429971,0.013016756394045865,687450.25,483.04783325195314,0,13,10,2022,3,LUCK.KA
2022-10-14 00:00:00+05:00,498.20729171747524,498.20729171747524,492.4445691693874,493.7936706542969,206757,0.0,0.0,0.0,-0.0003122512269329025,0.012948422800424906,677190.2,483.2521286010742,0,14,10,2022,4,LUCK.KA
2022-10-17 00:00:00+05:00,496.183609239557,496.1932553416257,491.1821641346303,491.8760070800781,393801,0.0,0.0,0.0,-0.003883532106998766,0.012651467452740234,688139.65,483.65831604003904,0,17,10,2022,0,LUCK.KA
2022-10-18 00:00:00+05:00,492.9360174179272,496.7617849986842,488.5705974829596,491.1725158691406,411636,0.0,0.0,0.0,-0.0014302206263600015,0.011835512050162658,687340.3,484.4730972290039,0,18,10,2022,1,LUCK.KA
2022-10-19 00:00:00+05:00,494.36224727295024,497.1569111842219,491.9530745279553,495.0560607910156,367206,0.0,0.0,0.0,0.007906682064656945,0.01084227300156591,684267.25,485.9325714111328,0,19,10,2022,2,LUCK.KA
2022-10-20 00:00:00+05:00,497.25327455485564,497.25327455485564,493.3985980079188,493.4757080078125,241135,0.0,0.0,0.0,-0.0031922703474793757,0.010804141260216397,670697.15,487.0817474365234,0,20,10,2022,3,LUCK.KA
2022-10-21 00:00:00+05:00,495.31629661054995,496.19326847427493,489.6403006140873,494.26593017578125,186632,0.0,0.0,0.0,0.0016013395495371174,0.00973200501828287,663093.1,488.68384857177733,0,21,10,2022,4,LUCK.KA
2022-10-24 00:00:00+05:00,499.18061171432373,499.18061171432373,491.9627393071237,492.4638366699219,383182,0.0,0.0,0.0,-0.003645999847123771,0.009573155714080964,595228.05,489.89325256347655,0,24,10,2022,0,LUCK.KA
2022-10-25 00:00:00+05:00,494.8441232472562,494.8441232472562,487.6166044072281,489.5535888671875,212600,0.0,0.0,0.0,-0.005909566522516063,0.009228954821325536,550251.05,490.59046783447263,0,25,10,2022,1,LUCK.KA
2022-10-26 00:00:00+05:00,484.96648882123014,488.50316746201526,476.5343839485312,479.5024719238281,377351,0.0,0.0,0.0,-0.020531188355941477,0.010408648982019778,530116.25,490.66707916259764,0,26,10,2022,2,LUCK.KA
2022-10-27 00:00:00+05:00,475.0888740004871,481.24673376554347,473.1615357692478,475.16595458984375,346580,0.0,0.0,0.0,-0.009043785147938244,0.010063062357793062,497628.25,490.18957977294923,0,27,10,2022,3,LUCK.KA
2022-10-28 00:00:00+05:00,476.9198775476198,477.0066042458939,460.8555285755413,463.1875915527344,225543,0.0,0.0,0.0,-0.02520879899202566,0.01115644831551665,467059.0,489.42298278808596,0,28,10,2022,4,LUCK.KA
2022-10-31 00:00:00+05:00,470.2705342305565,470.2705342305565,463.52485033790504,467.64935302734375,121323,0.0,0.0,0.0,0.009632731005708273,0.011402425893314125,464612.1,488.99174041748046,0,31,10,2022,0,LUCK.KA
2022-11-01 00:00:00+05:00,475.801972451053,476.0525358281094,468.42026360935307,474.48175048828125,442507,0.0,0.0,0.0,0.01461008641775674,0.010522613006293091,406157.6,488.33837127685547,0,1,11,2022,1,LUCK.KA
2022-11-02 00:00:00+05:00,474.12523289271644,475.0696392689974,467.57229428294215,471.8316955566406,160234,0.0,0.0,0.0,-0.005585156708163175,0.0090898803893257,347693.1,487.03067169189455,0,2,11,2022,2,LUCK.KA
2022-11-03 00:00:00+05:00,471.23420258586185,476.775300060031,470.7523680228906,472.11114501953125,351219,0.0,0.0,0.0,0.0005922651350518393,0.009051738418861848,332187.0,485.9161895751953,0,3,11,2022,3,LUCK.KA
2022-11-04 00:00:00+05:00,467.47591782350736,470.26090641775727,464.48853753023604,465.6642150878906,246243,0.0,0.0,0.0,-0.01365553429452282,0.009403377010068074,303300.65,484.5362152099609,0,4,11,2022,4,LUCK.KA
2022-11-07 00:00:00+05:00,466.41584851903013,471.2341940615821,465.45217941051976,466.0592956542969,98708,0.0,0.0,0.0,0.000848423721654612,0.0092506209317339,282817.3,483.0444534301758,0,7,11,2022,0,LUCK.KA
2022-11-08 00:00:00+05:00,471.0896644598061,473.54700900060146,469.3068706709701,471.58111572265625,351961,0.0,0.0,0.0,0.011847891716455061,0.009834053563261252,283721.55,481.8841949462891,0,8,11,2022,1,LUCK.KA
2022-11-09 00:00:00+05:00,471.58111572265625,471.58111572265625,471.58111572265625,471.58111572265625,0,0.0,0.0,0.0,0.0,0.009832544198958282,265559.45,480.7210464477539,0,9,11,2022,2,LUCK.KA
2022-11-10 00:00:00+05:00,474.02883289723394,475.7634549536061,470.2705292216989,473.0362548828125,467304,0.0,0.0,0.0,0.0030856603702766883,0.009907572396196085,279596.1,479.6754638671875,0,10,11,2022,3,LUCK.KA
2022-11-11 00:00:00+05:00,474.1252234622571,475.0888926156357,470.75238142543213,472.7760925292969,153631,0.0,0.0,0.0,-0.0005499839617579827,0.009905439780609926,276939.8,478.6245849609375,0,11,11,2022,4,LUCK.KA
2022-11-14 00:00:00+05:00,472.16895892815154,472.67970238434344,464.4885148812508,471.311279296875,134335,0.0,0.0,0.0,-0.0030983234041833674,0.009899659653077387,263966.5,477.59634857177736,0,14,11,2022,0,LUCK.KA
2022-11-15 00:00:00+05:00,470.4632961296937,475.4743581212217,467.3795430511773,468.102294921875,418803,0.0,0.0,0.0,-0.00680863055046621,0.009953803029152775,264324.85,476.4428375244141,0,15,11,2022,1,LUCK.KA
2022-11-16 00:00:00+05:00,472.0822285388431,472.0822285388431,465.4425342515089,469.2972106933594,80738,0.0,0.0,0.0,0.0025526808658005162,0.009732834876925006,250001.45,475.15489501953124,0,16,11,2022,2,LUCK.KA
2022-11-17 00:00:00+05:00,471.2245921805315,472.46773368164656,468.352876789344,470.0682067871094,255538,0.0,0.0,0.0,0.0016428738040248358,0.00977789453642206,250721.6,473.9845199584961,0,17,11,2022,3,LUCK.KA
2022-11-18 00:00:00+05:00,472.13040219378223,472.13040219378223,467.37952051757236,470.20306396484375,193130,0.0,0.0,0.0,0.00028688853189229313,0.009754105816381831,251046.5,472.78137664794923,0,18,11,2022,4,LUCK.KA
2022-11-21 00:00:00+05:00,466.4158504891284,470.75236149574215,465.7412703467828,467.97698974609375,132352,0.0,0.0,0.0,-0.004734282673488521,0.009764177666167481,238505.0,471.5570343017578,0,21,11,2022,0,LUCK.KA
2022-11-22 00:00:00+05:00,468.3432143066617,474.0192398061731,466.4158759761816,469.817626953125,360017,0.0,0.0,0.0,0.003933178868537723,0.009831169960898799,245875.85,470.5702362060547,0,22,11,2022,1,LUCK.KA
2022-11-23 00:00:00+05:00,471.23420980771016,472.10150615258044,468.34320238557694,469.451416015625,50250,0.0,0.0,0.0,-0.0007794746652546314,0.008811851610480625,229520.8,470.0676834106445,0,23,11,2022,2,LUCK.KA
2022-11-24 00:00:00+05:00,469.4514414370563,473.1615737114722,467.38920465686283,469.4707336425781,255363,0.0,0.0,0.0,4.114936347843212e-05,0.00860835696206186,224959.95,469.7829223632813,0,24,11,2022,3,LUCK.KA
2022-11-25 00:00:00+05:00,474.12524174795516,474.12524174795516,465.1342211400677,466.6375427246094,168456,0.0,0.0,0.0,-0.006034861632345678,0.006538476515017481,222105.6,469.955419921875,0,25,11,2022,4,LUCK.KA
2022-11-28 00:00:00+05:00,453.8881564341593,453.8881564341593,438.9512850440755,441.5146484375,771415,0.0,0.0,0.0,-0.053838133426688084,0.013506902210761134,254610.2,468.6486846923828,0,28,11,2022,0,LUCK.KA
2022-11-29 00:00:00+05:00,442.3241460120231,450.9971684828471,441.5146674438081,450.2647705078125,411514,0.0,0.0,0.0,0.01981841848572574,0.013904242742409974,253060.55,467.4378356933594,0,29,11,2022,1,LUCK.KA
2022-11-30 00:00:00+05:00,450.89118608637006,457.74285982989187,446.0824568871921,455.6131591796875,684044,0.0,0.0,0.0,0.011878319207258903,0.014245886118999525,279251.05,466.62690887451174,0,30,11,2022,2,LUCK.KA
2022-12-01 00:00:00+05:00,459.57380530862554,459.57380530862554,450.5249674096187,451.8258972167969,136907,0.0,0.0,0.0,-0.008312450785463388,0.014311168541349341,268535.45,465.612646484375,0,1,12,2022,3,LUCK.KA
2022-12-02 00:00:00+05:00,454.8518266387718,454.8518266387718,439.62586623940285,441.2062683105469,278964,0.0,0.0,0.0,-0.023503807487941453,0.014887731551572211,270171.5,464.38974914550784,0,2,12,2022,4,LUCK.KA
2022-12-05 00:00:00+05:00,443.1914491272541,444.251491104936,423.0507691866961,426.02850341796875,309108,0.0,0.0,0.0,-0.034400610287556255,0.016462845203762965,280691.5,462.3882095336914,0,5,12,2022,0,LUCK.KA
2022-12-06 00:00:00+05:00,427.86907912723456,429.7964173215014,421.1233954473007,427.261962890625,199196,0.0,0.0,0.0,0.0028952510518907015,0.016117362942936978,273053.25,460.17225189208983,0,6,12,2022,1,LUCK.KA
2022-12-07 00:00:00+05:00,428.84241886914805,438.45020149378274,426.9054344622238,437.1106872558594,301492,0.0,0.0,0.0,0.023050786685065994,0.017261925702358683,288127.85,458.44873046875,0,7,12,2022,2,LUCK.KA
2022-12-08 00:00:00+05:00,429.7964655170202,438.4694883637762,429.7964655170202,435.5110168457031,245334,0.0,0.0,0.0,-0.003659646073169376,0.017189267755953315,277029.35,456.57246856689454,0,8,12,2022,3,LUCK.KA
2022-12-09 00:00:00+05:00,435.57846601526944,438.4694735330699,430.77938294853493,436.67706298828125,127260,0.0,0.0,0.0,0.0026774205415593944,0.01723825258604276,275710.8,454.76751708984375,0,9,12,2022,4,LUCK.KA
2022-12-12 00:00:00+05:00,434.62443654303684,437.50579791583596,434.61479044062116,436.898681640625,207454,0.0,0.0,0.0,0.0005075115482988668,0.017265029602521978,279366.75,453.04688720703126,0,12,12,2022,0,LUCK.KA
2022-12-13 00:00:00+05:00,434.6244323025431,440.33898329800553,434.6244323025431,436.81195068359375,179888,0.0,0.0,0.0,-0.00019851503489454192,0.01726443606126221,267421.0,451.4823699951172,0,13,12,2022,1,LUCK.KA
2022-12-14 00:00:00+05:00,438.45982673498304,438.46947283752553,435.09663073877533,437.2841491699219,192677,0.0,0.0,0.0,0.0010810109146262015,0.017241259108501623,273017.95,449.8817169189453,0,14,12,2022,2,LUCK.KA
2022-12-15 00:00:00+05:00,438.45019569322307,439.3367548326411,430.7601053725413,434.39312744140625,425421,0.0,0.0,0.0,-0.006611311509926776,0.01721340421402301,281512.1,448.0979629516602,0,15,12,2022,3,LUCK.KA
2022-12-16 00:00:00+05:00,438.2767245300187,438.3730973282999,428.9387679673623,434.1522216796875,295909,0.0,0.0,0.0,-0.0005545800485787789,0.01720392740704425,286651.05,446.29542083740233,0,16,12,2022,4,LUCK.KA
2022-12-19 00:00:00+05:00,433.1114497693789,434.59550844222764,424.9877261810922,425.6141052246094,66256,0.0,0.0,0.0,-0.019666181649480197,0.01756511215078961,283346.25,444.1772766113281,0,19,12,2022,0,LUCK.KA
2022-12-20 00:00:00+05:00,429.6808068445885,433.65111905137644,393.8130397769185,406.81292724609375,490607,0.0,0.0,0.0,-0.04417423611605564,0.019522288390961116,289875.75,441.02704162597655,0,20,12,2022,1,LUCK.KA
2022-12-21 00:00:00+05:00,408.59572225676555,417.7409331388979,399.9708715446457,415.3221435546875,435092,0.0,0.0,0.0,0.020916779528606932,0.0204655315368245,309117.85,438.32057800292966,0,21,12,2022,2,LUCK.KA
2022-12-22 00:00:00+05:00,419.196097682668,426.89580510053605,414.3873978350252,422.97369384765625,218019,0.0,0.0,0.0,0.018423169608728696,0.02114798387450219,307250.65,435.99572601318357,0,22,12,2022,3,LUCK.KA
2022-12-23 00:00:00+05:00,424.0240737556268,424.0240737556268,409.56903644926575,414.3102722167969,200230,0.0,0.0,0.0,-0.02048217597659796,0.021430577072860064,308839.35,433.37936248779295,0,23,12,2022,4,LUCK.KA
2022-12-26 00:00:00+05:00,423.81204463246917,436.5421052963695,406.23470012980454,419.4466247558594,157423,0.0,0.0,0.0,0.012397357448030721,0.018521699592450522,278139.75,432.2759613037109,0,26,12,2022,0,LUCK.KA
2022-12-27 00:00:00+05:00,422.0678193950932,422.08708219065625,416.4978129571503,418.79132080078125,113322,0.0,0.0,0.0,-0.0015623059440746934,0.017773986039624316,263230.15,430.70228881835936,0,27,12,2022,1,LUCK.KA
2022-12-28 00:00:00+05:00,420.15008273389157,420.15008273389157,411.4867069102424,415.803955078125,322464,0.0,0.0,0.0,-0.0071333038061630605,0.017414977413272054,245151.15,428.7118286132812,0,28,12,2022,2,LUCK.KA
2022-12-29 00:00:00+05:00,419.09970995161393,433.65112008512915,412.56603425201865,430.7215576171875,489376,0.0,0.0,0.0,0.03587652872676417,0.019564972281612282,262774.6,427.65661163330077,0,29,12,2022,3,LUCK.KA
2022-12-30 00:00:00+05:00,437.50578455660707,437.50578455660707,425.9514011109765,430.3553466796875,47928,0.0,0.0,0.0,-0.0008502266279076798,0.018911927303029243,251222.8,427.1140655517578,0,30,12,2022,4,LUCK.KA
2023-01-02 00:00:00+05:00,431.48287503584993,432.1863641239317,421.1234313582723,423.29168701171875,73567,0.0,0.0,0.0,-0.01641355155098423,0.017627726637192066,239445.75,426.9772247314453,0,2,1,2023,0,LUCK.KA
2023-01-03 00:00:00+05:00,424.0144282923561,424.0144282923561,414.3777367402571,415.72686767578125,189273,0.0,0.0,0.0,-0.017871410112828556,0.018044117046981088,238949.6,426.4004699707031,0,3,1,2023,1,LUCK.KA
2023-01-04 00:00:00+05:00,419.0996938169557,420.1597357292348,412.4600288820922,416.89288330078125,379679,0.0,0.0,0.0,0.002804763693813994,0.017157406889780877,242858.95,425.3895797729492,0,4,1,2023,2,LUCK.KA
2023-01-05 00:00:00+05:00,415.82321824213534,420.6415637605842,413.4140454829109,415.0908203125,138474,0.0,0.0,0.0,-0.004322604343862335,0.017160965256148214,237515.95,424.3685699462891,0,5,1,2023,3,LUCK.KA
2023-01-06 00:00:00+05:00,414.3777284453347,422.0870815326898,412.450390173496,417.3747253417969,241503,0.0,0.0,0.0,0.005502181492661018,0.01721525906654514,243228.1,423.40345306396483,0,6,1,2023,4,LUCK.KA
2023-01-09 00:00:00+05:00,416.3050527308798,418.1360181458434,406.6683616954428,408.2005920410156,478912,0.0,0.0,0.0,-0.02198056744635979,0.01776060888411098,256801.0,421.9685485839844,0,9,1,2023,0,LUCK.KA
2023-01-10 00:00:00+05:00,411.3903389021543,423.291658342325,411.3903389021543,420.85357666015625,594843,0.0,0.0,0.0,0.030996977627776756,0.01934134816504858,277548.75,421.1706298828125,0,10,1,2023,1,LUCK.KA
2023-01-11 00:00:00+05:00,421.12341713316243,423.9951617776862,416.3339802974222,418.0685729980469,443762,0.0,0.0,0.0,-0.00661751216233164,0.01936008030023943,290103.0,420.20985107421876,0,11,1,2023,2,LUCK.KA
2023-01-12 00:00:00+05:00,417.26874012742815,430.76010816849976,415.3414018358465,419.7935485839844,343433,0.0,0.0,0.0,0.004126058970583157,0.019376275548912265,286003.6,419.47987213134763,0,12,1,2023,3,LUCK.KA
2023-01-13 00:00:00+05:00,415.35104043430414,420.9210468199921,411.4867178186652,412.62384033203125,137109,0.0,0.0,0.0,-0.017079129196095222,0.019682422054413274,278063.6,418.40345306396483,0,13,1,2023,4,LUCK.KA
2023-01-16 00:00:00+05:00,411.4867246316952,413.4140629203682,404.25920604917127,405.001220703125,81708,0.0,0.0,0.0,-0.018473531783264052,0.01962894891726417,278836.2,417.3728088378906,0,16,1,2023,0,LUCK.KA
2023-01-17 00:00:00+05:00,409.559401455679,409.559401455679,375.830980159329,377.4981384277344,1268802,0.0,0.0,0.0,-0.06790864044222478,0.022761568078836142,317745.95,415.90706939697264,0,17,1,2023,1,LUCK.KA
2023-01-18 00:00:00+05:00,375.83098234750736,386.43134338807806,371.9859517081686,385.1882019042969,264057,0.0,0.0,0.0,0.020371129533489407,0.022731089883013336,309194.2,414.40037231445314,0,18,1,2023,2,LUCK.KA
2023-01-19 00:00:00+05:00,385.94949997060826,389.3223420427609,375.9273465522674,377.7197570800781,196907,0.0,0.0,0.0,-0.019389079902489725,0.022380620806499846,308138.6,412.1376754760742,0,19,1,2023,3,LUCK.KA
2023-01-20 00:00:00+05:00,384.18598765378596,384.18598765378596,366.8688520915774,369.95257568359375,265883,0.0,0.0,0.0,-0.02056334425428985,0.022383506780407198,311421.25,409.91979064941404,0,20,1,2023,4,LUCK.KA
2023-01-23 00:00:00+05:00,363.3032641559223,377.7390383957753,363.3032641559223,375.021484375,79978,0.0,0.0,0.0,0.013701509394927092,0.02243992517245682,307549.0,407.6985336303711,0,23,1,2023,0,LUCK.KA
2023-01-24 00:00:00+05:00,377.56557644800546,382.5863140965533,361.90595212835865,379.51220703125,345277,0.0,0.0,0.0,0.01197457437334326,0.02276169089678918,319146.75,405.73457794189454,0,24,1,2023,1,LUCK.KA
2023-01-25 00:00:00+05:00,381.1311479091206,389.32233566443676,379.6856441875943,382.4031982421875,414048,0.0,0.0,0.0,0.007617650123964204,0.022915879747991794,323725.95,404.06454010009764,0,25,1,2023,2,LUCK.KA
2023-01-26 00:00:00+05:00,384.5039837641624,397.0316824832955,381.6129763674394,390.1221618652344,1246390,0.0,0.0,0.0,0.020185405505312337,0.02171884402762901,361576.65,402.0345703125,0,26,1,2023,3,LUCK.KA
2023-01-27 00:00:00+05:00,390.28598697636465,391.7314906318327,381.6129650435566,383.47283935546875,164850,0.0,0.0,0.0,-0.017044206045547905,0.021868741598728966,367422.75,399.69044494628906,0,27,1,2023,4,LUCK.KA
2023-01-30 00:00:00+05:00,385.4580062770386,390.13180744390576,379.6856375934917,380.8034973144531,132553,0.0,0.0,0.0,-0.006960967680272212,0.02172255548327463,370372.05,397.56603546142577,0,30,1,2023,0,LUCK.KA
2023-01-31 00:00:00+05:00,382.5573748883008,395.0079633535253,380.79384394337507,393.8997497558594,550034,0.0,0.0,0.0,0.03439110337422102,0.023192331450118384,388410.1,396.4746795654297,0,31,1,2023,1,LUCK.KA
2023-02-01 00:00:00+05:00,397.8893541102528,397.8893541102528,387.90572680879285,390.35345458984375,181757,0.0,0.0,0.0,-0.009003039906000487,0.02320225811546222,378514.0,395.1477081298828,0,1,2,2023,2,LUCK.KA
2023-02-02 00:00:00+05:00,392.6951848756645,403.2955456943941,387.433559467391,401.6283874511719,508311,0.0,0.0,0.0,0.028883906953443006,0.024268055905217367,397005.85,394.4745864868164,0,2,2,2023,3,LUCK.KA
2023-02-03 00:00:00+05:00,396.925714358498,403.5846425408967,396.925714358498,398.5639343261719,124295,0.0,0.0,0.0,-0.007630071032696972,0.024250168058782627,391145.45,393.53404693603517,0,3,2,2023,4,LUCK.KA
2023-02-06 00:00:00+05:00,402.81368549523415,411.39033463955946,397.03167087090065,407.99822998046875,355686,0.0,0.0,0.0,0.023670720910176968,0.024420372585299034,384984.15,393.5239288330078,0,6,2,2023,0,LUCK.KA
2023-02-07 00:00:00+05:00,409.46301423114915,416.20869825277873,401.46457208332765,404.3941345214844,354070,0.0,0.0,0.0,-0.008833605624114838,0.023384140674859485,372945.5,392.7009567260742,0,7,2,2023,1,LUCK.KA
2023-02-08 00:00:00+05:00,407.42967485455154,408.2584161802339,401.1754422773249,405.6468811035156,276397,0.0,0.0,0.0,0.003097835688229189,0.02337815568093817,364577.25,392.07987213134766,0,8,2,2023,2,LUCK.KA
2023-02-09 00:00:00+05:00,407.63206820773377,418.2324293195188,407.63206820773377,414.56085205078125,1162792,0.0,0.0,0.0,0.02197470598816431,0.0239281178754728,405545.2,391.8182373046875,0,9,2,2023,3,LUCK.KA
2023-02-10 00:00:00+05:00,414.377752234924,414.377752234924,398.1110115813091,399.1614074707031,1153956,0.0,0.0,0.0,-0.03714640324550422,0.025060436597866446,456387.55,391.1451156616211,0,10,2,2023,4,LUCK.KA
2023-02-13 00:00:00+05:00,395.10436120625434,404.74105294299227,395.10436120625434,400.8092956542969,158136,0.0,0.0,0.0,0.004128375521159855,0.024755573276478683,460208.95,390.9355194091797,0,13,2,2023,0,LUCK.KA
2023-02-14 00:00:00+05:00,400.8574549575474,401.8500329993934,392.7915489286588,396.4920349121094,300432,0.0,0.0,0.0,-0.010771358820757526,0.0192090254024378,411790.45,391.8852142333984,0,14,2,2023,1,LUCK.KA
2023-02-15 00:00:00+05:00,402.514985265005,403.7773895478763,390.777501619804,401.19476318359375,357696,0.0,0.0,0.0,0.011860839203306606,0.018886966566609337,416472.4,392.68554229736327,0,15,2,2023,2,LUCK.KA
2023-02-16 00:00:00+05:00,397.99535577799946,404.7121308763211,394.14067920872105,395.075439453125,448344,0.0,0.0,0.0,-0.015252750763519951,0.01865931050520249,429044.25,393.55332641601564,0,16,2,2023,3,LUCK.KA
2023-02-17 00:00:00+05:00,391.36531600575756,398.4771991383586,391.2496804115444,396.0583801269531,60049,0.0,0.0,0.0,0.0024879822324281875,0.017860135580423663,418752.55,394.8586166381836,0,17,2,2023,4,LUCK.KA
2023-02-20 00:00:00+05:00,393.1770245417871,395.9427503766529,388.8501593443037,394.420166015625,194413,0.0,0.0,0.0,-0.004136294530122098,0.017772559595673212,424474.3,395.8285507202148,0,20,2,2023,0,LUCK.KA
2023-02-21 00:00:00+05:00,399.70103530007367,399.70103530007367,392.21333673147626,398.3326416015625,82515,0.0,0.0,0.0,0.009919562748174737,0.017721831494622458,411336.2,396.76957244873046,0,21,2,2023,1,LUCK.KA
2023-02-22 00:00:00+05:00,399.922674015773,401.8500122038008,397.0316667337313,400.510498046875,570180,0.0,0.0,0.0,0.0054674315329923395,0.01769611398689596,419142.8,397.67493743896483,0,22,2,2023,2,LUCK.KA
2023-02-23 00:00:00+05:00,398.9590479582804,400.7803968586858,393.6010495702927,398.94940185546875,859992,0.0,0.0,0.0,-0.0038977659737237103,0.017240317708957526,399822.9,398.1162994384766,0,23,2,2023,3,LUCK.KA
2023-02-24 00:00:00+05:00,401.6572850614465,404.64466527180883,391.24967013182396,400.65509033203125,393219,0.0,0.0,0.0,0.004275450642686751,0.01669959397874133,411241.35,398.9754119873047,0,24,2,2023,4,LUCK.KA
2023-02-27 00:00:00+05:00,399.9227041112361,402.81371161083536,395.21034777064165,398.8915710449219,719757,0.0,0.0,0.0,-0.004401589620758095,0.016634358967215965,440601.55,399.87981567382815,0,27,2,2023,0,LUCK.KA
2023-02-28 00:00:00+05:00,398.95902215088057,402.69806310254125,394.6225110405449,398.6313781738281,446097,0.0,0.0,0.0,-0.0006522897197656086,0.01484236859730332,435404.7,400.11639709472655,0,28,2,2023,1,LUCK.KA
2023-03-01 00:00:00+05:00,398.4772061559142,398.4772061559142,392.21335648236294,393.0999450683594,682583,0.0,0.0,0.0,-0.013876060461694761,0.015048636477849158,460446.0,400.2537216186523,0,1,3,2023,2,LUCK.KA
2023-03-02 00:00:00+05:00,386.44098316836084,396.5498633481041,380.75531153981416,382.3742980957031,368237,0.0,0.0,0.0,-0.027284783697415826,0.014701772063342338,453442.3,399.29101715087893,0,2,3,2023,3,LUCK.KA
2023-03-03 00:00:00+05:00,377.7582957085079,391.73149797323583,375.9369469522378,390.0354309082031,324469,0.0,0.0,0.0,0.02003568976956327,0.015460765905849527,463451.0,398.86459197998045,0,3,3,2023,4,LUCK.KA
2023-03-06 00:00:00+05:00,392.11695417087583,396.06800339552035,390.04507147040596,395.32598876953125,225792,0.0,0.0,0.0,0.013564300681630392,0.014762524636506985,456956.3,398.2309799194336,0,6,3,2023,0,LUCK.KA
2023-03-07 00:00:00+05:00,398.5157549434452,402.33187660442496,387.4046506413584,398.2844543457031,271139,0.0,0.0,0.0,0.007483610134968011,0.0147851434445993,452809.75,397.92549591064454,0,7,3,2023,1,LUCK.KA
2023-03-08 00:00:00+05:00,402.601675575622,403.68098026261924,399.9226766529513,401.82110595703125,355037,0.0,0.0,0.0,0.008879712910558002,0.014918335470490908,456741.75,397.7342071533203,0,8,3,2023,2,LUCK.KA
2023-03-09 00:00:00+05:00,402.8136936290651,407.00566019812277,400.17324964146667,405.0301208496094,583727,0.0,0.0,0.0,0.007986178040436887,0.014122426089510436,427788.5,397.2576705932617,0,9,3,2023,3,LUCK.KA
2023-03-10 00:00:00+05:00,407.15021090976836,408.48007902596623,402.9100725832469,406.022705078125,323838,0.0,0.0,0.0,0.0024506429952260156,0.01128956358904554,386282.6,397.6007354736328,0,10,3,2023,4,LUCK.KA
2023-03-13 00:00:00+05:00,407.53567140072624,409.55938246644774,405.8878054139858,406.533447265625,387649,0.0,0.0,0.0,0.0012579153360443573,0.01126475874024319,397758.25,397.8869430541992,0,13,3,2023,0,LUCK.KA
2023-03-14 00:00:00+05:00,407.63201913143666,407.63201913143666,399.53720477513485,400.0286560058594,203183,0.0,0.0,0.0,-0.01600062996911411,0.01160236575612181,392895.8,398.0637741088867,0,14,3,2023,1,LUCK.KA
2023-03-15 00:00:00+05:00,401.7343911101473,416.20869083719896,397.0316810562978,409.0775451660156,1225873,0.0,0.0,0.0,0.0226206023601061,0.012379879339609127,436304.65,398.4579132080078,0,15,3,2023,2,LUCK.KA
2023-03-16 00:00:00+05:00,410.52308406026197,417.1627790431187,408.73067344328933,410.78326416015625,481208,0.0,0.0,0.0,0.004169671531221386,0.011781341023378062,437947.85,399.24330444335936,0,16,3,2023,3,LUCK.KA
2023-03-17 00:00:00+05:00,411.43853363143086,411.43853363143086,403.8929881163925,404.7602844238281,784196,0.0,0.0,0.0,-0.014662183837119258,0.012355443893461555,474155.2,399.67839965820315,0,17,3,2023,4,LUCK.KA
2023-03-20 00:00:00+05:00,406.6202275890717,406.6683992851627,399.92271493683063,400.5780029296875,40588,0.0,0.0,0.0,-0.01033273682000213,0.012571050363378314,466463.95,399.9862915039063,0,20,3,2023,0,LUCK.KA
2023-03-21 00:00:00+05:00,404.16280836859397,404.16280836859397,397.53276035835614,398.4964294433594,57896,0.0,0.0,0.0,-0.00519642484386118,0.012450906948497561,465233.0,399.9944808959961,0,21,3,2023,1,LUCK.KA
2023-03-22 00:00:00+05:00,399.9227075786707,399.9227075786707,390.2860158297871,391.58697509765625,123447,0.0,0.0,0.0,-0.017338811179198332,0.012966586351221783,442896.35,399.54830474853514,0,22,3,2023,2,LUCK.KA
2023-03-23 00:00:00+05:00,391.58697509765625,391.58697509765625,391.58697509765625,391.58697509765625,0,0.0,0.0,0.0,0.0,0.012950750017102535,399896.75,399.18018341064453,0,23,3,2023,3,LUCK.KA
2023-03-24 00:00:00+05:00,393.1770171805106,393.1770171805106,386.2385874667267,388.2622985839844,93925,0.0,0.0,0.0,-0.008490263275081511,0.012999279439347125,384932.05,398.5605438232422,0,24,3,2023,4,LUCK.KA
2023-03-27 00:00:00+05:00,393.08064004418713,393.08064004418713,375.93695764686873,389.1874084472656,50233,0.0,0.0,0.0,0.00238269300587568,0.01300780051568269,351455.85,398.07533569335936,0,27,3,2023,0,LUCK.KA
2023-03-28 00:00:00+05:00,395.1043433321167,395.1043433321167,384.60035569603247,385.8724060058594,188397,0.0,0.0,0.0,-0.008517753579521115,0.013110451678431268,338570.85,397.43738708496096,0,28,3,2023,1,LUCK.KA
2023-03-29 00:00:00+05:00,387.39499260559325,389.7945193429905,380.6493086547496,381.7093505859375,132665,0.0,0.0,0.0,-0.010788683915010644,0.01297507586779883,311074.95,396.8678573608398,0,29,3,2023,2,LUCK.KA
2023-03-30 00:00:00+05:00,385.4676800905874,385.4676800905874,381.61300328968156,383.54998779296875,82490,0.0,0.0,0.0,0.0048220909553455815,0.01150548330742083,296787.6,396.9266418457031,0,30,3,2023,3,LUCK.KA
2023-03-31 00:00:00+05:00,385.4580294852028,392.0977243134527,380.6493296430754,387.81903076171875,927557,0.0,0.0,0.0,0.011130343122457198,0.010851847538482748,326942.0,396.8158218383789,0,31,3,2023,4,LUCK.KA
2023-04-03 00:00:00+05:00,389.3223253080215,389.3223253080215,384.6003524917482,385.477294921875,34948,0.0,0.0,0.0,-0.006038217967912263,0.010417012336199757,317399.8,396.3233871459961,0,3,4,2023,0,LUCK.KA
2023-04-04 00:00:00+05:00,386.4313435380025,390.2571113823013,381.7189871028,387.31793212890625,75944,0.0,0.0,0.0,0.004774956219935733,0.010315158969943401,307640.05,395.7750610351562,0,4,4,2023,1,LUCK.KA
2023-04-05 00:00:00+05:00,390.1896343431716,390.22818934378654,386.45059332243653,388.2719421386719,44633,0.0,0.0,0.0,0.0024631186181385267,0.010077467846950603,292119.85,395.0976028442383,0,5,4,2023,2,LUCK.KA
2023-04-06 00:00:00+05:00,388.2719384788008,395.00797638697026,388.2622923765258,394.96942138671875,92124,0.0,0.0,0.0,0.017249454624910454,0.010735773177402335,267539.7,394.5945678710938,0,6,4,2023,3,LUCK.KA
2023-04-07 00:00:00+05:00,399.92269931816554,399.92269931816554,386.4313311483961,389.68853759765625,53116,0.0,0.0,0.0,-0.013370361104212969,0.011031259459706346,254003.6,393.7778594970703,0,7,4,2023,4,LUCK.KA
2023-04-10 00:00:00+05:00,392.2037043818313,392.2037043818313,376.7946438313748,385.41949462890625,85550,0.0,0.0,0.0,-0.010955012931783137,0.011178857131302065,238898.65,392.7221618652344,0,10,4,2023,0,LUCK.KA
2023-04-11 00:00:00+05:00,385.46766868722955,385.46766868722955,381.7093647992989,384.6003723144531,25660,0.0,0.0,0.0,-0.0021252747353680546,0.010725033994146562,230022.5,391.95074768066405,0,11,4,2023,1,LUCK.KA
2023-04-12 00:00:00+05:00,388.3490279467537,388.35867404924915,380.6493207182467,383.8968811035156,89374,0.0,0.0,0.0,-0.0018291485437312849,0.00904334727133692,173197.55,390.69171447753905,0,12,4,2023,2,LUCK.KA
2023-04-13 00:00:00+05:00,386.5373091534656,389.2934181474237,383.8968651581016,387.59735107421875,60563,0.0,0.0,0.0,0.009639229055641518,0.00935319087226464,152165.3,389.5324188232422,0,13,4,2023,3,LUCK.KA
2023-04-14 00:00:00+05:00,387.59735107421875,387.59735107421875,387.59735107421875,387.59735107421875,0,0.0,0.0,0.0,0.0,0.008945082567699944,112955.5,388.67427215576174,0,14,4,2023,4,LUCK.KA
2023-04-17 00:00:00+05:00,390.36307822351733,390.36307822351733,381.61297546339125,382.5284729003906,57502,0.0,0.0,0.0,-0.013077690442877987,0.009097389955425248,113801.2,387.77179565429685,0,17,4,2023,0,LUCK.KA
2023-04-18 00:00:00+05:00,382.5284986998934,385.37130517969297,378.24015901881523,378.6930847167969,101026,0.0,0.0,0.0,-0.010026412294262044,0.009242305321995133,115957.7,386.78162841796876,0,18,4,2023,1,LUCK.KA
2023-04-19 00:00:00+05:00,378.693058904165,383.53066734589703,378.6159783137168,380.39874267578125,37401,0.0,0.0,0.0,0.004504064182370593,0.008669984873771684,111655.4,386.222216796875,0,19,4,2023,2,LUCK.KA
2023-04-20 00:00:00+05:00,380.6396514324415,387.3949812881227,378.7219593189856,386.1036682128906,210004,0.0,0.0,0.0,0.014997225009157678,0.009415123612001395,122155.6,385.9480514526367,0,20,4,2023,3,LUCK.KA
2023-04-21 00:00:00+05:00,386.1036682128906,386.1036682128906,386.1036682128906,386.1036682128906,0,0.0,0.0,0.0,0.0,0.009233269625859202,117459.35,385.84011993408205,0,21,4,2023,4,LUCK.KA
2023-04-24 00:00:00+05:00,386.1036682128906,386.1036682128906,386.1036682128906,386.1036682128906,0,0.0,0.0,0.0,0.0,0.00921302156419128,114947.7,385.6859329223633,0,24,4,2023,0,LUCK.KA
2023-04-25 00:00:00+05:00,386.1036682128906,386.1036682128906,386.1036682128906,386.1036682128906,0,0.0,0.0,0.0,0.0,0.009010591373829693,105527.85,385.69749603271487,0,25,4,2023,1,LUCK.KA
2023-04-26 00:00:00+05:00,388.358655661293,392.2133321442835,380.64930269531203,382.5380859375,168959,0.0,0.0,0.0,-0.009234779591435038,0.008918272987831054,107342.55,385.73893280029296,0,26,4,2023,2,LUCK.KA
2023-04-27 00:00:00+05:00,383.5403340544914,389.3127030380977,381.60334958976625,387.4239196777344,199552,0.0,0.0,0.0,0.012772149806366206,0.009306384564842837,113195.65,385.93262939453126,0,27,4,2023,3,LUCK.KA
2023-04-28 00:00:00+05:00,388.35865535829305,390.28599359828456,383.84869093483627,386.59515380859375,119995,0.0,0.0,0.0,-0.0021391706269194843,0.008979167082642313,72817.55,385.871435546875,0,28,4,2023,4,LUCK.KA
2023-05-01 00:00:00+05:00,386.59515380859375,386.59515380859375,386.59515380859375,386.59515380859375,0,0.0,0.0,0.0,0.0,0.00887055147928703,71070.15,385.9273284912109,0,1,5,2023,0,LUCK.KA
2023-05-02 00:00:00+05:00,400.88635190217394,415.5823059082031,400.88635190217394,415.5823059082031,769270,0.0,0.0,0.0,0.07498064011935623,0.018949142353406775,105736.45,387.3405471801758,0,2,5,2023,1,LUCK.KA
2023-05-03 00:00:00+05:00,428.88095021141055,446.74738476880833,428.83277851668987,441.6495666503906,2448615,0.0,0.0,0.0,0.06272466457690196,0.023083434670174045,225935.55,390.0094284057617,0,3,5,2023,2,LUCK.KA
2023-05-04 00:00:00+05:00,441.8326441272632,448.0001500043245,438.57543780576276,439.79931640625,588714,0.0,0.0,0.0,-0.004189408037176379,0.023065805245707397,250765.05,392.2509231567383,0,4,5,2023,3,LUCK.KA
2023-05-05 00:00:00+05:00,441.92902633561215,441.92902633561215,433.6800208694805,438.85491943359375,319493,0.0,0.0,0.0,-0.002147336154074142,0.02271295957347727,264083.9,394.70924224853513,0,5,5,2023,4,LUCK.KA
2023-05-08 00:00:00+05:00,438.75855659300976,441.341212291408,429.79644517245987,430.81793212890625,296957,0.0,0.0,0.0,-0.018313540418005148,0.023062302032559257,274654.25,396.97916412353516,0,8,5,2023,0,LUCK.KA
2023-05-09 00:00:00+05:00,430.7601060210381,436.9275826415831,424.25533931937815,427.0981750488281,764925,0.0,0.0,0.0,-0.008634174212983181,0.023225769724695946,311617.5,399.1040542602539,0,9,5,2023,1,LUCK.KA
2023-05-10 00:00:00+05:00,425.94176200877155,437.3034294606324,416.4014433568606,428.2063903808594,600790,0.0,0.0,0.0,0.002594755484273792,0.023173288896576043,337188.3,401.3195297241211,0,10,5,2023,2,LUCK.KA
2023-05-11 00:00:00+05:00,432.6874464012884,442.3241378578873,428.2063907557397,440.8689880371094,573903,0.0,0.0,0.0,0.029571248679842288,0.02377148047195489,362855.3,403.9831115722656,0,11,5,2023,3,LUCK.KA
2023-05-12 00:00:00+05:00,443.28779284386746,450.96823686579876,438.08398550529586,448.009765625,704003,0.0,0.0,0.0,0.016197051236658044,0.023806401219837344,398055.45,407.0037322998047,0,12,5,2023,4,LUCK.KA
2023-05-15 00:00:00+05:00,449.0698018664663,450.9971400719018,444.2514563528776,449.9563903808594,235186,0.0,0.0,0.0,0.004345049829759251,0.023326600511674626,406939.65,410.3751281738281,0,15,5,2023,0,LUCK.KA
2023-05-16 00:00:00+05:00,455.5745873127372,457.11646382316974,450.0334897409799,450.3996887207031,381577,0.0,0.0,0.0,0.0009852028981487404,0.022996403685721024,420967.2,413.96045837402346,0,16,5,2023,1,LUCK.KA
2023-05-17 00:00:00+05:00,451.9608318989829,452.8281282532667,444.2996503836377,448.8674621582031,176808,0.0,0.0,0.0,-0.003401926335366845,0.023144336987949356,427937.55,417.3838943481445,0,17,5,2023,2,LUCK.KA
2023-05-18 00:00:00+05:00,450.03349568304753,455.83477341280405,450.03349568304753,451.5946350097656,233493,0.0,0.0,0.0,0.006075675074441733,0.02309957651808844,429112.0,420.65844268798827,0,18,5,2023,3,LUCK.KA
2023-05-19 00:00:00+05:00,451.9608133690982,457.4922646592023,445.2151295874699,454.60125732421875,245236,0.0,0.0,0.0,0.006657790153747234,0.02302441270605205,441373.8,424.0833221435547,0,19,5,2023,4,LUCK.KA
2023-05-22 00:00:00+05:00,454.85181320682483,456.480416331396,450.9971368237161,454.1194152832031,166476,0.0,0.0,0.0,-0.001059922367684929,0.023046076768756432,449697.6,427.48410949707034,0,22,5,2023,0,LUCK.KA
2023-05-23 00:00:00+05:00,453.88816888623217,457.2610109055566,451.96083058947534,452.7221374511719,172517,0.0,0.0,0.0,-0.0030768951623877383,0.023115192910431466,458323.45,430.8150329589844,0,23,5,2023,1,LUCK.KA
2023-05-24 00:00:00+05:00,453.8881797987058,455.7673464467624,450.51533769829075,452.07647705078125,164001,0.0,0.0,0.0,-0.0014261736879617182,0.022869218060917695,458075.55,434.2919525146484,0,24,5,2023,2,LUCK.KA
2023-05-25 00:00:00+05:00,453.8399737752645,464.7775945179249,452.9244763680032,460.4989013671875,779713,0.0,0.0,0.0,0.018630529885898417,0.022962450033317715,487083.6,437.9457015991211,0,25,5,2023,3,LUCK.KA
2023-05-26 00:00:00+05:00,467.34098869234856,495.0368604135533,463.5345131467536,488.8693542480469,1641016,0.0,0.0,0.0,0.061608079403945526,0.025617547784686022,563134.65,443.0594116210938,0,26,5,2023,4,LUCK.KA
2023-05-29 00:00:00+05:00,494.3622810242017,505.19391301436815,491.95310811472706,494.7477722167969,1422158,0.0,0.0,0.0,0.01202451722054021,0.025459086591981085,634242.55,448.46704254150393,0,29,5,2023,0,LUCK.KA
2023-05-30 00:00:00+05:00,497.25323985717625,521.3449665944426,495.22955833832276,517.5095825195312,1645312,0.0,0.0,0.0,0.04600689802148361,0.022365453466253044,678044.65,453.5634063720703,0,30,5,2023,1,LUCK.KA
2023-05-31 00:00:00+05:00,517.7312467891022,519.4176677884152,494.3622700843358,497.10870361328125,1234159,0.0,0.0,0.0,-0.039421258263328984,0.02164554202134555,617321.85,456.3363632202148,0,31,5,2023,2,LUCK.KA
2023-06-01 00:00:00+05:00,496.28962967058595,505.4348408142664,492.4445990379505,497.85076904296875,674562,0.0,0.0,0.0,0.001492762899329092,0.021539703337738886,621614.25,459.23893585205076,0,1,6,2023,3,LUCK.KA
2023-06-02 00:00:00+05:00,498.2073121069029,502.7172767401136,495.3259507149376,496.8677978515625,397315,0.0,0.0,0.0,-0.0019744293923575906,0.021536111592027035,625505.35,462.1395797729492,0,2,6,2023,4,LUCK.KA
2023-06-05 00:00:00+05:00,499.08426400719594,499.08426400719594,489.44754333593994,493.3889465332031,256167,0.0,0.0,0.0,-0.007001563259687593,0.020993389769517347,623465.85,465.26813049316405,0,5,6,2023,0,LUCK.KA
2023-06-06 00:00:00+05:00,492.4252711474883,501.1079392753794,491.5772376217605,496.2510681152344,348203,0.0,0.0,0.0,0.005800943864149977,0.020672940175205247,602629.75,468.72577514648435,0,6,6,2023,1,LUCK.KA
2023-06-07 00:00:00+05:00,496.2703076479928,497.83144692657817,494.3622616003209,495.92340087890625,184830,0.0,0.0,0.0,-0.0006602852011434734,0.02072824701608225,581831.75,472.1116256713867,0,7,6,2023,2,LUCK.KA
2023-06-08 00:00:00+05:00,496.28961011504293,499.1806175526063,487.6262339046429,489.50537109375,251793,0.0,0.0,0.0,-0.012941574795183763,0.02053204617635577,565726.25,474.54344482421874,0,8,6,2023,3,LUCK.KA
2023-06-09 00:00:00+05:00,489.5342721266108,492.4349256198605,483.7619034465166,489.7366638183594,253503,0.0,0.0,0.0,0.00047250293514156105,0.020399209708523044,543201.25,476.6297897338867,0,9,6,2023,4,LUCK.KA
2023-06-12 00:00:00+05:00,491.3556426446197,519.0321930612456,488.58027072090755,507.0923767089844,1408856,0.0,0.0,0.0,0.03543886780970551,0.021527858144783994,601884.75,479.486589050293,0,12,6,2023,0,LUCK.KA
2023-06-13 00:00:00+05:00,509.6749772045785,512.6719740645359,491.5290711272869,492.68548583984375,782207,0.0,0.0,0.0,-0.028410781803980045,0.02286540262921925,621916.25,481.60087890625,0,13,6,2023,1,LUCK.KA
2023-06-14 00:00:00+05:00,495.229603398099,499.85520358898816,490.7966899844863,493.5431823730469,314140,0.0,0.0,0.0,0.0017408601589736783,0.02279781870072914,628782.85,483.8346649169922,0,14,6,2023,2,LUCK.KA
2023-06-15 00:00:00+05:00,492.43491349355446,501.10793545332353,483.6655187413519,492.916748046875,1049027,0.0,0.0,0.0,-0.0012692594053469453,0.022838681542695905,669559.55,485.90077056884763,0,15,6,2023,3,LUCK.KA
2023-06-16 00:00:00+05:00,497.22432977141324,499.1806063259955,491.5676261267315,492.68548583984375,391567,0.0,0.0,0.0,-0.00046917092581577613,0.022860992493187134,676876.1,487.8049819946289,0,16,6,2023,4,LUCK.KA
2023-06-19 00:00:00+05:00,495.3259381762113,498.2169455974732,491.953096184739,493.0613098144531,722738,0.0,0.0,0.0,0.0007628070755296701,0.022842229723225197,704689.2,489.75207672119143,0,19,6,2023,0,LUCK.KA
2023-06-20 00:00:00+05:00,493.39860353315566,496.7617994471888,493.15768624627424,494.06353759765625,272018,0.0,0.0,0.0,0.002032663612523633,0.022783096616251983,709664.25,491.81914672851565,0,20,6,2023,1,LUCK.KA
2023-06-21 00:00:00+05:00,495.3162756270093,497.6387511162154,493.3985835120806,494.1309814453125,948588,0.0,0.0,0.0,0.00013650844987300736,0.022763934941711823,748893.6,493.9218719482422,0,21,6,2023,2,LUCK.KA
2023-06-22 00:00:00+05:00,496.27998003742186,497.24364921439275,491.18219126561723,494.5164489746094,419280,0.0,0.0,0.0,0.0007800918051512618,0.022537817780205343,730871.95,495.6227493286133,0,22,6,2023,3,LUCK.KA
2023-06-23 00:00:00+05:00,496.0968503670467,496.2895959542573,491.18216139050014,494.1116943359375,367898,0.0,0.0,0.0,-0.0008184856934712048,0.017971827691112705,667216.05,495.88486633300784,0,23,6,2023,4,LUCK.KA
2023-06-26 00:00:00+05:00,496.2896075831754,512.074512817159,496.2896075831754,506.23468017578125,680316,0.0,0.0,0.0,0.024534909776091185,0.018594177042214242,630123.95,496.459211730957,0,26,6,2023,0,LUCK.KA
2023-06-27 00:00:00+05:00,504.9626219455097,507.6127120415978,500.14427631625864,503.1220397949219,650584,0.0,0.0,0.0,-0.00614861150914936,0.015374458424386945,580387.55,495.7398345947266,0,27,6,2023,1,LUCK.KA
2023-06-28 00:00:00+05:00,503.1220397949219,503.1220397949219,503.1220397949219,503.1220397949219,0,0.0,0.0,0.0,0.0,0.012484849441329918,518679.6,496.0405014038086,0,28,6,2023,2,LUCK.KA
2023-06-29 00:00:00+05:00,503.1220397949219,503.1220397949219,503.1220397949219,503.1220397949219,0,0.0,0.0,0.0,0.0,0.01248416498488701,484951.5,496.30406494140624,0,29,6,2023,3,LUCK.KA
2023-06-30 00:00:00+05:00,503.1220397949219,503.1220397949219,503.1220397949219,503.1220397949219,0,0.0,0.0,0.0,0.0,0.01247053230490465,465085.75,496.61677703857424,0,30,6,2023,4,LUCK.KA
2023-07-03 00:00:00+05:00,540.8593139648438,540.8593139648438,530.4998705347822,540.8593139648438,859865,0.0,0.0,0.0,0.07500620363461707,0.020622884607641945,495270.65,498.99029541015625,0,3,7,2023,0,LUCK.KA
2023-07-04 00:00:00+05:00,540.5798870689011,541.5820818467013,525.7778836892196,527.0307006835938,675892,0.0,0.0,0.0,-0.025567856416999546,0.02170705888976814,511655.1,500.5292770385742,0,4,7,2023,1,LUCK.KA
2023-07-05 00:00:00+05:00,530.0180115715267,532.9090189073714,517.4903131161998,523.1085205078125,395836,0.0,0.0,0.0,-0.007442033586836483,0.021823699374138653,522205.4,501.8885330200195,0,5,7,2023,2,LUCK.KA
2023-07-06 00:00:00+05:00,522.3086922423885,539.6547373722095,522.3086922423885,538.18994140625,1058917,0.0,0.0,0.0,0.028830386635257055,0.022223820860250862,562561.6,504.32276153564453,0,6,7,2023,3,LUCK.KA
2023-07-07 00:00:00+05:00,539.6065210608887,540.13652729916,533.4871870221017,535.906005859375,309988,0.0,0.0,0.0,-0.004243735103832025,0.022299065595419488,565385.85,506.6312286376953,0,7,7,2023,4,LUCK.KA
2023-07-10 00:00:00+05:00,536.7637089802805,544.4537698671683,534.8267246052653,537.0431518554688,395488,0.0,0.0,0.0,0.0021219131408505287,0.021097470769906247,514717.45,508.1287673950195,0,10,7,2023,0,LUCK.KA
2023-07-11 00:00:00+05:00,543.316614793799,552.1823820811536,540.1365185977079,546.8822021484375,1221868,0.0,0.0,0.0,0.018320781596367297,0.01998485289504329,536700.5,510.8386032104492,0,11,7,2023,1,LUCK.KA
2023-07-12 00:00:00+05:00,551.2187133264322,559.8820889379871,547.3640370094641,557.6271362304688,1069596,0.0,0.0,0.0,0.01964762071213788,0.020211400986735836,574473.3,514.0428009033203,0,12,7,2023,2,LUCK.KA
2023-07-13 00:00:00+05:00,557.0007686693398,567.6011293187563,552.182422919605,560.7301635742188,948748,0.0,0.0,0.0,0.0055646993163323,0.02013412780704096,569459.35,517.4334716796875,0,13,7,2023,3,LUCK.KA
2023-07-14 00:00:00+05:00,559.8917277628906,566.6374112299134,554.2157028436783,558.658203125,269911,0.0,0.0,0.0,-0.0036951114525596296,0.020206972556459517,563376.55,520.7321075439453,0,14,7,2023,4,LUCK.KA
2023-07-17 00:00:00+05:00,557.9644123462086,562.7827578759686,557.097086623774,560.2097778320312,357194,0.0,0.0,0.0,0.002777323770334128,0.02018192102215097,545099.35,524.0895309448242,0,17,7,2023,0,LUCK.KA
2023-07-18 00:00:00+05:00,561.7997790719527,564.276415655251,557.1934714741424,561.2794189453125,505087,0.0,0.0,0.0,0.0019093581647586788,0.02018340587178015,556752.8,527.450325012207,0,18,7,2023,1,LUCK.KA
2023-07-19 00:00:00+05:00,561.2409428950687,561.2409428950687,557.9644442205803,560.508544921875,685888,0.0,0.0,0.0,-0.001373422928790169,0.02021160316185191,543617.8,530.7692031860352,0,19,7,2023,2,LUCK.KA
2023-07-20 00:00:00+05:00,561.0481443936527,566.6374132368725,560.1904648049901,562.0985107421875,268563,0.0,0.0,0.0,0.002836648673276043,0.020186131907870532,536081.95,534.148306274414,0,20,7,2023,3,LUCK.KA
2023-07-21 00:00:00+05:00,563.2645903561483,563.7464249073512,560.0170301864566,561.83837890625,597692,0.0,0.0,0.0,-0.00046278691540035943,0.020179395354348425,547571.65,537.5346405029297,0,21,7,2023,4,LUCK.KA
2023-07-24 00:00:00+05:00,563.7464450254856,564.2282795938835,557.0007610679157,561.7709350585938,349531,0.0,0.0,0.0,-0.00012004136810228605,0.01977714793821057,531032.4,540.3114532470703,0,24,7,2023,0,LUCK.KA
2023-07-25 00:00:00+05:00,561.8287630458899,563.8332113557415,559.9881220233102,561.7323608398438,190985,0.0,0.0,0.0,-6.866538715810666e-05,0.01963654906464504,508052.45,543.2419692993165,0,25,7,2023,1,LUCK.KA
2023-07-26 00:00:00+05:00,561.8383865606872,564.7004556013316,561.8190943567141,562.8212890625,563427,0.0,0.0,0.0,0.0019385178753601462,0.01961169089667663,536223.8,546.2269317626954,0,26,7,2023,2,LUCK.KA
2023-07-27 00:00:00+05:00,562.8212890625,562.8212890625,562.8212890625,562.8212890625,0,0.0,0.0,0.0,0.0,0.01961169089667663,536223.8,549.2118942260743,0,27,7,2023,3,LUCK.KA
2023-07-28 00:00:00+05:00,562.8212890625,562.8212890625,562.8212890625,562.8212890625,0,0.0,0.0,0.0,0.0,0.01961169089667663,536223.8,552.1968566894532,0,28,7,2023,4,LUCK.KA
2023-07-31 00:00:00+05:00,562.782800019787,572.5158351916799,562.782800019787,567.1578369140625,425780,0.0,0.0,0.0,0.00770501744663199,0.010991077763286295,514519.55,553.5117828369141,0,31,7,2023,0,LUCK.KA
2023-08-01 00:00:00+05:00,577.7100161187129,580.1288351244989,570.4824974086902,570.8390502929688,226478,0.0,0.0,0.0,0.006490633011325242,0.008814585495520479,492048.85,555.7022003173828,0,1,8,2023,1,LUCK.KA
2023-08-02 00:00:00+05:00,569.5284876038472,573.286820947602,564.237953195821,571.0029296875,550226,0.0,0.0,0.0,0.0002870851152301235,0.008446582479636379,499768.35,558.0969207763671,0,2,8,2023,2,LUCK.KA
2023-08-03 00:00:00+05:00,572.9013087123348,581.0924964735708,571.465451092079,577.5558471679688,1444559,0.0,0.0,0.0,0.011476153868518857,0.006466631523006289,519050.45,560.0652160644531,0,3,8,2023,3,LUCK.KA
2023-08-04 00:00:00+05:00,578.2207378627056,586.8648212428229,578.2014456595219,581.5453491210938,397121,0.0,0.0,0.0,0.00690756049425767,0.00623537275684525,523407.1,562.3471832275391,0,4,8,2023,4,LUCK.KA
2023-08-07 00:00:00+05:00,582.8270725795713,587.3563292115175,578.2014725626095,585.5157470703125,368184,0.0,0.0,0.0,0.0068273230199833446,0.006245049102664197,522041.9,564.7708129882812,0,7,8,2023,0,LUCK.KA
2023-08-08 00:00:00+05:00,593.1383468422626,599.7876873363784,580.1288136458849,580.4371948242188,688322,0.0,0.0,0.0,-0.008673639046438586,0.005977700314306181,495364.6,566.4485626220703,0,8,8,2023,1,LUCK.KA
2023-08-09 00:00:00+05:00,580.1288006065371,587.2599755031969,580.1288006065371,585.9493408203125,355816,0.0,0.0,0.0,0.009496541650407364,0.004805745264232434,459675.6,567.8646728515625,0,9,8,2023,2,LUCK.KA
2023-08-10 00:00:00+05:00,585.9108298523871,595.9233662090393,583.0198224682471,588.9464111328125,325885,0.0,0.0,0.0,0.005114896636463806,0.004791636337488418,428532.45,569.2754852294922,0,10,8,2023,3,LUCK.KA
2023-08-11 00:00:00+05:00,592.2036494427437,598.4385608051098,589.0042607068855,593.2925415039062,432893,0.0,0.0,0.0,0.007379500560558805,0.0046804605521571715,436681.55,571.0072021484375,0,11,8,2023,4,LUCK.KA
2023-08-14 00:00:00+05:00,593.2925415039062,593.2925415039062,593.2925415039062,593.2925415039062,0,0.0,0.0,0.0,0.0,0.004729062847798286,418821.85,572.6613403320313,0,14,8,2023,0,LUCK.KA
2023-08-15 00:00:00+05:00,594.5645735091776,603.7194304367005,590.4882718252175,600.45263671875,568715,0.0,0.0,0.0,0.012068405911009661,0.005146123799181368,422003.25,574.6200012207031,0,15,8,2023,1,LUCK.KA
2023-08-16 00:00:00+05:00,599.4021775183297,607.5162548350737,597.4748393269524,603.80615234375,375037,0.0,0.0,0.0,0.005584979430393933,0.005041174127737716,406460.7,576.7848815917969,0,16,8,2023,2,LUCK.KA
2023-08-17 00:00:00+05:00,598.4867122282141,605.1842245661721,596.5208483418924,601.0596923828125,189029,0.0,0.0,0.0,-0.004548578960775318,0.005370503984006074,402484.0,578.7329406738281,0,17,8,2023,3,LUCK.KA
2023-08-18 00:00:00+05:00,600.7513974294318,604.2012907858058,590.9701316099091,591.6543579101562,242180,0.0,0.0,0.0,-0.01564792081693278,0.0068189750682476295,384708.4,580.2237396240234,0,18,8,2023,4,LUCK.KA
2023-08-21 00:00:00+05:00,592.6564980028778,594.5356645161819,583.2607242540516,583.7232666015625,1269644,0.0,0.0,0.0,-0.013404940236742213,0.007690371160661534,430714.05,581.3213562011719,0,21,8,2023,0,LUCK.KA
2023-08-22 00:00:00+05:00,585.8144583082238,586.7298968817091,579.6469526581012,580.7262573242188,266037,0.0,0.0,0.0,-0.005134298132045245,0.007842158658934848,434466.65,582.2710510253906,0,22,8,2023,1,LUCK.KA
2023-08-23 00:00:00+05:00,580.7262794616666,583.9834857874811,577.2378019582528,579.0302124023438,1091219,0.0,0.0,0.0,-0.0029205583534138713,0.007909146017128804,460856.25,583.0814971923828,0,23,8,2023,2,LUCK.KA
2023-08-24 00:00:00+05:00,581.0732414913997,582.4416941185026,578.2111721698648,578.84716796875,98546,0.0,0.0,0.0,-0.0003161224227563597,0.007912512321215336,465783.55,583.8827911376953,0,24,8,2023,3,LUCK.KA
2023-08-25 00:00:00+05:00,582.0465160455517,582.0465160455517,576.3801367814785,578.3749389648438,246217,0.0,0.0,0.0,-0.000815809474482454,0.007922393860105808,478094.4,584.6604736328125,0,25,8,2023,4,LUCK.KA
2023-08-28 00:00:00+05:00,570.6945455061202,578.0762255353535,566.6471231919425,568.7767944335938,184495,0.0,0.0,0.0,-0.01659502147245251,0.008726138474746712,466030.15,584.741421508789,0,28,8,2023,0,LUCK.KA
2023-08-29 00:00:00+05:00,570.0006431417446,570.0006431417446,561.7227582696717,563.8139038085938,519740,0.0,0.0,0.0,-0.00872555046825041,0.008809791981953561,480693.25,584.3901641845703,0,29,8,2023,1,LUCK.KA
2023-08-30 00:00:00+05:00,566.5796177201763,566.5796177201763,557.9644135417973,559.390625,717026,0.0,0.0,0.0,-0.007845281534765713,0.008954062432416143,489033.25,583.8095489501953,0,30,8,2023,2,LUCK.KA
2023-08-31 00:00:00+05:00,559.8918196902969,559.8918196902969,530.9913890451704,539.9246215820312,584526,0.0,0.0,0.0,-0.03479858715538675,0.011248404199241183,446031.6,581.9279876708985,0,31,8,2023,3,LUCK.KA
2023-09-01 00:00:00+05:00,534.836368179621,537.7273755751866,525.7008036312967,535.0291137695312,103922,0.0,0.0,0.0,-0.0090670208707202,0.011050684614846342,431371.65,579.6021759033204,0,1,9,2023,4,LUCK.KA
2023-09-04 00:00:00+05:00,539.5583692145157,542.5457199893324,535.8000360818273,539.8956298828125,92751,0.0,0.0,0.0,0.009095796823082036,0.011179646129103405,417600.0,577.3211700439454,0,4,9,2023,0,LUCK.KA
2023-09-05 00:00:00+05:00,542.7770010644268,547.6531645966078,533.3908729814208,535.2025756835938,170408,0.0,0.0,0.0,-0.00869252118272823,0.011180063471128808,391704.3,575.059439086914,0,5,9,2023,1,LUCK.KA
2023-09-06 00:00:00+05:00,535.2025692735989,537.7273777036376,531.0876832426269,533.4005126953125,202435,0.0,0.0,0.0,-0.00336706710721546,0.010724163776946804,384035.25,572.431997680664,0,6,9,2023,2,LUCK.KA
2023-09-07 00:00:00+05:00,533.3908975694752,537.6021272315002,517.4903559075125,518.9069213867188,396368,0.0,0.0,0.0,-0.02717206107537573,0.011576041387926585,387559.4,568.9300231933594,0,7,9,2023,3,LUCK.KA
2023-09-08 00:00:00+05:00,520.3813700832216,527.5125457188497,515.6593674572381,523.9566040039062,101036,0.0,0.0,0.0,0.009731384202185556,0.011732627801533748,370966.55,565.4632263183594,0,8,9,2023,4,LUCK.KA
2023-09-11 00:00:00+05:00,525.1996612024283,527.0691816151962,519.6296255538799,522.1062622070312,92726,0.0,0.0,0.0,-0.0035314791010081503,0.011661900884544364,375602.85,561.9039123535156,0,11,9,2023,0,LUCK.KA
2023-09-12 00:00:00+05:00,524.2359877713963,524.2359877713963,511.32279836906747,512.5948486328125,178908,0.0,0.0,0.0,-0.01821739033355474,0.011103468917891969,356112.5,557.5110229492187,0,12,9,2023,1,LUCK.KA
2023-09-13 00:00:00+05:00,512.6816683025493,527.9847401367797,512.6816683025493,525.1515502929688,861488,0.0,0.0,0.0,0.024496347736711277,0.012955798703249302,380435.05,553.5782928466797,0,13,9,2023,2,LUCK.KA
2023-09-14 00:00:00+05:00,518.773353448009,532.1774608347779,518.773353448009,522.919189453125,69164,18.0,0.0,0.0,-0.004250888793146279,0.012958781376125742,374441.8,549.6712677001954,0,14,9,2023,3,LUCK.KA
2023-09-15 00:00:00+05:00,536.0641444503517,546.129648309257,534.1706049156237,541.69482421875,472615,0.0,0.0,0.0,0.03590542314054446,0.015909825606919,385963.55,547.173291015625,0,15,9,2023,4,LUCK.KA
2023-09-18 00:00:00+05:00,540.150141147052,542.9405725152847,534.2702536562274,537.7782592773438,65193,0.0,0.0,0.0,-0.007230205581260307,0.015782863980081545,325741.0,544.8760406494141,0,18,9,2023,0,LUCK.KA
2023-09-19 00:00:00+05:00,541.8343954642895,541.8343954642895,533.1740518893126,535.3067626953125,42243,0.0,0.0,0.0,-0.004595753992272633,0.015781236912166936,314551.3,542.6050659179688,0,19,9,2023,1,LUCK.KA
2023-09-20 00:00:00+05:00,537.8978165317872,538.0971460819194,533.1740042451615,534.0808715820312,38215,0.0,0.0,0.0,-0.002290072158081413,0.01578402180193752,261901.1,540.3575988769531,0,20,9,2023,2,LUCK.KA
2023-09-21 00:00:00+05:00,535.8448729655577,557.0921143952002,533.2238443769428,548.2025756835938,480606,0.0,0.0,0.0,0.02644113439174811,0.017177507469555407,281004.1,538.8253692626953,0,21,9,2023,3,LUCK.KA
2023-09-22 00:00:00+05:00,560.0818600231756,560.0818600231756,547.3255593623929,548.7506713867188,182247,0.0,0.0,0.0,0.000999805049149094,0.01719209215746681,277805.6,537.3441558837891,0,22,9,2023,4,LUCK.KA
2023-09-25 00:00:00+05:00,547.1262757503033,556.0855833567973,544.1464902831569,554.18212890625,185224,0.0,0.0,0.0,0.009897860363078381,0.017067922169353364,277842.05,536.6144226074218,0,25,9,2023,0,LUCK.KA
2023-09-26 00:00:00+05:00,554.4711042104706,559.3344536356235,550.1160238875085,557.2615356445312,96699,0.0,0.0,0.0,0.005556669148387927,0.01703350477111656,256690.0,536.2868041992188,0,26,9,2023,1,LUCK.KA
2023-09-27 00:00:00+05:00,559.9822770992704,563.0716725649062,552.2088495953053,558.6567993164062,264545,0.0,0.0,0.0,0.0025037860728378547,0.016953925977728632,234065.95,536.250112915039,0,27,9,2023,2,LUCK.KA
2023-09-28 00:00:00+05:00,558.6567993164062,558.6567993164062,558.6567993164062,558.6567993164062,0,0.0,0.0,0.0,0.0,0.01484102281960434,204839.65,537.1867218017578,0,28,9,2023,3,LUCK.KA
2023-09-29 00:00:00+05:00,558.6567993164062,558.6567993164062,558.6567993164062,558.6567993164062,0,0.0,0.0,0.0,0.0,0.014628211240292557,199643.55,538.3681060791016,0,29,9,2023,4,LUCK.KA
2023-10-02 00:00:00+05:00,564.068242673829,565.0448784704058,559.5836011684717,562.483642578125,355778,0.0,0.0,0.0,0.006850079094000927,0.014581555402779832,212794.9,539.4975067138672,0,2,10,2023,0,LUCK.KA
2023-10-03 00:00:00+05:00,563.1214679839637,568.0346345580922,562.2146005845397,565.921875,107305,0.0,0.0,0.0,0.006112590947740193,0.014376413072427749,209639.75,541.0334716796875,0,3,10,2023,1,LUCK.KA
2023-10-04 00:00:00+05:00,564.0682331061239,569.4498271520076,563.3207928679091,567.8452758789062,131821,0.0,0.0,0.0,0.0033987038916039047,0.014300783451237468,206109.05,542.7557098388672,0,4,10,2023,2,LUCK.KA
2023-10-05 00:00:00+05:00,569.0312042832119,583.9700331161552,569.0312042832119,579.7644653320312,543549,0.0,0.0,0.0,0.020990206240030007,0.012898116085988395,213468.1,545.7985870361329,0,5,10,2023,3,LUCK.KA
2023-10-06 00:00:00+05:00,581.9968230776842,581.9968230776842,574.6320306671806,578.1998291015625,74338,0.0,0.0,0.0,-0.0026987446179073116,0.012989665684608652,212133.2,548.5107482910156,0,6,10,2023,4,LUCK.KA
2023-10-09 00:00:00+05:00,579.9139654905258,579.9139654905258,569.1507778626926,578.2994995117188,152817,0.0,0.0,0.0,0.00017238055969537314,0.012887377556540475,215137.75,551.32041015625,0,9,10,2023,0,LUCK.KA
2023-10-10 00:00:00+05:00,581.0102209851008,586.9897429849475,578.219789550541,580.7510986328125,127858,0.0,0.0,0.0,0.004239324300234992,0.011659296873181561,212585.25,554.72822265625,0,10,10,2023,1,LUCK.KA
2023-10-11 00:00:00+05:00,581.0002488840391,581.0102244863939,576.0272894564935,579.0768432617188,94306,0.0,0.0,0.0,-0.002882913824933331,0.01100226713598517,174226.15,557.4244873046875,0,11,10,2023,2,LUCK.KA
2023-10-12 00:00:00+05:00,579.0170379548154,588.2254919586694,578.6183788303057,583.0831298828125,252443,0.0,0.0,0.0,0.006918402398078838,0.010791797608678096,183390.1,560.4326843261719,0,12,10,2023,3,LUCK.KA
2023-10-13 00:00:00+05:00,583.1029938517529,591.9726419422292,581.2693079464772,590.41796875,230267,0.0,0.0,0.0,0.012579405047547176,0.008309447524822846,171272.7,562.8688415527344,0,13,10,2023,4,LUCK.KA
2023-10-16 00:00:00+05:00,590.4279752044707,594.2149936063207,583.2625123034231,585.7041625976562,147814,0.0,0.0,0.0,-0.007983846024069319,0.008366231713635578,175403.75,565.26513671875,0,16,10,2023,0,LUCK.KA
2023-10-17 00:00:00+05:00,585.7439735716249,592.9692288815259,583.0033594885591,590.41796875,355337,0.0,0.0,0.0,0.00804810082181695,0.008132258759743095,191058.45,568.0206970214844,0,17,10,2023,1,LUCK.KA
2023-10-18 00:00:00+05:00,587.9863037816439,595.8593650613207,587.9863037816439,593.8960571289062,584167,0.0,0.0,0.0,0.005890891813929544,0.00795308482778206,218356.05,571.0114562988281,0,18,10,2023,2,LUCK.KA
2023-10-19 00:00:00+05:00,596.9555799184355,597.8425568977242,583.0033626916273,594.2149658203125,140611,0.0,0.0,0.0,0.0005369772834458164,0.006268741272559805,201356.3,573.3120758056641,0,19,10,2023,3,LUCK.KA
2023-10-20 00:00:00+05:00,594.2149823837564,607.8981020522974,594.2149823837564,603.1842651367188,501836,0.0,0.0,0.0,0.015094367917886764,0.0066854279388271695,217335.75,576.0337554931641,0,20,10,2023,4,LUCK.KA
2023-10-23 00:00:00+05:00,605.9149207191465,607.6689235723719,601.9485239216322,605.16748046875,325149,0.0,0.0,0.0,0.003287909593566285,0.0065806929720019424,224332.0,578.5830230712891,0,23,10,2023,0,LUCK.KA
2023-10-24 00:00:00+05:00,602.4368073708557,607.8682183785251,599.1480826225367,607.2603149414062,179869,0.0,0.0,0.0,0.0034582731891594776,0.00657852401033044,228490.5,581.0829620361328,0,24,10,2023,1,LUCK.KA
2023-10-25 00:00:00+05:00,604.9283255600166,613.0006561502606,602.0381988501615,604.3702392578125,231056,0.0,0.0,0.0,-0.004759203940195911,0.006878044853412853,226816.05,583.3686340332031,0,25,10,2023,2,LUCK.KA
2023-10-26 00:00:00+05:00,607.8184082873121,611.1071330739962,604.9482329902828,607.2802124023438,133758,0.0,0.0,0.0,0.004814884909132511,0.0068160303251693635,233503.95,585.7998046875,0,26,10,2023,3,LUCK.KA
2023-10-27 00:00:00+05:00,606.9214861742026,611.8047868304797,604.9283121637783,610.4793090820312,165113,0.0,0.0,0.0,0.005267908643082908,0.006746477807493095,241759.6,588.3909301757812,0,27,10,2023,4,LUCK.KA
2023-10-30 00:00:00+05:00,614.4058378241494,633.3310145048317,614.4058378241494,630.6103515625,834181,0.0,0.0,0.0,0.03297579816544394,0.009284226518812989,265679.75,591.797265625,0,30,10,2023,0,LUCK.KA
2023-10-31 00:00:00+05:00,632.533794934923,633.9289802694092,619.8771275920318,632.3145141601562,282880,0.0,0.0,0.0,0.002702401876901961,0.009308944888140004,274458.5,595.1168975830078,0,31,10,2023,1,LUCK.KA
2023-11-01 00:00:00+05:00,633.829323296547,636.9187186233876,624.8600404197092,635.872314453125,144422,0.0,0.0,0.0,0.0056266307562056195,0.00929450333356272,275088.55,598.5182495117188,0,1,11,2023,2,LUCK.KA
2023-11-02 00:00:00+05:00,636.3108212410384,658.146076382906,636.3108212410384,654.7476806640625,1100811,0.0,0.0,0.0,0.02968420826305529,0.010205256411875557,302951.65,602.2674102783203,0,2,11,2023,3,LUCK.KA
2023-11-03 00:00:00+05:00,659.7405510529012,673.3938042294847,658.7439641177759,662.3815307617188,571900,0.0,0.0,0.0,0.011659224344122698,0.010054012446052163,327829.75,606.4764953613281,0,3,11,2023,4,LUCK.KA
2023-11-06 00:00:00+05:00,667.7132725171828,695.1194142996044,663.2485823386721,690.6547241210938,2021377,0.0,0.0,0.0,0.0426841511218794,0.012707862747978318,421257.75,612.0942565917969,0,6,11,2023,0,LUCK.KA
2023-11-07 00:00:00+05:00,694.6211113510981,718.8381623217869,694.6211113510981,716.7254028320312,2462291,0.0,0.0,0.0,0.037747774394961686,0.014172734858320163,537979.4,618.8929718017578,0,7,11,2023,1,LUCK.KA
2023-11-08 00:00:00+05:00,719.5358160799545,727.5085121030012,710.5665330540271,715.968017578125,963437,0.0,0.0,0.0,-0.0010567300264697765,0.014086459933123683,581435.95,625.7375305175781,0,8,11,2023,2,LUCK.KA
2023-11-09 00:00:00+05:00,715.968017578125,715.968017578125,715.968017578125,715.968017578125,0,0.0,0.0,0.0,0.0,0.01426949208610024,568813.8,632.3817749023438,0,9,11,2023,3,LUCK.KA
2023-11-10 00:00:00+05:00,712.559711664258,724.409145803523,712.559711664258,718.0010986328125,471517,0.0,0.0,0.0,0.002839625520654865,0.014357591718709017,580876.3,638.7609313964844,0,10,11,2023,4,LUCK.KA
2023-11-13 00:00:00+05:00,722.4259429120597,739.965849836711,715.6890050384904,737.9427490234375,3361343,0.0,0.0,0.0,0.027773843840346535,0.014235838788722642,741552.75,646.3728607177734,0,13,11,2023,0,LUCK.KA
2023-11-14 00:00:00+05:00,737.474385637977,739.9658531570242,725.017048042741,728.0167846679688,676734,0.0,0.0,0.0,-0.013450859661680248,0.015299187675932097,757622.6,653.2528015136719,0,14,11,2023,1,LUCK.KA
2023-11-15 00:00:00+05:00,730.4982474982273,732.4914214341024,715.549442979164,717.5824584960938,322895,0.0,0.0,0.0,-0.01433253517174582,0.016267205511521825,744559.0,659.4371215820313,0,15,11,2023,2,LUCK.KA
2023-11-16 00:00:00+05:00,721.528999721813,727.0002527084029,712.5597165760998,714.5628662109375,1148854,0.0,0.0,0.0,-0.004208007385638535,0.016440446997719658,794971.15,665.4545166015625,0,16,11,2023,3,LUCK.KA
2023-11-17 00:00:00+05:00,719.5158502914106,719.5158502914106,693.7939427014887,695.8070678710938,1488809,0.0,0.0,0.0,-0.026247933144495472,0.018191352468082178,844319.8,670.0856567382813,0,17,11,2023,4,LUCK.KA
2023-11-20 00:00:00+05:00,694.6211003500257,701.5972089618624,675.6859484036119,679.4031982421875,198775,0.0,0.0,0.0,-0.023575313310765678,0.019452969935478327,838001.1,673.7974426269532,0,20,11,2023,0,LUCK.KA
2023-11-21 00:00:00+05:00,681.6654954203991,697.6108871261395,674.7890209165618,689.0701293945312,287561,0.0,0.0,0.0,0.01422856291721164,0.01952841116840537,843385.7,677.8879333496094,0,21,11,2023,1,LUCK.KA
2023-11-22 00:00:00+05:00,692.6279277326328,718.539188338458,677.6990747404808,713.8353271484375,622942,0.0,0.0,0.0,0.0359400251113291,0.02039274657629385,862980.0,683.3611877441406,0,22,11,2023,2,LUCK.KA
2023-11-23 00:00:00+05:00,715.9481140562785,729.5016727158915,715.9481140562785,724.5187377929688,740312,0.0,0.0,0.0,0.014966211727301726,0.02042110310193656,893307.7,689.2231140136719,0,23,11,2023,3,LUCK.KA
2023-11-24 00:00:00+05:00,725.6149836468052,729.4817461437079,713.5563050568888,715.2405395507812,616218,0.0,0.0,0.0,-0.012806015577251695,0.02098979964388291,915862.95,694.4611755371094,0,24,11,2023,4,LUCK.KA
2023-11-27 00:00:00+05:00,712.6593350133076,732.491440522826,712.6593350133076,727.5682983398438,787142,0.0,0.0,0.0,0.017235822226750575,0.020293821247352902,913511.0,699.3090728759765,0,27,11,2023,0,LUCK.KA
2023-11-28 00:00:00+05:00,728.5548710280963,771.3582923079698,728.5548710280963,758.691650390625,1211459,0.0,0.0,0.0,0.04277722396893613,0.02173583685260827,959939.95,705.6279296875,0,28,11,2023,1,LUCK.KA
2023-11-29 00:00:00+05:00,767.3719809990566,792.2866557068182,743.4638688817835,753.9080810546875,1012419,0.0,0.0,0.0,-0.006305024358017608,0.022006175365791032,1003339.8,711.5297180175781,0,29,11,2023,2,LUCK.KA
2023-11-30 00:00:00+05:00,757.4061089447086,787.3037185083156,757.4061089447086,784.2940063476562,1703620,0.0,0.0,0.0,0.040304549130790734,0.022655757495400254,1033480.25,718.0070343017578,0,30,11,2023,3,LUCK.KA
2023-12-01 00:00:00+05:00,787.3036857038372,818.1978809656334,775.3446423766903,815.6864624023438,1087043,0.0,0.0,0.0,0.040026387809436015,0.023675657605370257,1059237.4,725.6722808837891,0,1,12,2023,4,LUCK.KA
2023-12-04 00:00:00+05:00,818.1979259678739,827.1672089565594,797.2695989942741,811.6005249023438,901765,0.0,0.0,0.0,-0.005009201069693048,0.022667902895481998,1003256.8,731.7195709228515,0,4,12,2023,0,LUCK.KA
2023-12-05 00:00:00+05:00,812.2183575553757,812.2183575553757,794.6784517106827,800.6978149414062,685811,0.0,0.0,0.0,-0.013433591559405822,0.022054222472811802,914432.8,735.9181915283203,0,5,12,2023,1,LUCK.KA
2023-12-06 00:00:00+05:00,802.2525076929647,812.2183773537469,802.0531781343808,806.1392211914062,397787,0.0,0.0,0.0,0.006795830022838567,0.021995862173792752,886150.3,740.4267517089844,0,6,12,2023,2,LUCK.KA
2023-12-07 00:00:00+05:00,810.2252366561909,814.1119503140613,788.4498348849139,795.1170043945312,487629,0.0,0.0,0.0,-0.013672845219694252,0.022406562599335038,910531.75,744.3842010498047,0,7,12,2023,3,LUCK.KA
2023-12-08 00:00:00+05:00,797.2695970818723,797.3692314507704,789.2969011110536,791.3897094726562,433520,0.0,0.0,0.0,-0.0046877313669241305,0.022516415968686632,908631.9,748.0536315917968,0,8,12,2023,4,LUCK.KA
2023-12-11 00:00:00+05:00,795.1767589243331,795.1767589243331,781.3241758633661,784.5730590820312,392034,0.0,0.0,0.0,-0.00861351911584407,0.02205460732960772,760166.45,750.3851470947266,0,11,12,2023,0,LUCK.KA
2023-12-12 00:00:00+05:00,784.3139751157732,807.2354762945062,783.4170224780419,805.2223510742188,521519,0.0,0.0,0.0,0.02631914485611797,0.022257093186690224,752405.7,754.2454254150391,0,12,12,2023,1,LUCK.KA
2023-12-13 00:00:00+05:00,809.2286040000354,822.1543075542364,798.2661475419069,804.6741943359375,565497,0.0,0.0,0.0,-0.0006807520153283564,0.02182900883950802,764535.8,758.6000122070312,0,13,12,2023,2,LUCK.KA
2023-12-14 00:00:00+05:00,807.2354815947251,812.2383678711739,794.2798504086369,810.035888671875,201792,0.0,0.0,0.0,0.00666318663339549,0.02169724290148677,717182.7,763.3736633300781,0,14,12,2023,3,LUCK.KA
2023-12-15 00:00:00+05:00,802.2624750889323,820.1412475105751,800.3888867457221,807.2952270507812,408502,0.0,0.0,0.0,-0.0033833829579913433,0.020446640309427968,663167.35,768.9480712890625,0,15,12,2023,4,LUCK.KA
2023-12-18 00:00:00+05:00,812.2184132130614,814.1019772605501,792.436185393763,794.6187133789062,334800,0.0,0.0,0.0,-0.015702450909049648,0.019881734618495364,669968.6,774.7088470458984,0,18,12,2023,0,LUCK.KA
2023-12-19 00:00:00+05:00,794.2798276476525,795.286390235561,777.3278732876456,780.3375854492188,408098,0.0,0.0,0.0,-0.01797230255119564,0.020644106949407368,675995.45,779.2722198486329,0,19,12,2023,1,LUCK.KA
2023-12-20 00:00:00+05:00,787.293724202139,787.293724202139,745.4968645921263,764.8804931640625,494419,0.0,0.0,0.0,-0.01980821195003446,0.020210098395195043,669569.3,781.8244781494141,0,20,12,2023,2,LUCK.KA
2023-12-21 00:00:00+05:00,768.3685387841089,774.3480604867088,749.4333867258753,770.5809326171875,352825,0.0,0.0,0.0,0.0074527190901994,0.020057948779452637,650194.95,784.127587890625,0,21,12,2023,3,LUCK.KA
2023-12-22 00:00:00+05:00,773.3515060135124,774.348093005798,758.5023354977221,761.6615600585938,86342,0.0,0.0,0.0,-0.011574867974347813,0.02000782560910869,623701.15,786.4486389160156,0,22,12,2023,4,LUCK.KA
2023-12-25 00:00:00+05:00,761.6615600585938,761.6615600585938,761.6615600585938,761.6615600585938,0,0.0,0.0,0.0,0.0,0.019747135322862704,584344.05,788.1533020019531,0,25,12,2023,0,LUCK.KA
2023-12-26 00:00:00+05:00,761.392464713615,781.324204627584,727.5085068598678,741.0421752929688,337223,0.0,0.0,0.0,-0.02707158382003516,0.018373024381103654,540632.25,787.2708282470703,0,26,12,2023,1,LUCK.KA
2023-12-27 00:00:00+05:00,735.5011568486244,761.3924676315037,729.0033901471793,758.5621337890625,362552,0.0,0.0,0.0,0.023642323042095903,0.01912439909458443,508138.9,787.503530883789,0,27,12,2023,2,LUCK.KA
2023-12-28 00:00:00+05:00,760.3958445822493,795.1568023435851,756.3098624086772,780.6863403320312,548039,0.0,0.0,0.0,0.02916597804909804,0.018034747735106268,450359.85,787.3231475830078,0,28,12,2023,3,LUCK.KA
2023-12-29 00:00:00+05:00,782.3207835810477,789.1972581114143,770.3717153577543,784.2940063476562,299457,0.0,0.0,0.0,0.0046211465850556355,0.01544240139804208,410980.55,785.7535247802734,0,29,12,2023,4,LUCK.KA
2024-01-01 00:00:00+05:00,787.4133449537275,810.2252361265066,787.4133449537275,807.9131469726562,336708,0.0,0.0,0.0,0.030115161449455474,0.016984229811008267,382727.7,785.5691558837891,0,1,1,2024,0,LUCK.KA
2024-01-02 00:00:00+05:00,810.2152295712583,815.1782132084683,792.4162009170632,797.38916015625,367894,0.0,0.0,0.0,-0.013026136356167561,0.016967619501659897,366831.85,785.4037231445312,0,2,1,2024,1,LUCK.KA
2024-01-03 00:00:00+05:00,799.2627273121612,809.0990355614392,791.2900317778752,800.6978149414062,454598,0.0,0.0,0.0,0.004149360124870327,0.01692150681628389,369672.4,785.1316528320312,0,3,1,2024,2,LUCK.KA
2024-01-04 00:00:00+05:00,803.7474261034295,804.1859268222881,785.8088598667752,791.6787719726562,464841,0.0,0.0,0.0,-0.011263978495320348,0.016828906829597066,368533.0,784.9597412109375,0,4,1,2024,3,LUCK.KA
2024-01-05 00:00:00+05:00,794.2798210160948,797.2695819484014,783.8156577530222,787.0545654296875,135389,0.0,0.0,0.0,-0.00584101368721357,0.016847481675428516,353626.45,784.7429840087891,0,5,1,2024,4,LUCK.KA
2024-01-08 00:00:00+05:00,783.3173397605092,791.2900353305906,782.300801610735,784.1245727539062,241393,0.0,0.0,0.0,-0.0037227313130210327,0.01675325431733772,346094.4,784.7205596923828,0,8,1,2024,0,LUCK.KA
2024-01-09 00:00:00+05:00,789.296887972177,793.2832358912285,779.3310181745486,782.260986328125,84690,0.0,0.0,0.0,-0.0023766458679341795,0.015577499042137894,324252.95,783.5724914550781,0,9,1,2024,1,LUCK.KA
2024-01-10 00:00:00+05:00,787.1043732789392,788.768656480004,774.3480722844098,778.105224609375,124079,0.0,0.0,0.0,-0.005312500292590117,0.01560173845509883,302182.05,782.24404296875,0,10,1,2024,2,LUCK.KA
2024-01-11 00:00:00+05:00,778.3344046651463,793.2832088520569,778.3344046651463,787.1541748046875,271791,0.0,0.0,0.0,0.011629468494900985,0.01577806856855714,305682.0,781.0999572753906,0,11,1,2024,3,LUCK.KA
2024-01-12 00:00:00+05:00,787.3037425720719,802.1529134399284,781.3242204765878,785.370361328125,578034,0.0,0.0,0.0,-0.0022661551366415233,0.01577233305811843,314158.6,780.0037139892578,0,12,1,2024,4,LUCK.KA
2024-01-15 00:00:00+05:00,790.2934926952596,792.3962766713279,774.6470645963277,777.2581176757812,277798,0.0,0.0,0.0,-0.010329195054706752,0.015557643977875827,311308.5,779.1356842041016,0,15,1,2024,0,LUCK.KA
2024-01-16 00:00:00+05:00,777.3378524073788,781.3242003684423,767.3819581069176,769.8236083984375,122914,0.0,0.0,0.0,-0.009565045521267801,0.015183708435467317,297049.3,778.6099853515625,0,16,1,2024,1,LUCK.KA
2024-01-17 00:00:00+05:00,772.3549378024879,776.20174908781,757.4061325546978,760.365966796875,146828,0.0,0.0,0.0,-0.01228546578512768,0.01476955470869863,279669.75,778.3842590332031,0,17,1,2024,2,LUCK.KA
2024-01-18 00:00:00+05:00,766.7740704009733,766.7740704009733,742.4573230079615,748.56640625,165509,0.0,0.0,0.0,-0.015518264969935358,0.015034487588666118,270303.95,777.2835327148438,0,18,1,2024,3,LUCK.KA
2024-01-19 00:00:00+05:00,754.4163161856899,757.4060770160162,742.4572728643843,746.9119873046875,113375,0.0,0.0,0.0,-0.002210116472632584,0.01484362065206472,271655.6,776.5460540771485,0,19,1,2024,4,LUCK.KA
2024-01-22 00:00:00+05:00,754.4063398475375,754.4063398475375,742.9555656108597,748.0880126953125,56211,0.0,0.0,0.0,0.0015745166908738284,0.014852668571945832,274466.15,775.8673767089844,0,22,1,2024,0,LUCK.KA
2024-01-23 00:00:00+05:00,750.4299844052921,750.4299844052921,734.5344101532514,738.7898559570312,422233,0.0,0.0,0.0,-0.012429228353466826,0.013813792949988284,278716.65,775.7547607421875,0,23,1,2024,1,LUCK.KA
2024-01-24 00:00:00+05:00,740.3644733386718,762.2395083435397,737.4942980415879,747.609619140625,405717,0.0,0.0,0.0,0.011938121662713685,0.012979427517257149,280874.9,775.2071350097656,0,24,1,2024,2,LUCK.KA
2024-01-25 00:00:00+05:00,749.6327223268137,759.3793111506972,744.4504579773994,747.111328125,244876,0.0,0.0,0.0,-0.000666512311863765,0.010924369478981247,265716.75,773.5283843994141,0,25,1,2024,3,LUCK.KA
2024-01-26 00:00:00+05:00,749.5330443954492,758.2930828913123,738.470953232421,741.181640625,334711,0.0,0.0,0.0,-0.007936819155026753,0.01087614137552988,267479.45,771.3727661132813,0,26,1,2024,4,LUCK.KA
2024-01-29 00:00:00+05:00,741.2513910654208,745.4470440532763,736.5475298238932,737.9328002929688,340467,0.0,0.0,0.0,-0.004383325427882556,0.0076412188608975555,267667.4,767.8737487792969,0,29,1,2024,0,LUCK.KA
2024-01-30 00:00:00+05:00,742.4373555675819,742.4573067719507,727.6081363057746,730.7573852539062,283673,0.0,0.0,0.0,-0.009723670009266105,0.007481100439952238,263456.35,764.5421600341797,0,30,1,2024,1,LUCK.KA
2024-01-31 00:00:00+05:00,731.4948315909606,764.3822014036332,723.5221358787975,731.4649047851562,125804,0.0,0.0,0.0,0.0009682003159012798,0.007323556595008684,247016.65,761.0805145263672,0,31,1,2024,2,LUCK.KA
2024-02-01 00:00:00+05:00,738.4709723537512,744.121603653201,714.5528841803505,724.6483154296875,341664,0.0,0.0,0.0,-0.009319092838050658,0.007241270162801088,240857.8,757.7289916992188,0,1,2,2024,3,LUCK.KA
2024-02-02 00:00:00+05:00,731.4948483760631,743.4538922187236,720.5323915202911,738.91943359375,251072,0.0,0.0,0.0,0.01969385405332824,0.00900744243587713,246641.95,755.3222351074219,0,2,2,2024,4,LUCK.KA
2024-02-06 00:00:00+05:00,740.5637405715688,748.4368018323659,738.9692257772293,746.9319458007812,213471,0.0,0.0,0.0,0.010843553224824776,0.009529242779017993,245245.85,753.4626037597657,0,6,2,2024,1,LUCK.KA
2024-02-07 00:00:00+05:00,752.3633575210025,755.4129111673114,747.4402155349388,752.7420654296875,155916,0.0,0.0,0.0,0.0077786465842979435,0.009796454672221538,248807.15,751.9866577148438,0,7,2,2024,2,LUCK.KA
2024-02-08 00:00:00+05:00,752.7420654296875,752.7420654296875,752.7420654296875,752.7420654296875,0,0.0,0.0,0.0,0.0,0.00977035837400076,242603.2,750.7184997558594,0,8,2,2024,3,LUCK.KA
2024-02-09 00:00:00+05:00,743.5535210044585,751.4265824725068,717.5426251726855,744.46044921875,310675,0.0,0.0,0.0,-0.01100193092863766,0.009461943726525895,244547.4,748.5838134765625,0,9,2,2024,4,LUCK.KA
2024-02-12 00:00:00+05:00,742.4573120856661,743.9422169775426,707.9255483404748,719.40625,317638,0.0,0.0,0.0,-0.03365417094359047,0.011713961999956687,231527.6,745.2856079101563,0,12,2,2024,0,LUCK.KA
2024-02-13 00:00:00+05:00,708.0750591108888,725.4156971341375,695.6177216881075,720.243408203125,499121,0.0,0.0,0.0,0.001163679357977454,0.011685071844078278,242593.75,742.4348724365234,0,13,2,2024,1,LUCK.KA
2024-02-14 00:00:00+05:00,726.511924599316,739.4476044232023,725.1764712525652,727.83740234375,123083,0.0,0.0,0.0,0.010543649624743745,0.012017566310337947,242602.2,740.335562133789,0,14,2,2024,2,LUCK.KA
2024-02-15 00:00:00+05:00,735.4811787167865,736.3482045084762,717.5525889841557,720.7715454101562,142380,0.0,0.0,0.0,-0.00970801570631108,0.01192316629956685,242379.8,738.3558410644531,0,15,2,2024,3,LUCK.KA
2024-02-16 00:00:00+05:00,722.5255708624269,722.5255708624269,697.6408228118152,701.0491333007812,183662,0.0,0.0,0.0,-0.027362917189179492,0.012856139480228637,243287.45,735.9799774169921,0,16,2,2024,4,LUCK.KA
2024-02-19 00:00:00+05:00,701.5972401135879,715.5494579567558,691.4320406624827,708.1946411132812,139861,0.0,0.0,0.0,0.010192592035392023,0.013200641819745035,244611.75,734.0441101074218,0,19,2,2024,0,LUCK.KA
2024-02-20 00:00:00+05:00,710.5665225545517,714.5030533231327,694.6311063462473,697.5012817382812,129391,0.0,0.0,0.0,-0.015099463839757465,0.013449013128077954,248270.75,731.5147735595704,0,20,2,2024,1,LUCK.KA
2024-02-21 00:00:00+05:00,702.6038247703315,725.5153506300485,702.6038247703315,723.2431030273438,182507,0.0,0.0,0.0,0.03690576915487509,0.015991408073809266,236284.45,730.737435913086,0,21,2,2024,2,LUCK.KA
2024-02-22 00:00:00+05:00,727.5085075874338,727.5085075874338,711.5631156403119,713.9349975585938,152491,0.0,0.0,0.0,-0.012869954002724948,0.01590169499278952,223623.15,729.0537048339844,0,22,2,2024,3,LUCK.KA
2024-02-23 00:00:00+05:00,717.5426429707239,738.47097005737,707.5767729294638,726.0734252929688,413445,0.0,0.0,0.0,0.0170021469403856,0.016470919651988374,232051.6,728.0018096923828,0,23,2,2024,4,LUCK.KA
2024-02-26 00:00:00+05:00,726.511896127338,757.4060919846047,726.511896127338,731.1260986328125,352438,0.0,0.0,0.0,0.006958901350514246,0.016491707473530928,232937.95,727.4990325927735,0,26,2,2024,0,LUCK.KA
2024-02-27 00:00:00+05:00,730.498249969041,740.962413167779,727.5084890551159,733.8367919921875,224226,0.0,0.0,0.0,0.00370755929031108,0.01649205404814986,227125.9,727.2942321777343,0,27,2,2024,1,LUCK.KA
2024-02-28 00:00:00+05:00,730.4982321078226,767.2423879753936,730.4982321078226,758.2830810546875,288583,0.0,0.0,0.0,0.033312978211591515,0.01792263192747368,227371.4,728.6705169677734,0,28,2,2024,2,LUCK.KA
2024-02-29 00:00:00+05:00,752.4231868694022,777.3378619313029,746.443664854546,749.8121337890625,268473,0.0,0.0,0.0,-0.011171220191070086,0.01816345388750097,234504.85,729.5878784179688,0,29,2,2024,3,LUCK.KA
2024-03-01 00:00:00+05:00,752.4231913493429,755.4129523745721,741.4806854615941,744.520263671875,170588,0.0,0.0,0.0,-0.007057594667674749,0.01810016747804273,225951.05,730.5814758300781,0,1,3,2024,4,LUCK.KA
2024-03-04 00:00:00+05:00,753.4197776980538,762.3790851635175,746.1645950862987,761.2728881835938,181396,0.0,0.0,0.0,0.022501233786568875,0.01825880700152644,222467.25,731.6991485595703,0,4,3,2024,0,LUCK.KA
2024-03-05 00:00:00+05:00,765.3787708832876,769.3651186483047,753.43967879165,761.13330078125,167621,0.0,0.0,0.0,-0.0001833605327477006,0.018132611976877933,220174.75,732.4092163085937,0,5,3,2024,1,LUCK.KA
2024-03-06 00:00:00+05:00,762.3890495157117,765.3788104942047,754.47614635956,756.1903076171875,100091,0.0,0.0,0.0,-0.006494254237712216,0.0181367091038204,217383.5,732.5816284179688,0,6,3,2024,2,LUCK.KA
2024-03-07 00:00:00+05:00,762.2694414950228,762.2694414950228,745.4669998891413,750.3203735351562,204927,0.0,0.0,0.0,-0.007762509017773422,0.018228193633174482,227629.85,732.4605438232422,0,7,3,2024,3,LUCK.KA
2024-03-08 00:00:00+05:00,750.3204115331084,766.37541372944,749.4334344922481,755.3930053710938,93203,0.0,0.0,0.0,0.006760621215758267,0.018096377193044248,216756.25,733.0071716308594,0,8,3,2024,4,LUCK.KA
2024-03-11 00:00:00+05:00,761.3924215973876,771.3582909900235,753.4297016849658,760.4556274414062,388908,0.0,0.0,0.0,0.0067019710724292025,0.016192279225122258,220319.75,735.0596405029297,0,11,3,2024,0,LUCK.KA
2024-03-12 00:00:00+05:00,766.3654271604638,766.3654271604638,752.4231847670748,756.1205444335938,143115,0.0,0.0,0.0,-0.005700639000329466,0.016303433870839663,202519.45,736.8534973144531,0,12,3,2024,1,LUCK.KA
2024-03-13 00:00:00+05:00,761.3824764443482,761.3824764443482,750.429995276132,752.3733520507812,93099,0.0,0.0,0.0,-0.004955813474979087,0.0162722550503451,201020.25,738.0802947998047,0,13,3,2024,2,LUCK.KA
2024-03-14 00:00:00+05:00,708.1049513876266,766.3753608780512,708.1049513876266,762.4886474609375,165575,0.0,0.0,0.0,0.013444515788051836,0.016235184630985583,202180.0,740.1661499023437,0,14,3,2024,3,LUCK.KA
2024-03-15 00:00:00+05:00,766.3753726798411,777.1883168713106,758.4126525971657,772.4545288085938,358248,0.0,0.0,0.0,0.013070202921502183,0.014708629702007113,210909.3,743.7364196777344,0,15,3,2024,4,LUCK.KA
2024-03-18 00:00:00+05:00,772.095801869024,776.2316622455902,755.2734084598424,759.150146484375,83479,0.0,0.0,0.0,-0.01722351520773524,0.015454266555675923,208090.2,746.2841949462891,0,18,3,2024,0,LUCK.KA
2024-03-19 00:00:00+05:00,766.2557740714998,766.2557740714998,756.4792585877274,760.2962036132812,104882,0.0,0.0,0.0,0.0015096580488243028,0.014830644553189392,206864.75,749.423941040039,0,19,3,2024,1,LUCK.KA
2024-03-20 00:00:00+05:00,766.3753871144638,767.1427785531471,755.2733935661452,759.6982421875,47462,0.0,0.0,0.0,-0.0007864848238613442,0.012732000775080804,200112.5,751.2466979980469,0,20,3,2024,2,LUCK.KA
2024-03-21 00:00:00+05:00,764.3822151193639,764.571569078999,742.4772527217322,748.506591796875,272994,0.0,0.0,0.0,-0.014731704996972739,0.012856778299390718,206137.65,752.9752777099609,0,21,3,2024,3,LUCK.KA
2024-03-22 00:00:00+05:00,754.3167096941081,759.3893033606307,742.4971418797528,744.7992553710938,47870,0.0,0.0,0.0,-0.004952977657660118,0.0124802207712635,187858.9,753.9115692138672,0,22,3,2024,4,LUCK.KA
2024-03-26 00:00:00+05:00,746.8423098039357,751.4265855975339,740.4641287784717,748.2574462890625,46839,0.0,0.0,0.0,0.00464311811945306,0.012436082619236725,172578.95,754.7681365966797,0,26,3,2024,1,LUCK.KA
2024-03-27 00:00:00+05:00,749.4832037126021,760.3958429823698,749.4832037126021,757.7847900390625,55438,0.0,0.0,0.0,0.01273270823731898,0.01269177004846849,164139.55,755.9655364990234,0,27,3,2024,2,LUCK.KA
2024-03-28 00:00:00+05:00,758.4027130753017,769.464804533179,758.4027130753017,767.0830078125,89014,0.0,0.0,0.0,0.012270261815308103,0.010637638873262386,154161.1,756.4055328369141,0,28,3,2024,3,LUCK.KA
2024-03-29 00:00:00+05:00,767.3719656355897,776.3212971468545,757.4160715539888,762.3690795898438,54348,0.0,0.0,0.0,-0.006145264820946794,0.010400893467916523,143454.85,757.0333801269531,0,29,3,2024,4,LUCK.KA
2024-04-01 00:00:00+05:00,753.5193944151905,769.3651517945457,750.7489142291007,754.0675659179688,74041,0.0,0.0,0.0,-0.010889100691677145,0.010588426665824043,138627.5,757.5107452392579,0,1,4,2024,0,LUCK.KA
2024-04-02 00:00:00+05:00,757.3961195534254,762.090066067117,748.9550571371958,759.588623046875,62737,0.0,0.0,0.0,0.007321700837490841,0.009422600453943235,132694.55,757.4265319824219,0,2,4,2024,1,LUCK.KA
2024-04-03 00:00:00+05:00,759.399290574995,797.2197792197876,754.4263311997187,795.9341430664062,316381,0.0,0.0,0.0,0.04784895259981847,0.01426744668633103,140132.55,759.1665740966797,0,3,4,2024,2,LUCK.KA
2024-04-04 00:00:00+05:00,798.5651559247289,802.242564410782,783.8156803979306,788.3800659179688,110907,0.0,0.0,0.0,-0.009490831891360685,0.014380313126774675,140673.35,760.7760620117188,0,4,4,2024,3,LUCK.KA
2024-04-08 00:00:00+05:00,789.2968885077223,798.2661713316737,780.3674472653254,796.9108276367188,116878,0.0,0.0,0.0,0.010820620773582146,0.014304019247382406,136270.9,763.1055847167969,0,8,4,2024,0,LUCK.KA
2024-04-09 00:00:00+05:00,797.2695775021498,808.2320341928043,791.6289220051324,793.8612670898438,108312,0.0,0.0,0.0,-0.003826727459480761,0.014357707885934686,137026.35,765.0289978027344,0,9,4,2024,1,LUCK.KA
2024-04-15 00:00:00+05:00,786.8552310402132,801.2559249411532,786.157607994921,796.890869140625,138491,0.0,0.0,0.0,0.00381628651803001,0.014328607088462893,124505.5,766.8507598876953,0,15,4,2024,0,LUCK.KA
2024-04-16 00:00:00+05:00,797.2695727058584,809.2286162964464,792.784931359388,797.2994995117188,256560,0.0,0.0,0.0,0.0005127808422933366,0.014209707646829545,130177.75,768.9097076416016,0,16,4,2024,1,LUCK.KA
2024-04-17 00:00:00+05:00,797.2995229887787,806.2388791390852,794.5787991295543,801.4054565429688,134742,0.0,0.0,0.0,0.005149830187733073,0.014100550933448872,132259.9,771.3613128662109,0,17,4,2024,2,LUCK.KA
2024-04-18 00:00:00+05:00,803.019905626398,803.019905626398,783.4668740596989,789.0676879882812,146719,0.0,0.0,0.0,-0.01539516415062736,0.01447335848349082,131317.1,772.6902648925782,0,18,4,2024,3,LUCK.KA
2024-04-19 00:00:00+05:00,794.2798346356932,794.2798346356932,784.3139646904524,785.8287963867188,53963,0.0,0.0,0.0,-0.004104706922951062,0.014278471217824494,116102.85,773.3589782714844,0,19,4,2024,4,LUCK.KA
2024-04-22 00:00:00+05:00,785.8088449952626,811.2218133495799,785.8088449952626,803.5082397460938,187168,0.0,0.0,0.0,0.022497830876987424,0.01437916551269381,121287.3,775.5768829345703,0,22,4,2024,0,LUCK.KA
2024-04-23 00:00:00+05:00,803.2490851818633,832.0504724924455,803.2490851818633,823.3701782226562,383432,0.0,0.0,0.0,0.024719022772982102,0.015172329414416656,135214.8,778.730581665039,0,23,4,2024,1,LUCK.KA
2024-04-24 00:00:00+05:00,822.1842397847565,872.0135876504993,822.1842397847565,856.9651489257812,659963,0.0,0.0,0.0,0.04080178222588016,0.01718385670111522,165839.85,783.5939270019531,0,24,4,2024,2,LUCK.KA
2024-04-25 00:00:00+05:00,840.1228146791454,870.9870839052902,840.1228146791454,844.617431640625,232047,0.0,0.0,0.0,-0.014408657458981011,0.01716330531072416,163792.5,788.3994689941406,0,25,4,2024,3,LUCK.KA
2024-04-26 00:00:00+05:00,844.5974615986502,863.0442957115695,838.1296220478406,860.8119506835938,221777,0.0,0.0,0.0,0.019173792105511955,0.017186311466702724,172487.85,794.2001037597656,0,26,4,2024,4,LUCK.KA
2024-04-29 00:00:00+05:00,864.5391970683633,867.7282875399203,839.1262293159214,843.7802734375,128096,0.0,0.0,0.0,-0.019785595718749494,0.01822917366748918,176550.7,798.9762451171875,0,29,4,2024,0,LUCK.KA
2024-04-30 00:00:00+05:00,837.1230560424203,855.0715966079421,831.6518034607548,834.7910766601562,252683,0.0,0.0,0.0,-0.010653480604283838,0.0185342935682414,186412.95,802.8265594482422,0,30,4,2024,1,LUCK.KA
2024-05-02 00:00:00+05:00,835.2395258430761,852.0818701808975,829.2101867633049,833.8742065429688,447573,0.0,0.0,0.0,-0.0010983228532529532,0.0184997717439688,204340.9,806.1661193847656,0,2,5,2024,3,LUCK.KA
2024-05-03 00:00:00+05:00,836.9237301426014,849.0920786605041,834.1532500604969,845.9129638671875,256691,0.0,0.0,0.0,0.014437138395404281,0.018458040511658693,214458.05,810.3433135986328,0,3,5,2024,4,LUCK.KA
2024-05-06 00:00:00+05:00,852.0818843397983,861.9481199628912,847.0989493436592,857.0648193359375,274088,0.0,0.0,0.0,0.013183218540318897,0.018123678362205107,224460.4,815.4931762695312,0,6,5,2024,0,LUCK.KA
2024-05-07 00:00:00+05:00,857.0648287889123,867.0306988911091,847.0989586867157,850.7763671875,182509,0.0,0.0,0.0,-0.007337195514931838,0.018386440413145428,230449.0,820.0525634765625,0,7,5,2024,1,LUCK.KA
2024-05-08 00:00:00+05:00,855.0616458149098,855.8589032266202,837.342361094293,839.23583984375,54435,0.0,0.0,0.0,-0.01356470135847887,0.015971591761387915,217351.7,822.2176483154296,0,8,5,2024,2,LUCK.KA
2024-05-09 00:00:00+05:00,845.1057817655324,845.1057817655324,827.4661795798218,833.25634765625,263201,0.0,0.0,0.0,-0.0071249247274917105,0.015884506991079208,224966.4,824.4614624023437,0,9,5,2024,3,LUCK.KA
2024-05-10 00:00:00+05:00,841.1194092693195,871.017018603537,838.1296483358977,859.2871704101562,560989,0.0,0.0,0.0,0.03123987333204803,0.01703553680783004,247171.95,827.5802795410157,0,10,5,2024,4,LUCK.KA
2024-05-13 00:00:00+05:00,861.051153423087,883.9726540350442,857.0648054905728,863.7618408203125,445005,0.0,0.0,0.0,0.005207421411890012,0.01693905072506865,264006.6,831.075308227539,0,13,5,2024,0,LUCK.KA
2024-05-14 00:00:00+05:00,867.0306487288246,878.989692159567,866.0340617762628,876.5679931640625,311745,0.0,0.0,0.0,0.014826022334568645,0.017098485189468056,272669.3,835.0591644287109,0,14,5,2024,1,LUCK.KA
2024-05-15 00:00:00+05:00,876.9965394092836,909.8839096371318,876.9965394092836,890.011962890625,443988,0.0,0.0,0.0,0.015337052951289065,0.01721855341711876,282040.7,839.6947875976563,0,15,5,2024,2,LUCK.KA
2024-05-16 00:00:00+05:00,890.9288285746778,898.9214757952298,883.9826463676904,888.8958129882812,221413,0.0,0.0,0.0,-0.0012540841571596628,0.017287846272682508,286374.25,844.0693054199219,0,16,5,2024,3,LUCK.KA
2024-05-17 00:00:00+05:00,890.9487716457871,899.9180545818185,878.0927751067383,883.6537475585938,139452,0.0,0.0,0.0,-0.005897277670894652,0.016812339302478715,286010.9,848.7986083984375,0,17,5,2024,4,LUCK.KA
2024-05-20 00:00:00+05:00,886.8627655125588,895.9316825738377,867.6285884042837,881.0626220703125,264729,0.0,0.0,0.0,-0.0029322859722376027,0.01677795923351881,296549.2,853.5602996826171,0,20,5,2024,0,LUCK.KA
2024-05-21 00:00:00+05:00,881.0626390620457,885.8462444264783,872.0136122033229,879.08935546875,193024,0.0,0.0,0.0,-0.0022396439845850935,0.016394961173769013,296842.0,857.33935546875,0,21,5,2024,1,LUCK.KA
2024-05-22 00:00:00+05:00,862.7951672796268,881.8798320416712,862.7951672796268,872.9005737304688,274529,0.0,0.0,0.0,-0.007039991668402412,0.015876797032042995,291396.85,859.8158752441407,0,22,5,2024,2,LUCK.KA
2024-05-23 00:00:00+05:00,873.9968268831743,876.9766122927626,867.0805106425186,869.452392578125,42404,0.0,0.0,0.0,-0.003950256485234505,0.013203805522799768,260518.9,860.4402374267578,0,23,5,2024,3,LUCK.KA
2024-05-24 00:00:00+05:00,870.0204143026579,897.9248491256526,868.8145221858587,887.4407348632812,241438,0.0,0.0,0.0,0.0206892780314476,0.013406089505486893,260988.45,862.5814025878906,0,24,5,2024,4,LUCK.KA
2024-05-27 00:00:00+05:00,888.756242202399,894.9350935436813,883.9726369412531,884.9293823242188,109209,0.0,0.0,0.0,-0.0028298819745403714,0.01286284208305671,255360.05,863.7872741699218,0,27,5,2024,0,LUCK.KA
2024-05-28 00:00:00+05:00,884.9293823242188,884.9293823242188,884.9293823242188,884.9293823242188,0,0.0,0.0,0.0,0.0,0.01186494113747083,248955.25,865.8447296142579,0,28,5,2024,1,LUCK.KA
2024-05-29 00:00:00+05:00,886.9624123731555,889.9521733137392,878.1525567044251,883.4544067382812,235912,0.0,0.0,0.0,-0.0016667720785398243,0.011507366365378314,248116.7,868.2778961181641,0,29,5,2024,2,LUCK.KA
2024-05-30 00:00:00+05:00,889.9521434387732,904.4026541665024,878.0528928616245,894.9051513671875,598327,0.0,0.0,0.0,0.01296133059224025,0.011678481754849047,255654.4,871.329443359375,0,30,5,2024,3,LUCK.KA
2024-05-31 00:00:00+05:00,894.9051641355525,899.7186961885003,888.9555691755103,895.7821655273438,193496,0.0,0.0,0.0,0.000980007947005701,0.011405856066599175,252494.65,873.8229034423828,0,31,5,2024,4,LUCK.KA
2024-06-03 00:00:00+05:00,898.9114923346449,905.8975768898194,881.9794890511444,898.3035888671875,262561,0.0,0.0,0.0,0.0028147728732235144,0.011147984879878437,251918.3,875.8848419189453,0,3,6,2024,0,LUCK.KA
2024-06-04 00:00:00+05:00,898.9214558064326,915.8634344635384,891.9851885291545,905.6783447265625,588112,0.0,0.0,0.0,0.00820964755208764,0.010973143062650726,272198.45,878.6299407958984,0,4,6,2024,1,LUCK.KA
2024-06-05 00:00:00+05:00,909.7643021930475,913.8702355717811,901.9111921400893,906.7047729492188,245445,0.0,0.0,0.0,0.0011333253451766279,0.010261184857112556,281748.95,882.0033874511719,0,5,6,2024,2,LUCK.KA
2024-06-06 00:00:00+05:00,906.6848567407189,919.8298415864815,903.9044009331964,911.9368896484375,273011,0.0,0.0,0.0,0.0057704744204669645,0.009930240029449732,282239.45,885.9374145507812,0,6,6,2024,3,LUCK.KA
2024-06-07 00:00:00+05:00,911.8671102129855,914.6177000074109,889.9521722763475,907.7811279296875,221783,0.0,0.0,0.0,-0.004557071619673225,0.007885320076812325,265279.15,888.3621124267578,0,7,6,2024,4,LUCK.KA
2024-06-10 00:00:00+05:00,917.8566063839633,917.866581986034,895.9316928764201,899.1905517578125,298509,0.0,0.0,0.0,-0.009463268080343257,0.0083179429217711,257954.35,890.1335479736329,0,10,6,2024,0,LUCK.KA
2024-06-11 00:00:00+05:00,906.864222298271,910.8804970126176,886.9624095637087,893.3804321289062,268849,0.0,0.0,0.0,-0.006461499865126674,0.007950190461708917,255809.55,890.974169921875,0,11,6,2024,1,LUCK.KA
2024-06-12 00:00:00+05:00,898.9114752542854,903.8047513613351,884.969233215538,887.4806518554688,251016,0.0,0.0,0.0,-0.006603883475910122,0.007356463625898727,246160.95,890.8476043701172,0,12,6,2024,2,LUCK.KA
2024-06-13 00:00:00+05:00,896.6293402067143,958.7067228257733,888.9954496884228,953.98291015625,1082726,0.0,0.0,0.0,0.07493375563934146,0.01830919377156924,289226.6,894.1019592285156,0,13,6,2024,3,LUCK.KA
2024-06-14 00:00:00+05:00,971.6722993681412,971.6722993681412,937.7883422619701,943.2097778320312,100018,0.0,0.0,0.0,-0.011292793832600512,0.018496720876209048,287254.9,897.0797607421875,0,14,6,2024,4,LUCK.KA
2024-06-20 00:00:00+05:00,946.9071243454134,962.703003330188,946.7576119706818,947.8040161132812,165345,0.0,0.0,0.0,0.0048708552320246845,0.01843781992235847,282285.7,900.4168304443359,0,20,6,2024,3,LUCK.KA
2024-06-21 00:00:00+05:00,954.6605670135212,954.6705426157055,911.8272776935842,914.288818359375,247404,0.0,0.0,0.0,-0.035360894429783185,0.020393773765827666,285004.7,902.1768035888672,0,21,6,2024,4,LUCK.KA
2024-06-24 00:00:00+05:00,902.4194613134193,914.2788095549937,893.9384966132554,897.2770385742188,130452,0.0,0.0,0.0,-0.018606570969207148,0.020827692573505266,277800.85,903.3956268310546,0,24,6,2024,0,LUCK.KA
2024-06-25 00:00:00+05:00,896.9282523951704,910.272566215358,886.9524073223475,901.3032836914062,455950,0.0,0.0,0.0,0.004487181710996602,0.02079523740455201,298478.15,904.9881713867187,0,25,6,2024,1,LUCK.KA
2024-06-26 00:00:00+05:00,901.3133077581416,910.3324079490511,896.9283006243519,898.9114990234375,133057,0.0,0.0,0.0,-0.002653695721791749,0.02034121792005939,293059.1,905.5617095947266,0,26,6,2024,2,LUCK.KA
2024-06-27 00:00:00+05:00,899.9080468909306,911.3787725023968,896.9282616207296,899.8980712890625,111105,0.0,0.0,0.0,0.0010975187954507248,0.020322942510844016,293153.9,906.3101440429688,0,27,6,2024,3,LUCK.KA
2024-06-28 00:00:00+05:00,906.8941739100466,908.2894200467995,891.9553444479333,903.6353149414062,81042,0.0,0.0,0.0,0.004152963287264555,0.02033308251426245,297206.0,907.2454406738282,0,28,6,2024,4,LUCK.KA
2024-07-01 00:00:00+05:00,902.9077761420084,908.8872978383131,891.9453196987831,895.9216918945312,341903,0.0,0.0,0.0,-0.00853621247347458,0.020442446389476846,302505.55,907.8688049316406,0,1,7,2024,0,LUCK.KA
2024-07-02 00:00:00+05:00,896.9282999903741,906.7745844164159,896.9282999903741,898.5726928710938,194171,0.0,0.0,0.0,0.0029589650530243983,0.02025315552092732,282297.75,908.0521820068359,0,2,7,2024,1,LUCK.KA
2024-07-03 00:00:00+05:00,905.7381060141353,913.8702287229311,897.0378606205305,910.0532836914062,103739,0.0,0.0,0.0,0.012776474192232712,0.02044202053815995,277809.9,908.765737915039,0,3,7,2024,2,LUCK.KA
2024-07-04 00:00:00+05:00,909.8739485313182,935.7951859379978,908.8873371410585,922.9691162109375,383353,0.0,0.0,0.0,0.014192391534637805,0.02065289143162272,283849.5,909.9990142822265,0,4,7,2024,3,LUCK.KA
2024-07-05 00:00:00+05:00,927.8225032296693,927.8225032296693,908.8873501025332,915.9332275390625,124806,0.0,0.0,0.0,-0.0076231030359492635,0.02068769420897242,260684.2,910.5117584228516,0,5,7,2024,4,LUCK.KA
2024-07-08 00:00:00+05:00,912.8736895051318,934.7886278429437,912.8736895051318,925.0021362304688,171837,0.0,0.0,0.0,0.009901277100485384,0.02078866061582341,257003.8,911.426626586914,0,8,7,2024,0,LUCK.KA
2024-07-09 00:00:00+05:00,931.7988736628632,935.5460505323102,916.8600441967781,920.726806640625,92486,0.0,0.0,0.0,-0.004621967260817761,0.020798263982340977,247977.55,911.8661224365235,0,9,7,2024,1,LUCK.KA
2024-07-10 00:00:00+05:00,917.6573025438792,926.6963539834272,905.100330604703,907.3426513671875,70321,0.0,0.0,0.0,-0.014536510913884526,0.02104870814286837,240404.45,911.8441986083984,0,10,7,2024,2,LUCK.KA
2024-07-11 00:00:00+05:00,915.2655284345618,915.2655284345618,902.4394585644112,903.2965087890625,49481,0.0,0.0,0.0,-0.004459332504680891,0.020957585610592844,227953.05,912.0494964599609,0,11,7,2024,3,LUCK.KA
2024-07-12 00:00:00+05:00,898.7420900627966,906.7945300043498,887.0720344675423,900.1572265625,65700,0.0,0.0,0.0,-0.0034753618507514794,0.02091649597418542,217795.6,912.3883361816406,0,12,7,2024,4,LUCK.KA
2024-07-15 00:00:00+05:00,908.5883571228112,926.8258865969308,904.9009731505519,921.32470703125,172639,0.0,0.0,0.0,0.023515314707391655,0.02144951878502972,213876.75,914.0805389404297,0,15,7,2024,0,LUCK.KA
2024-07-16 00:00:00+05:00,921.32470703125,921.32470703125,921.32470703125,921.32470703125,0,0.0,0.0,0.0,0.0,0.012893000301964075,159740.45,912.4476287841796,0,16,7,2024,1,LUCK.KA
2024-07-17 00:00:00+05:00,921.32470703125,921.32470703125,921.32470703125,921.32470703125,0,0.0,0.0,0.0,0.0,0.012694722171299628,154739.55,911.3533752441406,0,17,7,2024,2,LUCK.KA
2024-07-18 00:00:00+05:00,921.8429606225437,926.8258955448277,916.9895868743865,924.4639892578125,46238,0.0,0.0,0.0,0.003407357039928005,0.012662695143184015,148784.2,910.1863739013672,0,18,7,2024,3,LUCK.KA
2024-07-19 00:00:00+05:00,925.8293033485385,933.8019991793117,916.8600205389187,924.5337524414062,120286,0.0,0.0,0.0,7.546338678876552e-05,0.00977705232933481,142428.3,910.6986206054687,0,19,7,2024,4,LUCK.KA
2024-07-22 00:00:00+05:00,917.8565939165593,924.5337387412554,896.8286333052334,906.5652465820312,146243,0.0,0.0,0.0,-0.01943520808399446,0.009864106854960657,143217.85,911.1630310058594,0,22,7,2024,0,LUCK.KA
2024-07-23 00:00:00+05:00,911.3787814527907,912.8138691185511,892.9518981626007,904.5521850585938,130416,0.0,0.0,0.0,-0.0022205368350786125,0.009837592250744284,126941.15,911.3254760742187,0,23,7,2024,1,LUCK.KA
2024-07-24 00:00:00+05:00,905.8875992165409,911.7575111919715,897.924878890748,909.4952392578125,35821,0.0,0.0,0.0,0.005464642373174566,0.00987992375037128,122079.35,911.8546630859375,0,24,7,2024,2,LUCK.KA
2024-07-25 00:00:00+05:00,898.9214580279763,910.8805018154882,896.8784668796447,900.2967529296875,38839,0.0,0.0,0.0,-0.010113836698729006,0.010166016585064839,118466.05,911.8745971679688,0,25,7,2024,3,LUCK.KA
2024-07-26 00:00:00+05:00,900.9146475435097,906.7945351712676,888.0586509192865,897.6458129882812,112225,0.0,0.0,0.0,-0.002944517941200764,0.010139874793000114,120025.2,911.5751220703125,0,26,7,2024,4,LUCK.KA
2024-07-29 00:00:00+05:00,892.9419470582834,910.8805129590078,892.9419470582834,899.5692749023438,71928,0.0,0.0,0.0,0.002142784922773977,0.009962050949038768,106526.45,911.7575012207031,0,29,7,2024,0,LUCK.KA
2024-07-30 00:00:00+05:00,903.9044185009855,906.6848743625475,891.0185557547627,892.2842407226562,48696,0.0,0.0,0.0,-0.008098358161997443,0.010109544330788338,99252.7,911.4430786132813,0,30,7,2024,1,LUCK.KA
2024-07-31 00:00:00+05:00,899.9080913224429,899.9080913224429,859.1576340257112,868.0272827148438,99298,0.0,0.0,0.0,-0.027185236386296552,0.011270870181925895,99030.65,909.3417785644531,0,31,7,2024,2,LUCK.KA
2024-08-01 00:00:00+05:00,886.7332184333521,886.7332184333521,849.3512310064641,877.7340087890625,108380,0.0,0.0,0.0,0.011182512655431687,0.011057123311967038,85282.0,907.0800231933594,0,1,8,2024,3,LUCK.KA
2024-08-02 00:00:00+05:00,876.9965274501162,886.9623970802312,869.0437829498736,883.07568359375,75702,0.0,0.0,0.0,0.006085755765641299,0.01114420968730724,82826.8,905.4371459960937,0,2,8,2024,4,LUCK.KA
2024-08-05 00:00:00+05:00,896.9083387157488,896.9282899201144,858.260726920038,866.7217407226562,77775,0.0,0.0,0.0,-0.018519299279694867,0.0113875464279476,78123.7,902.5231262207031,0,5,8,2024,0,LUCK.KA
2024-08-06 00:00:00+05:00,865.0375086308073,875.999965537419,848.3746033296422,852.5004272460938,75301,0.0,0.0,0.0,-0.016408165168102284,0.011764457473333257,77264.45,899.1118072509765,0,6,8,2024,1,LUCK.KA
2024-08-07 00:00:00+05:00,845.1057515162761,861.0511430543191,845.1057515162761,853.5468139648438,80785,0.0,0.0,0.0,0.0012274324860226393,0.011531356272307433,77787.65,896.4220153808594,0,7,8,2024,2,LUCK.KA
2024-08-08 00:00:00+05:00,859.0580006597371,869.0238707369963,859.0580006597371,866.851318359375,104008,0.0,0.0,0.0,0.015587316567593934,0.012245842912170743,80514.0,894.599755859375,0,8,8,2024,3,LUCK.KA
2024-08-09 00:00:00+05:00,876.9965701471565,882.4777987105763,867.0307000318479,876.4584350585938,188461,0.0,0.0,0.0,0.011082773361182019,0.012580725952267812,86652.05,893.4148162841797,0,9,8,2024,4,LUCK.KA
2024-08-12 00:00:00+05:00,877.0165173610078,886.9624362262357,855.081627604736,857.6727294921875,75059,0.0,0.0,0.0,-0.021433652544116777,0.01191983274335428,81773.05,890.2322174072266,0,12,8,2024,0,LUCK.KA
2024-08-13 00:00:00+05:00,858.0614035007574,868.0272734601158,848.2948631059547,865.4760131835938,47690,0.0,0.0,0.0,0.00909820660384808,0.012230215572410528,84157.55,887.4397827148438,0,13,8,2024,1,LUCK.KA
2024-08-15 00:00:00+05:00,852.101808915244,869.7015080077864,841.2190354284477,845.2053833007812,52423,0.0,0.0,0.0,-0.023421365322706555,0.013018684142799835,86778.7,883.6338165283203,0,15,8,2024,3,LUCK.KA
2024-08-16 00:00:00+05:00,847.0989597287678,872.9006120535371,847.0989597287678,861.80859375,53771,0.0,0.0,0.0,0.01964399514870374,0.013989490362084961,87155.35,880.5010467529297,0,16,8,2024,4,LUCK.KA
2024-08-19 00:00:00+05:00,862.0477350978972,866.9210600138291,847.6968582984787,850.108642578125,40874,0.0,0.0,0.0,-0.013576043748838473,0.014142707616552083,83184.75,876.7797912597656,0,19,8,2024,0,LUCK.KA
2024-08-20 00:00:00+05:00,852.6299934329213,853.0784697471056,836.1464663941161,846.62060546875,38419,0.0,0.0,0.0,-0.004103048639520712,0.013675065582316164,77793.55,873.7825592041015,0,20,8,2024,1,LUCK.KA
2024-08-21 00:00:00+05:00,849.0920954563508,851.8825267971771,842.3153162495321,846.9693603515625,31554,0.0,0.0,0.0,0.0004119376265587782,0.01369890813448561,72850.45,870.90341796875,0,21,8,2024,2,LUCK.KA
2024-08-22 00:00:00+05:00,854.0450837384468,862.0377304895699,847.1088775411555,858.8685913085938,56525,0.0,0.0,0.0,0.014049187035634958,0.014112721020641612,73885.65,868.3720855712891,0,22,8,2024,3,LUCK.KA
2024-08-23 00:00:00+05:00,853.0784454260796,861.0511411777252,844.1091627054783,847.05908203125,29739,0.0,0.0,0.0,-0.013750077016264517,0.01423527392026362,73430.65,865.7102020263671,0,23,8,2024,4,LUCK.KA
2024-08-26 00:00:00+05:00,847.0989118148977,854.0750205004322,835.1697951595173,837.0932006835938,24791,0.0,0.0,0.0,-0.01176527300050667,0.01437120622940769,69058.95,862.6825714111328,0,26,8,2024,0,LUCK.KA
2024-08-27 00:00:00+05:00,845.0957697146508,845.0957697146508,830.1569408593326,831.641845703125,30752,0.0,0.0,0.0,-0.006512243769292381,0.014326154760836544,67000.15,859.2861999511719,0,27,8,2024,1,LUCK.KA
2024-08-28 00:00:00+05:00,827.1672113337016,831.9508167760459,824.177450328881,827.266845703125,40694,0.0,0.0,0.0,-0.005260678046209999,0.014295573684119161,66600.05,856.0353302001953,0,28,8,2024,2,LUCK.KA
2024-08-29 00:00:00+05:00,827.1672159063197,833.6948486375611,826.1706288992037,826.8582763671875,14635,0.0,0.0,0.0,-0.0004938785327366357,0.013188607669985124,62366.9,853.9768798828125,0,29,8,2024,3,LUCK.KA
2024-08-30 00:00:00+05:00,827.1672179921084,832.1501530402536,825.6823130800561,826.947998046875,19073,0.0,0.0,0.0,0.00010850913905313675,0.012818101146946153,57901.55,851.4375793457032,0,30,8,2024,4,LUCK.KA
2024-09-02 00:00:00+05:00,837.1230984861347,837.1230984861347,823.7289668676473,824.8052978515625,19952,0.0,0.0,0.0,-0.0025910942409598237,0.012643705407528141,55114.05,848.5240600585937,0,2,9,2024,0,LUCK.KA
2024-09-03 00:00:00+05:00,827.1671659126649,827.1671659126649,818.2078589924836,824.6159057617188,13039,0.0,0.0,0.0,-0.0002296203605106628,0.012138717815193963,51877.25,846.4187683105469,0,3,9,2024,1,LUCK.KA
2024-09-04 00:00:00+05:00,832.1301587039039,842.0960282836362,822.283874692981,839.0364990234375,126252,0.0,0.0,0.0,0.017487648687055213,0.012444831234531266,54424.8,845.745571899414,0,4,9,2024,2,LUCK.KA
2024-09-05 00:00:00+05:00,842.1160162703356,842.1160162703356,829.858008317213,838.5482177734375,52801,0.0,0.0,0.0,-0.000581954718976263,0.012436487704186497,53025.6,844.9956420898437,0,5,9,2024,3,LUCK.KA
2024-09-06 00:00:00+05:00,842.0362391060966,846.1023309435599,836.1464369230556,839.8038940429688,36093,0.0,0.0,0.0,0.0014974407468963946,0.011843529928977687,49629.85,843.6432708740234,0,6,9,2024,4,LUCK.KA
2024-09-09 00:00:00+05:00,845.1057540321589,857.0647977212932,838.169486794798,850.60693359375,32658,0.0,0.0,0.0,0.012863764537663025,0.011949472987710411,41839.7,842.3506958007813,0,9,9,2024,0,LUCK.KA
2024-09-10 00:00:00+05:00,842.5644937640068,885.9558699724461,842.5644937640068,873.0700073242188,179821,0.0,0.0,0.0,0.026408289003199137,0.012509343989708073,47077.8,843.1205596923828,0,10,9,2024,1,LUCK.KA
2024-09-11 00:00:00+05:00,882.1787829462637,884.9692142492491,868.04718725218,875.97998046875,289411,0.0,0.0,0.0,0.00333303528940343,0.012377775794765622,59163.85,843.6457580566406,0,11,9,2024,2,LUCK.KA
2024-09-12 00:00:00+05:00,864.739990234375,881.47998046875,850.0,855.6400146484375,274866,3.0,0.0,0.0,-0.023219669711433633,0.012357174242526671,70286.0,844.1674896240235,0,12,9,2024,3,LUCK.KA
2024-09-13 00:00:00+05:00,867.8800048828125,872.0,850.0599975585938,851.6799926757812,219058,0.0,0.0,0.0,-0.004628140228204902,0.011563721800314371,78550.35,843.6610595703125,0,13,9,2024,4,LUCK.KA
2024-09-16 00:00:00+05:00,855.7899780273438,856.0,841.1500244140625,845.8499755859375,90724,0.0,0.0,0.0,-0.006845314132045255,0.011257886140141945,81042.85,843.4481262207031,0,16,9,2024,0,LUCK.KA
2024-09-17 00:00:00+05:00,845.8499755859375,845.8499755859375,845.8499755859375,845.8499755859375,0,0.0,0.0,0.0,0.0,0.011220167690074266,79121.9,843.4095947265625,0,17,9,2024,1,LUCK.KA
2024-09-18 00:00:00+05:00,847.0,860.02001953125,847.0,855.4400024414062,128004,0.0,0.0,0.0,0.011337739708304095,0.01150297244117904,83944.4,843.8331268310546,0,18,9,2024,2,LUCK.KA
2024-09-19 00:00:00+05:00,856.989990234375,883.7999877929688,855.0,866.5,218039,0.0,0.0,0.0,0.012929016093506052,0.011436372347574258,92020.1,844.214697265625,0,19,9,2024,3,LUCK.KA
2024-09-20 00:00:00+05:00,879.489990234375,900.2000122070312,860.7000122070312,891.260009765625,796606,0.0,0.0,0.0,0.02857473717902481,0.012524098822618982,130363.45,846.4247436523438,0,20,9,2024,4,LUCK.KA
2024-09-23 00:00:00+05:00,887.0,895.0,880.5,887.1599731445312,70106,0.0,0.0,0.0,-0.004600269928156986,0.01218892618087082,132629.2,848.9280822753906,0,23,9,2024,0,LUCK.KA
2024-09-24 00:00:00+05:00,893.989990234375,893.989990234375,875.0,885.1400146484375,239434,0.0,0.0,0.0,-0.0022768819122147566,0.012051366630875233,143063.3,851.6029907226563,0,24,9,2024,1,LUCK.KA
2024-09-25 00:00:00+05:00,898.9500122070312,899.0,876.8900146484375,896.1900024414062,225962,0.0,0.0,0.0,0.012483886854169235,0.012049611726503604,152326.7,855.0491485595703,0,25,9,2024,2,LUCK.KA
2024-09-26 00:00:00+05:00,900.0,902.8900146484375,885.0999755859375,890.8200073242188,257603,0.0,0.0,0.0,-0.0059920274747079505,0.012220905502639963,164475.1,858.2472351074218,0,26,9,2024,3,LUCK.KA
2024-09-27 00:00:00+05:00,890.0,899.5,883.1599731445312,895.8699951171875,178960,0.0,0.0,0.0,0.005668920490613516,0.012195657307544865,172469.45,861.6933349609375,0,27,9,2024,4,LUCK.KA
2024-09-30 00:00:00+05:00,899.9000244140625,899.9000244140625,880.0,884.0399780273438,265961,0.0,0.0,0.0,-0.013205060058179896,0.012720900288605405,184769.9,864.6550689697266,0,30,9,2024,0,LUCK.KA
2024-10-01 00:00:00+05:00,886.0,900.0,884.0,889.4199829101562,274590,0.0,0.0,0.0,0.006085703154304678,0.012700500145626204,197847.45,867.8952728271485,0,1,10,2024,1,LUCK.KA
2024-10-02 00:00:00+05:00,898.9299926757812,898.9299926757812,871.1099853515625,895.1099853515625,320925,0.0,0.0,0.0,0.006397430404912585,0.012310589178737594,207581.1,870.6989471435547,0,2,10,2024,2,LUCK.KA
2024-10-03 00:00:00+05:00,898.469970703125,906.0,890.0,900.9099731445312,884628,0.0,0.0,0.0,0.006479637014316975,0.012294298754738645,249172.45,873.8170349121094,0,3,10,2024,3,LUCK.KA
2024-10-04 00:00:00+05:00,905.8400268554688,944.0,900.0,932.239990234375,835312,0.0,0.0,0.0,0.03477596876909872,0.014104297092191815,289133.4,878.4388397216796,0,4,10,2024,4,LUCK.KA
2024-10-07 00:00:00+05:00,933.0,941.0,922.1099853515625,925.7899780273438,183827,0.0,0.0,0.0,-0.006918832354970816,0.014241051904295208,296691.85,882.1979919433594,0,7,10,2024,0,LUCK.KA
2024-10-08 00:00:00+05:00,926.0,935.0,896.0,904.8400268554688,666169,0.0,0.0,0.0,-0.022629269779431804,0.01446117057095798,321009.25,883.7864929199219,0,8,10,2024,1,LUCK.KA
2024-10-09 00:00:00+05:00,904.8400268554688,904.8400268554688,904.8400268554688,904.8400268554688,0,0.0,0.0,0.0,0.0,0.014462840701964269,306538.7,885.2294952392579,0,9,10,2024,2,LUCK.KA
2024-10-10 00:00:00+05:00,889.0,889.1099853515625,871.0,873.7899780273438,398049,0.0,0.0,0.0,-0.03431551203148164,0.015635210059325652,312697.85,886.1369934082031,0,10,10,2024,3,LUCK.KA
2024-10-11 00:00:00+05:00,876.6900024414062,876.7000122070312,827.0,845.1199951171875,980211,0.0,0.0,0.0,-0.032811068598979864,0.017359808718378868,350755.5,885.8089935302735,0,11,10,2024,4,LUCK.KA
2024-10-14 00:00:00+05:00,845.989990234375,850.5,830.6500244140625,844.5800170898438,381088,0.0,0.0,0.0,-0.0006389365184394924,0.01729091214964182,365273.7,885.7454956054687,0,14,10,2024,0,LUCK.KA
2024-10-15 00:00:00+05:00,845.010009765625,851.8599853515625,835.5999755859375,844.1799926757812,231507,0.0,0.0,0.0,-0.00047363708111503033,0.0172913334614211,376849.05,885.661996459961,0,15,10,2024,1,LUCK.KA
2024-10-16 00:00:00+05:00,847.0,853.9600219726562,839.2000122070312,840.5399780273438,74381,0.0,0.0,0.0,-0.004311894003670713,0.017106447715430795,374167.9,884.9169952392579,0,16,10,2024,2,LUCK.KA
2024-10-17 00:00:00+05:00,845.0,855.0,838.0,840.6199951171875,51916,0.0,0.0,0.0,9.519724455175904e-05,0.016804806396906395,365861.75,883.6229949951172,0,17,10,2024,3,LUCK.KA
2024-10-18 00:00:00+05:00,844.9000244140625,846.989990234375,833.0,837.739990234375,50103,0.0,0.0,0.0,-0.0034260485112669326,0.01525448726900768,328536.6,880.9469940185547,0,18,10,2024,4,LUCK.KA
2024-10-21 00:00:00+05:00,842.7000122070312,846.8499755859375,838.0999755859375,844.469970703125,39577,0.0,0.0,0.0,0.008033495532267843,0.01544428952615573,327010.15,878.8124938964844,0,21,10,2024,0,LUCK.KA
2024-10-22 00:00:00+05:00,847.0,873.0,840.0,866.530029296875,235108,0.0,0.0,0.0,0.026122963940780952,0.016705360667776115,326793.85,877.8819946289062,0,22,10,2024,1,LUCK.KA
2024-10-23 00:00:00+05:00,871.989990234375,880.0,851.0,863.5999755859375,210643,0.0,0.0,0.0,-0.0033813643057645226,0.01640897881265373,326027.9,876.2524932861328,0,23,10,2024,2,LUCK.KA
2024-10-24 00:00:00+05:00,863.6400146484375,892.0,863.5999755859375,890.0399780273438,398823,0.0,0.0,0.0,0.03061602963046317,0.01788318900068079,333088.9,876.213491821289,0,24,10,2024,3,LUCK.KA
2024-10-25 00:00:00+05:00,906.989990234375,920.9000244140625,897.0,909.3800048828125,554860,0.0,0.0,0.0,0.021729391187947922,0.018496113863361172,351883.9,876.8889923095703,0,25,10,2024,4,LUCK.KA
2024-10-28 00:00:00+05:00,915.0,944.989990234375,902.0,916.0599975585938,277842,0.0,0.0,0.0,0.007345655985301791,0.018239683117412947,352477.95,878.4899932861329,0,28,10,2024,0,LUCK.KA
2024-10-29 00:00:00+05:00,910.0,940.0,910.0,918.72998046875,289848,0.0,0.0,0.0,0.0029146375971793592,0.018215503935568693,353240.85,879.9554931640625,0,29,10,2024,1,LUCK.KA
2024-10-30 00:00:00+05:00,921.0,928.9000244140625,890.010009765625,900.72998046875,199515,0.0,0.0,0.0,-0.019592263649452435,0.018786861113930076,347170.35,880.2364929199218,0,30,10,2024,2,LUCK.KA
2024-10-31 00:00:00+05:00,904.7000122070312,908.0,878.0,883.2000122070312,238326,0.0,0.0,0.0,-0.019461957125703755,0.019240925765111112,314855.25,879.3509948730468,0,31,10,2024,3,LUCK.KA
2024-11-01 00:00:00+05:00,886.989990234375,938.9600219726562,879.0,922.4099731445312,289426,0.0,0.0,0.0,0.0443953355928044,0.020270160122856547,287560.95,878.8594940185546,0,1,11,2024,4,LUCK.KA
2024-11-04 00:00:00+05:00,922.0,970.9500122070312,922.0,958.6699829101562,364382,0.0,0.0,0.0,0.03931007992250257,0.02203857344942394,296588.7,880.5034942626953,0,4,11,2024,0,LUCK.KA
2024-11-05 00:00:00+05:00,973.9000244140625,993.0,963.0,986.760009765625,413402,0.0,0.0,0.0,0.02930103931094008,0.022046209794803574,283950.35,884.5994934082031,0,5,11,2024,1,LUCK.KA
2024-11-06 00:00:00+05:00,996.9500122070312,1018.0,986.0,1001.6199951171875,440970,0.0,0.0,0.0,0.015059371280248923,0.022138793906283462,305998.85,889.4384918212891,0,6,11,2024,2,LUCK.KA
2024-11-07 00:00:00+05:00,1020.0,1030.0,1005.0,1016.1099853515625,121116,0.0,0.0,0.0,0.014466554486743943,0.02013841542949786,292152.2,896.5544921875,0,7,11,2024,3,LUCK.KA
2024-11-08 00:00:00+05:00,1019.989990234375,1019.989990234375,1000.0,1001.9299926757812,65897,0.0,0.0,0.0,-0.013955175010779142,0.01851478094454709,246436.5,904.3949920654297,0,8,11,2024,4,LUCK.KA
2024-11-11 00:00:00+05:00,1009.969970703125,1016.0,986.0,993.72998046875,170978,0.0,0.0,0.0,-0.008184216728687854,0.018790075292655212,235931.0,911.852490234375,0,11,11,2024,0,LUCK.KA
2024-11-12 00:00:00+05:00,996.0,1004.97998046875,988.0,989.7100219726562,150508,0.0,0.0,0.0,-0.004045322748738589,0.01889483296423776,231881.05,919.1289916992188,0,12,11,2024,1,LUCK.KA
2024-11-13 00:00:00+05:00,993.3699951171875,1023.0,989.0,1018.3499755859375,326372,0.0,0.0,0.0,0.028937722138245192,0.019200779198469117,244480.6,928.0194915771484,0,13,11,2024,2,LUCK.KA
2024-11-14 00:00:00+05:00,1030.0,1047.0,1020.219970703125,1041.31005859375,328131,0.0,0.0,0.0,0.022546357890961488,0.01925887501086901,258291.35,938.0539947509766,0,14,11,2024,3,LUCK.KA
2024-11-15 00:00:00+05:00,1044.989990234375,1047.989990234375,1027.0,1045.1400146484375,174331,0.0,0.0,0.0,0.0036780169586181355,0.019044351050459804,264502.75,948.4239959716797,0,15,11,2024,4,LUCK.KA
2024-11-18 00:00:00+05:00,1045.0,1060.0,1037.5,1058.2900390625,357919,0.0,0.0,0.0,0.012582069607664836,0.01903054669544397,280419.85,959.1149993896485,0,18,11,2024,0,LUCK.KA
2024-11-19 00:00:00+05:00,1010.1599731445312,1059.2900390625,1010.1599731445312,1046.030029296875,36753,0.0,0.0,0.0,-0.011584735103890464,0.019372395311904732,270502.1,968.0899993896485,0,19,11,2024,1,LUCK.KA
2024-11-20 00:00:00+05:00,1041.0,1055.0,1022.02001953125,1027.93994140625,448085,0.0,0.0,0.0,-0.017294042602949866,0.020100460957972043,282374.2,976.306997680664,0,20,11,2024,2,LUCK.KA
2024-11-21 00:00:00+05:00,1010.2000122070312,1043.75,1010.2000122070312,1041.1700439453125,68353,0.0,0.0,0.0,0.012870501481792251,0.019475129303378462,265850.7,983.8635009765625,0,21,11,2024,3,LUCK.KA
2024-11-22 00:00:00+05:00,1039.8699951171875,1050.1600341796875,1025.0,1026.8900146484375,300360,0.0,0.0,0.0,-0.013715367033384496,0.0197753021115231,253125.7,989.7390014648438,0,22,11,2024,4,LUCK.KA
2024-11-25 00:00:00+05:00,1027.0,1039.97998046875,990.0,998.780029296875,157170,0.0,0.0,0.0,-0.027373900759163683,0.02115267380225939,247092.1,993.8750030517579,0,25,11,2024,0,LUCK.KA
2024-11-26 00:00:00+05:00,998.77001953125,998.77001953125,925.0,948.0700073242188,576284,0.0,0.0,0.0,-0.05077196227917702,0.024510179500604228,261413.9,995.3420043945313,0,26,11,2024,1,LUCK.KA
2024-11-27 00:00:00+05:00,960.0,1040.0,959.9000244140625,995.7100219726562,486464,0.0,0.0,0.0,0.05024946921682938,0.02620957998078518,275761.35,1000.0910064697266,0,27,11,2024,2,LUCK.KA
2024-11-28 00:00:00+05:00,998.0,1030.0,995.0,1019.6699829101562,215710,0.0,0.0,0.0,0.024063191500304004,0.025845375379861063,274630.55,1006.9145050048828,0,28,11,2024,3,LUCK.KA
2024-11-29 00:00:00+05:00,1019.0,1031.4000244140625,1014.0,1019.5499877929688,63387,0.0,0.0,0.0,-0.0001176803467775045,0.02437833309678119,263328.6,1011.7715057373047,0,29,11,2024,4,LUCK.KA
2024-12-02 00:00:00+05:00,1025.0,1054.0,1019.5499877929688,1040.0999755859375,176187,0.0,0.0,0.0,0.02015593942328775,0.023325466990061227,253918.85,1015.8430053710938,0,2,12,2024,0,LUCK.KA
2024-12-03 00:00:00+05:00,1041.1300048828125,1061.9000244140625,1040.0,1058.18994140625,405612,0.0,0.0,0.0,0.01739252595417251,0.022800941679337307,253529.35,1019.414501953125,0,3,12,2024,1,LUCK.KA
2024-12-04 00:00:00+05:00,1058.18994140625,1072.0,1045.0,1067.02001953125,284601,0.0,0.0,0.0,0.008344511490314899,0.022674703920727957,245710.9,1022.6845031738281,0,4,12,2024,2,LUCK.KA
2024-12-05 00:00:00+05:00,1067.02001953125,1121.0,1051.4599609375,1118.8800048828125,488098,0.0,0.0,0.0,0.048602635754055434,0.02474120080311671,264060.0,1027.8230041503907,0,5,12,2024,3,LUCK.KA
2024-12-06 00:00:00+05:00,1120.010009765625,1141.0,1100.0,1114.6600341796875,266819,0.0,0.0,0.0,-0.003771602571061239,0.024430832743290498,274106.1,1033.459506225586,0,6,12,2024,4,LUCK.KA
2024-12-09 00:00:00+05:00,1120.1099853515625,1218.969970703125,1103.0,1167.1300048828125,288292,0.0,0.0,0.0,0.04707262222937714,0.025868734362515817,279971.8,1042.1295074462892,0,9,12,2024,0,LUCK.KA
2024-12-10 00:00:00+05:00,1194.989990234375,1283.8399658203125,1157.0,1202.5400390625,1022643,0.0,0.0,0.0,0.030339408661885114,0.026139895599578272,323578.55,1052.7710083007812,0,10,12,2024,1,LUCK.KA
2024-12-11 00:00:00+05:00,1210.0,1255.0,1205.0,1218.530029296875,255483,0.0,0.0,0.0,0.013296846437512944,0.025778447345535645,320034.1,1062.780010986328,0,11,12,2024,2,LUCK.KA
2024-12-12 00:00:00+05:00,1229.0,1260.0,1204.0,1225.0799560546875,594520,0.0,0.0,0.0,0.0053752690539699,0.025600373802433022,333353.55,1071.968505859375,0,12,12,2024,3,LUCK.KA
2024-12-13 00:00:00+05:00,1225.0,1271.0,1215.050048828125,1257.4100341796875,332665,0.0,0.0,0.0,0.026390178016721055,0.025878863020285626,341270.25,1082.5820068359376,0,13,12,2024,4,LUCK.KA
2024-12-16 00:00:00+05:00,1260.0,1270.0,1220.010009765625,1238.8399658203125,559581,0.0,0.0,0.0,-0.014768506576687046,0.026430060366713075,351353.35,1091.6095031738282,0,16,12,2024,0,LUCK.KA
2024-12-17 00:00:00+05:00,1225.0,1249.97998046875,1175.0,1182.5799560546875,433497,0.0,0.0,0.0,-0.04541346042898431,0.02874636552053848,371190.55,1098.4369995117188,0,17,12,2024,1,LUCK.KA
2024-12-18 00:00:00+05:00,1191.0,1198.0,1112.6700439453125,1135.68994140625,296068,0.0,0.0,0.0,-0.03965060832323897,0.030123884537510446,363589.7,1103.8244995117188,0,18,12,2024,2,LUCK.KA
2024-12-19 00:00:00+05:00,1125.0,1177.0,1050.0,1084.1800537109375,542495,0.0,0.0,0.0,-0.04535559030445513,0.0321146356127001,387296.8,1105.975,0,19,12,2024,3,LUCK.KA
2024-12-20 00:00:00+05:00,1084.0,1120.989990234375,1073.0,1107.4300537109375,281707,0.0,0.0,0.0,0.02144477747992113,0.032141620863756555,386364.15,1110.002001953125,0,20,12,2024,4,LUCK.KA
2024-12-23 00:00:00+05:00,1125.0,1134.97998046875,1051.0,1132.1300048828125,179862,0.0,0.0,0.0,0.0223038476237003,0.03147978829361256,387498.75,1116.669500732422,0,23,12,2024,0,LUCK.KA
2024-12-24 00:00:00+05:00,1132.0,1152.0,1110.0,1115.7900390625,143904,0.0,0.0,0.0,-0.014432941225688833,0.028929877375363955,365879.75,1125.055502319336,0,24,12,2024,1,LUCK.KA
2024-12-26 00:00:00+05:00,1116.0999755859375,1120.0,1060.0,1064.0,292070,0.0,0.0,0.0,-0.04641557752748415,0.02966658171840197,356160.05,1128.4700012207031,0,26,12,2024,3,LUCK.KA
2024-12-27 00:00:00+05:00,1070.0,1088.0,1066.0,1071.199951171875,171856,0.0,0.0,0.0,0.006766871402138053,0.029292790148793844,353967.35,1131.0464996337892,0,27,12,2024,4,LUCK.KA
2024-12-30 00:00:00+05:00,1080.0,1110.5,1055.0,1098.949951171875,192193,0.0,0.0,0.0,0.02590552769316501,0.02972746160093739,360407.65,1135.0164978027344,0,30,12,2024,0,LUCK.KA
2024-12-31 00:00:00+05:00,1115.0,1140.0,1091.25,1100.489990234375,363139,0.0,0.0,0.0,0.0014013732480335772,0.029491826197091148,369755.25,1138.0359985351563,0,31,12,2024,1,LUCK.KA
2025-01-01 00:00:00+05:00,1100.489990234375,1100.489990234375,1100.489990234375,1100.489990234375,0,0.0,0.0,0.0,0.0,0.02930844672083841,349474.65,1140.1510009765625,0,1,1,2025,2,LUCK.KA
2025-01-02 00:00:00+05:00,1200.0,1230.0,1155.0,1192.449951171875,362258,0.0,0.0,0.0,0.08356274182731549,0.034484264696269265,353357.5,1146.4224975585937,0,2,1,2025,3,LUCK.KA
2025-01-03 00:00:00+05:00,1219.0,1219.0,1101.010009765625,1147.68994140625,487084,0.0,0.0,0.0,-0.03753617476493443,0.03427935127452713,353306.8,1147.8629943847657,0,3,1,2025,4,LUCK.KA
2025-01-06 00:00:00+05:00,1158.9000244140625,1165.97998046875,1125.0,1148.199951171875,183759,0.0,0.0,0.0,0.00044437939832442375,0.03425607410999471,349153.8,1149.539990234375,0,6,1,2025,0,LUCK.KA
2025-01-07 00:00:00+05:00,1151.0,1155.9000244140625,1098.0,1150.949951171875,274356,0.0,0.0,0.0,0.002395053228484656,0.03258040260764158,348457.0,1148.7309875488281,0,7,1,2025,1,LUCK.KA
2025-01-08 00:00:00+05:00,1150.010009765625,1172.0,1130.0,1134.5400390625,178703,0.0,0.0,0.0,-0.014257711286808528,0.031899452950615546,306260.0,1145.330987548828,0,8,1,2025,2,LUCK.KA
2025-01-09 00:00:00+05:00,1137.0,1147.0,1091.93994140625,1102.260009765625,174588,0.0,0.0,0.0,-0.02845208470875016,0.0321810899271087,302215.25,1139.5174865722656,0,9,1,2025,3,LUCK.KA
2025-01-10 00:00:00+05:00,1100.0,1124.699951171875,1078.5999755859375,1094.739990234375,215238,0.0,0.0,0.0,-0.006822364473559217,0.03209927430466005,283251.15,1133.00048828125,0,10,1,2025,4,LUCK.KA
2025-01-13 00:00:00+05:00,1096.030029296875,1120.0,1096.030029296875,1104.0,103194,0.0,0.0,0.0,0.008458638442213617,0.03141584752375354,271777.6,1125.3299865722656,0,13,1,2025,0,LUCK.KA
2025-01-14 00:00:00+05:00,1114.5,1124.0,1094.1099853515625,1116.52001953125,150508,0.0,0.0,0.0,0.011340597401494623,0.03157529071286348,251323.95,1119.2139892578125,0,14,1,2025,1,LUCK.KA
2025-01-15 00:00:00+05:00,1105.0999755859375,1129.0,1099.0,1110.6400146484375,97947,0.0,0.0,0.0,-0.005266367624362944,0.030093172480124327,234546.45,1115.6169921875,0,15,1,2025,2,LUCK.KA
2025-01-16 00:00:00+05:00,1111.0,1111.0,1091.02001953125,1099.1500244140625,87074,0.0,0.0,0.0,-0.010345377514614396,0.02888910868707183,224096.75,1113.7899963378907,0,16,1,2025,3,LUCK.KA
2025-01-17 00:00:00+05:00,1098.0,1134.989990234375,1090.4000244140625,1128.300048828125,267300,0.0,0.0,0.0,0.02652051473100947,0.027552454815116503,210337.0,1115.99599609375,0,17,1,2025,4,LUCK.KA
2025-01-20 00:00:00+05:00,1145.0,1145.0,1130.0,1132.9599609375,84935,0.0,0.0,0.0,0.004130029165748006,0.027190567962545046,200498.4,1117.2724914550781,0,20,1,2025,0,LUCK.KA
2025-01-21 00:00:00+05:00,1132.0,1139.0,1098.0,1101.47998046875,82978,0.0,0.0,0.0,-0.027785607218370756,0.027477372486546105,195654.2,1115.739990234375,0,21,1,2025,1,LUCK.KA
2025-01-22 00:00:00+05:00,1110.0,1119.0,1087.8699951171875,1097.43994140625,150327,0.0,0.0,0.0,-0.0036678279534237967,0.027305687851920536,195975.35,1114.8224853515626,0,22,1,2025,2,LUCK.KA
2025-01-23 00:00:00+05:00,1109.989990234375,1113.989990234375,1098.75,1106.8299560546875,50224,0.0,0.0,0.0,0.008556290229791763,0.025117640675078757,183883.05,1116.9639831542968,0,23,1,2025,3,LUCK.KA
2025-01-24 00:00:00+05:00,1110.0,1130.0,1105.5999755859375,1109.1500244140625,117687,0.0,0.0,0.0,0.002096138026156158,0.025095307931043965,181174.6,1118.8614868164063,0,24,1,2025,4,LUCK.KA
2025-01-27 00:00:00+05:00,1110.0,1119.0,1091.0,1098.6600341796875,102444,0.0,0.0,0.0,-0.009457683815060625,0.02456504615077593,176687.15,1118.846990966797,0,27,1,2025,0,LUCK.KA
2025-01-28 00:00:00+05:00,1107.0,1118.989990234375,1077.0,1084.8199462890625,355994,0.0,0.0,0.0,-0.012597243423857374,0.024729863292197965,176329.9,1118.0634887695312,0,28,1,2025,1,LUCK.KA
2025-01-29 00:00:00+05:00,1086.0,1095.0,1073.0999755859375,1076.1500244140625,127451,0.0,0.0,0.0,-0.007992037669161567,0.024786982289770804,182702.45,1116.8464904785155,0,29,1,2025,2,LUCK.KA
2025-01-30 00:00:00+05:00,1070.0,1119.0,1070.0,1113.719970703125,594472,0.0,0.0,0.0,0.03491143933162899,0.017335836405337427,194313.15,1112.9099914550782,0,30,1,2025,3,LUCK.KA
2025-01-31 00:00:00+05:00,1150.0,1210.02001953125,1140.0,1180.8399658203125,1070641,0.0,0.0,0.0,0.06026649147254903,0.020639550880665807,223491.0,1114.5674926757813,0,31,1,2025,4,LUCK.KA
2025-02-03 00:00:00+05:00,1184.0,1240.0,1178.2099609375,1199.469970703125,718482,0.0,0.0,0.0,0.015776909168102593,0.020876827268371503,250227.15,1117.1309936523437,0,3,2,2025,0,LUCK.KA
2025-02-04 00:00:00+05:00,1210.0,1217.989990234375,1185.0,1195.75,342632,0.0,0.0,0.0,-0.003101345422548918,0.02091290841977709,253640.95,1119.37099609375,0,4,2,2025,1,LUCK.KA
2025-02-06 00:00:00+05:00,1195.0,1200.0,1175.0,1194.5400390625,483790,0.0,0.0,0.0,-0.0010118845389922582,0.020574088292842813,268895.3,1122.37099609375,0,6,2,2025,3,LUCK.KA
2025-02-07 00:00:00+05:00,1188.0999755859375,1215.0,1188.0999755859375,1209.3399658203125,83026,0.0,0.0,0.0,0.012389644778610931,0.019298545885886944,264317.2,1127.7249938964844,0,7,2,2025,4,LUCK.KA
2025-02-10 00:00:00+05:00,1211.0,1215.0,1190.199951171875,1209.0999755859375,109996,0.0,0.0,0.0,-0.00019844728625351138,0.019144451766051514,259055.1,1133.4429931640625,0,10,2,2025,0,LUCK.KA
2025-02-11 00:00:00+05:00,1214.280029296875,1228.0,1210.0,1218.5899658203125,249830,0.0,0.0,0.0,0.007848805248528823,0.01913939158734154,266386.9,1139.1724914550782,0,11,2,2025,1,LUCK.KA
2025-02-12 00:00:00+05:00,1218.5899658203125,1220.0,1206.9000244140625,1208.0899658203125,172098,0.0,0.0,0.0,-0.00861651605093583,0.019317455478236396,267466.4,1143.7509887695312,0,12,2,2025,2,LUCK.KA
2025-02-13 00:00:00+05:00,1215.0,1250.0,1211.0,1242.1500244140625,1673924,0.0,0.0,0.0,0.02819331304570749,0.01990156501451671,346265.25,1150.3264892578125,0,13,2,2025,3,LUCK.KA
2025-02-14 00:00:00+05:00,1366.3699951171875,1366.3699951171875,1345.0,1366.3699951171875,536482,0.0,0.0,0.0,0.10000399972758611,0.028590738202629813,368735.65,1163.6874877929688,0,14,2,2025,4,LUCK.KA
2025-02-17 00:00:00+05:00,1367.0,1441.0,1360.0,1404.300048828125,1017829,0.0,0.0,0.0,0.02775972382772096,0.028626749295710137,406262.1,1177.4874877929688,0,17,2,2025,0,LUCK.KA
2025-02-18 00:00:00+05:00,1410.0,1491.0,1381.02001953125,1459.6500244140625,694511,0.0,0.0,0.0,0.03941463623256758,0.02923749518206204,436740.9,1193.8219909667969,0,18,2,2025,1,LUCK.KA
2025-02-19 00:00:00+05:00,1467.9000244140625,1474.0,1392.0,1402.1700439453125,535671,0.0,0.0,0.0,-0.03937928921819722,0.030190995624348484,459375.55,1208.856494140625,0,19,2,2025,2,LUCK.KA
2025-02-20 00:00:00+05:00,1400.0,1450.0,1380.0,1395.9200439453125,645471,0.0,0.0,0.0,-0.004457376640577992,0.030213838996868917,484132.75,1223.780499267578,0,20,2,2025,3,LUCK.KA
2025-02-21 00:00:00+05:00,1535.510009765625,1535.510009765625,1405.0,1422.52001953125,2132716,0.0,0.0,0.0,0.019055515178904914,0.030232545816150556,588257.35,1239.5650024414062,0,21,2,2025,4,LUCK.KA
2025-02-24 00:00:00+05:00,1401.0,1471.989990234375,1371.0999755859375,1449.3699951171875,1462920,0.0,0.0,0.0,0.018874936884744287,0.030145398396014246,655519.0,1256.5760009765625,0,24,2,2025,0,LUCK.KA
2025-02-25 00:00:00+05:00,1460.0,1480.0,1440.0,1456.280029296875,421255,0.0,0.0,0.0,0.0047676122749655825,0.02973063908350484,671459.55,1274.4570007324219,0,25,2,2025,1,LUCK.KA
2025-02-26 00:00:00+05:00,291.6000061035156,295.1960144042969,290.0,291.9859924316406,1248690,0.0,0.0,0.0,-0.7994987320037492,0.184653800560601,716094.35,1234.8153030395508,0,26,2,2025,2,LUCK.KA
2025-02-27 00:00:00+05:00,293.3999938964844,293.9779968261719,286.6000061035156,287.385986328125,796900,0.0,0.0,0.0,-0.015754201306737547,0.1846248804930169,749566.8,1195.377101135254,0,27,2,2025,3,LUCK.KA
2025-02-28 00:00:00+05:00,288.9800109863281,288.9800109863281,281.2200012207031,284.8320007324219,936540,0.0,0.0,0.0,-0.008886952451422236,0.1841342263272493,766670.2,1153.9327026367187,0,28,2,2025,4,LUCK.KA
2025-03-03 00:00:00+05:00,1415.25,1434.0,1409.0,1412.719970703125,161766,0.0,0.0,0.0,3.9598358578756345,0.9111493885485958,721226.45,1165.5267028808594,0,3,3,2025,0,LUCK.KA
2025-03-04 00:00:00+05:00,1412.719970703125,1412.719970703125,1412.719970703125,1412.719970703125,0,0.0,0.0,0.0,0.0,0.9112946147798529,685302.35,1176.1892028808593,0,4,3,2025,1,LUCK.KA
2025-03-05 00:00:00+05:00,1433.0,1460.0,1429.0,1434.31005859375,284831,0.0,0.0,0.0,0.015282637987965364,0.911123409821012,682412.3,1188.117205810547,0,5,3,2025,2,LUCK.KA
2025-03-06 00:00:00+05:00,1437.0999755859375,1450.0,1432.75,1434.9300537109375,178135,0.0,0.0,0.0,0.00043226017517805637,0.9111093859065025,667129.55,1200.1367065429688,0,6,3,2025,3,LUCK.KA
2025-03-07 00:00:00+05:00,1439.989990234375,1457.8800048828125,1434.0,1448.949951171875,323720,0.0,5.0,0.0,0.009770439628524086,0.9111330958485965,679164.25,1212.117205810547,0,7,3,2025,4,LUCK.KA
2025-03-10 00:00:00+05:00,1450.0,1463.0,1440.0,1448.489990234375,129248,0.0,0.0,0.0,-0.0003174443238208591,0.9111342505009892,680126.85,1224.0867065429688,0,10,3,2025,0,LUCK.KA
2025-03-11 00:00:00+05:00,1448.0,1450.0,1432.0,1438.2900390625,131405,0.0,0.0,0.0,-0.007041782297870447,0.9112778337690742,674205.6,1235.071710205078,0,11,3,2025,1,LUCK.KA
2025-03-12 00:00:00+05:00,1442.0,1444.0,1428.0,1430.9000244140625,83982,0.0,0.0,0.0,-0.005138055918995632,0.9112428891045078,669799.8,1246.2122131347655,0,12,3,2025,2,LUCK.KA
2025-03-13 00:00:00+05:00,1434.0,1484.0,1434.0,1471.3299560546875,441742,0.0,0.0,0.0,0.028254896184784606,0.9112423949653776,608190.7,1257.671209716797,0,13,3,2025,3,LUCK.KA
2025-03-14 00:00:00+05:00,1490.0,1490.0,1455.5999755859375,1464.1099853515625,420086,0.0,0.0,0.0,-0.004907105080960261,0.9119509412783744,602370.9,1262.5582092285156,0,14,3,2025,4,LUCK.KA
2025-03-17 00:00:00+05:00,1469.989990234375,1499.0,1465.0,1492.989990234375,415549,0.0,0.0,0.0,0.019725297396887775,0.912014910015883,572256.9,1266.9927062988281,0,17,3,2025,0,LUCK.KA
2025-03-18 00:00:00+05:00,1500.0,1525.0,1492.550048828125,1516.800048828125,524935,0.0,0.0,0.0,0.0159479023633724,0.9121953232154933,563778.1,1269.8502075195313,0,18,3,2025,1,LUCK.KA
2025-03-19 00:00:00+05:00,1515.0,1545.0,1490.0,1534.6199951171875,578664,0.0,0.0,0.0,0.011748381932628504,0.9116776904211533,565927.75,1276.472705078125,0,19,3,2025,2,LUCK.KA
2025-03-20 00:00:00+05:00,1547.989990234375,1570.0,1540.199951171875,1549.489990234375,554306,0.0,0.0,0.0,0.009689692017893936,0.9115464981001906,561369.5,1284.1512023925782,0,20,3,2025,3,LUCK.KA
2025-03-21 00:00:00+05:00,1551.0999755859375,1560.0,1520.050048828125,1527.7900390625,166226,0.0,0.0,0.0,-0.014004576543661718,0.911852320963142,463045.0,1289.4147033691406,0,21,3,2025,4,LUCK.KA
2025-03-24 00:00:00+05:00,1538.0,1542.0,1489.0,1496.449951171875,242494,0.0,0.0,0.0,-0.020513347442595142,0.9122200339066029,402023.7,1291.768701171875,0,24,3,2025,0,LUCK.KA
2025-03-25 00:00:00+05:00,1496.0,1507.25,1473.0,1497.8699951171875,153127,0.0,0.0,0.0,0.0009489418234138736,0.9122546273950416,388617.3,1293.8481994628905,0,25,3,2025,1,LUCK.KA
2025-03-26 00:00:00+05:00,1510.0,1515.0,1480.0,1491.280029296875,212439,0.0,0.0,0.0,-0.004399557933462028,0.8851730061084477,336804.75,1353.8129013061523,0,26,3,2025,2,LUCK.KA
2025-03-27 00:00:00+05:00,1486.010009765625,1518.0,1480.199951171875,1496.5999755859375,265302,0.0,0.0,0.0,0.003567369095374362,0.8849361862734133,310224.85,1414.273600769043,0,27,3,2025,3,LUCK.KA
2025-03-28 00:00:00+05:00,1496.5999755859375,1496.5999755859375,1496.5999755859375,1496.5999755859375,0,0.0,0.0,0.0,0.0,0.8848277391544471,263397.85,1474.8619995117188,0,28,3,2025,4,LUCK.KA
2025-03-31 00:00:00+05:00,1496.5999755859375,1496.5999755859375,1496.5999755859375,1496.5999755859375,0,0.0,0.0,0.0,0.0,0.011649797719745133,255309.55,1479.0559997558594,0,31,3,2025,0,LUCK.KA
2025-04-03 00:00:00+05:00,1490.0,1529.8900146484375,1486.010009765625,1516.260009765625,292519,0.0,0.0,0.0,0.013136465655754437,0.011843298874840676,269935.5,1484.2330017089844,0,3,4,2025,3,LUCK.KA
2025-04-04 00:00:00+05:00,1515.0,1529.949951171875,1497.0,1501.4100341796875,311559,0.0,0.0,0.0,-0.0097938186658586,0.011869769612007686,271271.9,1487.5880004882813,0,4,4,2025,4,LUCK.KA
2025-04-07 00:00:00+05:00,1490.0,1500.0,1412.0,1476.06005859375,586054,0.0,0.0,0.0,-0.01688411227369191,0.012624956851030081,291667.85,1489.6445007324219,0,7,4,2025,0,LUCK.KA
2025-04-08 00:00:00+05:00,1500.010009765625,1621.800048828125,1494.0,1574.1500244140625,2063508,0.0,0.0,0.0,0.06645391239280829,0.0192210871527798,378657.25,1495.9045043945312,0,8,4,2025,1,LUCK.KA
2025-04-09 00:00:00+05:00,1580.0,1580.0,1541.0,1560.97998046875,605409,0.0,0.0,0.0,-0.008366447759777351,0.019406744872210866,402465.3,1501.52900390625,0,9,4,2025,2,LUCK.KA
2025-04-10 00:00:00+05:00,320.6000061035156,325.20001220703125,316.00201416015625,320.3659973144531,3984900,0.0,0.0,0.0,-0.7947661076228218,0.17975298332256676,595140.05,1445.6328018188476,0,10,4,2025,3,LUCK.KA
2025-04-11 00:00:00+05:00,318.0,322.79998779296875,315.6000061035156,320.5899963378906,2280510,0.0,0.0,0.0,0.0006991972472585317,0.1798095465179379,704966.45,1390.1173004150392,0,11,4,2025,4,LUCK.KA
2025-04-14 00:00:00+05:00,323.1000061035156,339.79998779296875,321.0199890136719,337.9179992675781,5140045,0.0,0.0,0.0,0.054050354432845005,0.18038007151892702,939881.6,1333.4467025756835,0,14,4,2025,0,LUCK.KA
2025-04-15 00:00:00+05:00,340.0,349.3999938964844,335.0,343.2460021972656,5753460,0.0,0.0,0.0,0.015767147477304233,0.18061395482486695,1206550.3,1277.4035034179688,0,15,4,2025,1,LUCK.KA
2025-04-16 00:00:00+05:00,344.0,354.20001220703125,342.0,345.1080017089844,3784775,0.0,0.0,0.0,0.005424679383880138,0.18042306805572067,1375011.6,1220.0094039916992,0,16,4,2025,2,LUCK.KA
2025-04-17 00:00:00+05:00,346.3999938964844,351.9800109863281,345.3999938964844,347.6600036621094,2238735,0.0,0.0,0.0,0.007394792182410681,0.18030963291737168,1460701.6,1161.5524017333985,0,17,4,2025,3,LUCK.KA
2025-04-18 00:00:00+05:00,349.760009765625,359.20001220703125,347.6000061035156,350.2900085449219,5546650,0.0,0.0,0.0,0.007564876186817893,0.18025619547324237,1709100.9,1102.3359024047852,0,18,4,2025,4,LUCK.KA
2025-04-21 00:00:00+05:00,350.2900085449219,350.2900085449219,350.2900085449219,350.2900085449219,0,0.0,5.0,0.0,0.0,0.18014500518348767,1681385.6,1042.3759033203125,0,21,4,2025,0,LUCK.KA
2025-04-22 00:00:00+05:00,350.2900085449219,350.2900085449219,350.2900085449219,350.2900085449219,0,0.0,0.0,0.0,0.0,0.18025680893711563,1673074.3,983.5009017944336,0,22,4,2025,1,LUCK.KA
2025-04-23 00:00:00+05:00,350.2900085449219,350.2900085449219,350.2900085449219,350.2900085449219,0,0.0,0.0,0.0,0.0,0.18039580944516947,1660949.6,926.192904663086,0,23,4,2025,2,LUCK.KA
2025-04-24 00:00:00+05:00,350.2900085449219,350.2900085449219,350.2900085449219,350.2900085449219,0,0.0,0.0,0.0,0.0,0.1803865459539911,1653293.25,868.8139053344727,0,24,4,2025,3,LUCK.KA
2025-04-25 00:00:00+05:00,350.2900085449219,350.2900085449219,350.2900085449219,350.2900085449219,0,0.0,0.0,0.0,0.0,0.18042594729877057,1642671.3,811.764404296875,0,25,4,2025,4,LUCK.KA
2025-04-28 00:00:00+05:00,350.2900085449219,350.2900085449219,350.2900085449219,350.2900085449219,0,0.0,0.0,0.0,0.0,0.1803898750592605,1629406.2,754.4489059448242,0,28,4,2025,0,LUCK.KA
2025-04-29 00:00:00+05:00,358.0,363.9800109863281,335.0,349.1600036621094,7838604,0.0,0.0,0.0,-0.003225912401859432,0.18036028695300219,2021336.4,697.0769073486329,0,29,4,2025,1,LUCK.KA
2025-04-30 00:00:00+05:00,340.0,343.94000244140625,325.0,327.2900085449219,5286939,0.0,0.0,0.0,-0.06263602614219133,0.18029858551540287,2285683.35,638.611408996582,0,30,4,2025,2,LUCK.KA
2025-05-02 00:00:00+05:00,336.1000061035156,342.0,333.0,336.79998779296875,4552166,0.0,0.0,0.0,0.029056735615996088,0.1805630930657662,2498665.7,579.6384078979493,0,2,5,2025,4,LUCK.KA
2025-05-05 00:00:00+05:00,337.0,340.0,328.0,335.010009765625,3188998,0.0,0.0,0.0,-0.005314661794002307,0.18059938124025746,2642537.65,521.3184066772461,0,5,5,2025,0,LUCK.KA
2025-05-06 00:00:00+05:00,339.30999755859375,339.30999755859375,320.0,323.30999755859375,2354625,0.0,0.0,0.0,-0.034924366036754084,0.1805479255952688,2730966.2,463.68090362548827,0,6,5,2025,1,LUCK.KA
2025-05-07 00:00:00+05:00,300.010009765625,318.44000244140625,296.0,304.9200134277344,7169114,0.0,0.0,0.0,-0.05688034477661508,0.1789585853575694,2986246.5,400.2194030761719,0,7,5,2025,2,LUCK.KA
2025-05-08 00:00:00+05:00,306.1099853515625,317.95001220703125,274.42999267578125,287.67999267578125,7396858,0.0,0.0,0.0,-0.05653948574300116,0.17880183432379795,3325818.95,336.5544036865234,0,8,5,2025,3,LUCK.KA
2025-05-09 00:00:00+05:00,295.0,309.0,280.1499938964844,307.07000732421875,3642443,0.0,0.0,0.0,0.0674013318343285,0.032655383316593685,3308696.1,335.88960418701174,0,9,5,2025,4,LUCK.KA
2025-05-12 00:00:00+05:00,337.7799987792969,337.7799987792969,337.7799987792969,337.7799987792969,876832,0.0,0.0,0.0,0.10000973954663395,0.03979476061896371,3238512.2,336.74910430908204,0,12,5,2025,0,LUCK.KA
2025-05-13 00:00:00+05:00,351.0,354.989990234375,337.79998779296875,351.19000244140625,6259987,0.0,0.0,0.0,0.03970040769308958,0.03895312989649361,3294509.3,337.41270446777344,0,13,5,2025,1,LUCK.KA
2025-05-14 00:00:00+05:00,364.95001220703125,364.95001220703125,343.0,351.1000061035156,5816281,0.0,0.0,0.0,-0.0002562611044306662,0.03883352278813234,3297650.35,337.80540466308594,0,14,5,2025,2,LUCK.KA
2025-05-15 00:00:00+05:00,351.1000061035156,354.0,343.0,347.489990234375,2643581,0.0,0.0,0.0,-0.010282015968055225,0.03891591962644664,3240590.65,337.9245040893555,0,15,5,2025,3,LUCK.KA
2025-05-16 00:00:00+05:00,349.0,349.0,341.5,342.3699951171875,1051595,0.0,0.0,0.0,-0.014734223318876527,0.039040518847936474,3181233.65,337.6600036621094,0,16,5,2025,4,LUCK.KA
