Date,Open,High,Low,Close,Volume,Dividends,Stock Splits,Capital Gains,Returns,Volatility,Volume_MA,Price_MA,Hour,Day,Month,Year,DayOfWeek,Ticker
2020-05-18 00:00:00+05:00,50.1148045263524,50.282410756917734,48.70492486503149,49.104225158691406,750869,0.0,0.0,0.0,,,,,0,18,5,2020,0,UBL.KA
2020-05-19 00:00:00+05:00,49.29647592492449,49.5183085621776,48.803511165675246,49.178165435791016,350558,0.0,0.0,0.0,0.001505782381468368,,,,0,19,5,2020,1,UBL.KA
2020-05-20 00:00:00+05:00,49.29648058788179,49.32113033258492,48.66055553697535,48.90210723876953,198255,0.0,0.0,0.0,-0.0056134301589984,,,,0,20,5,2020,2,UBL.KA
2020-05-21 00:00:00+05:00,48.828166596932014,49.247185938908565,48.55703444334674,48.79365921020508,412306,0.0,0.0,0.0,-0.0022176555303627943,,,,0,21,5,2020,3,UBL.KA
2020-05-22 00:00:00+05:00,48.79365921020508,48.79365921020508,48.79365921020508,48.79365921020508,0,0.0,0.0,0.0,0.0,,,,0,22,5,2020,4,UBL.KA
2020-05-25 00:00:00+05:00,48.79365921020508,48.79365921020508,48.79365921020508,48.79365921020508,0,0.0,0.0,0.0,0.0,,,,0,25,5,2020,0,UBL.KA
2020-05-26 00:00:00+05:00,48.79365921020508,48.79365921020508,48.79365921020508,48.79365921020508,0,0.0,0.0,0.0,0.0,,,,0,26,5,2020,1,UBL.KA
2020-05-27 00:00:00+05:00,48.79365921020508,48.79365921020508,48.79365921020508,48.79365921020508,0,0.0,0.0,0.0,0.0,,,,0,27,5,2020,2,UBL.KA
2020-05-28 00:00:00+05:00,48.80352072265678,48.80352072265678,47.408429278141284,47.5119514465332,1060028,0.0,0.0,0.0,-0.026267916455091522,,,,0,28,5,2020,3,UBL.KA
2020-05-29 00:00:00+05:00,48.25632758679197,48.25632758679197,46.836590210384394,47.339412689208984,539074,0.0,0.0,0.0,-0.0036314811762337973,,,,0,29,5,2020,4,UBL.KA
2020-06-01 00:00:00+05:00,47.34927500881397,49.09929795720401,47.083073540391965,49.025352478027344,2875297,0.0,0.0,0.0,0.03561387210033273,,,,0,1,6,2020,0,UBL.KA
2020-06-02 00:00:00+05:00,49.296475626582755,52.697933197021484,49.296475626582755,52.697933197021484,2751196,0.0,0.0,0.0,0.07491186770437097,,,,0,2,6,2020,1,UBL.KA
2020-06-03 00:00:00+05:00,53.240190595841824,53.905692226085364,52.623984686167724,53.023284912109375,2826935,0.0,0.0,0.0,0.00617389896244136,,,,0,3,6,2020,2,UBL.KA
2020-06-04 00:00:00+05:00,52.99371201138466,52.99371201138466,51.71693508077334,51.953556060791016,941836,0.0,0.0,0.0,-0.020174699720915568,,,,0,4,6,2020,3,UBL.KA
2020-06-05 00:00:00+05:00,51.751450674046225,52.180327678752626,51.6873628376477,51.85497283935547,1086928,0.0,0.0,0.0,-0.0018975259618455587,,,,0,5,6,2020,4,UBL.KA
2020-06-08 00:00:00+05:00,51.8549795897226,54.09796765212335,51.76131505419218,53.49162292480469,1102899,0.0,0.0,0.0,0.0315620661979612,,,,0,8,6,2020,0,UBL.KA
2020-06-09 00:00:00+05:00,53.733171407292396,55.35995700017947,53.48668896964427,54.842342376708984,1997421,0.0,0.0,0.0,0.02525104638913378,,,,0,9,6,2020,1,UBL.KA
2020-06-10 00:00:00+05:00,54.96558511233239,57.849428960191744,54.96558511233239,57.533931732177734,2666433,0.0,0.0,0.0,0.04907867240571839,,,,0,10,6,2020,2,UBL.KA
2020-06-11 00:00:00+05:00,58.1205537743168,58.63816458532986,54.970508835068905,56.07474899291992,1269229,0.0,0.0,0.0,-0.02536212449464348,,,,0,11,6,2020,3,UBL.KA
2020-06-12 00:00:00+05:00,55.70502471161755,55.70502471161755,53.85640663490457,54.679656982421875,589005,0.0,0.0,0.0,-0.02487914855711959,,1070913.45,51.05907802581787,0,12,6,2020,4,UBL.KA
2020-06-15 00:00:00+05:00,55.212069663941485,55.212069663941485,52.50076267151579,52.63386154174805,277368,0.0,0.0,0.0,-0.037414196678876355,0.027607787751897032,1047238.4,51.2355598449707,0,15,6,2020,0,UBL.KA
2020-06-16 00:00:00+05:00,52.382446218847555,53.28949974110199,52.382446218847555,53.15147018432617,291505,0.0,0.0,0.0,0.009834137709382462,0.027633652300736573,1044285.75,51.43422508239746,0,16,6,2020,1,UBL.KA
2020-06-17 00:00:00+05:00,53.1416088594464,53.974716843973084,51.88454706973712,52.0373649597168,598773,0.0,0.0,0.0,-0.020960948413011438,0.0281305540389521,1064311.65,51.59098796844482,0,17,6,2020,2,UBL.KA
2020-06-18 00:00:00+05:00,52.737386257411764,52.737386257411764,51.05144345380325,51.2141227722168,302466,0.0,0.0,0.0,-0.015820212805496392,0.028438339409082827,1058819.65,51.71201114654541,0,18,6,2020,3,UBL.KA
2020-06-19 00:00:00+05:00,51.61341636585671,51.71201158879396,50.28241282490096,50.42537307739258,877308,0.0,0.0,0.0,-0.015401019330787191,0.028725239230644666,1102685.05,51.79359683990479,0,19,6,2020,4,UBL.KA
2020-06-22 00:00:00+05:00,50.997213727958545,51.51975904182287,50.52889861109436,51.15989303588867,729350,0.0,0.0,0.0,0.014566475440226379,0.028855408586086467,1139152.55,51.91190853118896,0,22,6,2020,0,UBL.KA
2020-06-23 00:00:00+05:00,51.026792005832256,51.51482614783044,50.52889646079063,50.95284652709961,294589,0.0,0.0,0.0,-0.004047047335376974,0.028889945325030152,1153882.0,52.01986789703369,0,23,6,2020,1,UBL.KA
2020-06-24 00:00:00+05:00,51.219038229414146,51.258476312022765,50.52888682785359,50.65705871582031,1259237,0.0,0.0,0.0,-0.005805128298808193,0.02894609268678805,1216843.85,52.11303787231445,0,24,6,2020,2,UBL.KA
2020-06-25 00:00:00+05:00,50.76058546191592,50.86903831840653,50.08522233987534,50.68170928955078,1461010,0.0,0.0,0.0,0.00048661675895456113,0.02816568703044297,1236892.95,52.27152576446533,0,25,6,2020,3,UBL.KA
2020-06-26 00:00:00+05:00,50.282404785228415,50.72607381494965,50.03592240883023,50.13451385498047,334490,0.0,0.0,0.0,-0.010796704417448066,0.028307779607601762,1226663.75,52.41128082275391,0,26,6,2020,4,UBL.KA
2020-06-29 00:00:00+05:00,50.2725532079844,50.2774801481703,48.862673544070944,49.82888412475586,956089,0.0,0.0,0.0,-0.006096194152967693,0.027316746241279794,1130703.35,52.45145740509033,0,29,6,2020,0,UBL.KA
2020-06-30 00:00:00+05:00,49.552824415770964,52.74723825663021,49.41972556287083,50.95284652709961,1821084,0.0,0.0,0.0,0.022556443357826472,0.02183593685367007,1084197.75,52.36420307159424,0,30,6,2020,1,UBL.KA
2020-07-01 00:00:00+05:00,50.97256771978684,50.97256771978684,49.78945129328624,49.9669189453125,1339826,0.0,0.0,0.0,-0.01934980376930928,0.022110594257169935,1009842.3,52.211384773254395,0,1,7,2020,2,UBL.KA
2020-07-02 00:00:00+05:00,50.13451915194389,51.71200878417548,50.016208651858996,50.78523254394531,7651323,0.0,0.0,0.0,0.01637710741237486,0.0221037086111929,1345316.65,52.15296859741211,0,2,7,2020,3,UBL.KA
2020-07-03 00:00:00+05:00,51.01693054646712,52.2049776233297,51.01693054646712,51.72187042236328,1890435,0.0,0.0,0.0,0.01844311488792494,0.022519719644234912,1385492.0,52.1463134765625,0,3,7,2020,4,UBL.KA
2020-07-06 00:00:00+05:00,51.95849535186211,52.007791084097356,50.947915916434795,51.63313674926758,1145849,0.0,0.0,0.0,-0.0017155928888707983,0.021268242845857897,1387639.5,52.053389167785646,0,6,7,2020,0,UBL.KA
2020-07-07 00:00:00+05:00,51.70708191213423,52.74230732684095,51.4408804464628,52.32328796386719,1757872,0.0,0.0,0.0,0.013366439810755804,0.020636582282176234,1375662.05,51.927436447143556,0,7,7,2020,1,UBL.KA
2020-07-08 00:00:00+05:00,52.4021611340161,54.17683370887249,52.4021611340161,53.885982513427734,2347739,0.0,0.0,0.0,0.029866138202929715,0.018458800741694148,1359727.35,51.745038986206055,0,8,7,2020,2,UBL.KA
2020-07-09 00:00:00+05:00,53.74303305188154,54.940937938493455,53.733175408491924,54.70924758911133,1793330,0.0,0.0,0.0,0.015277907858104678,0.018113676377893573,1385932.4,51.676763916015624,0,9,7,2020,3,UBL.KA
2020-07-10 00:00:00+05:00,54.30007116600235,55.21205525506448,54.30007116600235,54.655006408691406,645445,0.0,0.0,0.0,-0.0009914444597610705,0.017227374613271517,1388754.4,51.6755313873291,0,10,7,2020,4,UBL.KA
2020-07-13 00:00:00+05:00,54.81276899707414,55.33531059290942,54.472622009055605,54.640228271484375,1398258,0.0,0.0,0.0,-0.0002703894515448946,0.014799197103144042,1444798.9,51.77584972381592,0,13,7,2020,0,UBL.KA
2020-07-14 00:00:00+05:00,54.48247574824472,55.55713931470762,54.48247574824472,54.94093322753906,1196263,0.0,0.0,0.0,0.005503362002087675,0.014709579033636231,1490036.8,51.86532287597656,0,14,7,2020,1,UBL.KA
2020-07-15 00:00:00+05:00,55.16276223997618,55.23670771267377,54.719093164813636,55.06416702270508,2340094,0.0,0.0,0.0,0.002243023332997307,0.013703934195155764,1577102.85,52.016662979125975,0,15,7,2020,2,UBL.KA
2020-07-16 00:00:00+05:00,55.11347404674028,55.55713942153596,54.965583081126056,55.36488342285156,579490,0.0,0.0,0.0,0.005461199477011736,0.012979316197826512,1590954.05,52.22420101165771,0,16,7,2020,3,UBL.KA
2020-07-17 00:00:00+05:00,55.65079926688358,55.705025698976826,54.92121342584872,55.128257751464844,771448,0.0,0.0,0.0,-0.004273930635408041,0.01232673663231142,1585661.05,52.45934524536133,0,17,7,2020,4,UBL.KA
2020-07-20 00:00:00+05:00,54.98037893073197,55.606446508135306,54.57121712956589,54.728965759277344,1394076,0.0,0.0,0.0,-0.00724296410722125,0.012357714848597845,1618897.35,52.63779888153076,0,20,7,2020,0,UBL.KA
2020-07-21 00:00:00+05:00,55.08389589987082,55.08389589987082,53.83176462466655,54.0782470703125,1042410,0.0,0.0,0.0,-0.01188984078060229,0.012727038315703222,1656288.4,52.79406890869141,0,21,7,2020,1,UBL.KA
2020-07-22 00:00:00+05:00,54.22613868443487,54.46769043094254,52.106388122361125,52.57470703125,5223983,0.0,0.0,0.0,-0.027803046890695238,0.01437688738520125,1854525.7,52.88995132446289,0,22,7,2020,2,UBL.KA
2020-07-23 00:00:00+05:00,52.796537809716206,53.84655540945934,52.74724207400129,52.91484832763672,1878278,0.0,0.0,0.0,0.006469675545401454,0.01440688513283605,1875389.1,53.001608276367186,0,23,7,2020,3,UBL.KA
2020-07-24 00:00:00+05:00,52.99371468122181,56.883206555547794,52.50074989348951,54.84726333618164,3532762,0.0,0.0,0.0,0.03651933379039174,0.015952565231414834,2035302.7,53.23724575042725,0,24,7,2020,4,UBL.KA
2020-07-27 00:00:00+05:00,54.96065147713163,56.64166346385658,54.2261348849583,56.153629302978516,4121041,0.0,0.0,0.0,0.023818252494925973,0.016293433621458478,2193550.3,53.55348300933838,0,27,7,2020,0,UBL.KA
2020-07-28 00:00:00+05:00,56.40996937667528,56.93744162920621,55.70502947272988,56.153629302978516,1902041,0.0,0.0,0.0,0.0,0.015870898054878266,2197598.15,53.81352214813232,0,28,7,2020,1,UBL.KA
2020-07-29 00:00:00+05:00,56.47403825390364,56.67615559845372,55.60642303721445,55.7641716003418,1720816,0.0,0.0,0.0,-0.006935574912449338,0.015092521200968118,2216647.65,54.103384780883786,0,29,7,2020,2,UBL.KA
2020-07-30 00:00:00+05:00,55.754337091454786,56.19800631456409,55.46841650755944,56.09941482543945,1862708,0.0,0.0,0.0,0.006011803196868559,0.014879838350756729,1927216.9,54.369093894958496,0,30,7,2020,3,UBL.KA
2020-07-31 00:00:00+05:00,56.09941482543945,56.09941482543945,56.09941482543945,56.09941482543945,0,0.0,0.0,0.0,0.0,0.014577349376553288,1832695.15,54.5879711151123,0,31,7,2020,4,UBL.KA
2020-08-03 00:00:00+05:00,56.1979882819226,57.676882710394246,55.961363518517004,57.2282829284668,3297252,0.0,0.0,0.0,0.02012263597650632,0.014926932246786309,1940265.3,54.86772842407227,0,3,8,2020,0,UBL.KA
2020-08-04 00:00:00+05:00,57.89871937142452,61.517083278869016,57.86914268433851,60.383262634277344,6918104,0.0,0.0,0.0,0.055129728595110006,0.01859159413296074,2198276.9,55.27072715759277,0,4,8,2020,1,UBL.KA
2020-08-05 00:00:00+05:00,60.88115171186118,61.24594460425475,59.328311867410754,59.62902069091797,3502398,0.0,0.0,0.0,-0.012490910733452432,0.018302065705261373,2256009.85,55.55787906646729,0,5,8,2020,2,UBL.KA
2020-08-06 00:00:00+05:00,60.14170173290082,61.63045367832427,58.66280742799342,59.21985626220703,4096762,0.0,0.0,0.0,-0.006861833784455484,0.01833205473176635,2371181.45,55.78340950012207,0,6,8,2020,3,UBL.KA
2020-08-07 00:00:00+05:00,59.638891026138815,59.638891026138815,57.03603337952251,57.42547607421875,2439756,0.0,0.0,0.0,-0.030300313125437572,0.01986964094080534,2460897.0,55.921932983398435,0,7,8,2020,4,UBL.KA
2020-08-10 00:00:00+05:00,57.90856866118119,57.94800674306175,56.572634665913085,56.93742752075195,1158176,0.0,0.0,0.0,-0.00849881597561375,0.020018156277050742,2448892.9,56.03679294586182,0,10,8,2020,0,UBL.KA
2020-08-11 00:00:00+05:00,56.93743718964389,59.72268919831161,56.74025050777816,58.77126693725586,2883903,0.0,0.0,0.0,0.032207978062154696,0.02110761017635329,2533274.9,56.228309631347656,0,11,8,2020,1,UBL.KA
2020-08-12 00:00:00+05:00,59.69803692519976,60.58537507551586,59.40225879543538,59.767051696777344,1852308,0.0,0.0,0.0,0.01694339447513671,0.02131339298357678,2508885.6,56.46345386505127,0,12,8,2020,2,UBL.KA
2020-08-13 00:00:00+05:00,59.648754512331614,60.13186178224065,58.76141616393699,59.89523696899414,703194,0.0,0.0,0.0,0.002144748127565821,0.021316942537156505,2515070.8,56.6899715423584,0,13,8,2020,3,UBL.KA
2020-08-14 00:00:00+05:00,59.89523696899414,59.89523696899414,59.89523696899414,59.89523696899414,0,0.0,0.0,0.0,0.0,0.021249328482297703,2476498.4,56.928320503234865,0,14,8,2020,4,UBL.KA
2020-08-17 00:00:00+05:00,60.38818692067202,60.38818692067202,59.303665884465026,59.62902069091797,407163,0.0,0.0,0.0,-0.004444698636286937,0.02117795194185226,2427152.75,57.173323249816896,0,17,8,2020,0,UBL.KA
2020-08-18 00:00:00+05:00,59.40226027253821,60.10226940795909,58.21914396303823,58.367034912109375,903355,0.0,0.0,0.0,-0.021163952789867047,0.021652094374553916,2420200.0,57.38776264190674,0,18,8,2020,1,UBL.KA
2020-08-19 00:00:00+05:00,58.36703422637539,59.15577716976769,57.99731061906434,58.2536506652832,1049616,0.0,0.0,0.0,-0.001942607620841308,0.02038529859036656,2211481.65,57.671709823608396,0,19,8,2020,2,UBL.KA
2020-08-20 00:00:00+05:00,58.16984346771144,58.98323609891364,57.99730654861345,58.431114196777344,764947,0.0,0.0,0.0,0.0030463933069846405,0.02038965389906924,2155815.1,57.94752311706543,0,20,8,2020,3,UBL.KA
2020-08-21 00:00:00+05:00,58.46562194824219,58.85999527525128,57.726174780867225,58.46562194824219,867772,0.0,0.0,0.0,0.0005905715120995136,0.019018452348568412,2022565.6,58.12844104766846,0,21,8,2020,4,UBL.KA
2020-08-24 00:00:00+05:00,58.65297132510196,58.65297132510196,57.9233815452558,58.268455505371094,283621,0.0,0.0,0.0,-0.003372348335670461,0.018442838818609163,1830694.6,58.234182357788086,0,24,8,2020,0,UBL.KA
2020-08-25 00:00:00+05:00,58.416335023016806,59.648747154304075,58.416335023016806,59.50578689575195,950684,0.0,0.0,0.0,0.021235012660783648,0.018925994104094724,1783126.75,58.40179023742676,0,25,8,2020,1,UBL.KA
2020-08-26 00:00:00+05:00,59.9198909367345,62.06428770843435,59.16072446545455,61.66991424560547,2305415,0.0,0.0,0.0,0.036368351092387785,0.020157912266435218,1812356.7,58.69707736968994,0,26,8,2020,2,UBL.KA
2020-08-27 00:00:00+05:00,62.06425758347885,62.754408927929404,61.275514801687756,61.87200164794922,3976977,0.0,0.0,0.0,0.003276920437069508,0.02016165022938571,1918070.15,58.98570671081543,0,27,8,2020,3,UBL.KA
2020-08-28 00:00:00+05:00,61.99032511159811,63.345978344654924,61.743842705587774,62.47835922241211,1272880,0.0,0.0,0.0,0.009800193275030233,0.020150277311517424,1981714.15,59.30465393066406,0,28,8,2020,4,UBL.KA
2020-08-31 00:00:00+05:00,62.16286234160473,62.55230499629077,60.88115457641121,61.53186798095703,1664929,0.0,0.0,0.0,-0.015149105277968866,0.020353862086447856,1900098.0,59.519833183288576,0,31,8,2020,0,UBL.KA
2020-09-01 00:00:00+05:00,62.32059685975148,62.36003493864259,60.68395419599242,61.15719985961914,630687,0.0,0.0,0.0,-0.0060890093805350265,0.016463923171799753,1585727.15,59.55853004455567,0,1,9,2020,1,UBL.KA
2020-09-02 00:00:00+05:00,61.52202595796089,63.49388571608753,61.25089373680887,62.670631408691406,1465774,0.0,0.0,0.0,0.024746580166296273,0.016983304745067186,1483895.95,59.71061058044434,0,2,9,2020,2,UBL.KA
2020-09-03 00:00:00+05:00,63.34597586478218,63.838940657504224,62.70512012983438,62.961463928222656,925916,0.0,0.0,0.0,0.004640650859804696,0.01683921574382345,1325353.65,59.89769096374512,0,3,9,2020,3,UBL.KA
2020-09-04 00:00:00+05:00,62.60654169467102,63.8389539327551,61.42342519390558,61.81779861450195,1663708,0.0,0.0,0.0,-0.018164528623802356,0.015751999567729935,1286551.25,60.117307090759276,0,4,9,2020,4,UBL.KA
2020-09-07 00:00:00+05:00,62.28610622223901,62.36005169977936,61.497363237529456,61.72905731201172,366368,0.0,0.0,0.0,-0.0014355299683773692,0.015539280609234062,1246960.85,60.35688858032226,0,7,9,2020,0,UBL.KA
2020-09-08 00:00:00+05:00,62.207241974686326,62.207241974686326,61.157224329953294,61.46286392211914,504181,0.0,0.0,0.0,-0.004312286652088271,0.014154155339195682,1127974.75,60.49146842956543,0,8,9,2020,1,UBL.KA
2020-09-09 00:00:00+05:00,60.83678831963232,61.46285196640455,60.442414971681494,60.74805450439453,1111887,0.0,0.0,0.0,-0.011629939968797354,0.014043744275365266,1090953.7,60.540518569946286,0,9,9,2020,2,UBL.KA
2020-09-10 00:00:00+05:00,61.15229329735567,62.606538151585475,61.12764354957952,62.364986419677734,1260263,0.0,0.0,0.0,0.026617015614322836,0.015177586229100974,1118807.15,60.664006042480466,0,10,9,2020,3,UBL.KA
2020-09-11 00:00:00+05:00,62.66075674662592,65.07135434535614,61.867083108653,63.735416412353516,2290308,0.0,0.0,0.0,0.021974349251896452,0.015797904912315617,1233322.55,60.856015014648435,0,11,9,2020,4,UBL.KA
2020-09-14 00:00:00+05:00,64.08541974664763,64.3269751905521,63.09949021208382,63.6762580871582,830533,0.0,0.0,0.0,-0.0009281860624016369,0.01572740854992112,1254491.05,61.05837688446045,0,14,9,2020,0,UBL.KA
2020-09-15 00:00:00+05:00,64.06078921998014,64.07065062445658,62.60654422468247,62.73964309692383,313236,0.0,0.0,0.0,-0.014709014291517608,0.015255838331022975,1224985.1,61.277007293701175,0,15,9,2020,1,UBL.KA
2020-09-16 00:00:00+05:00,62.75442489012765,62.779070875220604,61.86708668427066,62.07413101196289,1405839,0.0,0.0,0.0,-0.010607521052244717,0.015545640469264845,1242796.25,61.468031311035155,0,16,9,2020,2,UBL.KA
2020-09-17 00:00:00+05:00,62.36004468404179,63.5924566343193,62.11356229398629,62.3551139831543,1114367,0.0,0.0,0.0,0.004526571159526371,0.015547918192310396,1260267.25,61.664231300354004,0,17,9,2020,3,UBL.KA
2020-09-18 00:00:00+05:00,62.59666919927484,63.98189526165683,62.36004445085635,63.557945251464844,1938857,0.0,0.0,0.0,0.01929001795483054,0.015929607437767574,1313821.5,61.918847465515135,0,18,9,2020,4,UBL.KA
2020-09-21 00:00:00+05:00,64.06077994800899,64.06077994800899,62.36005274129215,62.60160446166992,1680146,0.0,0.0,0.0,-0.01504675435952485,0.0164316833591429,1383647.75,62.13550491333008,0,21,9,2020,0,UBL.KA
2020-09-22 00:00:00+05:00,62.108635298788656,62.108635298788656,61.25087758330409,61.63045883178711,1123946,0.0,0.0,0.0,-0.015513110857684698,0.016424682507296885,1392310.85,62.24173851013184,0,22,9,2020,1,UBL.KA
2020-09-23 00:00:00+05:00,61.374128292749795,62.10371797871078,61.176941586190864,61.29032516479492,172609,0.0,0.0,0.0,-0.005518921543656519,0.014333320346197906,1285670.55,62.222759056091306,0,23,9,2020,2,UBL.KA
2020-09-24 00:00:00+05:00,61.566383624887365,61.57131432677897,59.155785660119385,61.17694091796875,1693239,0.0,0.0,0.0,-0.0018499534228495484,0.014313478661377037,1171483.65,62.18800601959229,0,24,9,2020,3,UBL.KA
2020-09-25 00:00:00+05:00,61.47271352782881,61.47271352782881,59.1705686469896,60.19100570678711,754363,0.0,0.0,0.0,-0.016116124742223792,0.014506780493200389,1145557.8,62.073638343811034,0,25,9,2020,4,UBL.KA
2020-09-28 00:00:00+05:00,60.88116908825884,60.88116908825884,58.243807454858896,58.69733428955078,1249111,0.0,0.0,0.0,-0.024815525171859698,0.015124103690588336,1124766.9,61.931911659240725,0,28,9,2020,0,UBL.KA
2020-09-29 00:00:00+05:00,58.90930941352011,59.40227434585083,57.19872049656871,59.12128448486328,1655523,0.0,0.0,0.0,0.0072226481908219675,0.0152386049771055,1176008.7,61.83011589050293,0,29,9,2020,1,UBL.KA
2020-09-30 00:00:00+05:00,58.71210276749741,59.15084110752689,56.60714487550333,56.745174407958984,4535306,0.0,0.0,0.0,-0.040190433912386414,0.016220082692414005,1329485.3,61.53384304046631,0,30,9,2020,2,UBL.KA
2020-10-01 00:00:00+05:00,56.93743847746347,58.21914629704589,56.44447364216076,57.97266387939453,1922066,0.0,0.0,0.0,0.021631609810743413,0.01715987165993693,1379292.8,61.284403038024905,0,1,10,2020,3,UBL.KA
2020-10-02 00:00:00+05:00,57.731111979660774,58.71704164713202,57.43040313020019,57.593082427978516,2180416,0.0,0.0,0.0,-0.006547593745315772,0.016848205300688646,1405128.2,61.07316722869873,0,2,10,2020,4,UBL.KA
2020-10-05 00:00:00+05:00,57.183921006977876,57.91843755992928,56.469123498799945,57.41561508178711,802771,0.0,0.0,0.0,-0.0030814003819527036,0.016842134091063218,1426948.35,60.8574951171875,0,5,10,2020,0,UBL.KA
2020-10-06 00:00:00+05:00,57.67688849052952,57.75083397156821,56.617013291704,57.6128044128418,920444,0.0,0.0,0.0,0.0034344199008196075,0.016910930116114282,1447761.5,60.66499214172363,0,6,10,2020,1,UBL.KA
2020-10-07 00:00:00+05:00,58.41632843017578,59.08183015375801,57.30715763719776,58.41632843017578,1590790,0.0,0.0,0.0,0.013946969350356442,0.0171960497028357,1471706.65,60.5484058380127,0,7,10,2020,2,UBL.KA
2020-10-08 00:00:00+05:00,59.00788413944277,59.895222270075266,57.92336310069007,59.540287017822266,1218871,0.0,0.0,0.0,0.01924048665588307,0.01662373982659701,1469637.05,60.40717086791992,0,8,10,2020,3,UBL.KA
2020-10-09 00:00:00+05:00,59.89029117638627,60.881151455592025,58.9092922991356,60.57551193237305,812885,0.0,0.0,0.0,0.01738696547164631,0.016301405773530144,1395765.9,60.2491756439209,0,9,10,2020,4,UBL.KA
2020-10-12 00:00:00+05:00,60.63960470302071,61.36426360382843,60.14170917235977,60.422698974609375,1776638,0.0,0.0,0.0,-0.0025226853705219154,0.016297664389044387,1443071.15,60.086497688293456,0,12,10,2020,0,UBL.KA
2020-10-13 00:00:00+05:00,60.28959655761719,61.1227045123041,59.40225841301362,60.28959655761719,1309179,0.0,0.0,0.0,-0.0022028545439209957,0.01604216578612491,1492868.3,59.963995361328124,0,13,10,2020,1,UBL.KA
2020-10-14 00:00:00+05:00,60.63467297895141,60.63467297895141,59.67832002274787,60.531150817871094,209756,0.0,0.0,0.0,0.004006566207870765,0.015955669050593594,1433064.15,59.88684635162353,0,14,10,2020,2,UBL.KA
2020-10-15 00:00:00+05:00,60.88114598858037,61.0783326387236,59.72267959039489,60.26987075805664,422901,0.0,0.0,0.0,-0.004316456176433947,0.01591296318270803,1398490.85,59.78258419036865,0,15,10,2020,3,UBL.KA
2020-10-16 00:00:00+05:00,61.00440048813203,61.0783459682011,59.2543737575985,60.486785888671875,1090938,0.0,0.0,0.0,0.0035990641407877,0.015200830522249046,1356094.9,59.629026222229,0,16,10,2020,4,UBL.KA
2020-10-19 00:00:00+05:00,60.38819297270556,60.96989163504684,60.166360298847785,60.3487548828125,259361,0.0,0.0,0.0,-0.002282002652834403,0.014905337946878785,1285055.65,59.516383743286134,0,19,10,2020,0,UBL.KA
2020-10-20 00:00:00+05:00,60.388184465041434,60.77762708556728,59.900150394696034,60.112125396728516,606709,0.0,0.0,0.0,-0.003921033442089716,0.014562372404862531,1259193.8,59.440467071533206,0,20,10,2020,1,UBL.KA
2020-10-21 00:00:00+05:00,60.141699946604156,60.88607777771813,59.99380901609691,60.674102783203125,2011142,0.0,0.0,0.0,0.009348819107054762,0.014706107051996119,1351120.45,59.40965595245361,0,21,10,2020,2,UBL.KA
2020-10-22 00:00:00+05:00,60.63466986171949,61.12270395630057,59.94451839564167,60.08747863769531,1215668,0.0,0.0,0.0,-0.009668443678580663,0.014849853902276573,1327241.9,59.355182838439944,0,22,10,2020,3,UBL.KA
2020-10-23 00:00:00+05:00,60.610021097107776,60.87622254236969,59.65367193563681,60.02339553833008,1158958,0.0,0.0,0.0,-0.0010664967280725746,0.01440719407991063,1347471.65,59.34680233001709,0,23,10,2020,4,UBL.KA
2020-10-26 00:00:00+05:00,59.643820923607194,60.63468140452384,57.75083755334268,58.68254089355469,1481085,0.0,0.0,0.0,-0.02233886691597009,0.01419207165735319,1359070.35,59.346062660217285,0,26,10,2020,0,UBL.KA
2020-10-27 00:00:00+05:00,59.155787028936935,59.155787028936935,56.94730265833955,57.82478332519531,926750,0.0,0.0,0.0,-0.014616912548406469,0.014451715800673538,1322631.7,59.28123760223389,0,27,10,2020,1,UBL.KA
2020-10-28 00:00:00+05:00,58.14520950971485,58.14520950971485,56.1979996236556,56.503639221191406,1475084,0.0,0.0,0.0,-0.022847367997456236,0.012343431999933973,1169620.6,59.26916084289551,0,28,10,2020,2,UBL.KA
2020-10-29 00:00:00+05:00,55.77896995646564,55.956437591978805,52.357792913101115,54.043731689453125,2456772,0.0,0.0,0.0,-0.0435353822451795,0.01467463465973477,1196355.9,59.072714233398436,0,29,10,2020,3,UBL.KA
2020-10-30 00:00:00+05:00,54.043731689453125,54.043731689453125,54.043731689453125,54.043731689453125,0,0.0,0.0,0.0,0.0,0.014673735771640212,1087335.1,58.89524669647217,0,30,10,2020,4,UBL.KA
2020-11-02 00:00:00+05:00,53.24020345530021,53.24020345530021,52.25920446323815,52.48103713989258,1001019,0.0,0.0,0.0,-0.028915370954399,0.01577067680940842,1097247.5,58.648517799377444,0,2,11,2020,0,UBL.KA
2020-11-03 00:00:00+05:00,53.23527268806335,56.39517915749724,53.23527268806335,55.98108673095703,3165614,0.0,0.0,0.0,0.06669170012274672,0.02237660210363856,1209506.0,58.566931915283206,0,3,11,2020,1,UBL.KA
2020-11-04 00:00:00+05:00,56.48882805399307,56.69094540376687,54.709228793198136,54.78810119628906,587235,0.0,0.0,0.0,-0.021310510465818777,0.02250886920952247,1159328.25,58.38552055358887,0,4,11,2020,2,UBL.KA
2020-11-05 00:00:00+05:00,55.65573792763393,56.49377675270389,55.014882053622514,56.14377212524414,368819,0.0,0.0,0.0,0.02474389327890969,0.022826004726586618,1116825.65,58.21569480895996,0,5,11,2020,3,UBL.KA
2020-11-06 00:00:00+05:00,56.19799072545723,56.64165982549443,54.66980050179417,54.995155334472656,946159,0.0,0.0,0.0,-0.02045848982517917,0.022642121409921584,1123489.35,57.93667697906494,0,6,11,2020,4,UBL.KA
2020-11-09 00:00:00+05:00,54.71909253393907,55.631076657300135,53.73316293873296,54.95078659057617,392479,0.0,0.0,0.0,-0.0008067754991624154,0.022653577898931288,1054281.4,57.663081359863284,0,9,11,2020,0,UBL.KA
2020-11-10 00:00:00+05:00,58.416329282645876,58.44097902725871,57.43533037562712,57.88392639160156,4095044,0.0,0.0,0.0,0.053377576246168124,0.026096997269130978,1193574.65,57.5427978515625,0,10,11,2020,1,UBL.KA
2020-11-11 00:00:00+05:00,57.88392718663959,58.36210365492181,57.19377569925359,57.6522331237793,412727,0.0,0.0,0.0,-0.004002722038149109,0.0260659979897595,1203723.2,57.39885196685791,0,11,11,2020,2,UBL.KA
2020-11-12 00:00:00+05:00,57.68181400400574,57.795193805180155,55.212059230005636,56.10432434082031,960596,0.0,0.0,0.0,-0.026849068962092493,0.026646588123490418,1230607.95,57.190574645996094,0,12,11,2020,3,UBL.KA
2020-11-13 00:00:00+05:00,55.97616620829096,56.75997859832473,55.2613648427324,56.43462371826172,637216,0.0,0.0,0.0,0.005887235633298404,0.026682398811375175,1207921.85,56.987966537475586,0,13,11,2020,4,UBL.KA
2020-11-16 00:00:00+05:00,56.69094695618535,57.62758074505729,56.69094695618535,57.410675048828125,2365411,0.0,0.0,0.0,0.017295257171185296,0.02707135599642922,1313224.35,56.84106254577637,0,16,11,2020,0,UBL.KA
2020-11-17 00:00:00+05:00,58.026887530413596,60.486780887563015,57.67688296545029,59.658599853515625,1572946,0.0,0.0,0.0,0.03915517110320721,0.028593779501999757,1361536.2,56.818386268615725,0,17,11,2020,1,UBL.KA
2020-11-18 00:00:00+05:00,59.1607098887377,60.26495004714908,59.03746868209731,59.61916732788086,724210,0.0,0.0,0.0,-0.0006609696796704423,0.028509084695108558,1297189.6,56.76563949584961,0,18,11,2020,2,UBL.KA
2020-11-19 00:00:00+05:00,59.64874232275372,60.38818954163084,59.15577751016898,60.12691879272461,526712,0.0,0.0,0.0,0.008516580952084185,0.028491143895948607,1262741.8,56.767611503601074,0,19,11,2020,3,UBL.KA
2020-11-20 00:00:00+05:00,59.7769232301324,60.383267934760475,58.44098883814504,58.860008239746094,1046230,0.0,0.0,0.0,-0.02107060495392976,0.028894094683605282,1257105.4,56.709442138671875,0,20,11,2020,4,UBL.KA
2020-11-23 00:00:00+05:00,58.81070293841884,58.81070293841884,57.55364117703794,58.21914291381836,1173609,0.0,0.0,0.0,-0.010887958481374804,0.02855181969895557,1241731.6,56.68627223968506,0,23,11,2020,0,UBL.KA
2020-11-24 00:00:00+05:00,58.65295864209003,59.10648539475004,58.224077874952215,58.72197341918945,527507,0.0,0.0,0.0,0.008636858603628506,0.02839895419489809,1221769.45,56.73113174438477,0,24,11,2020,1,UBL.KA
2020-11-25 00:00:00+05:00,59.643812508588255,59.643812508588255,58.90929597999941,59.33817672729492,1570897,0.0,0.0,0.0,0.010493572886365321,0.027890288518158522,1226560.1,56.87285861968994,0,25,11,2020,2,UBL.KA
2020-11-26 00:00:00+05:00,60.14170043261377,60.14170043261377,59.05717947020519,59.24943542480469,1506844,0.0,0.0,0.0,-0.001495517850136685,0.025712326379139068,1179063.7,57.13314380645752,0,26,11,2020,3,UBL.KA
2020-11-27 00:00:00+05:00,59.22478080614743,59.64873076369681,58.29307779179461,58.5001220703125,730925,0.0,0.0,0.0,-0.012646759401499508,0.025993584610722497,1215609.95,57.35596332550049,0,27,11,2020,4,UBL.KA
2020-11-30 00:00:00+05:00,59.09662787949075,60.136784066947534,57.731116830164574,59.40226745605469,1432815,0.0,0.0,0.0,0.015421256466061406,0.024879877441992774,1237199.75,57.70202484130859,0,30,11,2020,0,UBL.KA
2020-12-01 00:00:00+05:00,59.90016071632271,60.14171244271922,59.402265158587426,60.00861358642578,4208758,0.0,0.0,0.0,0.01020745766682496,0.020509954741641464,1289356.95,57.90340118408203,0,1,12,2020,1,UBL.KA
2020-12-02 00:00:00+05:00,60.38326106265406,60.63467417941128,59.89522693332089,60.0776252746582,800709,0.0,0.0,0.0,0.0011500297058693043,0.01966733923371753,1300030.65,58.16787738800049,0,2,12,2020,2,UBL.KA
2020-12-03 00:00:00+05:00,60.383265883870465,60.63467902070141,60.14171415061441,60.48186111450195,1081991,0.0,0.0,0.0,0.006728558893526415,0.01911051531357739,1335689.25,58.38478183746338,0,3,12,2020,3,UBL.KA
2020-12-04 00:00:00+05:00,60.57551611238595,61.56637645996601,60.240299882215844,61.12270736694336,2005232,0.0,0.0,0.0,0.010595676796852915,0.01827038303561818,1388642.9,58.69115943908692,0,4,12,2020,4,UBL.KA
2020-12-07 00:00:00+05:00,60.90580388234764,62.06427043559148,60.881154137396976,61.28538513183594,915004,0.0,0.0,0.0,0.002661494752121518,0.01822425010950715,1414769.15,59.007889366149904,0,7,12,2020,0,UBL.KA
2020-12-08 00:00:00+05:00,61.51215046450391,62.01497669383438,61.15228824724063,61.881874084472656,818960,0.0,0.0,0.0,0.009732972247030292,0.01442170177511703,1250964.95,59.20778675079346,0,8,12,2020,1,UBL.KA
2020-12-09 00:00:00+05:00,62.010045166679475,63.17343868188,61.86708491753928,62.36990737915039,1156584,0.0,0.0,0.0,0.007886530618183007,0.014343442476628998,1288157.8,59.443670463562015,0,9,12,2020,2,UBL.KA
2020-12-10 00:00:00+05:00,61.94102867543721,63.02554974509177,61.94102867543721,62.15300369262695,1316464,0.0,0.0,0.0,-0.0034776977494108685,0.012532318925956807,1305951.2,59.74610443115235,0,10,12,2020,3,UBL.KA
2020-12-11 00:00:00+05:00,62.6558399639932,63.83895651256992,61.62061439437251,62.73964309692383,1970864,0.0,0.0,0.0,0.009438633202637492,0.01256758271002511,1372633.6,60.061355400085446,0,11,12,2020,4,UBL.KA
2020-12-14 00:00:00+05:00,62.80864280467839,63.83893736300668,62.80864280467839,63.6762580871582,863568,0.0,0.0,0.0,0.01492859927155532,0.01246021029468239,1297541.45,60.37463455200195,0,14,12,2020,0,UBL.KA
2020-12-15 00:00:00+05:00,63.98683382207815,64.70163129194182,63.3804892121437,63.93753433227539,1217596,0.0,0.0,0.0,0.004103197219276877,0.009573270589032498,1279773.95,60.588581275939944,0,15,12,2020,1,UBL.KA
2020-12-16 00:00:00+05:00,64.57838882743633,64.57838882743633,62.86286966785739,63.15372085571289,2430853,0.0,0.0,0.0,-0.012259050724244713,0.01017198083798199,1365106.1,60.765308952331544,0,16,12,2020,2,UBL.KA
2020-12-17 00:00:00+05:00,63.98683792583927,63.98683792583927,62.65583059728493,63.548099517822266,2695219,0.0,0.0,0.0,0.0062447415095368,0.010118895176310792,1473531.45,60.936367988586426,0,17,12,2020,3,UBL.KA
2020-12-18 00:00:00+05:00,63.19808548774695,64.20373788623927,63.19808548774695,63.9326057434082,1238781,0.0,0.0,0.0,0.006050632961542846,0.008424176928180928,1483159.0,61.189997863769534,0,18,12,2020,4,UBL.KA
2020-12-21 00:00:00+05:00,63.93260517164874,64.33190545022627,62.606528675699124,62.961463928222656,998298,0.0,0.0,0.0,-0.015190086559011773,0.008872080739944875,1474393.45,61.427113914489745,0,21,12,2020,0,UBL.KA
2020-12-22 00:00:00+05:00,63.09457351809635,63.09457351809635,61.6945550735075,61.91145706176758,751570,0.0,0.0,0.0,-0.016676976692475032,0.00991427175409957,1485596.6,61.586588096618655,0,22,12,2020,1,UBL.KA
2020-12-23 00:00:00+05:00,61.81779629268709,62.72978056241135,61.63046723247905,61.91145706176758,622377,0.0,0.0,0.0,0.0,0.009756238399495121,1438170.6,61.71525211334229,0,23,12,2020,2,UBL.KA
2020-12-24 00:00:00+05:00,62.11355370287557,62.85300077076695,62.11355370287557,62.463558197021484,2891857,0.0,0.0,0.0,0.008917592340026648,0.009827908862722045,1507421.25,61.87595825195312,0,24,12,2020,3,UBL.KA
2020-12-25 00:00:00+05:00,62.463558197021484,62.463558197021484,62.463558197021484,62.463558197021484,0,0.0,0.0,0.0,0.0,0.009174247982402293,1470875.0,62.074130058288574,0,25,12,2020,4,UBL.KA
2020-12-28 00:00:00+05:00,61.89173098284725,62.80371509352687,61.86708123890069,62.06919860839844,418199,0.0,0.0,0.0,-0.006313434584997002,0.008950303313836047,1420144.2,62.20747661590576,0,28,12,2020,0,UBL.KA
2020-12-29 00:00:00+05:00,61.87202970561867,62.31076819448062,59.15579187557832,60.0135498046875,910996,0.0,0.0,0.0,-0.03311866190959312,0.011730839792193732,1255256.1,62.207723426818845,0,29,12,2020,1,UBL.KA
2020-12-30 00:00:00+05:00,61.10298936677378,61.37412152853804,60.462137342366816,61.270599365234375,821538,0.0,0.0,0.0,0.020946095750674854,0.012627631969461038,1256297.55,62.267372131347656,0,30,12,2020,2,UBL.KA
2020-12-31 00:00:00+05:00,61.49736816653636,62.8480908711757,60.93045780798683,62.044559478759766,442186,0.0,0.0,0.0,0.01263183519573241,0.012834406406700426,1224307.3,62.345507049560545,0,31,12,2020,3,UBL.KA
2021-01-01 00:00:00+05:00,62.36005608823349,66.29884810956949,61.625539484628625,64.06078338623047,1735326,0.0,0.0,0.0,0.03249638524971621,0.014491607188615202,1210812.0,62.492410850524905,0,1,1,2021,4,UBL.KA
2021-01-04 00:00:00+05:00,64.33190947084925,65.02205721497472,63.34597982378643,64.1544418334961,1100394,0.0,0.0,0.0,0.0014620246945926674,0.01449316838000004,1220081.5,62.63586368560791,0,4,1,2021,0,UBL.KA
2021-01-05 00:00:00+05:00,64.45516176062694,65.75658881766515,63.91289735267453,64.16431427001953,1173947,0.0,0.0,0.0,0.00015388547139205677,0.014395691748633891,1237830.85,62.749985694885254,0,5,1,2021,1,UBL.KA
2021-01-06 00:00:00+05:00,64.57838907197709,65.51501918710342,64.331906670939,64.81501007080078,842040,0.0,0.0,0.0,0.010141085557977991,0.014453655723357675,1222103.65,62.87224082946777,0,6,1,2021,2,UBL.KA
2021-01-07 00:00:00+05:00,65.26854702077436,69.0150831128629,65.07629101869898,68.67987060546875,4146663,0.0,0.0,0.0,0.05962909718668841,0.019273950034268912,1363613.6,63.198584175109865,0,7,1,2021,3,UBL.KA
2021-01-08 00:00:00+05:00,69.01016638893775,72.41654849299482,69.01016638893775,70.8292007446289,3092650,0.0,0.0,0.0,0.03129490664749457,0.020128817898996124,1419702.9,63.603062057495116,0,8,1,2021,4,UBL.KA
2021-01-11 00:00:00+05:00,70.98692930227237,72.46582366273637,69.6312761385137,69.82353210449219,1646822,0.0,0.0,0.0,-0.014198503294744258,0.020519448697136247,1458865.6,63.91042575836182,0,11,1,2021,0,UBL.KA
2021-01-12 00:00:00+05:00,70.31650580706626,71.23342072769563,69.26156133038917,69.58198547363281,1494768,0.0,0.0,0.0,-0.00345938716617622,0.02060278222707391,1472724.2,64.1926483154297,0,12,1,2021,1,UBL.KA
2021-01-13 00:00:00+05:00,70.56791618259608,70.56791618259608,68.27563260922771,68.53690338134766,2514574,0.0,0.0,0.0,-0.015019434774266038,0.020729378079076703,1476910.25,64.46180744171143,0,13,1,2021,2,UBL.KA
2021-01-14 00:00:00+05:00,68.76860274631825,69.16297616611878,67.78267295784056,68.46296691894531,4942009,0.0,0.0,0.0,-0.0010787832358131189,0.02075787330289959,1589249.75,64.70755081176758,0,14,1,2021,3,UBL.KA
2021-01-15 00:00:00+05:00,69.00028229534861,69.25662609245994,67.48687677864888,68.44322967529297,1628181,0.0,0.0,0.0,-0.00028829080217496195,0.020772233301323217,1608719.75,64.93308200836182,0,15,1,2021,4,UBL.KA
2021-01-18 00:00:00+05:00,68.96577931640138,73.57500366003639,68.49746421459942,69.67072296142578,5329642,0.0,0.0,0.0,0.017934473460067046,0.020512749371147082,1825286.95,65.26854496002197,0,18,1,2021,0,UBL.KA
2021-01-19 00:00:00+05:00,70.00100425113992,71.23341629781491,68.18689732901649,68.65521240234375,2569186,0.0,0.0,0.0,-0.014575857920181012,0.02039948538722516,1916167.75,65.60573272705078,0,19,1,2021,1,UBL.KA
2021-01-20 00:00:00+05:00,68.46789241741129,68.51719191461542,67.53126214691014,68.28056335449219,6072085,0.0,0.0,0.0,-0.0054569643693764824,0.02051138709391533,2188653.15,65.92418804168702,0,20,1,2021,2,UBL.KA
2021-01-21 00:00:00+05:00,68.49745527233945,69.01506980025047,68.0340671715819,68.4185791015625,3972280,0.0,0.0,0.0,0.002021303578791267,0.020501883171112484,2242674.3,66.22193908691406,0,21,1,2021,3,UBL.KA
2021-01-22 00:00:00+05:00,68.42351237563908,70.24255360160757,67.78265666278185,68.6601333618164,3739736,0.0,0.0,0.0,0.0035305360535964336,0.020473920739442247,2429661.1,66.53176784515381,0,22,1,2021,4,UBL.KA
2021-01-25 00:00:00+05:00,68.27563083870105,69.749598429004,67.97984892372199,68.10802459716797,1531249,0.0,0.0,0.0,-0.008041183982836264,0.020527462446290373,2485313.6,66.83370914459229,0,25,1,2021,0,UBL.KA
2021-01-26 00:00:00+05:00,68.45802612419152,68.89183759805351,66.33334883006167,67.66435241699219,1636715,0.0,0.0,0.0,-0.0065142423789256165,0.01871993364893449,2521599.55,67.21624927520752,0,26,1,2021,1,UBL.KA
2021-01-27 00:00:00+05:00,68.1523913434933,70.0010095535338,66.5502555614582,67.08758544921875,2327398,0.0,0.0,0.0,-0.00852394129510059,0.018656243514139352,2596892.55,67.50709857940674,0,27,1,2021,2,UBL.KA
2021-01-28 00:00:00+05:00,67.5361786505036,70.00100268884314,67.08757887023475,68.0044937133789,4293763,0.0,0.0,0.0,0.013667331414903838,0.018680814872968157,2789471.4,67.80509529113769,0,28,1,2021,3,UBL.KA
2021-01-29 00:00:00+05:00,68.07845327842725,69.01015660542053,67.14181548849906,67.43266296386719,3782391,0.0,0.0,0.0,-0.008408720046087503,0.017697496444939967,2891824.65,67.97368927001953,0,29,1,2021,4,UBL.KA
2021-02-01 00:00:00+05:00,67.5361672719312,68.22138793826097,66.30375546039961,66.58967590332031,1694811,0.0,0.0,0.0,-0.0125011681801529,0.018021911661483522,2921545.5,68.09545097351074,0,1,2,2021,0,UBL.KA
2021-02-02 00:00:00+05:00,67.19110850899418,67.48688289674028,66.36292367480294,67.32421112060547,1154465,0.0,0.0,0.0,0.011030767267160346,0.018126594307376027,2920571.4,68.25344581604004,0,2,2,2021,1,UBL.KA
2021-02-03 00:00:00+05:00,67.53124869742669,68.9657705069835,67.51152589365415,68.32984924316406,6060803,0.0,0.0,0.0,0.014937243315886528,0.01826338915050426,3181509.55,68.4291877746582,0,3,2,2021,2,UBL.KA
2021-02-04 00:00:00+05:00,68.76859258701981,71.35665789943454,68.1523865602544,68.38900756835938,5791539,0.0,0.0,0.0,0.0008657757312588998,0.012436983228070343,3263753.35,68.41464462280274,0,4,2,2021,3,UBL.KA
2021-02-05 00:00:00+05:00,68.38900756835938,68.38900756835938,68.38900756835938,68.38900756835938,0,0.0,0.0,0.0,0.0,0.010004840416006074,3109120.85,68.29263496398926,0,5,2,2021,4,UBL.KA
2021-02-08 00:00:00+05:00,68.32492516382482,68.99042313912001,67.65941966648363,68.1375961303711,2106891,0.0,0.0,0.0,-0.0036761966129860157,0.009580901507073403,3132124.3,68.20833816528321,0,8,2,2021,0,UBL.KA
2021-02-09 00:00:00+05:00,68.30026891311633,68.58618937618797,66.50094302824152,66.82630157470703,5817665,0.0,0.0,0.0,-0.019244802137649453,0.010394407889267019,3348269.15,68.07055397033692,0,9,2,2021,1,UBL.KA
2021-02-10 00:00:00+05:00,66.7918152842409,66.7918152842409,66.0622218352063,66.14109802246094,1589278,0.0,0.0,0.0,-0.010253501033273382,0.01013071400464721,3302004.35,67.95076370239258,0,10,2,2021,2,UBL.KA
2021-02-11 00:00:00+05:00,66.54532343980458,66.54532343980458,64.34177010323498,64.6424789428711,1288644,0.0,0.0,0.0,-0.02265791050340482,0.011155168000697224,3119336.1,67.75973930358887,0,11,2,2021,3,UBL.KA
2021-02-12 00:00:00+05:00,65.02204971227148,65.56924090413442,63.345972514480806,63.76499557495117,2544006,0.0,0.0,0.0,-0.013574407762044771,0.011390357015641344,3165127.35,67.52582759857178,0,12,2,2021,4,UBL.KA
2021-02-15 00:00:00+05:00,63.46922491619762,65.26854362344977,63.46922491619762,64.36642456054688,556571,0.0,0.0,0.0,0.009431961535836253,0.01068625201847272,2926473.8,67.26061267852783,0,15,2,2021,0,UBL.KA
2021-02-16 00:00:00+05:00,64.08543138262256,64.57839623941197,63.86359870147668,64.1002197265625,3802866,0.0,0.0,0.0,-0.004135771651165188,0.010387991674504384,2988157.8,67.03286304473878,0,16,2,2021,1,UBL.KA
2021-02-17 00:00:00+05:00,64.57346178123875,65.99812975062062,64.18401537736767,64.52416229248047,2920817,0.0,0.0,0.0,0.006613745907992463,0.0106089761230052,2830594.4,66.84504299163818,0,17,2,2021,2,UBL.KA
2021-02-18 00:00:00+05:00,64.57839673422353,64.57839673422353,62.63118703939487,63.1093635559082,804549,0.0,0.0,0.0,-0.02192665020832274,0.011364124262245789,2672207.85,66.57958221435547,0,18,2,2021,3,UBL.KA
2021-02-19 00:00:00+05:00,63.7650028308092,63.7650028308092,62.60653248854132,63.173439025878906,2122505,0.0,0.0,0.0,0.0010153084480710728,0.01129044022853765,2591346.3,66.3052474975586,0,19,2,2021,4,UBL.KA
2021-02-22 00:00:00+05:00,63.17344622209288,63.31641024931998,58.717047026546304,60.585384368896484,2411633,0.0,0.0,0.0,-0.040967449245912224,0.013977080763463963,2635365.5,65.92911548614502,0,22,2,2021,0,UBL.KA
2021-02-23 00:00:00+05:00,60.713550367063,61.12270831825237,60.13677865664516,60.80228042602539,1868389,0.0,0.0,0.0,0.0035800062901021334,0.014129119167558987,2646949.2,65.58601188659668,0,23,2,2021,1,UBL.KA
2021-02-24 00:00:00+05:00,60.93045361131535,61.70933896294444,59.648745776585116,60.56072998046875,2005249,0.0,0.0,0.0,-0.003972720165496435,0.014110021841945607,2630841.75,65.25966911315918,0,24,2,2021,2,UBL.KA
2021-02-25 00:00:00+05:00,61.60580773602916,64.38120179040637,60.560721072589565,63.03047561645508,4138841,0.0,0.0,0.0,0.040781305588338146,0.01700455396499992,2623095.65,65.01096820831299,0,25,2,2021,3,UBL.KA
2021-02-26 00:00:00+05:00,63.2473871429224,64.80022329826075,62.55723565109255,62.85794448852539,3514012,0.0,0.0,0.0,-0.0027372652076996795,0.0169683257369091,2609676.7,64.7822322845459,0,26,2,2021,4,UBL.KA
2021-03-01 00:00:00+05:00,62.85302401202999,63.838953800453986,60.63468198807599,61.1818733215332,2408336,0.0,0.0,0.0,-0.02666442850828743,0.017651288119040837,2645352.95,64.51184215545655,0,1,3,2021,0,UBL.KA
2021-03-02 00:00:00+05:00,61.2755283770132,62.60653188109979,60.73326406843717,62.29103469848633,3403969,0.0,0.0,0.0,0.018128921471954218,0.01803817769900916,2757828.15,64.26018333435059,0,2,3,2021,1,UBL.KA
2021-03-03 00:00:00+05:00,62.11355992635369,62.47835279664434,61.22622185156814,61.42340850830078,4426349,0.0,0.0,0.0,-0.013928588510131568,0.01761643658328612,2676105.45,63.91486129760742,0,3,3,2021,2,UBL.KA
2021-03-04 00:00:00+05:00,59.89522097107021,61.029041473285595,59.64873858024276,60.08254623413086,4335879,0.0,0.0,0.0,-0.021829825252838497,0.017935525033622196,2603322.45,63.49953823089599,0,4,3,2021,3,UBL.KA
2021-03-05 00:00:00+05:00,60.24029744005272,61.497359192484645,60.1910017119427,61.0931282043457,2077258,0.0,0.0,0.0,0.016819892523808555,0.018627516182311586,2707185.35,63.134744262695314,0,5,3,2021,4,UBL.KA
2021-03-08 00:00:00+05:00,61.4973614156438,61.867085031369115,59.40226092653369,60.531150817871094,2039013,0.0,0.0,0.0,-0.00919870045932003,0.018640610370733248,2703791.45,62.75442199707031,0,8,3,2021,0,UBL.KA
2021-03-09 00:00:00+05:00,60.24029553212135,62.23680442603908,59.796630232159956,61.52200698852539,2318519,0.0,0.0,0.0,0.01636935953250962,0.018980209407953644,2528834.15,62.48920726776123,0,9,3,2021,1,UBL.KA
2021-03-10 00:00:00+05:00,61.47271172525318,62.60653231890239,61.37905096668124,62.02483367919922,1852524,0.0,0.0,0.0,0.008173119104641913,0.01910521305689399,2541996.45,62.28339405059815,0,10,3,2021,2,UBL.KA
2021-03-11 00:00:00+05:00,62.581890132877874,62.581890132877874,60.634680357513496,60.92060089111328,1450761,0.0,0.0,0.0,-0.017803075358447162,0.018872178705071737,2550102.3,62.097300148010255,0,11,3,2021,3,UBL.KA
2021-03-12 00:00:00+05:00,61.86708249343362,62.113564893805865,60.6593202360188,61.52693557739258,3182662,0.0,0.0,0.0,0.009952867788731057,0.01889790225177942,2582035.1,61.98539714813232,0,12,3,2021,4,UBL.KA
2021-03-15 00:00:00+05:00,61.886817685922345,62.80373275545453,61.66991191346667,62.23189163208008,1938399,0.0,0.0,0.0,0.011457681876594794,0.018965533208902735,2651126.5,61.87867050170898,0,15,3,2021,0,UBL.KA
2021-03-16 00:00:00+05:00,62.364989139839516,62.853023326701404,61.87202425100264,62.72978210449219,1154518,0.0,0.0,0.0,0.008000567865680042,0.019071081635341828,2518709.1,61.81014862060547,0,16,3,2021,1,UBL.KA
2021-03-17 00:00:00+05:00,62.80372642083128,65.51502949793525,62.80372642083128,65.26854705810547,2782816,0.0,0.0,0.0,0.040471445435348974,0.02116190729265062,2511809.05,61.84736785888672,0,17,3,2021,2,UBL.KA
2021-03-18 00:00:00+05:00,65.31785067704547,67.04322786474101,64.60305306083826,65.34742736816406,3517444,0.0,0.0,0.0,0.0012085501150864708,0.020476235490663935,2647453.8,61.95927104949951,0,18,3,2021,3,UBL.KA
2021-03-19 00:00:00+05:00,65.7934648759633,65.7934648759633,63.40387175009078,64.21102142333984,1176702,9.5,0.0,0.0,-0.017390217038258715,0.020928722529708118,2600163.65,62.011150169372556,0,19,3,2021,4,UBL.KA
2021-03-22 00:00:00+05:00,64.21103967217714,64.86419709481144,63.5100923180993,63.99863052368164,955312,0.0,0.0,0.0,-0.003307701621158121,0.01850589327766087,2527347.6,62.18181247711182,0,22,3,2021,0,UBL.KA
2021-03-23 00:00:00+05:00,63.99863052368165,63.99863052368165,63.99863052368165,63.99863052368164,0,0.0,0.0,0.0,0.0,0.018516337325839807,2433928.15,62.34162998199463,0,23,3,2021,1,UBL.KA
2021-03-24 00:00:00+05:00,64.18978341927767,64.519017725422,63.45697628138214,64.0464096069336,1768053,0.0,0.0,0.0,0.0007465641508417331,0.018456444692460477,2422068.35,62.51591396331787,0,24,3,2021,2,UBL.KA
2021-03-25 00:00:00+05:00,64.18978361697357,65.58105937144272,63.78089944236022,64.31192016601562,1554704,0.0,0.0,0.0,0.004145596306046384,0.016183482968320572,2292861.5,62.5799861907959,0,25,3,2021,3,UBL.KA
2021-03-26 00:00:00+05:00,64.5137100795534,64.5137100795534,62.9365777965879,63.281742095947266,1523816,0.0,0.0,0.0,-0.01601846232252191,0.016617225396015633,2193351.7,62.60117607116699,0,26,3,2021,4,UBL.KA
2021-03-29 00:00:00+05:00,63.19146737649097,63.456977743619085,62.214391170115526,62.59141540527344,882516,0.0,0.0,0.0,-0.010908781392698685,0.015606010180662945,2117060.7,62.671653175354,0,29,3,2021,0,UBL.KA
2021-03-30 00:00:00+05:00,63.13306668829131,63.191479304194495,61.65151807390282,61.85861587524414,744932,0.0,0.0,0.0,-0.01170766830058867,0.015331703959074242,1984108.85,62.6500322341919,0,30,3,2021,1,UBL.KA
2021-03-31 00:00:00+05:00,62.12942542077772,63.664075006634604,62.12942542077772,63.15960693359375,1471450,0.0,0.0,0.0,0.021031687177958114,0.015677630693658875,1836363.9,62.73684215545654,0,31,3,2021,2,UBL.KA
2021-04-01 00:00:00+05:00,62.660441698614434,63.717171742030516,62.421484007598465,63.212703704833984,1072973,0.0,0.0,0.0,0.0008406760874251074,0.014689680774790333,1673218.6,62.8933500289917,0,1,4,2021,3,UBL.KA
2021-04-02 00:00:00+05:00,63.510092462651755,63.510092462651755,62.67107855243707,62.883487701416016,205134,0.0,0.0,0.0,-0.005208067115040849,0.014393698686409403,1579612.4,62.98286800384521,0,2,4,2021,4,UBL.KA
2021-04-05 00:00:00+05:00,62.7666452821042,62.7666452821042,61.067380658247366,61.35944366455078,651263,0.0,0.0,0.0,-0.024235997279631105,0.015345584618828392,1510224.9,63.0242826461792,0,5,4,2021,0,UBL.KA
2021-04-06 00:00:00+05:00,61.59841479076775,62.288743473625004,61.338215724741325,62.16660690307617,282103,0.0,0.0,0.0,0.01315467009345972,0.015189868720724873,1408404.1,63.056512641906735,0,6,4,2021,1,UBL.KA
2021-04-07 00:00:00+05:00,62.63390796585273,62.63390796585273,60.483275942879985,60.685062408447266,1479482,0.0,0.0,0.0,-0.023831837837615555,0.016016748115932747,1389752.0,62.98952407836914,0,7,4,2021,2,UBL.KA
2021-04-08 00:00:00+05:00,61.20545127745091,63.403876804393995,60.801874382971654,62.24094009399414,572795,0.0,0.0,0.0,0.02563856118454444,0.016550558933444554,1345853.7,63.055541038513184,0,8,4,2021,3,UBL.KA
2021-04-09 00:00:00+05:00,62.1294403023724,63.4516811026297,61.86392987372978,62.89411163330078,629621,0.0,0.0,0.0,0.010494242829883982,0.0165660598613518,1218201.65,63.12389984130859,0,9,4,2021,4,UBL.KA
2021-04-12 00:00:00+05:00,62.92596683367223,63.12775328570147,61.709928676207646,62.16660690307617,819043,0.0,0.0,0.0,-0.011567135799075534,0.016617783707312136,1162233.85,63.1206356048584,0,12,4,2021,0,UBL.KA
2021-04-13 00:00:00+05:00,62.58079551591215,63.722490955810464,61.73116311344138,63.47822189331055,1600982,0.0,0.0,0.0,0.021098384736990994,0.017194522010364408,1184557.05,63.158057594299315,0,13,4,2021,1,UBL.KA
2021-04-14 00:00:00+05:00,63.47821389077737,63.722482922482925,63.127738290047866,63.430419921875,1438080,0.0,0.0,0.0,-0.0007530452178684532,0.014428496793626643,1117320.25,63.066151237487794,0,14,4,2021,2,UBL.KA
2021-04-15 00:00:00+05:00,63.71718195874909,64.20041281093714,63.32422771777626,63.70125198364258,2424845,0.0,0.0,0.0,0.00426975041472466,0.01447299500897018,1062690.3,62.98384246826172,0,15,4,2021,3,UBL.KA
2021-04-16 00:00:00+05:00,63.98270103373714,64.51903322621452,63.3348549490082,63.547264099121094,493567,0.0,0.0,0.0,-0.0024173447102896484,0.013968570105684301,1028533.55,62.95065460205078,0,16,4,2021,4,UBL.KA
2021-04-19 00:00:00+05:00,62.66045499366099,63.92959439357576,62.66045499366099,63.15430450439453,202487,0.0,0.0,0.0,-0.006183737416509794,0.014014517372702269,990892.3,62.90843830108643,0,19,4,2021,0,UBL.KA
2021-04-20 00:00:00+05:00,63.563183520794695,64.0942042822094,62.862236277781946,63.02685546875,463937,0.0,0.0,0.0,-0.002018057781566829,0.014017457498331411,1014089.15,62.859849548339845,0,20,4,2021,1,UBL.KA
2021-04-21 00:00:00+05:00,63.66938882511821,63.72249008991978,62.55424605881798,63.265811920166016,627753,0.0,0.0,0.0,0.003791343382734569,0.014050165219846427,957074.15,62.82081966400146,0,21,4,2021,2,UBL.KA
2021-04-22 00:00:00+05:00,64.78984789764377,66.90861972109568,64.78984789764377,65.87313079833984,4360280,0.0,0.0,0.0,0.04121213020175829,0.016861334534748484,1097352.95,62.89888019561768,0,22,4,2021,3,UBL.KA
2021-04-23 00:00:00+05:00,66.3775863438878,66.3775863438878,65.66070922164708,65.87842559814453,1351262,0.0,0.0,0.0,8.037874836852588e-05,0.016366349167700776,1088725.25,63.02871437072754,0,23,4,2021,4,UBL.KA
2021-04-26 00:00:00+05:00,65.71380855993868,68.76717744252169,65.58105339113072,67.28562927246094,3534963,0.0,0.0,0.0,0.021360614822526047,0.016601284044337538,1221347.6,63.26342506408692,0,26,4,2021,0,UBL.KA
2021-04-27 00:00:00+05:00,66.90862144299801,68.23617345575592,66.90862144299801,67.77949523925781,1841276,0.0,0.0,0.0,0.007339843175086624,0.016209423363102493,1276164.8,63.559469032287595,0,27,4,2021,1,UBL.KA
2021-04-28 00:00:00+05:00,67.97066447657319,69.03270610901964,67.29095848002623,67.42371368408203,4379202,0.0,0.0,0.0,-0.005249103049821957,0.015878062387996286,1421552.4,63.77267436981201,0,28,4,2021,2,UBL.KA
2021-04-29 00:00:00+05:00,67.33344757941286,69.03271273385293,66.64311883152725,67.69454193115234,6573278,0.0,0.0,0.0,0.004016809995653681,0.015867093917539994,1696567.65,63.99676628112793,0,29,4,2021,3,UBL.KA
2021-04-30 00:00:00+05:00,67.4927421550542,68.5016824746441,65.84657850275867,67.02013397216797,5534376,0.0,0.0,0.0,-0.009962516027810175,0.016039883214538666,1963029.75,64.20359859466552,0,30,4,2021,4,UBL.KA
2021-05-03 00:00:00+05:00,67.91756449479304,67.91756449479304,65.9846490111491,66.80242156982422,2441372,0.0,0.0,0.0,-0.0032484626550308704,0.01477979986315929,2052535.2,64.4757474899292,0,3,5,2021,0,UBL.KA
2021-05-04 00:00:00+05:00,67.69984441512185,67.69984441512185,66.91924314757783,67.45026397705078,736377,0.0,0.0,0.0,0.009697888070560712,0.014691503750972657,2075248.9,64.73993034362793,0,4,5,2021,1,UBL.KA
2021-05-05 00:00:00+05:00,68.97448728867876,68.97448728867876,67.45024633440916,68.37136840820312,1015570,4.0,0.0,0.0,0.013656053762306053,0.013249028474098538,2052053.3,65.12424564361572,0,5,5,2021,2,UBL.KA
2021-05-06 00:00:00+05:00,67.5763672176854,68.53586938913327,67.1651520013506,67.39543151855469,2009959,0.0,0.0,0.0,-0.014274058167473291,0.013150799973810133,2123911.5,65.38197021484375,0,6,5,2021,3,UBL.KA
2021-05-07 00:00:00+05:00,67.39543151855469,67.39543151855469,67.39543151855469,67.39543151855469,0,0.0,0.0,0.0,0.0,0.013090084670706716,2092430.45,65.60703620910644,0,7,5,2021,4,UBL.KA
2021-05-10 00:00:00+05:00,67.39543151855469,67.39543151855469,67.39543151855469,67.39543151855469,0,0.0,0.0,0.0,0.0,0.01263498610290158,2051478.3,65.86847743988037,0,10,5,2021,0,UBL.KA
2021-05-11 00:00:00+05:00,67.39543151855469,67.39543151855469,67.39543151855469,67.39543151855469,0,0.0,0.0,0.0,0.0,0.012008115589448684,1971429.2,66.06433792114258,0,11,5,2021,1,UBL.KA
2021-05-12 00:00:00+05:00,67.39543151855469,67.39543151855469,67.39543151855469,67.39543151855469,0,0.0,0.0,0.0,0.0,0.011996685879738098,1899525.2,66.26258850097656,0,12,5,2021,2,UBL.KA
2021-05-13 00:00:00+05:00,67.39543151855469,67.39543151855469,67.39543151855469,67.39543151855469,0,0.0,0.0,0.0,0.0,0.012012821348103312,1778282.95,66.44729747772217,0,13,5,2021,3,UBL.KA
2021-05-14 00:00:00+05:00,67.39543151855469,67.39543151855469,67.39543151855469,67.39543151855469,0,0.0,0.0,0.0,0.0,0.01196868994630678,1753604.6,66.63970584869385,0,14,5,2021,4,UBL.KA
2021-05-17 00:00:00+05:00,67.4667033502187,68.53586111030059,67.02807216587398,67.23641967773438,1240537,0.0,0.0,0.0,-0.0023593860479479423,0.01184395946953601,1805507.1,66.84381160736083,0,17,5,2021,0,UBL.KA
2021-05-18 00:00:00+05:00,67.71343687714123,67.71343687714123,66.75393473515746,66.89100646972656,916177,0.0,0.0,0.0,-0.005137293295261469,0.011936493259439523,1828119.1,67.03701915740967,0,18,5,2021,1,UBL.KA
2021-05-19 00:00:00+05:00,67.30221909757422,67.43929082689719,66.48527276207659,67.1706314086914,5776261,0.0,0.0,0.0,0.004180306945918089,0.011938087965444218,2085544.5,67.23226013183594,0,19,5,2021,2,UBL.KA
2021-05-20 00:00:00+05:00,67.38446446499032,67.38446446499032,65.89312334761364,66.70458984375,582934,0.0,0.0,0.0,-0.0069381745439585085,0.00806826759176038,1896677.2,67.27383308410644,0,20,5,2021,3,UBL.KA
2021-05-21 00:00:00+05:00,66.88551147551438,68.22881676416256,66.88551147551438,67.89984130859375,4305757,0.0,0.0,0.0,0.01791857903097105,0.008939918147662106,2044401.95,67.37490386962891,0,21,5,2021,4,UBL.KA
2021-05-24 00:00:00+05:00,67.98210245240392,68.53587348140101,67.85051474658701,68.23431396484375,2260906,0.0,0.0,0.0,0.004925971103965754,0.0076912604193096964,1980699.1,67.42233810424804,0,24,5,2021,0,UBL.KA
2021-05-25 00:00:00+05:00,68.25624077704934,70.78932797499769,67.98758134461612,69.73661804199219,10083686,0.0,0.0,0.0,0.022016841525254627,0.008952131061668209,2392819.6,67.52019424438477,0,25,5,2021,1,UBL.KA
2021-05-26 00:00:00+05:00,70.1807231260863,71.00315347522013,69.90657967637503,70.48776245117188,481570,0.0,0.0,0.0,0.01077116198447392,0.009036347570373112,2197938.0,67.67339668273925,0,26,5,2021,2,UBL.KA
2021-05-27 00:00:00+05:00,71.1676462457608,72.37387583646291,70.18072808384282,70.66322326660156,2730693,0.0,0.0,0.0,0.0024892379801562114,0.009027196334767996,2005808.75,67.82183074951172,0,27,5,2021,3,UBL.KA
2021-05-28 00:00:00+05:00,71.00315192236887,71.3321274013053,69.63243470379032,70.8496322631836,5073323,0.0,0.0,0.0,0.002637991701549547,0.008562384276072905,1982756.1,68.0133056640625,0,28,5,2021,4,UBL.KA
2021-05-31 00:00:00+05:00,71.2663313342505,72.8673281325553,70.4603488946451,70.8770523071289,2985465,0.0,0.0,0.0,0.00038701744905966784,0.008464879216124115,2009960.75,68.21703720092773,0,31,5,2021,0,UBL.KA
2021-06-01 00:00:00+05:00,71.19505984493597,71.99007420498752,70.83866832753738,70.9154281616211,1347909,0.0,0.0,0.0,0.0005414425860417182,0.008330017646527181,2040537.35,68.39029541015626,0,1,6,2021,1,UBL.KA
2021-06-02 00:00:00+05:00,71.55144458476103,71.55144458476103,70.72901418723504,71.02508544921875,951182,0.0,0.0,0.0,0.0015463107315341063,0.007909029356131494,2037317.95,68.52298126220703,0,2,6,2021,2,UBL.KA
2021-06-03 00:00:00+05:00,71.21150723963935,71.27729899229618,70.45486861930814,70.82221984863281,766478,0.0,0.0,0.0,-0.0028562528197305648,0.007041977863201148,1975143.9,68.69432067871094,0,3,6,2021,3,UBL.KA
2021-06-04 00:00:00+05:00,71.2334304078031,71.8255812418317,70.72900748241442,71.60626983642578,693619,0.0,0.0,0.0,0.01107067795204264,0.007266147581681418,2009824.85,68.9048625946045,0,4,6,2021,4,UBL.KA
2021-06-07 00:00:00+05:00,71.28278687457156,72.37388097073338,71.28278687457156,71.82011413574219,626676,0.0,0.0,0.0,0.0029863907141776114,0.007230558934085206,2041158.65,69.12609672546387,0,7,6,2021,0,UBL.KA
2021-06-08 00:00:00+05:00,71.8255931345738,71.8255931345738,71.27730616408087,71.54048156738281,401895,0.0,0.0,0.0,-0.0038935132827951913,0.007372527344882935,2061253.4,69.33334922790527,0,8,6,2021,1,UBL.KA
2021-06-09 00:00:00+05:00,72.09972991565077,72.09972991565077,70.72901261687414,70.9154281616211,940393,0.0,0.0,0.0,-0.008737058963923627,0.007806615942222989,2108273.05,69.5093490600586,0,9,6,2021,2,UBL.KA
2021-06-10 00:00:00+05:00,70.72900854777622,72.69735646769213,70.46034496084243,72.09424591064453,3301804,0.0,0.0,0.0,0.01662286726009521,0.008381477791820151,2273363.25,69.74428977966309,0,10,6,2021,3,UBL.KA
2021-06-11 00:00:00+05:00,71.83107605733116,72.64254683194503,71.83107605733116,72.06135559082031,296337,0.0,0.0,0.0,-0.0004562128282051825,0.00839185726339799,2288180.1,69.97758598327637,0,11,6,2021,4,UBL.KA
2021-06-14 00:00:00+05:00,71.83655565006116,72.92216142498128,71.82558756896653,72.51642608642578,926573,0.0,0.0,0.0,0.006315042117573499,0.008302987174944943,2272481.9,70.24158630371093,0,14,6,2021,0,UBL.KA
2021-06-15 00:00:00+05:00,72.21486719031203,72.85087359998492,71.82557983223349,72.00651550292969,406030,0.0,0.0,0.0,-0.007031656288306043,0.00842051565243491,2246974.55,70.49736175537109,0,15,6,2021,1,UBL.KA
2021-06-16 00:00:00+05:00,71.8913838219432,72.10521540259937,70.18073117669371,71.35406494140625,518174,0.0,0.0,0.0,-0.009060993397144612,0.008890267601680877,1984070.2,70.70653343200684,0,16,6,2021,2,UBL.KA
2021-06-17 00:00:00+05:00,71.27729936959291,71.27729936959291,70.54259690705453,70.70708465576172,374182,0.0,0.0,0.0,-0.00906718189322231,0.009027999042721599,1973632.6,70.90665817260742,0,17,6,2021,3,UBL.KA
2021-06-18 00:00:00+05:00,70.24104209759363,71.27182424955816,70.02172647910561,70.15879821777344,803360,0.0,0.0,0.0,-0.007754335236102916,0.008603809608645966,1798512.75,71.01960601806641,0,18,6,2021,4,UBL.KA
2021-06-21 00:00:00+05:00,70.18072708655316,71.0031574820987,69.63244015618946,69.87368774414062,2430333,0.0,0.0,0.0,-0.004063787876580016,0.008659548309677382,1806984.1,71.10157470703125,0,21,6,2021,0,UBL.KA
2021-06-22 00:00:00+05:00,69.79693454696142,70.72354088599724,69.52279105570564,70.19718170166016,186502,0.0,0.0,0.0,0.004629696355859858,0.007214316146994991,1312124.9,71.12460289001464,0,22,6,2021,1,UBL.KA
2021-06-23 00:00:00+05:00,71.10734834316008,71.10734834316008,69.57762698265837,69.9504623413086,443203,0.0,0.0,0.0,-0.0035146619048058714,0.006825344898038465,1310206.55,71.09773788452148,0,23,6,2021,2,UBL.KA
2021-06-24 00:00:00+05:00,70.18073161043552,71.27182568402176,69.49537290330235,70.93737030029297,494974,0.0,0.0,0.0,0.014108669563454246,0.0075379930414071865,1198420.6,71.11144523620605,0,24,6,2021,3,UBL.KA
2021-06-25 00:00:00+05:00,71.21698699456387,71.21698699456387,69.08415123166269,69.2376708984375,831364,0.0,0.0,0.0,-0.023960564011046404,0.009242670146006928,986322.65,71.03084716796874,0,25,6,2021,4,UBL.KA
2021-06-28 00:00:00+05:00,70.07107138670128,70.07107138670128,66.88552147619185,67.21449279785156,658487,0.0,0.0,0.0,-0.029220770634437843,0.01116217911164604,869973.75,70.84771919250488,0,28,6,2021,0,UBL.KA
2021-06-29 00:00:00+05:00,67.98210510995696,69.02933530557796,66.73201139808324,66.90746307373047,1449520,0.0,0.0,0.0,-0.004567909558500838,0.011145198698305832,875054.3,70.64732093811035,0,29,6,2021,1,UBL.KA
2021-06-30 00:00:00+05:00,67.43928731214176,67.762774568598,65.85473853839855,67.00065612792969,3072941,0.0,0.0,0.0,0.0013928648601804205,0.011142068827440772,981142.25,70.4460994720459,0,30,6,2021,2,UBL.KA
2021-07-01 00:00:00+05:00,67.1651489819964,67.9875793776943,67.1651489819964,67.21449279785156,576356,0.0,0.0,0.0,0.0031915608335773005,0.011223742146385588,971636.15,70.26571311950684,0,1,7,2021,3,UBL.KA
2021-07-02 00:00:00+05:00,67.41186163517953,67.87242473091891,67.21996208824496,67.43927764892578,549666,0.0,0.0,0.0,0.0033442914127204126,0.010857211804415942,964438.5,70.05736351013184,0,2,7,2021,4,UBL.KA
2021-07-05 00:00:00+05:00,67.43929191866971,67.98757884483776,66.90745293099114,67.82857513427734,3404807,0.0,0.0,0.0,0.0057725630956215745,0.010954650409870197,1103345.05,69.8577865600586,0,5,7,2021,0,UBL.KA
2021-07-06 00:00:00+05:00,68.20690258576107,68.20690258576107,67.58733560812408,67.81761932373047,630792,0.0,0.0,0.0,-0.00016152205062813785,0.010966777821843621,1114789.9,69.67164344787598,0,6,7,2021,1,UBL.KA
2021-07-07 00:00:00+05:00,67.98210910811754,68.07532108433234,67.43930610826968,67.57637786865234,1133329,0.0,0.0,0.0,-0.003557209136559991,0.010875270848505961,1124436.7,69.50469093322754,0,7,7,2021,2,UBL.KA
2021-07-08 00:00:00+05:00,67.94919687316082,68.81000715389764,67.49411773425547,68.26720428466797,1429383,0.0,0.0,0.0,0.01022289796825726,0.010369981413983988,1030815.65,69.3133388519287,0,8,7,2021,3,UBL.KA
2021-07-09 00:00:00+05:00,68.13562821538082,69.01837067918349,68.00404049783019,68.29463195800781,1231132,0.0,0.0,0.0,0.0004017693946491985,0.010381398465233583,1077555.4,69.12500267028808,0,9,7,2021,4,UBL.KA
2021-07-12 00:00:00+05:00,68.40975334649602,68.56327718932191,67.7134308375551,67.94371032714844,266199,0.0,0.0,0.0,-0.005138348663700887,0.01017591523104854,1044536.7,68.89636688232422,0,12,7,2021,0,UBL.KA
2021-07-13 00:00:00+05:00,68.20688068918615,68.5084359278726,67.57635001470149,68.00401306152344,331593,0.0,0.0,0.0,0.0008875396130803015,0.01017311703493306,1040814.85,68.69624176025391,0,13,7,2021,1,UBL.KA
2021-07-14 00:00:00+05:00,68.38783776523597,68.77712102424009,67.43929943666139,68.13014221191406,1750218,0.0,0.0,0.0,0.0018547309888390373,0.010112495464382764,1102417.05,68.5350456237793,0,14,7,2021,2,UBL.KA
2021-07-15 00:00:00+05:00,68.5084645038634,69.04578764777642,67.9930775267897,68.61264038085938,756088,0.0,0.0,0.0,0.007082007365323495,0.010184828275587466,1121512.35,68.43032341003418,0,15,7,2021,3,UBL.KA
2021-07-16 00:00:00+05:00,68.91966752527337,70.1752451351575,68.56328435640499,69.43505859375,1588242,0.0,0.0,0.0,0.011986395047989706,0.010493834746481037,1160756.45,68.39413642883301,0,16,7,2021,4,UBL.KA
2021-07-19 00:00:00+05:00,69.63244934273314,69.93400886745655,68.81550287997949,69.74758911132812,264794,0.0,0.0,0.0,0.00450104779786642,0.010514004957747451,1052479.5,68.38783149719238,0,19,7,2021,0,UBL.KA
2021-07-20 00:00:00+05:00,69.74758911132812,69.74758911132812,69.74758911132812,69.74758911132812,0,0.0,0.0,0.0,0.0,0.010456654949725558,1043154.4,68.36535186767578,0,20,7,2021,1,UBL.KA
2021-07-21 00:00:00+05:00,69.74758911132812,69.74758911132812,69.74758911132812,69.74758911132812,0,0.0,0.0,0.0,0.0,0.010428729393157749,1020994.25,68.35520820617675,0,21,7,2021,2,UBL.KA
2021-07-22 00:00:00+05:00,69.74758911132812,69.74758911132812,69.74758911132812,69.74758911132812,0,0.0,0.0,0.0,0.0,0.009880278231536005,996245.55,68.29571914672852,0,22,7,2021,3,UBL.KA
2021-07-23 00:00:00+05:00,69.74758911132812,69.74758911132812,69.74758911132812,69.74758911132812,0,0.0,0.0,0.0,0.0,0.00824054737980131,954677.35,68.32121505737305,0,23,7,2021,4,UBL.KA
2021-07-26 00:00:00+05:00,70.11493270289911,70.11493270289911,68.26172434311358,68.63455963134766,805954,0.0,0.0,0.0,-0.015957963481775694,0.005945517314888558,962050.7,68.39221839904785,0,26,7,2021,0,UBL.KA
2021-07-27 00:00:00+05:00,68.53588182283707,70.18074298658516,68.07532270487476,69.90111541748047,912859,0.0,0.0,0.0,0.0184536156848063,0.006942900018460505,935217.65,68.54190101623536,0,27,7,2021,1,UBL.KA
2021-07-28 00:00:00+05:00,69.90658361893755,70.06558733070915,69.3747446272077,69.63792419433594,542118,0.0,0.0,0.0,-0.0037651934675525522,0.007069644623414639,808676.5,68.67376441955567,0,28,7,2021,2,UBL.KA
2021-07-29 00:00:00+05:00,69.89561456454729,69.89561456454729,68.78258866425625,69.18832397460938,360901,0.0,0.0,0.0,-0.006456255336846017,0.007306094373075423,797903.75,68.77245597839355,0,29,7,2021,3,UBL.KA
2021-07-30 00:00:00+05:00,69.60502209911009,69.60502209911009,68.26172083227607,68.53038024902344,1071862,0.0,0.0,0.0,-0.009509461825197407,0.007688222013511678,824013.55,68.82701110839844,0,30,7,2021,4,UBL.KA
2021-08-02 00:00:00+05:00,68.73326007483325,69.0841634274359,67.98758940477818,68.71681213378906,443239,0.0,0.0,0.0,0.00272042682512752,0.007614910837506659,675935.15,68.87142295837403,0,2,8,2021,0,UBL.KA
2021-08-03 00:00:00+05:00,68.99643088137627,69.22123054886738,68.27817628318323,68.66197967529297,533014,0.0,0.0,0.0,-0.0007979482282929329,0.007619932770444875,671046.25,68.91364097595215,0,3,8,2021,1,UBL.KA
2021-08-04 00:00:00+05:00,69.00190282371074,69.57760571938371,68.53585981359765,69.3528060913086,572045,0.0,0.0,0.0,0.010061265627390625,0.007830104813857743,642982.05,69.00246238708496,0,4,8,2021,2,UBL.KA
2021-08-05 00:00:00+05:00,69.35830181283679,69.63244529826302,69.08964236838641,69.55020141601562,1855411,0.0,0.0,0.0,0.0028462485634270784,0.007558040221234236,664283.45,69.06661224365234,0,5,8,2021,3,UBL.KA
2021-08-06 00:00:00+05:00,69.62148544324222,70.17525230413743,69.52279361543255,69.74758911132812,1405224,0.0,0.0,0.0,0.0028380607287077364,0.0075682213781879636,672988.05,69.13926010131836,0,6,8,2021,4,UBL.KA
2021-08-09 00:00:00+05:00,70.40003187071632,71.54595780537826,68.59068768106715,69.89012908935547,2628408,0.0,0.0,0.0,0.0020436545527018346,0.0074266901458483,791098.5,69.23658103942871,0,9,8,2021,0,UBL.KA
2021-08-10 00:00:00+05:00,70.1258971963545,70.70159594668166,69.69823407236942,70.01075744628906,710941,0.0,0.0,0.0,0.0017259712996002818,0.0074257773453561314,810065.9,69.336918258667,0,10,8,2021,1,UBL.KA
2021-08-11 00:00:00+05:00,70.53162487761094,71.55143882307027,70.01623386473878,70.5480728149414,693745,0.0,0.0,0.0,0.007674754398487416,0.007554108875249831,757242.25,69.45781478881835,0,11,8,2021,2,UBL.KA
2021-08-12 00:00:00+05:00,71.00314892637527,71.05798095928236,70.29037432955133,70.83866119384766,405784,0.0,0.0,0.0,0.004119012289230284,0.007473116526330346,739727.05,69.56911582946778,0,12,8,2021,3,UBL.KA
2021-08-13 00:00:00+05:00,70.72902835406188,71.21152362776854,70.50971688393867,71.00865173339844,229252,0.0,0.0,0.0,0.0023996859438888407,0.007070072694177576,671777.55,69.64779548645019,0,13,8,2021,4,UBL.KA
2021-08-16 00:00:00+05:00,70.97573897241374,71.16764273778662,70.45486808008002,70.72901153564453,1042841,0.0,0.0,0.0,-0.003938114454050123,0.007110940624615627,710679.9,69.69686660766601,0,16,8,2021,0,UBL.KA
2021-08-17 00:00:00+05:00,70.72900038064404,71.27728720530018,70.46033682473303,70.92638397216797,497083,0.0,0.0,0.0,0.00279054425105274,0.0071233763929095225,735534.05,69.75580635070801,0,17,8,2021,1,UBL.KA
2021-08-18 00:00:00+05:00,70.92638397216797,70.92638397216797,70.92638397216797,70.92638397216797,0,0.0,0.0,0.0,0.0,0.0071233763929095225,735534.05,69.81474609375,0,18,8,2021,2,UBL.KA
2021-08-19 00:00:00+05:00,70.92638397216797,70.92638397216797,70.92638397216797,70.92638397216797,0,0.0,0.0,0.0,0.0,0.0071233763929095225,735534.05,69.87368583679199,0,19,8,2021,3,UBL.KA
2021-08-20 00:00:00+05:00,71.00316567071008,71.00316567071008,70.72902217391197,70.90995788574219,384815,0.0,0.0,0.0,-0.00023159345656509345,0.007125040153676591,754774.8,69.93180427551269,0,20,8,2021,4,UBL.KA
2021-08-23 00:00:00+05:00,70.90995236228741,71.27730361543898,70.866088402273,71.1128158569336,1389752,0.0,0.0,0.0,0.0028607825648165885,0.00593098310238815,783964.7,70.05571708679199,0,23,8,2021,0,UBL.KA
2021-08-24 00:00:00+05:00,71.27183450025437,71.27731435875903,70.73450718373478,70.99220275878906,1195814,0.0,0.0,0.0,-0.0016960810325270526,0.004487422497354001,798112.45,70.11027145385742,0,24,8,2021,1,UBL.KA
2021-08-25 00:00:00+05:00,71.00316069015952,71.00316069015952,70.6741851705997,70.7344970703125,953606,0.0,0.0,0.0,-0.0036300562380374712,0.004480307749417928,818686.85,70.16510009765625,0,25,8,2021,2,UBL.KA
2021-08-26 00:00:00+05:00,69.89355533471974,69.89355533471974,68.86325277918085,69.214111328125,985594,2.0,0.0,0.0,-0.02149426100642493,0.006546169666132193,849921.5,70.16638946533203,0,26,8,2021,3,UBL.KA
2021-08-27 00:00:00+05:00,69.55938794662563,69.55938794662563,68.27846879049179,68.54022216796875,557378,0.0,0.0,0.0,-0.009736297226464852,0.006563757004046281,824197.3,70.1668815612793,0,27,8,2021,4,UBL.KA
2021-08-30 00:00:00+05:00,68.54022905778349,68.61262721775948,67.80509391791348,68.05014038085938,541611,0.0,0.0,0.0,-0.007150280107180773,0.006719877508593268,829115.9,70.13354797363282,0,30,8,2021,0,UBL.KA
2021-08-31 00:00:00+05:00,68.36202241917735,68.36202241917735,66.83049034868661,67.34842681884766,1000063,0.0,0.0,0.0,-0.010311713658258559,0.007072131036196189,852468.35,70.06787033081055,0,31,8,2021,1,UBL.KA
2021-09-01 00:00:00+05:00,67.38739652637487,68.03342649952042,67.27601409947188,67.68256378173828,400860,0.0,0.0,0.0,0.00496131800954136,0.006738610092236724,843909.1,69.98435821533204,0,1,9,2021,2,UBL.KA
2021-09-02 00:00:00+05:00,67.94434144298448,67.94434144298448,64.60281645398524,65.699951171875,1204570,0.0,0.0,0.0,-0.029292811901404647,0.009131168933519588,811367.05,69.791845703125,0,2,9,2021,3,UBL.KA
2021-09-03 00:00:00+05:00,65.99511031365078,66.37381660186507,65.10960834135211,65.521728515625,1318202,0.0,0.0,0.0,-0.0027126756271669272,0.009034520384421953,807015.95,69.58055267333984,0,3,9,2021,4,UBL.KA
2021-09-06 00:00:00+05:00,65.70550477981281,65.77233254317593,64.32990999768641,64.66963195800781,2785525,0.0,0.0,0.0,-0.013004793629856515,0.009210200826006437,814871.8,69.31952781677246,0,6,9,2021,0,UBL.KA
2021-09-07 00:00:00+05:00,65.02049269332673,65.02049269332673,63.93449901174051,64.368896484375,2567351,0.0,0.0,0.0,-0.004650335320109611,0.009117527891492132,907692.3,69.03743476867676,0,7,9,2021,1,UBL.KA
2021-09-08 00:00:00+05:00,64.6028056719147,65.14858986524061,63.48339379771616,63.69502639770508,2674566,0.0,0.0,0.0,-0.010468877415562017,0.00877503319248103,1006733.35,68.69478244781494,0,8,9,2021,2,UBL.KA
2021-09-09 00:00:00+05:00,64.04587636394258,64.79214801424413,62.959882768662716,64.58609008789062,6051665,0.0,0.0,0.0,0.01398953325840302,0.00956079923104545,1289027.4,68.3821538925171,0,9,9,2021,3,UBL.KA
2021-09-10 00:00:00+05:00,65.13188439943649,65.13188439943649,63.65604771171585,64.5916748046875,1371543,0.0,0.0,0.0,8.646934331024703e-05,0.009485797742971369,1346141.95,68.06130504608154,0,10,9,2021,4,UBL.KA
2021-09-13 00:00:00+05:00,65.10403202140874,68.61262995433066,64.59166598660254,67.77168273925781,6691583,0.0,0.0,0.0,0.049232473754334816,0.015345891216606376,1628579.05,67.9134386062622,0,13,9,2021,0,UBL.KA
2021-09-14 00:00:00+05:00,67.77167571954598,68.91336051043794,66.55201812807324,67.2481689453125,960755,0.0,0.0,0.0,-0.007724668663746437,0.01535242636987119,1651762.65,67.72952785491944,0,14,9,2021,1,UBL.KA
2021-09-15 00:00:00+05:00,67.66029508243832,69.05259684126929,66.83048442388605,68.69059753417969,823718,0.0,0.0,0.0,0.02144933626431067,0.01626207859209483,1692948.55,67.61773853302002,0,15,9,2021,2,UBL.KA
2021-09-16 00:00:00+05:00,69.00246562855364,69.61507746041183,67.70483956493945,68.86323547363281,519126,0.0,0.0,0.0,0.0025132688555695726,0.01628378238357128,1718904.85,67.51458110809327,0,16,9,2021,3,UBL.KA
2021-09-17 00:00:00+05:00,67.83851159117154,69.67078127113444,66.83048644693335,68.07798767089844,1250351,0.0,0.0,0.0,-0.01140300477219136,0.016434285844551196,1762181.65,67.37298259735107,0,17,9,2021,4,UBL.KA
2021-09-20 00:00:00+05:00,67.67699101395436,69.61507661650333,67.56003819511469,69.02474212646484,243827,0.0,0.0,0.0,0.013906910118189675,0.016784898551005217,1704885.4,67.26857891082764,0,20,9,2021,0,UBL.KA
2021-09-21 00:00:00+05:00,69.3366308362029,70.17758232762209,67.13679565383826,68.43441772460938,1590233,0.0,0.0,0.0,-0.008552359395619269,0.016862031045635075,1724606.35,67.14068965911865,0,21,9,2021,1,UBL.KA
2021-09-22 00:00:00+05:00,68.50124252295429,68.50124252295429,65.82802160295931,67.49321746826172,1245741,0.0,0.0,0.0,-0.013753317228988315,0.017073639747403682,1739213.1,66.97862567901612,0,22,9,2021,2,UBL.KA
2021-09-23 00:00:00+05:00,67.94432792111951,67.94432792111951,66.83048647978968,67.22032928466797,187765,0.0,0.0,0.0,-0.004043194173134146,0.016471312802977683,1699321.65,66.87893657684326,0,23,9,2021,3,UBL.KA
2021-09-24 00:00:00+05:00,67.331713524011,67.38740474425403,66.44064125321937,67.05325317382812,290086,0.0,0.0,0.0,-0.0024854997382161015,0.016356017002163405,1685957.05,66.80458812713623,0,24,9,2021,4,UBL.KA
2021-09-27 00:00:00+05:00,67.38740716034866,67.38740716034866,65.71664499934828,66.20673370361328,785387,0.0,0.0,0.0,-0.012624584642005887,0.01650995528417302,1698145.85,66.71241779327393,0,27,9,2021,0,UBL.KA
2021-09-28 00:00:00+05:00,66.20673370361328,66.20673370361328,66.20673370361328,66.20673370361328,0,0.0,0.0,0.0,0.0,0.016372329306763442,1648142.7,66.6553331375122,0,28,9,2021,1,UBL.KA
2021-09-29 00:00:00+05:00,66.80264652411182,66.80264652411182,64.88127151363864,65.24327087402344,1638167,0.0,0.0,0.0,-0.014552338949433197,0.016595310420508488,1710008.05,66.53336849212647,0,29,9,2021,2,UBL.KA
2021-09-30 00:00:00+05:00,65.34350102580112,66.27355749356366,64.60279553994441,66.02851104736328,2127141,0.0,0.0,0.0,0.012035573367497943,0.015517319804021415,1756136.6,66.54979648590088,0,30,9,2021,3,UBL.KA
2021-10-01 00:00:00+05:00,65.71664663543254,66.52418000043328,65.18757363753109,65.6219711303711,506091,0.0,0.0,0.0,-0.0061570359613375425,0.015572254957629874,1715531.05,66.55480861663818,0,1,10,2021,4,UBL.KA
2021-10-04 00:00:00+05:00,64.12942122078567,66.24571738968346,64.12942122078567,65.9227066040039,756651,0.0,0.0,0.0,0.004582847306359383,0.015281820938600527,1614087.35,66.61746234893799,0,4,10,2021,0,UBL.KA
2021-10-05 00:00:00+05:00,65.99510052510652,67.20918777645538,65.43817984556976,66.83605194091797,1526479,0.0,0.0,0.0,0.01385479122391775,0.015476278001576476,1562043.75,66.74082012176514,0,5,10,2021,1,UBL.KA
2021-10-06 00:00:00+05:00,67.33171538352755,68.21721728205968,66.27356517381591,67.89977264404297,1925997,0.0,0.0,0.0,0.015915373099316454,0.015482497138134108,1524615.3,66.95105743408203,0,6,10,2021,2,UBL.KA
2021-10-07 00:00:00+05:00,68.19493092803205,69.39231115838396,66.97527761108657,68.74071502685547,2340805,0.0,0.0,0.0,0.012385054471699686,0.01542832907648039,1339072.3,67.15878868103027,0,7,10,2021,3,UBL.KA
2021-10-08 00:00:00+05:00,69.27536515630032,69.42016572722373,67.72712629855589,68.90222930908203,670597,0.0,0.0,0.0,0.0023496159759679447,0.015412325322445032,1304025.0,67.37431640625,0,8,10,2021,4,UBL.KA
2021-10-11 00:00:00+05:00,69.11384879460414,69.11384879460414,68.3397294648542,68.54579162597656,255409,0.0,0.0,0.0,-0.005173093623815239,0.011079412237969734,982216.3,67.41302185058593,0,11,10,2021,0,UBL.KA
2021-10-12 00:00:00+05:00,69.05259194815469,71.00181427239478,67.72155190094813,70.02163696289062,1539298,0.0,0.0,0.0,0.02153079426038418,0.011825009265682092,1011143.45,67.55169525146485,0,12,10,2021,1,UBL.KA
2021-10-13 00:00:00+05:00,70.02164013073067,71.28584822581459,67.38740340096535,68.05014038085938,1418439,0.0,0.0,0.0,-0.028155534025519624,0.012718943218430279,1040879.5,67.51967239379883,0,13,10,2021,2,UBL.KA
2021-10-14 00:00:00+05:00,68.05014797964024,71.56431656163518,68.0000229025461,71.19674682617188,1499969,0.0,0.0,0.0,0.046239529084021624,0.016454172500058054,1089921.65,67.63634796142578,0,14,10,2021,3,UBL.KA
2021-10-15 00:00:00+05:00,70.75677705557054,73.51353283738538,70.31680919007673,72.12123107910156,2167101,0.0,0.0,0.0,0.01298492268455509,0.01632779881099781,1135759.15,67.83851013183593,0,15,10,2021,4,UBL.KA
2021-10-18 00:00:00+05:00,72.94547440490972,74.00919503242834,71.11877510113939,72.41083526611328,638094,0.0,0.0,0.0,0.004015519184553007,0.016129096293047054,1155472.5,68.00781478881837,0,18,10,2021,0,UBL.KA
2021-10-19 00:00:00+05:00,72.41083526611328,72.41083526611328,72.41083526611328,72.41083526611328,0,0.0,0.0,0.0,0.0,0.015932267529708957,1075960.85,68.20663566589356,0,19,10,2021,1,UBL.KA
2021-10-20 00:00:00+05:00,71.83720522225919,75.18429561985673,71.34154613179385,74.2765121459961,2254113,0.0,0.0,0.0,0.02576516170579124,0.016200310243592114,1126379.45,68.54580039978028,0,20,10,2021,2,UBL.KA
2021-10-21 00:00:00+05:00,74.33776795118386,79.84571298562734,73.7919880791523,78.03572082519531,6530942,0.0,0.0,0.0,0.05061100165568111,0.018979427373909712,1443538.3,69.08656997680664,0,21,10,2021,3,UBL.KA
2021-10-22 00:00:00+05:00,77.21705912088449,79.6396677992675,77.13352440698286,79.22197723388672,2330869,0.0,0.0,0.0,0.015201453848920021,0.01889387722709799,1545577.45,69.69500617980957,0,22,10,2021,4,UBL.KA
2021-10-25 00:00:00+05:00,79.22197723388672,79.36120742234698,77.9689055377444,79.22197723388672,464348,0.0,0.0,0.0,0.0,0.018352692131146094,1529525.5,70.34576835632325,0,25,10,2021,0,UBL.KA
2021-10-26 00:00:00+05:00,77.69044526682556,78.77643903871005,77.13352451222465,77.35072326660156,1419992,0.0,0.0,0.0,-0.023620389601747283,0.019685566337653154,1600525.1,70.90296783447266,0,26,10,2021,1,UBL.KA
2021-10-27 00:00:00+05:00,79.63965660931717,79.63965660931717,77.97446073004753,78.20836639404297,831425,0.0,0.0,0.0,0.011087719561269083,0.01896179420186879,1560188.0,71.55122261047363,0,27,10,2021,2,UBL.KA
2021-10-28 00:00:00+05:00,77.41754866055169,79.361205093682,76.86062792305216,79.2609634399414,1420966,0.0,0.0,0.0,0.013458880352967162,0.018975375446423182,1524879.25,72.21284523010254,0,28,10,2021,3,UBL.KA
2021-10-29 00:00:00+05:00,78.99547467484037,80.20427167313308,77.38562429838228,79.0971450805664,1112881,2.0,0.0,0.0,-0.002066822711524696,0.018820932140724875,1555218.75,72.8866039276123,0,29,10,2021,4,UBL.KA
2021-11-01 00:00:00+05:00,79.92748185617059,80.71828034917417,78.2385517515436,78.50403594970703,623264,0.0,0.0,0.0,-0.007498489740119574,0.0191791589561888,1548549.4,73.51567039489746,0,1,11,2021,0,UBL.KA
2021-11-02 00:00:00+05:00,79.35133718329816,79.3626367691284,78.51534883209143,79.11409759521484,4007890,0.0,0.0,0.0,0.007771086392279747,0.0191453928058379,1672619.95,74.1295726776123,0,2,11,2021,1,UBL.KA
2021-11-03 00:00:00+05:00,79.08019879856712,80.06870128354922,76.84900919913338,77.19921875,1912449,0.0,0.0,0.0,-0.02420401550950213,0.020403434222833382,1671942.55,74.59454498291015,0,3,11,2021,2,UBL.KA
2021-11-04 00:00:00+05:00,77.10320044680876,77.86576301973022,76.81512565789049,77.26136016845703,476272,0.0,0.0,0.0,0.0008049487995243076,0.02039595351231583,1578715.9,75.02057723999023,0,4,11,2021,3,UBL.KA
2021-11-05 00:00:00+05:00,77.75278564969796,79.01807206224301,76.54398854681577,78.67915344238281,953663,0.0,0.0,0.0,0.018350612399710364,0.020556149587675883,1592869.2,75.50942344665528,0,5,11,2021,4,UBL.KA
2021-11-08 00:00:00+05:00,78.5153492932725,79.02371861085727,77.2444173802519,78.09170532226562,432720,0.0,0.0,0.0,-0.007466375709639261,0.020633027935152298,1601734.75,75.98671913146973,0,8,11,2021,0,UBL.KA
2021-11-09 00:00:00+05:00,78.6509035999534,78.6509035999534,76.19941106729983,76.54962921142578,4079560,0.0,0.0,0.0,-0.01974698983043166,0.021134103824439372,1728747.85,76.31311874389648,0,9,11,2021,1,UBL.KA
2021-11-10 00:00:00+05:00,77.32350749942755,77.32350749942755,76.26157037981861,76.48186492919922,3771742,0.0,0.0,0.0,-0.0008852333175828342,0.01973796428601224,1846413.0,76.73470497131348,0,10,11,2021,2,UBL.KA
2021-11-11 00:00:00+05:00,77.32914899910962,77.32914899910962,75.82097737428222,76.20508575439453,437342,0.0,0.0,0.0,-0.0036188863211025213,0.0174041266682243,1793281.65,76.98512191772461,0,11,11,2021,3,UBL.KA
2021-11-12 00:00:00+05:00,76.19941857328176,77.38562503234968,75.40862001327505,75.60066986083984,1213978,0.0,0.0,0.0,-0.00793143774554228,0.01743556996809152,1745625.5,77.15909385681152,0,12,11,2021,4,UBL.KA
2021-11-15 00:00:00+05:00,76.82075870682469,77.31783696243768,74.92847921752643,76.56657409667969,1894571,0.0,0.0,0.0,0.012776397849619814,0.017585024282161316,1808449.35,77.36688079833985,0,15,11,2021,0,UBL.KA
2021-11-16 00:00:00+05:00,75.97347314414218,77.52683411920827,75.97347314414218,77.41386413574219,1260174,0.0,0.0,0.0,0.011066056553511672,0.01766159587275923,1871458.05,77.61703224182129,0,16,11,2021,1,UBL.KA
2021-11-17 00:00:00+05:00,77.95048614488732,78.85426334491507,77.15968755915665,77.86576080322266,2906273,0.0,0.0,0.0,0.0058374126201488075,0.01688395084516307,1904066.05,77.79649467468262,0,17,11,2021,2,UBL.KA
2021-11-18 00:00:00+05:00,78.34590092996851,78.79778961933943,77.38564285196775,78.39673614501953,1366743,0.0,0.0,0.0,0.006819111973216607,0.01261592123844397,1645856.1,77.81454544067383,0,18,11,2021,3,UBL.KA
2021-11-19 00:00:00+05:00,78.06911440906472,79.84277014806167,78.06911440906472,79.0745620727539,9707962,0.0,0.0,0.0,0.008646098818202441,0.012289515928361878,2014710.75,77.80717468261719,0,19,11,2021,4,UBL.KA
2021-11-22 00:00:00+05:00,80.49234561375246,81.90449202802883,78.80341539941716,79.66764831542969,4008696,0.0,0.0,0.0,0.007500341792978871,0.012404094092206244,2191928.15,77.82945823669434,0,22,11,2021,0,UBL.KA
2021-11-23 00:00:00+05:00,80.20991052032632,80.20991052032632,78.12558118479828,78.99546813964844,1588647,0.0,0.0,0.0,-0.008437304100152088,0.011272600178795235,2200360.9,77.91169548034668,0,23,11,2021,1,UBL.KA
2021-11-24 00:00:00+05:00,79.6450718373811,80.6731187457638,77.39128265912154,80.2325210571289,1967508,0.0,0.0,0.0,0.015659796018850036,0.011528971305895884,2257165.05,78.01290321350098,0,24,11,2021,2,UBL.KA
2021-11-25 00:00:00+05:00,80.2381660595295,80.2381660595295,78.29505109149835,78.8316650390625,1641771,0.0,0.0,0.0,-0.017459952642756127,0.011886098589130971,2268205.3,77.99143829345704,0,25,11,2021,3,UBL.KA
2021-11-26 00:00:00+05:00,78.79777407020629,80.08565097838824,77.98437631365809,79.34004211425781,3706110,0.0,0.0,0.0,0.00644889429829254,0.011968105815693483,2397866.75,78.0035831451416,0,26,11,2021,4,UBL.KA
2021-11-29 00:00:00+05:00,79.08020612214061,81.7915291987114,78.06345889104425,81.17018127441406,2397487,0.0,0.0,0.0,0.023067030359281482,0.012849486390208376,2486577.9,78.13689041137695,0,29,11,2021,0,UBL.KA
2021-11-30 00:00:00+05:00,81.6220604280455,82.97771749964265,77.95612533779371,79.78627014160156,20844716,0.0,0.0,0.0,-0.017049501566762215,0.013423144648373053,3328419.2,78.17049903869629,0,30,11,2021,1,UBL.KA
2021-12-01 00:00:00+05:00,80.49799633775261,81.79152736412354,79.89360211500038,81.27750396728516,1819137,0.0,0.0,0.0,0.01869035641141026,0.012672557397806603,3323753.6,78.37441329956054,0,1,12,2021,2,UBL.KA
2021-12-02 00:00:00+05:00,80.28335337286934,81.28314686170992,77.44776086535067,78.98982238769531,1382287,0.0,0.0,0.0,-0.02814655307956615,0.014426950565491597,3369054.35,78.46083641052246,0,2,12,2021,3,UBL.KA
2021-12-03 00:00:00+05:00,79.58857418178272,81.90449791528656,77.9504876711003,81.22666931152344,1937176,0.0,0.0,0.0,0.02831816626766548,0.01520174071310215,3418230.0,78.5882122039795,0,3,12,2021,4,UBL.KA
2021-12-06 00:00:00+05:00,81.76327897398617,81.90449361815541,78.57183146338464,79.55467987060547,1958728,0.0,0.0,0.0,-0.020584242282611576,0.015885844858476304,3494530.4,78.66136093139649,0,6,12,2021,0,UBL.KA
2021-12-07 00:00:00+05:00,80.20992499361401,80.20992499361401,78.65656377014614,79.0576171875,311337,0.0,0.0,0.0,-0.006248063393805792,0.015228985954696688,3306119.25,78.7867603302002,0,7,12,2021,1,UBL.KA
2021-12-08 00:00:00+05:00,80.0687010669862,80.37937499952324,78.57182932711356,80.1590805053711,1140999,0.0,0.0,0.0,0.013932412296955077,0.015454167227986107,3174582.1,78.97062110900879,0,8,12,2021,2,UBL.KA
2021-12-09 00:00:00+05:00,80.1590796716825,80.74652877695931,78.20466527745971,79.74108123779297,418338,0.0,0.0,0.0,-0.005214621536859032,0.015491301111662865,3173631.9,79.14742088317871,0,9,12,2021,3,UBL.KA
2021-12-10 00:00:00+05:00,80.20427084598123,80.20427084598123,78.45885132749791,79.142333984375,362793,0.0,0.0,0.0,-0.0075086422722620005,0.015476764469247738,3131072.65,79.32450408935547,0,10,12,2021,4,UBL.KA
2021-12-13 00:00:00+05:00,79.64505988782872,80.49234775897584,76.820766984005,77.52684020996094,5825167,0.0,0.0,0.0,-0.020412511143947376,0.016074032766939424,3327602.45,79.37251739501953,0,13,12,2021,0,UBL.KA
2021-12-14 00:00:00+05:00,77.9504746611292,78.2329039171478,76.854647768728,77.6341552734375,1024767,0.0,0.0,0.0,0.001384231102234068,0.01589163482691852,3315832.1,79.3835319519043,0,14,12,2021,1,UBL.KA
2021-12-15 00:00:00+05:00,78.44191284142667,78.48145708149087,77.13144534097297,77.73019409179688,1090914,0.0,0.0,0.0,0.0012370691485095175,0.015839898988886127,3225064.15,79.376753616333,0,15,12,2021,2,UBL.KA
2021-12-16 00:00:00+05:00,78.11427791871542,78.23290199571478,75.72492888481753,76.25025177001953,1440490,0.0,0.0,0.0,-0.019039478018407885,0.016305268963591545,3228751.5,79.26942939758301,0,16,12,2021,3,UBL.KA
2021-12-17 00:00:00+05:00,77.21617181643994,77.21617181643994,75.69670074592548,76.15424346923828,764216,0.0,0.0,0.0,-0.0012591210986532264,0.016138090515162563,2781564.2,79.12341346740723,0,17,12,2021,4,UBL.KA
2021-12-20 00:00:00+05:00,76.81511038418304,76.99021513982925,75.54982424352454,75.7701187133789,392961,0.0,0.0,0.0,-0.0050440361345660545,0.016002602530239437,2600777.45,78.92853698730468,0,20,12,2021,0,UBL.KA
2021-12-21 00:00:00+05:00,76.5383335008291,76.5383335008291,75.69104567609668,75.81531524658203,120692,0.0,0.0,0.0,0.0005964954783044263,0.01595013656145799,2527379.7,78.76952934265137,0,21,12,2021,1,UBL.KA
2021-12-22 00:00:00+05:00,76.48185201789676,76.48185201789676,75.12619480734249,75.3125991821289,573905,0.0,0.0,0.0,-0.006630798313218,0.015426415119821284,2457699.55,78.52353324890137,0,22,12,2021,2,UBL.KA
2021-12-23 00:00:00+05:00,75.26740806530847,76.17118526831257,75.26740806530847,75.9339370727539,362658,0.0,0.0,0.0,0.00825011880312898,0.015232079435897059,2393743.9,78.37864685058594,0,23,12,2021,3,UBL.KA
2021-12-24 00:00:00+05:00,76.02997305097509,76.5100977024438,75.52159512587718,76.26155853271484,120984,0.0,0.0,0.0,0.004314559110072613,0.01517891969237192,2214487.6,78.22472267150879,0,24,12,2021,4,UBL.KA
2021-12-27 00:00:00+05:00,76.73605278172619,76.73605278172619,75.6910608080216,75.85486602783203,932292,0.0,0.0,0.0,-0.0053328638006834295,0.014006672942225126,2141227.85,77.95895690917969,0,27,12,2021,0,UBL.KA
2021-12-28 00:00:00+05:00,76.25592078094603,76.36889079162445,75.9734914447203,76.22203063964844,68151,0.0,0.0,0.0,0.004840356737057405,0.01372714446886728,1102399.6,77.78074493408204,0,28,12,2021,1,UBL.KA
2021-12-29 00:00:00+05:00,76.34063708076559,76.34063708076559,74.84376522391071,75.36907958984375,322747,0.0,0.0,0.0,-0.011190348022045549,0.012938027895553554,1027580.1,77.48532371520996,0,29,12,2021,2,UBL.KA
2021-12-30 00:00:00+05:00,75.14314605550551,77.385635601512,75.14314605550551,76.41972351074219,769544,0.0,0.0,0.0,0.013939986087345257,0.012148915588655121,996942.95,77.3568187713623,0,30,12,2021,3,UBL.KA
2021-12-31 00:00:00+05:00,77.18792734531185,77.66806062223638,75.7080005119178,77.14839172363281,823280,0.0,0.0,0.0,0.009535080466343215,0.010301340960710361,941248.15,77.15290489196778,0,31,12,2021,4,UBL.KA
2022-01-03 00:00:00+05:00,77.35738000168881,77.95048322832459,76.54398227590922,77.61156463623047,342216,0.0,0.0,0.0,0.00600366258128715,0.009534746797939869,860422.55,77.05574913024903,0,3,1,2022,0,UBL.KA
2022-01-04 00:00:00+05:00,77.93354209938462,77.93354209938462,77.0806087122196,77.34043884277344,430685,0.0,0.0,0.0,-0.0034933684783680086,0.009477595270117807,866389.95,76.96989021301269,0,4,1,2022,1,UBL.KA
2022-01-05 00:00:00+05:00,77.66240218086186,77.6680476632859,76.99021915294502,77.51553344726562,301979,0.0,0.0,0.0,0.0022639463534483983,0.008844463629388816,824438.95,76.83771286010742,0,5,1,2022,2,UBL.KA
2022-01-06 00:00:00+05:00,77.86010523909229,78.23291397353286,77.3856260965632,78.0013198852539,533097,0.0,0.0,0.0,0.00626695600719529,0.00897180173926684,830176.9,76.75072479248047,0,6,1,2022,3,UBL.KA
2022-01-07 00:00:00+05:00,78.40238185185147,79.58857983797292,77.89400389860606,79.4134750366211,865771,0.0,0.0,0.0,0.018104246869727003,0.009793809151517948,855325.8,76.76428184509277,0,7,1,2022,4,UBL.KA
2022-01-10 00:00:00+05:00,79.63941833172566,80.71829172369915,79.08020520633414,80.24381256103516,629891,0.0,0.0,0.0,0.010455876965856925,0.008748197445497813,595562.0,76.90013046264649,0,10,1,2022,0,UBL.KA
2022-01-11 00:00:00+05:00,81.0515561661273,81.0515561661273,79.30613670209222,80.76912689208984,846620,0.0,0.0,0.0,0.0065464777194519375,0.00881244219660241,586654.65,77.0568790435791,0,11,1,2022,1,UBL.KA
2022-01-12 00:00:00+05:00,81.28314125486799,81.33963055704444,80.54883204091837,80.80301666259766,467159,0.0,0.0,0.0,0.00041958817449017083,0.008818150120520786,555466.9,77.21052017211915,0,12,1,2022,2,UBL.KA
2022-01-13 00:00:00+05:00,80.7182897096656,81.05720831400245,79.92749112495713,80.36808013916016,269803,0.0,0.0,0.0,-0.00538267680343707,0.007541369141828559,496932.55,77.41641159057617,0,13,1,2022,3,UBL.KA
2022-01-14 00:00:00+05:00,80.69003925902132,80.88773456034892,80.22120567504281,80.28334045410156,1547436,0.0,0.0,0.0,-0.0010543947909650297,0.007535906190880289,536093.55,77.62286643981933,0,14,1,2022,4,UBL.KA
2022-01-17 00:00:00+05:00,80.26640337344324,80.74652796933422,80.15342476823834,80.31158447265625,327738,0.0,0.0,0.0,0.00035180422731451166,0.007339205823641398,532832.4,77.84993972778321,0,17,1,2022,0,UBL.KA
2022-01-18 00:00:00+05:00,81.04589944899081,81.04589944899081,79.64505270830834,79.95572662353516,1802469,0.0,0.0,0.0,-0.004430965363935169,0.007507864700110979,616921.25,78.05696029663086,0,18,1,2022,1,UBL.KA
2022-01-19 00:00:00+05:00,80.20991678628044,80.20991678628044,78.93898500621614,79.13103485107422,911793,0.0,0.0,0.0,-0.010314355297450173,0.007788459000831687,633815.65,78.24788208007813,0,19,1,2022,2,UBL.KA
2022-01-20 00:00:00+05:00,79.5038431216579,80.49234561162521,78.82601456663468,79.142333984375,376981,0.0,0.0,0.0,0.00014279016219176377,0.007683967818236552,634531.8,78.40830192565917,0,20,1,2022,3,UBL.KA
2022-01-21 00:00:00+05:00,79.30613104633939,80.4923373603248,78.52097806527112,79.6563491821289,127590,0.0,0.0,0.0,0.006494819799671259,0.0077323630673545776,634862.1,78.57804145812989,0,21,1,2022,4,UBL.KA
2022-01-24 00:00:00+05:00,79.89360589838007,79.92749603708492,78.99548274646678,79.08585357666016,665691,0.0,0.0,0.0,-0.007161960237022091,0.007836368629276638,621532.05,78.73959083557129,0,24,1,2022,0,UBL.KA
2022-01-25 00:00:00+05:00,79.50384621518776,79.87100084955298,79.09714734253748,79.44171142578125,121962,0.0,0.0,0.0,0.004499639733623884,0.007830504467090098,624222.6,78.90057487487793,0,25,1,2022,1,UBL.KA
2022-01-26 00:00:00+05:00,79.61681730984841,79.61681730984841,78.96723337266353,79.34004211425781,138173,0.0,0.0,0.0,-0.0012797975987516308,0.007236243209764929,614993.9,79.09912300109863,0,26,1,2022,2,UBL.KA
2022-01-27 00:00:00+05:00,79.61681694255593,79.89924623899569,79.09150258832587,79.37393188476562,289718,0.0,0.0,0.0,0.0004271458598297251,0.00673471790740116,591002.6,79.2468334197998,0,27,1,2022,3,UBL.KA
2022-01-28 00:00:00+05:00,79.64506562597253,79.64506562597253,78.93334686579301,79.12539672851562,554581,0.0,0.0,0.0,-0.0031311937099300913,0.006574546280615925,577567.65,79.34568367004394,0,28,1,2022,4,UBL.KA
2022-01-31 00:00:00+05:00,79.61681612982322,79.91619049146868,78.80341838533063,78.9559326171875,568851,0.0,0.0,0.0,-0.0021417157870256,0.006519003663515409,588899.4,79.4129020690918,0,31,1,2022,0,UBL.KA
2022-02-01 00:00:00+05:00,78.79777478613522,79.6450626870614,78.79777478613522,79.33438873291016,184019,0.0,0.0,0.0,0.004793257494121184,0.0064897440973148745,576566.1,79.51259956359863,0,1,2,2022,1,UBL.KA
2022-02-02 00:00:00+05:00,79.47559919929539,80.48670086784665,79.08019992348949,79.59986877441406,910491,0.0,0.0,0.0,0.003346342560193838,0.00650276323097718,606991.7,79.61681632995605,0,2,2,2022,2,UBL.KA
2022-02-03 00:00:00+05:00,80.46976508862822,80.5206002973015,79.44736371731042,79.48690795898438,264918,0.0,0.0,0.0,-0.0014191080609670115,0.006423367728021525,593582.75,79.69109573364258,0,3,2,2022,3,UBL.KA
2022-02-04 00:00:00+05:00,79.87099181642,79.87099181642,79.14232811311476,79.53772735595703,103938,0.0,0.0,0.0,0.0006393429846192067,0.004999867580190286,555491.1,79.69730834960937,0,4,2,2022,4,UBL.KA
2022-02-07 00:00:00+05:00,79.89925102510871,79.89925102510871,78.82602308197254,79.0576171875,221399,0.0,0.0,0.0,-0.006036257062115746,0.004539049579858219,535066.5,79.63799858093262,0,7,2,2022,0,UBL.KA
2022-02-08 00:00:00+05:00,78.79776691297266,79.67329938026161,78.79776691297266,78.86554718017578,365027,0.0,0.0,0.0,-0.0024294940090173744,0.004213308013532779,510986.85,79.54281959533691,0,8,2,2022,1,UBL.KA
2022-02-09 00:00:00+05:00,78.88249678531066,80.20991788812461,78.88249678531066,79.55467987060547,149870,0.0,0.0,0.0,0.00873807023560369,0.004755566221141538,495122.4,79.4804027557373,0,9,2,2022,2,UBL.KA
2022-02-10 00:00:00+05:00,79.14234256359155,80.04046571183241,79.14234256359155,79.60552215576172,457438,0.0,0.0,0.0,0.0006390860379168473,0.004637135902234289,504504.15,79.44227485656738,0,10,2,2022,3,UBL.KA
2022-02-11 00:00:00+05:00,79.33439931982888,81.33400385952802,79.33439931982888,81.06851959228516,1305115,0.0,0.0,0.0,0.018378089822221666,0.006259491696423087,492388.1,79.48153381347656,0,11,2,2022,4,UBL.KA
2022-02-14 00:00:00+05:00,81.33963164825342,81.33963164825342,80.49798930125453,80.76347351074219,235106,0.0,0.0,0.0,-0.0037628179603762524,0.006331999207461758,487756.5,79.50412826538086,0,14,2,2022,0,UBL.KA
2022-02-15 00:00:00+05:00,80.76347242726264,81.05720128427693,80.20991346597438,80.80301666259766,360503,0.0,0.0,0.0,0.0004896167801673457,0.006233347703251947,415658.2,79.54649276733399,0,15,2,2022,1,UBL.KA
2022-02-16 00:00:00+05:00,80.6618161529399,81.31140014644728,80.6618161529399,80.90470123291016,135924,0.0,0.0,0.0,0.001258425421628795,0.005685213754071944,376864.75,79.63517608642579,0,16,2,2022,2,UBL.KA
2022-02-17 00:00:00+05:00,79.73544832078511,81.32834521625641,79.73544832078511,80.90470123291016,538022,0.0,0.0,0.0,0.0,0.005686600585274145,384916.8,79.72329444885254,0,17,2,2022,3,UBL.KA
2022-02-18 00:00:00+05:00,81.19842074694661,82.40157227854772,80.77477681261472,81.96098327636719,601918,0.0,0.0,0.0,0.013055879662866365,0.0061809284155408505,408633.2,79.83852615356446,0,18,2,2022,4,UBL.KA
2022-02-21 00:00:00+05:00,81.085455562948,81.84800951852677,80.9781310475041,81.20407104492188,92045,0.0,0.0,0.0,-0.009235031123199788,0.00634799012407234,379950.9,79.94443702697754,0,21,2,2022,0,UBL.KA
2022-02-22 00:00:00+05:00,81.90449560512351,82.35638420123927,80.4923491291731,81.87060546875,984313,0.0,0.0,0.0,0.008208140494081917,0.006497497665139062,423068.45,80.06588172912598,0,22,2,2022,1,UBL.KA
2022-02-23 00:00:00+05:00,81.89885355256806,85.23716141106196,81.05156563150756,84.62146759033203,5367261,0.0,0.0,0.0,0.033600119430312825,0.009630312689669884,684522.85,80.32995300292968,0,23,2,2022,2,UBL.KA
2022-02-24 00:00:00+05:00,82.52582762717243,84.71182719333761,82.46933833137768,83.89278411865234,2188665,0.0,0.0,0.0,-0.008611094707165479,0.009976619528935029,779470.2,80.55589561462402,0,24,2,2022,3,UBL.KA
2022-02-25 00:00:00+05:00,84.44634760919507,84.72313138314924,83.1189266573475,84.11872863769531,346362,0.0,0.0,0.0,0.002693253316321087,0.009878314378008676,769059.25,80.80556221008301,0,25,2,2022,4,UBL.KA
2022-02-28 00:00:00+05:00,85.10723689890597,85.10723689890597,83.09069635246583,83.76287078857422,238610,0.0,0.0,0.0,-0.004230423532121996,0.009947559408457329,752547.2,81.04590911865235,0,28,2,2022,0,UBL.KA
2022-03-01 00:00:00+05:00,84.10744678902793,84.84176473384468,83.59907746826332,83.92105102539062,640665,0.0,0.0,0.0,0.0018884290297984663,0.009941291515029815,775379.5,81.27524223327637,0,1,3,2022,1,UBL.KA
2022-03-02 00:00:00+05:00,84.16393620408904,84.16393620408904,82.12479619693232,82.93254852294922,633200,0.0,0.0,0.0,-0.011778957607934792,0.010463963384840696,761514.95,81.44187622070312,0,2,3,2022,2,UBL.KA
2022-03-03 00:00:00+05:00,82.93254610422998,84.19217840405662,82.7517872100361,83.61602020263672,437945,0.0,0.0,0.0,0.008241295991264108,0.010515599729636302,770166.3,81.64833183288575,0,3,3,2022,3,UBL.KA
2022-03-04 00:00:00+05:00,83.0455185895012,84.30515092703435,83.0455185895012,83.96623229980469,527273,0.0,0.0,0.0,0.004188337310472967,0.010510941786847717,791333.05,81.86975708007813,0,4,3,2022,4,UBL.KA
2022-03-07 00:00:00+05:00,83.31664245355591,84.05096034814464,80.76347920028694,81.83671569824219,807788,0.0,0.0,0.0,-0.025361583379839847,0.012126692822464787,820652.5,82.00871200561524,0,7,3,2022,0,UBL.KA
2022-03-08 00:00:00+05:00,81.33962787009598,83.31098723175262,80.88773932478402,81.458251953125,617410,0.0,0.0,0.0,-0.004624620402811641,0.01217680358663095,833271.65,82.13834724426269,0,8,3,2022,1,UBL.KA
2022-03-09 00:00:00+05:00,81.06285356500219,83.03421315710318,81.06285356500219,81.83671569824219,396170,0.0,0.0,0.0,0.004646106883498646,0.012086164078717215,845586.65,82.25244903564453,0,9,3,2022,2,UBL.KA
2022-03-10 00:00:00+05:00,82.32249776491335,84.16393374945652,81.56558066929958,83.61602020263672,913077,0.0,0.0,0.0,0.02174212991336777,0.012902138040442455,868368.6,82.45297393798828,0,10,3,2022,3,UBL.KA
2022-03-11 00:00:00+05:00,84.15829640873494,84.1639418925778,81.93275186823071,84.09050750732422,270839,0.0,0.0,0.0,0.005674598043982737,0.012383629165239217,816654.8,82.60407333374023,0,11,3,2022,4,UBL.KA
2022-03-14 00:00:00+05:00,84.67229206883827,84.67229206883827,82.4693472008228,82.83085632324219,791356,0.0,0.0,0.0,-0.014979707239515916,0.012897141649621928,844467.3,82.70744247436524,0,14,3,2022,0,UBL.KA
2022-03-15 00:00:00+05:00,82.83086332762362,83.59907135510855,82.18127939647404,82.39591979980469,2075466,0.0,0.0,0.0,-0.005250899758179384,0.01298074563490915,930215.45,82.78708763122559,0,15,3,2022,1,UBL.KA
2022-03-16 00:00:00+05:00,82.94949048459706,84.13568839642825,82.47500270080619,83.15848541259766,1813245,0.0,0.0,0.0,0.009254895323042245,0.013109810715249427,1014081.5,82.89977684020997,0,16,3,2022,2,UBL.KA
2022-03-17 00:00:00+05:00,83.15847779124651,84.16392533729496,83.03420821867354,83.68379211425781,1261696,0.0,0.0,0.0,0.006316934454178691,0.013148921547610104,1050265.2,83.03873138427734,0,17,3,2022,3,UBL.KA
2022-03-18 00:00:00+05:00,84.1783143301715,84.1783143301715,81.97657053056598,82.58293151855469,2674075,6.0,0.0,0.0,-0.013155003709679702,0.013270707429085798,1153873.05,83.06982879638672,0,18,3,2022,4,UBL.KA
2022-03-21 00:00:00+05:00,82.71243764594959,82.71243764594959,81.82938671022771,81.93534851074219,1838216,0.0,0.0,0.0,-0.007841608379656528,0.013220685702904496,1241181.6,83.10639266967773,0,21,3,2022,0,UBL.KA
2022-03-22 00:00:00+05:00,82.40631712957558,82.41809365815593,81.59980008757861,81.8235092163086,4242170,0.0,0.0,0.0,-0.0013649700216864513,0.01310086055721223,1404074.45,83.10403785705566,0,22,3,2022,1,UBL.KA
2022-03-23 00:00:00+05:00,81.8235092163086,81.8235092163086,81.8235092163086,81.8235092163086,0,0.0,0.0,0.0,0.0,0.010460755434524701,1135711.4,82.96413993835449,0,23,3,2022,2,UBL.KA
2022-03-24 00:00:00+05:00,82.00600810556026,82.00600810556026,80.76973306052209,81.14061737060547,5341546,0.0,0.0,0.0,-0.008345912467501604,0.010451602024075463,1293355.45,82.82653160095215,0,24,3,2022,3,UBL.KA
2022-03-25 00:00:00+05:00,81.2406881935471,81.2406881935471,80.35763723492158,80.59900665283203,782991,0.0,0.0,0.0,-0.006674964220442892,0.010458311340685809,1315186.9,82.65054550170899,0,25,3,2022,4,UBL.KA
2022-03-28 00:00:00+05:00,80.91691734812528,81.5350549402735,80.06330304604474,81.1347427368164,2690686,0.0,0.0,0.0,0.006646931596712813,0.010622293456247869,1437790.7,82.51913909912109,0,28,3,2022,0,UBL.KA
2022-03-29 00:00:00+05:00,81.24069301809713,82.11786025625236,80.534254005816,81.19359588623047,738537,0.0,0.0,0.0,0.0007253754363278908,0.010605713220256847,1442684.3,82.38276634216308,0,29,3,2022,1,UBL.KA
2022-03-30 00:00:00+05:00,81.44673548522778,81.52915321384181,80.41650938612298,80.60488891601562,2722792,0.0,0.0,0.0,-0.0072506576878274,0.010423679897248388,1547163.9,82.26638336181641,0,30,3,2022,2,UBL.KA
2022-03-31 00:00:00+05:00,80.36352603325311,80.94634293622332,80.03385509200673,80.29288482666016,2923383,0.0,0.0,0.0,-0.0038707836900632175,0.010184959494105777,1671435.8,82.10022659301758,0,31,3,2022,3,UBL.KA
2022-04-01 00:00:00+05:00,80.50482157142643,83.68380179170626,80.35764639487904,82.80075073242188,3714139,0.0,0.0,0.0,0.031233974357451677,0.012564107663578161,1830779.1,82.04195251464844,0,1,4,2022,4,UBL.KA
2022-04-04 00:00:00+05:00,80.36351908957376,82.4122037323506,80.36351908957376,81.37020111083984,593447,0.0,0.0,0.0,-0.017277012695271154,0.01183524135885658,1820062.05,82.01862678527831,0,4,4,2022,0,UBL.KA
2022-04-05 00:00:00+05:00,80.65786418674796,81.70575051292354,80.09271665365857,80.98165130615234,383815,0.0,0.0,0.0,-0.004775087186502436,0.011838236224216949,1808382.3,81.99479675292969,0,5,4,2022,1,UBL.KA
2022-04-06 00:00:00+05:00,81.82940295341282,81.84117948342718,80.68732207925142,80.9640121459961,686761,0.0,0.0,0.0,-0.00021781675072995998,0.011782681701714794,1822911.85,81.95116157531739,0,6,4,2022,2,UBL.KA
2022-04-07 00:00:00+05:00,80.9404597047353,80.9404597047353,77.88510173911935,78.37960815429688,3599394,0.0,0.0,0.0,-0.031920404179562656,0.012543638709191722,1957227.7,81.6893409729004,0,7,4,2022,3,UBL.KA
2022-04-08 00:00:00+05:00,79.76894408342015,82.3886603766727,79.76894408342015,81.63512420654297,1701455,0.0,0.0,0.0,0.04153524276157827,0.01596768330078577,2028758.5,81.56657180786132,0,8,4,2022,4,UBL.KA
2022-04-11 00:00:00+05:00,83.59550766180452,84.89064753323217,83.59550766180452,84.3961410522461,1358852,0.0,0.0,0.0,0.03382143253334857,0.017437990124783826,2057133.3,81.64483604431152,0,11,4,2022,0,UBL.KA
2022-04-12 00:00:00+05:00,83.60726003572448,84.89062300598852,83.6013672808144,84.73756408691406,849721,0.0,0.0,0.0,0.0040454815873229855,0.017384186330934914,1995846.05,81.761918258667,0,12,4,2022,1,UBL.KA
2022-04-13 00:00:00+05:00,85.32627299882927,85.32627299882927,83.0538881478103,83.29525756835938,436996,0.0,0.0,0.0,-0.017020863581531986,0.017759623218374387,1927033.6,81.76875686645508,0,13,4,2022,2,UBL.KA
2022-04-14 00:00:00+05:00,83.59550452620421,84.1253315955501,83.09510530737504,83.57196044921875,265920,0.0,0.0,0.0,0.003321952400858974,0.017718179935521702,1877244.8,81.76316528320312,0,14,4,2022,3,UBL.KA
2022-04-15 00:00:00+05:00,83.59549625161966,83.88984659053382,83.21284440417504,83.64259338378906,32226,0.0,0.0,0.0,0.0008451750346725184,0.017442148882127487,1745152.35,81.81614837646484,0,15,4,2022,4,UBL.KA
2022-04-18 00:00:00+05:00,83.0715543890151,83.53662397977467,82.1237459226366,82.71833038330078,526241,0.0,0.0,0.0,-0.011050147575498492,0.017540109055189813,1679553.6,81.85529747009278,0,18,4,2022,0,UBL.KA
2022-04-19 00:00:00+05:00,83.88985084689706,83.88985084689706,81.91769988296639,82.45931243896484,522173,0.0,0.0,0.0,-0.0031313246185663557,0.017555072208276484,1493553.75,81.88708763122558,0,19,4,2022,1,UBL.KA
2022-04-20 00:00:00+05:00,82.65357975530002,84.35492452331468,81.97657750192913,83.57196044921875,1746384,0.0,0.0,0.0,0.013493297207364696,0.017791243551122465,1580872.95,81.9745101928711,0,20,4,2022,2,UBL.KA
2022-04-21 00:00:00+05:00,83.59549669812125,83.60138047110156,82.71832944964254,83.21284484863281,452199,0.0,0.0,0.0,-0.004297082402466179,0.017699625634737367,1336405.6,82.07812156677247,0,21,4,2022,3,UBL.KA
2022-04-22 00:00:00+05:00,83.30114421484082,83.56605771789214,82.72422007752874,83.1775131225586,387589,0.0,0.0,0.0,-0.0004245946180363447,0.017604297832347335,1316635.5,82.2070468902588,0,22,4,2022,4,UBL.KA
2022-04-25 00:00:00+05:00,84.61984268591348,84.61984268591348,82.94792585446022,83.13631439208984,1055552,0.0,0.0,0.0,-0.0004953109190466431,0.017571539098531496,1234878.8,82.30712547302247,0,25,4,2022,0,UBL.KA
2022-04-26 00:00:00+05:00,83.8309755956551,83.8309755956551,82.74188469675242,83.38945007324219,428037,0.0,0.0,0.0,0.0030448268365435016,0.01757475247826506,1219353.8,82.41691818237305,0,26,4,2022,1,UBL.KA
2022-04-27 00:00:00+05:00,85.31170571453511,85.31170571453511,82.99278772462723,83.7128677368164,135520,5.0,0.0,0.0,0.003878400244757163,0.017459562683584163,1089990.2,82.57231712341309,0,27,4,2022,2,UBL.KA
2022-04-28 00:00:00+05:00,84.5123106373357,84.5123106373357,82.68768602167638,83.8410415649414,130423,0.0,0.0,0.0,0.0015311126185280077,0.017405059142349494,950342.2,82.74972496032714,0,28,4,2022,3,UBL.KA
2022-04-29 00:00:00+05:00,83.8410415649414,83.8410415649414,83.8410415649414,83.8410415649414,0,0.0,0.0,0.0,0.0,0.01601900819024382,764635.25,82.80173950195312,0,29,4,2022,4,UBL.KA
2022-05-02 00:00:00+05:00,83.8410415649414,83.8410415649414,83.8410415649414,83.8410415649414,0,0.0,0.0,0.0,0.0,0.015451773186699266,734962.9,82.9252815246582,0,2,5,2022,0,UBL.KA
2022-05-03 00:00:00+05:00,83.8410415649414,83.8410415649414,83.8410415649414,83.8410415649414,0,0.0,0.0,0.0,0.0,0.01538467930381151,715772.15,83.06825103759766,0,3,5,2022,1,UBL.KA
2022-05-04 00:00:00+05:00,83.8410415649414,83.8410415649414,83.8410415649414,83.8410415649414,0,0.0,0.0,0.0,0.0,0.01538321699102475,681434.1,83.21210250854492,0,4,5,2022,2,UBL.KA
2022-05-05 00:00:00+05:00,83.8410415649414,83.8410415649414,83.8410415649414,83.8410415649414,0,0.0,0.0,0.0,0.0,0.013194287077116174,501464.4,83.48517417907715,0,5,5,2022,3,UBL.KA
2022-05-06 00:00:00+05:00,84.18277786677135,84.82353303618773,83.66407839556184,83.79833221435547,328772,0.0,0.0,0.0,-0.0005094086355410532,0.009692397803110606,432830.25,83.59333457946778,0,6,5,2022,4,UBL.KA
2022-05-09 00:00:00+05:00,83.60303460731953,84.12174329117829,80.85694952897693,82.19947814941406,1266895,0.0,0.0,0.0,-0.01907978384165865,0.00728460605454699,428232.4,83.48350143432617,0,9,5,2022,0,UBL.KA
2022-05-10 00:00:00+05:00,82.68767460440829,83.40165562198395,81.34514595653418,81.82723236083984,116552,0.0,0.0,0.0,-0.0045285663237130125,0.007205802004598856,391573.95,83.33798484802246,0,10,5,2022,1,UBL.KA
2022-05-11 00:00:00+05:00,82.93177286235833,82.93177286235833,79.02623302438008,80.27722930908203,756369,0.0,0.0,0.0,-0.018942386379666942,0.007429859151987046,407542.6,83.1870834350586,0,11,5,2022,2,UBL.KA
2022-05-12 00:00:00+05:00,81.1559780221649,81.16207708182064,78.72111235755536,78.9713134765625,902207,0.0,0.0,0.0,-0.01626757479996621,0.0079870573282852,439356.95,82.95705108642578,0,12,5,2022,3,UBL.KA
2022-05-13 00:00:00+05:00,79.33135624057805,81.13156592372897,79.33135624057805,80.60675811767578,260862,0.0,0.0,0.0,0.020709350891050526,0.009546587309965621,450788.75,82.80525932312011,0,13,5,2022,4,UBL.KA
2022-05-16 00:00:00+05:00,80.55182933875702,80.55182933875702,78.78823284160495,79.77072143554688,505504,0.0,0.0,0.0,-0.010371793899816684,0.00951315256303024,449751.9,82.65787887573242,0,16,5,2022,0,UBL.KA
2022-05-17 00:00:00+05:00,80.46030165594085,80.82034170998007,79.70969831563927,80.55183410644531,682832,0.0,0.0,0.0,0.009791972002278548,0.009848764108017653,457784.85,82.56250495910645,0,17,5,2022,1,UBL.KA
2022-05-18 00:00:00+05:00,80.84474447643288,81.766214566981,80.06363655388114,80.1734848022461,584372,0.0,0.0,0.0,-0.0046969669703516015,0.009249591814117606,399684.25,82.39258117675782,0,18,5,2022,2,UBL.KA
2022-05-19 00:00:00+05:00,81.64416853860429,81.64416853860429,80.24672024510267,80.52743530273438,260252,0.0,0.0,0.0,0.004414807481068372,0.009342025632737417,390086.9,82.2583106994629,0,19,5,2022,3,UBL.KA
2022-05-20 00:00:00+05:00,81.00950282696252,81.35734470976996,80.2711070280347,80.54572296142578,526762,0.0,0.0,0.0,0.0002270984866543646,0.009347466211163532,397045.55,82.12672119140625,0,20,5,2022,4,UBL.KA
2022-05-23 00:00:00+05:00,80.55182808743206,80.55792714649621,79.17878556321448,79.55103302001953,328867,0.0,0.0,0.0,-0.01234938249772266,0.009647107379758518,360711.3,81.94745712280273,0,23,5,2022,0,UBL.KA
2022-05-24 00:00:00+05:00,80.54573040329777,80.54573040329777,76.59136581751048,77.19550323486328,729695,0.0,0.0,0.0,-0.029610297889701376,0.011335892118775883,375794.2,81.63775978088378,0,24,5,2022,1,UBL.KA
2022-05-25 00:00:00+05:00,76.95749956806914,77.98880843750928,76.10316116269544,77.3846664428711,619401,0.0,0.0,0.0,0.0024504433559076055,0.011289452184907236,399988.25,81.32134971618652,0,25,5,2022,2,UBL.KA
2022-05-26 00:00:00+05:00,77.48842761873176,78.89807860862504,76.65239552029516,78.33055877685547,746138,0.0,0.0,0.0,0.012223252712249888,0.011799882380572049,430774.0,81.04582557678222,0,26,5,2022,3,UBL.KA
2022-05-27 00:00:00+05:00,79.33135100899979,80.88746783340764,78.78213768816933,79.11166381835938,1076420,0.0,0.0,0.0,0.009971906924972629,0.012153246367640558,484595.0,80.80935668945312,0,27,5,2022,4,UBL.KA
2022-05-30 00:00:00+05:00,79.05674751163832,80.49080871186835,78.75162691862663,79.73411560058594,1346872,0.0,0.0,0.0,0.007868015311316423,0.012374941129561787,551938.6,80.60401039123535,0,30,5,2022,0,UBL.KA
2022-05-31 00:00:00+05:00,80.399266708758,80.54572792816191,79.32524570108399,80.00871276855469,4921434,0.0,0.0,0.0,0.003443910625964719,0.012434424402362148,798010.3,80.41239395141602,0,31,5,2022,1,UBL.KA
2022-06-01 00:00:00+05:00,80.36265502903463,80.36265502903463,77.89728033184785,78.23291015625,2525869,0.0,0.0,0.0,-0.022195115392515397,0.013189370508705838,924303.75,80.13198738098144,0,1,6,2022,2,UBL.KA
2022-06-02 00:00:00+05:00,78.56854037843878,78.56854037843878,76.72561433421733,76.95750427246094,534445,0.0,0.0,0.0,-0.0163026772395628,0.013470741024030213,951026.0,79.78781051635742,0,2,6,2022,3,UBL.KA
2022-06-03 00:00:00+05:00,78.09255947584174,78.09255947584174,76.28014254407134,76.68900299072266,360443,0.0,0.0,0.0,-0.00348895516137937,0.013444371122357766,952609.55,79.43234405517578,0,3,6,2022,4,UBL.KA
2022-06-06 00:00:00+05:00,77.50062860629887,77.50062860629887,75.85297930926062,76.76834106445312,400820,0.0,0.0,0.0,0.0010345430327223237,0.013029381931347873,909305.8,79.16078720092773,0,6,6,2022,0,UBL.KA
2022-06-07 00:00:00+05:00,76.37167454196441,77.74471701599016,76.37167454196441,76.54864501953125,33170,0.0,0.0,0.0,-0.0028618052946777217,0.013026648570569435,905136.7,78.8968578338623,0,7,6,2022,1,UBL.KA
2022-06-08 00:00:00+05:00,76.88428497525139,76.88428497525139,75.8529805468324,76.2557373046875,316051,0.0,0.0,0.0,-0.0038264258599093326,0.012495812922819372,883120.8,78.69578323364257,0,8,6,2022,2,UBL.KA
2022-06-09 00:00:00+05:00,75.70041319498719,77.30534567291993,75.70041319498719,77.0246353149414,609891,0.0,0.0,0.0,0.010083149641340494,0.012355267401735894,868505.0,78.59844932556152,0,9,6,2022,3,UBL.KA
2022-06-10 00:00:00+05:00,77.02464314417902,77.48842774856678,76.28014815327968,77.01853942871094,599375,0.0,0.0,0.0,-7.914203300729561e-05,0.011241603377171892,885430.65,78.41903839111328,0,10,6,2022,4,UBL.KA
2022-06-13 00:00:00+05:00,75.97501672997566,75.97501672997566,72.31357014057924,72.61258697509766,1766437,0.0,0.0,0.0,-0.05720638805013267,0.016621275336358113,948477.3,78.06113166809082,0,13,6,2022,0,UBL.KA
2022-06-14 00:00:00+05:00,71.42872811130327,72.86279387545152,71.21513998525889,71.67892456054688,1242817,0.0,0.0,0.0,-0.012858134566545276,0.01636187144292273,976476.55,77.6174861907959,0,14,6,2022,1,UBL.KA
2022-06-15 00:00:00+05:00,73.1373888331387,73.1373888331387,71.70332329832613,72.33797454833984,379555,0.0,0.0,0.0,0.009194473715021578,0.016697558323002584,966235.7,77.22571067810058,0,15,6,2022,2,UBL.KA
2022-06-16 00:00:00+05:00,72.37460258811075,73.04586695098014,71.39821763704883,72.3440933227539,589426,0.0,0.0,0.0,8.45859239531066e-05,0.016596916660778685,982694.4,76.81654357910156,0,16,6,2022,3,UBL.KA
2022-06-17 00:00:00+05:00,72.55766728793212,73.96121901608983,72.16711335872562,73.30216217041016,504517,0.0,0.0,0.0,0.01324322143871437,0.01706979419222604,981582.15,76.45436553955078,0,17,6,2022,4,UBL.KA
2022-06-20 00:00:00+05:00,74.69350887136751,74.69350887136751,73.59507306876228,74.168701171875,611805,0.0,0.0,0.0,0.011821465776825857,0.017342675825504913,995729.05,76.18524894714355,0,20,6,2022,0,UBL.KA
2022-06-21 00:00:00+05:00,72.61869934887469,74.99253713159894,72.61869934887469,73.46693420410156,1849402,0.0,0.0,0.0,-0.009461766981023412,0.01629024905411251,1051714.4,75.99882049560547,0,21,6,2022,1,UBL.KA
2022-06-22 00:00:00+05:00,73.96733784463444,74.5104521589062,73.1129992040119,73.25946044921875,1560298,0.0,0.0,0.0,-0.002824042640821478,0.016251209837878977,1098759.25,75.79256019592285,0,22,6,2022,2,UBL.KA
2022-06-23 00:00:00+05:00,73.77815678625807,73.77815678625807,73.04586460465575,73.21063232421875,1533425,0.0,0.0,0.0,-0.0006665094815139216,0.01588355929343671,1138123.6,75.53656387329102,0,23,6,2022,3,UBL.KA
2022-06-24 00:00:00+05:00,72.98484040483918,73.33878138823476,67.72456468623578,68.47515869140625,2429070,0.0,0.0,0.0,-0.06468286753542984,0.020664973536102887,1205756.1,75.00473861694336,0,24,6,2022,4,UBL.KA
2022-06-27 00:00:00+05:00,68.95725688627846,70.23876249902857,68.95725688627846,69.69564819335938,639704,0.0,0.0,0.0,0.01782382874720234,0.021155653784210537,1170397.7,74.50281524658203,0,27,6,2022,0,UBL.KA
2022-06-28 00:00:00+05:00,68.6826322937248,70.3302812725082,68.66432115131053,69.16471862792969,335877,0.0,0.0,0.0,-0.007617829508618779,0.021026583070486445,941119.85,73.96061553955079,0,28,6,2022,1,UBL.KA
2022-06-29 00:00:00+05:00,70.11059485502629,70.11059485502629,67.12651645072387,68.0845947265625,1199217,0.0,0.0,0.0,-0.015616689011310747,0.020827532450635487,874787.25,73.45319976806641,0,29,6,2022,2,UBL.KA
2022-06-30 00:00:00+05:00,67.85880978511312,70.78796898471997,67.73676342503376,69.03657531738281,1306573,0.0,0.0,0.0,0.013982320004159554,0.02119117712579557,913393.65,73.0571533203125,0,30,6,2022,3,UBL.KA
2022-07-01 00:00:00+05:00,68.07849389310742,70.1777247135146,68.07849389310742,69.87870788574219,293888,0.0,0.0,0.0,0.012198353763752445,0.02154506096169645,910065.9,72.71663856506348,0,1,7,2022,4,UBL.KA
2022-07-04 00:00:00+05:00,70.17162316599428,70.40961682382354,68.80468439819566,68.96334838867188,1180326,0.0,0.0,0.0,-0.013099261917764782,0.021588770213288803,949041.2,72.32638893127441,0,4,7,2022,0,UBL.KA
2022-07-05 00:00:00+05:00,69.49426408405269,69.53698078053355,68.6582366449597,69.18304443359375,118301,0.0,0.0,0.0,0.0031856928361959636,0.021664259918952176,953297.75,71.95810890197754,0,5,7,2022,1,UBL.KA
2022-07-06 00:00:00+05:00,69.53696769456462,69.56748161021038,69.01826371897579,69.47594451904297,90349,0.0,0.0,0.0,0.004233697546085269,0.021758403183142042,942012.65,71.6191192626953,0,6,7,2022,2,UBL.KA
2022-07-07 00:00:00+05:00,69.56748962402344,70.17773076107628,69.45154231813687,69.56748962402344,281957,0.0,0.0,0.0,0.0013176518234361279,0.021538206903723153,925615.95,71.24626197814942,0,7,7,2022,3,UBL.KA
2022-07-08 00:00:00+05:00,69.56748962402344,69.56748962402344,69.56748962402344,69.56748962402344,0,0.0,0.0,0.0,0.0,0.021539137075743127,895647.2,70.87370948791504,0,8,7,2022,4,UBL.KA
2022-07-11 00:00:00+05:00,69.56748962402344,69.56748962402344,69.56748962402344,69.56748962402344,0,0.0,0.0,0.0,0.0,0.017671208135186862,807325.35,70.72145462036133,0,11,7,2022,0,UBL.KA
2022-07-12 00:00:00+05:00,69.56748962402344,69.56748962402344,69.56748962402344,69.56748962402344,0,0.0,0.0,0.0,0.0,0.017487834403865886,745184.5,70.61588287353516,0,12,7,2022,1,UBL.KA
2022-07-13 00:00:00+05:00,69.5674901218671,70.48895554902685,69.01827216343511,70.33639526367188,710552,0.0,0.0,0.0,0.011052657553175749,0.01755159075332076,761734.35,70.51580390930175,0,13,7,2022,2,UBL.KA
2022-07-14 00:00:00+05:00,70.48284762819686,71.82537619690208,70.48284762819686,71.53246307373047,552747,0.0,0.0,0.0,0.017004963157052133,0.018020893073721893,759900.4,70.47522239685058,0,14,7,2022,3,UBL.KA
2022-07-15 00:00:00+05:00,72.25256098422297,72.59429457570832,70.29978629743418,70.45845031738281,497759,0.0,0.0,0.0,-0.015014340485391076,0.01800222076193451,759562.5,70.33303680419922,0,15,7,2022,4,UBL.KA
2022-07-18 00:00:00+05:00,69.87261520522584,70.17773579564168,69.2684777398183,69.76277160644531,219270,0.0,0.0,0.0,-0.009873602212421506,0.017789466413218543,739935.75,70.11274032592773,0,18,7,2022,0,UBL.KA
2022-07-19 00:00:00+05:00,69.87261922199541,70.11671663951465,67.37063116790785,67.79779815673828,321305,0.0,0.0,0.0,-0.028166504920304702,0.018624510314577805,663530.9,69.82928352355957,0,19,7,2022,1,UBL.KA
2022-07-20 00:00:00+05:00,68.34700012207031,68.95724119458879,67.7977822256497,68.34700012207031,757517,0.0,0.0,0.0,0.008100587043584406,0.018815044919151595,623391.85,69.58366050720215,0,20,7,2022,2,UBL.KA
2022-07-21 00:00:00+05:00,67.91983535872579,68.95724335215822,67.58420089603116,68.01136779785156,186947,0.0,0.0,0.0,-0.00491071039869051,0.018807808657024347,556067.95,69.32369728088379,0,21,7,2022,3,UBL.KA
2022-07-22 00:00:00+05:00,68.40803135089492,68.40803135089492,66.85191922625526,67.12652587890625,607672,0.0,0.0,0.0,-0.013010206199282837,0.012428662122760665,464998.05,69.25626564025879,0,22,7,2022,4,UBL.KA
2022-07-25 00:00:00+05:00,67.12652679678388,67.12652679678388,65.60702763018152,65.94265747070312,112520,0.0,0.0,0.0,-0.01763637239827931,0.012139892033263546,438638.85,69.06861610412598,0,25,7,2022,0,UBL.KA
2022-07-26 00:00:00+05:00,65.60093082708327,66.79089933791732,65.35683340913063,65.91215515136719,1988581,0.0,0.0,0.0,-0.0004625582362901559,0.012092473706953634,521274.05,68.90598793029785,0,26,7,2022,1,UBL.KA
2022-07-27 00:00:00+05:00,68.31649855145145,68.31649855145145,65.60092715032758,66.61392974853516,1725777,0.0,0.0,0.0,0.010647119572351205,0.012000023871488583,547602.05,68.83245468139648,0,27,7,2022,2,UBL.KA
2022-07-28 00:00:00+05:00,68.04189158736912,68.34701217744701,66.11963093872428,67.82830810546875,1625167,0.0,0.0,0.0,0.018230096340477564,0.012313079835818549,563531.75,68.77204132080078,0,28,7,2022,3,UBL.KA
2022-07-29 00:00:00+05:00,68.3348025246275,68.3348025246275,67.12652306099076,67.3279037475586,3051581,0.0,0.0,0.0,-0.007377514962219833,0.011998630757330788,701416.4,68.64450111389161,0,29,7,2022,4,UBL.KA
2022-08-01 00:00:00+05:00,67.13872812771537,67.70015351451165,65.93655699359594,66.46136474609375,206793,0.0,0.0,0.0,-0.012870428948952184,0.011987381641450311,652739.75,68.5194019317627,0,1,8,2022,0,UBL.KA
2022-08-02 00:00:00+05:00,66.97396258912644,66.97396258912644,65.39344033090447,65.91824340820312,494011,0.0,0.0,0.0,-0.008171985934467996,0.012008890644164699,671525.25,68.35616188049316,0,2,8,2022,1,UBL.KA
2022-08-03 00:00:00+05:00,66.3332125173063,70.17773370428401,65.70466486470427,69.41493225097656,3963433,0.0,0.0,0.0,0.05304584379046573,0.01723800428381373,865179.45,68.35311126708984,0,3,8,2022,2,UBL.KA
2022-08-04 00:00:00+05:00,69.32339026178032,71.39821099976515,69.32339026178032,70.47674560546875,670583,0.0,0.0,0.0,0.015296612991756442,0.017570375893663896,884610.75,68.39857406616211,0,4,8,2022,3,UBL.KA
2022-08-05 00:00:00+05:00,69.78717675051628,74.41890474230678,69.78717675051628,73.3998031616211,628010,0.0,0.0,0.0,0.0414754899795704,0.019780334847547577,916011.25,68.59018974304199,0,5,8,2022,4,UBL.KA
2022-08-08 00:00:00+05:00,73.3998031616211,73.3998031616211,73.3998031616211,73.3998031616211,0,0.0,0.0,0.0,0.0,0.019780334847547577,916011.25,68.78180541992188,0,8,8,2022,0,UBL.KA
2022-08-09 00:00:00+05:00,73.3998031616211,73.3998031616211,73.3998031616211,73.3998031616211,0,0.0,0.0,0.0,0.0,0.019780334847547577,916011.25,68.97342109680176,0,9,8,2022,1,UBL.KA
2022-08-10 00:00:00+05:00,73.62559700203475,74.9376164292717,72.92381873576657,73.87579345703125,1240160,0.0,0.0,0.0,0.006484898799552052,0.019707093317400535,942491.65,69.15039100646973,0,10,8,2022,2,UBL.KA
2022-08-11 00:00:00+05:00,73.83917798799114,75.04745749451543,73.22893684759451,73.5401611328125,366171,0.0,0.0,0.0,-0.00454319755514998,0.019467966202302286,933162.85,69.25077590942382,0,11,8,2022,3,UBL.KA
2022-08-12 00:00:00+05:00,74.14430547455092,74.87659304902826,73.60119118139653,74.61418914794922,603716,0.0,0.0,0.0,0.014604645932132732,0.019266133674288064,938460.7,69.45856285095215,0,12,8,2022,4,UBL.KA
2022-08-15 00:00:00+05:00,73.82630091086624,75.52616567377194,73.37341479746352,74.73827362060547,825073,2.0,0.0,0.0,0.0016630144222329335,0.01903031203519221,968750.85,69.70733795166015,0,15,8,2022,0,UBL.KA
2022-08-16 00:00:00+05:00,74.75688171386719,75.34624942746284,74.3846492245861,74.75688171386719,461123,0.0,0.0,0.0,0.00024897676063773133,0.017534201160199558,975741.75,70.0552921295166,0,16,8,2022,1,UBL.KA
2022-08-17 00:00:00+05:00,75.06707106371283,75.2221683179767,73.99379598160212,74.98021697998047,171315,0.0,0.0,0.0,0.0029874877201017114,0.017524511762746043,946431.65,70.3869529724121,0,17,8,2022,2,UBL.KA
2022-08-18 00:00:00+05:00,75.37725764825353,75.37725764825353,73.51609079274111,73.91313934326172,123328,0.0,0.0,0.0,-0.014231455705224993,0.017915500257572017,943250.7,70.68204154968262,0,18,8,2022,3,UBL.KA
2022-08-19 00:00:00+05:00,73.57812957991682,74.75686954848152,71.59288680468629,71.90928649902344,532668,0.0,0.0,0.0,-0.02711091508279928,0.01888460131928706,939500.5,70.92117958068847,0,19,8,2022,4,UBL.KA
2022-08-22 00:00:00+05:00,72.89571717519895,72.89571717519895,70.1722094823725,70.4699935913086,639363,0.0,0.0,0.0,-0.02001539686719589,0.019032413067761347,965842.65,71.14754638671874,0,22,8,2022,0,UBL.KA
2022-08-23 00:00:00+05:00,70.71194926321289,71.95272742044412,70.04192792234169,71.59910583496094,1101524,0.0,0.0,0.0,0.016022596088210772,0.01920815529783167,921489.8,71.43189392089843,0,23,8,2022,1,UBL.KA
2022-08-24 00:00:00+05:00,71.34474293626583,73.01979152931835,71.34474293626583,72.32495880126953,1858709,0.0,0.0,0.0,0.010137737864795549,0.01919965913676073,928136.4,71.71744537353516,0,24,8,2022,2,UBL.KA
2022-08-25 00:00:00+05:00,72.87709405512071,73.01978086957514,71.43158659938018,72.55448913574219,841489,0.0,0.0,0.0,0.0031735978599496395,0.01891756585476229,888952.5,71.95375442504883,0,25,8,2022,3,UBL.KA
2022-08-26 00:00:00+05:00,72.88949986304928,72.88949986304928,71.84104570645364,72.34355926513672,286267,0.0,0.0,0.0,-0.002907192554424065,0.018807861857598307,750686.8,72.20453720092773,0,26,8,2022,4,UBL.KA
2022-08-29 00:00:00+05:00,72.57931032750223,73.20590456474866,70.86083481990059,72.79024505615234,883355,0.0,0.0,0.0,0.006174506694901938,0.018398982881265926,784514.9,72.52098121643067,0,29,8,2022,0,UBL.KA
2022-08-30 00:00:00+05:00,73.21210425137063,73.21210425137063,71.96512108655969,72.3869857788086,838102,0.0,0.0,0.0,-0.005540018130625435,0.01831114730402889,801719.45,72.84441833496093,0,30,8,2022,1,UBL.KA
2022-08-31 00:00:00+05:00,72.82125333309536,73.0818202896292,71.34472933429986,72.40559387207031,829360,0.0,0.0,0.0,0.00025706407113812446,0.01438093431160329,645015.8,72.99395141601562,0,31,8,2022,2,UBL.KA
2022-09-01 00:00:00+05:00,72.86468928953431,72.86468928953431,71.34473806746111,72.51727294921875,157730,0.0,0.0,0.0,0.001542409518051402,0.01404712343250042,619373.15,73.09597778320312,0,1,9,2022,3,UBL.KA
2022-09-02 00:00:00+05:00,72.88949732693594,72.88949732693594,71.96511910510384,72.34976196289062,228226,0.0,0.0,0.0,-0.002309946024106946,0.010441786304743335,599383.95,73.0434757232666,0,2,9,2022,4,UBL.KA
2022-09-05 00:00:00+05:00,72.54829817910172,72.58552000807389,71.71697437757801,72.41181182861328,280910,0.0,0.0,0.0,0.0008576374550406385,0.010446434278890783,613429.45,72.99407615661622,0,5,9,2022,0,UBL.KA
2022-09-06 00:00:00+05:00,72.89570221432398,72.89570221432398,71.34472982678517,72.59171295166016,390921,0.0,0.0,0.0,0.0024844168168678404,0.010469006656162367,632975.5,72.95367164611817,0,6,9,2022,1,UBL.KA
2022-09-07 00:00:00+05:00,71.68595973051697,73.07562993750693,71.68595973051697,72.44903564453125,236620,0.0,0.0,0.0,-0.0019654765169120347,0.01034197911379648,582798.5,72.88233375549316,0,7,9,2022,2,UBL.KA
2022-09-08 00:00:00+05:00,71.53085139298463,72.76542413971524,71.53085139298463,71.67353820800781,142695,0.0,0.0,0.0,-0.010704040842287932,0.01054522436355541,571624.7,72.78900260925293,0,8,9,2022,3,UBL.KA
2022-09-09 00:00:00+05:00,72.98876218873494,72.98876218873494,71.65492497630383,71.87826538085938,251759,0.0,0.0,0.0,0.002856384350070851,0.00992566892043304,554026.85,72.65220642089844,0,9,9,2022,4,UBL.KA
2022-09-12 00:00:00+05:00,72.26291626245992,72.52347851896913,71.81003018817165,72.27532196044922,181629,0.0,0.0,0.0,0.005524014491529172,0.010033912765387662,521854.65,72.52905883789063,0,12,9,2022,0,UBL.KA
2022-09-13 00:00:00+05:00,72.58551447157407,74.81891397021477,72.58551447157407,74.3846435546875,1469063,0.0,0.0,0.0,0.029184534043204202,0.012175929531097925,572251.65,72.51044692993165,0,13,9,2022,1,UBL.KA
2022-09-14 00:00:00+05:00,74.75067281039334,74.75067281039334,72.28152712452147,72.50486755371094,443465,0.0,0.0,0.0,-0.025271022500693352,0.013370159057553295,585859.15,72.38667945861816,0,14,9,2022,2,UBL.KA
2022-09-15 00:00:00+05:00,72.59792093937149,73.48507742609644,72.37458524701147,72.80265045166016,204057,0.0,0.0,0.0,0.00410707457300874,0.013083479887086573,589895.6,72.33115501403809,0,15,9,2022,3,UBL.KA
2022-09-16 00:00:00+05:00,73.20589803671756,73.76424905312757,72.52347112030185,73.11283874511719,1067864,0.0,0.0,0.0,0.004260673087211231,0.01153637791294724,616655.4,72.39133262634277,0,16,9,2022,4,UBL.KA
2022-09-19 00:00:00+05:00,73.20590509660593,73.20590509660593,72.00234887107398,72.74681854248047,137683,0.0,0.0,0.0,-0.005006237056568441,0.010550714984680751,591571.4,72.50517387390137,0,19,9,2022,0,UBL.KA
2022-09-20 00:00:00+05:00,73.64017706828723,73.64017706828723,71.74799333842385,71.95892333984375,305735,0.0,0.0,0.0,-0.010830648245828467,0.010330966935585948,551781.95,72.52316474914551,0,20,9,2022,1,UBL.KA
2022-09-21 00:00:00+05:00,72.73439940630466,72.73439940630466,71.43778876857257,71.7355728149414,89717,0.0,0.0,0.0,-0.0031038614050340474,0.010088869824125988,463332.35,72.4936954498291,0,21,9,2022,2,UBL.KA
2022-09-22 00:00:00+05:00,71.35094865227,72.26912183025269,71.02834368353544,71.62391662597656,153557,0.0,0.0,0.0,-0.001556496792085138,0.0100570466613161,428935.75,72.44716682434083,0,22,9,2022,3,UBL.KA
2022-09-23 00:00:00+05:00,72.1512435424407,72.1512435424407,70.69332558670754,70.77397918701172,180653,0.0,0.0,0.0,-0.011866670785448008,0.010360321229598792,423655.05,72.36868782043457,0,23,9,2022,4,UBL.KA
2022-09-26 00:00:00+05:00,70.77397146040806,71.96511709007073,70.72433920920744,70.98490142822266,227437,0.0,0.0,0.0,0.002980223008990368,0.010267367860328143,390859.15,72.27842063903809,0,26,9,2022,0,UBL.KA
2022-09-27 00:00:00+05:00,71.34473819230945,72.57931103225633,70.84842507682501,72.30634307861328,374877,0.0,0.0,0.0,0.018615812994074776,0.01111626361359558,367697.9,72.27438850402832,0,27,9,2022,1,UBL.KA
2022-09-28 00:00:00+05:00,72.66616069756647,73.17487948005848,72.21948460063075,72.45523071289062,535239,0.0,0.0,0.0,0.0020591227261412826,0.011125732354480682,352991.85,72.27687034606933,0,28,9,2022,2,UBL.KA
2022-09-29 00:00:00+05:00,73.1748799524895,73.1748799524895,70.0481235877907,70.2652587890625,748182,0.0,0.0,0.0,-0.03022517356277643,0.01301513636935243,382514.45,72.16426963806153,0,29,9,2022,3,UBL.KA
2022-09-30 00:00:00+05:00,70.11636016575122,71.34473242400388,69.85579793112535,71.2764892578125,109718,0.0,0.0,0.0,0.014391613809973114,0.013487364736640545,376589.05,72.11060600280761,0,30,9,2022,4,UBL.KA
2022-10-03 00:00:00+05:00,70.78639304797537,71.34474416635064,70.41416054678955,70.73056030273438,287017,0.0,0.0,0.0,-0.007659313200787166,0.013571107984466743,376894.4,72.02654342651367,0,3,10,2022,0,UBL.KA
2022-10-04 00:00:00+05:00,71.20825779264345,71.22066822482242,69.85580940991181,70.07294464111328,352972,0.0,0.0,0.0,-0.009297475642868203,0.013663355329761971,374996.95,71.90060501098633,0,4,10,2022,1,UBL.KA
2022-10-05 00:00:00+05:00,69.86200311214182,70.66230546083884,69.17337096868607,69.53939819335938,218446,0.0,0.0,0.0,-0.007614157653664022,0.01372789745494804,374088.25,71.75512313842773,0,5,10,2022,2,UBL.KA
2022-10-06 00:00:00+05:00,69.4835663258515,70.41414980342986,69.4835663258515,70.12256622314453,311331,0.0,0.0,0.0,0.008386152956969983,0.013751414056704532,382520.05,71.67757453918458,0,6,10,2022,3,UBL.KA
2022-10-07 00:00:00+05:00,69.01827540222189,70.41415063507581,69.01207018700423,70.06673431396484,712181,0.0,0.0,0.0,-0.0007962045912869309,0.013721679424115315,405541.15,71.58699798583984,0,7,10,2022,4,UBL.KA
2022-10-10 00:00:00+05:00,71.02213393021239,71.02213393021239,69.35949124130758,70.06673431396484,542174,0.0,0.0,0.0,0.0,0.013634829406052883,423568.4,71.47656860351563,0,10,10,2022,0,UBL.KA
2022-10-11 00:00:00+05:00,70.35210886054061,70.35210886054061,68.8569691981983,69.09272003173828,322683,0.0,0.0,0.0,-0.013901237038707492,0.011820943547317182,366249.4,71.21197242736817,0,11,10,2022,1,UBL.KA
2022-10-12 00:00:00+05:00,68.89419458953554,69.79375667113108,68.86317324884934,69.62004852294922,524351,0.0,0.0,0.0,0.007632186009882247,0.010902524577103823,370293.7,71.06773147583007,0,12,10,2022,2,UBL.KA
2022-10-13 00:00:00+05:00,70.0109096532318,70.0915632662414,69.4897850762156,69.8434066772461,242318,0.0,0.0,0.0,0.0032082447374803813,0.010877975277795222,372206.75,70.91976928710938,0,13,10,2022,3,UBL.KA
2022-10-14 00:00:00+05:00,70.64989033284414,70.64989033284414,69.67587989258132,69.9488525390625,1047669,0.0,0.0,0.0,0.0015097468298430616,0.010811620245916866,371197.0,70.76156997680664,0,14,10,2022,4,UBL.KA
2022-10-17 00:00:00+05:00,70.10396313491768,70.10396313491768,67.68444487654301,69.68209838867188,642979,0.0,0.0,0.0,-0.0038135600614985776,0.01079833954783286,396461.8,70.60833396911622,0,17,10,2022,0,UBL.KA
2022-10-18 00:00:00+05:00,70.10395896033202,70.46998620863494,69.79996966712538,70.04812622070312,693079,0.0,0.0,0.0,0.005252824477093521,0.010712005642973355,415829.0,70.51279411315917,0,18,10,2022,1,UBL.KA
2022-10-19 00:00:00+05:00,70.18460149835072,71.82242797777076,70.1039526373189,70.79878997802734,1041058,0.0,0.0,0.0,0.010716400249723756,0.01102987653113544,463396.05,70.46595497131348,0,19,10,2022,2,UBL.KA
2022-10-20 00:00:00+05:00,70.41414905078938,70.41414905078938,69.94265210189555,70.19701385498047,1262681,0.0,0.0,0.0,-0.00849980802261785,0.01116998387051763,518852.25,70.39460983276368,0,20,10,2022,3,UBL.KA
2022-10-21 00:00:00+05:00,70.41414529440276,70.41414529440276,69.48976709116208,69.86199951171875,482122,0.0,0.0,0.0,-0.004772487102568501,0.010914663573761375,533925.7,70.34901084899903,0,21,10,2022,4,UBL.KA
2022-10-24 00:00:00+05:00,70.25904165092005,70.89804144902175,69.86199314077548,69.97366333007812,738529,0.0,0.0,0.0,0.0015983484460768693,0.01089522080641693,559480.3,70.2984489440918,0,24,10,2022,0,UBL.KA
2022-10-25 00:00:00+05:00,70.11015823261715,70.42035271499626,69.94885577648621,70.09774780273438,750672,0.0,0.0,0.0,0.0017733025077009135,0.009935519167716119,578270.05,70.18801918029786,0,25,10,2022,1,UBL.KA
2022-10-26 00:00:00+05:00,70.09776375871783,70.10396897507168,68.86319076312351,69.185791015625,627292,0.0,0.0,0.0,-0.01300978727127955,0.010218540841443854,582872.7,70.02454719543456,0,26,10,2022,2,UBL.KA
2022-10-27 00:00:00+05:00,69.47116107660072,69.78755605311852,69.32846952651421,69.66968536376953,336951,0.0,0.0,0.0,0.006994129011768546,0.008006513085771293,562311.15,69.99476852416993,0,27,10,2022,3,UBL.KA
2022-10-28 00:00:00+05:00,70.06052803781316,70.41414956878687,69.01827435707082,69.28504180908203,377111,0.0,0.0,0.0,-0.005520960123174712,0.0072757152645484095,575680.8,69.8951961517334,0,28,10,2022,4,UBL.KA
2022-10-31 00:00:00+05:00,68.23010776580617,69.266098256302,66.96038589142336,67.68684387207031,418931,2.0,0.0,0.0,-0.023066998233408298,0.008658678962590207,582276.5,69.74301033020019,0,31,10,2022,0,UBL.KA
2022-11-01 00:00:00+05:00,67.66156851078114,68.21746426385879,66.77718517945195,67.99005126953125,320913,0.0,0.0,0.0,0.00447956175994868,0.008608933520676864,580673.55,69.6388656616211,0,1,11,2022,1,UBL.KA
2022-11-02 00:00:00+05:00,68.16063064211644,68.85550171386038,67.19412758184048,67.38995361328125,1126023,0.0,0.0,0.0,-0.008826256857360604,0.008658570452639167,626052.4,69.5313934326172,0,2,11,2022,2,UBL.KA
2022-11-03 00:00:00+05:00,68.16060761143717,68.35011521087893,67.27622435553927,68.15428924560547,336449,0.0,0.0,0.0,0.011341981873297824,0.008859677006687874,627308.3,69.43297958374023,0,3,11,2022,3,UBL.KA
2022-11-04 00:00:00+05:00,67.6236706973545,68.3690789158055,67.08672038258347,68.22378540039062,264249,0.0,0.0,0.0,0.001019688644022354,0.008875319815575695,604911.7,69.34083213806153,0,4,11,2022,4,UBL.KA
2022-11-07 00:00:00+05:00,68.50805586290097,68.72915534069486,67.27623932420232,68.17957305908203,328144,0.0,0.0,0.0,-0.0006480487860519579,0.00887152823142416,594210.2,69.24647407531738,0,7,11,2022,0,UBL.KA
2022-11-08 00:00:00+05:00,68.1858860670177,68.66597591028787,68.09744821065206,68.21746826171875,699283,0.0,0.0,0.0,0.0005558146074613468,0.008367697837482712,613040.2,69.20271148681641,0,8,11,2022,1,UBL.KA
2022-11-09 00:00:00+05:00,68.21746826171875,68.21746826171875,68.21746826171875,68.21746826171875,0,0.0,0.0,0.0,0.0,0.008143353172331941,586822.65,69.13258247375488,0,9,11,2022,2,UBL.KA
2022-11-10 00:00:00+05:00,68.50805713632998,70.04941104478993,68.09745482879954,69.44297790527344,2180864,0.0,0.0,0.0,0.017964748249714724,0.009149642955077152,683749.95,69.11256103515625,0,10,11,2022,3,UBL.KA
2022-11-11 00:00:00+05:00,69.77144511421994,69.77144511421994,69.17133047624475,69.51876831054688,459870,0.0,0.0,0.0,0.0010914048844048452,0.009145891514731736,654360.0,69.09105682373047,0,11,11,2022,4,UBL.KA
2022-11-14 00:00:00+05:00,68.98182057983634,69.73986547711554,68.98182057983634,69.48086547851562,314074,0.0,0.0,0.0,-0.0005452172550286516,0.009108336901954969,637914.75,69.08099517822265,0,14,11,2022,0,UBL.KA
2022-11-15 00:00:00+05:00,69.48719570326945,69.6514395153014,69.17134481370914,69.42402648925781,283783,0.0,0.0,0.0,-0.0008180524071823569,0.009021123688834332,617449.95,69.04979019165039,0,15,11,2022,1,UBL.KA
2022-11-16 00:00:00+05:00,69.17134377788605,69.48719466271658,69.17134377788605,69.37980651855469,137035,0.0,0.0,0.0,-0.000636954854670746,0.008633088407592027,572248.8,68.97884101867676,0,16,11,2022,2,UBL.KA
2022-11-17 00:00:00+05:00,69.39242849329331,70.49790643184669,69.39242849329331,69.57562255859375,347226,0.0,0.0,0.0,0.0028223780068727944,0.008483702075664425,526476.05,68.94777145385743,0,17,11,2022,3,UBL.KA
2022-11-18 00:00:00+05:00,69.70827375238542,69.70827375238542,68.53962670337098,68.87442779541016,246085,0.0,0.0,0.0,-0.010078167286150741,0.008707297796965194,514674.2,68.898392868042,0,18,11,2022,4,UBL.KA
2022-11-21 00:00:00+05:00,69.17134017985019,69.17134017985019,68.85548931144905,69.05131530761719,122442,0.0,0.0,0.0,0.0025682610784436566,0.00872331460871349,483869.85,68.85227546691894,0,21,11,2022,0,UBL.KA
2022-11-22 00:00:00+05:00,69.45561417417075,69.45561417417075,68.72916092638694,68.83023071289062,103044,0.0,0.0,0.0,-0.00320174342431645,0.008722200490913623,451488.45,68.78889961242676,0,22,11,2022,1,UBL.KA
2022-11-23 00:00:00+05:00,69.21555156141925,69.48086510526613,67.41520277174216,68.23641204833984,547676,0.0,0.0,0.0,-0.00862729440829213,0.008452186799425191,447507.65,68.7414306640625,0,23,11,2022,2,UBL.KA
2022-11-24 00:00:00+05:00,68.50804464484288,68.50804464484288,68.19219380771682,68.38170623779297,276362,0.0,0.0,0.0,0.0021292765122262747,0.008288844817373624,444478.2,68.67703170776367,0,24,11,2022,3,UBL.KA
2022-11-25 00:00:00+05:00,68.69756228726565,69.20292559281172,68.23010436231162,69.15870666503906,375379,0.0,0.0,0.0,0.011362694351967795,0.008645521362798416,444391.6,68.67071495056152,0,25,11,2022,4,UBL.KA
2022-11-28 00:00:00+05:00,69.0260395655982,69.1650147045317,67.56049187961982,67.66788482666016,471499,0.0,0.0,0.0,-0.02155653149500758,0.008438032395878007,447020.0,68.66976699829101,0,28,11,2022,0,UBL.KA
2022-11-29 00:00:00+05:00,67.90792676995527,69.1650116927946,67.59839431367344,68.2743148803711,784545,0.0,0.0,0.0,0.008961859163536534,0.008620273318069643,470201.6,68.68398017883301,0,29,11,2022,1,UBL.KA
2022-11-30 00:00:00+05:00,68.50805399286726,68.62807886959315,67.02355581971307,67.27623748779297,536748,0.0,0.0,0.0,-0.014618636515458805,0.00902867903953975,440737.85,68.6782943725586,0,30,11,2022,2,UBL.KA
2022-12-01 00:00:00+05:00,68.19220518179233,69.07658863715574,67.47838390584653,68.65966796875,344954,0.0,0.0,0.0,0.020563434172549355,0.009839843455515956,441163.1,68.70356330871581,0,1,12,2022,3,UBL.KA
2022-12-02 00:00:00+05:00,68.22378470909257,68.85548641936194,67.65525220594981,68.63439178466797,451477,0.0,0.0,0.0,-0.00036813728976281546,0.009840251534471904,450524.5,68.72409362792969,0,2,12,2022,4,UBL.KA
2022-12-05 00:00:00+05:00,68.82389942200828,69.05763078988272,67.97110307684717,68.0784912109375,410456,0.0,0.0,0.0,-0.00809944634571158,0.010019303815177731,454640.1,68.71903953552246,0,5,12,2022,0,UBL.KA
2022-12-06 00:00:00+05:00,68.38170623779297,68.82389548196895,67.87634297059076,68.38170623779297,305637,0.0,0.0,0.0,0.004453903449710417,0.010069019240262624,434957.8,68.72725143432618,0,6,12,2022,1,UBL.KA
2022-12-07 00:00:00+05:00,68.38170654457748,68.47646276004068,68.00900486845728,68.07217407226562,316915,0.0,0.0,0.0,-0.004526534691178474,0.010123727464959494,450803.55,68.71998672485351,0,7,12,2022,2,UBL.KA
2022-12-08 00:00:00+05:00,68.50172459606118,68.50172459606118,67.97741109951865,68.40065002441406,1279004,0.0,0.0,0.0,0.004825407100994328,0.0092841263184997,405710.55,68.66787033081054,0,8,12,2022,3,UBL.KA
2022-12-09 00:00:00+05:00,68.06586407547519,70.05572556687206,68.06586407547519,69.92938232421875,1136270,0.0,0.0,0.0,0.02234967502880525,0.010622274056874688,439530.55,68.68840103149414,0,9,12,2022,4,UBL.KA
2022-12-12 00:00:00+05:00,69.88516601653012,70.11889740958281,69.32927018650193,69.65775299072266,2440654,0.0,0.0,0.0,-0.003884337662768411,0.010663214764469192,545859.55,68.69724540710449,0,12,12,2022,0,UBL.KA
2022-12-13 00:00:00+05:00,69.99255815247164,70.11889657886698,69.36085638149086,70.0936279296875,379641,0.0,0.0,0.0,0.006257378687235304,0.010745376666641942,550652.45,68.73072547912598,0,13,12,2022,1,UBL.KA
2022-12-14 00:00:00+05:00,70.11258198111241,70.27682579985812,69.42402932708615,69.84095001220703,607801,0.0,0.0,0.0,-0.0036048628804594696,0.010782839176443838,574190.75,68.7537826538086,0,14,12,2022,2,UBL.KA
2022-12-15 00:00:00+05:00,69.80304499017258,70.11889587248105,66.20234685965677,66.94143676757812,1811990,0.0,0.0,0.0,-0.041515947937737385,0.014254646078734055,647428.95,68.62207336425782,0,15,12,2022,3,UBL.KA
2022-12-16 00:00:00+05:00,67.52890725169775,67.9710964782608,66.26550395351632,66.54344940185547,675775,0.0,0.0,0.0,-0.005945306598429845,0.014158421799903858,668913.45,68.50552444458008,0,16,12,2022,4,UBL.KA
2022-12-19 00:00:00+05:00,67.26992152011026,67.26992152011026,66.17076176718516,66.31605529785156,132978,0.0,0.0,0.0,-0.003417227481411045,0.014128374621131144,669440.25,68.3687614440918,0,19,12,2022,0,UBL.KA
2022-12-20 00:00:00+05:00,66.61294423629887,71.28753791346935,63.23965937548905,66.64453125,1183080,0.0,0.0,0.0,0.004953188947580234,0.014206988647773465,723442.05,68.25947647094726,0,20,12,2022,1,UBL.KA
2022-12-21 00:00:00+05:00,64.43356787550925,66.30972253476925,63.1701645838326,63.9724235534668,508848,0.0,0.0,0.0,-0.040094928217132675,0.016580305537269174,721500.65,68.04627704620361,0,21,12,2022,2,UBL.KA
2022-12-22 00:00:00+05:00,64.11773536549923,66.19603495223846,63.48603353923816,65.65277099609375,859690,0.0,0.0,0.0,0.02626674665877804,0.01781278488968698,750667.05,67.90983028411866,0,22,12,2022,3,UBL.KA
2022-12-23 00:00:00+05:00,65.91808386244098,66.20235257275147,64.4399039190351,64.79365539550781,74193,0.0,0.0,0.0,-0.01308574775369431,0.01769453137115195,735607.75,67.69157772064209,0,23,12,2022,4,UBL.KA
2022-12-26 00:00:00+05:00,65.06525973096409,65.43796133256768,64.18087659596353,64.97682189941406,181729,0.0,0.0,0.0,0.0028269203641650975,0.017189040856936604,721119.25,67.55702457427978,0,26,12,2022,0,UBL.KA
2022-12-27 00:00:00+05:00,65.6969683993949,66.0759884070297,62.53846030327014,63.47969436645508,831405,0.0,0.0,0.0,-0.023040947359299624,0.01761055580527792,723462.25,67.31729354858399,0,27,12,2022,1,UBL.KA
2022-12-28 00:00:00+05:00,63.42285433080603,63.67553598541117,60.965534999261955,61.57196807861328,984566,0.0,0.0,0.0,-0.030052543681588828,0.01844259905229482,745853.15,67.032080078125,0,28,12,2022,2,UBL.KA
2022-12-29 00:00:00+05:00,62.538469318526225,63.10700182168587,61.117140470377905,62.39949417114258,337578,0.0,0.0,0.0,0.01343998118547618,0.01800153829208307,745484.35,66.71907138824463,0,29,12,2022,3,UBL.KA
2022-12-30 00:00:00+05:00,62.53846585484356,64.27564546192254,61.50879385912266,63.643943786621094,382741,0.0,0.0,0.0,0.01994326447687822,0.018808482785826756,742047.55,66.46954898834228,0,30,12,2022,4,UBL.KA
2023-01-02 00:00:00+05:00,63.79556526049864,66.64454180959211,63.233351027949475,66.29710388183594,1070969,0.0,0.0,0.0,0.04168755010076186,0.021309695414900767,775073.2,66.3804796218872,0,2,1,2023,0,UBL.KA
2023-01-03 00:00:00+05:00,65.07158551709465,66.29708338812266,63.39757525269713,65.8422622680664,486041,0.0,0.0,0.0,-0.006860655852783726,0.02130444928710502,784093.4,66.25350742340088,0,3,1,2023,1,UBL.KA
2023-01-04 00:00:00+05:00,65.85491321461681,66.01283866597082,64.87577348842112,65.05896759033203,144134,0.0,0.0,0.0,-0.011896533484000216,0.02141981351834208,775454.35,66.1028470993042,0,4,1,2023,2,UBL.KA
2023-01-05 00:00:00+05:00,65.06528661910131,65.06528661910131,64.49675402454851,64.67362976074219,129658,0.0,0.0,0.0,-0.00592290108284943,0.021373217406997,717987.05,65.9164960861206,0,5,1,2023,3,UBL.KA
2023-01-06 00:00:00+05:00,65.06526913541559,65.06526913541559,63.62499016256734,63.79554748535156,176702,0.0,0.0,0.0,-0.013577129946765965,0.02066575525362306,670008.65,65.60980434417725,0,6,1,2023,4,UBL.KA
2023-01-09 00:00:00+05:00,63.17017407628873,63.79555745018349,62.41213391517399,62.83537292480469,947381,0.0,0.0,0.0,-0.01505080837761208,0.020802158480827684,595345.0,65.26868534088135,0,9,1,2023,0,UBL.KA
2023-01-10 00:00:00+05:00,64.11772465747089,64.11772465747089,63.113321234818095,63.763973236083984,288131,0.0,0.0,0.0,0.014778305086062815,0.021128146371743126,590769.5,64.95220260620117,0,10,1,2023,1,UBL.KA
2023-01-11 00:00:00+05:00,63.959796999192065,63.959796999192065,62.45003032472187,62.65849304199219,113011,0.0,0.0,0.0,-0.017337065712621058,0.021319499664522335,566030.0,64.59307975769043,0,11,1,2023,2,UBL.KA
2023-01-12 00:00:00+05:00,63.48602707946587,63.48602707946587,62.53847443648877,62.6458625793457,231003,0.0,0.0,0.0,-0.0002015762274719668,0.019542513428354037,486980.65,64.37830104827881,0,12,1,2023,3,UBL.KA
2023-01-13 00:00:00+05:00,62.85432732470154,62.85432732470154,60.80129653268868,62.273162841796875,19231,0.0,0.0,0.0,-0.00594931129053855,0.019542543819761136,454153.45,64.16478672027588,0,13,1,2023,4,UBL.KA
2023-01-16 00:00:00+05:00,63.77028711551725,63.77028711551725,60.333833013921044,61.36982345581055,72013,0.0,0.0,0.0,-0.01450607845760521,0.01970773746696792,451105.2,63.91747512817383,0,16,1,2023,0,UBL.KA
2023-01-17 00:00:00+05:00,61.906757455682026,61.906757455682026,59.25361263538168,59.740020751953125,143077,0.0,0.0,0.0,-0.026557070105162728,0.020233419507507053,399105.05,63.57224960327149,0,17,1,2023,1,UBL.KA
2023-01-18 00:00:00+05:00,61.21189740216245,61.52774826097701,59.411548470819774,60.99080276489258,400133,0.0,0.0,0.0,0.020937087017977918,0.01928313421132928,393669.3,63.42316856384277,0,18,1,2023,2,UBL.KA
2023-01-19 00:00:00+05:00,60.99080631349347,61.27507017516512,59.72740280472718,59.980079650878906,307107,0.0,0.0,0.0,-0.016571729969021898,0.018308325955389657,366040.15,63.13953399658203,0,19,1,2023,3,UBL.KA
2023-01-20 00:00:00+05:00,60.58019981670761,60.58019981670761,59.25362708310128,59.38628387451172,304561,0.0,0.0,0.0,-0.009899883091577188,0.01824205761523622,377558.55,62.86916542053223,0,20,1,2023,4,UBL.KA
2023-01-23 00:00:00+05:00,60.48543654117992,60.48543654117992,57.92704278056706,58.18604278564453,136764,0.0,0.0,0.0,-0.020210745824800203,0.01850113146508969,375310.3,62.52962646484375,0,23,1,2023,0,UBL.KA
2023-01-24 00:00:00+05:00,58.48926149761995,60.011664996686214,57.80070891786093,58.30607223510742,679177,0.0,0.0,0.0,0.0020628563778615217,0.01808406776156075,367698.9,62.270945358276364,0,24,1,2023,1,UBL.KA
2023-01-25 00:00:00+05:00,58.748258342028365,61.59091600373941,58.337651271436464,61.00343322753906,1598302,0.0,0.0,0.0,0.04626209396433145,0.02023974764507032,398385.7,62.24251861572266,0,25,1,2023,2,UBL.KA
2023-01-26 00:00:00+05:00,61.275065683192544,64.87576349141457,61.21189647628544,64.28196716308594,2417075,0.0,0.0,0.0,0.05374343314937935,0.023431525772276012,502360.55,62.336642265319824,0,26,1,2023,3,UBL.KA
2023-01-27 00:00:00+05:00,64.9705139266733,65.53904637721928,63.20806573973132,63.631309509277344,598035,0.0,0.0,0.0,-0.010121931274409302,0.023165380425974696,513125.25,62.33601055145264,0,27,1,2023,4,UBL.KA
2023-01-30 00:00:00+05:00,63.770272281765884,64.1177100769783,61.938341563738376,62.25419235229492,225929,0.0,0.0,0.0,-0.02164213132815762,0.021467856084024628,470873.25,62.13386497497559,0,30,1,2023,0,UBL.KA
2023-01-31 00:00:00+05:00,62.5384706544292,64.59150125672106,62.06469436159261,64.17457580566406,973364,0.0,0.0,0.0,0.030847455903077803,0.022723260136016374,495239.4,62.050480651855466,0,31,1,2023,1,UBL.KA
2023-02-01 00:00:00+05:00,64.17457770198635,64.43357772975112,63.80187598730258,64.31355285644531,223712,0.0,0.0,0.0,0.002165609184579642,0.02258682441574385,499218.3,62.013209915161134,0,1,2,2023,2,UBL.KA
2023-02-02 00:00:00+05:00,64.8694593502272,65.3811362657182,63.80188176654626,63.94085693359375,405219,0.0,0.0,0.0,-0.005794982648267943,0.022585177625902786,512996.35,61.976571273803714,0,2,2,2023,3,UBL.KA
2023-02-03 00:00:00+05:00,65.00210585710461,65.00210585710461,62.57005527738162,63.90925979614258,215360,0.0,0.0,0.0,-0.0004941619328622249,0.022369772714495046,514929.25,61.98225688934326,0,3,2,2023,4,UBL.KA
2023-02-06 00:00:00+05:00,64.43358006251756,66.94775520906727,62.85432564922056,65.4127197265625,499709,0.0,0.0,0.0,0.02352491540686974,0.022635906406011864,492545.65,62.111124229431155,0,6,2,2023,0,UBL.KA
2023-02-07 00:00:00+05:00,65.38743714018105,65.85489499741706,64.69256631034351,65.38111877441406,156346,0.0,0.0,0.0,-0.0004831010280651471,0.022447858125762846,485956.4,62.19198150634766,0,7,2,2023,1,UBL.KA
2023-02-08 00:00:00+05:00,65.94965858356504,65.94965858356504,64.33881731735309,64.69257354736328,249714,0.0,0.0,0.0,-0.010531254893732966,0.02219764624617527,492791.55,62.29368553161621,0,8,2,2023,2,UBL.KA
2023-02-09 00:00:00+05:00,65.38113245391105,67.58577025676111,65.06528157249119,66.99197387695312,1469118,0.0,0.0,0.0,0.03554349755318342,0.02343033894842339,554697.3,62.51099109649658,0,9,2,2023,3,UBL.KA
2023-02-10 00:00:00+05:00,65.45061511373319,68.16061605095634,64.74942582412643,65.40007781982422,730960,0.0,0.0,0.0,-0.023762489220765515,0.024140884781693826,590283.75,62.66733684539795,0,10,2,2023,4,UBL.KA
2023-02-13 00:00:00+05:00,65.6969829259437,66.25919710580749,65.0652811670404,65.26742553710938,520865,0.0,0.0,0.0,-0.0020283199521612394,0.02383136930387804,612726.35,62.86221694946289,0,13,2,2023,0,UBL.KA
2023-02-14 00:00:00+05:00,66.00651494813502,66.00651494813502,63.833464190907584,64.0987777709961,187632,0.0,0.0,0.0,-0.01790552877635443,0.023333261426607858,614954.1,63.08015480041504,0,14,2,2023,1,UBL.KA
2023-02-15 00:00:00+05:00,65.55168050532511,65.69697401073711,63.83345600265615,65.27373504638672,488615,0.0,0.0,0.0,0.018330416214617395,0.023239486059485497,619378.2,63.294301414489745,0,15,2,2023,2,UBL.KA
2023-02-16 00:00:00+05:00,64.43988743666077,65.84857943408808,64.43988743666077,65.61485290527344,194263,0.0,0.0,0.0,0.0052259589350034386,0.022747046892712845,613736.0,63.57604007720947,0,16,2,2023,3,UBL.KA
2023-02-17 00:00:00+05:00,65.66539056606331,65.69065921270321,64.4335741642532,65.07159423828125,219186,0.0,0.0,0.0,-0.008279507503834216,0.02269497937131309,609467.25,63.860305595397946,0,17,2,2023,4,UBL.KA
2023-02-20 00:00:00+05:00,66.10758987072069,66.10758987072069,64.43357924983918,64.55360412597656,224990,0.0,0.0,0.0,-0.007960310767981094,0.022142374629415706,613878.55,64.17868366241456,0,20,2,2023,0,UBL.KA
2023-02-21 00:00:00+05:00,65.53905381436961,65.53905381436961,64.46516281219989,64.73047637939453,253466,0.0,0.0,0.0,0.002739928402336833,0.022137464430589605,592593.0,64.49990386962891,0,21,2,2023,1,UBL.KA
2023-02-22 00:00:00+05:00,65.0652718069599,69.58193969726562,64.43357013893117,69.58193969726562,3579528,0.0,0.0,0.0,0.07494867316341036,0.025581122718468872,691654.3,64.92882919311523,0,22,2,2023,2,UBL.KA
2023-02-23 00:00:00+05:00,71.06644798583841,71.06644798583841,68.54595931340121,68.8049545288086,2117131,0.0,0.0,0.0,-0.011166477563538835,0.02334561607421189,676657.1,65.15497856140136,0,23,2,2023,3,UBL.KA
2023-02-24 00:00:00+05:00,69.1713439862447,69.1713439862447,67.65525877059098,68.0342788696289,996579,0.0,0.0,0.0,-0.011200874478552336,0.02338035504994839,696584.3,65.37512702941895,0,24,2,2023,4,UBL.KA
2023-02-27 00:00:00+05:00,68.3501256301461,71.98241059741223,67.90793634454049,71.44546508789062,3352546,0.0,0.0,0.0,0.05013922797356929,0.02476917697992803,852915.15,65.83469066619872,0,27,2,2023,0,UBL.KA
2023-02-28 00:00:00+05:00,71.69814693193631,72.23509244285663,70.78218134386647,71.39492797851562,841706,0.0,0.0,0.0,-0.0007073522345026895,0.024181140147975885,846332.25,66.19570827484131,0,28,2,2023,1,UBL.KA
2023-03-01 00:00:00+05:00,71.38229376944386,71.54021919813732,69.80303948250926,70.59266662597656,1244724,0.0,0.0,0.0,-0.011236951633041503,0.024465805314972354,897382.85,66.50966396331788,0,1,3,2023,2,UBL.KA
2023-03-02 00:00:00+05:00,71.18015286684312,73.75117877792741,70.13152565608301,72.70886993408203,4668590,0.0,0.0,0.0,0.029977664950919358,0.024942286295781872,1110551.4,66.94806461334228,0,2,3,2023,3,UBL.KA
2023-03-03 00:00:00+05:00,73.26477205403272,73.90910572696903,72.77204063413795,73.7132797241211,654735,0.0,0.0,0.0,0.01381413011850774,0.024929257253303094,1132520.15,67.43826560974121,0,3,3,2023,4,UBL.KA
2023-03-06 00:00:00+05:00,74.06701568704955,74.06701568704955,72.803612434392,73.18263244628906,306335,0.0,0.0,0.0,-0.007198801624592299,0.024832938726541364,1122851.45,67.82676124572754,0,6,3,2023,0,UBL.KA
2023-03-07 00:00:00+05:00,72.83520657933987,73.27739583329193,72.42459951809786,72.75308227539062,728911,0.0,0.0,0.0,-0.0058695643561837985,0.02493495674764311,1151479.7,68.19535942077637,0,7,3,2023,1,UBL.KA
2023-03-08 00:00:00+05:00,73.27739889333456,73.53008054307396,72.80994097399271,72.9110107421875,4647641,0.0,0.0,0.0,0.0021707460613018537,0.02466155857186931,1371376.05,68.60628128051758,0,8,3,2023,2,UBL.KA
2023-03-09 00:00:00+05:00,73.53007486937086,73.59324407205607,72.65832348601079,73.02471160888672,3861364,0.0,0.0,0.0,0.0015594471334550164,0.023690720326420275,1490988.35,68.90791816711426,0,9,3,2023,3,UBL.KA
2023-03-10 00:00:00+05:00,73.65010012653434,73.65010012653434,72.83520916101021,73.037353515625,386192,0.0,0.0,0.0,0.0001731182014930166,0.02277031367120344,1473749.95,69.2897819519043,0,10,3,2023,4,UBL.KA
2023-03-13 00:00:00+05:00,72.80362883626702,73.82066906934466,72.80362883626702,73.17633056640625,3651796,0.0,0.0,0.0,0.0019028215576228913,0.022716300322473865,1630296.5,69.68522720336914,0,13,3,2023,0,UBL.KA
2023-03-14 00:00:00+05:00,73.56166934098272,74.0354456694635,72.7404599299839,73.63115692138672,5283166,0.0,0.0,0.0,0.006215484589893849,0.022011201706289174,1885073.2,70.16184616088867,0,14,3,2023,1,UBL.KA
2023-03-15 00:00:00+05:00,73.28371236737112,74.41445893935028,73.27739400118652,73.93436431884766,537807,0.0,0.0,0.0,0.00411792249556342,0.02186114098037924,1887532.8,70.59487762451172,0,15,3,2023,2,UBL.KA
2023-03-16 00:00:00+05:00,73.97858112035922,74.38286979354963,73.78906869626947,74.07965087890625,1329971,0.0,0.0,0.0,0.0019650748525006367,0.021883043108168767,1944318.2,71.01811752319335,0,16,3,2023,3,UBL.KA
2023-03-17 00:00:00+05:00,74.28811205859918,74.41445527856936,73.1510519958738,73.37214660644531,867786,0.0,0.0,0.0,-0.00955058864434244,0.021929426933212485,1976748.2,71.43314514160156,0,17,3,2023,4,UBL.KA
2023-03-20 00:00:00+05:00,70.414934455923,71.2955294438844,69.07432289538852,70.00749206542969,496719,4.5,0.0,0.0,-0.04585738180815413,0.02468528304226736,1990334.65,71.70583953857422,0,20,3,2023,0,UBL.KA
2023-03-21 00:00:00+05:00,70.30978877166763,70.30978877166763,69.0677525017542,69.90235137939453,569668,0.0,0.0,0.0,-0.0015018490583392774,0.024718015919752815,2006144.75,71.96443328857421,0,21,3,2023,1,UBL.KA
2023-03-22 00:00:00+05:00,69.65918196763455,70.80264260740454,69.15316936127766,70.13233947753906,378658,0.0,0.0,0.0,0.003290133931207473,0.018264109843834846,1846101.25,71.9919532775879,0,22,3,2023,2,UBL.KA
2023-03-23 00:00:00+05:00,70.13233947753906,70.13233947753906,70.13233947753906,70.13233947753906,0,0.0,0.0,0.0,0.0,0.018056531811503598,1740244.7,72.05832252502441,0,23,3,2023,3,UBL.KA
2023-03-24 00:00:00+05:00,69.9877790247217,69.9877790247217,69.28461562380267,69.57376861572266,63658,0.0,0.0,0.0,-0.007964526293826268,0.017954611488515626,1693598.65,72.1352970123291,0,24,3,2023,4,UBL.KA
2023-03-27 00:00:00+05:00,70.64493277489214,70.64493277489214,68.41058040995962,70.18492126464844,697490,0.0,0.0,0.0,0.008784239535756244,0.013969712117507966,1560845.85,72.072269821167,0,27,3,2023,0,UBL.KA
2023-03-28 00:00:00+05:00,70.44778627440301,70.51350650581315,69.72490885263903,70.12577819824219,912083,0.0,0.0,0.0,-0.0008426748273071549,0.013969699789119551,1564364.7,72.00881233215333,0,28,3,2023,1,UBL.KA
2023-03-29 00:00:00+05:00,70.24406178026042,70.31635001782729,69.79061829256811,69.80376434326172,1424324,0.0,0.0,0.0,-0.004591946973766969,0.013786288168970507,1573344.7,71.96936721801758,0,29,3,2023,2,UBL.KA
2023-03-30 00:00:00+05:00,69.79062367414875,69.79062367414875,68.91002873224832,69.43576049804688,79105,0.0,0.0,0.0,-0.005271977072829115,0.011798799713063914,1343870.45,71.80571174621582,0,30,3,2023,3,UBL.KA
2023-03-31 00:00:00+05:00,68.50914832872152,70.31634408799235,68.50914832872152,70.02719116210938,1465208,0.0,0.0,0.0,0.00851766668673748,0.011474657794307118,1384394.1,71.62140731811523,0,31,3,2023,4,UBL.KA
2023-04-03 00:00:00+05:00,70.28349350255819,70.28349350255819,69.10060458079853,69.65261840820312,232448,0.0,0.0,0.0,-0.005348961563218069,0.011442178782095221,1380699.75,71.44490661621094,0,3,4,2023,0,UBL.KA
2023-04-04 00:00:00+05:00,68.48285954509271,70.09290964440348,68.48285954509271,69.75118255615234,258119,0.0,0.0,0.0,0.001415081732772494,0.011442037489272274,1357160.15,71.29481163024903,0,4,4,2023,1,UBL.KA
2023-04-05 00:00:00+05:00,70.28349350255819,70.28349350255819,69.5277610027185,69.65261840820312,191247,0.0,0.0,0.0,-0.001413082106097252,0.011400595914768955,1134340.45,71.1318920135498,0,5,4,2023,2,UBL.KA
2023-04-06 00:00:00+05:00,70.30977641880678,70.30977641880678,69.52775687639479,69.71176147460938,342562,0.0,0.0,0.0,0.0008491147606202176,0.011389302532367767,958400.35,70.96624450683593,0,6,4,2023,3,UBL.KA
2023-04-07 00:00:00+05:00,69.98776012965217,70.283481054278,69.40945931569001,69.6197509765625,156747,0.0,0.0,0.0,-0.0013198705082267947,0.011377432530760501,946928.1,70.79536437988281,0,7,4,2023,4,UBL.KA
2023-04-10 00:00:00+05:00,70.28349095380281,70.28349095380281,69.00202674826339,69.15974426269531,206388,0.0,0.0,0.0,-0.006607416823740886,0.011369921610099126,774657.7,70.59453506469727,0,10,4,2023,0,UBL.KA
2023-04-11 00:00:00+05:00,69.65261298948175,69.65261298948175,68.53543937021811,68.75230407714844,104322,0.0,0.0,0.0,-0.005891291095572293,0.011187978566145788,515715.5,70.35059242248535,0,11,4,2023,1,UBL.KA
2023-04-12 00:00:00+05:00,69.52775689349444,69.84976494044915,69.00202517239552,69.65918731689453,798816,0.0,0.0,0.0,0.013190586874418875,0.011680288443643836,528765.95,70.1368335723877,0,12,4,2023,2,UBL.KA
2023-04-13 00:00:00+05:00,69.65918081922665,70.2177675871971,69.36345988728606,69.94833374023438,685971,0.0,0.0,0.0,0.004150872763192703,0.01173836110382617,496565.95,69.93026771545411,0,13,4,2023,3,UBL.KA
2023-04-14 00:00:00+05:00,69.94833374023438,69.94833374023438,69.94833374023438,69.94833374023438,0,0.0,0.0,0.0,0.0,0.011643086194789496,453176.65,69.75907707214355,0,14,4,2023,4,UBL.KA
2023-04-17 00:00:00+05:00,69.92205461103518,70.1849204769741,68.93631137407627,69.86290740966797,739960,0.0,0.0,0.0,-0.0012212775630031647,0.005533683639455414,465338.7,69.75184783935546,0,17,4,2023,0,UBL.KA
2023-04-18 00:00:00+05:00,70.21776255127412,71.63066193157319,69.79060622507927,70.98664093017578,464175,0.0,0.0,0.0,0.01608483760800805,0.00659321332591408,460064.05,69.80606231689453,0,18,4,2023,1,UBL.KA
2023-04-19 00:00:00+05:00,70.34921250873667,71.2363804380687,70.34921250873667,70.94722747802734,263605,0.0,0.0,0.0,-0.0005552235129312466,0.0065725187504157056,454311.4,69.84680671691895,0,19,4,2023,2,UBL.KA
2023-04-20 00:00:00+05:00,70.97351446959729,72.94500098264166,70.77636381279306,72.4784164428711,1975152,0.0,0.0,0.0,0.0215820831803184,0.00807021136781246,553069.0,69.96411056518555,0,20,4,2023,3,UBL.KA
2023-04-21 00:00:00+05:00,72.4784164428711,72.4784164428711,72.4784164428711,72.4784164428711,0,0.0,0.0,0.0,0.0,0.0077599327484522435,549886.1,70.10934295654297,0,21,4,2023,4,UBL.KA
2023-04-24 00:00:00+05:00,72.4784164428711,72.4784164428711,72.4784164428711,72.4784164428711,0,0.0,0.0,0.0,0.0,0.007607328905297177,515011.6,70.2240177154541,0,24,4,2023,0,UBL.KA
2023-04-25 00:00:00+05:00,72.4784164428711,72.4784164428711,72.4784164428711,72.4784164428711,0,0.0,0.0,0.0,0.0,0.007595200080161022,469407.45,70.34164962768554,0,25,4,2023,1,UBL.KA
2023-04-26 00:00:00+05:00,73.56929557623222,74.90990687075153,72.61641253042755,74.62732696533203,924959,0.0,0.0,0.0,0.029648971761886633,0.009680321145391342,444439.2,70.58282775878907,0,26,4,2023,2,UBL.KA
2023-04-27 00:00:00+05:00,74.57476503019703,76.75654322739263,73.9964591135612,76.1913833618164,3342329,0.0,0.0,0.0,0.02095822616306431,0.01020745018298783,607600.4,70.92060890197754,0,27,4,2023,3,UBL.KA
2023-04-28 00:00:00+05:00,76.1848104119026,81.90211927363967,75.17935309607121,80.64694213867188,8107915,0.0,0.0,0.0,0.058478512664575044,0.015781729693972416,939735.75,71.45159645080567,0,28,4,2023,4,UBL.KA
2023-05-01 00:00:00+05:00,80.64694213867188,80.64694213867188,80.64694213867188,80.64694213867188,0,0.0,0.0,0.0,0.0,0.015602174649260229,928113.35,72.00131263732911,0,1,5,2023,0,UBL.KA
2023-05-02 00:00:00+05:00,80.68637328161648,85.42451710684793,80.68637328161648,84.41905975341797,3320248,0.0,0.0,0.0,0.04677322555218466,0.017815677431679798,1081219.8,72.73470649719238,0,2,5,2023,1,UBL.KA
2023-05-03 00:00:00+05:00,84.43877079153174,86.81112662516102,83.19672967819514,84.94477844238281,3858629,0.0,0.0,0.0,0.006227488087410915,0.017645137328715848,1264588.9,73.49931449890137,0,3,5,2023,2,UBL.KA
2023-05-04 00:00:00+05:00,84.7673599734824,87.4025769157025,84.7673599734824,85.19451141357422,2342705,0.0,0.0,0.0,0.0029399449356477536,0.017593453554339705,1364596.05,74.27345199584961,0,4,5,2023,3,UBL.KA
2023-05-05 00:00:00+05:00,85.10250907799133,86.67312641199867,84.51763509237772,85.24708557128906,1428002,0.0,0.0,0.0,0.0006171073328846699,0.01753179699179557,1428158.8,75.05481872558593,0,5,5,2023,4,UBL.KA
2023-05-08 00:00:00+05:00,85.95680972527781,85.95680972527781,84.18247395674538,84.4059066772461,981364,0.0,0.0,0.0,-0.009867538443170787,0.01771168874356692,1466907.6,75.81712684631347,0,8,5,2023,0,UBL.KA
2023-05-09 00:00:00+05:00,84.41248111611218,86.4102597847597,83.39388273208091,85.59537506103516,3404727,0.0,0.0,0.0,0.01409224106006457,0.017318065940998682,1631927.85,76.6592803955078,0,9,5,2023,1,UBL.KA
2023-05-10 00:00:00+05:00,85.40156693760953,86.49259140722863,83.26257762023668,85.0570297241211,1546399,11.0,0.0,0.0,-0.00628942085399109,0.01774020639327023,1669307.0,77.42917251586914,0,10,5,2023,2,UBL.KA
2023-05-11 00:00:00+05:00,84.71250087378631,87.1386038625418,84.71250087378631,85.92555236816406,683255,0.0,0.0,0.0,0.010211062470203647,0.017683452982333227,1669171.2,78.22803344726563,0,11,5,2023,3,UBL.KA
2023-05-12 00:00:00+05:00,86.1337056546232,86.8514865350784,85.415924774168,85.55947875976562,690402,0.0,0.0,0.0,-0.004260357929733449,0.017841347723022823,1703691.3,79.00859069824219,0,12,5,2023,4,UBL.KA
2023-05-15 00:00:00+05:00,85.48771157223217,87.2032076351853,85.27955443587695,86.90892028808594,1354487,0.0,0.0,0.0,0.015771969954483822,0.01766904814751636,1734417.65,79.86089134216309,0,15,5,2023,0,UBL.KA
2023-05-16 00:00:00+05:00,87.1744938127184,90.0815088382306,86.85149457709883,89.80157470703125,2277896,0.0,0.0,0.0,0.03328374589578065,0.01832955522685227,1825103.7,80.80163803100587,0,16,5,2023,1,UBL.KA
2023-05-17 00:00:00+05:00,91.01461806770642,91.01461806770642,88.28704852442587,89.00482940673828,929495,0.0,0.0,0.0,-0.008872286514933325,0.01871913833676586,1858398.2,81.7045181274414,0,17,5,2023,2,UBL.KA
2023-05-18 00:00:00+05:00,88.46649827318534,89.00483396247449,85.96861826534075,86.16242218017578,727209,0.0,0.0,0.0,-0.03193542693703888,0.02090886083168881,1796001.05,82.38871841430664,0,18,5,2023,3,UBL.KA
2023-05-19 00:00:00+05:00,86.1337082760855,86.14806148458868,84.73403770709258,84.99243927001953,628112,0.0,0.0,0.0,-0.01357880710119408,0.02142673460049952,1827406.65,83.01441955566406,0,19,5,2023,4,UBL.KA
2023-05-22 00:00:00+05:00,85.05702259520012,85.05702259520012,81.76958530211931,82.55914306640625,885273,0.0,0.0,0.0,-0.028629560752842287,0.02290915338137486,1871670.3,83.51845588684083,0,22,5,2023,0,UBL.KA
2023-05-23 00:00:00+05:00,82.36536502138034,83.80092693896431,82.36536502138034,82.58787536621094,261576,0.0,0.0,0.0,0.0003480208095374415,0.02290386526817881,1884749.1,84.02392883300782,0,23,5,2023,1,UBL.KA
2023-05-24 00:00:00+05:00,83.1836311049193,83.98036837115461,82.58787162183634,82.94676208496094,233095,0.0,0.0,0.0,0.0043455133959873216,0.022265006606016286,1850155.9,84.43990058898926,0,24,5,2023,2,UBL.KA
2023-05-25 00:00:00+05:00,83.76502797282477,83.76502797282477,82.83909544049064,83.32000732421875,304026,0.0,0.0,0.0,0.004499816868987594,0.021966948257148934,1698240.75,84.79633178710938,0,25,5,2023,3,UBL.KA
2023-05-26 00:00:00+05:00,83.60712954022486,84.08804147436236,82.64530019571569,82.90370178222656,393642,0.0,0.0,0.0,-0.004996465499243707,0.018020185067116192,1312527.1,84.9091697692871,0,26,5,2023,4,UBL.KA
2023-05-29 00:00:00+05:00,83.61430332354236,83.62148266655888,81.82703024882156,82.91088104248047,688678,0.0,0.0,0.0,8.65975836974453e-05,0.018019807475530558,1346961.0,85.02236671447754,0,29,5,2023,0,UBL.KA
2023-05-30 00:00:00+05:00,83.26258236142246,83.59276091019042,81.94186816635062,82.27922058105469,144904,0.0,0.0,0.0,-0.007618547209770288,0.014616657068259539,1188193.8,84.91537475585938,0,30,5,2023,1,UBL.KA
2023-05-31 00:00:00+05:00,82.54481080131735,83.98037272829679,82.36536556044493,83.47074890136719,735000,0.0,0.0,0.0,0.014481521724415192,0.014949587386420007,1032012.35,84.8416732788086,0,31,5,2023,2,UBL.KA
2023-06-01 00:00:00+05:00,83.4061339426239,83.98036082250188,82.19308801013757,82.4012451171875,201795,0.0,0.0,0.0,-0.012812917078813602,0.0151574534627799,924966.85,84.70200996398925,0,1,6,2023,3,UBL.KA
2023-06-02 00:00:00+05:00,82.86780952095836,86.85149603365694,82.55916348955799,86.01886749267578,1698732,0.0,0.0,0.0,0.04390252077312007,0.018257383552351902,938503.35,84.7405990600586,0,2,6,2023,4,UBL.KA
2023-06-05 00:00:00+05:00,86.01886070275285,86.12652893334422,83.99471877732294,84.26029968261719,368419,0.0,0.0,0.0,-0.02044397771463724,0.018723987732038795,907856.1,84.73331871032715,0,5,6,2023,0,UBL.KA
2023-06-06 00:00:00+05:00,85.23648907587473,85.23648907587473,83.54970491362005,84.0234375,264262,0.0,0.0,0.0,-0.0028110769070294195,0.018437477549135398,750832.85,84.65472183227538,0,6,6,2023,1,UBL.KA
2023-06-07 00:00:00+05:00,84.29620147616079,84.5833094920526,83.41332844621378,83.6717300415039,388628,0.0,0.0,0.0,-0.004185825633426288,0.018410289397044227,692944.3,84.58545684814453,0,7,6,2023,2,UBL.KA
2023-06-08 00:00:00+05:00,83.8368067740652,84.33207184442739,82.90368946406291,83.04006958007812,205654,0.0,0.0,0.0,-0.007549269760676158,0.018286205916974663,669064.25,84.44118270874023,0,8,6,2023,3,UBL.KA
2023-06-09 00:00:00+05:00,83.90140002148281,83.98035635016709,82.65246292192816,83.1477279663086,278960,0.0,0.0,0.0,0.0012964631023899553,0.018285052296899345,648492.15,84.32059516906739,0,9,6,2023,4,UBL.KA
2023-06-12 00:00:00+05:00,82.00647021940048,83.43485271876055,81.10924406820355,82.79602813720703,1143700,0.0,0.0,0.0,-0.004229818874233904,0.017845553533328767,637952.8,84.11495056152344,0,12,6,2023,0,UBL.KA
2023-06-13 00:00:00+05:00,82.18591423121387,83.98036650700456,82.18591423121387,82.49456024169922,636805,0.0,0.0,0.0,-0.0036410912732217637,0.015762009063546533,555898.25,83.74959983825684,0,13,6,2023,1,UBL.KA
2023-06-14 00:00:00+05:00,82.55916199688306,83.2482365241082,82.18591831451731,82.20745086669922,239221,0.0,0.0,0.0,-0.0034803431178832556,0.015722459770715225,521384.55,83.40973091125488,0,14,6,2023,2,UBL.KA
2023-06-15 00:00:00+05:00,83.76502626438341,83.76502626438341,81.63322165695611,82.2218017578125,251731,0.0,0.0,0.0,0.00017456922653580342,0.014276260156544363,497610.65,83.21269989013672,0,15,6,2023,3,UBL.KA
2023-06-16 00:00:00+05:00,82.43714063315221,82.90369934375347,81.71935968645305,82.20027160644531,534597,0.0,0.0,0.0,-0.0002618545313638476,0.014028082290367628,492934.9,83.07309150695801,0,16,6,2023,4,UBL.KA
2023-06-19 00:00:00+05:00,82.88934081293155,82.88934081293155,79.67367996861924,80.19048309326172,1208956,0.0,0.0,0.0,-0.024449901124487416,0.013629310289681626,509119.05,82.95465850830078,0,19,6,2023,0,UBL.KA
2023-06-20 00:00:00+05:00,80.03256791825069,80.88672891569222,79.04920614368552,79.48705291748047,942628,0.0,0.0,0.0,-0.008771990748118519,0.013721155793790608,543171.65,82.79961738586425,0,20,6,2023,1,UBL.KA
2023-06-21 00:00:00+05:00,79.67368079181686,80.67857515831174,78.52523243420859,79.06356811523438,785920,0.0,0.0,0.0,-0.005327720511738354,0.013662627217957557,570812.9,82.60545768737794,0,21,6,2023,2,UBL.KA
2023-06-22 00:00:00+05:00,79.52295109458902,79.53730430386318,78.63290426127304,79.343505859375,374967,0.0,0.0,0.0,0.0035406667168451644,0.013639140243869667,574359.95,82.40663261413575,0,22,6,2023,3,UBL.KA
2023-06-23 00:00:00+05:00,79.63778605396787,79.78134551500217,78.67596230808876,78.76927185058594,518618,0.0,0.0,0.0,-0.00723731580259146,0.013671148504585465,580608.75,82.19991111755371,0,23,6,2023,4,UBL.KA
2023-06-26 00:00:00+05:00,79.49424139076318,84.61919701162651,79.45835015223757,84.0234375,1653301,0.0,0.0,0.0,0.0667032400576264,0.02065660788212968,628839.9,82.25553894042969,0,26,6,2023,0,UBL.KA
2023-06-27 00:00:00+05:00,84.05214795796248,84.51870666964469,82.90369953582983,84.36797332763672,634357,0.0,0.0,0.0,0.0041004728905160714,0.020569357690461008,653312.55,82.35997657775879,0,27,6,2023,1,UBL.KA
2023-06-28 00:00:00+05:00,84.36797332763672,84.36797332763672,84.36797332763672,84.36797332763672,0,0.0,0.0,0.0,0.0,0.020340084839688664,616562.55,82.40483779907227,0,28,6,2023,2,UBL.KA
2023-06-29 00:00:00+05:00,84.36797332763672,84.36797332763672,84.36797332763672,84.36797332763672,0,0.0,0.0,0.0,0.0,0.020091481380550776,606472.8,82.50317420959473,0,29,6,2023,3,UBL.KA
2023-06-30 00:00:00+05:00,84.36797332763672,84.36797332763672,84.36797332763672,84.36797332763672,0,0.0,0.0,0.0,0.0,0.01742028106834739,521536.2,82.42062950134277,0,30,6,2023,4,UBL.KA
2023-07-03 00:00:00+05:00,90.69879913330078,90.69879913330078,90.69879913330078,90.69879913330078,1228586,0.0,0.0,0.0,0.0750382586657472,0.02370993404066349,564544.55,82.74255447387695,0,3,7,2023,0,UBL.KA
2023-07-04 00:00:00+05:00,92.55785196837378,93.81396863978145,89.54317414748903,92.09847259521484,2793050,0.0,0.0,0.0,0.015432105775258886,0.023787118580056967,690983.95,83.1463062286377,0,4,7,2023,1,UBL.KA
2023-07-05 00:00:00+05:00,92.22767879267334,95.21363923971437,91.51707170478295,92.20614624023438,2344670,0.0,0.0,0.0,0.001169114340177746,0.023709981833358092,788786.05,83.57302703857422,0,5,7,2023,2,UBL.KA
2023-07-06 00:00:00+05:00,92.59374379190085,94.3881961909687,90.81364460248253,94.33077239990234,2008778,0.0,0.0,0.0,0.02304213163981994,0.02383570877914868,878942.25,84.13756217956544,0,6,7,2023,3,UBL.KA
2023-07-07 00:00:00+05:00,93.46226073437344,95.37873452409248,93.46226073437344,95.01984405517578,932212,0.0,0.0,0.0,0.0073048448321000325,0.023802459410545564,911604.85,84.73116798400879,0,7,7,2023,4,UBL.KA
2023-07-10 00:00:00+05:00,94.42409210699591,96.72098910109209,94.42409210699591,96.26878356933594,1364905,0.0,0.0,0.0,0.013143986149197762,0.023689533554471745,922665.1,85.40480575561523,0,10,7,2023,0,UBL.KA
2023-07-11 00:00:00+05:00,96.67072930346662,97.60384669242204,95.8165792064859,96.47693634033203,1108557,0.0,0.0,0.0,0.0021622042294340282,0.023576984966248736,946252.7,86.10392456054687,0,11,7,2023,1,UBL.KA
2023-07-12 00:00:00+05:00,96.90041814687804,98.04887192812413,96.20416982177349,96.87171173095703,2363330,0.0,0.0,0.0,0.004091914664789753,0.023441404817156456,1052458.15,86.83713760375977,0,12,7,2023,2,UBL.KA
2023-07-13 00:00:00+05:00,97.60385155380185,97.60385155380185,93.92881655545207,94.25181579589844,1479699,0.0,0.0,0.0,-0.027045005071603012,0.02470583101276768,1113856.55,87.43863830566406,0,13,7,2023,3,UBL.KA
2023-07-14 00:00:00+05:00,94.10108191136797,95.29258990099709,93.84985421126858,93.993408203125,765791,0.0,0.0,0.0,-0.0027416723019216827,0.02475107151057478,1125416.25,88.02829513549804,0,14,7,2023,4,UBL.KA
2023-07-17 00:00:00+05:00,94.0292947522852,96.07497462979117,93.41917662672252,95.39307403564453,713747,0.0,0.0,0.0,0.014891106294334655,0.023658615556438573,1100655.8,88.78842468261719,0,17,7,2023,0,UBL.KA
2023-07-18 00:00:00+05:00,95.28542146329093,97.25931908305779,94.3881952724878,96.91478729248047,1867172,0.0,0.0,0.0,0.01595203081795371,0.023326109351058357,1146883.0,89.6598114013672,0,18,7,2023,1,UBL.KA
2023-07-19 00:00:00+05:00,97.98427213969384,103.26714029420752,94.07236820865734,102.50629425048828,6961365,0.0,0.0,0.0,0.057695085695572246,0.025290658495540682,1455655.25,90.83194770812989,0,19,7,2023,2,UBL.KA
2023-07-20 00:00:00+05:00,102.89389529857145,105.7291276328388,101.9392453974572,105.36305236816406,4382505,0.0,0.0,0.0,0.027869099537389364,0.02537832347108068,1656032.15,92.13292503356934,0,20,7,2023,3,UBL.KA
2023-07-21 00:00:00+05:00,105.52096429948492,111.6149279755732,105.37023644653294,110.0501708984375,5339438,0.0,0.0,0.0,0.04448540949530866,0.02567186649207166,1897073.15,93.69696998596191,0,21,7,2023,4,UBL.KA
2023-07-24 00:00:00+05:00,110.53825374706955,112.76337882036744,110.5023625131518,111.90921783447266,2244184,0.0,0.0,0.0,0.016892721936350608,0.022877021477718414,1926617.3,95.09125900268555,0,24,7,2023,0,UBL.KA
2023-07-25 00:00:00+05:00,111.97383040558026,112.9787193743866,111.18426696404077,112.3614273071289,4489252,0.0,0.0,0.0,0.004040859916697226,0.02287847547330381,2119362.05,96.49093170166016,0,25,7,2023,1,UBL.KA
2023-07-26 00:00:00+05:00,112.33271472289309,114.54348128540973,111.93793302378873,113.47398376464844,11699667,0.0,0.0,0.0,0.009901587085383579,0.022650282897689424,2704345.4,97.94623222351075,0,26,7,2023,2,UBL.KA
2023-07-27 00:00:00+05:00,113.47398376464844,113.47398376464844,113.47398376464844,113.47398376464844,0,0.0,0.0,0.0,0.0,0.022650282897689424,2704345.4,99.40153274536132,0,27,7,2023,3,UBL.KA
2023-07-28 00:00:00+05:00,113.47398376464844,113.47398376464844,113.47398376464844,113.47398376464844,0,0.0,0.0,0.0,0.0,0.022650282897689424,2704345.4,100.85683326721191,0,28,7,2023,4,UBL.KA
2023-07-31 00:00:00+05:00,115.71892398307646,118.18759200707456,115.71892398307646,117.15383911132812,2217659,11.0,0.0,0.0,0.032429066333935275,0.018310544234922718,2753799.05,102.17958526611328,0,31,7,2023,0,UBL.KA
2023-08-01 00:00:00+05:00,117.15384122668348,120.11624290897096,116.18180648542793,118.31874084472656,2723420,0.0,0.0,0.0,0.00994335091564058,0.018313870981862972,2750317.55,103.49059867858887,0,1,8,2023,1,UBL.KA
2023-08-02 00:00:00+05:00,117.26184044553695,119.18277878006269,116.64467050993716,117.05354309082031,824565,0.0,0.0,0.0,-0.010693130647549842,0.018892016722193924,2674312.3,104.73296852111817,0,2,8,2023,2,UBL.KA
2023-08-03 00:00:00+05:00,117.26184941794673,117.64757918576893,111.90791835712857,112.50194549560547,959295,0.0,0.0,0.0,-0.038884748594780416,0.021858012769908428,2621838.15,105.64152717590332,0,3,8,2023,3,UBL.KA
2023-08-04 00:00:00+05:00,112.24736797071947,113.14226390135984,110.0332827611448,110.61187744140625,842918,0.0,0.0,0.0,-0.016800314393434657,0.022612152643051726,2617373.45,106.42112884521484,0,4,8,2023,4,UBL.KA
2023-08-07 00:00:00+05:00,110.05642565171632,112.18564983819665,107.92718969369709,108.25121307373047,1530950,0.0,0.0,0.0,-0.021341870532179397,0.023486507973538823,2625675.7,107.02025032043457,0,7,8,2023,0,UBL.KA
2023-08-08 00:00:00+05:00,108.3900735640028,109.93299276064342,108.00434376484264,109.22325134277344,640049,0.0,0.0,0.0,0.008979467679322006,0.023475170003639,2602250.3,107.65756607055664,0,8,8,2023,1,UBL.KA
2023-08-09 00:00:00+05:00,108.81437631824608,113.76714541858932,108.7835113429261,112.9648208618164,969084,0.0,0.0,0.0,0.03425616316164093,0.02426900858676771,2532538.0,108.46222152709962,0,9,8,2023,2,UBL.KA
2023-08-10 00:00:00+05:00,114.17601214642255,116.49039077101219,113.31969158446284,114.97832489013672,1548098,0.0,0.0,0.0,0.017824168736418677,0.022894698172167053,2535957.95,109.49854698181153,0,10,8,2023,3,UBL.KA
2023-08-11 00:00:00+05:00,113.32738638571453,119.19048280513186,113.32738638571453,115.95035552978516,2784583,0.0,0.0,0.0,0.008454033754424772,0.02269672979106279,2636897.55,110.59639434814453,0,11,8,2023,4,UBL.KA
2023-08-14 00:00:00+05:00,115.95035552978516,115.95035552978516,115.95035552978516,115.95035552978516,0,0.0,0.0,0.0,0.0,0.022799292696819018,2601210.2,111.62425842285157,0,14,8,2023,0,UBL.KA
2023-08-15 00:00:00+05:00,116.02750827538271,117.26184822850861,114.56173988114163,115.8115005493164,2800475,0.0,0.0,0.0,-0.0011975382036071291,0.022887965208270824,2647875.35,112.56909408569337,0,15,8,2023,1,UBL.KA
2023-08-16 00:00:00+05:00,116.49039774793596,116.49039774793596,114.94747857246662,115.5877914428711,1082515,0.0,0.0,0.0,-0.0019316657273605875,0.0199299024078572,2353932.85,113.2231689453125,0,16,8,2023,2,UBL.KA
2023-08-17 00:00:00+05:00,115.58778581904633,117.64758140549563,113.86743431813119,116.39009857177734,641023,0.0,0.0,0.0,0.006941106140113229,0.01927145948473377,2166858.75,113.77452125549317,0,17,8,2023,3,UBL.KA
2023-08-18 00:00:00+05:00,116.49038191698867,117.26184139988264,114.94746295120075,115.01689147949219,921604,0.0,0.0,0.0,-0.01179831539912568,0.017228576234835584,1945967.05,114.02285728454589,0,18,8,2023,4,UBL.KA
2023-08-21 00:00:00+05:00,115.10177023147467,116.48268951072538,109.70155301900498,110.91275024414062,2020335,0.0,0.0,0.0,-0.03568294345777323,0.018829617626276798,1934774.6,113.9730339050293,0,21,8,2023,0,UBL.KA
2023-08-22 00:00:00+05:00,111.86162245624418,111.86162245624418,109.46238304856254,110.76615142822266,746802,0.0,0.0,0.0,-0.0013217489927468407,0.018803042997718473,1747652.1,113.89327011108398,0,22,8,2023,1,UBL.KA
2023-08-23 00:00:00+05:00,109.93297842683455,111.5530480806872,108.6214996349974,110.7584457397461,603399,0.0,0.0,0.0,-6.956717713135774e-05,0.01864295335683695,1192838.7,113.75749320983887,0,23,8,2023,2,UBL.KA
2023-08-24 00:00:00+05:00,110.7584438166849,113.59740906870918,110.7584438166849,112.89537811279297,2229931,0.0,0.0,0.0,0.019293629111301502,0.019190978489938507,1304335.25,113.72856292724609,0,24,8,2023,3,UBL.KA
2023-08-25 00:00:00+05:00,113.4045584359357,114.16830765907461,112.63309885473885,113.29655456542969,291942,0.0,0.0,0.0,0.0035535241507929083,0.019208200658662418,1318932.35,113.71969146728516,0,25,8,2023,4,UBL.KA
2023-08-28 00:00:00+05:00,113.40455259968824,113.69771099234843,111.9387841794641,112.9802474975586,1437075,0.0,0.0,0.0,-0.0027918507238313683,0.01763839470456064,1279903.15,113.51101188659668,0,28,8,2023,0,UBL.KA
2023-08-29 00:00:00+05:00,111.09787116905424,113.79026888760585,111.09787116905424,113.3582534790039,542710,0.0,0.0,0.0,0.0033457705202273313,0.017470795091390157,1170867.65,113.26298751831055,0,29,8,2023,1,UBL.KA
2023-08-30 00:00:00+05:00,112.84909198759034,113.98313836687207,112.6485167601974,112.98796081542969,1143095,0.0,0.0,0.0,-0.003266569942724118,0.01735469190074809,1186794.15,113.05970840454101,0,30,8,2023,2,UBL.KA
2023-08-31 00:00:00+05:00,113.77485235158626,114.94747417612521,106.07568925649139,107.30230712890625,7219945,0.0,0.0,0.0,-0.050320880609671104,0.018777157746097756,1499826.65,112.79972648620605,0,31,8,2023,3,UBL.KA
2023-09-01 00:00:00+05:00,107.38717095516589,109.92527956007375,104.99565332513404,109.2772445678711,574015,0.0,0.0,0.0,0.018405358578099218,0.01898483106770077,1486381.5,112.7329948425293,0,1,9,2023,4,UBL.KA
2023-09-04 00:00:00+05:00,109.91756214383729,110.23386340970262,108.78351557327775,109.63212585449219,401698,0.0,0.0,0.0,0.003247531432774009,0.018344954613744403,1429918.9,112.80204048156739,0,4,9,2023,0,UBL.KA
2023-09-05 00:00:00+05:00,109.93298174859424,109.93298174859424,108.04290827634708,108.67549896240234,249598,0.0,0.0,0.0,-0.008725789859803657,0.018356457043445202,1410396.35,112.77465286254883,0,5,9,2023,1,UBL.KA
2023-09-06 00:00:00+05:00,109.45468060069449,110.7815919184687,108.00433293439754,110.6427230834961,790466,0.0,0.0,0.0,0.01810181816394829,0.017076436915606594,1401465.45,112.6585479736328,0,6,9,2023,2,UBL.KA
2023-09-07 00:00:00+05:00,111.07472200907009,111.86161389942727,108.58291142306476,109.10749816894531,583034,0.0,0.0,0.0,-0.01387551636262807,0.01671464171685623,1353212.25,112.36500663757325,0,7,9,2023,3,UBL.KA
2023-09-08 00:00:00+05:00,109.93298795379836,110.12585284494537,108.39006882462223,108.83751678466797,936821,0.0,0.0,0.0,-0.002474453074336802,0.016515762422245558,1260824.15,112.00936470031738,0,8,9,2023,4,UBL.KA
2023-09-11 00:00:00+05:00,108.9300823272892,109.46239128177143,106.46141420722635,106.8857192993164,962373,0.0,0.0,0.0,-0.017933131359594845,0.016826572856480967,1308942.8,111.55613288879394,0,11,9,2023,0,UBL.KA
2023-09-12 00:00:00+05:00,107.22516420363145,112.94167036876073,106.4614150319528,109.33124542236328,4179712,0.0,0.0,0.0,0.02287982098149688,0.017861475619432188,1377904.65,111.23212013244628,0,12,9,2023,1,UBL.KA
2023-09-13 00:00:00+05:00,109.93298322147831,110.23385196785452,108.79893676862842,109.17695617675781,422820,0.0,0.0,0.0,-0.0014112090739424321,0.0178630655061925,1344919.9,110.91157836914063,0,13,9,2023,2,UBL.KA
2023-09-14 00:00:00+05:00,109.54726047641354,109.93299026682345,107.31774275870585,109.48554229736328,175182,0.0,0.0,0.0,0.0028264766798029584,0.017769692300662217,1321627.85,110.56635055541992,0,14,9,2023,3,UBL.KA
2023-09-15 00:00:00+05:00,109.39296512862023,110.70444399234027,107.09401899540238,107.53374481201172,1066604,0.0,0.0,0.0,-0.017826988334683214,0.017978472747155482,1328877.85,110.1921932220459,0,15,9,2023,4,UBL.KA
2023-09-18 00:00:00+05:00,107.9966279168098,109.35439250308,107.0785891580291,108.39006805419922,1155364,0.0,0.0,0.0,0.007963297880907216,0.016408784491426777,1285629.3,110.06605911254883,0,18,9,2023,0,UBL.KA
2023-09-19 00:00:00+05:00,108.77578977378957,110.31870877767312,108.08148093065711,110.11813354492188,1244220,0.0,0.0,0.0,0.015943024317122356,0.016840531164533275,1310500.2,110.03365821838379,0,19,9,2023,1,UBL.KA
2023-09-20 00:00:00+05:00,110.31101346865695,110.78160429989933,109.08438374686818,110.66587829589844,421166,0.0,0.0,0.0,0.004974155784733814,0.01687962536978613,1301388.55,110.0290298461914,0,20,9,2023,2,UBL.KA
2023-09-21 00:00:00+05:00,108.39777375021073,113.14225689758302,108.39777375021073,112.69480895996094,1379989,0.0,0.0,0.0,0.018333841427052633,0.016823442270382342,1258891.45,110.01900138854981,0,21,9,2023,3,UBL.KA
2023-09-22 00:00:00+05:00,113.21168302917037,114.16829705878891,112.63308839699404,113.31968688964844,968761,0.0,0.0,0.0,0.005544868796126368,0.016851154770185346,1292732.4,110.02015800476075,0,22,9,2023,4,UBL.KA
2023-09-25 00:00:00+05:00,113.25025815941339,113.79027746085222,112.17020778499781,112.56365966796875,311402,0.0,0.0,0.0,-0.006671631756412388,0.01690899950398681,1236448.75,109.99932861328125,0,25,9,2023,0,UBL.KA
2023-09-26 00:00:00+05:00,112.63309011861433,113.48170030072598,111.86934095471383,112.64080047607422,326292,0.0,0.0,0.0,0.0006853082809585853,0.016891359432662345,1225627.85,109.96345596313476,0,26,9,2023,1,UBL.KA
2023-09-27 00:00:00+05:00,113.38912416706884,113.40455665448128,110.78159882823127,111.25218963623047,300230,0.0,0.0,0.0,-0.01232777851342326,0.017098750607806756,1183484.6,109.87666740417481,0,27,9,2023,2,UBL.KA
2023-09-28 00:00:00+05:00,111.25218963623047,111.25218963623047,111.25218963623047,111.25218963623047,0,0.0,0.0,0.0,0.0,0.012481340338340878,822487.35,110.07416152954102,0,28,9,2023,3,UBL.KA
2023-09-29 00:00:00+05:00,111.25218963623047,111.25218963623047,111.25218963623047,111.25218963623047,0,0.0,0.0,0.0,0.0,0.01186217104871453,793786.6,110.17290878295898,0,29,9,2023,4,UBL.KA
2023-10-02 00:00:00+05:00,111.78448548732217,112.63309571157278,109.63211849532462,111.47590637207031,258741,0.0,0.0,0.0,0.0020108973726391532,0.011852853739892411,786638.75,110.2650978088379,0,2,10,2023,0,UBL.KA
2023-10-03 00:00:00+05:00,112.24736881256104,112.60995575663401,110.70444965362549,111.09017944335938,661523,0.0,0.0,0.0,-0.00346018203631826,0.011685061903252011,807235.0,110.38583183288574,0,3,10,2023,1,UBL.KA
2023-10-04 00:00:00+05:00,111.47591350983555,114.93977139228983,111.47591350983555,113.62828063964844,887818,0.0,0.0,0.0,0.022847214839392116,0.012088310362991168,812102.6,110.53510971069336,0,4,10,2023,2,UBL.KA
2023-10-05 00:00:00+05:00,114.48459513849849,115.1403404796615,113.79028623618139,114.5231704711914,682523,0.0,0.0,0.0,0.007875590711267977,0.01161055124853666,817077.05,110.80589332580567,0,5,10,2023,3,UBL.KA
2023-10-06 00:00:00+05:00,114.36887033617032,114.9397546012343,114.17600546207898,114.51544952392578,182460,0.0,0.0,0.0,-6.741821095113121e-05,0.011568794309022672,779359.0,111.08978996276855,0,6,10,2023,4,UBL.KA
2023-10-09 00:00:00+05:00,114.54632275762654,118.2647638307743,113.944585186945,116.35154724121094,1305233,0.0,0.0,0.0,0.016033624501482935,0.010866259886619904,796502.0,111.56308135986328,0,9,10,2023,0,UBL.KA
2023-10-10 00:00:00+05:00,116.49038867185567,118.11045838849014,116.10465890804159,117.77872467041016,849528,0.0,0.0,0.0,0.012266080366258425,0.010146855585874909,629992.8,111.98545532226562,0,10,10,2023,1,UBL.KA
2023-10-11 00:00:00+05:00,118.02559084022792,118.22616606856135,116.6060964415517,118.0718765258789,240518,0.0,0.0,0.0,0.0024890051772006316,0.010079150036154694,620877.7,112.43020133972168,0,11,10,2023,2,UBL.KA
2023-10-12 00:00:00+05:00,118.01786300045258,119.57621438066973,117.72471641500319,119.39105987548828,1351661,0.0,0.0,0.0,0.011172714353533841,0.010201268327547417,679701.65,112.92547721862793,0,12,10,2023,3,UBL.KA
2023-10-13 00:00:00+05:00,118.15673964385692,121.73631124689663,118.15673964385692,121.17314910888672,1152395,0.0,0.0,0.0,0.014926488090958978,0.00900608629677615,683991.2,113.60744743347168,0,13,10,2023,4,UBL.KA
2023-10-16 00:00:00+05:00,122.17604502317582,122.18376715245142,119.3833652223467,120.32454681396484,825199,0.0,0.0,0.0,-0.007003220607556537,0.009447690996695587,667482.95,114.20417137145996,0,16,10,2023,0,UBL.KA
2023-10-17 00:00:00+05:00,120.33226058725904,120.73342286020562,118.65048437283573,118.90506744384766,456163,0.0,0.0,0.0,-0.011797088854295534,0.009828244917640713,628080.1,114.64351806640624,0,17,10,2023,1,UBL.KA
2023-10-18 00:00:00+05:00,118.4267465377705,121.77488979699055,118.4267465377705,120.66398620605469,1090749,0.0,0.0,0.0,0.014792630793785788,0.010125874950188666,661559.25,115.14342346191407,0,18,10,2023,2,UBL.KA
2023-10-19 00:00:00+05:00,119.59165938935777,122.8163545677519,119.59165938935777,122.46920013427734,658091,0.0,0.0,0.0,0.014960668754469442,0.009906995553898979,625464.35,115.63214302062988,0,19,10,2023,3,UBL.KA
2023-10-20 00:00:00+05:00,123.27924158461038,123.43353114423289,121.89061200492998,122.1760482788086,510210,0.0,0.0,0.0,-0.002393678207641914,0.010009364198878068,602536.8,116.0749610900879,0,20,10,2023,4,UBL.KA
2023-10-23 00:00:00+05:00,122.66207291050388,122.97065203310969,121.37373682773924,121.5897445678711,515382,0.0,0.0,0.0,-0.004798843301917377,0.009914386674855264,612735.8,116.52626533508301,0,23,10,2023,0,UBL.KA
2023-10-24 00:00:00+05:00,122.5000579235437,122.5000579235437,115.71893359438948,121.73632049560547,704174,0.0,0.0,0.0,0.0012054958109772862,0.009906159038903316,631629.9,116.98104133605958,0,24,10,2023,1,UBL.KA
2023-10-25 00:00:00+05:00,121.89060242015243,124.97644045610565,121.22714677156097,121.40457916259766,5561097,0.0,0.0,0.0,-0.002725080991911377,0.009289906671532733,894673.25,117.48866081237793,0,25,10,2023,2,UBL.KA
2023-10-26 00:00:00+05:00,122.26091003417969,123.31781765557518,121.89061273456127,122.26091003417969,3116506,0.0,0.0,0.0,0.007053530249753859,0.009247196844033623,1050498.55,118.03909683227539,0,26,10,2023,3,UBL.KA
2023-10-27 00:00:00+05:00,122.3920669651758,123.81927200531723,122.05263461225786,123.47982788085938,2640864,0.0,0.0,0.0,0.009969808390424495,0.009245280814833482,1182541.75,118.65047874450684,0,27,10,2023,4,UBL.KA
2023-10-30 00:00:00+05:00,124.2049778278474,126.28791609549758,123.42580798109086,125.84819030761719,2308002,0.0,0.0,0.0,0.019180156527614844,0.00971226128170748,1285004.8,119.36909294128418,0,30,10,2023,0,UBL.KA
2023-10-31 00:00:00+05:00,125.90219708346311,129.6052053035876,125.90219708346311,129.30433654785156,2232153,0.0,0.0,0.0,0.027462820337633254,0.010532562531676646,1363536.3,120.2798007965088,0,31,10,2023,1,UBL.KA
2023-11-01 00:00:00+05:00,129.83665534532295,130.76240452749286,128.06229587943255,128.83375549316406,1322108,0.0,0.0,0.0,-0.003639329254153445,0.01018350724629592,1385250.8,121.04007453918457,0,1,11,2023,2,UBL.KA
2023-11-02 00:00:00+05:00,128.83372769745102,129.91376621504241,128.21655778531152,128.41714477539062,1209897,0.0,0.0,0.0,-0.0032337077823951788,0.010396562527031604,1411619.5,121.73477325439453,0,2,11,2023,3,UBL.KA
2023-11-03 00:00:00+05:00,129.6562299782532,130.51531256563158,128.0371737194487,128.91278076171875,1015949,11.0,0.0,0.0,0.0038595779963417343,0.010316839550228359,1453293.95,122.45463981628419,0,3,11,2023,4,UBL.KA
2023-11-06 00:00:00+05:00,128.25194323766885,129.85447506685307,128.03717573855394,129.4662322998047,390276,0.0,0.0,0.0,0.004293224727724532,0.010045678963141241,1407546.1,123.11037406921386,0,6,11,2023,0,UBL.KA
2023-11-07 00:00:00+05:00,129.68925864762934,130.80442610453835,129.68925864762934,130.4409637451172,7678809,0.0,0.0,0.0,0.007528846927863819,0.009930506039212708,1749010.15,123.74348602294921,0,7,11,2023,1,UBL.KA
2023-11-08 00:00:00+05:00,130.51531225427163,133.28257233436062,129.48275440415873,132.0187225341797,8071765,0.0,0.0,0.0,0.012095577522299283,0.010026118096403172,2140572.5,124.44082832336426,0,8,11,2023,2,UBL.KA
2023-11-09 00:00:00+05:00,132.0187225341797,132.0187225341797,132.0187225341797,132.0187225341797,0,0.0,0.0,0.0,0.0,0.010013198113815578,2072989.45,125.07221145629883,0,9,11,2023,3,UBL.KA
2023-11-10 00:00:00+05:00,132.1674048144523,133.0017070197358,131.34135853436197,132.0187225341797,2376957,0.0,0.0,0.0,0.0,0.009795104751960926,2134217.55,125.61449012756347,0,10,11,2023,4,UBL.KA
2023-11-13 00:00:00+05:00,131.9361299738292,132.99346834110293,131.853520293321,132.5969696044922,1370793,0.0,0.0,0.0,0.004380038370412231,0.009424990634001304,2161497.25,126.22811126708984,0,13,11,2023,0,UBL.KA
2023-11-14 00:00:00+05:00,133.40648092086468,133.40648092086468,129.70579692983375,130.54835510253906,1034203,0.0,0.0,0.0,-0.015449934550266886,0.009793954951892569,2190399.25,126.81027565002441,0,14,11,2023,1,UBL.KA
2023-11-15 00:00:00+05:00,130.54835613137345,131.50657289692708,128.0371808402146,130.51531982421875,1255007,0.0,0.0,0.0,-0.00025305013069187865,0.009555041602300973,2198612.15,127.30284233093262,0,15,11,2023,2,UBL.KA
2023-11-16 00:00:00+05:00,128.86322999533076,131.4239787101017,128.86322999533076,131.27528381347656,992638,0.0,0.0,0.0,0.005822795287797167,0.009214486389609314,2215339.5,127.74314651489257,0,16,11,2023,3,UBL.KA
2023-11-17 00:00:00+05:00,131.54784942714215,132.16738403982885,130.515291739331,131.20916748046875,700772,0.0,0.0,0.0,-0.0005036464678435104,0.00916019952176165,2224867.6,128.19480247497557,0,17,11,2023,4,UBL.KA
2023-11-20 00:00:00+05:00,130.61443683679917,134.23252366185244,130.61443683679917,133.34864807128906,962318,0.0,0.0,0.0,0.016305877340001995,0.009353806293878376,2247214.4,128.7827476501465,0,20,11,2023,0,UBL.KA
2023-11-21 00:00:00+05:00,133.81949699371182,136.2976358269287,133.81124106854216,135.55419921875,1517730,0.0,0.0,0.0,0.016539733843284443,0.009677926787985729,2287892.2,129.4736415863037,0,21,11,2023,1,UBL.KA
2023-11-22 00:00:00+05:00,136.2150260118312,136.2150260118312,134.65379905275128,135.7937469482422,871776,0.0,0.0,0.0,0.0017671730634152283,0.009529582250566883,2053426.15,130.19309997558594,0,22,11,2023,2,UBL.KA
2023-11-23 00:00:00+05:00,133.82773961898272,136.8758520976304,133.81948369463356,136.18197631835938,825468,0.0,0.0,0.0,0.0028589635299272054,0.009543422581292748,1938874.25,130.88915328979493,0,23,11,2023,3,UBL.KA
2023-11-24 00:00:00+05:00,136.2976374053313,138.3627531235939,135.06682389963902,136.42153930664062,1090353,0.0,0.0,0.0,0.0017591387256798985,0.009515284197856817,1861348.7,131.53623886108397,0,24,11,2023,4,UBL.KA
2023-11-27 00:00:00+05:00,136.95847257230483,143.1538195287921,136.29763304271972,142.0964813232422,1927325,0.0,0.0,0.0,0.04159857780116205,0.01220825012570305,1842314.85,132.34865341186523,0,27,11,2023,0,UBL.KA
2023-11-28 00:00:00+05:00,142.09648113470237,152.75247284393538,142.09648113470237,152.7442169189453,4390794,0.0,0.0,0.0,0.07493314047292676,0.019187556197941765,1950246.9,133.52064743041993,0,28,11,2023,1,UBL.KA
2023-11-29 00:00:00+05:00,153.81807754303415,155.6271082402495,152.00903424135333,152.59552001953125,2294335,0.0,0.0,0.0,-0.0009735026465386154,0.019107639429234633,1998858.25,134.70873565673827,0,29,11,2023,2,UBL.KA
2023-11-30 00:00:00+05:00,152.81856053123752,156.1144896986811,148.6883291655284,149.95217895507812,2092879,0.0,0.0,0.0,-0.01732253387330629,0.019816027982638797,2043007.35,135.78548736572264,0,30,11,2023,3,UBL.KA
2023-12-01 00:00:00+05:00,151.89341026744236,151.89341026744236,147.11886326605102,150.29087829589844,604374,0.0,0.0,0.0,0.002258715699768432,0.0198366935147237,2022428.6,136.85439224243163,0,1,12,2023,4,UBL.KA
2023-12-04 00:00:00+05:00,151.9925116701245,152.4881444673568,148.69658255880057,149.307861328125,511747,0.0,0.0,0.0,-0.006540762679143053,0.020086210060229072,2028502.15,137.84647369384766,0,4,12,2023,0,UBL.KA
2023-12-05 00:00:00+05:00,148.72963442248596,150.75344527653812,148.6883295878184,149.85305786132812,306817,0.0,0.0,0.0,0.003651492482401597,0.0201029987078566,1659902.55,138.81707839965821,0,5,12,2023,1,UBL.KA
2023-12-06 00:00:00+05:00,150.75344985398343,151.99251930483808,149.5226363285266,151.0508270263672,590588,0.0,0.0,0.0,0.007992957782332777,0.02007074491420294,1285843.7,139.76868362426757,0,6,12,2023,2,UBL.KA
2023-12-07 00:00:00+05:00,152.40552846694393,152.73594191505913,149.84478012842334,151.3481903076172,1395098,0.0,0.0,0.0,0.0019686306066903914,0.020039715053770134,1355598.6,140.73515701293945,0,7,12,2023,3,UBL.KA
2023-12-08 00:00:00+05:00,152.7359660133225,158.1878769986665,152.40555251307555,156.9901123046875,3522859,0.0,0.0,0.0,0.037277763187012924,0.021058209607108483,1412893.7,141.98372650146484,0,8,12,2023,4,UBL.KA
2023-12-11 00:00:00+05:00,156.99008416089757,158.5926158191884,153.64459450166194,153.95849609375,1036495,0.0,0.0,0.0,-0.0193108735730676,0.02197252538634726,1396178.8,143.05180282592772,0,11,12,2023,0,UBL.KA
2023-12-12 00:00:00+05:00,153.65285856081866,154.0576257612843,151.78599857177474,152.30641174316406,609660,0.0,0.0,0.0,-0.010730712448502544,0.02173467283792481,1374951.65,144.13970565795898,0,12,12,2023,1,UBL.KA
2023-12-13 00:00:00+05:00,153.60328706828196,154.30543137412158,144.5580837757763,149.99346923828125,809724,0.0,0.0,0.0,-0.015186113824171454,0.022281114406120642,1352687.5,145.1136131286621,0,13,12,2023,2,UBL.KA
2023-12-14 00:00:00+05:00,149.92740647452734,151.9759978106036,144.55810541621094,148.1844482421875,1274988,0.0,0.0,0.0,-0.012060665076156885,0.022694651659217226,1366805.0,145.95907135009764,0,14,12,2023,3,UBL.KA
2023-12-15 00:00:00+05:00,149.4978552132908,149.4978552132908,144.64896748620103,147.3831787109375,1280393,0.0,0.0,0.0,-0.00540724442244056,0.02279843451825066,1395786.05,146.76777191162108,0,15,12,2023,4,UBL.KA
2023-12-18 00:00:00+05:00,147.86227673721262,148.60571331030636,144.89677376515252,145.0206756591797,438082,0.0,0.0,0.0,-0.016029665477573896,0.023177667240948895,1369574.25,147.35137329101562,0,18,12,2023,0,UBL.KA
2023-12-19 00:00:00+05:00,144.55808194262804,147.03622049021595,140.63436257561384,142.93902587890625,1038049,0.0,0.0,0.0,-0.014354158610911605,0.02335845456622842,1345590.2,147.72061462402343,0,19,12,2023,1,UBL.KA
2023-12-20 00:00:00+05:00,143.3024910497023,143.73203860236177,140.51871939295881,143.3190155029297,654238,0.0,0.0,0.0,0.002658403621313088,0.02335701467387124,1334713.3,148.0968780517578,0,20,12,2023,2,UBL.KA
2023-12-21 00:00:00+05:00,144.5580858339839,144.5580858339839,140.84087791253862,143.28598022460938,351453,0.0,0.0,0.0,-0.00023050171119576301,0.023367876573889623,1311012.55,148.45207824707032,0,21,12,2023,3,UBL.KA
2023-12-22 00:00:00+05:00,143.72380460869172,143.72380460869172,140.46918007183183,141.03915405273438,600728,0.0,0.0,0.0,-0.01568071187671649,0.023731233909485394,1286531.3,148.682958984375,0,22,12,2023,4,UBL.KA
2023-12-25 00:00:00+05:00,141.03915405273438,141.03915405273438,141.03915405273438,141.03915405273438,0,0.0,0.0,0.0,0.0,0.021816820475849517,1190165.05,148.6300926208496,0,25,12,2023,0,UBL.KA
2023-12-26 00:00:00+05:00,140.42788390798574,141.66695347187974,136.42155394294153,139.7174835205078,775215,0.0,0.0,0.0,-0.009370947671257235,0.012845151625105416,1009386.1,147.97875595092773,0,26,12,2023,1,UBL.KA
2023-12-27 00:00:00+05:00,140.34525240084002,144.09550942278696,136.7519587870895,141.80735778808594,825070,0.0,0.0,0.0,0.014957857920990802,0.01354191295810916,935922.85,147.43934783935546,0,27,12,2023,2,UBL.KA
2023-12-28 00:00:00+05:00,142.7407907648868,146.86275337706573,142.24515798614243,144.20289611816406,902374,0.0,0.0,0.0,0.016892905752168064,0.013870738498900206,876397.6,147.15188369750976,0,28,12,2023,3,UBL.KA
2023-12-29 00:00:00+05:00,144.4342126752657,147.69709331223464,143.82293382453895,146.90408325195312,427117,0.0,0.0,0.0,0.018731850791509963,0.01459833174935867,867534.75,146.9825439453125,0,29,12,2023,4,UBL.KA
2024-01-01 00:00:00+05:00,145.78063900217205,152.73594693044862,145.78063900217205,152.25685119628906,720201,0.0,0.0,0.0,0.03643716243853801,0.01675035257138742,877957.45,147.1299934387207,0,1,1,2024,0,UBL.KA
2024-01-02 00:00:00+05:00,154.43761488088907,154.43761488088907,151.78600083061787,152.810302734375,646424,0.0,0.0,0.0,0.003634986102349025,0.01675022118231012,894937.8,147.27785568237306,0,2,1,2024,1,UBL.KA
2024-01-03 00:00:00+05:00,153.5620102610274,154.61934857266792,150.75345773406985,152.88465881347656,495480,0.0,0.0,0.0,0.0004865907453295293,0.016671781586805472,890182.4,147.36954727172852,0,3,1,2024,2,UBL.KA
2024-01-04 00:00:00+05:00,152.89289646306315,153.52069967612547,150.79474454671305,152.55421447753906,759786,0.0,0.0,0.0,-0.0021613963003355163,0.016681262348119726,858416.8,147.42984848022462,0,4,1,2024,3,UBL.KA
2024-01-05 00:00:00+05:00,153.520696180621,153.55373248370427,148.779186304639,151.70338439941406,383176,0.0,0.0,0.0,-0.005577230894858509,0.014293729831755992,701432.65,147.16551208496094,0,5,1,2024,4,UBL.KA
2024-01-08 00:00:00+05:00,152.73595879840383,152.73595879840383,147.77968090202123,148.209228515625,639782,0.0,0.0,0.0,-0.023032814314738248,0.014558031877959572,681597.0,146.8780487060547,0,8,1,2024,0,UBL.KA
2024-01-09 00:00:00+05:00,149.51438337568393,150.33217376711468,147.53187725668798,148.3744354248047,610880,0.0,0.0,0.0,0.0011146870598699454,0.014415887055422325,681658.0,146.68144989013672,0,9,1,2024,1,UBL.KA
2024-01-10 00:00:00+05:00,149.34089099073464,149.34089099073464,147.2014342999478,147.5318603515625,420920,0.0,0.0,0.0,-0.0056787078638570465,0.014083649319002549,662217.8,146.5583694458008,0,10,1,2024,2,UBL.KA
2024-01-11 00:00:00+05:00,148.3579096293209,149.0848217489138,147.20970586080088,148.4818115234375,233138,0.0,0.0,0.0,0.006438956098101745,0.013906948855522447,610125.3,146.57323760986327,0,11,1,2024,3,UBL.KA
2024-01-12 00:00:00+05:00,149.51440197978954,150.7534716094563,148.6883555600117,148.84530639648438,341669,0.0,0.0,0.0,0.002448076766557339,0.01385131987284786,563189.1,146.64634399414064,0,12,1,2024,4,UBL.KA
2024-01-15 00:00:00+05:00,148.89483361520098,150.32389007016317,148.19268927481338,148.5148468017578,156973,0.0,0.0,0.0,-0.0022201546204373424,0.013313287935412567,549133.65,146.82105255126953,0,15,1,2024,0,UBL.KA
2024-01-16 00:00:00+05:00,149.49785793182699,149.49785793182699,147.82098492777416,148.1927032470703,661283,0.0,0.0,0.0,-0.0021691000032980634,0.012830479319470268,530295.35,147.08373641967773,0,16,1,2024,1,UBL.KA
2024-01-17 00:00:00+05:00,148.68831916296926,151.93467474788426,147.4492498366112,151.2407989501953,2997560,0.0,0.0,0.0,0.020568460095117702,0.013495172219117406,647461.45,147.479825592041,0,17,1,2024,2,UBL.KA
2024-01-18 00:00:00+05:00,152.39727254230382,152.39727254230382,147.0362280060489,151.3481903076172,912688,0.0,0.0,0.0,0.0007100686994998551,0.013485766368133704,675523.2,147.8829360961914,0,18,1,2024,3,UBL.KA
2024-01-19 00:00:00+05:00,151.9925187019928,152.98377173785167,150.13391453308253,150.9847412109375,565293,0.0,0.0,0.0,-0.0024014102576381813,0.012837954506207084,673751.45,148.38021545410157,0,19,1,2024,4,UBL.KA
2024-01-22 00:00:00+05:00,150.34867848232838,151.37298040439146,149.35742546987765,150.3734588623047,251534,0.0,0.0,0.0,-0.004048636595527233,0.012927497814327088,686328.15,148.84693069458007,0,22,1,2024,0,UBL.KA
2024-01-23 00:00:00+05:00,151.1664782732588,153.644617261345,150.34868786958233,152.07513427734375,612716,0.0,0.0,0.0,0.01131632821319406,0.012686686417757526,678203.2,149.46481323242188,0,23,1,2024,1,UBL.KA
2024-01-24 00:00:00+05:00,152.77725272685453,153.0663739586203,151.32341585199373,152.65335083007812,772934,0.0,0.0,0.0,0.003802176835036475,0.012437261448019075,675596.4,150.0071128845215,0,24,1,2024,2,UBL.KA
2024-01-25 00:00:00+05:00,152.7276903696265,153.2150546311335,151.17471938913303,152.40553283691406,647546,0.0,0.0,0.0,-0.0016234035598727825,0.01209297520767839,662855.0,150.417244720459,0,25,1,2024,3,UBL.KA
2024-01-26 00:00:00+05:00,152.1990170163108,153.5619882463126,150.34041300932736,151.3234100341797,496419,0.0,0.0,0.0,-0.0071002855512622975,0.01167857597020052,666320.1,150.63821105957032,0,26,1,2024,4,UBL.KA
2024-01-29 00:00:00+05:00,152.61205463503853,152.61205463503853,149.60524659322778,151.11691284179688,787771,0.0,0.0,0.0,-0.0013646083731272407,0.008306989406856527,669698.6,150.5812141418457,0,29,1,2024,0,UBL.KA
2024-01-30 00:00:00+05:00,151.57123051961037,151.57948644447936,148.48181301577745,148.75440979003906,779939,0.0,0.0,0.0,-0.015633611138093473,0.008916380066642629,676374.35,150.3784194946289,0,30,1,2024,1,UBL.KA
2024-01-31 00:00:00+05:00,150.29913378520226,151.16648499046724,149.4978678017588,150.38999938964844,529567,0.0,0.0,0.0,0.010995234372668028,0.009327736125290193,678078.7,150.2536865234375,0,31,1,2024,2,UBL.KA
2024-02-01 00:00:00+05:00,151.53819076144424,151.99251874598036,149.51437985338288,150.7699737548828,513382,0.0,0.0,0.0,0.0025265933025897525,0.009350094702883675,665758.5,150.1644744873047,0,1,2,2024,3,UBL.KA
2024-02-02 00:00:00+05:00,151.1664863848824,151.57950957172633,149.72916115705723,150.8773651123047,360928,0.0,0.0,0.0,0.0007122861054313923,0.009277474551897334,664646.1,150.12317352294923,0,2,2,2024,4,UBL.KA
2024-02-06 00:00:00+05:00,151.1664772006046,153.5620064969696,150.6708443647176,152.32293701171875,674476,0.0,0.0,0.0,0.009581105146806213,0.007808885687965912,666380.8,150.3288589477539,0,6,2,2024,1,UBL.KA
2024-02-07 00:00:00+05:00,152.8020377273176,154.05763160530842,152.62857506658472,153.6363525390625,285861,0.0,0.0,0.0,0.00862257223442775,0.007973246141725067,650129.85,150.5919548034668,0,7,2,2024,2,UBL.KA
2024-02-08 00:00:00+05:00,153.6363525390625,153.6363525390625,153.6363525390625,153.6363525390625,0,0.0,0.0,0.0,0.0,0.007792949446450959,629083.85,150.8971794128418,0,8,2,2024,3,UBL.KA
2024-02-09 00:00:00+05:00,150.3404300169682,153.39679887554072,150.3404300169682,152.11642456054688,608053,0.0,0.0,0.0,-0.009893023059950434,0.008156914138665894,647829.6,151.07891006469725,0,9,2,2024,4,UBL.KA
2024-02-12 00:00:00+05:00,151.15821398249062,151.99251619136808,148.69658698200186,150.1256561279297,498070,0.0,0.0,0.0,-0.013087136634774121,0.008753809715753695,655649.65,151.14292755126954,0,12,2,2024,0,UBL.KA
2024-02-13 00:00:00+05:00,149.92739963703073,155.9492714649167,148.93614662313362,153.9750213623047,1406257,0.0,0.0,0.0,0.0256409552747916,0.010371467279829598,718113.85,151.4159362792969,0,13,2,2024,1,UBL.KA
2024-02-14 00:00:00+05:00,154.9662875573674,155.2140913584144,153.3141949932354,153.6363525390625,929471,0.0,0.0,0.0,-0.002199504960257781,0.010372090807123382,731523.25,151.6881187438965,0,14,2,2024,2,UBL.KA
2024-02-15 00:00:00+05:00,154.47067045473975,154.47067045473975,149.39049034520767,150.38999938964844,931795,0.0,0.0,0.0,-0.021130110782789258,0.010601164333233931,628235.0,151.64557876586915,0,15,2,2024,3,UBL.KA
2024-02-16 00:00:00+05:00,149.51439210221324,151.41430126307958,149.10136891961045,150.22479248046875,511264,0.0,0.0,0.0,-0.0010985232385808397,0.010600448601370344,608163.8,151.58940887451172,0,16,2,2024,4,UBL.KA
2024-02-19 00:00:00+05:00,149.22526419706054,150.33217585661052,148.28357188677873,148.71311950683594,794224,0.0,0.0,0.0,-0.01006273963619786,0.010815893839107717,619610.35,151.47582778930663,0,19,2,2024,0,UBL.KA
2024-02-20 00:00:00+05:00,149.51438336537342,149.51438336537342,147.66403507782937,147.9696807861328,518057,0.0,0.0,0.0,-0.004999146834983481,0.010833446116458242,632936.5,151.35563888549805,0,20,2,2024,1,UBL.KA
2024-02-21 00:00:00+05:00,149.51438180014173,152.8020425778777,149.01874897338234,151.13343811035156,1964122,0.0,0.0,0.0,0.02138111880359772,0.011628068336985936,700506.8,151.30855407714844,0,21,2,2024,2,UBL.KA
2024-02-22 00:00:00+05:00,151.99251369490105,154.0163245357063,150.54693272225933,153.53721618652344,688257,0.0,0.0,0.0,0.015905004916362264,0.012152935445436743,696272.95,151.3527473449707,0,22,2,2024,3,UBL.KA
2024-02-23 00:00:00+05:00,152.90942120356956,156.28794732689886,152.90942120356956,155.96578979492188,722636,0.0,0.0,0.0,0.015817491476777246,0.01261999531108745,700027.45,151.5307601928711,0,23,2,2024,4,UBL.KA
2024-02-26 00:00:00+05:00,156.11450587406324,158.6835105538934,156.11450587406324,157.43617248535156,1227411,0.0,0.0,0.0,0.009427597503036234,0.012586850191161557,736577.05,151.83639831542968,0,26,2,2024,0,UBL.KA
2024-02-27 00:00:00+05:00,157.7665754691765,157.7665754691765,155.38755827127346,155.52798461914062,979969,0.0,0.0,0.0,-0.012120390353039578,0.01296484209412421,746186.95,152.05695190429688,0,27,2,2024,1,UBL.KA
2024-02-28 00:00:00+05:00,156.01534887429108,157.36180827511333,155.29669268095174,155.52798461914062,1204394,0.0,0.0,0.0,0.0,0.012332074691572204,767409.7,152.39563064575196,0,28,2,2024,2,UBL.KA
2024-02-29 00:00:00+05:00,155.5445223548191,159.42693748246245,155.5445223548191,158.79087829589844,830766,0.0,0.0,0.0,0.020979463501362927,0.012891925092136618,782469.65,152.81567459106446,0,29,2,2024,3,UBL.KA
2024-03-01 00:00:00+05:00,159.50954923061096,160.33559554955878,158.60089323798172,159.1295623779297,584076,0.0,0.0,0.0,0.0021328938139641984,0.012892665378658687,786004.35,153.2336540222168,0,1,3,2024,4,UBL.KA
2024-03-04 00:00:00+05:00,160.64947414195007,161.07902172914484,158.22916463483006,160.2529754638672,741062,0.0,0.0,0.0,0.007059738424149087,0.01291717646968967,805011.05,153.70243453979492,0,4,3,2024,0,UBL.KA
2024-03-05 00:00:00+05:00,161.07902663984922,162.56591248357182,160.25298034938845,161.37640380859375,806734,0.0,0.0,0.0,0.007010343124517204,0.012861939301472973,811623.95,154.15510787963868,0,5,3,2024,1,UBL.KA
2024-03-06 00:00:00+05:00,161.2442185269011,162.65676309946267,161.07901180491726,161.49203491210938,2785770,0.0,0.0,0.0,0.0007165304269189932,0.012800392377677012,936619.4,154.54789199829102,0,6,3,2024,2,UBL.KA
2024-03-07 00:00:00+05:00,157.2422488041356,159.3586491461884,156.39229070249164,157.2167510986328,939640,5.5,0.0,0.0,-0.02647365125966339,0.014354992162597119,983601.4,154.72691192626954,0,7,3,2024,3,UBL.KA
2024-03-08 00:00:00+05:00,157.49725087142173,158.94217716083557,155.11736541097588,155.41485595703125,2152131,0.0,0.0,0.0,-0.011461215990089424,0.014423183769735422,1060805.3,154.89183349609374,0,8,3,2024,4,UBL.KA
2024-03-11 00:00:00+05:00,155.45734421104925,155.45734421104925,153.84242887468335,154.7008819580078,241680,0.0,0.0,0.0,-0.004593988101245894,0.014102732887172995,1047985.8,155.12059478759767,0,11,3,2024,0,UBL.KA
2024-03-12 00:00:00+05:00,154.93038153318597,154.93038153318597,153.20496740385425,154.4289093017578,116022,0.0,0.0,0.0,-0.0017580549820254143,0.012925783000447173,983474.05,155.1432891845703,0,12,3,2024,1,UBL.KA
2024-03-13 00:00:00+05:00,154.68388830036182,154.68388830036182,152.99246691385466,153.38345336914062,1018444,0.0,0.0,0.0,-0.006769820089672085,0.013011050704453735,987922.7,155.13064422607422,0,13,3,2024,2,UBL.KA
2024-03-14 00:00:00+05:00,153.8424254994801,153.8424254994801,151.73453291410465,152.69497680664062,880930,0.0,0.0,0.0,-0.004488597351130719,0.012088146939468422,985379.45,155.24589309692382,0,14,3,2024,3,UBL.KA
2024-03-15 00:00:00+05:00,152.355008046928,153.66393797440907,150.95258219824595,151.58154296875,241422,0.0,0.0,0.0,-0.007291882556821672,0.012218779834982043,971887.35,155.3137306213379,0,15,3,2024,4,UBL.KA
2024-03-18 00:00:00+05:00,152.14251461246766,152.99247279466022,151.8025365273237,152.80548095703125,282512,0.0,0.0,0.0,0.008074452629985185,0.012064042100382614,946301.75,155.51834869384766,0,18,3,2024,0,UBL.KA
2024-03-19 00:00:00+05:00,152.99246895153883,154.6838903605738,152.32950262362874,154.0294189453125,9031380,0.0,0.0,0.0,0.00800977805649139,0.012049998605326805,1371967.9,155.82133560180665,0,19,3,2024,1,UBL.KA
2024-03-20 00:00:00+05:00,153.62994155007493,154.68389436576825,152.48249281549485,153.0094757080078,4451128,0.0,0.0,0.0,-0.0066217430688796375,0.011292067673033047,1496318.2,155.91513748168944,0,20,3,2024,2,UBL.KA
2024-03-21 00:00:00+05:00,153.82541512189218,153.8424179155056,151.4030422899044,151.93850708007812,405499,0.0,0.0,0.0,-0.006999361464210541,0.010817969694265104,1482180.3,155.8352020263672,0,21,3,2024,3,UBL.KA
2024-03-22 00:00:00+05:00,152.14248940378712,152.14248940378712,148.47917232061005,149.71160888671875,631379,0.0,0.0,0.0,-0.014656575453816378,0.010546226829318677,1477617.45,155.52249298095703,0,22,3,2024,4,UBL.KA
2024-03-26 00:00:00+05:00,151.2500596296314,152.44000889542838,150.01762282915087,151.81103515625,757753,0.0,0.0,0.0,0.014023136115782542,0.010853690627427243,1454134.55,155.24123611450196,0,26,3,2024,1,UBL.KA
2024-03-27 00:00:00+05:00,151.81951570948445,155.54233643667965,151.81951570948445,154.27589416503906,2484510,0.0,0.0,0.0,0.016236362569111762,0.011273297718484933,1529361.6,155.1786315917969,0,27,3,2024,2,UBL.KA
2024-03-28 00:00:00+05:00,154.69238241503186,156.23080458263766,153.01796383156434,154.51388549804688,8739676,0.0,0.0,0.0,0.001542634604685622,0.011281047102984849,1906125.7,155.1279266357422,0,28,3,2024,3,UBL.KA
2024-03-29 00:00:00+05:00,154.6328835983604,155.49134965018632,153.5364432658819,154.9303741455078,4231135,0.0,0.0,0.0,0.0026954771483382878,0.010153159727581181,2076144.15,154.93490142822264,0,29,3,2024,4,UBL.KA
2024-04-01 00:00:00+05:00,154.6923683576121,155.6358223317532,154.26738932366263,154.61587524414062,557715,0.0,0.0,0.0,-0.0020299370159128083,0.010124284063614597,2074826.1,154.7092170715332,0,1,4,2024,0,UBL.KA
2024-04-02 00:00:00+05:00,153.85091725750826,154.86236951266045,153.42593819025655,154.07191467285156,297945,0.0,0.0,0.0,-0.003518141784795037,0.009934211885147632,2052670.25,154.40016403198243,0,2,4,2024,1,UBL.KA
2024-04-03 00:00:00+05:00,154.68388543681633,154.69238034919474,153.84242221540794,153.867919921875,240902,0.0,0.0,0.0,-0.0013240229499952294,0.009712314357103532,2024378.65,154.02473983764648,0,3,4,2024,2,UBL.KA
2024-04-04 00:00:00+05:00,154.26739663458383,154.52238666090398,152.99245947231455,154.11441040039062,304230,0.0,0.0,0.0,0.0016019614656568315,0.009728957249007983,1900301.65,153.65585861206054,0,4,4,2024,3,UBL.KA
2024-04-08 00:00:00+05:00,154.69238267172628,158.49169662434215,154.69238267172628,157.896728515625,471334,0.0,0.0,0.0,0.024542274180642032,0.009742491204040441,1876886.35,153.68985748291016,0,8,4,2024,0,UBL.KA
2024-04-09 00:00:00+05:00,158.9421653022216,164.20340803624913,157.32725009383535,160.39559936523438,2029359,0.0,0.0,0.0,0.015825982419655382,0.00992353702337842,1870747.75,153.93889465332032,0,9,4,2024,1,UBL.KA
2024-04-15 00:00:00+05:00,159.1716582292973,164.46689360116756,159.1716582292973,164.16940307617188,820119,0.0,0.0,0.0,0.0235281000593055,0.010936618176595112,1899669.7,154.4123207092285,0,15,4,2024,0,UBL.KA
2024-04-16 00:00:00+05:00,163.676429931135,166.52378165213102,163.19194761138493,163.97390747070312,1398950,0.0,0.0,0.0,-0.0011908163263408822,0.010924273331087775,1963816.1,154.8895706176758,0,16,4,2024,1,UBL.KA
2024-04-17 00:00:00+05:00,164.4668935405293,168.80168506964017,162.90297373784804,165.88632202148438,3439247,0.0,0.0,0.0,0.011662919913785208,0.010828499375679493,2084856.25,155.51471405029298,0,17,4,2024,2,UBL.KA
2024-04-18 00:00:00+05:00,166.16682176113213,166.5067998404296,162.9029855102796,165.5718536376953,1789956,0.0,0.0,0.0,-0.001895686033405064,0.010736892270532455,2130307.55,156.1585578918457,0,18,4,2024,3,UBL.KA
2024-04-19 00:00:00+05:00,164.9003603800616,168.8271754799472,164.9003603800616,167.87521362304688,1439054,0.0,0.0,0.0,0.013911543144233818,0.010597647942670234,2190189.15,156.97324142456054,0,19,4,2024,4,UBL.KA
2024-04-22 00:00:00+05:00,168.29170332967644,174.0204255766257,168.29170332967644,172.24400329589844,1888627,0.0,0.0,0.0,0.02602403046027635,0.011571755892438583,2270494.9,157.9451675415039,0,22,4,2024,0,UBL.KA
2024-04-23 00:00:00+05:00,172.54149730546644,175.43985758959192,172.54149730546644,174.24990844726562,1072960,0.0,0.0,0.0,0.011645718358747281,0.011632263917314777,1872573.9,158.95619201660156,0,23,4,2024,1,UBL.KA
2024-04-24 00:00:00+05:00,174.66637600009912,177.5732309202775,174.24139698306726,174.8108673095703,1697458,0.0,0.0,0.0,0.0032192778022288593,0.011261343148795802,1734890.4,160.0462615966797,0,24,4,2024,2,UBL.KA
2024-04-25 00:00:00+05:00,176.05010515357455,180.89922261598926,173.8051408279798,179.93838500976562,2590036,11.0,0.0,0.0,0.02933180173012384,0.01184327008020642,1844117.25,161.44625549316407,0,25,4,2024,3,UBL.KA
2024-04-26 00:00:00+05:00,179.9383801316321,182.51559472285055,177.91791229337176,180.01919555664062,1100319,0.0,0.0,0.0,0.00044910121245456125,0.010712516781803022,1867564.25,162.96163482666014,0,26,4,2024,4,UBL.KA
2024-04-29 00:00:00+05:00,179.96534236429534,180.4951507121919,177.35220032665623,178.609375,1250468,0.0,0.0,0.0,-0.007831501258970142,0.011305138665173754,1892200.0,164.30155181884766,0,29,4,2024,0,UBL.KA
2024-04-30 00:00:00+05:00,179.59714274142573,180.40532440289232,173.4010467977164,173.89492797851562,1281960,0.0,0.0,0.0,-0.026395294320269436,0.013517077139224598,1832072.5,165.2825035095215,0,30,4,2024,1,UBL.KA
2024-05-02 00:00:00+05:00,174.20922981531584,174.20922981531584,171.7397690833977,172.45816040039062,600297,0.0,0.0,0.0,-0.008262274206769948,0.013864027774485421,1425103.55,166.17971725463866,0,2,5,2024,3,UBL.KA
2024-05-03 00:00:00+05:00,174.14636053094048,174.7031209834005,171.96426185313757,174.4067840576172,284099,0.0,0.0,0.0,0.011299109608397195,0.013902602351370452,1227751.75,167.15353775024414,0,3,5,2024,4,UBL.KA
2024-05-06 00:00:00+05:00,175.87051643793285,177.765266938123,175.42152355828753,176.79544067382812,295231,0.0,0.0,0.0,0.013695892789479025,0.013867440353597433,1214627.55,168.26251602172852,0,6,5,2024,0,UBL.KA
2024-05-07 00:00:00+05:00,177.44199759536272,177.71138237063806,175.56519688049818,176.39134216308594,169181,0.0,0.0,0.0,-0.002285684004078581,0.013821764602571679,1208189.35,169.37848739624025,0,7,5,2024,1,UBL.KA
2024-05-08 00:00:00+05:00,176.86727300039755,176.9031864001514,173.9398307910845,175.0802764892578,538672,0.0,0.0,0.0,-0.007432709892393419,0.014077670206446949,1223077.85,170.43910522460936,0,8,5,2024,2,UBL.KA
2024-05-09 00:00:00+05:00,175.20600581345263,175.91540854960041,173.7602481617972,174.5325164794922,183071,0.0,0.0,0.0,-0.0031286220284170163,0.014204741251986914,1217019.9,171.46001052856445,0,9,5,2024,3,UBL.KA
2024-05-10 00:00:00+05:00,175.11619567871094,176.00520650147593,173.3112492591064,175.11619567871094,251080,0.0,0.0,0.0,0.0033442433020056672,0.01355052665090599,1206007.2,172.32098388671875,0,10,5,2024,4,UBL.KA
2024-05-13 00:00:00+05:00,175.10722935782098,176.90320094097814,174.6582364620317,176.265625,367453,0.0,0.0,0.0,0.006563809342900129,0.013327417527344308,1122911.9,173.11448516845704,0,13,5,2024,0,UBL.KA
2024-05-14 00:00:00+05:00,176.88523635407907,179.59715726539574,176.18480853691807,179.3277587890625,962731,0.0,0.0,0.0,0.017372268637532162,0.012937831740067353,1130042.5,173.87240295410157,0,14,5,2024,1,UBL.KA
2024-05-15 00:00:00+05:00,179.59714333387072,185.61364489512044,178.69915761720137,184.688720703125,2962612,0.0,0.0,0.0,0.029894768942985817,0.014038019058013686,1208225.6,174.90814361572265,0,15,5,2024,2,UBL.KA
2024-05-16 00:00:00+05:00,184.1768805058076,193.06693383891556,184.0960513756639,192.6538543701172,2740285,0.0,0.0,0.0,0.043127342247367695,0.01628270417448956,1173277.5,176.24652023315429,0,16,5,2024,3,UBL.KA
2024-05-17 00:00:00+05:00,193.06693040200238,194.45881101277735,186.96062474652737,192.1060791015625,5154062,0.0,0.0,0.0,-0.002843313311045037,0.016313239398199727,1341482.8,177.57323150634767,0,17,5,2024,4,UBL.KA
2024-05-20 00:00:00+05:00,192.9681676049805,192.9681676049805,190.1484927470429,190.60646057128906,2456232,0.0,0.0,0.0,-0.00780620028937562,0.01659041198291192,1392341.7,178.70979385375978,0,20,5,2024,0,UBL.KA
2024-05-21 00:00:00+05:00,192.40243533643005,193.96493558363719,187.7688389555859,193.52491760253906,2974726,0.0,0.0,0.0,0.015311427653096121,0.01609231524692138,1446646.65,179.7738395690918,0,21,5,2024,1,UBL.KA
2024-05-22 00:00:00+05:00,194.62944579438854,195.5364065129397,193.29144202943866,194.79107666015625,716766,0.0,0.0,0.0,0.006542615149009556,0.01603784151443694,1428836.95,180.80089797973633,0,22,5,2024,2,UBL.KA
2024-05-23 00:00:00+05:00,193.98288216490832,196.07519057014022,190.4717546551862,192.2228240966797,1104945,0.0,0.0,0.0,-0.013184652025704846,0.016582058954776262,1399211.3,181.6714958190918,0,23,5,2024,3,UBL.KA
2024-05-24 00:00:00+05:00,192.9771429363994,199.44265165804862,192.2677401833668,199.09243774414062,2645450,0.0,0.0,0.0,0.03573776256666483,0.01713181732316634,1401982.0,182.62919845581055,0,24,5,2024,4,UBL.KA
2024-05-27 00:00:00+05:00,199.1283419290169,199.1283419290169,194.86290957653515,198.68832397460938,2971497,0.0,0.0,0.0,-0.00202977960443973,0.017176969327014412,1495540.9,183.562654876709,0,27,5,2024,0,UBL.KA
2024-05-28 00:00:00+05:00,198.68832397460938,198.68832397460938,198.68832397460938,198.68832397460938,0,0.0,0.0,0.0,0.0,0.016954863112844946,1433017.5,184.56660232543945,0,28,5,2024,1,UBL.KA
2024-05-29 00:00:00+05:00,201.13085777331708,201.13085777331708,196.65889227865827,198.706298828125,1671387,0.0,0.0,0.0,9.046758841213531e-05,0.015286781659982457,1452488.85,185.80717086791992,0,29,5,2024,2,UBL.KA
2024-05-30 00:00:00+05:00,200.16102070560532,200.23286121076774,195.76987088109536,198.75119018554688,1091586,0.0,0.0,0.0,0.00022591813992112186,0.014960943293655606,1477053.3,187.12182235717773,0,30,5,2024,3,UBL.KA
2024-05-31 00:00:00+05:00,197.56583053288423,200.96920403681364,195.76985911826065,200.54714965820312,661174,0.0,0.0,0.0,0.00903621996416537,0.014937046083602723,1495907.05,188.42884063720703,0,31,5,2024,4,UBL.KA
2024-06-03 00:00:00+05:00,200.2508183426657,200.2508183426657,196.56907135863463,198.96670532226562,1168893,0.0,0.0,0.0,-0.007880662171619424,0.015213098079832496,1539590.15,189.53740386962892,0,3,6,2024,0,UBL.KA
2024-06-04 00:00:00+05:00,200.25083551662462,200.25083551662462,197.79034946583428,198.706298828125,499092,0.0,0.0,0.0,-0.001308794321737583,0.01518652952647063,1556085.7,190.65315170288085,0,4,6,2024,1,UBL.KA
2024-06-05 00:00:00+05:00,199.3528438299497,199.3528438299497,196.7486905400684,197.5478973388672,803153,0.0,0.0,0.0,-0.005829717004893764,0.01511551539262207,1569309.75,191.77653274536132,0,5,6,2024,2,UBL.KA
2024-06-06 00:00:00+05:00,196.829510168657,199.34387315515116,196.20092284757746,196.28173828125,853358,0.0,0.0,0.0,-0.006409377546779282,0.015238941473389292,1602824.1,192.8639938354492,0,6,6,2024,3,UBL.KA
2024-06-07 00:00:00+05:00,198.79610336717639,198.79610336717639,184.98507719934452,194.7731170654297,1049677,0.0,0.0,0.0,-0.007685998855678666,0.015536715869555589,1642753.95,193.84683990478516,0,7,6,2024,4,UBL.KA
2024-06-10 00:00:00+05:00,195.31191154666317,195.75192952155163,190.84892102342283,193.8481903076172,649465,0.0,0.0,0.0,-0.004748739311399852,0.01569896146108745,1656854.55,194.72596817016603,0,10,6,2024,0,UBL.KA
2024-06-11 00:00:00+05:00,194.86290784936804,197.09889730079132,194.86290784936804,196.26376342773438,403020,0.0,0.0,0.0,0.012461158993973154,0.015530796823964629,1628869.0,195.5727684020996,0,11,6,2024,1,UBL.KA
2024-06-12 00:00:00+05:00,194.054727091904,198.00585893212855,194.054727091904,196.69479370117188,638418,0.0,0.0,0.0,0.002196178580852637,0.014349839380722654,1512659.3,196.17307205200194,0,12,6,2024,2,UBL.KA
2024-06-13 00:00:00+05:00,195.80579909113985,210.0388652663431,195.80579909113985,208.72781372070312,1922283,0.0,0.0,0.0,0.06117609822358783,0.017261729978609586,1471759.2,196.97677001953124,0,13,6,2024,3,UBL.KA
2024-06-14 00:00:00+05:00,210.57766033977194,215.78598047880266,207.434710185447,215.34596252441406,1657876,0.0,0.0,0.0,0.03170707672225537,0.018226648826139016,1296949.9,198.13876419067384,0,14,6,2024,4,UBL.KA
2024-06-20 00:00:00+05:00,215.51657735846487,233.64691162109375,215.51657735846487,233.64691162109375,3194262,0.0,0.0,0.0,0.0849839434282631,0.025080518512676658,1333851.4,200.29078674316406,0,20,6,2024,3,UBL.KA
2024-06-21 00:00:00+05:00,242.4561395245553,253.25890642275323,233.97016367945636,238.54989624023438,2106556,0.0,0.0,0.0,0.02098458988874552,0.025169490109894388,1290442.9,202.54203567504882,0,21,6,2024,4,UBL.KA
2024-06-24 00:00:00+05:00,240.66018545887968,240.66018545887968,229.87538133434512,232.42564392089844,1689230,0.0,0.0,0.0,-0.025672835812799666,0.026454548161641885,1339066.1,204.42376403808595,0,24,6,2024,0,UBL.KA
2024-06-25 00:00:00+05:00,234.73347382533652,234.73347382533652,230.60273381956756,231.30316162109375,1476823,0.0,0.0,0.0,-0.004829425363178541,0.02614675905488418,1357660.0,206.37778091430664,0,25,6,2024,1,UBL.KA
2024-06-26 00:00:00+05:00,232.53342881130206,233.29669480121026,229.8843597972109,230.9170379638672,521014,0.0,0.0,0.0,-0.001669340161718491,0.025509566235431328,1251438.2,207.96901092529296,0,26,6,2024,2,UBL.KA
2024-06-27 00:00:00+05:00,232.57832039327093,236.17026356536778,231.68033460024674,233.65591430664062,516921,0.0,0.0,0.0,0.011860867292096566,0.025418508656510557,1128709.4,209.71739044189454,0,27,6,2024,3,UBL.KA
2024-06-28 00:00:00+05:00,235.26328703806098,235.90087667653123,228.91453466336907,230.09986877441406,1531160,0.0,0.0,0.0,-0.01521915481052083,0.025907406903208648,1205267.4,211.28796768188477,0,28,6,2024,4,UBL.KA
2024-07-01 00:00:00+05:00,230.7374585801409,239.40301593062912,228.986375336416,232.6591339111328,1920439,0.0,0.0,0.0,0.01112241024017191,0.025854847874791958,1217720.0,212.98560943603516,0,1,7,2024,0,UBL.KA
2024-07-02 00:00:00+05:00,233.47630678596997,235.27227837663128,233.03630251565048,234.39224243164062,473267,0.0,0.0,0.0,0.0074491316604392566,0.025787591501762987,1186804.05,214.76766204833984,0,2,7,2024,1,UBL.KA
2024-07-03 00:00:00+05:00,235.90087945105876,236.1523143776369,231.82401626607208,235.02084350585938,715866,0.0,0.0,0.0,0.0026818339536218705,0.025820878442996874,1189538.65,216.49134674072266,0,3,7,2024,2,UBL.KA
2024-07-04 00:00:00+05:00,235.27224801921253,237.51721221786912,233.93425812620458,235.6494140625,569881,0.0,0.0,0.0,0.0026745311065354826,0.02558017812995161,1159588.05,218.3254821777344,0,4,7,2024,3,UBL.KA
2024-07-05 00:00:00+05:00,236.8796597997198,241.9892007183265,233.3864822088753,235.3530731201172,1554094,0.0,0.0,0.0,-0.0012575500922069605,0.025579115244542164,1212338.15,220.15782089233397,0,5,7,2024,4,UBL.KA
2024-07-08 00:00:00+05:00,237.87641162516044,237.87641162516044,235.0208236140685,237.0323028564453,302831,0.0,0.0,0.0,0.007134938643741817,0.02535215429507657,1187322.05,222.13204116821288,0,8,7,2024,0,UBL.KA
2024-07-09 00:00:00+05:00,237.0323191617461,237.0682462662169,233.70079958629907,234.28448486328125,295153,0.0,0.0,0.0,-0.011592588689602445,0.02554850834518966,1159411.8,224.03217849731445,0,9,7,2024,1,UBL.KA
2024-07-10 00:00:00+05:00,233.48529781571887,235.26329216998283,231.68033757913992,233.38650512695312,298774,0.0,0.0,0.0,-0.003832860451054354,0.025428816059819132,1121866.65,225.9628479003906,0,10,7,2024,2,UBL.KA
2024-07-11 00:00:00+05:00,232.58731871182965,233.47631591457304,229.88437259281037,231.7432098388672,332189,0.0,0.0,0.0,-0.007041089574532422,0.025500917997464703,1106002.85,227.85759887695312,0,11,7,2024,3,UBL.KA
2024-07-12 00:00:00+05:00,230.78232896166114,232.5783003932694,227.1903860984446,229.9831085205078,581807,0.0,0.0,0.0,-0.007595050226426037,0.02576166957722113,1114942.2,229.5435661315918,0,12,7,2024,4,UBL.KA
2024-07-15 00:00:00+05:00,232.20114033105207,236.17024935531776,231.7701247151191,233.64691162109375,322315,0.0,0.0,0.0,0.015930748671741046,0.025774490197987655,1099137.05,231.39117202758788,0,15,7,2024,0,UBL.KA
2024-07-16 00:00:00+05:00,233.64691162109375,233.64691162109375,233.64691162109375,233.64691162109375,0,0.0,0.0,0.0,0.0,0.022696569621120738,1003022.9,232.63712692260742,0,16,7,2024,1,UBL.KA
2024-07-17 00:00:00+05:00,233.64691162109375,233.64691162109375,233.64691162109375,233.64691162109375,0,0.0,0.0,0.0,0.0,0.02189150143454163,920129.1,233.55217437744142,0,17,7,2024,2,UBL.KA
2024-07-18 00:00:00+05:00,233.6469247956994,241.46837335014226,233.4763053033219,239.7711944580078,965496,0.0,0.0,0.0,0.02621170035769982,0.012362291211777163,808690.8,233.8583885192871,0,18,7,2024,3,UBL.KA
2024-07-19 00:00:00+05:00,237.97520029131582,240.66016877806754,232.57829743850556,234.5,2256312,0.0,0.0,0.0,-0.02198426908588047,0.012506457510429088,816178.6,233.6558937072754,0,19,7,2024,4,UBL.KA
2024-07-22 00:00:00+05:00,234.37427826214616,234.37427826214616,229.0851427988767,231.46481323242188,775362,0.0,0.0,0.0,-0.012943227153851322,0.011452516222696118,770485.2,233.60785217285155,0,22,7,2024,0,UBL.KA
2024-07-23 00:00:00+05:00,230.7823288066591,236.0265620949111,230.7823288066591,233.1081085205078,454635,0.0,0.0,0.0,0.007099546860437345,0.011506211393335505,719375.8,233.69809951782227,0,23,7,2024,1,UBL.KA
2024-07-24 00:00:00+05:00,231.90482967101065,235.21839941993582,230.55785098947524,231.28521728515625,1303580,0.0,0.0,0.0,-0.007819939198688064,0.011647210458374935,758504.1,233.7165084838867,0,24,7,2024,2,UBL.KA
2024-07-25 00:00:00+05:00,231.4109402797948,233.19792316481838,228.09735694567658,228.76187133789062,969448,0.0,0.0,0.0,-0.010910104748089178,0.01155416321723189,781130.45,233.47180633544923,0,25,7,2024,3,UBL.KA
2024-07-26 00:00:00+05:00,229.83945654902325,233.47630168102822,227.3699956658585,231.10560607910156,302866,0.0,0.0,0.0,0.010245303238270553,0.011304512452461295,719715.75,233.5220932006836,0,26,7,2024,4,UBL.KA
2024-07-29 00:00:00+05:00,232.57830985260804,239.71730754534522,231.05172311191257,238.18173217773438,845098,0.0,0.0,0.0,0.030618582641438907,0.013001956261764811,665948.7,233.79822311401367,0,29,7,2024,0,UBL.KA
2024-07-30 00:00:00+05:00,238.76544488320044,241.42347503734769,236.1792415313381,238.49603271484375,630553,0.0,0.0,0.0,0.0013195828841938706,0.012920213031784443,673813.0,234.00341262817383,0,30,7,2024,1,UBL.KA
2024-07-31 00:00:00+05:00,238.87320577079632,246.9460891522352,232.5783166924688,233.41343688964844,2604068,0.0,0.0,0.0,-0.02131102881393543,0.013832330034454514,768223.1,233.92304229736328,0,31,7,2024,2,UBL.KA
2024-08-01 00:00:00+05:00,235.2632888130883,235.2632888130883,226.38222358287194,227.7292022705078,565213,0.0,0.0,0.0,-0.024352645224224978,0.014816513384928445,767989.7,233.52703170776368,0,1,8,2024,3,UBL.KA
2024-08-02 00:00:00+05:00,228.88758288000562,233.43140219769532,228.26797053203998,230.46803283691406,883004,0.0,0.0,0.0,0.012026698987655182,0.01512736211399219,734435.2,233.28277969360352,0,2,8,2024,4,UBL.KA
2024-08-05 00:00:00+05:00,230.73745235377638,232.39870408888808,226.2924118731002,227.01080322265625,1083166,0.0,0.0,0.0,-0.015000907378353245,0.015314112550089224,773451.95,232.78170471191407,0,5,8,2024,0,UBL.KA
2024-08-06 00:00:00+05:00,227.10058049351363,229.16595036617898,226.79526864074927,227.2532501220703,1239836,0.0,0.0,0.0,0.0010679971876768057,0.015159639179385051,820686.1,232.4301429748535,0,6,8,2024,1,UBL.KA
2024-08-07 00:00:00+05:00,228.537374281619,229.88435291196254,224.9454312673696,225.5201416015625,875447,0.0,0.0,0.0,-0.007626331062710268,0.015215132045761129,849519.75,232.03682479858398,0,7,8,2024,2,UBL.KA
2024-08-08 00:00:00+05:00,224.03283991629743,224.03283991629743,219.46992102290062,223.7115020751953,1351562,5.5,0.0,0.0,-0.008019858064662766,0.015235104090446063,900488.4,231.6352394104004,0,8,8,2024,3,UBL.KA
2024-08-09 00:00:00+05:00,224.01447773483622,231.81826077068092,218.96497106458375,231.23068237304688,1004368,0.0,0.0,0.0,0.03361105811771892,0.017065414356998616,921616.45,231.69761810302734,0,9,8,2024,4,UBL.KA
2024-08-12 00:00:00+05:00,230.45947295011996,233.19538336790814,228.164242798861,229.48629760742188,414977,0.0,0.0,0.0,-0.007543915659128486,0.016745887234807685,926249.55,231.48958740234374,0,12,8,2024,0,UBL.KA
2024-08-13 00:00:00+05:00,228.20097595929178,230.44112298190632,225.89656977270337,229.51385498046875,138454,0.0,0.0,0.0,0.00012008286914810817,0.01674619770385958,933172.25,231.2829345703125,0,13,8,2024,1,UBL.KA
2024-08-15 00:00:00+05:00,229.52302331610466,231.3592075026335,227.73274653603377,228.8987274169922,356504,0.0,0.0,0.0,-0.0026801325938641263,0.016750522377590345,950997.45,231.04552536010743,0,15,8,2024,3,UBL.KA
2024-08-16 00:00:00+05:00,230.34929856419376,230.34929856419376,224.92338498769115,225.38243103027344,245638,0.0,0.0,0.0,-0.01536179963252049,0.01576010035996809,915004.55,230.3260871887207,0,16,8,2024,4,UBL.KA
2024-08-19 00:00:00+05:00,225.85064854203873,227.68683267652685,224.0144644075506,225.44668579101562,475391,0.0,0.0,0.0,0.000285092145152932,0.015119858622421605,825958.5,229.8734214782715,0,19,8,2024,0,UBL.KA
2024-08-20 00:00:00+05:00,225.85064182213745,234.11347018148393,224.0603651460736,230.49618530273438,840446,0.0,0.0,0.0,0.022397754458007624,0.015805826431488,829212.7,229.82499008178712,0,20,8,2024,1,UBL.KA
2024-08-21 00:00:00+05:00,230.44111457576304,234.1043070578672,229.9820685307914,232.8189697265625,595200,0.0,0.0,0.0,0.010077322628039953,0.015890928815217156,836240.95,229.81053314208984,0,21,8,2024,2,UBL.KA
2024-08-22 00:00:00+05:00,234.1134632968669,234.1134632968669,231.35918725808025,232.57107543945312,510945,0.0,0.0,0.0,-0.0010647512417073512,0.015786135455887428,796609.2,229.87482604980468,0,22,8,2024,3,UBL.KA
2024-08-23 00:00:00+05:00,232.56189510958794,237.7858411192417,231.58871977733094,236.4454345703125,1111470,0.0,0.0,0.0,0.016658817626132638,0.015949837465130505,803710.3,230.25900421142578,0,23,8,2024,4,UBL.KA
2024-08-26 00:00:00+05:00,235.94966822813925,236.28016793346285,232.2772998510476,233.13111877441406,483077,0.0,0.0,0.0,-0.014017254348435482,0.01619240304417208,812720.85,230.36027984619142,0,26,8,2024,0,UBL.KA
2024-08-27 00:00:00+05:00,233.13110836529555,233.65442755997265,231.91005826232825,232.35073852539062,149117,0.0,0.0,0.0,-0.0033473877409672115,0.014574245795833204,777921.8,230.06873016357423,0,27,8,2024,1,UBL.KA
2024-08-28 00:00:00+05:00,233.19539006048512,233.19539006048512,231.3592058867805,232.2772979736328,115297,0.0,0.0,0.0,-0.0003160762570582065,0.014564314686201191,752159.0,229.75779342651367,0,28,8,2024,2,UBL.KA
2024-08-29 00:00:00+05:00,232.28647512288688,234.02166861617783,230.44111506144208,231.3592071533203,830315,0.0,0.0,0.0,-0.003952563717254498,0.01380124495558395,663471.35,229.65508193969725,0,29,8,2024,3,UBL.KA
2024-08-30 00:00:00+05:00,235.03156389268307,235.03156389268307,230.45027953763844,232.4976348876953,459865,0.0,0.0,0.0,0.004920607000613364,0.012623980139657957,658203.95,229.89350357055665,0,30,8,2024,4,UBL.KA
2024-09-02 00:00:00+05:00,233.19539785417217,234.11348997170828,230.44112150156383,230.9185333251953,244392,0.0,0.0,0.0,-0.006791903768237351,0.012467972082173134,626273.35,229.9160285949707,0,2,9,2024,0,UBL.KA
2024-09-03 00:00:00+05:00,230.91851839393746,233.1862068983402,229.66991263446462,231.43264770507812,256823,0.0,0.0,0.0,0.0022263885556506047,0.011948931332313704,584956.2,230.1371208190918,0,3,9,2024,1,UBL.KA
2024-09-04 00:00:00+05:00,232.73634354369918,232.73634354369918,230.44111333123666,232.249755859375,417734,0.0,0.0,0.0,0.0035306520596789515,0.011962001675689464,543851.1,230.38694610595704,0,4,9,2024,2,UBL.KA
2024-09-05 00:00:00+05:00,232.378290121124,242.35796069390736,230.90016129166136,239.6587677001953,1327601,0.0,0.0,0.0,0.03190105330102644,0.013589401015046253,566458.8,231.09387741088867,0,5,9,2024,3,UBL.KA
2024-09-06 00:00:00+05:00,239.62204472475892,240.5309469631439,236.88612010465857,238.66722106933594,422637,0.0,0.0,0.0,-0.004137326751591064,0.013448718771539159,520012.55,231.8416633605957,0,6,9,2024,4,UBL.KA
2024-09-09 00:00:00+05:00,238.7039308566573,240.5309250540099,233.19537860611905,234.1593780517578,435258,0.0,0.0,0.0,-0.018887566534612432,0.012300882989062314,491557.05,231.98809814453125,0,9,9,2024,0,UBL.KA
2024-09-10 00:00:00+05:00,235.92212648306864,239.16299045371977,233.2045677212584,238.6855926513672,525791,0.0,0.0,0.0,0.019329631968056038,0.012810087419749662,497097.75,232.44806289672852,0,10,9,2024,1,UBL.KA
2024-09-11 00:00:00+05:00,238.703951982385,240.26471979867983,236.05984218524688,238.3826141357422,1135491,0.0,0.0,0.0,-0.0012693623953563549,0.012824832651075264,546949.6,232.8915008544922,0,11,9,2024,2,UBL.KA
2024-09-12 00:00:00+05:00,236.08738629419318,245.58045558311105,235.99557147734365,244.1023406982422,1633395,0.0,0.0,0.0,0.02399389143053443,0.013674088584284682,610794.15,233.65168151855468,0,12,9,2024,3,UBL.KA
2024-09-13 00:00:00+05:00,247.42580124832017,247.8848472617679,239.7229956940538,242.26612854003906,953442,0.0,0.0,0.0,-0.0075223045913886954,0.013215386841314444,646184.35,234.49586639404296,0,13,9,2024,4,UBL.KA
2024-09-16 00:00:00+05:00,242.37630056546047,244.20329477443474,238.7039323750747,240.85226440429688,218485,0.0,0.0,0.0,-0.005835995911861569,0.013368643163904981,633339.05,235.26614532470703,0,16,9,2024,0,UBL.KA
2024-09-17 00:00:00+05:00,240.85226440429688,240.85226440429688,240.85226440429688,240.85226440429688,0,0.0,0.0,0.0,0.0,0.01260955335775175,591316.75,235.78394927978516,0,17,9,2024,1,UBL.KA
2024-09-18 00:00:00+05:00,241.45823555159146,247.88488060429543,238.86004709389582,246.12213134765625,1053653,0.0,0.0,0.0,0.021880080539800728,0.013253675646307595,614239.4,236.44910736083983,0,18,9,2024,2,UBL.KA
2024-09-19 00:00:00+05:00,242.46812820381282,254.31151064090068,242.46812820381282,248.5,1256457,0.0,0.0,0.0,0.009661336180227131,0.013303214308864959,651515.0,237.24555358886718,0,19,9,2024,3,UBL.KA
2024-09-20 00:00:00+05:00,247.88487346111197,259.81088118521984,247.42582739914695,255.7529296875,3085746,0.0,0.0,0.0,0.029186839788732488,0.01422344439263644,750228.8,238.21092834472657,0,20,9,2024,4,UBL.KA
2024-09-23 00:00:00+05:00,255.22960640639266,266.24671171889884,255.21125465066632,264.4564208984375,1119977,0.0,0.0,0.0,0.034030856348633565,0.015048981541995228,782073.8,239.77719345092774,0,23,9,2024,0,UBL.KA
2024-09-24 00:00:00+05:00,264.4105125451964,273.5914331196824,262.62022182599316,271.0115966796875,1072648,0.0,0.0,0.0,0.024787357247670894,0.015397846284495283,828250.35,241.7102363586426,0,24,9,2024,1,UBL.KA
2024-09-25 00:00:00+05:00,271.2962114559661,274.4636403603465,267.1647970683118,273.34356689453125,932622,0.0,0.0,0.0,0.008604687930014787,0.01527798787124977,869116.6,243.7635498046875,0,25,9,2024,2,UBL.KA
2024-09-26 00:00:00+05:00,272.67335884638317,276.3457273156948,267.2106995411031,269.6620178222656,408343,0.0,0.0,0.0,-0.013468577710066043,0.015817732016357364,848018.0,245.67869033813477,0,26,9,2024,3,UBL.KA
2024-09-27 00:00:00+05:00,270.69944088673407,270.69944088673407,263.51076459547386,265.0164489746094,766485,0.0,0.0,0.0,-0.017227375531685518,0.01677666781621987,863349.0,247.30463104248048,0,27,9,2024,4,UBL.KA
2024-09-30 00:00:00+05:00,265.7876658598669,268.63375700461563,262.70288981870925,267.5504150390625,297166,0.0,0.0,0.0,0.009561542592006811,0.016480407452375664,865987.7,249.13622512817383,0,30,9,2024,0,UBL.KA
2024-10-01 00:00:00+05:00,266.2650523865013,270.73618430804396,264.6859329034171,265.7968444824219,309206,0.0,0.0,0.0,-0.0065541687026895445,0.016743624358081802,868606.85,250.85443496704102,0,1,10,2024,1,UBL.KA
2024-10-02 00:00:00+05:00,265.7968537799094,272.67335466756714,265.3286178415047,271.15850830078125,284874,0.0,0.0,0.0,0.020172037139116528,0.016970011915372805,861963.85,252.79987258911132,0,2,10,2024,2,UBL.KA
2024-10-03 00:00:00+05:00,269.9190705391312,274.9685769607816,269.0927932737232,271.34210205078125,940403,0.0,0.0,0.0,0.0006770716919430875,0.016058549562666453,842603.95,254.38403930664063,0,3,10,2024,3,UBL.KA
2024-10-04 00:00:00+05:00,271.7552477463609,273.5914318527552,269.91906363996657,271.18603515625,717652,0.0,0.0,0.0,-0.0005751665272425432,0.015955544994736028,857354.7,256.00998001098634,0,4,10,2024,4,UBL.KA
2024-10-07 00:00:00+05:00,271.2870274866437,275.41844196441195,269.8181025311286,274.1882019042969,507155,0.0,0.0,0.0,0.01107050643783003,0.014809071602144275,860949.55,258.0114212036133,0,7,10,2024,0,UBL.KA
2024-10-08 00:00:00+05:00,274.05047540429786,277.67695018885297,271.42474560448204,273.022216796875,712118,0.0,0.0,0.0,-0.004252499193341808,0.014800438613656791,870265.9,259.7282524108887,0,8,10,2024,1,UBL.KA
2024-10-09 00:00:00+05:00,273.022216796875,273.022216796875,273.022216796875,273.022216796875,0,0.0,0.0,0.0,0.0,0.014766488783840931,813491.35,261.4602325439453,0,9,10,2024,2,UBL.KA
2024-10-10 00:00:00+05:00,274.5095356543359,275.4276277468253,272.67335146935704,273.4537353515625,454785,0.0,0.0,0.0,0.0015805254229861454,0.01424289016877828,754560.85,262.9278022766113,0,10,10,2024,3,UBL.KA
2024-10-11 00:00:00+05:00,273.453751582641,275.4276440950659,272.6733676541152,275.2532043457031,966487,0.0,0.0,0.0,0.006580524459931514,0.013894024193491523,755213.1,264.57715606689453,0,11,10,2024,4,UBL.KA
2024-10-14 00:00:00+05:00,275.25318546666705,276.3457172880789,273.38026977025424,274.5462646484375,1283927,0.0,0.0,0.0,-0.0025683250407423364,0.01375996757632981,808485.2,266.26185607910156,0,14,10,2024,0,UBL.KA
2024-10-15 00:00:00+05:00,274.601341660597,276.3273592219945,273.31601837592206,275.0695495605469,382107,0.0,0.0,0.0,0.0019059990227128232,0.013717968975741521,827590.55,267.97272033691405,0,15,10,2024,1,UBL.KA
2024-10-16 00:00:00+05:00,275.41843310630026,276.336525182943,269.00097845631075,269.85479736328125,226678,0.0,0.0,0.0,-0.01895794065754186,0.014371536070587408,786241.8,269.1593536376953,0,16,10,2024,2,UBL.KA
2024-10-17 00:00:00+05:00,270.7820942408457,270.7820942408457,265.33781465079613,268.3399658203125,340633,0.0,0.0,0.0,-0.005613506069819696,0.014499902365930238,740450.6,270.15135192871094,0,17,10,2024,3,UBL.KA
2024-10-18 00:00:00+05:00,269.0009932726219,270.8371775270425,267.6697484809876,268.3399658203125,222654,0.0,0.0,0.0,0.0,0.013239957572175498,597296.0,270.78070373535155,0,18,10,2024,4,UBL.KA
2024-10-21 00:00:00+05:00,269.0101801753884,273.5914508736024,266.7516533945832,271.8929748535156,403252,0.0,0.0,0.0,0.013240700178005937,0.011308303624778387,561459.75,271.1525314331055,0,21,10,2024,0,UBL.KA
2024-10-22 00:00:00+05:00,272.6733401097322,273.59143216397365,270.4790866514808,270.9565124511719,303310,0.0,0.0,0.0,-0.0034442316975945575,0.009918201418454283,522992.85,271.1497772216797,0,22,10,2024,1,UBL.KA
2024-10-23 00:00:00+05:00,271.7552622785288,275.38173728976244,269.460032022798,269.9007263183594,2471709,0.0,0.0,0.0,-0.003896515065319739,0.009742167386496392,599947.2,270.9776351928711,0,23,10,2024,2,UBL.KA
2024-10-24 00:00:00+05:00,271.7552790779108,285.52666146361577,267.16481828267587,284.2872314453125,9883837,0.0,0.0,0.0,0.05330295076710412,0.015076564044309699,1073721.9,271.7088958740234,0,24,10,2024,3,UBL.KA
2024-10-25 00:00:00+05:00,286.30702998722825,294.7075671866219,284.14950792604196,290.0987548828125,1051763,0.0,0.0,0.0,0.020442435659013825,0.014799930433985904,1087985.8,272.96301116943357,0,25,10,2024,4,UBL.KA
2024-10-28 00:00:00+05:00,297.46186288011984,298.600288204411,289.25411664439906,290.0620422363281,1407476,0.0,0.0,0.0,-0.00012655223735513754,0.014788691074960964,1143501.3,274.0885925292969,0,28,10,2024,0,UBL.KA
2024-10-29 00:00:00+05:00,290.1171068643358,296.4060434236871,287.3077472481613,292.8438415527344,417220,0.0,0.0,0.0,0.009590359686359129,0.014613285892775772,1148902.0,275.4409423828125,0,29,10,2024,1,UBL.KA
2024-10-30 00:00:00+05:00,292.87138680771005,295.62566317267283,288.28092619943874,289.575439453125,513819,0.0,0.0,0.0,-0.011160904331398824,0.01457571838651145,1160349.25,276.3617889404297,0,30,10,2024,2,UBL.KA
2024-10-31 00:00:00+05:00,291.0352030306247,291.9532951537497,282.7723739224997,286.3713073730469,1028949,0.0,0.0,0.0,-0.01106493038957057,0.014923075917483377,1164776.55,277.11324920654295,0,31,10,2024,3,UBL.KA
2024-11-01 00:00:00+05:00,285.38155993902956,309.2870663932035,279.9285805902226,305.08074951171875,1120698,11.0,0.0,0.0,0.06533280973676492,0.02040727557380051,1184928.85,278.80798492431643,0,1,11,2024,4,UBL.KA
2024-11-04 00:00:00+05:00,307.39329844650865,309.7153329841554,295.1169573586383,305.60418701171875,572900,0.0,0.0,0.0,0.001715734279654768,0.0203945106016599,1188216.1,280.3787841796875,0,4,11,2024,0,UBL.KA
2024-11-05 00:00:00+05:00,307.0792195172476,307.0792195172476,295.0122728743064,303.46295166015625,2001385,0.0,0.0,0.0,-0.007006564185196851,0.02047389446734164,1252679.45,281.90082092285155,0,5,11,2024,1,UBL.KA
2024-11-06 00:00:00+05:00,304.5288047838778,304.5288047838778,297.2010688019137,298.0099792480469,259501,0.0,0.0,0.0,-0.017969153671898885,0.021111942826607867,1265654.5,283.1502090454102,0,6,11,2024,2,UBL.KA
2024-11-07 00:00:00+05:00,298.8188904955529,302.62550056555995,295.9068361153679,299.94183349609375,480633,0.0,0.0,0.0,0.006482515293351643,0.021103567645085867,1266946.9,284.47461395263673,0,7,11,2024,3,UBL.KA
2024-11-08 00:00:00+05:00,300.24639607805784,300.72222237929094,296.9156119694265,297.89581298828125,315988,0.0,0.0,0.0,-0.006821390947585715,0.02125757978396653,1234421.95,285.60674438476565,0,8,11,2024,4,UBL.KA
2024-11-11 00:00:00+05:00,298.10514355344674,298.7713119156693,296.9631489445307,298.2669372558594,373913,0.0,0.0,0.0,0.0012458190125441693,0.021211012518995206,1188921.25,286.7927780151367,0,11,11,2024,0,UBL.KA
2024-11-12 00:00:00+05:00,297.86722760742964,300.722185060536,295.58326745337035,299.0567932128906,337062,0.0,0.0,0.0,0.002648151230901341,0.021207142454991848,1186669.0,287.9921401977539,0,12,11,2024,1,UBL.KA
2024-11-13 00:00:00+05:00,297.8672331703345,301.6643173603982,296.01149917430644,300.43670654296875,413367,0.0,0.0,0.0,0.0046142183070083664,0.02048353257829527,1196003.45,289.52123565673827,0,13,11,2024,2,UBL.KA
2024-11-14 00:00:00+05:00,300.72218450483194,310.2387093309342,299.29470578091656,307.6977844238281,1080157,0.0,0.0,0.0,0.024168411258432165,0.02070859928024562,1232979.65,291.48912658691404,0,14,11,2024,3,UBL.KA
2024-11-15 00:00:00+05:00,310.2387097334058,324.51349699107783,310.2387097334058,314.5877685546875,1241097,0.0,0.0,0.0,0.022392049860745722,0.020910867709215568,1283901.8,293.8015167236328,0,15,11,2024,4,UBL.KA
2024-11-18 00:00:00+05:00,314.9969775976309,319.75524009910566,309.28706259586113,310.6479187011719,628557,0.0,0.0,0.0,-0.012523849454212699,0.02137151673563997,1295167.05,295.7392639160156,0,18,11,2024,0,UBL.KA
2024-11-19 00:00:00+05:00,312.6178514740874,317.8329177164018,309.28706766842737,316.3197937011719,1085615,0.0,0.0,0.0,0.018258210206957948,0.02136982562272011,1334282.3,298.00742797851564,0,19,11,2024,1,UBL.KA
2024-11-20 00:00:00+05:00,312.14205211951145,320.6973996813779,312.14205211951145,316.9288635253906,230743,0.0,0.0,0.0,0.0019254875488257106,0.021238763421333153,1222234.0,300.3588348388672,0,20,11,2024,2,UBL.KA
2024-11-21 00:00:00+05:00,316.90026999131726,318.3277486849719,313.0936601415717,317.62353515625,353620,0.0,0.0,0.0,0.002191885027864382,0.018423683648089828,745723.15,302.02565002441406,0,21,11,2024,3,UBL.KA
2024-11-22 00:00:00+05:00,318.61327278704374,338.7883191391492,315.4823567030872,319.536376953125,3465164,0.0,0.0,0.0,0.006022355352017561,0.018096322005834414,866393.2,303.4975311279297,0,22,11,2024,4,UBL.KA
2024-11-25 00:00:00+05:00,319.7552539899208,334.96267206044183,317.89951991687695,329.2908020019531,1632164,0.0,0.0,0.0,0.030526806186636612,0.018919047768205292,877627.6,305.45896911621094,0,25,11,2024,0,UBL.KA
2024-11-26 00:00:00+05:00,329.27176659586826,362.21797165880656,322.6197248821095,326.41680908203125,5798098,0.0,0.0,0.0,-0.008727826293504659,0.019204270473580837,1146671.5,307.13761749267576,0,26,11,2024,1,UBL.KA
2024-11-27 00:00:00+05:00,332.0220825603298,339.73997104353236,326.42636074345995,330.9562072753906,2656424,0.0,0.0,0.0,0.013906753779394432,0.01886699245105205,1253801.75,309.20665588378904,0,27,11,2024,2,UBL.KA
2024-11-28 00:00:00+05:00,331.18459068592585,333.55419608072134,315.5394215050176,319.2984313964844,2157257,0.0,0.0,0.0,-0.03522452706017909,0.02075446498305726,1310217.15,310.85301208496094,0,28,11,2024,3,UBL.KA
2024-11-29 00:00:00+05:00,320.70692220818336,324.7228972918821,318.80361703187367,323.0384826660156,665818,0.0,0.0,0.0,0.011713340567236052,0.015417060085818463,1287473.15,311.75089874267576,0,29,11,2024,4,UBL.KA
2024-12-02 00:00:00+05:00,324.5135014680741,328.21544362152434,323.56184897110023,325.8172607421875,972333,0.0,0.0,0.0,0.008602003245058665,0.015464235497761394,1307444.8,312.76155242919924,0,2,12,2024,0,UBL.KA
2024-12-03 00:00:00+05:00,326.407288226334,331.1655508217423,325.8172683112442,329.00531005859375,1354798,0.0,0.0,0.0,0.00978477723722837,0.015329238495060451,1275115.45,314.0386703491211,0,3,12,2024,1,UBL.KA
2024-12-04 00:00:00+05:00,331.19410063540226,334.9531397185142,327.8442942092439,329.72857666015625,959830,0.0,0.0,0.0,0.002198343246902823,0.014434070477302862,1310131.9,315.6246002197266,0,4,12,2024,2,UBL.KA
2024-12-05 00:00:00+05:00,331.17509635423886,345.4498849901974,328.32013862704713,342.6805725097656,2581424,0.0,0.0,0.0,0.039280780515905,0.016329817364783793,1415171.45,317.7615371704102,0,5,12,2024,3,UBL.KA
2024-12-06 00:00:00+05:00,346.4015309631605,360.676319327027,341.16744189640946,357.012451171875,14056879,0.0,0.0,0.0,0.04182285140106967,0.017753363113241893,2102216.0,320.71736907958984,0,6,12,2024,4,UBL.KA
2024-12-09 00:00:00+05:00,348.40949283903376,353.06308763787956,331.1750795093857,349.5419616699219,3266009,0.0,0.0,0.0,-0.020925011095359936,0.018931952313443932,2246820.8,323.28112030029297,0,9,12,2024,0,UBL.KA
2024-12-10 00:00:00+05:00,352.1114212989572,352.1114212989572,339.2641126839953,340.2633361816406,2957087,0.0,0.0,0.0,-0.02654509760130952,0.020442239767443398,2377822.05,325.3414474487305,0,10,12,2024,1,UBL.KA
2024-12-11 00:00:00+05:00,340.2158015512584,346.8773696935208,340.2158015512584,345.8115234375,814630,0.0,0.0,0.0,0.016305568851818997,0.02054715922241098,2397885.2,327.61018829345704,0,11,12,2024,2,UBL.KA
2024-12-12 00:00:00+05:00,349.25648333954985,349.25648333954985,341.73843405701564,344.1556396484375,1409947,0.0,0.0,0.0,-0.004788399682585376,0.020311701083817305,2414374.7,329.4330810546875,0,12,12,2024,3,UBL.KA
2024-12-13 00:00:00+05:00,343.54656753083754,345.35470155152103,317.9471199692373,329.2908020019531,4946717,0.0,0.0,0.0,-0.043192195431314584,0.022652874794919387,2599655.7,330.1682327270508,0,13,12,2024,4,UBL.KA
2024-12-16 00:00:00+05:00,329.2717783347106,329.2717783347106,314.04533771807655,324.8846740722656,2146066,0.0,0.0,0.0,-0.013380658988650929,0.022683633124833083,2675531.15,330.8800704956055,0,16,12,2024,0,UBL.KA
2024-12-17 00:00:00+05:00,323.66654506500197,343.78449454775705,321.1827457712609,339.59722900390625,1810833,0.0,0.0,0.0,0.04528546929353783,0.02441182795700378,2711792.05,332.0439422607422,0,17,12,2024,1,UBL.KA
2024-12-18 00:00:00+05:00,335.4670474799048,342.594915738879,329.2813059457306,332.7358093261719,1080769,0.0,0.0,0.0,-0.020204580873230404,0.024997642818718486,2754293.35,332.83428955078125,0,18,12,2024,2,UBL.KA
2024-12-19 00:00:00+05:00,331.1750797973795,331.63188346606006,309.33464265940705,317.6996765136719,2345091,0.0,0.0,0.0,-0.045189403698236985,0.027199787677635756,2853866.9,332.83809661865234,0,19,12,2024,3,UBL.KA
2024-12-20 00:00:00+05:00,315.9581545902322,332.973705870827,315.9581545902322,329.44305419921875,712715,0.0,0.0,0.0,0.03696376972874105,0.028392386780476318,2716244.45,333.333430480957,0,20,12,2024,4,UBL.KA
2024-12-23 00:00:00+05:00,333.07839916728716,344.96453046123196,331.17509402918836,338.2744140625,2835857,0.0,0.0,0.0,0.02680693901635811,0.02820663767347621,2776429.1,333.78261108398436,0,23,12,2024,0,UBL.KA
2024-12-24 00:00:00+05:00,338.8358512937593,350.2081099595696,331.17506050524514,347.46734619140625,2507585,0.0,0.0,0.0,0.027175960541927724,0.02864550574929106,2611903.45,334.83513793945315,0,24,12,2024,1,UBL.KA
2024-12-26 00:00:00+05:00,345.55452887165745,357.33599158898585,333.07837840918154,356.7459716796875,2931860,0.0,0.0,0.0,0.026703589819257578,0.029030061977507616,2625675.25,336.12462615966797,0,26,12,2024,3,UBL.KA
2024-12-27 00:00:00+05:00,357.8213438996187,359.2392968465904,353.063081347762,355.3565673828125,347805,0.0,0.0,0.0,-0.0038946600863724035,0.02760322666478614,2535202.65,337.9275329589844,0,27,12,2024,4,UBL.KA
2024-12-30 00:00:00+05:00,357.8213586271711,365.43457902349394,350.2081382308483,360.0386962890625,1997964,0.0,0.0,0.0,0.01317586147551375,0.027621853542362566,2601809.95,339.77754364013674,0,30,12,2024,0,UBL.KA
2024-12-31 00:00:00+05:00,361.6279570165477,364.48291457194154,356.86969442422475,363.7501525878906,1806809,0.0,0.0,0.0,0.01030849277336654,0.027633600022384523,2643533.75,341.6741882324219,0,31,12,2024,1,UBL.KA
2025-01-01 00:00:00+05:00,363.7501525878906,363.7501525878906,363.7501525878906,363.7501525878906,0,0.0,0.0,0.0,0.0,0.027647529234860396,2575793.85,343.4114303588867,0,1,1,2025,2,UBL.KA
2025-01-02 00:00:00+05:00,369.5837594790181,371.1444835552164,365.5297394842174,369.0032653808594,1523011,0.0,0.0,0.0,0.014441541139146308,0.02770849076799777,2603952.9,345.3751647949219,0,2,1,2025,3,UBL.KA
2025-01-03 00:00:00+05:00,370.0881537296803,371.0493030036026,361.637474904302,369.3839111328125,891133,0.0,0.0,0.0,0.0010315511749205974,0.026588432952644146,2519438.35,346.71033172607423,0,3,1,2025,4,UBL.KA
2025-01-06 00:00:00+05:00,369.3934377449829,371.14447485926337,363.82626481366805,366.7859191894531,544509,0.0,0.0,0.0,-0.0070333110486375805,0.025144907021037118,1843819.85,347.1990051269531,0,6,1,2025,0,UBL.KA
2025-01-07 00:00:00+05:00,366.3862297248397,369.621842568529,359.72466191166086,364.4543762207031,460187,0.0,0.0,0.0,-0.006356686139703527,0.024662840733797684,1703528.75,347.9446258544922,0,7,1,2025,1,UBL.KA
2025-01-08 00:00:00+05:00,364.2450347496898,368.2895583230045,352.26373193167956,355.7087097167969,643961,0.0,0.0,0.0,-0.023996601699769804,0.024511645082457033,1587872.45,348.71689453125,0,8,1,2025,2,UBL.KA
2025-01-09 00:00:00+05:00,355.70868102279576,360.66678256562375,351.1597830972055,354.3763732910156,2182493,0.0,0.0,0.0,-0.003745582802406,0.024326972911448867,1656265.6,349.14513702392577,0,9,1,2025,3,UBL.KA
2025-01-10 00:00:00+05:00,354.0052235871018,355.91805451043933,349.1613155816278,352.0638732910156,575123,0.0,0.0,0.0,-0.006525547904123297,0.024353714158335815,1614524.4,349.54054870605466,0,10,1,2025,4,UBL.KA
2025-01-13 00:00:00+05:00,352.11144338511303,359.72466378262897,351.1597908354235,357.7452392578125,1641184,0.0,0.0,0.0,0.01613731597533352,0.02214720002538941,1449247.75,350.96327056884763,0,13,1,2025,0,UBL.KA
2025-01-14 00:00:00+05:00,359.72463869377947,371.144468493582,354.9759020955095,369.51715087890625,2510435,0.0,0.0,0.0,0.03290585122953993,0.02260665152467361,1467466.2,353.1948944091797,0,14,1,2025,1,UBL.KA
2025-01-15 00:00:00+05:00,371.14448450706635,371.14448450706635,363.54079013077506,366.46234130859375,467871,0.0,0.0,0.0,-0.008267030537138953,0.020903134361132666,1400318.1,354.53815002441405,0,15,1,2025,2,UBL.KA
2025-01-16 00:00:00+05:00,368.28000801424866,368.28000801424866,363.6264421847765,365.4821472167969,353645,0.0,0.0,0.0,-0.0026747471194358274,0.02018915600316203,1363961.9,356.1754669189453,0,16,1,2025,3,UBL.KA
2025-01-17 00:00:00+05:00,366.38620415514913,378.47220224672895,364.0070729593364,377.43487548828125,2249881,0.0,0.0,0.0,0.032704000352701934,0.017328768341491465,1359201.4,359.16222686767577,0,17,1,2025,4,UBL.KA
2025-01-20 00:00:00+05:00,378.7577235077364,378.7577235077364,376.84489254528296,377.78704833984375,266871,0.0,0.0,0.0,0.0009330691847353467,0.016073378205859152,1336909.2,361.57942657470704,0,20,1,2025,0,UBL.KA
2025-01-21 00:00:00+05:00,377.9012249249143,377.9012249249143,373.0477912205071,373.409423828125,522587,0.0,0.0,0.0,-0.011587545234692076,0.015873743215767493,1221245.7,363.33617706298827,0,21,1,2025,1,UBL.KA
2025-01-22 00:00:00+05:00,373.4094199093771,375.4173927834779,367.38544320281443,371.3633728027344,2609568,0.0,0.0,0.0,-0.005479377045214617,0.015143093016756811,1226344.85,364.5309783935547,0,22,1,2025,2,UBL.KA
2025-01-23 00:00:00+05:00,374.90350617076786,374.90350617076786,364.54952254002774,367.40447998046875,535365,0.0,0.0,0.0,-0.010660428874251338,0.014408882498580577,1106520.1,365.06390380859375,0,23,1,2025,3,UBL.KA
2025-01-24 00:00:00+05:00,368.2990726090779,371.42998867274446,368.2990726090779,370.05010986328125,355831,0.0,0.0,0.0,0.00720086451573243,0.01440097339293548,1106921.4,365.7985809326172,0,24,1,2025,4,UBL.KA
2025-01-27 00:00:00+05:00,371.14449651096675,371.14449651096675,364.01662816632785,367.347412109375,487346,0.0,0.0,0.0,-0.007303599382539772,0.014301643499636574,1031390.5,366.1640167236328,0,27,1,2025,0,UBL.KA
2025-01-28 00:00:00+05:00,366.8715620892695,373.666345791445,366.4337810318946,369.3268127441406,1647962,0.0,0.0,0.0,0.005388361451628354,0.014176708670930542,1023448.15,366.44284973144534,0,28,1,2025,1,UBL.KA
2025-01-29 00:00:00+05:00,370.95415099649415,373.04779821557685,366.88107925929506,370.1928405761719,1270497,0.0,0.0,0.0,0.0023448820993974273,0.014178956366977222,1086973.0,366.7649841308594,0,29,1,2025,2,UBL.KA
2025-01-30 00:00:00+05:00,370.19281357247576,374.95107595772606,369.43150320768723,372.7242126464844,617513,0.0,0.0,0.0,0.006837982242910545,0.013897967824932524,1041698.1,366.95103149414064,0,30,1,2025,3,UBL.KA
2025-01-31 00:00:00+05:00,375.9027239808832,393.9745950124577,374.00894486747325,390.3773498535156,1267359,0.0,0.0,0.0,0.047362464278044136,0.017396021858573012,1060509.4,368.0007034301758,0,31,1,2025,4,UBL.KA
2025-02-03 00:00:00+05:00,392.09037197296385,397.31493511973923,390.7485384076236,394.003173828125,639052,0.0,0.0,0.0,0.009287997820493166,0.017287546002089784,1065236.55,369.3615661621094,0,3,2,2025,0,UBL.KA
2025-02-04 00:00:00+05:00,394.93580153339747,396.8391066010283,386.37092872905873,391.2909851074219,495419,0.0,0.0,0.0,-0.006883672266777885,0.017304115166456472,1066998.15,370.7033966064453,0,4,2,2025,1,UBL.KA
2025-02-06 00:00:00+05:00,389.2258861630661,393.9746230112804,383.7253356816645,390.4440002441406,1615724,0.0,0.0,0.0,-0.0021645907918086404,0.016112633281854343,1115586.3,372.4401611328125,0,6,2,2025,3,UBL.KA
2025-02-07 00:00:00+05:00,392.0808432387248,393.0324957708576,385.4288013325981,390.9293518066406,1183543,0.0,0.0,0.0,0.001243075990914333,0.01601183265269189,1065638.8,374.26781005859374,0,7,2,2025,4,UBL.KA
2025-02-10 00:00:00+05:00,393.02297984632327,395.8874633336376,387.4177613928586,392.29974365234375,388651,0.0,0.0,0.0,0.003505471869456711,0.015786002126367132,1056315.2,376.2796035766602,0,10,2,2025,0,UBL.KA
2025-02-11 00:00:00+05:00,392.2997490038307,399.69407901035487,392.0808584577767,392.8326721191406,268187,0.0,0.0,0.0,0.0013584726358351062,0.015608812628490362,987665.35,378.0339752197266,0,11,2,2025,1,UBL.KA
2025-02-12 00:00:00+05:00,392.98491624571886,395.88744478897837,389.27344821711824,392.57568359375,130560,0.0,0.0,0.0,-0.0006541933592343341,0.014165811263534486,868671.6,379.18690185546876,0,12,2,2025,2,UBL.KA
2025-02-13 00:00:00+05:00,393.7462336894091,393.7462336894091,387.37015013124204,388.6358642578125,235627,0.0,0.0,0.0,-0.010035821118290489,0.014245968731981348,857059.4,380.2955780029297,0,13,2,2025,3,UBL.KA
2025-02-14 00:00:00+05:00,387.4177548472076,390.1775414048155,386.37093124476854,388.8071594238281,68715,0.0,0.0,0.0,0.0004407600578570925,0.014197185348553104,842812.9,381.4618286132812,0,14,2,2025,4,UBL.KA
2025-02-17 00:00:00+05:00,390.1585224871753,392.9278348897712,388.8071630890819,391.5193786621094,545470,0.0,0.0,0.0,0.006975744074004364,0.012439110781308308,757592.35,382.16605377197266,0,17,2,2025,0,UBL.KA
2025-02-18 00:00:00+05:00,390.17755641769446,394.84064823474785,390.17755641769446,394.51708984375,389904,0.0,0.0,0.0,0.007656609979011408,0.012502141843566638,763744.0,383.00255584716797,0,18,2,2025,1,UBL.KA
2025-02-19 00:00:00+05:00,395.896983286799,399.684541816956,373.21908694758076,376.1787414550781,3036988,0.0,0.0,0.0,-0.046483026618529655,0.01637027441503746,889464.05,383.1410217285156,0,19,2,2025,2,UBL.KA
2025-02-20 00:00:00+05:00,379.41435347647183,382.1360658005092,376.17874064906425,378.0534973144531,447297,0.0,0.0,0.0,0.0049836836928194295,0.016336387196610656,781350.5,383.47552795410155,0,20,2,2025,3,UBL.KA
2025-02-21 00:00:00+05:00,378.05348443903875,378.05348443903875,374.4752617172048,375.9027404785156,103200,0.0,0.0,0.0,-0.005689027746643371,0.0161864396837785,759742.25,383.9004409790039,0,21,2,2025,4,UBL.KA
2025-02-24 00:00:00+05:00,375.90276276705066,385.4097625876011,369.24119481928017,382.3835144042969,470254,0.0,0.0,0.0,0.017240560463941845,0.016532085718650343,765463.4,384.51711120605466,0,24,2,2025,0,UBL.KA
2025-02-25 00:00:00+05:00,382.7546655703475,390.17754381137,378.99562639726366,381.6126708984375,199975,0.0,0.0,0.0,-0.0020158910539337382,0.01642124051581276,751094.85,385.2303741455078,0,25,2,2025,1,UBL.KA
2025-02-26 00:00:00+05:00,383.515950371879,383.515950371879,378.61494589639614,379.7283630371094,302616,0.0,0.0,0.0,-0.004937749726422469,0.016472510237886505,683827.55,385.7504516601563,0,26,2,2025,2,UBL.KA
2025-02-27 00:00:00+05:00,380.6610183525561,386.3614078089037,379.73791422136594,381.6126708984375,343451,0.0,0.0,0.0,0.0049622520852992125,0.01648980752183715,637475.25,386.32144317626955,0,27,2,2025,3,UBL.KA
2025-02-28 00:00:00+05:00,385.4192576419047,385.4192576419047,379.70934271387654,380.1470947265625,199390,0.0,0.0,0.0,-0.003840480894998999,0.01648584804715003,616569.1,386.6925872802734,0,28,2,2025,4,UBL.KA
2025-03-03 00:00:00+05:00,381.61265668688424,381.61265668688424,369.2411740511498,371.972412109375,1064472,0.0,0.0,0.0,-0.02150399866416841,0.013178190188478545,606424.75,385.77234039306643,0,3,3,2025,0,UBL.KA
2025-03-04 00:00:00+05:00,371.972412109375,371.972412109375,371.972412109375,371.972412109375,0,0.0,0.0,0.0,0.0,0.012908197734599556,574472.15,384.6708023071289,0,4,3,2025,1,UBL.KA
2025-03-05 00:00:00+05:00,377.80606214703994,379.70936724601745,371.3348364273687,375.4459533691406,477719,0.0,0.0,0.0,0.009338169032665489,0.013145050245249734,573587.15,383.87855072021483,0,5,3,2025,2,UBL.KA
2025-03-06 00:00:00+05:00,378.757698193505,378.757698193505,374.96061397997124,376.7497253417969,374154,0.0,0.0,0.0,0.00347259561850799,0.01320122336414402,511508.65,383.19383697509767,0,6,3,2025,3,UBL.KA
2025-03-07 00:00:00+05:00,377.8060638667539,378.75771642057447,374.9606320243125,376.35003662109375,945838,0.0,0.0,0.0,-0.0010608865616040797,0.013184238975079983,499623.4,382.4648712158203,0,7,3,2025,4,UBL.KA
2025-03-10 00:00:00+05:00,375.90274827711505,385.27653147928686,375.90274827711505,383.80145263671875,825041,0.0,0.0,0.0,0.01979916378519464,0.014007944824863587,521442.9,382.0399566650391,0,10,3,2025,0,UBL.KA
2025-03-11 00:00:00+05:00,385.4646176303459,385.4646176303459,376.1802129171249,378.8804016113281,1390416,11.0,0.0,0.0,-0.012821866596864018,0.014239266903005914,577554.35,381.34234313964845,0,11,3,2025,1,UBL.KA
2025-03-12 00:00:00+05:00,379.5946127145402,379.5946127145402,376.66939574279314,377.637939453125,323480,0.0,0.0,0.0,-0.0032792990952266177,0.014241134105481893,587200.35,380.5954559326172,0,12,3,2025,2,UBL.KA
2025-03-13 00:00:00+05:00,379.5946031059381,381.0719009349807,376.2193298728488,377.80426025390625,426948,0.0,0.0,0.0,0.00044042397070098716,0.014115925709364947,596766.4,380.0538757324219,0,13,3,2025,3,UBL.KA
2025-03-14 00:00:00+05:00,380.57295813670873,380.57295813670873,377.1487798501317,377.76513671875,489766,0.0,0.0,0.0,-0.00010355503966508195,0.014112884545513439,617818.95,379.501774597168,0,14,3,2025,4,UBL.KA
2025-03-17 00:00:00+05:00,378.61628647851734,380.5729597936518,376.6596131633829,378.7630310058594,97682,0.0,0.0,0.0,0.002641573268981512,0.014011329835575296,595429.55,378.8639572143555,0,17,3,2025,0,UBL.KA
2025-03-18 00:00:00+05:00,380.5729496263831,380.58274254676604,376.64981018027896,377.54010009765625,1001456,0.0,0.0,0.0,-0.003228749397625852,0.013844899056029873,626007.15,378.0151077270508,0,18,3,2025,1,UBL.KA
2025-03-19 00:00:00+05:00,376.8552881154799,381.5512920753598,375.6714792767451,379.14459228515625,671046,0.0,0.0,0.0,0.00424985898738961,0.00913108225277658,507710.05,378.1634002685547,0,19,3,2025,2,UBL.KA
2025-03-20 00:00:00+05:00,381.53173798885666,382.0209063144638,375.19210574066096,376.4737243652344,273795,0.0,0.0,0.0,-0.007044457376601865,0.009211293214654885,499034.95,378.08441162109375,0,20,3,2025,3,UBL.KA
2025-03-21 00:00:00+05:00,376.47370958740015,377.6379325451627,373.39195522833734,374.145263671875,255577,0.0,0.0,0.0,-0.006184922194199194,0.009227586732788964,506653.8,377.99653778076174,0,21,3,2025,4,UBL.KA
2025-03-24 00:00:00+05:00,375.1921092197248,377.6086019648901,371.76793090872343,372.81475830078125,222961,0.0,0.0,0.0,-0.003556119775608324,0.008282954393588067,494289.15,377.5180999755859,0,24,3,2025,0,UBL.KA
2025-03-25 00:00:00+05:00,374.7029440656895,375.43669656712365,368.4807371846318,369.9482421875,430282,0.0,0.0,0.0,-0.007688848280433702,0.008407350683465098,505804.5,376.93487854003905,0,25,3,2025,1,UBL.KA
2025-03-26 00:00:00+05:00,371.7874844520695,393.27177886752014,371.27876014038907,391.3542175292969,1608096,0.0,0.0,0.0,0.05786208150422234,0.015660902589394954,571078.5,377.51617126464845,0,26,3,2025,2,UBL.KA
2025-03-27 00:00:00+05:00,391.3346391321953,405.03135150182214,387.5191323719491,401.9887390136719,554546,0.0,0.0,0.0,0.027173647320100525,0.016665512596828268,581633.25,378.5349746704102,0,27,3,2025,3,UBL.KA
2025-03-28 00:00:00+05:00,401.9887390136719,401.9887390136719,401.9887390136719,401.9887390136719,0,0.0,0.0,0.0,0.0,0.016607807933326342,571663.75,379.62705688476564,0,28,3,2025,4,UBL.KA
2025-03-31 00:00:00+05:00,401.9887390136719,401.9887390136719,401.9887390136719,401.9887390136719,0,0.0,0.0,0.0,0.0,0.015609063847114371,518440.15,381.1278732299805,0,31,3,2025,0,UBL.KA
2025-04-03 00:00:00+05:00,402.0963553462735,442.1886012335066,397.2046721912094,434.95867919921875,1414936,0.0,0.0,0.0,0.08201707407635994,0.023354776570703496,589186.95,384.27718658447264,0,3,4,2025,3,UBL.KA
2025-04-04 00:00:00+05:00,436.33813272013793,478.4555122878705,436.33813272013793,471.7343444824219,5855977,0.0,0.0,0.0,0.0845497906856556,0.02894956553108478,858099.85,389.0916061401367,0,4,4,2025,4,UBL.KA
2025-04-07 00:00:00+05:00,471.55825739398443,471.55825739398443,426.65261188315316,466.59808349609375,3178664,0.0,0.0,0.0,-0.010888036977599214,0.02934400023800106,998325.35,393.5840240478516,0,7,4,2025,0,UBL.KA
2025-04-08 00:00:00+05:00,466.66658621762707,468.6232595351014,448.07818970162094,450.1718444824219,1508984,0.0,0.0,0.0,-0.03520425735698374,0.031035835981178032,1026482.65,397.27511444091795,0,8,4,2025,1,UBL.KA
2025-04-09 00:00:00+05:00,449.0369650737306,449.93701806952123,430.96708600594764,441.2298278808594,671384,0.0,0.0,0.0,-0.019863562573184557,0.031600887185126075,1018799.8,400.146533203125,0,9,4,2025,2,UBL.KA
2025-04-10 00:00:00+05:00,454.92654941915504,460.3074010789515,446.1215194303972,447.99993896484375,1301134,0.0,0.0,0.0,0.015343729404015738,0.03127568700335624,1014335.7,403.6025100708008,0,10,4,2025,3,UBL.KA
2025-04-11 00:00:00+05:00,447.0998365726798,451.94261479761735,422.64142100524657,432.17041015625,1117598,0.0,0.0,0.0,-0.03533377447588437,0.032718635112783494,1054041.6,406.32913360595705,0,11,4,2025,4,UBL.KA
2025-04-14 00:00:00+05:00,435.3500002364279,468.6232380270293,435.3402371726851,462.4010314941406,1413079,0.0,0.0,0.0,0.06995069682572863,0.035527477417880475,1103348.15,410.55897216796876,0,14,4,2025,0,UBL.KA
2025-04-15 00:00:00+05:00,463.7315507922455,471.55824363262093,462.45972514827,464.7685852050781,1131848,0.0,0.0,0.0,0.0051201306867489915,0.035462748142222285,1135452.25,414.90914459228514,0,15,4,2025,1,UBL.KA
2025-04-16 00:00:00+05:00,470.57992678532423,507.75671933801095,439.27315410937746,468.7993469238281,8373095,0.0,0.0,0.0,0.008672620841986278,0.035413578334337004,1549222.9,419.4109603881836,0,16,4,2025,2,UBL.KA
2025-04-17 00:00:00+05:00,468.3982267216865,488.1410829906121,463.73157165400215,484.4723205566406,10968701,0.0,0.0,0.0,0.033432157565183473,0.035570575121660855,2047585.15,424.7575714111328,0,17,4,2025,3,UBL.KA
2025-04-18 00:00:00+05:00,487.2116307407477,532.9194884002446,485.2549575249214,531.0117797851562,3976638,0.0,0.0,0.0,0.09606216341739304,0.040011439576363335,2212864.75,432.35093078613284,0,18,4,2025,4,UBL.KA
2025-04-21 00:00:00+05:00,536.6176332141985,567.4352365801916,536.1284649068017,540.1494140625,2677984,0.0,0.0,0.0,0.017207969060574868,0.039586624987377216,2333074.2,440.5347152709961,0,21,4,2025,0,UBL.KA
2025-04-22 00:00:00+05:00,542.9670684389469,542.9670684389469,510.6917506844346,518.5575561523438,910369,0.0,0.0,0.0,-0.03997386157982186,0.04139475097351223,2365813.8,447.75532989501954,0,22,4,2025,1,UBL.KA
2025-04-23 00:00:00+05:00,518.7141094825896,536.099111339671,504.8217169570761,507.5023498535156,1084032,0.0,0.0,0.0,-0.021319149952913397,0.0420498979533935,2408867.35,454.4897094726563,0,23,4,2025,2,UBL.KA
2025-04-24 00:00:00+05:00,494.06000702682286,517.442276789106,485.7539384429556,500.4387512207031,1395244,0.0,0.0,0.0,-0.013918356505839502,0.04225992651343864,2457115.45,461.0142349243164,0,24,4,2025,3,UBL.KA
2025-04-25 00:00:00+05:00,501.3877391865559,512.1592352352574,491.12499730295934,496.7699890136719,838859,0.0,0.0,0.0,-0.007331091363492859,0.04136953746551213,2418653.6,466.28502349853517,0,25,4,2025,4,UBL.KA
2025-04-28 00:00:00+05:00,250.0,252.4499969482422,238.88499450683594,240.13999938964844,2362200,11.0,0.0,0.0,-0.5165972085663987,0.12518856757471267,2509036.3,458.192586517334,0,28,4,2025,0,UBL.KA
2025-04-29 00:00:00+05:00,475.6000061035156,483.989990234375,468.5,475.1300048828125,2716568,0.0,0.0,0.0,0.9785542020922218,0.2550181400052997,2644864.7,461.849649810791,0,29,4,2025,1,UBL.KA
2025-04-30 00:00:00+05:00,465.04998779296875,484.0,428.010009765625,461.0400085449219,5533339,0.0,0.0,0.0,-0.029655033765686567,0.2553154764017195,2921531.65,464.80221328735354,0,30,4,2025,2,UBL.KA
2025-05-01 00:00:00+05:00,461.0400085449219,461.0400085449219,461.0400085449219,461.0400085449219,0,0.0,0.0,0.0,0.0,0.2551460489916323,2850784.85,466.10627975463865,0,1,5,2025,3,UBL.KA
2025-05-02 00:00:00+05:00,470.0,505.0,470.0,498.05999755859375,2001263,0.0,0.0,0.0,0.08029669514042781,0.2550990293531352,2658049.15,467.4225624084473,0,2,5,2025,4,UBL.KA
2025-05-05 00:00:00+05:00,502.0,510.0,483.0,487.260009765625,1402293,0.0,0.0,0.0,-0.021684110038767357,0.2551986738097063,2569230.6,468.45565872192384,0,5,5,2025,0,UBL.KA
2025-05-06 00:00:00+05:00,487.260009765625,511.8999938964844,487.260009765625,490.6099853515625,1609391,0.0,2.0,0.0,0.006875129333000052,0.2548217153606566,2574250.95,470.47756576538086,0,6,5,2025,1,UBL.KA
2025-05-07 00:00:00+05:00,460.0,487.989990234375,460.0,477.8399963378906,2017389,0.0,0.0,0.0,-0.02602879964728222,0.25488930279143607,2641551.2,472.3080741882324,0,7,5,2025,2,UBL.KA
2025-05-08 00:00:00+05:00,485.0,494.0,430.05999755859375,448.04998779296875,2983445,0.0,0.0,0.0,-0.062343062056816057,0.2557147586554136,2725666.75,472.31057662963866,0,8,5,2025,3,UBL.KA
2025-05-09 00:00:00+05:00,451.0,464.79998779296875,434.010009765625,455.8500061035156,2542931,0.0,0.0,0.0,0.01740881268397909,0.25531952365703947,2796933.4,473.49455642700195,0,9,5,2025,4,UBL.KA
2025-05-12 00:00:00+05:00,501.44000244140625,501.44000244140625,501.44000244140625,501.44000244140625,378056,0.0,0.0,0.0,0.10001095914768499,0.25566316057976113,2745182.25,475.4465049743652,0,12,5,2025,0,UBL.KA
2025-05-13 00:00:00+05:00,520.0,520.0,492.5,495.260009765625,2054083,0.0,0.0,0.0,-0.012324490758001239,0.25578309859590687,2791294.0,476.97107620239257,0,13,5,2025,1,UBL.KA
2025-05-14 00:00:00+05:00,493.989990234375,510.9800109863281,490.05999755859375,499.8299865722656,2205841,0.0,0.0,0.0,0.009227429464380377,0.2557807661479583,2482931.3,478.52260818481443,0,14,5,2025,2,UBL.KA
2025-05-15 00:00:00+05:00,501.8900146484375,519.8900146484375,500.25,515.4600219726562,1753578,0.0,0.0,0.0,0.031270703679821876,0.25577942722082797,2022175.15,480.0719932556152,0,15,5,2025,3,UBL.KA
2025-05-16 00:00:00+05:00,518.0,535.5,511.0,518.7899780273438,1468869,0.0,0.0,0.0,0.0064601635679597535,0.25533258998226266,1896786.7,479.4609031677246,0,16,5,2025,4,UBL.KA
